#VRML V2.0 utf8
# 3D model generated by easyeda2kicad.py (https://github.com/uPesy/easyeda2kicad.py)

Shape{
    appearance Appearance {
        material  Material 	{
            diffuseColor 0.25098039215686274 0.25098039215686274 0.25098039215686274
            specularColor 0.12549019607843137 0.12549019607843137 0.12549019607843137
            ambientIntensity 0.251
            transparency 0.0
            shininess 0.5
        }
    }
    geometry IndexedFaceSet {
        ccw TRUE
        solid FALSE
        coord DEF co Coordinate {
            point [
                -0.1575 -0.1575 0.1378, 0.1575 -0.1575 0.1378, -0.1575 0.1575 0.1378, 0.1575 0.1575 0.1378, -0.1575 -0.1575 0.0591, -0.1575 0.1575 0.0591, 0.1575 -0.1575 0.0591, 0.1575 0.1575 0.0591, 0.1053 -0.1087 0.0591, 0.1098 -0.104 0.0591, 0.1134 -0.0987 0.0591, -0.118 0.0708 0.0591, -0.1162 0.0646 0.0591, -0.1134 0.0587 0.0591, -0.1097 0.0534 0.0591, -0.1187 -0.0803 0.0591, -0.118 -0.0867 0.0591, -0.1162 -0.0929 0.0591, 0.1162 -0.0929 0.0591, 0.118 -0.0867 0.0591, 0.1188 -0.0803 0.0591, -0.1076 -0.051 0.0591, -0.1117 -0.056 0.0591, 0.1188 -0.0787 0.0591, 0.1185 -0.0739 0.0591, 0.1172 -0.0676 0.0591, 0.1149 -0.0615 0.0591, 0.1188 0.0788 0.0591, 0.1185 0.0836 0.0591, 0.1172 0.0899 0.0591, 0.1149 0.0959 0.0591, -0.1149 -0.0615 0.0591, -0.1172 -0.0676 0.0591, -0.1185 -0.0739 0.0591, 0.1117 0.1015 0.0591, 0.1076 0.1065 0.0591, 0.1028 0.1108 0.0591, -0.1134 -0.0987 0.0591, -0.1097 -0.104 0.0591, -0.1053 -0.1087 0.0591, -0.1001 -0.1126 0.0591, -0.0944 -0.1156 0.0591, -0.0883 -0.1176 0.0591, 0.0441 -0.0987 0.0591, 0.0477 -0.104 0.0591, -0.063 0.0419 0.0591, 0.0387 0.0772 0.0591, 0.0395 0.0708 0.0591, 0.0413 0.0646 0.0591, 0.0441 0.0587 0.0591, 0.0477 0.0534 0.0591, 0.0387 -0.0803 0.0591, -0.0522 -0.1087 0.0591, -0.0477 -0.104 0.0591, 0.1134 0.0587 0.0591, 0.1162 0.0646 0.0591, 0.118 0.0708 0.0591, 0.1188 0.0772 0.0591, -0.1076 0.1065 0.0591, -0.1117 0.1015 0.0591, -0.1149 0.0959 0.0591, -0.1172 0.0899 0.0591, -0.1185 0.0836 0.0591, -0.1187 0.0772 0.0591, 0.1098 0.0534 0.0591, 0.1117 -0.056 0.0591, 0.1076 -0.051 0.0591, 0.0974 0.1142 0.0591, 0.0914 0.1168 0.0591, 0.0852 0.1183 0.0591, 0.0499 0.1065 0.0591, 0.0547 0.1108 0.0591, 0.0601 0.1142 0.0591, -0.0573 0.0449 0.0591, -0.0522 0.0488 0.0591, -0.0477 0.0534 0.0591, 0.0522 -0.1087 0.0591, 0.0574 -0.1126 0.0591, 0.0631 -0.1156 0.0591, 0.1028 -0.0467 0.0591, 0.0974 -0.0432 0.0591, 0.1053 0.0488 0.0591, 0.1002 0.0449 0.0591, -0.0851 -0.0392 0.0591, -0.0914 -0.0407 0.0591, -0.0819 0.0388 0.0591, 0.0788 0.1188 0.0591, 0.0723 0.1183 0.0591, 0.0661 0.1168 0.0591, 0.0574 0.0449 0.0591, 0.0601 -0.0432 0.0591, 0.0522 0.0488 0.0591, 0.0547 -0.0467 0.0591, 0.0499 -0.051 0.0591, 0.0883 0.0399 0.0591, 0.0914 -0.0407 0.0591, 0.0852 -0.0392 0.0591, 0.0426 -0.0615 0.0591, 0.0403 -0.0676 0.0591, -0.0425 -0.0615 0.0591, 0.039 -0.0739 0.0591, -0.0402 -0.0676 0.0591, -0.044 -0.0987 0.0591, -0.0413 -0.0929 0.0591, -0.0395 -0.0867 0.0591, -0.1053 0.0488 0.0591, -0.1001 0.0449 0.0591, -0.0944 0.0419 0.0591, 0.0458 0.1015 0.0591, 0.0426 0.0959 0.0591, -0.0425 0.0959 0.0591, -0.0498 0.1065 0.0591, -0.0547 0.1108 0.0591, -0.0819 -0.1186 0.0591, -0.0755 -0.1186 0.0591, -0.0691 -0.1176 0.0591, 0.0692 -0.1176 0.0591, 0.0755 -0.1186 0.0591, 0.082 -0.1186 0.0591, 0.0883 -0.1176 0.0591, 0.0945 -0.1156 0.0591, 0.1002 -0.1126 0.0591, 0.082 0.0388 0.0591, 0.0945 0.0419 0.0591, -0.0458 -0.056 0.0591, -0.0498 -0.051 0.0591, -0.0691 0.0399 0.0591, -0.0547 -0.0467 0.0591, -0.0601 -0.0432 0.0591, 0.0458 -0.056 0.0591, -0.0458 0.1015 0.0591, 0.0413 -0.0929 0.0591, 0.0395 -0.0867 0.0591, -0.063 -0.1156 0.0591, -0.0573 -0.1126 0.0591, 0.0631 0.0419 0.0591, 0.0692 0.0399 0.0591, 0.0661 -0.0407 0.0591, 0.0755 0.0388 0.0591, 0.0723 -0.0392 0.0591, 0.0403 0.0899 0.0591, 0.039 0.0836 0.0591, -0.0402 0.0899 0.0591, -0.044 0.0587 0.0591, -0.0413 0.0646 0.0591, -0.0395 0.0708 0.0591, -0.0914 0.1168 0.0591, -0.0851 0.1183 0.0591, -0.0787 0.1188 0.0591, -0.0973 0.1142 0.0591, -0.1028 0.1108 0.0591, -0.0883 0.0399 0.0591, -0.0973 -0.0432 0.0591, -0.1028 -0.0467 0.0591, -0.0601 0.1142 0.0591, -0.066 0.1168 0.0591, -0.0723 0.1183 0.0591, 0.0788 -0.0387 0.0591, -0.066 -0.0407 0.0591, -0.0723 -0.0392 0.0591, -0.0755 0.0388 0.0591, -0.0387 -0.0803 0.0591, -0.0387 -0.0787 0.0591, -0.039 -0.0739 0.0591, -0.0787 -0.0387 0.0591, -0.0387 0.0772 0.0591, -0.0387 0.0788 0.0591, -0.039 0.0836 0.0591
            ]
        }
        coordIndex [
            0,1,2,-1,2,1,3,-1,4,0,5,-1,5,0,2,-1,6,1,4,-1,4,1,0,-1,7,3,6,-1,6,3,1,-1,5,2,7,-1,7,2,3,-1,8,9,6,-1,6,9,10,-1,11,4,5,-1,11,12,4,-1,4,12,13,-1,4,13,14,-1,15,16,4,-1,4,16,17,-1,10,18,6,-1,6,18,19,-1,6,19,20,-1,14,21,22,-1,20,23,6,-1,6,23,24,-1,6,24,7,-1,7,24,25,-1,7,25,26,-1,27,28,7,-1,7,28,29,-1,7,29,30,-1,22,31,14,-1,14,31,32,-1,14,32,4,-1,4,32,33,-1,4,33,15,-1,30,34,7,-1,7,34,35,-1,7,35,36,-1,17,37,4,-1,4,37,38,-1,4,38,39,-1,39,40,4,-1,4,40,41,-1,4,41,42,-1,43,44,4,-1,45,46,47,-1,47,48,45,-1,45,48,49,-1,45,49,50,-1,51,52,53,-1,54,55,26,-1,26,55,56,-1,26,56,7,-1,7,56,57,-1,7,57,27,-1,58,59,5,-1,5,59,60,-1,5,60,61,-1,61,62,5,-1,5,62,63,-1,5,63,11,-1,54,26,64,-1,64,26,65,-1,64,65,66,-1,36,67,7,-1,7,67,68,-1,7,68,69,-1,70,5,71,-1,71,5,72,-1,45,73,46,-1,46,73,74,-1,46,74,75,-1,44,76,4,-1,4,76,77,-1,4,77,78,-1,66,79,64,-1,64,79,80,-1,64,80,81,-1,81,80,82,-1,83,84,85,-1,69,86,7,-1,7,86,87,-1,7,87,5,-1,5,87,88,-1,5,88,72,-1,89,90,91,-1,91,90,50,-1,50,90,45,-1,45,90,92,-1,45,92,93,-1,94,95,96,-1,97,98,99,-1,99,98,100,-1,99,100,101,-1,53,102,51,-1,51,102,103,-1,51,103,104,-1,14,105,21,-1,21,105,106,-1,21,106,107,-1,108,109,110,-1,111,112,70,-1,42,113,4,-1,4,113,114,-1,4,114,115,-1,78,116,4,-1,4,116,117,-1,4,117,6,-1,6,117,118,-1,6,118,119,-1,119,120,6,-1,6,120,121,-1,6,121,8,-1,94,96,122,-1,95,94,80,-1,80,94,123,-1,80,123,82,-1,124,125,126,-1,126,125,127,-1,126,127,128,-1,126,45,124,-1,124,45,93,-1,124,93,99,-1,99,93,129,-1,99,129,97,-1,108,110,70,-1,70,110,130,-1,70,130,111,-1,43,4,131,-1,131,4,115,-1,131,115,132,-1,132,115,133,-1,132,133,51,-1,51,133,134,-1,51,134,52,-1,89,135,90,-1,90,135,136,-1,90,136,137,-1,137,136,138,-1,137,138,139,-1,109,140,110,-1,110,140,141,-1,110,141,142,-1,75,143,46,-1,46,143,144,-1,46,144,145,-1,146,5,147,-1,147,5,148,-1,146,149,5,-1,5,149,150,-1,5,150,58,-1,85,84,151,-1,151,84,152,-1,151,152,107,-1,107,152,153,-1,107,153,21,-1,112,154,70,-1,70,154,155,-1,70,155,5,-1,5,155,156,-1,5,156,148,-1,122,96,138,-1,138,96,157,-1,138,157,139,-1,128,158,126,-1,126,158,159,-1,126,159,160,-1,104,161,51,-1,51,161,162,-1,51,162,100,-1,100,162,163,-1,100,163,101,-1,160,159,85,-1,85,159,164,-1,85,164,83,-1,145,165,46,-1,46,165,166,-1,46,166,141,-1,141,166,167,-1,141,167,142,-1,
        ]
    }
}
Shape{
    appearance Appearance {
        material  Material 	{
            diffuseColor 1.0 1.0 1.0
            specularColor 0.5019607843137255 0.5019607843137255 0.5019607843137255
            ambientIntensity 1.0
            transparency 0.0
            shininess 0.5
        }
    }
    geometry IndexedFaceSet {
        ccw TRUE
        solid FALSE
        coord DEF co Coordinate {
            point [
                -0.0809 0.0854 0.0006, -0.0798 0.0857 0.0006, -0.0787 0.0788 0.0, -0.082 0.0849 0.0006, -0.0829 0.0843 0.0006, -0.0837 0.0836 0.0006, -0.0845 0.0827 0.0006, -0.085 0.0818 0.0006, -0.0854 0.0807 0.0006, -0.0856 0.0796 0.0006, -0.0857 0.0785 0.0006, -0.0856 0.0774 0.0006, -0.0852 0.0763 0.0006, -0.0848 0.0753 0.0006, -0.0841 0.0744 0.0006, -0.0833 0.0736 0.0006, -0.0824 0.0729 0.0006, -0.0815 0.0724 0.0006, -0.0804 0.072 0.0006, -0.0793 0.0718 0.0006, -0.0782 0.0718 0.0006, -0.0771 0.072 0.0006, -0.076 0.0724 0.0006, -0.075 0.0729 0.0006, -0.0741 0.0736 0.0006, -0.0733 0.0744 0.0006, -0.0727 0.0753 0.0006, -0.0722 0.0763 0.0006, -0.0719 0.0774 0.0006, -0.0718 0.0785 0.0006, -0.0718 0.0796 0.0006, -0.072 0.0807 0.0006, -0.0724 0.0818 0.0006, -0.073 0.0827 0.0006, -0.0737 0.0836 0.0006, -0.0745 0.0843 0.0006, -0.0755 0.0849 0.0006, -0.0765 0.0854 0.0006, -0.0776 0.0857 0.0006, -0.0787 0.0857 0.0006, -0.039 0.0836 0.0591, -0.0387 0.0788 0.0591, -0.0366 0.0771 0.0524, -0.0369 0.0838 0.0524, -0.0383 0.0905 0.0524, -0.0402 0.0899 0.0591, -0.0407 0.0968 0.0524, -0.0425 0.0959 0.0591, -0.0441 0.1027 0.0524, -0.0458 0.1015 0.0591, -0.0484 0.1079 0.0524, -0.0498 0.1065 0.0591, -0.0534 0.1124 0.0524, -0.0547 0.1108 0.0591, -0.0592 0.1161 0.0524, -0.0601 0.1142 0.0591, -0.0654 0.1187 0.0524, -0.066 0.1168 0.0591, -0.072 0.1203 0.0524, -0.0723 0.1183 0.0591, -0.0787 0.1209 0.0524, -0.0787 0.1188 0.0591, -0.0855 0.1203 0.0524, -0.0851 0.1183 0.0591, -0.0921 0.1187 0.0524, -0.0914 0.1168 0.0591, -0.0983 0.1161 0.0524, -0.0973 0.1142 0.0591, -0.104 0.1124 0.0524, -0.1028 0.1108 0.0591, -0.1091 0.1079 0.0524, -0.1076 0.1065 0.0591, -0.1134 0.1027 0.0524, -0.1117 0.1015 0.0591, -0.1168 0.0968 0.0524, -0.1149 0.0959 0.0591, -0.1192 0.0905 0.0524, -0.1172 0.0899 0.0591, -0.1205 0.0838 0.0524, -0.1185 0.0836 0.0591, -0.1208 0.0771 0.0524, -0.1187 0.0772 0.0591, -0.12 0.0703 0.0524, -0.118 0.0708 0.0591, -0.1181 0.0638 0.0524, -0.1162 0.0646 0.0591, -0.1152 0.0577 0.0524, -0.1134 0.0587 0.0591, -0.1113 0.0521 0.0524, -0.1097 0.0534 0.0591, -0.1066 0.0473 0.0524, -0.1053 0.0488 0.0591, -0.1012 0.0432 0.0524, -0.1001 0.0449 0.0591, -0.0952 0.04 0.0524, -0.0944 0.0419 0.0591, -0.0888 0.0379 0.0524, -0.0883 0.0399 0.0591, -0.0821 0.0368 0.0524, -0.0819 0.0388 0.0591, -0.0753 0.0368 0.0524, -0.0755 0.0388 0.0591, -0.0686 0.0379 0.0524, -0.0691 0.0399 0.0591, -0.0622 0.04 0.0524, -0.063 0.0419 0.0591, -0.0562 0.0432 0.0524, -0.0573 0.0449 0.0591, -0.0508 0.0473 0.0524, -0.0522 0.0488 0.0591, -0.0461 0.0521 0.0524, -0.0477 0.0534 0.0591, -0.0423 0.0577 0.0524, -0.044 0.0587 0.0591, -0.0394 0.0638 0.0524, -0.0413 0.0646 0.0591, -0.0375 0.0703 0.0524, -0.0395 0.0708 0.0591, -0.0387 0.0772 0.0591, -0.0856 0.1213 0.0454, -0.0924 0.1196 0.0454, -0.0987 0.1169 0.0454, -0.1046 0.1132 0.0454, -0.1098 0.1086 0.0454, -0.1141 0.1032 0.0454, -0.1176 0.0972 0.0454, -0.1201 0.0907 0.0454, -0.1215 0.084 0.0454, -0.1217 0.077 0.0454, -0.1209 0.0702 0.0454, -0.119 0.0635 0.0454, -0.116 0.0572 0.0454, -0.1121 0.0515 0.0454, -0.1073 0.0465 0.0454, -0.1017 0.0424 0.0454, -0.0956 0.0392 0.0454, -0.089 0.037 0.0454, -0.0822 0.0359 0.0454, -0.0753 0.0359 0.0454, -0.0684 0.037 0.0454, -0.0618 0.0392 0.0454, -0.0557 0.0424 0.0454, -0.0502 0.0465 0.0454, -0.0454 0.0515 0.0454, -0.0414 0.0572 0.0454, -0.0385 0.0635 0.0454, -0.0365 0.0702 0.0454, -0.0357 0.077 0.0454, -0.036 0.084 0.0454, -0.0374 0.0907 0.0454, -0.0398 0.0972 0.0454, -0.0433 0.1032 0.0454, -0.0477 0.1086 0.0454, -0.0529 0.1132 0.0454, -0.0587 0.1169 0.0454, -0.0651 0.1196 0.0454, -0.0718 0.1213 0.0454, -0.0787 0.1218 0.0454, -0.0856 0.1211 0.0384, -0.0923 0.1194 0.0384, -0.0986 0.1167 0.0384, -0.1045 0.113 0.0384, -0.1096 0.1085 0.0384, -0.114 0.1031 0.0384, -0.1174 0.0971 0.0384, -0.1199 0.0907 0.0384, -0.1213 0.0839 0.0384, -0.1215 0.077 0.0384, -0.1207 0.0702 0.0384, -0.1188 0.0636 0.0384, -0.1158 0.0573 0.0384, -0.1119 0.0517 0.0384, -0.1071 0.0467 0.0384, -0.1016 0.0425 0.0384, -0.0955 0.0393 0.0384, -0.089 0.0372 0.0384, -0.0822 0.0361 0.0384, -0.0753 0.0361 0.0384, -0.0685 0.0372 0.0384, -0.0619 0.0393 0.0384, -0.0558 0.0425 0.0384, -0.0503 0.0467 0.0384, -0.0455 0.0517 0.0384, -0.0416 0.0573 0.0384, -0.0386 0.0636 0.0384, -0.0367 0.0702 0.0384, -0.0359 0.077 0.0384, -0.0362 0.0839 0.0384, -0.0376 0.0907 0.0384, -0.04 0.0971 0.0384, -0.0435 0.1031 0.0384, -0.0478 0.1085 0.0384, -0.053 0.113 0.0384, -0.0588 0.1167 0.0384, -0.0651 0.1194 0.0384, -0.0718 0.1211 0.0384, -0.0787 0.1216 0.0384, -0.0854 0.1198 0.0316, -0.0919 0.1182 0.0316, -0.098 0.1155 0.0316, -0.1037 0.112 0.0316, -0.1087 0.1075 0.0316, -0.1129 0.1024 0.0316, -0.1162 0.0966 0.0316, -0.1186 0.0903 0.0316, -0.12 0.0838 0.0316, -0.1202 0.0771 0.0316, -0.1194 0.0705 0.0316, -0.1176 0.064 0.0316, -0.1147 0.058 0.0316, -0.1109 0.0525 0.0316, -0.1063 0.0477 0.0316, -0.1009 0.0437 0.0316, -0.095 0.0406 0.0316, -0.0887 0.0384 0.0316, -0.0821 0.0374 0.0316, -0.0754 0.0374 0.0316, -0.0688 0.0384 0.0316, -0.0624 0.0406 0.0316, -0.0565 0.0437 0.0316, -0.0512 0.0477 0.0316, -0.0465 0.0525 0.0316, -0.0427 0.058 0.0316, -0.0399 0.064 0.0316, -0.038 0.0705 0.0316, -0.0372 0.0771 0.0316, -0.0375 0.0838 0.0316, -0.0388 0.0903 0.0316, -0.0412 0.0966 0.0316, -0.0445 0.1024 0.0316, -0.0488 0.1075 0.0316, -0.0538 0.112 0.0316, -0.0594 0.1155 0.0316, -0.0656 0.1182 0.0316, -0.0721 0.1198 0.0316, -0.0787 0.1203 0.0316, -0.085 0.1174 0.025, -0.0911 0.1159 0.025, -0.0969 0.1134 0.025, -0.1022 0.11 0.025, -0.1069 0.1059 0.025, -0.1109 0.101 0.025, -0.1141 0.0955 0.025, -0.1163 0.0897 0.025, -0.1176 0.0835 0.025, -0.1178 0.0772 0.025, -0.1171 0.0709 0.025, -0.1153 0.0649 0.025, -0.1126 0.0592 0.025, -0.109 0.054 0.025, -0.1047 0.0495 0.025, -0.0996 0.0457 0.025, -0.0941 0.0428 0.025, -0.0881 0.0408 0.025, -0.0819 0.0398 0.025, -0.0756 0.0398 0.025, -0.0694 0.0408 0.025, -0.0634 0.0428 0.025, -0.0578 0.0457 0.025, -0.0528 0.0495 0.025, -0.0484 0.054 0.025, -0.0448 0.0592 0.025, -0.0421 0.0649 0.025, -0.0404 0.0709 0.025, -0.0396 0.0772 0.025, -0.0399 0.0835 0.025, -0.0411 0.0897 0.025, -0.0434 0.0955 0.025, -0.0465 0.101 0.025, -0.0505 0.1059 0.025, -0.0552 0.11 0.025, -0.0605 0.1134 0.025, -0.0663 0.1159 0.025, -0.0724 0.1174 0.025, -0.0787 0.1179 0.025, -0.0844 0.114 0.0189, -0.09 0.1126 0.0189, -0.0953 0.1104 0.0189, -0.1002 0.1073 0.0189, -0.1045 0.1035 0.0189, -0.1081 0.099 0.0189, -0.111 0.0941 0.0189, -0.113 0.0887 0.0189, -0.1141 0.0831 0.0189, -0.1144 0.0773 0.0189, -0.1137 0.0716 0.0189, -0.1121 0.0661 0.0189, -0.1096 0.0609 0.0189, -0.1064 0.0562 0.0189, -0.1024 0.0521 0.0189, -0.0978 0.0486 0.0189, -0.0927 0.0459 0.0189, -0.0873 0.0441 0.0189, -0.0816 0.0432 0.0189, -0.0758 0.0432 0.0189, -0.0702 0.0441 0.0189, -0.0647 0.0459 0.0189, -0.0597 0.0486 0.0189, -0.0551 0.0521 0.0189, -0.0511 0.0562 0.0189, -0.0478 0.0609 0.0189, -0.0454 0.0661 0.0189, -0.0438 0.0716 0.0189, -0.0431 0.0773 0.0189, -0.0433 0.0831 0.0189, -0.0445 0.0887 0.0189, -0.0465 0.0941 0.0189, -0.0494 0.099 0.0189, -0.053 0.1035 0.0189, -0.0573 0.1073 0.0189, -0.0621 0.1104 0.0189, -0.0674 0.1126 0.0189, -0.073 0.114 0.0189, -0.0787 0.1144 0.0189, -0.0837 0.1097 0.0135, -0.0886 0.1085 0.0135, -0.0933 0.1065 0.0135, -0.0975 0.1038 0.0135, -0.1013 0.1004 0.0135, -0.1045 0.0965 0.0135, -0.107 0.0922 0.0135, -0.1088 0.0875 0.0135, -0.1098 0.0825 0.0135, -0.11 0.0775 0.0135, -0.1094 0.0725 0.0135, -0.108 0.0677 0.0135, -0.1058 0.0631 0.0135, -0.103 0.059 0.0135, -0.0995 0.0553 0.0135, -0.0954 0.0523 0.0135, -0.091 0.05 0.0135, -0.0862 0.0484 0.0135, -0.0812 0.0476 0.0135, -0.0762 0.0476 0.0135, -0.0712 0.0484 0.0135, -0.0665 0.05 0.0135, -0.062 0.0523 0.0135, -0.058 0.0553 0.0135, -0.0545 0.059 0.0135, -0.0516 0.0631 0.0135, -0.0495 0.0677 0.0135, -0.0481 0.0725 0.0135, -0.0475 0.0775 0.0135, -0.0477 0.0825 0.0135, -0.0487 0.0875 0.0135, -0.0504 0.0922 0.0135, -0.053 0.0965 0.0135, -0.0562 0.1004 0.0135, -0.0599 0.1038 0.0135, -0.0642 0.1065 0.0135, -0.0688 0.1085 0.0135, -0.0737 0.1097 0.0135, -0.0787 0.1101 0.0135, -0.0829 0.1045 0.0088, -0.087 0.1035 0.0088, -0.0908 0.1019 0.0088, -0.0944 0.0996 0.0088, -0.0975 0.0968 0.0088, -0.1002 0.0936 0.0088, -0.1023 0.09 0.0088, -0.1038 0.086 0.0088, -0.1046 0.0819 0.0088, -0.1048 0.0777 0.0088, -0.1043 0.0736 0.0088, -0.1031 0.0695 0.0088, -0.1013 0.0657 0.0088, -0.0989 0.0623 0.0088, -0.096 0.0592 0.0088, -0.0927 0.0567 0.0088, -0.0889 0.0548 0.0088, -0.085 0.0534 0.0088, -0.0808 0.0528 0.0088, -0.0766 0.0528 0.0088, -0.0725 0.0534 0.0088, -0.0685 0.0548 0.0088, -0.0648 0.0567 0.0088, -0.0614 0.0592 0.0088, -0.0585 0.0623 0.0088, -0.0561 0.0657 0.0088, -0.0543 0.0695 0.0088, -0.0532 0.0736 0.0088, -0.0527 0.0777 0.0088, -0.0528 0.0819 0.0088, -0.0537 0.086 0.0088, -0.0552 0.09 0.0088, -0.0573 0.0936 0.0088, -0.0599 0.0968 0.0088, -0.063 0.0996 0.0088, -0.0666 0.1019 0.0088, -0.0705 0.1035 0.0088, -0.0745 0.1045 0.0088, -0.0787 0.1049 0.0088, -0.082 0.0987 0.005, -0.0851 0.0979 0.005, -0.0881 0.0966 0.005, -0.0908 0.0949 0.005, -0.0933 0.0928 0.005, -0.0953 0.0902 0.005, -0.097 0.0874 0.005, -0.0981 0.0844 0.005, -0.0988 0.0812 0.005, -0.0989 0.078 0.005, -0.0985 0.0747 0.005, -0.0976 0.0716 0.005, -0.0962 0.0687 0.005, -0.0944 0.066 0.005, -0.0921 0.0637 0.005, -0.0895 0.0617 0.005, -0.0866 0.0602 0.005, -0.0836 0.0592 0.005, -0.0803 0.0586 0.005, -0.0771 0.0586 0.005, -0.0739 0.0592 0.005, -0.0708 0.0602 0.005, -0.0679 0.0617 0.005, -0.0653 0.0637 0.005, -0.0631 0.066 0.005, -0.0612 0.0687 0.005, -0.0598 0.0716 0.005, -0.0589 0.0747 0.005, -0.0585 0.078 0.005, -0.0587 0.0812 0.005, -0.0593 0.0844 0.005, -0.0605 0.0874 0.005, -0.0621 0.0902 0.005, -0.0642 0.0928 0.005, -0.0666 0.0949 0.005, -0.0693 0.0966 0.005, -0.0723 0.0979 0.005, -0.0755 0.0987 0.005, -0.0787 0.099 0.005, -0.0809 0.0924 0.0023, -0.0831 0.0918 0.0023, -0.0851 0.091 0.0023, -0.087 0.0898 0.0023, -0.0886 0.0883 0.0023, -0.09 0.0866 0.0023, -0.0912 0.0847 0.0023, -0.0919 0.0826 0.0023, -0.0924 0.0804 0.0023, -0.0925 0.0782 0.0023, -0.0922 0.076 0.0023, -0.0916 0.0739 0.0023, -0.0906 0.0719 0.0023, -0.0894 0.0701 0.0023, -0.0878 0.0685 0.0023, -0.0861 0.0671 0.0023, -0.0841 0.0661 0.0023, -0.082 0.0654 0.0023, -0.0798 0.0651 0.0023, -0.0776 0.0651 0.0023, -0.0754 0.0654 0.0023, -0.0733 0.0661 0.0023, -0.0714 0.0671 0.0023, -0.0696 0.0685 0.0023, -0.0681 0.0701 0.0023, -0.0668 0.0719 0.0023, -0.0659 0.0739 0.0023, -0.0652 0.076 0.0023, -0.065 0.0782 0.0023, -0.0651 0.0804 0.0023, -0.0655 0.0826 0.0023, -0.0663 0.0847 0.0023, -0.0674 0.0866 0.0023, -0.0688 0.0883 0.0023, -0.0705 0.0898 0.0023, -0.0723 0.091 0.0023, -0.0744 0.0918 0.0023, -0.0765 0.0924 0.0023, -0.0787 0.0925 0.0023, -0.0809 -0.0721 0.0006, -0.0798 -0.0718 0.0006, -0.0787 -0.0787 0.0, -0.082 -0.0725 0.0006, -0.0829 -0.0731 0.0006, -0.0837 -0.0739 0.0006, -0.0845 -0.0747 0.0006, -0.085 -0.0757 0.0006, -0.0854 -0.0768 0.0006, -0.0856 -0.0779 0.0006, -0.0857 -0.079 0.0006, -0.0856 -0.0801 0.0006, -0.0852 -0.0812 0.0006, -0.0848 -0.0822 0.0006, -0.0841 -0.0831 0.0006, -0.0833 -0.0839 0.0006, -0.0824 -0.0846 0.0006, -0.0815 -0.0851 0.0006, -0.0804 -0.0855 0.0006, -0.0793 -0.0857 0.0006, -0.0782 -0.0857 0.0006, -0.0771 -0.0855 0.0006, -0.076 -0.0851 0.0006, -0.075 -0.0846 0.0006, -0.0741 -0.0839 0.0006, -0.0733 -0.0831 0.0006, -0.0727 -0.0822 0.0006, -0.0722 -0.0812 0.0006, -0.0719 -0.0801 0.0006, -0.0718 -0.079 0.0006, -0.0718 -0.0779 0.0006, -0.072 -0.0768 0.0006, -0.0724 -0.0757 0.0006, -0.073 -0.0747 0.0006, -0.0737 -0.0739 0.0006, -0.0745 -0.0731 0.0006, -0.0755 -0.0725 0.0006, -0.0765 -0.0721 0.0006, -0.0776 -0.0718 0.0006, -0.0787 -0.0717 0.0006, -0.039 -0.0739 0.0591, -0.0387 -0.0787 0.0591, -0.0366 -0.0804 0.0524, -0.0369 -0.0736 0.0524, -0.0383 -0.067 0.0524, -0.0402 -0.0676 0.0591, -0.0407 -0.0607 0.0524, -0.0425 -0.0615 0.0591, -0.0441 -0.0548 0.0524, -0.0458 -0.056 0.0591, -0.0484 -0.0495 0.0524, -0.0498 -0.051 0.0591, -0.0534 -0.045 0.0524, -0.0547 -0.0467 0.0591, -0.0592 -0.0414 0.0524, -0.0601 -0.0432 0.0591, -0.0654 -0.0388 0.0524, -0.066 -0.0407 0.0591, -0.072 -0.0372 0.0524, -0.0723 -0.0392 0.0591, -0.0787 -0.0366 0.0524, -0.0787 -0.0387 0.0591, -0.0855 -0.0372 0.0524, -0.0851 -0.0392 0.0591, -0.0921 -0.0388 0.0524, -0.0914 -0.0407 0.0591, -0.0983 -0.0414 0.0524, -0.0973 -0.0432 0.0591, -0.104 -0.045 0.0524, -0.1028 -0.0467 0.0591, -0.1091 -0.0495 0.0524, -0.1076 -0.051 0.0591, -0.1134 -0.0548 0.0524, -0.1117 -0.056 0.0591, -0.1168 -0.0607 0.0524, -0.1149 -0.0615 0.0591, -0.1192 -0.067 0.0524, -0.1172 -0.0676 0.0591, -0.1205 -0.0736 0.0524, -0.1185 -0.0739 0.0591, -0.1208 -0.0804 0.0524, -0.1187 -0.0803 0.0591, -0.12 -0.0871 0.0524, -0.118 -0.0867 0.0591, -0.1181 -0.0936 0.0524, -0.1162 -0.0929 0.0591, -0.1152 -0.0998 0.0524, -0.1134 -0.0987 0.0591, -0.1113 -0.1053 0.0524, -0.1097 -0.104 0.0591, -0.1066 -0.1102 0.0524, -0.1053 -0.1087 0.0591, -0.1012 -0.1143 0.0524, -0.1001 -0.1126 0.0591, -0.0952 -0.1174 0.0524, -0.0944 -0.1156 0.0591, -0.0888 -0.1196 0.0524, -0.0883 -0.1176 0.0591, -0.0821 -0.1207 0.0524, -0.0819 -0.1186 0.0591, -0.0753 -0.1207 0.0524, -0.0755 -0.1186 0.0591, -0.0686 -0.1196 0.0524, -0.0691 -0.1176 0.0591, -0.0622 -0.1174 0.0524, -0.063 -0.1156 0.0591, -0.0562 -0.1143 0.0524, -0.0573 -0.1126 0.0591, -0.0508 -0.1102 0.0524, -0.0522 -0.1087 0.0591, -0.0461 -0.1053 0.0524, -0.0477 -0.104 0.0591, -0.0423 -0.0998 0.0524, -0.044 -0.0987 0.0591, -0.0394 -0.0936 0.0524, -0.0413 -0.0929 0.0591, -0.0375 -0.0871 0.0524, -0.0395 -0.0867 0.0591, -0.0387 -0.0803 0.0591, -0.0856 -0.0362 0.0454, -0.0924 -0.0379 0.0454, -0.0987 -0.0406 0.0454, -0.1046 -0.0443 0.0454, -0.1098 -0.0489 0.0454, -0.1141 -0.0543 0.0454, -0.1176 -0.0603 0.0454, -0.1201 -0.0667 0.0454, -0.1215 -0.0735 0.0454, -0.1217 -0.0804 0.0454, -0.1209 -0.0873 0.0454, -0.119 -0.094 0.0454, -0.116 -0.1002 0.0454, -0.1121 -0.1059 0.0454, -0.1073 -0.1109 0.0454, -0.1017 -0.1151 0.0454, -0.0956 -0.1183 0.0454, -0.089 -0.1205 0.0454, -0.0822 -0.1216 0.0454, -0.0753 -0.1216 0.0454, -0.0684 -0.1205 0.0454, -0.0618 -0.1183 0.0454, -0.0557 -0.1151 0.0454, -0.0502 -0.1109 0.0454, -0.0454 -0.1059 0.0454, -0.0414 -0.1002 0.0454, -0.0385 -0.094 0.0454, -0.0365 -0.0873 0.0454, -0.0357 -0.0804 0.0454, -0.036 -0.0735 0.0454, -0.0374 -0.0667 0.0454, -0.0398 -0.0603 0.0454, -0.0433 -0.0543 0.0454, -0.0477 -0.0489 0.0454, -0.0529 -0.0443 0.0454, -0.0587 -0.0406 0.0454, -0.0651 -0.0379 0.0454, -0.0718 -0.0362 0.0454, -0.0787 -0.0357 0.0454, -0.0856 -0.0364 0.0384, -0.0923 -0.0381 0.0384, -0.0986 -0.0408 0.0384, -0.1045 -0.0444 0.0384, -0.1096 -0.049 0.0384, -0.114 -0.0544 0.0384, -0.1174 -0.0603 0.0384, -0.1199 -0.0668 0.0384, -0.1213 -0.0735 0.0384, -0.1215 -0.0804 0.0384, -0.1207 -0.0873 0.0384, -0.1188 -0.0939 0.0384, -0.1158 -0.1001 0.0384, -0.1119 -0.1058 0.0384, -0.1071 -0.1108 0.0384, -0.1016 -0.1149 0.0384, -0.0955 -0.1181 0.0384, -0.089 -0.1203 0.0384, -0.0822 -0.1214 0.0384, -0.0753 -0.1214 0.0384, -0.0685 -0.1203 0.0384, -0.0619 -0.1181 0.0384, -0.0558 -0.1149 0.0384, -0.0503 -0.1108 0.0384, -0.0455 -0.1058 0.0384, -0.0416 -0.1001 0.0384, -0.0386 -0.0939 0.0384, -0.0367 -0.0873 0.0384, -0.0359 -0.0804 0.0384, -0.0362 -0.0735 0.0384, -0.0376 -0.0668 0.0384, -0.04 -0.0603 0.0384, -0.0435 -0.0544 0.0384, -0.0478 -0.049 0.0384, -0.053 -0.0444 0.0384, -0.0588 -0.0408 0.0384, -0.0651 -0.0381 0.0384, -0.0718 -0.0364 0.0384, -0.0787 -0.0359 0.0384, -0.0854 -0.0377 0.0316, -0.0919 -0.0393 0.0316, -0.098 -0.0419 0.0316, -0.1037 -0.0455 0.0316, -0.1087 -0.0499 0.0316, -0.1129 -0.0551 0.0316, -0.1162 -0.0609 0.0316, -0.1186 -0.0672 0.0316, -0.12 -0.0737 0.0316, -0.1202 -0.0804 0.0316, -0.1194 -0.087 0.0316, -0.1176 -0.0934 0.0316, -0.1147 -0.0995 0.0316, -0.1109 -0.105 0.0316, -0.1063 -0.1098 0.0316, -0.1009 -0.1138 0.0316, -0.095 -0.1169 0.0316, -0.0887 -0.119 0.0316, -0.0821 -0.1201 0.0316, -0.0754 -0.1201 0.0316, -0.0688 -0.119 0.0316, -0.0624 -0.1169 0.0316, -0.0565 -0.1138 0.0316, -0.0512 -0.1098 0.0316, -0.0465 -0.105 0.0316, -0.0427 -0.0995 0.0316, -0.0399 -0.0934 0.0316, -0.038 -0.087 0.0316, -0.0372 -0.0804 0.0316, -0.0375 -0.0737 0.0316, -0.0388 -0.0672 0.0316, -0.0412 -0.0609 0.0316, -0.0445 -0.0551 0.0316, -0.0488 -0.0499 0.0316, -0.0538 -0.0455 0.0316, -0.0594 -0.0419 0.0316, -0.0656 -0.0393 0.0316, -0.0721 -0.0377 0.0316, -0.0787 -0.0372 0.0316, -0.085 -0.0401 0.025, -0.0911 -0.0416 0.025, -0.0969 -0.0441 0.025, -0.1022 -0.0474 0.025, -0.1069 -0.0516 0.025, -0.1109 -0.0565 0.025, -0.1141 -0.0619 0.025, -0.1163 -0.0678 0.025, -0.1176 -0.074 0.025, -0.1178 -0.0803 0.025, -0.1171 -0.0865 0.025, -0.1153 -0.0926 0.025, -0.1126 -0.0983 0.025, -0.109 -0.1035 0.025, -0.1047 -0.108 0.025, -0.0996 -0.1118 0.025, -0.0941 -0.1147 0.025, -0.0881 -0.1167 0.025, -0.0819 -0.1177 0.025, -0.0756 -0.1177 0.025, -0.0694 -0.1167 0.025, -0.0634 -0.1147 0.025, -0.0578 -0.1118 0.025, -0.0528 -0.108 0.025, -0.0484 -0.1035 0.025, -0.0448 -0.0983 0.025, -0.0421 -0.0926 0.025, -0.0404 -0.0865 0.025, -0.0396 -0.0803 0.025, -0.0399 -0.074 0.025, -0.0411 -0.0678 0.025, -0.0434 -0.0619 0.025, -0.0465 -0.0565 0.025, -0.0505 -0.0516 0.025, -0.0552 -0.0474 0.025, -0.0605 -0.0441 0.025, -0.0663 -0.0416 0.025, -0.0724 -0.0401 0.025, -0.0787 -0.0396 0.025, -0.0844 -0.0435 0.0189, -0.09 -0.0449 0.0189, -0.0953 -0.0471 0.0189, -0.1002 -0.0502 0.0189, -0.1045 -0.054 0.0189, -0.1081 -0.0584 0.0189, -0.111 -0.0634 0.0189, -0.113 -0.0688 0.0189, -0.1141 -0.0744 0.0189, -0.1144 -0.0801 0.0189, -0.1137 -0.0858 0.0189, -0.1121 -0.0914 0.0189, -0.1096 -0.0965 0.0189, -0.1064 -0.1013 0.0189, -0.1024 -0.1054 0.0189, -0.0978 -0.1089 0.0189, -0.0927 -0.1115 0.0189, -0.0873 -0.1134 0.0189, -0.0816 -0.1143 0.0189, -0.0758 -0.1143 0.0189, -0.0702 -0.1134 0.0189, -0.0647 -0.1115 0.0189, -0.0597 -0.1089 0.0189, -0.0551 -0.1054 0.0189, -0.0511 -0.1013 0.0189, -0.0478 -0.0965 0.0189, -0.0454 -0.0914 0.0189, -0.0438 -0.0858 0.0189, -0.0431 -0.0801 0.0189, -0.0433 -0.0744 0.0189, -0.0445 -0.0688 0.0189, -0.0465 -0.0634 0.0189, -0.0494 -0.0584 0.0189, -0.053 -0.054 0.0189, -0.0573 -0.0502 0.0189, -0.0621 -0.0471 0.0189, -0.0674 -0.0449 0.0189, -0.073 -0.0435 0.0189, -0.0787 -0.043 0.0189, -0.0837 -0.0478 0.0135, -0.0886 -0.049 0.0135, -0.0933 -0.051 0.0135, -0.0975 -0.0537 0.0135, -0.1013 -0.057 0.0135, -0.1045 -0.0609 0.0135, -0.107 -0.0653 0.0135, -0.1088 -0.07 0.0135, -0.1098 -0.0749 0.0135, -0.11 -0.08 0.0135, -0.1094 -0.085 0.0135, -0.108 -0.0898 0.0135, -0.1058 -0.0944 0.0135, -0.103 -0.0985 0.0135, -0.0995 -0.1021 0.0135, -0.0954 -0.1052 0.0135, -0.091 -0.1075 0.0135, -0.0862 -0.1091 0.0135, -0.0812 -0.1099 0.0135, -0.0762 -0.1099 0.0135, -0.0712 -0.1091 0.0135, -0.0665 -0.1075 0.0135, -0.062 -0.1052 0.0135, -0.058 -0.1021 0.0135, -0.0545 -0.0985 0.0135, -0.0516 -0.0944 0.0135, -0.0495 -0.0898 0.0135, -0.0481 -0.085 0.0135, -0.0475 -0.08 0.0135, -0.0477 -0.0749 0.0135, -0.0487 -0.07 0.0135, -0.0504 -0.0653 0.0135, -0.053 -0.0609 0.0135, -0.0562 -0.057 0.0135, -0.0599 -0.0537 0.0135, -0.0642 -0.051 0.0135, -0.0688 -0.049 0.0135, -0.0737 -0.0478 0.0135, -0.0787 -0.0474 0.0135, -0.0829 -0.053 0.0088, -0.087 -0.054 0.0088, -0.0908 -0.0556 0.0088, -0.0944 -0.0579 0.0088, -0.0975 -0.0606 0.0088, -0.1002 -0.0639 0.0088, -0.1023 -0.0675 0.0088, -0.1038 -0.0715 0.0088, -0.1046 -0.0756 0.0088, -0.1048 -0.0798 0.0088, -0.1043 -0.0839 0.0088, -0.1031 -0.088 0.0088, -0.1013 -0.0918 0.0088, -0.0989 -0.0952 0.0088, -0.096 -0.0982 0.0088, -0.0927 -0.1008 0.0088, -0.0889 -0.1027 0.0088, -0.085 -0.104 0.0088, -0.0808 -0.1047 0.0088, -0.0766 -0.1047 0.0088, -0.0725 -0.104 0.0088, -0.0685 -0.1027 0.0088, -0.0648 -0.1008 0.0088, -0.0614 -0.0982 0.0088, -0.0585 -0.0952 0.0088, -0.0561 -0.0918 0.0088, -0.0543 -0.088 0.0088, -0.0532 -0.0839 0.0088, -0.0527 -0.0798 0.0088, -0.0528 -0.0756 0.0088, -0.0537 -0.0715 0.0088, -0.0552 -0.0675 0.0088, -0.0573 -0.0639 0.0088, -0.0599 -0.0606 0.0088, -0.063 -0.0579 0.0088, -0.0666 -0.0556 0.0088, -0.0705 -0.054 0.0088, -0.0745 -0.053 0.0088, -0.0787 -0.0526 0.0088, -0.082 -0.0588 0.005, -0.0851 -0.0596 0.005, -0.0881 -0.0608 0.005, -0.0908 -0.0626 0.005, -0.0933 -0.0647 0.005, -0.0953 -0.0672 0.005, -0.097 -0.0701 0.005, -0.0981 -0.0731 0.005, -0.0988 -0.0763 0.005, -0.0989 -0.0795 0.005, -0.0985 -0.0827 0.005, -0.0976 -0.0859 0.005, -0.0962 -0.0888 0.005, -0.0944 -0.0915 0.005, -0.0921 -0.0938 0.005, -0.0895 -0.0958 0.005, -0.0866 -0.0973 0.005, -0.0836 -0.0983 0.005, -0.0803 -0.0988 0.005, -0.0771 -0.0988 0.005, -0.0739 -0.0983 0.005, -0.0708 -0.0973 0.005, -0.0679 -0.0958 0.005, -0.0653 -0.0938 0.005, -0.0631 -0.0915 0.005, -0.0612 -0.0888 0.005, -0.0598 -0.0859 0.005, -0.0589 -0.0827 0.005, -0.0585 -0.0795 0.005, -0.0587 -0.0763 0.005, -0.0593 -0.0731 0.005, -0.0605 -0.0701 0.005, -0.0621 -0.0672 0.005, -0.0642 -0.0647 0.005, -0.0666 -0.0626 0.005, -0.0693 -0.0608 0.005, -0.0723 -0.0596 0.005, -0.0755 -0.0588 0.005, -0.0787 -0.0585 0.005, -0.0809 -0.0651 0.0023, -0.0831 -0.0657 0.0023, -0.0851 -0.0665 0.0023, -0.087 -0.0677 0.0023, -0.0886 -0.0692 0.0023, -0.09 -0.0709 0.0023, -0.0912 -0.0728 0.0023, -0.0919 -0.0749 0.0023, -0.0924 -0.0771 0.0023, -0.0925 -0.0793 0.0023, -0.0922 -0.0815 0.0023, -0.0916 -0.0836 0.0023, -0.0906 -0.0856 0.0023, -0.0894 -0.0874 0.0023, -0.0878 -0.089 0.0023, -0.0861 -0.0903 0.0023, -0.0841 -0.0914 0.0023, -0.082 -0.0921 0.0023, -0.0798 -0.0924 0.0023, -0.0776 -0.0924 0.0023, -0.0754 -0.0921 0.0023, -0.0733 -0.0914 0.0023, -0.0714 -0.0903 0.0023, -0.0696 -0.089 0.0023, -0.0681 -0.0874 0.0023, -0.0668 -0.0856 0.0023, -0.0659 -0.0836 0.0023, -0.0652 -0.0815 0.0023, -0.065 -0.0793 0.0023, -0.0651 -0.0771 0.0023, -0.0655 -0.0749 0.0023, -0.0663 -0.0728 0.0023, -0.0674 -0.0709 0.0023, -0.0688 -0.0692 0.0023, -0.0705 -0.0677 0.0023, -0.0723 -0.0665 0.0023, -0.0744 -0.0657 0.0023, -0.0765 -0.0651 0.0023, -0.0787 -0.0649 0.0023, 0.0766 0.0854 0.0006, 0.0776 0.0857 0.0006, 0.0788 0.0788 0.0, 0.0755 0.0849 0.0006, 0.0746 0.0843 0.0006, 0.0737 0.0836 0.0006, 0.073 0.0827 0.0006, 0.0725 0.0818 0.0006, 0.0721 0.0807 0.0006, 0.0718 0.0796 0.0006, 0.0718 0.0785 0.0006, 0.0719 0.0774 0.0006, 0.0722 0.0763 0.0006, 0.0727 0.0753 0.0006, 0.0734 0.0744 0.0006, 0.0741 0.0736 0.0006, 0.075 0.0729 0.0006, 0.076 0.0724 0.0006, 0.0771 0.072 0.0006, 0.0782 0.0718 0.0006, 0.0793 0.0718 0.0006, 0.0804 0.072 0.0006, 0.0815 0.0724 0.0006, 0.0825 0.0729 0.0006, 0.0834 0.0736 0.0006, 0.0842 0.0744 0.0006, 0.0848 0.0753 0.0006, 0.0853 0.0763 0.0006, 0.0856 0.0774 0.0006, 0.0857 0.0785 0.0006, 0.0857 0.0796 0.0006, 0.0855 0.0807 0.0006, 0.0851 0.0818 0.0006, 0.0845 0.0827 0.0006, 0.0838 0.0836 0.0006, 0.0829 0.0843 0.0006, 0.082 0.0849 0.0006, 0.081 0.0854 0.0006, 0.0799 0.0857 0.0006, 0.0788 0.0857 0.0006, 0.1185 0.0836 0.0591, 0.1188 0.0788 0.0591, 0.1208 0.0771 0.0524, 0.1206 0.0838 0.0524, 0.1192 0.0905 0.0524, 0.1172 0.0899 0.0591, 0.1168 0.0968 0.0524, 0.1149 0.0959 0.0591, 0.1134 0.1027 0.0524, 0.1117 0.1015 0.0591, 0.1091 0.1079 0.0524, 0.1076 0.1065 0.0591, 0.1041 0.1124 0.0524, 0.1028 0.1108 0.0591, 0.0983 0.1161 0.0524, 0.0974 0.1142 0.0591, 0.0921 0.1187 0.0524, 0.0914 0.1168 0.0591, 0.0855 0.1203 0.0524, 0.0852 0.1183 0.0591, 0.0788 0.1209 0.0524, 0.0788 0.1188 0.0591, 0.072 0.1203 0.0524, 0.0723 0.1183 0.0591, 0.0654 0.1187 0.0524, 0.0661 0.1168 0.0591, 0.0592 0.1161 0.0524, 0.0601 0.1142 0.0591, 0.0535 0.1124 0.0524, 0.0547 0.1108 0.0591, 0.0484 0.1079 0.0524, 0.0499 0.1065 0.0591, 0.0441 0.1027 0.0524, 0.0458 0.1015 0.0591, 0.0407 0.0968 0.0524, 0.0426 0.0959 0.0591, 0.0383 0.0905 0.0524, 0.0403 0.0899 0.0591, 0.037 0.0838 0.0524, 0.039 0.0836 0.0591, 0.0367 0.0771 0.0524, 0.0387 0.0772 0.0591, 0.0375 0.0703 0.0524, 0.0395 0.0708 0.0591, 0.0394 0.0638 0.0524, 0.0413 0.0646 0.0591, 0.0423 0.0577 0.0524, 0.0441 0.0587 0.0591, 0.0461 0.0521 0.0524, 0.0477 0.0534 0.0591, 0.0508 0.0473 0.0524, 0.0522 0.0488 0.0591, 0.0563 0.0432 0.0524, 0.0574 0.0449 0.0591, 0.0623 0.04 0.0524, 0.0631 0.0419 0.0591, 0.0687 0.0379 0.0524, 0.0692 0.0399 0.0591, 0.0754 0.0368 0.0524, 0.0755 0.0388 0.0591, 0.0821 0.0368 0.0524, 0.082 0.0388 0.0591, 0.0888 0.0379 0.0524, 0.0883 0.0399 0.0591, 0.0953 0.04 0.0524, 0.0945 0.0419 0.0591, 0.1013 0.0432 0.0524, 0.1002 0.0449 0.0591, 0.1067 0.0473 0.0524, 0.1053 0.0488 0.0591, 0.1114 0.0521 0.0524, 0.1098 0.0534 0.0591, 0.1152 0.0577 0.0524, 0.1134 0.0587 0.0591, 0.1181 0.0638 0.0524, 0.1162 0.0646 0.0591, 0.12 0.0703 0.0524, 0.118 0.0708 0.0591, 0.1188 0.0772 0.0591, 0.0719 0.1213 0.0454, 0.0651 0.1196 0.0454, 0.0588 0.1169 0.0454, 0.0529 0.1132 0.0454, 0.0477 0.1086 0.0454, 0.0433 0.1032 0.0454, 0.0399 0.0972 0.0454, 0.0374 0.0907 0.0454, 0.036 0.084 0.0454, 0.0357 0.077 0.0454, 0.0366 0.0702 0.0454, 0.0385 0.0635 0.0454, 0.0415 0.0572 0.0454, 0.0454 0.0515 0.0454, 0.0502 0.0465 0.0454, 0.0558 0.0424 0.0454, 0.0619 0.0392 0.0454, 0.0685 0.037 0.0454, 0.0753 0.0359 0.0454, 0.0822 0.0359 0.0454, 0.0891 0.037 0.0454, 0.0956 0.0392 0.0454, 0.1018 0.0424 0.0454, 0.1073 0.0465 0.0454, 0.1121 0.0515 0.0454, 0.116 0.0572 0.0454, 0.119 0.0635 0.0454, 0.1209 0.0702 0.0454, 0.1218 0.077 0.0454, 0.1215 0.084 0.0454, 0.1201 0.0907 0.0454, 0.1177 0.0972 0.0454, 0.1142 0.1032 0.0454, 0.1098 0.1086 0.0454, 0.1046 0.1132 0.0454, 0.0988 0.1169 0.0454, 0.0924 0.1196 0.0454, 0.0857 0.1213 0.0454, 0.0788 0.1218 0.0454, 0.0719 0.1211 0.0384, 0.0652 0.1194 0.0384, 0.0588 0.1167 0.0384, 0.053 0.113 0.0384, 0.0479 0.1085 0.0384, 0.0435 0.1031 0.0384, 0.04 0.0971 0.0384, 0.0376 0.0907 0.0384, 0.0362 0.0839 0.0384, 0.0359 0.077 0.0384, 0.0368 0.0702 0.0384, 0.0387 0.0636 0.0384, 0.0416 0.0573 0.0384, 0.0456 0.0517 0.0384, 0.0503 0.0467 0.0384, 0.0559 0.0425 0.0384, 0.062 0.0393 0.0384, 0.0685 0.0372 0.0384, 0.0753 0.0361 0.0384, 0.0822 0.0361 0.0384, 0.089 0.0372 0.0384, 0.0956 0.0393 0.0384, 0.1017 0.0425 0.0384, 0.1072 0.0467 0.0384, 0.112 0.0517 0.0384, 0.1159 0.0573 0.0384, 0.1188 0.0636 0.0384, 0.1208 0.0702 0.0384, 0.1216 0.077 0.0384, 0.1213 0.0839 0.0384, 0.1199 0.0907 0.0384, 0.1175 0.0971 0.0384, 0.114 0.1031 0.0384, 0.1097 0.1085 0.0384, 0.1045 0.113 0.0384, 0.0987 0.1167 0.0384, 0.0923 0.1194 0.0384, 0.0856 0.1211 0.0384, 0.0788 0.1216 0.0384, 0.0721 0.1198 0.0316, 0.0656 0.1182 0.0316, 0.0595 0.1155 0.0316, 0.0538 0.112 0.0316, 0.0488 0.1075 0.0316, 0.0446 0.1024 0.0316, 0.0412 0.0966 0.0316, 0.0389 0.0903 0.0316, 0.0375 0.0838 0.0316, 0.0373 0.0771 0.0316, 0.0381 0.0705 0.0316, 0.0399 0.064 0.0316, 0.0428 0.058 0.0316, 0.0466 0.0525 0.0316, 0.0512 0.0477 0.0316, 0.0566 0.0437 0.0316, 0.0625 0.0406 0.0316, 0.0688 0.0384 0.0316, 0.0754 0.0374 0.0316, 0.0821 0.0374 0.0316, 0.0887 0.0384 0.0316, 0.095 0.0406 0.0316, 0.101 0.0437 0.0316, 0.1063 0.0477 0.0316, 0.1109 0.0525 0.0316, 0.1147 0.058 0.0316, 0.1176 0.064 0.0316, 0.1195 0.0705 0.0316, 0.1203 0.0771 0.0316, 0.12 0.0838 0.0316, 0.1187 0.0903 0.0316, 0.1163 0.0966 0.0316, 0.1129 0.1024 0.0316, 0.1087 0.1075 0.0316, 0.1037 0.112 0.0316, 0.0981 0.1155 0.0316, 0.0919 0.1182 0.0316, 0.0854 0.1198 0.0316, 0.0788 0.1203 0.0316, 0.0725 0.1174 0.025, 0.0664 0.1159 0.025, 0.0606 0.1134 0.025, 0.0553 0.11 0.025, 0.0505 0.1059 0.025, 0.0466 0.101 0.025, 0.0434 0.0955 0.025, 0.0412 0.0897 0.025, 0.0399 0.0835 0.025, 0.0397 0.0772 0.025, 0.0404 0.0709 0.025, 0.0422 0.0649 0.025, 0.0449 0.0592 0.025, 0.0485 0.054 0.025, 0.0528 0.0495 0.025, 0.0579 0.0457 0.025, 0.0634 0.0428 0.025, 0.0694 0.0408 0.025, 0.0756 0.0398 0.025, 0.0819 0.0398 0.025, 0.0881 0.0408 0.025, 0.0941 0.0428 0.025, 0.0997 0.0457 0.025, 0.1047 0.0495 0.025, 0.1091 0.054 0.025, 0.1126 0.0592 0.025, 0.1153 0.0649 0.025, 0.1171 0.0709 0.025, 0.1179 0.0772 0.025, 0.1176 0.0835 0.025, 0.1163 0.0897 0.025, 0.1141 0.0955 0.025, 0.111 0.101 0.025, 0.107 0.1059 0.025, 0.1023 0.11 0.025, 0.0969 0.1134 0.025, 0.0911 0.1159 0.025, 0.085 0.1174 0.025, 0.0788 0.1179 0.025, 0.073 0.114 0.0189, 0.0675 0.1126 0.0189, 0.0622 0.1104 0.0189, 0.0573 0.1073 0.0189, 0.053 0.1035 0.0189, 0.0494 0.099 0.0189, 0.0465 0.0941 0.0189, 0.0445 0.0887 0.0189, 0.0433 0.0831 0.0189, 0.0431 0.0773 0.0189, 0.0438 0.0716 0.0189, 0.0454 0.0661 0.0189, 0.0479 0.0609 0.0189, 0.0511 0.0562 0.0189, 0.0551 0.0521 0.0189, 0.0597 0.0486 0.0189, 0.0648 0.0459 0.0189, 0.0702 0.0441 0.0189, 0.0759 0.0432 0.0189, 0.0816 0.0432 0.0189, 0.0873 0.0441 0.0189, 0.0927 0.0459 0.0189, 0.0978 0.0486 0.0189, 0.1024 0.0521 0.0189, 0.1064 0.0562 0.0189, 0.1097 0.0609 0.0189, 0.1121 0.0661 0.0189, 0.1137 0.0716 0.0189, 0.1144 0.0773 0.0189, 0.1142 0.0831 0.0189, 0.113 0.0887 0.0189, 0.111 0.0941 0.0189, 0.1081 0.099 0.0189, 0.1045 0.1035 0.0189, 0.1002 0.1073 0.0189, 0.0953 0.1104 0.0189, 0.0901 0.1126 0.0189, 0.0845 0.114 0.0189, 0.0788 0.1144 0.0189, 0.0737 0.1097 0.0135, 0.0689 0.1085 0.0135, 0.0642 0.1065 0.0135, 0.06 0.1038 0.0135, 0.0562 0.1004 0.0135, 0.053 0.0965 0.0135, 0.0505 0.0922 0.0135, 0.0487 0.0875 0.0135, 0.0477 0.0825 0.0135, 0.0475 0.0775 0.0135, 0.0481 0.0725 0.0135, 0.0495 0.0677 0.0135, 0.0517 0.0631 0.0135, 0.0545 0.059 0.0135, 0.058 0.0553 0.0135, 0.062 0.0523 0.0135, 0.0665 0.05 0.0135, 0.0713 0.0484 0.0135, 0.0762 0.0476 0.0135, 0.0813 0.0476 0.0135, 0.0862 0.0484 0.0135, 0.091 0.05 0.0135, 0.0955 0.0523 0.0135, 0.0995 0.0553 0.0135, 0.103 0.059 0.0135, 0.1059 0.0631 0.0135, 0.108 0.0677 0.0135, 0.1094 0.0725 0.0135, 0.11 0.0775 0.0135, 0.1098 0.0825 0.0135, 0.1088 0.0875 0.0135, 0.107 0.0922 0.0135, 0.1045 0.0965 0.0135, 0.1013 0.1004 0.0135, 0.0976 0.1038 0.0135, 0.0933 0.1065 0.0135, 0.0887 0.1085 0.0135, 0.0838 0.1097 0.0135, 0.0788 0.1101 0.0135, 0.0746 0.1045 0.0088, 0.0705 0.1035 0.0088, 0.0666 0.1019 0.0088, 0.0631 0.0996 0.0088, 0.0599 0.0968 0.0088, 0.0573 0.0936 0.0088, 0.0552 0.09 0.0088, 0.0537 0.086 0.0088, 0.0529 0.0819 0.0088, 0.0527 0.0777 0.0088, 0.0532 0.0736 0.0088, 0.0544 0.0695 0.0088, 0.0562 0.0657 0.0088, 0.0586 0.0623 0.0088, 0.0615 0.0592 0.0088, 0.0648 0.0567 0.0088, 0.0685 0.0548 0.0088, 0.0725 0.0534 0.0088, 0.0767 0.0528 0.0088, 0.0809 0.0528 0.0088, 0.085 0.0534 0.0088, 0.089 0.0548 0.0088, 0.0927 0.0567 0.0088, 0.0961 0.0592 0.0088, 0.099 0.0623 0.0088, 0.1014 0.0657 0.0088, 0.1032 0.0695 0.0088, 0.1043 0.0736 0.0088, 0.1048 0.0777 0.0088, 0.1047 0.0819 0.0088, 0.1038 0.086 0.0088, 0.1023 0.09 0.0088, 0.1002 0.0936 0.0088, 0.0976 0.0968 0.0088, 0.0944 0.0996 0.0088, 0.0909 0.1019 0.0088, 0.087 0.1035 0.0088, 0.0829 0.1045 0.0088, 0.0788 0.1049 0.0088, 0.0755 0.0987 0.005, 0.0724 0.0979 0.005, 0.0694 0.0966 0.005, 0.0666 0.0949 0.005, 0.0642 0.0928 0.005, 0.0621 0.0902 0.005, 0.0605 0.0874 0.005, 0.0594 0.0844 0.005, 0.0587 0.0812 0.005, 0.0586 0.078 0.005, 0.059 0.0747 0.005, 0.0599 0.0716 0.005, 0.0613 0.0687 0.005, 0.0631 0.066 0.005, 0.0654 0.0637 0.005, 0.068 0.0617 0.005, 0.0708 0.0602 0.005, 0.0739 0.0592 0.005, 0.0771 0.0586 0.005, 0.0804 0.0586 0.005, 0.0836 0.0592 0.005, 0.0867 0.0602 0.005, 0.0896 0.0617 0.005, 0.0921 0.0637 0.005, 0.0944 0.066 0.005, 0.0962 0.0687 0.005, 0.0976 0.0716 0.005, 0.0985 0.0747 0.005, 0.0989 0.078 0.005, 0.0988 0.0812 0.005, 0.0982 0.0844 0.005, 0.097 0.0874 0.005, 0.0954 0.0902 0.005, 0.0933 0.0928 0.005, 0.0909 0.0949 0.005, 0.0881 0.0966 0.005, 0.0852 0.0979 0.005, 0.082 0.0987 0.005, 0.0788 0.099 0.005, 0.0766 0.0924 0.0023, 0.0744 0.0918 0.0023, 0.0724 0.091 0.0023, 0.0705 0.0898 0.0023, 0.0688 0.0883 0.0023, 0.0674 0.0866 0.0023, 0.0663 0.0847 0.0023, 0.0655 0.0826 0.0023, 0.0651 0.0804 0.0023, 0.065 0.0782 0.0023, 0.0653 0.076 0.0023, 0.0659 0.0739 0.0023, 0.0668 0.0719 0.0023, 0.0681 0.0701 0.0023, 0.0696 0.0685 0.0023, 0.0714 0.0671 0.0023, 0.0734 0.0661 0.0023, 0.0755 0.0654 0.0023, 0.0777 0.0651 0.0023, 0.0799 0.0651 0.0023, 0.0821 0.0654 0.0023, 0.0842 0.0661 0.0023, 0.0861 0.0671 0.0023, 0.0879 0.0685 0.0023, 0.0894 0.0701 0.0023, 0.0907 0.0719 0.0023, 0.0916 0.0739 0.0023, 0.0922 0.076 0.0023, 0.0925 0.0782 0.0023, 0.0924 0.0804 0.0023, 0.092 0.0826 0.0023, 0.0912 0.0847 0.0023, 0.0901 0.0866 0.0023, 0.0887 0.0883 0.0023, 0.087 0.0898 0.0023, 0.0852 0.091 0.0023, 0.0831 0.0918 0.0023, 0.081 0.0924 0.0023, 0.0788 0.0925 0.0023, 0.0766 -0.0721 0.0006, 0.0776 -0.0718 0.0006, 0.0788 -0.0787 0.0, 0.0755 -0.0725 0.0006, 0.0746 -0.0731 0.0006, 0.0737 -0.0739 0.0006, 0.073 -0.0747 0.0006, 0.0725 -0.0757 0.0006, 0.0721 -0.0768 0.0006, 0.0718 -0.0779 0.0006, 0.0718 -0.079 0.0006, 0.0719 -0.0801 0.0006, 0.0722 -0.0812 0.0006, 0.0727 -0.0822 0.0006, 0.0734 -0.0831 0.0006, 0.0741 -0.0839 0.0006, 0.075 -0.0846 0.0006, 0.076 -0.0851 0.0006, 0.0771 -0.0855 0.0006, 0.0782 -0.0857 0.0006, 0.0793 -0.0857 0.0006, 0.0804 -0.0855 0.0006, 0.0815 -0.0851 0.0006, 0.0825 -0.0846 0.0006, 0.0834 -0.0839 0.0006, 0.0842 -0.0831 0.0006, 0.0848 -0.0822 0.0006, 0.0853 -0.0812 0.0006, 0.0856 -0.0801 0.0006, 0.0857 -0.079 0.0006, 0.0857 -0.0779 0.0006, 0.0855 -0.0768 0.0006, 0.0851 -0.0757 0.0006, 0.0845 -0.0747 0.0006, 0.0838 -0.0739 0.0006, 0.0829 -0.0731 0.0006, 0.082 -0.0725 0.0006, 0.081 -0.0721 0.0006, 0.0799 -0.0718 0.0006, 0.0788 -0.0717 0.0006, 0.1185 -0.0739 0.0591, 0.1188 -0.0787 0.0591, 0.1208 -0.0804 0.0524, 0.1206 -0.0736 0.0524, 0.1192 -0.067 0.0524, 0.1172 -0.0676 0.0591, 0.1168 -0.0607 0.0524, 0.1149 -0.0615 0.0591, 0.1134 -0.0548 0.0524, 0.1117 -0.056 0.0591, 0.1091 -0.0495 0.0524, 0.1076 -0.051 0.0591, 0.1041 -0.045 0.0524, 0.1028 -0.0467 0.0591, 0.0983 -0.0414 0.0524, 0.0974 -0.0432 0.0591, 0.0921 -0.0388 0.0524, 0.0914 -0.0407 0.0591, 0.0855 -0.0372 0.0524, 0.0852 -0.0392 0.0591, 0.0788 -0.0366 0.0524, 0.0788 -0.0387 0.0591, 0.072 -0.0372 0.0524, 0.0723 -0.0392 0.0591, 0.0654 -0.0388 0.0524, 0.0661 -0.0407 0.0591, 0.0592 -0.0414 0.0524, 0.0601 -0.0432 0.0591, 0.0535 -0.045 0.0524, 0.0547 -0.0467 0.0591, 0.0484 -0.0495 0.0524, 0.0499 -0.051 0.0591, 0.0441 -0.0548 0.0524, 0.0458 -0.056 0.0591, 0.0407 -0.0607 0.0524, 0.0426 -0.0615 0.0591, 0.0383 -0.067 0.0524, 0.0403 -0.0676 0.0591, 0.037 -0.0736 0.0524, 0.039 -0.0739 0.0591, 0.0367 -0.0804 0.0524, 0.0387 -0.0803 0.0591, 0.0375 -0.0871 0.0524, 0.0395 -0.0867 0.0591, 0.0394 -0.0936 0.0524, 0.0413 -0.0929 0.0591, 0.0423 -0.0998 0.0524, 0.0441 -0.0987 0.0591, 0.0461 -0.1053 0.0524, 0.0477 -0.104 0.0591, 0.0508 -0.1102 0.0524, 0.0522 -0.1087 0.0591, 0.0563 -0.1143 0.0524, 0.0574 -0.1126 0.0591, 0.0623 -0.1174 0.0524, 0.0631 -0.1156 0.0591, 0.0687 -0.1196 0.0524, 0.0692 -0.1176 0.0591, 0.0754 -0.1207 0.0524, 0.0755 -0.1186 0.0591, 0.0821 -0.1207 0.0524, 0.082 -0.1186 0.0591, 0.0888 -0.1196 0.0524, 0.0883 -0.1176 0.0591, 0.0953 -0.1174 0.0524, 0.0945 -0.1156 0.0591, 0.1013 -0.1143 0.0524, 0.1002 -0.1126 0.0591, 0.1067 -0.1102 0.0524, 0.1053 -0.1087 0.0591, 0.1114 -0.1053 0.0524, 0.1098 -0.104 0.0591, 0.1152 -0.0998 0.0524, 0.1134 -0.0987 0.0591, 0.1181 -0.0936 0.0524, 0.1162 -0.0929 0.0591, 0.12 -0.0871 0.0524, 0.118 -0.0867 0.0591, 0.1188 -0.0803 0.0591, 0.0719 -0.0362 0.0454, 0.0651 -0.0379 0.0454, 0.0588 -0.0406 0.0454, 0.0529 -0.0443 0.0454, 0.0477 -0.0489 0.0454, 0.0433 -0.0543 0.0454, 0.0399 -0.0603 0.0454, 0.0374 -0.0667 0.0454, 0.036 -0.0735 0.0454, 0.0357 -0.0804 0.0454, 0.0366 -0.0873 0.0454, 0.0385 -0.094 0.0454, 0.0415 -0.1002 0.0454, 0.0454 -0.1059 0.0454, 0.0502 -0.1109 0.0454, 0.0558 -0.1151 0.0454, 0.0619 -0.1183 0.0454, 0.0685 -0.1205 0.0454, 0.0753 -0.1216 0.0454, 0.0822 -0.1216 0.0454, 0.0891 -0.1205 0.0454, 0.0956 -0.1183 0.0454, 0.1018 -0.1151 0.0454, 0.1073 -0.1109 0.0454, 0.1121 -0.1059 0.0454, 0.116 -0.1002 0.0454, 0.119 -0.094 0.0454, 0.1209 -0.0873 0.0454, 0.1218 -0.0804 0.0454, 0.1215 -0.0735 0.0454, 0.1201 -0.0667 0.0454, 0.1177 -0.0603 0.0454, 0.1142 -0.0543 0.0454, 0.1098 -0.0489 0.0454, 0.1046 -0.0443 0.0454, 0.0988 -0.0406 0.0454, 0.0924 -0.0379 0.0454, 0.0857 -0.0362 0.0454, 0.0788 -0.0357 0.0454, 0.0719 -0.0364 0.0384, 0.0652 -0.0381 0.0384, 0.0588 -0.0408 0.0384, 0.053 -0.0444 0.0384, 0.0479 -0.049 0.0384, 0.0435 -0.0544 0.0384, 0.04 -0.0603 0.0384, 0.0376 -0.0668 0.0384, 0.0362 -0.0735 0.0384, 0.0359 -0.0804 0.0384, 0.0368 -0.0873 0.0384, 0.0387 -0.0939 0.0384, 0.0416 -0.1001 0.0384, 0.0456 -0.1058 0.0384, 0.0503 -0.1108 0.0384, 0.0559 -0.1149 0.0384, 0.062 -0.1181 0.0384, 0.0685 -0.1203 0.0384, 0.0753 -0.1214 0.0384, 0.0822 -0.1214 0.0384, 0.089 -0.1203 0.0384, 0.0956 -0.1181 0.0384, 0.1017 -0.1149 0.0384, 0.1072 -0.1108 0.0384, 0.112 -0.1058 0.0384, 0.1159 -0.1001 0.0384, 0.1188 -0.0939 0.0384, 0.1208 -0.0873 0.0384, 0.1216 -0.0804 0.0384, 0.1213 -0.0735 0.0384, 0.1199 -0.0668 0.0384, 0.1175 -0.0603 0.0384, 0.114 -0.0544 0.0384, 0.1097 -0.049 0.0384, 0.1045 -0.0444 0.0384, 0.0987 -0.0408 0.0384, 0.0923 -0.0381 0.0384, 0.0856 -0.0364 0.0384, 0.0788 -0.0359 0.0384, 0.0721 -0.0377 0.0316, 0.0656 -0.0393 0.0316, 0.0595 -0.0419 0.0316, 0.0538 -0.0455 0.0316, 0.0488 -0.0499 0.0316, 0.0446 -0.0551 0.0316, 0.0412 -0.0609 0.0316, 0.0389 -0.0672 0.0316, 0.0375 -0.0737 0.0316, 0.0373 -0.0804 0.0316, 0.0381 -0.087 0.0316, 0.0399 -0.0934 0.0316, 0.0428 -0.0995 0.0316, 0.0466 -0.105 0.0316, 0.0512 -0.1098 0.0316, 0.0566 -0.1138 0.0316, 0.0625 -0.1169 0.0316, 0.0688 -0.119 0.0316, 0.0754 -0.1201 0.0316, 0.0821 -0.1201 0.0316, 0.0887 -0.119 0.0316, 0.095 -0.1169 0.0316, 0.101 -0.1138 0.0316, 0.1063 -0.1098 0.0316, 0.1109 -0.105 0.0316, 0.1147 -0.0995 0.0316, 0.1176 -0.0934 0.0316, 0.1195 -0.087 0.0316, 0.1203 -0.0804 0.0316, 0.12 -0.0737 0.0316, 0.1187 -0.0672 0.0316, 0.1163 -0.0609 0.0316, 0.1129 -0.0551 0.0316, 0.1087 -0.0499 0.0316, 0.1037 -0.0455 0.0316, 0.0981 -0.0419 0.0316, 0.0919 -0.0393 0.0316, 0.0854 -0.0377 0.0316, 0.0788 -0.0372 0.0316, 0.0725 -0.0401 0.025, 0.0664 -0.0416 0.025, 0.0606 -0.0441 0.025, 0.0553 -0.0474 0.025, 0.0505 -0.0516 0.025, 0.0466 -0.0565 0.025, 0.0434 -0.0619 0.025, 0.0412 -0.0678 0.025, 0.0399 -0.074 0.025, 0.0397 -0.0803 0.025, 0.0404 -0.0865 0.025, 0.0422 -0.0926 0.025, 0.0449 -0.0983 0.025, 0.0485 -0.1035 0.025, 0.0528 -0.108 0.025, 0.0579 -0.1118 0.025, 0.0634 -0.1147 0.025, 0.0694 -0.1167 0.025, 0.0756 -0.1177 0.025, 0.0819 -0.1177 0.025, 0.0881 -0.1167 0.025, 0.0941 -0.1147 0.025, 0.0997 -0.1118 0.025, 0.1047 -0.108 0.025, 0.1091 -0.1035 0.025, 0.1126 -0.0983 0.025, 0.1153 -0.0926 0.025, 0.1171 -0.0865 0.025, 0.1179 -0.0803 0.025, 0.1176 -0.074 0.025, 0.1163 -0.0678 0.025, 0.1141 -0.0619 0.025, 0.111 -0.0565 0.025, 0.107 -0.0516 0.025, 0.1023 -0.0474 0.025, 0.0969 -0.0441 0.025, 0.0911 -0.0416 0.025, 0.085 -0.0401 0.025, 0.0788 -0.0396 0.025, 0.073 -0.0435 0.0189, 0.0675 -0.0449 0.0189, 0.0622 -0.0471 0.0189, 0.0573 -0.0502 0.0189, 0.053 -0.054 0.0189, 0.0494 -0.0584 0.0189, 0.0465 -0.0634 0.0189, 0.0445 -0.0688 0.0189, 0.0433 -0.0744 0.0189, 0.0431 -0.0801 0.0189, 0.0438 -0.0858 0.0189, 0.0454 -0.0914 0.0189, 0.0479 -0.0965 0.0189, 0.0511 -0.1013 0.0189, 0.0551 -0.1054 0.0189, 0.0597 -0.1089 0.0189, 0.0648 -0.1115 0.0189, 0.0702 -0.1134 0.0189, 0.0759 -0.1143 0.0189, 0.0816 -0.1143 0.0189, 0.0873 -0.1134 0.0189, 0.0927 -0.1115 0.0189, 0.0978 -0.1089 0.0189, 0.1024 -0.1054 0.0189, 0.1064 -0.1013 0.0189, 0.1097 -0.0965 0.0189, 0.1121 -0.0914 0.0189, 0.1137 -0.0858 0.0189, 0.1144 -0.0801 0.0189, 0.1142 -0.0744 0.0189, 0.113 -0.0688 0.0189, 0.111 -0.0634 0.0189, 0.1081 -0.0584 0.0189, 0.1045 -0.054 0.0189, 0.1002 -0.0502 0.0189, 0.0953 -0.0471 0.0189, 0.0901 -0.0449 0.0189, 0.0845 -0.0435 0.0189, 0.0788 -0.043 0.0189, 0.0737 -0.0478 0.0135, 0.0689 -0.049 0.0135, 0.0642 -0.051 0.0135, 0.06 -0.0537 0.0135, 0.0562 -0.057 0.0135, 0.053 -0.0609 0.0135, 0.0505 -0.0653 0.0135, 0.0487 -0.07 0.0135, 0.0477 -0.0749 0.0135, 0.0475 -0.08 0.0135, 0.0481 -0.085 0.0135, 0.0495 -0.0898 0.0135, 0.0517 -0.0944 0.0135, 0.0545 -0.0985 0.0135, 0.058 -0.1021 0.0135, 0.062 -0.1052 0.0135, 0.0665 -0.1075 0.0135, 0.0713 -0.1091 0.0135, 0.0762 -0.1099 0.0135, 0.0813 -0.1099 0.0135, 0.0862 -0.1091 0.0135, 0.091 -0.1075 0.0135, 0.0955 -0.1052 0.0135, 0.0995 -0.1021 0.0135, 0.103 -0.0985 0.0135, 0.1059 -0.0944 0.0135, 0.108 -0.0898 0.0135, 0.1094 -0.085 0.0135, 0.11 -0.08 0.0135, 0.1098 -0.0749 0.0135, 0.1088 -0.07 0.0135, 0.107 -0.0653 0.0135, 0.1045 -0.0609 0.0135, 0.1013 -0.057 0.0135, 0.0976 -0.0537 0.0135, 0.0933 -0.051 0.0135, 0.0887 -0.049 0.0135, 0.0838 -0.0478 0.0135, 0.0788 -0.0474 0.0135, 0.0746 -0.053 0.0088, 0.0705 -0.054 0.0088, 0.0666 -0.0556 0.0088, 0.0631 -0.0579 0.0088, 0.0599 -0.0606 0.0088, 0.0573 -0.0639 0.0088, 0.0552 -0.0675 0.0088, 0.0537 -0.0715 0.0088, 0.0529 -0.0756 0.0088, 0.0527 -0.0798 0.0088, 0.0532 -0.0839 0.0088, 0.0544 -0.088 0.0088, 0.0562 -0.0918 0.0088, 0.0586 -0.0952 0.0088, 0.0615 -0.0982 0.0088, 0.0648 -0.1008 0.0088, 0.0685 -0.1027 0.0088, 0.0725 -0.104 0.0088, 0.0767 -0.1047 0.0088, 0.0809 -0.1047 0.0088, 0.085 -0.104 0.0088, 0.089 -0.1027 0.0088, 0.0927 -0.1008 0.0088, 0.0961 -0.0982 0.0088, 0.099 -0.0952 0.0088, 0.1014 -0.0918 0.0088, 0.1032 -0.088 0.0088, 0.1043 -0.0839 0.0088, 0.1048 -0.0798 0.0088, 0.1047 -0.0756 0.0088, 0.1038 -0.0715 0.0088, 0.1023 -0.0675 0.0088, 0.1002 -0.0639 0.0088, 0.0976 -0.0606 0.0088, 0.0944 -0.0579 0.0088, 0.0909 -0.0556 0.0088, 0.087 -0.054 0.0088, 0.0829 -0.053 0.0088, 0.0788 -0.0526 0.0088, 0.0755 -0.0588 0.005, 0.0724 -0.0596 0.005, 0.0694 -0.0608 0.005, 0.0666 -0.0626 0.005, 0.0642 -0.0647 0.005, 0.0621 -0.0672 0.005, 0.0605 -0.0701 0.005, 0.0594 -0.0731 0.005, 0.0587 -0.0763 0.005, 0.0586 -0.0795 0.005, 0.059 -0.0827 0.005, 0.0599 -0.0859 0.005, 0.0613 -0.0888 0.005, 0.0631 -0.0915 0.005, 0.0654 -0.0938 0.005, 0.068 -0.0958 0.005, 0.0708 -0.0973 0.005, 0.0739 -0.0983 0.005, 0.0771 -0.0988 0.005, 0.0804 -0.0988 0.005, 0.0836 -0.0983 0.005, 0.0867 -0.0973 0.005, 0.0896 -0.0958 0.005, 0.0921 -0.0938 0.005, 0.0944 -0.0915 0.005, 0.0962 -0.0888 0.005, 0.0976 -0.0859 0.005, 0.0985 -0.0827 0.005, 0.0989 -0.0795 0.005, 0.0988 -0.0763 0.005, 0.0982 -0.0731 0.005, 0.097 -0.0701 0.005, 0.0954 -0.0672 0.005, 0.0933 -0.0647 0.005, 0.0909 -0.0626 0.005, 0.0881 -0.0608 0.005, 0.0852 -0.0596 0.005, 0.082 -0.0588 0.005, 0.0788 -0.0585 0.005, 0.0766 -0.0651 0.0023, 0.0744 -0.0657 0.0023, 0.0724 -0.0665 0.0023, 0.0705 -0.0677 0.0023, 0.0688 -0.0692 0.0023, 0.0674 -0.0709 0.0023, 0.0663 -0.0728 0.0023, 0.0655 -0.0749 0.0023, 0.0651 -0.0771 0.0023, 0.065 -0.0793 0.0023, 0.0653 -0.0815 0.0023, 0.0659 -0.0836 0.0023, 0.0668 -0.0856 0.0023, 0.0681 -0.0874 0.0023, 0.0696 -0.089 0.0023, 0.0714 -0.0903 0.0023, 0.0734 -0.0914 0.0023, 0.0755 -0.0921 0.0023, 0.0777 -0.0924 0.0023, 0.0799 -0.0924 0.0023, 0.0821 -0.0921 0.0023, 0.0842 -0.0914 0.0023, 0.0861 -0.0903 0.0023, 0.0879 -0.089 0.0023, 0.0894 -0.0874 0.0023, 0.0907 -0.0856 0.0023, 0.0916 -0.0836 0.0023, 0.0922 -0.0815 0.0023, 0.0925 -0.0793 0.0023, 0.0924 -0.0771 0.0023, 0.092 -0.0749 0.0023, 0.0912 -0.0728 0.0023, 0.0901 -0.0709 0.0023, 0.0887 -0.0692 0.0023, 0.087 -0.0677 0.0023, 0.0852 -0.0665 0.0023, 0.0831 -0.0657 0.0023, 0.081 -0.0651 0.0023, 0.0788 -0.0649 0.0023
            ]
        }
        coordIndex [
            0,1,2,-1,0,2,3,-1,4,3,2,-1,5,4,2,-1,6,5,2,-1,7,6,2,-1,8,7,2,-1,9,8,2,-1,10,9,2,-1,11,10,2,-1,12,11,2,-1,13,12,2,-1,14,13,2,-1,15,14,2,-1,16,15,2,-1,17,16,2,-1,18,17,2,-1,19,18,2,-1,20,19,2,-1,21,20,2,-1,22,21,2,-1,23,22,2,-1,24,23,2,-1,25,24,2,-1,26,25,2,-1,27,26,2,-1,28,27,2,-1,29,28,2,-1,30,29,2,-1,31,30,2,-1,32,31,2,-1,33,32,2,-1,34,33,2,-1,35,34,2,-1,36,35,2,-1,37,36,2,-1,38,37,2,-1,39,38,2,-1,1,39,2,-1,40,41,42,-1,42,43,40,-1,40,43,44,-1,40,44,45,-1,45,44,46,-1,45,46,47,-1,47,46,48,-1,47,48,49,-1,49,48,50,-1,49,50,51,-1,51,50,52,-1,51,52,53,-1,53,52,54,-1,53,54,55,-1,55,54,56,-1,55,56,57,-1,57,56,58,-1,57,58,59,-1,59,58,60,-1,59,60,61,-1,61,60,62,-1,61,62,63,-1,63,62,64,-1,63,64,65,-1,65,64,66,-1,65,66,67,-1,67,66,68,-1,67,68,69,-1,69,68,70,-1,69,70,71,-1,71,70,72,-1,71,72,73,-1,73,72,74,-1,73,74,75,-1,75,74,76,-1,75,76,77,-1,77,76,78,-1,77,78,79,-1,79,78,80,-1,79,80,81,-1,81,80,82,-1,81,82,83,-1,83,82,84,-1,83,84,85,-1,85,84,86,-1,85,86,87,-1,87,86,88,-1,87,88,89,-1,89,88,90,-1,89,90,91,-1,91,90,92,-1,91,92,93,-1,93,92,94,-1,93,94,95,-1,95,94,96,-1,95,96,97,-1,97,96,98,-1,97,98,99,-1,99,98,100,-1,99,100,101,-1,101,100,102,-1,101,102,103,-1,103,102,104,-1,103,104,105,-1,105,104,106,-1,105,106,107,-1,107,106,108,-1,107,108,109,-1,109,108,110,-1,109,110,111,-1,111,110,112,-1,111,112,113,-1,113,112,114,-1,113,114,115,-1,115,114,116,-1,115,116,117,-1,117,116,42,-1,117,42,118,-1,118,42,41,-1,60,119,62,-1,62,119,120,-1,62,120,64,-1,64,120,121,-1,64,121,66,-1,66,121,122,-1,66,122,68,-1,68,122,123,-1,68,123,70,-1,70,123,124,-1,70,124,72,-1,72,124,125,-1,72,125,74,-1,74,125,126,-1,74,126,76,-1,76,126,127,-1,76,127,78,-1,78,127,128,-1,78,128,80,-1,80,128,129,-1,80,129,82,-1,82,129,130,-1,82,130,84,-1,84,130,131,-1,84,131,86,-1,86,131,132,-1,86,132,88,-1,88,132,133,-1,88,133,90,-1,90,133,134,-1,90,134,92,-1,92,134,135,-1,92,135,94,-1,94,135,136,-1,94,136,96,-1,96,136,137,-1,96,137,98,-1,98,137,138,-1,98,138,100,-1,100,138,139,-1,100,139,102,-1,102,139,140,-1,102,140,104,-1,104,140,141,-1,104,141,106,-1,106,141,142,-1,106,142,108,-1,108,142,143,-1,108,143,110,-1,110,143,144,-1,110,144,112,-1,112,144,145,-1,112,145,114,-1,114,145,146,-1,114,146,116,-1,116,146,147,-1,116,147,42,-1,42,147,148,-1,42,148,43,-1,43,148,149,-1,43,149,44,-1,44,149,150,-1,44,150,46,-1,46,150,151,-1,46,151,48,-1,48,151,152,-1,48,152,50,-1,50,152,153,-1,50,153,52,-1,52,153,154,-1,52,154,54,-1,54,154,155,-1,54,155,56,-1,56,155,156,-1,56,156,58,-1,58,156,157,-1,58,157,60,-1,60,157,119,-1,157,158,119,-1,119,158,159,-1,119,159,120,-1,120,159,160,-1,120,160,121,-1,121,160,161,-1,121,161,122,-1,122,161,162,-1,122,162,123,-1,123,162,163,-1,123,163,124,-1,124,163,164,-1,124,164,125,-1,125,164,165,-1,125,165,126,-1,126,165,166,-1,126,166,127,-1,127,166,167,-1,127,167,128,-1,128,167,168,-1,128,168,129,-1,129,168,169,-1,129,169,130,-1,130,169,170,-1,130,170,131,-1,131,170,171,-1,131,171,132,-1,132,171,172,-1,132,172,133,-1,133,172,173,-1,133,173,134,-1,134,173,174,-1,134,174,135,-1,135,174,175,-1,135,175,136,-1,136,175,176,-1,136,176,137,-1,137,176,177,-1,137,177,138,-1,138,177,178,-1,138,178,139,-1,139,178,179,-1,139,179,140,-1,140,179,180,-1,140,180,141,-1,141,180,181,-1,141,181,142,-1,142,181,182,-1,142,182,143,-1,143,182,183,-1,143,183,144,-1,144,183,184,-1,144,184,145,-1,145,184,185,-1,145,185,146,-1,146,185,186,-1,146,186,147,-1,147,186,187,-1,147,187,148,-1,148,187,188,-1,148,188,149,-1,149,188,189,-1,149,189,150,-1,150,189,190,-1,150,190,151,-1,151,190,191,-1,151,191,152,-1,152,191,192,-1,152,192,153,-1,153,192,193,-1,153,193,154,-1,154,193,194,-1,154,194,155,-1,155,194,195,-1,155,195,156,-1,156,195,196,-1,156,196,157,-1,157,196,158,-1,196,197,158,-1,158,197,198,-1,158,198,159,-1,159,198,199,-1,159,199,160,-1,160,199,200,-1,160,200,161,-1,161,200,201,-1,161,201,162,-1,162,201,202,-1,162,202,163,-1,163,202,203,-1,163,203,164,-1,164,203,204,-1,164,204,165,-1,165,204,205,-1,165,205,166,-1,166,205,206,-1,166,206,167,-1,167,206,207,-1,167,207,168,-1,168,207,208,-1,168,208,169,-1,169,208,209,-1,169,209,170,-1,170,209,210,-1,170,210,171,-1,171,210,211,-1,171,211,172,-1,172,211,212,-1,172,212,173,-1,173,212,213,-1,173,213,174,-1,174,213,214,-1,174,214,175,-1,175,214,215,-1,175,215,176,-1,176,215,216,-1,176,216,177,-1,177,216,217,-1,177,217,178,-1,178,217,218,-1,178,218,179,-1,179,218,219,-1,179,219,180,-1,180,219,220,-1,180,220,181,-1,181,220,221,-1,181,221,182,-1,182,221,222,-1,182,222,183,-1,183,222,223,-1,183,223,184,-1,184,223,224,-1,184,224,185,-1,185,224,225,-1,185,225,186,-1,186,225,226,-1,186,226,187,-1,187,226,227,-1,187,227,188,-1,188,227,228,-1,188,228,189,-1,189,228,229,-1,189,229,190,-1,190,229,230,-1,190,230,191,-1,191,230,231,-1,191,231,192,-1,192,231,232,-1,192,232,193,-1,193,232,233,-1,193,233,194,-1,194,233,234,-1,194,234,195,-1,195,234,235,-1,195,235,196,-1,196,235,197,-1,235,236,197,-1,197,236,237,-1,197,237,198,-1,198,237,238,-1,198,238,199,-1,199,238,239,-1,199,239,200,-1,200,239,240,-1,200,240,201,-1,201,240,241,-1,201,241,202,-1,202,241,242,-1,202,242,203,-1,203,242,243,-1,203,243,204,-1,204,243,244,-1,204,244,205,-1,205,244,245,-1,205,245,206,-1,206,245,246,-1,206,246,207,-1,207,246,247,-1,207,247,208,-1,208,247,248,-1,208,248,209,-1,209,248,249,-1,209,249,210,-1,210,249,250,-1,210,250,211,-1,211,250,251,-1,211,251,212,-1,212,251,252,-1,212,252,213,-1,213,252,253,-1,213,253,214,-1,214,253,254,-1,214,254,215,-1,215,254,255,-1,215,255,216,-1,216,255,256,-1,216,256,217,-1,217,256,257,-1,217,257,218,-1,218,257,258,-1,218,258,219,-1,219,258,259,-1,219,259,220,-1,220,259,260,-1,220,260,221,-1,221,260,261,-1,221,261,222,-1,222,261,262,-1,222,262,223,-1,223,262,263,-1,223,263,224,-1,224,263,264,-1,224,264,225,-1,225,264,265,-1,225,265,226,-1,226,265,266,-1,226,266,227,-1,227,266,267,-1,227,267,228,-1,228,267,268,-1,228,268,229,-1,229,268,269,-1,229,269,230,-1,230,269,270,-1,230,270,231,-1,231,270,271,-1,231,271,232,-1,232,271,272,-1,232,272,233,-1,233,272,273,-1,233,273,234,-1,234,273,274,-1,234,274,235,-1,235,274,236,-1,274,275,236,-1,236,275,276,-1,236,276,237,-1,237,276,277,-1,237,277,238,-1,238,277,278,-1,238,278,239,-1,239,278,279,-1,239,279,240,-1,240,279,280,-1,240,280,241,-1,241,280,281,-1,241,281,242,-1,242,281,282,-1,242,282,243,-1,243,282,283,-1,243,283,244,-1,244,283,284,-1,244,284,245,-1,245,284,285,-1,245,285,246,-1,246,285,286,-1,246,286,247,-1,247,286,287,-1,247,287,248,-1,248,287,288,-1,248,288,249,-1,249,288,289,-1,249,289,250,-1,250,289,290,-1,250,290,251,-1,251,290,291,-1,251,291,252,-1,252,291,292,-1,252,292,253,-1,253,292,293,-1,253,293,254,-1,254,293,294,-1,254,294,255,-1,255,294,295,-1,255,295,256,-1,256,295,296,-1,256,296,257,-1,257,296,297,-1,257,297,258,-1,258,297,298,-1,258,298,259,-1,259,298,299,-1,259,299,260,-1,260,299,300,-1,260,300,261,-1,261,300,301,-1,261,301,262,-1,262,301,302,-1,262,302,263,-1,263,302,303,-1,263,303,264,-1,264,303,304,-1,264,304,265,-1,265,304,305,-1,265,305,266,-1,266,305,306,-1,266,306,267,-1,267,306,307,-1,267,307,268,-1,268,307,308,-1,268,308,269,-1,269,308,309,-1,269,309,270,-1,270,309,310,-1,270,310,271,-1,271,310,311,-1,271,311,272,-1,272,311,312,-1,272,312,273,-1,273,312,313,-1,273,313,274,-1,274,313,275,-1,313,314,275,-1,275,314,315,-1,275,315,276,-1,276,315,316,-1,276,316,277,-1,277,316,317,-1,277,317,278,-1,278,317,318,-1,278,318,279,-1,279,318,319,-1,279,319,280,-1,280,319,320,-1,280,320,281,-1,281,320,321,-1,281,321,282,-1,282,321,322,-1,282,322,283,-1,283,322,323,-1,283,323,284,-1,284,323,324,-1,284,324,285,-1,285,324,325,-1,285,325,286,-1,286,325,326,-1,286,326,287,-1,287,326,327,-1,287,327,288,-1,288,327,328,-1,288,328,289,-1,289,328,329,-1,289,329,290,-1,290,329,330,-1,290,330,291,-1,291,330,331,-1,291,331,292,-1,292,331,332,-1,292,332,293,-1,293,332,333,-1,293,333,294,-1,294,333,334,-1,294,334,295,-1,295,334,335,-1,295,335,296,-1,296,335,336,-1,296,336,297,-1,297,336,337,-1,297,337,298,-1,298,337,338,-1,298,338,299,-1,299,338,339,-1,299,339,300,-1,300,339,340,-1,300,340,301,-1,301,340,341,-1,301,341,302,-1,302,341,342,-1,302,342,303,-1,303,342,343,-1,303,343,304,-1,304,343,344,-1,304,344,305,-1,305,344,345,-1,305,345,306,-1,306,345,346,-1,306,346,307,-1,307,346,347,-1,307,347,308,-1,308,347,348,-1,308,348,309,-1,309,348,349,-1,309,349,310,-1,310,349,350,-1,310,350,311,-1,311,350,351,-1,311,351,312,-1,312,351,352,-1,312,352,313,-1,313,352,314,-1,352,353,314,-1,314,353,354,-1,314,354,315,-1,315,354,355,-1,315,355,316,-1,316,355,356,-1,316,356,317,-1,317,356,357,-1,317,357,318,-1,318,357,358,-1,318,358,319,-1,319,358,359,-1,319,359,320,-1,320,359,360,-1,320,360,321,-1,321,360,361,-1,321,361,322,-1,322,361,362,-1,322,362,323,-1,323,362,363,-1,323,363,324,-1,324,363,364,-1,324,364,325,-1,325,364,365,-1,325,365,326,-1,326,365,366,-1,326,366,327,-1,327,366,367,-1,327,367,328,-1,328,367,368,-1,328,368,329,-1,329,368,369,-1,329,369,330,-1,330,369,370,-1,330,370,331,-1,331,370,371,-1,331,371,332,-1,332,371,372,-1,332,372,333,-1,333,372,373,-1,333,373,334,-1,334,373,374,-1,334,374,335,-1,335,374,375,-1,335,375,336,-1,336,375,376,-1,336,376,337,-1,337,376,377,-1,337,377,338,-1,338,377,378,-1,338,378,339,-1,339,378,379,-1,339,379,340,-1,340,379,380,-1,340,380,341,-1,341,380,381,-1,341,381,342,-1,342,381,382,-1,342,382,343,-1,343,382,383,-1,343,383,344,-1,344,383,384,-1,344,384,345,-1,345,384,385,-1,345,385,346,-1,346,385,386,-1,346,386,347,-1,347,386,387,-1,347,387,348,-1,348,387,388,-1,348,388,349,-1,349,388,389,-1,349,389,350,-1,350,389,390,-1,350,390,351,-1,351,390,391,-1,351,391,352,-1,352,391,353,-1,391,392,353,-1,353,392,393,-1,353,393,354,-1,354,393,394,-1,354,394,355,-1,355,394,395,-1,355,395,356,-1,356,395,396,-1,356,396,357,-1,357,396,397,-1,357,397,358,-1,358,397,398,-1,358,398,359,-1,359,398,399,-1,359,399,360,-1,360,399,400,-1,360,400,361,-1,361,400,401,-1,361,401,362,-1,362,401,402,-1,362,402,363,-1,363,402,403,-1,363,403,364,-1,364,403,404,-1,364,404,365,-1,365,404,405,-1,365,405,366,-1,366,405,406,-1,366,406,367,-1,367,406,407,-1,367,407,368,-1,368,407,408,-1,368,408,369,-1,369,408,409,-1,369,409,370,-1,370,409,410,-1,370,410,371,-1,371,410,411,-1,371,411,372,-1,372,411,412,-1,372,412,373,-1,373,412,413,-1,373,413,374,-1,374,413,414,-1,374,414,375,-1,375,414,415,-1,375,415,376,-1,376,415,416,-1,376,416,377,-1,377,416,417,-1,377,417,378,-1,378,417,418,-1,378,418,379,-1,379,418,419,-1,379,419,380,-1,380,419,420,-1,380,420,381,-1,381,420,421,-1,381,421,382,-1,382,421,422,-1,382,422,383,-1,383,422,423,-1,383,423,384,-1,384,423,424,-1,384,424,385,-1,385,424,425,-1,385,425,386,-1,386,425,426,-1,386,426,387,-1,387,426,427,-1,387,427,388,-1,388,427,428,-1,388,428,389,-1,389,428,429,-1,389,429,390,-1,390,429,430,-1,390,430,391,-1,391,430,392,-1,430,431,392,-1,392,431,432,-1,392,432,393,-1,393,432,433,-1,393,433,394,-1,394,433,434,-1,394,434,395,-1,395,434,435,-1,395,435,396,-1,396,435,436,-1,396,436,397,-1,397,436,437,-1,397,437,398,-1,398,437,438,-1,398,438,399,-1,399,438,439,-1,399,439,400,-1,400,439,440,-1,400,440,401,-1,401,440,441,-1,401,441,402,-1,402,441,442,-1,402,442,403,-1,403,442,443,-1,403,443,404,-1,404,443,444,-1,404,444,405,-1,405,444,445,-1,405,445,406,-1,406,445,446,-1,406,446,407,-1,407,446,447,-1,407,447,408,-1,408,447,448,-1,408,448,409,-1,409,448,449,-1,409,449,410,-1,410,449,450,-1,410,450,411,-1,411,450,451,-1,411,451,412,-1,412,451,452,-1,412,452,413,-1,413,452,453,-1,413,453,414,-1,414,453,454,-1,414,454,415,-1,415,454,455,-1,415,455,416,-1,416,455,456,-1,416,456,417,-1,417,456,457,-1,417,457,418,-1,418,457,458,-1,418,458,419,-1,419,458,459,-1,419,459,420,-1,420,459,460,-1,420,460,421,-1,421,460,461,-1,421,461,422,-1,422,461,462,-1,422,462,423,-1,423,462,463,-1,423,463,424,-1,424,463,464,-1,424,464,425,-1,425,464,465,-1,425,465,426,-1,426,465,466,-1,426,466,427,-1,427,466,467,-1,427,467,428,-1,428,467,468,-1,428,468,429,-1,429,468,469,-1,429,469,430,-1,430,469,431,-1,469,1,431,-1,431,1,0,-1,431,0,432,-1,432,0,3,-1,432,3,433,-1,433,3,4,-1,433,4,434,-1,434,4,5,-1,434,5,435,-1,435,5,6,-1,435,6,436,-1,436,6,7,-1,436,7,437,-1,437,7,8,-1,437,8,438,-1,438,8,9,-1,438,9,439,-1,439,9,10,-1,439,10,440,-1,440,10,11,-1,440,11,441,-1,441,11,12,-1,441,12,442,-1,442,12,13,-1,442,13,443,-1,443,13,14,-1,443,14,444,-1,444,14,15,-1,444,15,445,-1,445,15,16,-1,445,16,446,-1,446,16,17,-1,446,17,447,-1,447,17,18,-1,447,18,448,-1,448,18,19,-1,448,19,449,-1,449,19,20,-1,449,20,450,-1,450,20,21,-1,450,21,451,-1,451,21,22,-1,451,22,452,-1,452,22,23,-1,452,23,453,-1,453,23,24,-1,453,24,454,-1,454,24,25,-1,454,25,455,-1,455,25,26,-1,455,26,456,-1,456,26,27,-1,456,27,457,-1,457,27,28,-1,457,28,458,-1,458,28,29,-1,458,29,459,-1,459,29,30,-1,459,30,460,-1,460,30,31,-1,460,31,461,-1,461,31,32,-1,461,32,462,-1,462,32,33,-1,462,33,463,-1,463,33,34,-1,463,34,464,-1,464,34,35,-1,464,35,465,-1,465,35,36,-1,465,36,466,-1,466,36,37,-1,466,37,467,-1,467,37,38,-1,467,38,468,-1,468,38,39,-1,468,39,469,-1,469,39,1,-1,470,471,472,-1,470,472,473,-1,474,473,472,-1,475,474,472,-1,476,475,472,-1,477,476,472,-1,478,477,472,-1,479,478,472,-1,480,479,472,-1,481,480,472,-1,482,481,472,-1,483,482,472,-1,484,483,472,-1,485,484,472,-1,486,485,472,-1,487,486,472,-1,488,487,472,-1,489,488,472,-1,490,489,472,-1,491,490,472,-1,492,491,472,-1,493,492,472,-1,494,493,472,-1,495,494,472,-1,496,495,472,-1,497,496,472,-1,498,497,472,-1,499,498,472,-1,500,499,472,-1,501,500,472,-1,502,501,472,-1,503,502,472,-1,504,503,472,-1,505,504,472,-1,506,505,472,-1,507,506,472,-1,508,507,472,-1,509,508,472,-1,471,509,472,-1,510,511,512,-1,512,513,510,-1,510,513,514,-1,510,514,515,-1,515,514,516,-1,515,516,517,-1,517,516,518,-1,517,518,519,-1,519,518,520,-1,519,520,521,-1,521,520,522,-1,521,522,523,-1,523,522,524,-1,523,524,525,-1,525,524,526,-1,525,526,527,-1,527,526,528,-1,527,528,529,-1,529,528,530,-1,529,530,531,-1,531,530,532,-1,531,532,533,-1,533,532,534,-1,533,534,535,-1,535,534,536,-1,535,536,537,-1,537,536,538,-1,537,538,539,-1,539,538,540,-1,539,540,541,-1,541,540,542,-1,541,542,543,-1,543,542,544,-1,543,544,545,-1,545,544,546,-1,545,546,547,-1,547,546,548,-1,547,548,549,-1,549,548,550,-1,549,550,551,-1,551,550,552,-1,551,552,553,-1,553,552,554,-1,553,554,555,-1,555,554,556,-1,555,556,557,-1,557,556,558,-1,557,558,559,-1,559,558,560,-1,559,560,561,-1,561,560,562,-1,561,562,563,-1,563,562,564,-1,563,564,565,-1,565,564,566,-1,565,566,567,-1,567,566,568,-1,567,568,569,-1,569,568,570,-1,569,570,571,-1,571,570,572,-1,571,572,573,-1,573,572,574,-1,573,574,575,-1,575,574,576,-1,575,576,577,-1,577,576,578,-1,577,578,579,-1,579,578,580,-1,579,580,581,-1,581,580,582,-1,581,582,583,-1,583,582,584,-1,583,584,585,-1,585,584,586,-1,585,586,587,-1,587,586,512,-1,587,512,588,-1,588,512,511,-1,530,589,532,-1,532,589,590,-1,532,590,534,-1,534,590,591,-1,534,591,536,-1,536,591,592,-1,536,592,538,-1,538,592,593,-1,538,593,540,-1,540,593,594,-1,540,594,542,-1,542,594,595,-1,542,595,544,-1,544,595,596,-1,544,596,546,-1,546,596,597,-1,546,597,548,-1,548,597,598,-1,548,598,550,-1,550,598,599,-1,550,599,552,-1,552,599,600,-1,552,600,554,-1,554,600,601,-1,554,601,556,-1,556,601,602,-1,556,602,558,-1,558,602,603,-1,558,603,560,-1,560,603,604,-1,560,604,562,-1,562,604,605,-1,562,605,564,-1,564,605,606,-1,564,606,566,-1,566,606,607,-1,566,607,568,-1,568,607,608,-1,568,608,570,-1,570,608,609,-1,570,609,572,-1,572,609,610,-1,572,610,574,-1,574,610,611,-1,574,611,576,-1,576,611,612,-1,576,612,578,-1,578,612,613,-1,578,613,580,-1,580,613,614,-1,580,614,582,-1,582,614,615,-1,582,615,584,-1,584,615,616,-1,584,616,586,-1,586,616,617,-1,586,617,512,-1,512,617,618,-1,512,618,513,-1,513,618,619,-1,513,619,514,-1,514,619,620,-1,514,620,516,-1,516,620,621,-1,516,621,518,-1,518,621,622,-1,518,622,520,-1,520,622,623,-1,520,623,522,-1,522,623,624,-1,522,624,524,-1,524,624,625,-1,524,625,526,-1,526,625,626,-1,526,626,528,-1,528,626,627,-1,528,627,530,-1,530,627,589,-1,627,628,589,-1,589,628,629,-1,589,629,590,-1,590,629,630,-1,590,630,591,-1,591,630,631,-1,591,631,592,-1,592,631,632,-1,592,632,593,-1,593,632,633,-1,593,633,594,-1,594,633,634,-1,594,634,595,-1,595,634,635,-1,595,635,596,-1,596,635,636,-1,596,636,597,-1,597,636,637,-1,597,637,598,-1,598,637,638,-1,598,638,599,-1,599,638,639,-1,599,639,600,-1,600,639,640,-1,600,640,601,-1,601,640,641,-1,601,641,602,-1,602,641,642,-1,602,642,603,-1,603,642,643,-1,603,643,604,-1,604,643,644,-1,604,644,605,-1,605,644,645,-1,605,645,606,-1,606,645,646,-1,606,646,607,-1,607,646,647,-1,607,647,608,-1,608,647,648,-1,608,648,609,-1,609,648,649,-1,609,649,610,-1,610,649,650,-1,610,650,611,-1,611,650,651,-1,611,651,612,-1,612,651,652,-1,612,652,613,-1,613,652,653,-1,613,653,614,-1,614,653,654,-1,614,654,615,-1,615,654,655,-1,615,655,616,-1,616,655,656,-1,616,656,617,-1,617,656,657,-1,617,657,618,-1,618,657,658,-1,618,658,619,-1,619,658,659,-1,619,659,620,-1,620,659,660,-1,620,660,621,-1,621,660,661,-1,621,661,622,-1,622,661,662,-1,622,662,623,-1,623,662,663,-1,623,663,624,-1,624,663,664,-1,624,664,625,-1,625,664,665,-1,625,665,626,-1,626,665,666,-1,626,666,627,-1,627,666,628,-1,666,667,628,-1,628,667,668,-1,628,668,629,-1,629,668,669,-1,629,669,630,-1,630,669,670,-1,630,670,631,-1,631,670,671,-1,631,671,632,-1,632,671,672,-1,632,672,633,-1,633,672,673,-1,633,673,634,-1,634,673,674,-1,634,674,635,-1,635,674,675,-1,635,675,636,-1,636,675,676,-1,636,676,637,-1,637,676,677,-1,637,677,638,-1,638,677,678,-1,638,678,639,-1,639,678,679,-1,639,679,640,-1,640,679,680,-1,640,680,641,-1,641,680,681,-1,641,681,642,-1,642,681,682,-1,642,682,643,-1,643,682,683,-1,643,683,644,-1,644,683,684,-1,644,684,645,-1,645,684,685,-1,645,685,646,-1,646,685,686,-1,646,686,647,-1,647,686,687,-1,647,687,648,-1,648,687,688,-1,648,688,649,-1,649,688,689,-1,649,689,650,-1,650,689,690,-1,650,690,651,-1,651,690,691,-1,651,691,652,-1,652,691,692,-1,652,692,653,-1,653,692,693,-1,653,693,654,-1,654,693,694,-1,654,694,655,-1,655,694,695,-1,655,695,656,-1,656,695,696,-1,656,696,657,-1,657,696,697,-1,657,697,658,-1,658,697,698,-1,658,698,659,-1,659,698,699,-1,659,699,660,-1,660,699,700,-1,660,700,661,-1,661,700,701,-1,661,701,662,-1,662,701,702,-1,662,702,663,-1,663,702,703,-1,663,703,664,-1,664,703,704,-1,664,704,665,-1,665,704,705,-1,665,705,666,-1,666,705,667,-1,705,706,667,-1,667,706,707,-1,667,707,668,-1,668,707,708,-1,668,708,669,-1,669,708,709,-1,669,709,670,-1,670,709,710,-1,670,710,671,-1,671,710,711,-1,671,711,672,-1,672,711,712,-1,672,712,673,-1,673,712,713,-1,673,713,674,-1,674,713,714,-1,674,714,675,-1,675,714,715,-1,675,715,676,-1,676,715,716,-1,676,716,677,-1,677,716,717,-1,677,717,678,-1,678,717,718,-1,678,718,679,-1,679,718,719,-1,679,719,680,-1,680,719,720,-1,680,720,681,-1,681,720,721,-1,681,721,682,-1,682,721,722,-1,682,722,683,-1,683,722,723,-1,683,723,684,-1,684,723,724,-1,684,724,685,-1,685,724,725,-1,685,725,686,-1,686,725,726,-1,686,726,687,-1,687,726,727,-1,687,727,688,-1,688,727,728,-1,688,728,689,-1,689,728,729,-1,689,729,690,-1,690,729,730,-1,690,730,691,-1,691,730,731,-1,691,731,692,-1,692,731,732,-1,692,732,693,-1,693,732,733,-1,693,733,694,-1,694,733,734,-1,694,734,695,-1,695,734,735,-1,695,735,696,-1,696,735,736,-1,696,736,697,-1,697,736,737,-1,697,737,698,-1,698,737,738,-1,698,738,699,-1,699,738,739,-1,699,739,700,-1,700,739,740,-1,700,740,701,-1,701,740,741,-1,701,741,702,-1,702,741,742,-1,702,742,703,-1,703,742,743,-1,703,743,704,-1,704,743,744,-1,704,744,705,-1,705,744,706,-1,744,745,706,-1,706,745,746,-1,706,746,707,-1,707,746,747,-1,707,747,708,-1,708,747,748,-1,708,748,709,-1,709,748,749,-1,709,749,710,-1,710,749,750,-1,710,750,711,-1,711,750,751,-1,711,751,712,-1,712,751,752,-1,712,752,713,-1,713,752,753,-1,713,753,714,-1,714,753,754,-1,714,754,715,-1,715,754,755,-1,715,755,716,-1,716,755,756,-1,716,756,717,-1,717,756,757,-1,717,757,718,-1,718,757,758,-1,718,758,719,-1,719,758,759,-1,719,759,720,-1,720,759,760,-1,720,760,721,-1,721,760,761,-1,721,761,722,-1,722,761,762,-1,722,762,723,-1,723,762,763,-1,723,763,724,-1,724,763,764,-1,724,764,725,-1,725,764,765,-1,725,765,726,-1,726,765,766,-1,726,766,727,-1,727,766,767,-1,727,767,728,-1,728,767,768,-1,728,768,729,-1,729,768,769,-1,729,769,730,-1,730,769,770,-1,730,770,731,-1,731,770,771,-1,731,771,732,-1,732,771,772,-1,732,772,733,-1,733,772,773,-1,733,773,734,-1,734,773,774,-1,734,774,735,-1,735,774,775,-1,735,775,736,-1,736,775,776,-1,736,776,737,-1,737,776,777,-1,737,777,738,-1,738,777,778,-1,738,778,739,-1,739,778,779,-1,739,779,740,-1,740,779,780,-1,740,780,741,-1,741,780,781,-1,741,781,742,-1,742,781,782,-1,742,782,743,-1,743,782,783,-1,743,783,744,-1,744,783,745,-1,783,784,745,-1,745,784,785,-1,745,785,746,-1,746,785,786,-1,746,786,747,-1,747,786,787,-1,747,787,748,-1,748,787,788,-1,748,788,749,-1,749,788,789,-1,749,789,750,-1,750,789,790,-1,750,790,751,-1,751,790,791,-1,751,791,752,-1,752,791,792,-1,752,792,753,-1,753,792,793,-1,753,793,754,-1,754,793,794,-1,754,794,755,-1,755,794,795,-1,755,795,756,-1,756,795,796,-1,756,796,757,-1,757,796,797,-1,757,797,758,-1,758,797,798,-1,758,798,759,-1,759,798,799,-1,759,799,760,-1,760,799,800,-1,760,800,761,-1,761,800,801,-1,761,801,762,-1,762,801,802,-1,762,802,763,-1,763,802,803,-1,763,803,764,-1,764,803,804,-1,764,804,765,-1,765,804,805,-1,765,805,766,-1,766,805,806,-1,766,806,767,-1,767,806,807,-1,767,807,768,-1,768,807,808,-1,768,808,769,-1,769,808,809,-1,769,809,770,-1,770,809,810,-1,770,810,771,-1,771,810,811,-1,771,811,772,-1,772,811,812,-1,772,812,773,-1,773,812,813,-1,773,813,774,-1,774,813,814,-1,774,814,775,-1,775,814,815,-1,775,815,776,-1,776,815,816,-1,776,816,777,-1,777,816,817,-1,777,817,778,-1,778,817,818,-1,778,818,779,-1,779,818,819,-1,779,819,780,-1,780,819,820,-1,780,820,781,-1,781,820,821,-1,781,821,782,-1,782,821,822,-1,782,822,783,-1,783,822,784,-1,822,823,784,-1,784,823,824,-1,784,824,785,-1,785,824,825,-1,785,825,786,-1,786,825,826,-1,786,826,787,-1,787,826,827,-1,787,827,788,-1,788,827,828,-1,788,828,789,-1,789,828,829,-1,789,829,790,-1,790,829,830,-1,790,830,791,-1,791,830,831,-1,791,831,792,-1,792,831,832,-1,792,832,793,-1,793,832,833,-1,793,833,794,-1,794,833,834,-1,794,834,795,-1,795,834,835,-1,795,835,796,-1,796,835,836,-1,796,836,797,-1,797,836,837,-1,797,837,798,-1,798,837,838,-1,798,838,799,-1,799,838,839,-1,799,839,800,-1,800,839,840,-1,800,840,801,-1,801,840,841,-1,801,841,802,-1,802,841,842,-1,802,842,803,-1,803,842,843,-1,803,843,804,-1,804,843,844,-1,804,844,805,-1,805,844,845,-1,805,845,806,-1,806,845,846,-1,806,846,807,-1,807,846,847,-1,807,847,808,-1,808,847,848,-1,808,848,809,-1,809,848,849,-1,809,849,810,-1,810,849,850,-1,810,850,811,-1,811,850,851,-1,811,851,812,-1,812,851,852,-1,812,852,813,-1,813,852,853,-1,813,853,814,-1,814,853,854,-1,814,854,815,-1,815,854,855,-1,815,855,816,-1,816,855,856,-1,816,856,817,-1,817,856,857,-1,817,857,818,-1,818,857,858,-1,818,858,819,-1,819,858,859,-1,819,859,820,-1,820,859,860,-1,820,860,821,-1,821,860,861,-1,821,861,822,-1,822,861,823,-1,861,862,823,-1,823,862,863,-1,823,863,824,-1,824,863,864,-1,824,864,825,-1,825,864,865,-1,825,865,826,-1,826,865,866,-1,826,866,827,-1,827,866,867,-1,827,867,828,-1,828,867,868,-1,828,868,829,-1,829,868,869,-1,829,869,830,-1,830,869,870,-1,830,870,831,-1,831,870,871,-1,831,871,832,-1,832,871,872,-1,832,872,833,-1,833,872,873,-1,833,873,834,-1,834,873,874,-1,834,874,835,-1,835,874,875,-1,835,875,836,-1,836,875,876,-1,836,876,837,-1,837,876,877,-1,837,877,838,-1,838,877,878,-1,838,878,839,-1,839,878,879,-1,839,879,840,-1,840,879,880,-1,840,880,841,-1,841,880,881,-1,841,881,842,-1,842,881,882,-1,842,882,843,-1,843,882,883,-1,843,883,844,-1,844,883,884,-1,844,884,845,-1,845,884,885,-1,845,885,846,-1,846,885,886,-1,846,886,847,-1,847,886,887,-1,847,887,848,-1,848,887,888,-1,848,888,849,-1,849,888,889,-1,849,889,850,-1,850,889,890,-1,850,890,851,-1,851,890,891,-1,851,891,852,-1,852,891,892,-1,852,892,853,-1,853,892,893,-1,853,893,854,-1,854,893,894,-1,854,894,855,-1,855,894,895,-1,855,895,856,-1,856,895,896,-1,856,896,857,-1,857,896,897,-1,857,897,858,-1,858,897,898,-1,858,898,859,-1,859,898,899,-1,859,899,860,-1,860,899,900,-1,860,900,861,-1,861,900,862,-1,900,901,862,-1,862,901,902,-1,862,902,863,-1,863,902,903,-1,863,903,864,-1,864,903,904,-1,864,904,865,-1,865,904,905,-1,865,905,866,-1,866,905,906,-1,866,906,867,-1,867,906,907,-1,867,907,868,-1,868,907,908,-1,868,908,869,-1,869,908,909,-1,869,909,870,-1,870,909,910,-1,870,910,871,-1,871,910,911,-1,871,911,872,-1,872,911,912,-1,872,912,873,-1,873,912,913,-1,873,913,874,-1,874,913,914,-1,874,914,875,-1,875,914,915,-1,875,915,876,-1,876,915,916,-1,876,916,877,-1,877,916,917,-1,877,917,878,-1,878,917,918,-1,878,918,879,-1,879,918,919,-1,879,919,880,-1,880,919,920,-1,880,920,881,-1,881,920,921,-1,881,921,882,-1,882,921,922,-1,882,922,883,-1,883,922,923,-1,883,923,884,-1,884,923,924,-1,884,924,885,-1,885,924,925,-1,885,925,886,-1,886,925,926,-1,886,926,887,-1,887,926,927,-1,887,927,888,-1,888,927,928,-1,888,928,889,-1,889,928,929,-1,889,929,890,-1,890,929,930,-1,890,930,891,-1,891,930,931,-1,891,931,892,-1,892,931,932,-1,892,932,893,-1,893,932,933,-1,893,933,894,-1,894,933,934,-1,894,934,895,-1,895,934,935,-1,895,935,896,-1,896,935,936,-1,896,936,897,-1,897,936,937,-1,897,937,898,-1,898,937,938,-1,898,938,899,-1,899,938,939,-1,899,939,900,-1,900,939,901,-1,939,471,901,-1,901,471,470,-1,901,470,902,-1,902,470,473,-1,902,473,903,-1,903,473,474,-1,903,474,904,-1,904,474,475,-1,904,475,905,-1,905,475,476,-1,905,476,906,-1,906,476,477,-1,906,477,907,-1,907,477,478,-1,907,478,908,-1,908,478,479,-1,908,479,909,-1,909,479,480,-1,909,480,910,-1,910,480,481,-1,910,481,911,-1,911,481,482,-1,911,482,912,-1,912,482,483,-1,912,483,913,-1,913,483,484,-1,913,484,914,-1,914,484,485,-1,914,485,915,-1,915,485,486,-1,915,486,916,-1,916,486,487,-1,916,487,917,-1,917,487,488,-1,917,488,918,-1,918,488,489,-1,918,489,919,-1,919,489,490,-1,919,490,920,-1,920,490,491,-1,920,491,921,-1,921,491,492,-1,921,492,922,-1,922,492,493,-1,922,493,923,-1,923,493,494,-1,923,494,924,-1,924,494,495,-1,924,495,925,-1,925,495,496,-1,925,496,926,-1,926,496,497,-1,926,497,927,-1,927,497,498,-1,927,498,928,-1,928,498,499,-1,928,499,929,-1,929,499,500,-1,929,500,930,-1,930,500,501,-1,930,501,931,-1,931,501,502,-1,931,502,932,-1,932,502,503,-1,932,503,933,-1,933,503,504,-1,933,504,934,-1,934,504,505,-1,934,505,935,-1,935,505,506,-1,935,506,936,-1,936,506,507,-1,936,507,937,-1,937,507,508,-1,937,508,938,-1,938,508,509,-1,938,509,939,-1,939,509,471,-1,940,941,942,-1,940,942,943,-1,944,943,942,-1,945,944,942,-1,946,945,942,-1,947,946,942,-1,948,947,942,-1,949,948,942,-1,950,949,942,-1,951,950,942,-1,952,951,942,-1,953,952,942,-1,954,953,942,-1,955,954,942,-1,956,955,942,-1,957,956,942,-1,958,957,942,-1,959,958,942,-1,960,959,942,-1,961,960,942,-1,962,961,942,-1,963,962,942,-1,964,963,942,-1,965,964,942,-1,966,965,942,-1,967,966,942,-1,968,967,942,-1,969,968,942,-1,970,969,942,-1,971,970,942,-1,972,971,942,-1,973,972,942,-1,974,973,942,-1,975,974,942,-1,976,975,942,-1,977,976,942,-1,978,977,942,-1,979,978,942,-1,941,979,942,-1,980,981,982,-1,982,983,980,-1,980,983,984,-1,980,984,985,-1,985,984,986,-1,985,986,987,-1,987,986,988,-1,987,988,989,-1,989,988,990,-1,989,990,991,-1,991,990,992,-1,991,992,993,-1,993,992,994,-1,993,994,995,-1,995,994,996,-1,995,996,997,-1,997,996,998,-1,997,998,999,-1,999,998,1000,-1,999,1000,1001,-1,1001,1000,1002,-1,1001,1002,1003,-1,1003,1002,1004,-1,1003,1004,1005,-1,1005,1004,1006,-1,1005,1006,1007,-1,1007,1006,1008,-1,1007,1008,1009,-1,1009,1008,1010,-1,1009,1010,1011,-1,1011,1010,1012,-1,1011,1012,1013,-1,1013,1012,1014,-1,1013,1014,1015,-1,1015,1014,1016,-1,1015,1016,1017,-1,1017,1016,1018,-1,1017,1018,1019,-1,1019,1018,1020,-1,1019,1020,1021,-1,1021,1020,1022,-1,1021,1022,1023,-1,1023,1022,1024,-1,1023,1024,1025,-1,1025,1024,1026,-1,1025,1026,1027,-1,1027,1026,1028,-1,1027,1028,1029,-1,1029,1028,1030,-1,1029,1030,1031,-1,1031,1030,1032,-1,1031,1032,1033,-1,1033,1032,1034,-1,1033,1034,1035,-1,1035,1034,1036,-1,1035,1036,1037,-1,1037,1036,1038,-1,1037,1038,1039,-1,1039,1038,1040,-1,1039,1040,1041,-1,1041,1040,1042,-1,1041,1042,1043,-1,1043,1042,1044,-1,1043,1044,1045,-1,1045,1044,1046,-1,1045,1046,1047,-1,1047,1046,1048,-1,1047,1048,1049,-1,1049,1048,1050,-1,1049,1050,1051,-1,1051,1050,1052,-1,1051,1052,1053,-1,1053,1052,1054,-1,1053,1054,1055,-1,1055,1054,1056,-1,1055,1056,1057,-1,1057,1056,982,-1,1057,982,1058,-1,1058,982,981,-1,1000,1059,1002,-1,1002,1059,1060,-1,1002,1060,1004,-1,1004,1060,1061,-1,1004,1061,1006,-1,1006,1061,1062,-1,1006,1062,1008,-1,1008,1062,1063,-1,1008,1063,1010,-1,1010,1063,1064,-1,1010,1064,1012,-1,1012,1064,1065,-1,1012,1065,1014,-1,1014,1065,1066,-1,1014,1066,1016,-1,1016,1066,1067,-1,1016,1067,1018,-1,1018,1067,1068,-1,1018,1068,1020,-1,1020,1068,1069,-1,1020,1069,1022,-1,1022,1069,1070,-1,1022,1070,1024,-1,1024,1070,1071,-1,1024,1071,1026,-1,1026,1071,1072,-1,1026,1072,1028,-1,1028,1072,1073,-1,1028,1073,1030,-1,1030,1073,1074,-1,1030,1074,1032,-1,1032,1074,1075,-1,1032,1075,1034,-1,1034,1075,1076,-1,1034,1076,1036,-1,1036,1076,1077,-1,1036,1077,1038,-1,1038,1077,1078,-1,1038,1078,1040,-1,1040,1078,1079,-1,1040,1079,1042,-1,1042,1079,1080,-1,1042,1080,1044,-1,1044,1080,1081,-1,1044,1081,1046,-1,1046,1081,1082,-1,1046,1082,1048,-1,1048,1082,1083,-1,1048,1083,1050,-1,1050,1083,1084,-1,1050,1084,1052,-1,1052,1084,1085,-1,1052,1085,1054,-1,1054,1085,1086,-1,1054,1086,1056,-1,1056,1086,1087,-1,1056,1087,982,-1,982,1087,1088,-1,982,1088,983,-1,983,1088,1089,-1,983,1089,984,-1,984,1089,1090,-1,984,1090,986,-1,986,1090,1091,-1,986,1091,988,-1,988,1091,1092,-1,988,1092,990,-1,990,1092,1093,-1,990,1093,992,-1,992,1093,1094,-1,992,1094,994,-1,994,1094,1095,-1,994,1095,996,-1,996,1095,1096,-1,996,1096,998,-1,998,1096,1097,-1,998,1097,1000,-1,1000,1097,1059,-1,1097,1098,1059,-1,1059,1098,1099,-1,1059,1099,1060,-1,1060,1099,1100,-1,1060,1100,1061,-1,1061,1100,1101,-1,1061,1101,1062,-1,1062,1101,1102,-1,1062,1102,1063,-1,1063,1102,1103,-1,1063,1103,1064,-1,1064,1103,1104,-1,1064,1104,1065,-1,1065,1104,1105,-1,1065,1105,1066,-1,1066,1105,1106,-1,1066,1106,1067,-1,1067,1106,1107,-1,1067,1107,1068,-1,1068,1107,1108,-1,1068,1108,1069,-1,1069,1108,1109,-1,1069,1109,1070,-1,1070,1109,1110,-1,1070,1110,1071,-1,1071,1110,1111,-1,1071,1111,1072,-1,1072,1111,1112,-1,1072,1112,1073,-1,1073,1112,1113,-1,1073,1113,1074,-1,1074,1113,1114,-1,1074,1114,1075,-1,1075,1114,1115,-1,1075,1115,1076,-1,1076,1115,1116,-1,1076,1116,1077,-1,1077,1116,1117,-1,1077,1117,1078,-1,1078,1117,1118,-1,1078,1118,1079,-1,1079,1118,1119,-1,1079,1119,1080,-1,1080,1119,1120,-1,1080,1120,1081,-1,1081,1120,1121,-1,1081,1121,1082,-1,1082,1121,1122,-1,1082,1122,1083,-1,1083,1122,1123,-1,1083,1123,1084,-1,1084,1123,1124,-1,1084,1124,1085,-1,1085,1124,1125,-1,1085,1125,1086,-1,1086,1125,1126,-1,1086,1126,1087,-1,1087,1126,1127,-1,1087,1127,1088,-1,1088,1127,1128,-1,1088,1128,1089,-1,1089,1128,1129,-1,1089,1129,1090,-1,1090,1129,1130,-1,1090,1130,1091,-1,1091,1130,1131,-1,1091,1131,1092,-1,1092,1131,1132,-1,1092,1132,1093,-1,1093,1132,1133,-1,1093,1133,1094,-1,1094,1133,1134,-1,1094,1134,1095,-1,1095,1134,1135,-1,1095,1135,1096,-1,1096,1135,1136,-1,1096,1136,1097,-1,1097,1136,1098,-1,1136,1137,1098,-1,1098,1137,1138,-1,1098,1138,1099,-1,1099,1138,1139,-1,1099,1139,1100,-1,1100,1139,1140,-1,1100,1140,1101,-1,1101,1140,1141,-1,1101,1141,1102,-1,1102,1141,1142,-1,1102,1142,1103,-1,1103,1142,1143,-1,1103,1143,1104,-1,1104,1143,1144,-1,1104,1144,1105,-1,1105,1144,1145,-1,1105,1145,1106,-1,1106,1145,1146,-1,1106,1146,1107,-1,1107,1146,1147,-1,1107,1147,1108,-1,1108,1147,1148,-1,1108,1148,1109,-1,1109,1148,1149,-1,1109,1149,1110,-1,1110,1149,1150,-1,1110,1150,1111,-1,1111,1150,1151,-1,1111,1151,1112,-1,1112,1151,1152,-1,1112,1152,1113,-1,1113,1152,1153,-1,1113,1153,1114,-1,1114,1153,1154,-1,1114,1154,1115,-1,1115,1154,1155,-1,1115,1155,1116,-1,1116,1155,1156,-1,1116,1156,1117,-1,1117,1156,1157,-1,1117,1157,1118,-1,1118,1157,1158,-1,1118,1158,1119,-1,1119,1158,1159,-1,1119,1159,1120,-1,1120,1159,1160,-1,1120,1160,1121,-1,1121,1160,1161,-1,1121,1161,1122,-1,1122,1161,1162,-1,1122,1162,1123,-1,1123,1162,1163,-1,1123,1163,1124,-1,1124,1163,1164,-1,1124,1164,1125,-1,1125,1164,1165,-1,1125,1165,1126,-1,1126,1165,1166,-1,1126,1166,1127,-1,1127,1166,1167,-1,1127,1167,1128,-1,1128,1167,1168,-1,1128,1168,1129,-1,1129,1168,1169,-1,1129,1169,1130,-1,1130,1169,1170,-1,1130,1170,1131,-1,1131,1170,1171,-1,1131,1171,1132,-1,1132,1171,1172,-1,1132,1172,1133,-1,1133,1172,1173,-1,1133,1173,1134,-1,1134,1173,1174,-1,1134,1174,1135,-1,1135,1174,1175,-1,1135,1175,1136,-1,1136,1175,1137,-1,1175,1176,1137,-1,1137,1176,1177,-1,1137,1177,1138,-1,1138,1177,1178,-1,1138,1178,1139,-1,1139,1178,1179,-1,1139,1179,1140,-1,1140,1179,1180,-1,1140,1180,1141,-1,1141,1180,1181,-1,1141,1181,1142,-1,1142,1181,1182,-1,1142,1182,1143,-1,1143,1182,1183,-1,1143,1183,1144,-1,1144,1183,1184,-1,1144,1184,1145,-1,1145,1184,1185,-1,1145,1185,1146,-1,1146,1185,1186,-1,1146,1186,1147,-1,1147,1186,1187,-1,1147,1187,1148,-1,1148,1187,1188,-1,1148,1188,1149,-1,1149,1188,1189,-1,1149,1189,1150,-1,1150,1189,1190,-1,1150,1190,1151,-1,1151,1190,1191,-1,1151,1191,1152,-1,1152,1191,1192,-1,1152,1192,1153,-1,1153,1192,1193,-1,1153,1193,1154,-1,1154,1193,1194,-1,1154,1194,1155,-1,1155,1194,1195,-1,1155,1195,1156,-1,1156,1195,1196,-1,1156,1196,1157,-1,1157,1196,1197,-1,1157,1197,1158,-1,1158,1197,1198,-1,1158,1198,1159,-1,1159,1198,1199,-1,1159,1199,1160,-1,1160,1199,1200,-1,1160,1200,1161,-1,1161,1200,1201,-1,1161,1201,1162,-1,1162,1201,1202,-1,1162,1202,1163,-1,1163,1202,1203,-1,1163,1203,1164,-1,1164,1203,1204,-1,1164,1204,1165,-1,1165,1204,1205,-1,1165,1205,1166,-1,1166,1205,1206,-1,1166,1206,1167,-1,1167,1206,1207,-1,1167,1207,1168,-1,1168,1207,1208,-1,1168,1208,1169,-1,1169,1208,1209,-1,1169,1209,1170,-1,1170,1209,1210,-1,1170,1210,1171,-1,1171,1210,1211,-1,1171,1211,1172,-1,1172,1211,1212,-1,1172,1212,1173,-1,1173,1212,1213,-1,1173,1213,1174,-1,1174,1213,1214,-1,1174,1214,1175,-1,1175,1214,1176,-1,1214,1215,1176,-1,1176,1215,1216,-1,1176,1216,1177,-1,1177,1216,1217,-1,1177,1217,1178,-1,1178,1217,1218,-1,1178,1218,1179,-1,1179,1218,1219,-1,1179,1219,1180,-1,1180,1219,1220,-1,1180,1220,1181,-1,1181,1220,1221,-1,1181,1221,1182,-1,1182,1221,1222,-1,1182,1222,1183,-1,1183,1222,1223,-1,1183,1223,1184,-1,1184,1223,1224,-1,1184,1224,1185,-1,1185,1224,1225,-1,1185,1225,1186,-1,1186,1225,1226,-1,1186,1226,1187,-1,1187,1226,1227,-1,1187,1227,1188,-1,1188,1227,1228,-1,1188,1228,1189,-1,1189,1228,1229,-1,1189,1229,1190,-1,1190,1229,1230,-1,1190,1230,1191,-1,1191,1230,1231,-1,1191,1231,1192,-1,1192,1231,1232,-1,1192,1232,1193,-1,1193,1232,1233,-1,1193,1233,1194,-1,1194,1233,1234,-1,1194,1234,1195,-1,1195,1234,1235,-1,1195,1235,1196,-1,1196,1235,1236,-1,1196,1236,1197,-1,1197,1236,1237,-1,1197,1237,1198,-1,1198,1237,1238,-1,1198,1238,1199,-1,1199,1238,1239,-1,1199,1239,1200,-1,1200,1239,1240,-1,1200,1240,1201,-1,1201,1240,1241,-1,1201,1241,1202,-1,1202,1241,1242,-1,1202,1242,1203,-1,1203,1242,1243,-1,1203,1243,1204,-1,1204,1243,1244,-1,1204,1244,1205,-1,1205,1244,1245,-1,1205,1245,1206,-1,1206,1245,1246,-1,1206,1246,1207,-1,1207,1246,1247,-1,1207,1247,1208,-1,1208,1247,1248,-1,1208,1248,1209,-1,1209,1248,1249,-1,1209,1249,1210,-1,1210,1249,1250,-1,1210,1250,1211,-1,1211,1250,1251,-1,1211,1251,1212,-1,1212,1251,1252,-1,1212,1252,1213,-1,1213,1252,1253,-1,1213,1253,1214,-1,1214,1253,1215,-1,1253,1254,1215,-1,1215,1254,1255,-1,1215,1255,1216,-1,1216,1255,1256,-1,1216,1256,1217,-1,1217,1256,1257,-1,1217,1257,1218,-1,1218,1257,1258,-1,1218,1258,1219,-1,1219,1258,1259,-1,1219,1259,1220,-1,1220,1259,1260,-1,1220,1260,1221,-1,1221,1260,1261,-1,1221,1261,1222,-1,1222,1261,1262,-1,1222,1262,1223,-1,1223,1262,1263,-1,1223,1263,1224,-1,1224,1263,1264,-1,1224,1264,1225,-1,1225,1264,1265,-1,1225,1265,1226,-1,1226,1265,1266,-1,1226,1266,1227,-1,1227,1266,1267,-1,1227,1267,1228,-1,1228,1267,1268,-1,1228,1268,1229,-1,1229,1268,1269,-1,1229,1269,1230,-1,1230,1269,1270,-1,1230,1270,1231,-1,1231,1270,1271,-1,1231,1271,1232,-1,1232,1271,1272,-1,1232,1272,1233,-1,1233,1272,1273,-1,1233,1273,1234,-1,1234,1273,1274,-1,1234,1274,1235,-1,1235,1274,1275,-1,1235,1275,1236,-1,1236,1275,1276,-1,1236,1276,1237,-1,1237,1276,1277,-1,1237,1277,1238,-1,1238,1277,1278,-1,1238,1278,1239,-1,1239,1278,1279,-1,1239,1279,1240,-1,1240,1279,1280,-1,1240,1280,1241,-1,1241,1280,1281,-1,1241,1281,1242,-1,1242,1281,1282,-1,1242,1282,1243,-1,1243,1282,1283,-1,1243,1283,1244,-1,1244,1283,1284,-1,1244,1284,1245,-1,1245,1284,1285,-1,1245,1285,1246,-1,1246,1285,1286,-1,1246,1286,1247,-1,1247,1286,1287,-1,1247,1287,1248,-1,1248,1287,1288,-1,1248,1288,1249,-1,1249,1288,1289,-1,1249,1289,1250,-1,1250,1289,1290,-1,1250,1290,1251,-1,1251,1290,1291,-1,1251,1291,1252,-1,1252,1291,1292,-1,1252,1292,1253,-1,1253,1292,1254,-1,1292,1293,1254,-1,1254,1293,1294,-1,1254,1294,1255,-1,1255,1294,1295,-1,1255,1295,1256,-1,1256,1295,1296,-1,1256,1296,1257,-1,1257,1296,1297,-1,1257,1297,1258,-1,1258,1297,1298,-1,1258,1298,1259,-1,1259,1298,1299,-1,1259,1299,1260,-1,1260,1299,1300,-1,1260,1300,1261,-1,1261,1300,1301,-1,1261,1301,1262,-1,1262,1301,1302,-1,1262,1302,1263,-1,1263,1302,1303,-1,1263,1303,1264,-1,1264,1303,1304,-1,1264,1304,1265,-1,1265,1304,1305,-1,1265,1305,1266,-1,1266,1305,1306,-1,1266,1306,1267,-1,1267,1306,1307,-1,1267,1307,1268,-1,1268,1307,1308,-1,1268,1308,1269,-1,1269,1308,1309,-1,1269,1309,1270,-1,1270,1309,1310,-1,1270,1310,1271,-1,1271,1310,1311,-1,1271,1311,1272,-1,1272,1311,1312,-1,1272,1312,1273,-1,1273,1312,1313,-1,1273,1313,1274,-1,1274,1313,1314,-1,1274,1314,1275,-1,1275,1314,1315,-1,1275,1315,1276,-1,1276,1315,1316,-1,1276,1316,1277,-1,1277,1316,1317,-1,1277,1317,1278,-1,1278,1317,1318,-1,1278,1318,1279,-1,1279,1318,1319,-1,1279,1319,1280,-1,1280,1319,1320,-1,1280,1320,1281,-1,1281,1320,1321,-1,1281,1321,1282,-1,1282,1321,1322,-1,1282,1322,1283,-1,1283,1322,1323,-1,1283,1323,1284,-1,1284,1323,1324,-1,1284,1324,1285,-1,1285,1324,1325,-1,1285,1325,1286,-1,1286,1325,1326,-1,1286,1326,1287,-1,1287,1326,1327,-1,1287,1327,1288,-1,1288,1327,1328,-1,1288,1328,1289,-1,1289,1328,1329,-1,1289,1329,1290,-1,1290,1329,1330,-1,1290,1330,1291,-1,1291,1330,1331,-1,1291,1331,1292,-1,1292,1331,1293,-1,1331,1332,1293,-1,1293,1332,1333,-1,1293,1333,1294,-1,1294,1333,1334,-1,1294,1334,1295,-1,1295,1334,1335,-1,1295,1335,1296,-1,1296,1335,1336,-1,1296,1336,1297,-1,1297,1336,1337,-1,1297,1337,1298,-1,1298,1337,1338,-1,1298,1338,1299,-1,1299,1338,1339,-1,1299,1339,1300,-1,1300,1339,1340,-1,1300,1340,1301,-1,1301,1340,1341,-1,1301,1341,1302,-1,1302,1341,1342,-1,1302,1342,1303,-1,1303,1342,1343,-1,1303,1343,1304,-1,1304,1343,1344,-1,1304,1344,1305,-1,1305,1344,1345,-1,1305,1345,1306,-1,1306,1345,1346,-1,1306,1346,1307,-1,1307,1346,1347,-1,1307,1347,1308,-1,1308,1347,1348,-1,1308,1348,1309,-1,1309,1348,1349,-1,1309,1349,1310,-1,1310,1349,1350,-1,1310,1350,1311,-1,1311,1350,1351,-1,1311,1351,1312,-1,1312,1351,1352,-1,1312,1352,1313,-1,1313,1352,1353,-1,1313,1353,1314,-1,1314,1353,1354,-1,1314,1354,1315,-1,1315,1354,1355,-1,1315,1355,1316,-1,1316,1355,1356,-1,1316,1356,1317,-1,1317,1356,1357,-1,1317,1357,1318,-1,1318,1357,1358,-1,1318,1358,1319,-1,1319,1358,1359,-1,1319,1359,1320,-1,1320,1359,1360,-1,1320,1360,1321,-1,1321,1360,1361,-1,1321,1361,1322,-1,1322,1361,1362,-1,1322,1362,1323,-1,1323,1362,1363,-1,1323,1363,1324,-1,1324,1363,1364,-1,1324,1364,1325,-1,1325,1364,1365,-1,1325,1365,1326,-1,1326,1365,1366,-1,1326,1366,1327,-1,1327,1366,1367,-1,1327,1367,1328,-1,1328,1367,1368,-1,1328,1368,1329,-1,1329,1368,1369,-1,1329,1369,1330,-1,1330,1369,1370,-1,1330,1370,1331,-1,1331,1370,1332,-1,1370,1371,1332,-1,1332,1371,1372,-1,1332,1372,1333,-1,1333,1372,1373,-1,1333,1373,1334,-1,1334,1373,1374,-1,1334,1374,1335,-1,1335,1374,1375,-1,1335,1375,1336,-1,1336,1375,1376,-1,1336,1376,1337,-1,1337,1376,1377,-1,1337,1377,1338,-1,1338,1377,1378,-1,1338,1378,1339,-1,1339,1378,1379,-1,1339,1379,1340,-1,1340,1379,1380,-1,1340,1380,1341,-1,1341,1380,1381,-1,1341,1381,1342,-1,1342,1381,1382,-1,1342,1382,1343,-1,1343,1382,1383,-1,1343,1383,1344,-1,1344,1383,1384,-1,1344,1384,1345,-1,1345,1384,1385,-1,1345,1385,1346,-1,1346,1385,1386,-1,1346,1386,1347,-1,1347,1386,1387,-1,1347,1387,1348,-1,1348,1387,1388,-1,1348,1388,1349,-1,1349,1388,1389,-1,1349,1389,1350,-1,1350,1389,1390,-1,1350,1390,1351,-1,1351,1390,1391,-1,1351,1391,1352,-1,1352,1391,1392,-1,1352,1392,1353,-1,1353,1392,1393,-1,1353,1393,1354,-1,1354,1393,1394,-1,1354,1394,1355,-1,1355,1394,1395,-1,1355,1395,1356,-1,1356,1395,1396,-1,1356,1396,1357,-1,1357,1396,1397,-1,1357,1397,1358,-1,1358,1397,1398,-1,1358,1398,1359,-1,1359,1398,1399,-1,1359,1399,1360,-1,1360,1399,1400,-1,1360,1400,1361,-1,1361,1400,1401,-1,1361,1401,1362,-1,1362,1401,1402,-1,1362,1402,1363,-1,1363,1402,1403,-1,1363,1403,1364,-1,1364,1403,1404,-1,1364,1404,1365,-1,1365,1404,1405,-1,1365,1405,1366,-1,1366,1405,1406,-1,1366,1406,1367,-1,1367,1406,1407,-1,1367,1407,1368,-1,1368,1407,1408,-1,1368,1408,1369,-1,1369,1408,1409,-1,1369,1409,1370,-1,1370,1409,1371,-1,1409,941,1371,-1,1371,941,940,-1,1371,940,1372,-1,1372,940,943,-1,1372,943,1373,-1,1373,943,944,-1,1373,944,1374,-1,1374,944,945,-1,1374,945,1375,-1,1375,945,946,-1,1375,946,1376,-1,1376,946,947,-1,1376,947,1377,-1,1377,947,948,-1,1377,948,1378,-1,1378,948,949,-1,1378,949,1379,-1,1379,949,950,-1,1379,950,1380,-1,1380,950,951,-1,1380,951,1381,-1,1381,951,952,-1,1381,952,1382,-1,1382,952,953,-1,1382,953,1383,-1,1383,953,954,-1,1383,954,1384,-1,1384,954,955,-1,1384,955,1385,-1,1385,955,956,-1,1385,956,1386,-1,1386,956,957,-1,1386,957,1387,-1,1387,957,958,-1,1387,958,1388,-1,1388,958,959,-1,1388,959,1389,-1,1389,959,960,-1,1389,960,1390,-1,1390,960,961,-1,1390,961,1391,-1,1391,961,962,-1,1391,962,1392,-1,1392,962,963,-1,1392,963,1393,-1,1393,963,964,-1,1393,964,1394,-1,1394,964,965,-1,1394,965,1395,-1,1395,965,966,-1,1395,966,1396,-1,1396,966,967,-1,1396,967,1397,-1,1397,967,968,-1,1397,968,1398,-1,1398,968,969,-1,1398,969,1399,-1,1399,969,970,-1,1399,970,1400,-1,1400,970,971,-1,1400,971,1401,-1,1401,971,972,-1,1401,972,1402,-1,1402,972,973,-1,1402,973,1403,-1,1403,973,974,-1,1403,974,1404,-1,1404,974,975,-1,1404,975,1405,-1,1405,975,976,-1,1405,976,1406,-1,1406,976,977,-1,1406,977,1407,-1,1407,977,978,-1,1407,978,1408,-1,1408,978,979,-1,1408,979,1409,-1,1409,979,941,-1,1410,1411,1412,-1,1410,1412,1413,-1,1414,1413,1412,-1,1415,1414,1412,-1,1416,1415,1412,-1,1417,1416,1412,-1,1418,1417,1412,-1,1419,1418,1412,-1,1420,1419,1412,-1,1421,1420,1412,-1,1422,1421,1412,-1,1423,1422,1412,-1,1424,1423,1412,-1,1425,1424,1412,-1,1426,1425,1412,-1,1427,1426,1412,-1,1428,1427,1412,-1,1429,1428,1412,-1,1430,1429,1412,-1,1431,1430,1412,-1,1432,1431,1412,-1,1433,1432,1412,-1,1434,1433,1412,-1,1435,1434,1412,-1,1436,1435,1412,-1,1437,1436,1412,-1,1438,1437,1412,-1,1439,1438,1412,-1,1440,1439,1412,-1,1441,1440,1412,-1,1442,1441,1412,-1,1443,1442,1412,-1,1444,1443,1412,-1,1445,1444,1412,-1,1446,1445,1412,-1,1447,1446,1412,-1,1448,1447,1412,-1,1449,1448,1412,-1,1411,1449,1412,-1,1450,1451,1452,-1,1452,1453,1450,-1,1450,1453,1454,-1,1450,1454,1455,-1,1455,1454,1456,-1,1455,1456,1457,-1,1457,1456,1458,-1,1457,1458,1459,-1,1459,1458,1460,-1,1459,1460,1461,-1,1461,1460,1462,-1,1461,1462,1463,-1,1463,1462,1464,-1,1463,1464,1465,-1,1465,1464,1466,-1,1465,1466,1467,-1,1467,1466,1468,-1,1467,1468,1469,-1,1469,1468,1470,-1,1469,1470,1471,-1,1471,1470,1472,-1,1471,1472,1473,-1,1473,1472,1474,-1,1473,1474,1475,-1,1475,1474,1476,-1,1475,1476,1477,-1,1477,1476,1478,-1,1477,1478,1479,-1,1479,1478,1480,-1,1479,1480,1481,-1,1481,1480,1482,-1,1481,1482,1483,-1,1483,1482,1484,-1,1483,1484,1485,-1,1485,1484,1486,-1,1485,1486,1487,-1,1487,1486,1488,-1,1487,1488,1489,-1,1489,1488,1490,-1,1489,1490,1491,-1,1491,1490,1492,-1,1491,1492,1493,-1,1493,1492,1494,-1,1493,1494,1495,-1,1495,1494,1496,-1,1495,1496,1497,-1,1497,1496,1498,-1,1497,1498,1499,-1,1499,1498,1500,-1,1499,1500,1501,-1,1501,1500,1502,-1,1501,1502,1503,-1,1503,1502,1504,-1,1503,1504,1505,-1,1505,1504,1506,-1,1505,1506,1507,-1,1507,1506,1508,-1,1507,1508,1509,-1,1509,1508,1510,-1,1509,1510,1511,-1,1511,1510,1512,-1,1511,1512,1513,-1,1513,1512,1514,-1,1513,1514,1515,-1,1515,1514,1516,-1,1515,1516,1517,-1,1517,1516,1518,-1,1517,1518,1519,-1,1519,1518,1520,-1,1519,1520,1521,-1,1521,1520,1522,-1,1521,1522,1523,-1,1523,1522,1524,-1,1523,1524,1525,-1,1525,1524,1526,-1,1525,1526,1527,-1,1527,1526,1452,-1,1527,1452,1528,-1,1528,1452,1451,-1,1470,1529,1472,-1,1472,1529,1530,-1,1472,1530,1474,-1,1474,1530,1531,-1,1474,1531,1476,-1,1476,1531,1532,-1,1476,1532,1478,-1,1478,1532,1533,-1,1478,1533,1480,-1,1480,1533,1534,-1,1480,1534,1482,-1,1482,1534,1535,-1,1482,1535,1484,-1,1484,1535,1536,-1,1484,1536,1486,-1,1486,1536,1537,-1,1486,1537,1488,-1,1488,1537,1538,-1,1488,1538,1490,-1,1490,1538,1539,-1,1490,1539,1492,-1,1492,1539,1540,-1,1492,1540,1494,-1,1494,1540,1541,-1,1494,1541,1496,-1,1496,1541,1542,-1,1496,1542,1498,-1,1498,1542,1543,-1,1498,1543,1500,-1,1500,1543,1544,-1,1500,1544,1502,-1,1502,1544,1545,-1,1502,1545,1504,-1,1504,1545,1546,-1,1504,1546,1506,-1,1506,1546,1547,-1,1506,1547,1508,-1,1508,1547,1548,-1,1508,1548,1510,-1,1510,1548,1549,-1,1510,1549,1512,-1,1512,1549,1550,-1,1512,1550,1514,-1,1514,1550,1551,-1,1514,1551,1516,-1,1516,1551,1552,-1,1516,1552,1518,-1,1518,1552,1553,-1,1518,1553,1520,-1,1520,1553,1554,-1,1520,1554,1522,-1,1522,1554,1555,-1,1522,1555,1524,-1,1524,1555,1556,-1,1524,1556,1526,-1,1526,1556,1557,-1,1526,1557,1452,-1,1452,1557,1558,-1,1452,1558,1453,-1,1453,1558,1559,-1,1453,1559,1454,-1,1454,1559,1560,-1,1454,1560,1456,-1,1456,1560,1561,-1,1456,1561,1458,-1,1458,1561,1562,-1,1458,1562,1460,-1,1460,1562,1563,-1,1460,1563,1462,-1,1462,1563,1564,-1,1462,1564,1464,-1,1464,1564,1565,-1,1464,1565,1466,-1,1466,1565,1566,-1,1466,1566,1468,-1,1468,1566,1567,-1,1468,1567,1470,-1,1470,1567,1529,-1,1567,1568,1529,-1,1529,1568,1569,-1,1529,1569,1530,-1,1530,1569,1570,-1,1530,1570,1531,-1,1531,1570,1571,-1,1531,1571,1532,-1,1532,1571,1572,-1,1532,1572,1533,-1,1533,1572,1573,-1,1533,1573,1534,-1,1534,1573,1574,-1,1534,1574,1535,-1,1535,1574,1575,-1,1535,1575,1536,-1,1536,1575,1576,-1,1536,1576,1537,-1,1537,1576,1577,-1,1537,1577,1538,-1,1538,1577,1578,-1,1538,1578,1539,-1,1539,1578,1579,-1,1539,1579,1540,-1,1540,1579,1580,-1,1540,1580,1541,-1,1541,1580,1581,-1,1541,1581,1542,-1,1542,1581,1582,-1,1542,1582,1543,-1,1543,1582,1583,-1,1543,1583,1544,-1,1544,1583,1584,-1,1544,1584,1545,-1,1545,1584,1585,-1,1545,1585,1546,-1,1546,1585,1586,-1,1546,1586,1547,-1,1547,1586,1587,-1,1547,1587,1548,-1,1548,1587,1588,-1,1548,1588,1549,-1,1549,1588,1589,-1,1549,1589,1550,-1,1550,1589,1590,-1,1550,1590,1551,-1,1551,1590,1591,-1,1551,1591,1552,-1,1552,1591,1592,-1,1552,1592,1553,-1,1553,1592,1593,-1,1553,1593,1554,-1,1554,1593,1594,-1,1554,1594,1555,-1,1555,1594,1595,-1,1555,1595,1556,-1,1556,1595,1596,-1,1556,1596,1557,-1,1557,1596,1597,-1,1557,1597,1558,-1,1558,1597,1598,-1,1558,1598,1559,-1,1559,1598,1599,-1,1559,1599,1560,-1,1560,1599,1600,-1,1560,1600,1561,-1,1561,1600,1601,-1,1561,1601,1562,-1,1562,1601,1602,-1,1562,1602,1563,-1,1563,1602,1603,-1,1563,1603,1564,-1,1564,1603,1604,-1,1564,1604,1565,-1,1565,1604,1605,-1,1565,1605,1566,-1,1566,1605,1606,-1,1566,1606,1567,-1,1567,1606,1568,-1,1606,1607,1568,-1,1568,1607,1608,-1,1568,1608,1569,-1,1569,1608,1609,-1,1569,1609,1570,-1,1570,1609,1610,-1,1570,1610,1571,-1,1571,1610,1611,-1,1571,1611,1572,-1,1572,1611,1612,-1,1572,1612,1573,-1,1573,1612,1613,-1,1573,1613,1574,-1,1574,1613,1614,-1,1574,1614,1575,-1,1575,1614,1615,-1,1575,1615,1576,-1,1576,1615,1616,-1,1576,1616,1577,-1,1577,1616,1617,-1,1577,1617,1578,-1,1578,1617,1618,-1,1578,1618,1579,-1,1579,1618,1619,-1,1579,1619,1580,-1,1580,1619,1620,-1,1580,1620,1581,-1,1581,1620,1621,-1,1581,1621,1582,-1,1582,1621,1622,-1,1582,1622,1583,-1,1583,1622,1623,-1,1583,1623,1584,-1,1584,1623,1624,-1,1584,1624,1585,-1,1585,1624,1625,-1,1585,1625,1586,-1,1586,1625,1626,-1,1586,1626,1587,-1,1587,1626,1627,-1,1587,1627,1588,-1,1588,1627,1628,-1,1588,1628,1589,-1,1589,1628,1629,-1,1589,1629,1590,-1,1590,1629,1630,-1,1590,1630,1591,-1,1591,1630,1631,-1,1591,1631,1592,-1,1592,1631,1632,-1,1592,1632,1593,-1,1593,1632,1633,-1,1593,1633,1594,-1,1594,1633,1634,-1,1594,1634,1595,-1,1595,1634,1635,-1,1595,1635,1596,-1,1596,1635,1636,-1,1596,1636,1597,-1,1597,1636,1637,-1,1597,1637,1598,-1,1598,1637,1638,-1,1598,1638,1599,-1,1599,1638,1639,-1,1599,1639,1600,-1,1600,1639,1640,-1,1600,1640,1601,-1,1601,1640,1641,-1,1601,1641,1602,-1,1602,1641,1642,-1,1602,1642,1603,-1,1603,1642,1643,-1,1603,1643,1604,-1,1604,1643,1644,-1,1604,1644,1605,-1,1605,1644,1645,-1,1605,1645,1606,-1,1606,1645,1607,-1,1645,1646,1607,-1,1607,1646,1647,-1,1607,1647,1608,-1,1608,1647,1648,-1,1608,1648,1609,-1,1609,1648,1649,-1,1609,1649,1610,-1,1610,1649,1650,-1,1610,1650,1611,-1,1611,1650,1651,-1,1611,1651,1612,-1,1612,1651,1652,-1,1612,1652,1613,-1,1613,1652,1653,-1,1613,1653,1614,-1,1614,1653,1654,-1,1614,1654,1615,-1,1615,1654,1655,-1,1615,1655,1616,-1,1616,1655,1656,-1,1616,1656,1617,-1,1617,1656,1657,-1,1617,1657,1618,-1,1618,1657,1658,-1,1618,1658,1619,-1,1619,1658,1659,-1,1619,1659,1620,-1,1620,1659,1660,-1,1620,1660,1621,-1,1621,1660,1661,-1,1621,1661,1622,-1,1622,1661,1662,-1,1622,1662,1623,-1,1623,1662,1663,-1,1623,1663,1624,-1,1624,1663,1664,-1,1624,1664,1625,-1,1625,1664,1665,-1,1625,1665,1626,-1,1626,1665,1666,-1,1626,1666,1627,-1,1627,1666,1667,-1,1627,1667,1628,-1,1628,1667,1668,-1,1628,1668,1629,-1,1629,1668,1669,-1,1629,1669,1630,-1,1630,1669,1670,-1,1630,1670,1631,-1,1631,1670,1671,-1,1631,1671,1632,-1,1632,1671,1672,-1,1632,1672,1633,-1,1633,1672,1673,-1,1633,1673,1634,-1,1634,1673,1674,-1,1634,1674,1635,-1,1635,1674,1675,-1,1635,1675,1636,-1,1636,1675,1676,-1,1636,1676,1637,-1,1637,1676,1677,-1,1637,1677,1638,-1,1638,1677,1678,-1,1638,1678,1639,-1,1639,1678,1679,-1,1639,1679,1640,-1,1640,1679,1680,-1,1640,1680,1641,-1,1641,1680,1681,-1,1641,1681,1642,-1,1642,1681,1682,-1,1642,1682,1643,-1,1643,1682,1683,-1,1643,1683,1644,-1,1644,1683,1684,-1,1644,1684,1645,-1,1645,1684,1646,-1,1684,1685,1646,-1,1646,1685,1686,-1,1646,1686,1647,-1,1647,1686,1687,-1,1647,1687,1648,-1,1648,1687,1688,-1,1648,1688,1649,-1,1649,1688,1689,-1,1649,1689,1650,-1,1650,1689,1690,-1,1650,1690,1651,-1,1651,1690,1691,-1,1651,1691,1652,-1,1652,1691,1692,-1,1652,1692,1653,-1,1653,1692,1693,-1,1653,1693,1654,-1,1654,1693,1694,-1,1654,1694,1655,-1,1655,1694,1695,-1,1655,1695,1656,-1,1656,1695,1696,-1,1656,1696,1657,-1,1657,1696,1697,-1,1657,1697,1658,-1,1658,1697,1698,-1,1658,1698,1659,-1,1659,1698,1699,-1,1659,1699,1660,-1,1660,1699,1700,-1,1660,1700,1661,-1,1661,1700,1701,-1,1661,1701,1662,-1,1662,1701,1702,-1,1662,1702,1663,-1,1663,1702,1703,-1,1663,1703,1664,-1,1664,1703,1704,-1,1664,1704,1665,-1,1665,1704,1705,-1,1665,1705,1666,-1,1666,1705,1706,-1,1666,1706,1667,-1,1667,1706,1707,-1,1667,1707,1668,-1,1668,1707,1708,-1,1668,1708,1669,-1,1669,1708,1709,-1,1669,1709,1670,-1,1670,1709,1710,-1,1670,1710,1671,-1,1671,1710,1711,-1,1671,1711,1672,-1,1672,1711,1712,-1,1672,1712,1673,-1,1673,1712,1713,-1,1673,1713,1674,-1,1674,1713,1714,-1,1674,1714,1675,-1,1675,1714,1715,-1,1675,1715,1676,-1,1676,1715,1716,-1,1676,1716,1677,-1,1677,1716,1717,-1,1677,1717,1678,-1,1678,1717,1718,-1,1678,1718,1679,-1,1679,1718,1719,-1,1679,1719,1680,-1,1680,1719,1720,-1,1680,1720,1681,-1,1681,1720,1721,-1,1681,1721,1682,-1,1682,1721,1722,-1,1682,1722,1683,-1,1683,1722,1723,-1,1683,1723,1684,-1,1684,1723,1685,-1,1723,1724,1685,-1,1685,1724,1725,-1,1685,1725,1686,-1,1686,1725,1726,-1,1686,1726,1687,-1,1687,1726,1727,-1,1687,1727,1688,-1,1688,1727,1728,-1,1688,1728,1689,-1,1689,1728,1729,-1,1689,1729,1690,-1,1690,1729,1730,-1,1690,1730,1691,-1,1691,1730,1731,-1,1691,1731,1692,-1,1692,1731,1732,-1,1692,1732,1693,-1,1693,1732,1733,-1,1693,1733,1694,-1,1694,1733,1734,-1,1694,1734,1695,-1,1695,1734,1735,-1,1695,1735,1696,-1,1696,1735,1736,-1,1696,1736,1697,-1,1697,1736,1737,-1,1697,1737,1698,-1,1698,1737,1738,-1,1698,1738,1699,-1,1699,1738,1739,-1,1699,1739,1700,-1,1700,1739,1740,-1,1700,1740,1701,-1,1701,1740,1741,-1,1701,1741,1702,-1,1702,1741,1742,-1,1702,1742,1703,-1,1703,1742,1743,-1,1703,1743,1704,-1,1704,1743,1744,-1,1704,1744,1705,-1,1705,1744,1745,-1,1705,1745,1706,-1,1706,1745,1746,-1,1706,1746,1707,-1,1707,1746,1747,-1,1707,1747,1708,-1,1708,1747,1748,-1,1708,1748,1709,-1,1709,1748,1749,-1,1709,1749,1710,-1,1710,1749,1750,-1,1710,1750,1711,-1,1711,1750,1751,-1,1711,1751,1712,-1,1712,1751,1752,-1,1712,1752,1713,-1,1713,1752,1753,-1,1713,1753,1714,-1,1714,1753,1754,-1,1714,1754,1715,-1,1715,1754,1755,-1,1715,1755,1716,-1,1716,1755,1756,-1,1716,1756,1717,-1,1717,1756,1757,-1,1717,1757,1718,-1,1718,1757,1758,-1,1718,1758,1719,-1,1719,1758,1759,-1,1719,1759,1720,-1,1720,1759,1760,-1,1720,1760,1721,-1,1721,1760,1761,-1,1721,1761,1722,-1,1722,1761,1762,-1,1722,1762,1723,-1,1723,1762,1724,-1,1762,1763,1724,-1,1724,1763,1764,-1,1724,1764,1725,-1,1725,1764,1765,-1,1725,1765,1726,-1,1726,1765,1766,-1,1726,1766,1727,-1,1727,1766,1767,-1,1727,1767,1728,-1,1728,1767,1768,-1,1728,1768,1729,-1,1729,1768,1769,-1,1729,1769,1730,-1,1730,1769,1770,-1,1730,1770,1731,-1,1731,1770,1771,-1,1731,1771,1732,-1,1732,1771,1772,-1,1732,1772,1733,-1,1733,1772,1773,-1,1733,1773,1734,-1,1734,1773,1774,-1,1734,1774,1735,-1,1735,1774,1775,-1,1735,1775,1736,-1,1736,1775,1776,-1,1736,1776,1737,-1,1737,1776,1777,-1,1737,1777,1738,-1,1738,1777,1778,-1,1738,1778,1739,-1,1739,1778,1779,-1,1739,1779,1740,-1,1740,1779,1780,-1,1740,1780,1741,-1,1741,1780,1781,-1,1741,1781,1742,-1,1742,1781,1782,-1,1742,1782,1743,-1,1743,1782,1783,-1,1743,1783,1744,-1,1744,1783,1784,-1,1744,1784,1745,-1,1745,1784,1785,-1,1745,1785,1746,-1,1746,1785,1786,-1,1746,1786,1747,-1,1747,1786,1787,-1,1747,1787,1748,-1,1748,1787,1788,-1,1748,1788,1749,-1,1749,1788,1789,-1,1749,1789,1750,-1,1750,1789,1790,-1,1750,1790,1751,-1,1751,1790,1791,-1,1751,1791,1752,-1,1752,1791,1792,-1,1752,1792,1753,-1,1753,1792,1793,-1,1753,1793,1754,-1,1754,1793,1794,-1,1754,1794,1755,-1,1755,1794,1795,-1,1755,1795,1756,-1,1756,1795,1796,-1,1756,1796,1757,-1,1757,1796,1797,-1,1757,1797,1758,-1,1758,1797,1798,-1,1758,1798,1759,-1,1759,1798,1799,-1,1759,1799,1760,-1,1760,1799,1800,-1,1760,1800,1761,-1,1761,1800,1801,-1,1761,1801,1762,-1,1762,1801,1763,-1,1801,1802,1763,-1,1763,1802,1803,-1,1763,1803,1764,-1,1764,1803,1804,-1,1764,1804,1765,-1,1765,1804,1805,-1,1765,1805,1766,-1,1766,1805,1806,-1,1766,1806,1767,-1,1767,1806,1807,-1,1767,1807,1768,-1,1768,1807,1808,-1,1768,1808,1769,-1,1769,1808,1809,-1,1769,1809,1770,-1,1770,1809,1810,-1,1770,1810,1771,-1,1771,1810,1811,-1,1771,1811,1772,-1,1772,1811,1812,-1,1772,1812,1773,-1,1773,1812,1813,-1,1773,1813,1774,-1,1774,1813,1814,-1,1774,1814,1775,-1,1775,1814,1815,-1,1775,1815,1776,-1,1776,1815,1816,-1,1776,1816,1777,-1,1777,1816,1817,-1,1777,1817,1778,-1,1778,1817,1818,-1,1778,1818,1779,-1,1779,1818,1819,-1,1779,1819,1780,-1,1780,1819,1820,-1,1780,1820,1781,-1,1781,1820,1821,-1,1781,1821,1782,-1,1782,1821,1822,-1,1782,1822,1783,-1,1783,1822,1823,-1,1783,1823,1784,-1,1784,1823,1824,-1,1784,1824,1785,-1,1785,1824,1825,-1,1785,1825,1786,-1,1786,1825,1826,-1,1786,1826,1787,-1,1787,1826,1827,-1,1787,1827,1788,-1,1788,1827,1828,-1,1788,1828,1789,-1,1789,1828,1829,-1,1789,1829,1790,-1,1790,1829,1830,-1,1790,1830,1791,-1,1791,1830,1831,-1,1791,1831,1792,-1,1792,1831,1832,-1,1792,1832,1793,-1,1793,1832,1833,-1,1793,1833,1794,-1,1794,1833,1834,-1,1794,1834,1795,-1,1795,1834,1835,-1,1795,1835,1796,-1,1796,1835,1836,-1,1796,1836,1797,-1,1797,1836,1837,-1,1797,1837,1798,-1,1798,1837,1838,-1,1798,1838,1799,-1,1799,1838,1839,-1,1799,1839,1800,-1,1800,1839,1840,-1,1800,1840,1801,-1,1801,1840,1802,-1,1840,1841,1802,-1,1802,1841,1842,-1,1802,1842,1803,-1,1803,1842,1843,-1,1803,1843,1804,-1,1804,1843,1844,-1,1804,1844,1805,-1,1805,1844,1845,-1,1805,1845,1806,-1,1806,1845,1846,-1,1806,1846,1807,-1,1807,1846,1847,-1,1807,1847,1808,-1,1808,1847,1848,-1,1808,1848,1809,-1,1809,1848,1849,-1,1809,1849,1810,-1,1810,1849,1850,-1,1810,1850,1811,-1,1811,1850,1851,-1,1811,1851,1812,-1,1812,1851,1852,-1,1812,1852,1813,-1,1813,1852,1853,-1,1813,1853,1814,-1,1814,1853,1854,-1,1814,1854,1815,-1,1815,1854,1855,-1,1815,1855,1816,-1,1816,1855,1856,-1,1816,1856,1817,-1,1817,1856,1857,-1,1817,1857,1818,-1,1818,1857,1858,-1,1818,1858,1819,-1,1819,1858,1859,-1,1819,1859,1820,-1,1820,1859,1860,-1,1820,1860,1821,-1,1821,1860,1861,-1,1821,1861,1822,-1,1822,1861,1862,-1,1822,1862,1823,-1,1823,1862,1863,-1,1823,1863,1824,-1,1824,1863,1864,-1,1824,1864,1825,-1,1825,1864,1865,-1,1825,1865,1826,-1,1826,1865,1866,-1,1826,1866,1827,-1,1827,1866,1867,-1,1827,1867,1828,-1,1828,1867,1868,-1,1828,1868,1829,-1,1829,1868,1869,-1,1829,1869,1830,-1,1830,1869,1870,-1,1830,1870,1831,-1,1831,1870,1871,-1,1831,1871,1832,-1,1832,1871,1872,-1,1832,1872,1833,-1,1833,1872,1873,-1,1833,1873,1834,-1,1834,1873,1874,-1,1834,1874,1835,-1,1835,1874,1875,-1,1835,1875,1836,-1,1836,1875,1876,-1,1836,1876,1837,-1,1837,1876,1877,-1,1837,1877,1838,-1,1838,1877,1878,-1,1838,1878,1839,-1,1839,1878,1879,-1,1839,1879,1840,-1,1840,1879,1841,-1,1879,1411,1841,-1,1841,1411,1410,-1,1841,1410,1842,-1,1842,1410,1413,-1,1842,1413,1843,-1,1843,1413,1414,-1,1843,1414,1844,-1,1844,1414,1415,-1,1844,1415,1845,-1,1845,1415,1416,-1,1845,1416,1846,-1,1846,1416,1417,-1,1846,1417,1847,-1,1847,1417,1418,-1,1847,1418,1848,-1,1848,1418,1419,-1,1848,1419,1849,-1,1849,1419,1420,-1,1849,1420,1850,-1,1850,1420,1421,-1,1850,1421,1851,-1,1851,1421,1422,-1,1851,1422,1852,-1,1852,1422,1423,-1,1852,1423,1853,-1,1853,1423,1424,-1,1853,1424,1854,-1,1854,1424,1425,-1,1854,1425,1855,-1,1855,1425,1426,-1,1855,1426,1856,-1,1856,1426,1427,-1,1856,1427,1857,-1,1857,1427,1428,-1,1857,1428,1858,-1,1858,1428,1429,-1,1858,1429,1859,-1,1859,1429,1430,-1,1859,1430,1860,-1,1860,1430,1431,-1,1860,1431,1861,-1,1861,1431,1432,-1,1861,1432,1862,-1,1862,1432,1433,-1,1862,1433,1863,-1,1863,1433,1434,-1,1863,1434,1864,-1,1864,1434,1435,-1,1864,1435,1865,-1,1865,1435,1436,-1,1865,1436,1866,-1,1866,1436,1437,-1,1866,1437,1867,-1,1867,1437,1438,-1,1867,1438,1868,-1,1868,1438,1439,-1,1868,1439,1869,-1,1869,1439,1440,-1,1869,1440,1870,-1,1870,1440,1441,-1,1870,1441,1871,-1,1871,1441,1442,-1,1871,1442,1872,-1,1872,1442,1443,-1,1872,1443,1873,-1,1873,1443,1444,-1,1873,1444,1874,-1,1874,1444,1445,-1,1874,1445,1875,-1,1875,1445,1446,-1,1875,1446,1876,-1,1876,1446,1447,-1,1876,1447,1877,-1,1877,1447,1448,-1,1877,1448,1878,-1,1878,1448,1449,-1,1878,1449,1879,-1,1879,1449,1411,-1,
        ]
    }
}
Shape{
    appearance Appearance {
        material  Material 	{
            diffuseColor 0.0 0.0 0.0
            specularColor 0.0 0.0 0.0
            ambientIntensity 0.0
            transparency 0.0
            shininess 0.5
        }
    }
    geometry IndexedFaceSet {
        ccw TRUE
        solid FALSE
        coord DEF co Coordinate {
            point [
                -0.0684 -0.1036 0.1476, -0.0684 -0.0082 0.1476, -0.0692 -0.0082 0.1476, -0.0539 -0.1383 0.1476, -0.0542 -0.1383 0.1476, -0.051 -0.1383 0.1476, -0.0641 -0.1037 0.1476, -0.0631 -0.1036 0.1476, -0.0607 -0.1171 0.1476, -0.0615 -0.1171 0.1476, -0.0571 -0.1171 0.1476, -0.1185 -0.1383 0.1476, -0.1186 -0.1383 0.1476, -0.0815 -0.1383 0.1476, -0.143 -0.1117 0.1476, -0.1419 -0.111 0.1476, -0.1419 -0.1036 0.1476, -0.0936 -0.1141 0.1476, -0.0911 -0.1162 0.1476, -0.0815 -0.1036 0.1476, -0.0815 -0.1171 0.1476, -0.1063 -0.1022 0.1476, -0.1042 -0.1036 0.1476, -0.102 -0.105 0.1476, -0.0989 -0.1086 0.1476, -0.0969 -0.1125 0.1476, -0.0965 -0.1127 0.1476, -0.111 -0.1005 0.1476, -0.0815 -0.0082 0.1476, -0.1149 -0.1001 0.1476, -0.1419 -0.0082 0.1476, -0.1196 -0.1007 0.1476, -0.124 -0.1024 0.1476, -0.1399 -0.1096 0.1476, -0.1364 -0.1082 0.1476, -0.1327 -0.1078 0.1476, -0.1259 -0.1036 0.1476, -0.1263 -0.1038 0.1476, -0.1285 -0.1057 0.1476, -0.1316 -0.1078 0.1476, -0.1305 -0.108 0.1476, -0.1575 -0.1171 0.1476, -0.1467 -0.1171 0.1476, -0.1575 -0.1036 0.1476, -0.1459 -0.1153 0.1476, -0.1436 -0.1123 0.1476, -0.1419 -0.1353 0.1476, -0.1441 -0.1335 0.1476, -0.1575 -0.1383 0.1476, -0.1462 -0.1304 0.1476, -0.1476 -0.1269 0.1476, -0.1575 -0.121 0.1476, -0.148 -0.1232 0.1476, -0.148 -0.1223 0.1476, -0.1478 -0.121 0.1476, -0.1474 -0.1187 0.1476, -0.1377 -0.1377 0.1476, -0.1411 -0.136 0.1476, -0.1419 -0.1383 0.1476, -0.1365 -0.138 0.1476, -0.1323 -0.1432 0.1476, -0.1341 -0.1418 0.1476, -0.1419 -0.1436 0.1476, -0.1355 -0.14 0.1476, -0.1364 -0.1383 0.1476, -0.1275 -0.1445 0.1476, -0.1419 -0.1575 0.1476, -0.1252 -0.1442 0.1476, -0.0815 -0.1575 0.1476, -0.1235 -0.1436 0.1476, -0.1279 -0.1445 0.1476, -0.1301 -0.1441 0.1476, -0.1314 -0.1436 0.1476, -0.1196 -0.1404 0.1476, -0.0815 -0.1436 0.1476, -0.1212 -0.1422 0.1476, -0.1231 -0.1434 0.1476, -0.088 -0.1218 0.1476, -0.0875 -0.125 0.1476, -0.0815 -0.121 0.1476, -0.1383 -0.1305 0.1476, -0.1364 -0.1317 0.1476, -0.1353 -0.1296 0.1476, -0.1203 -0.1287 0.1476, -0.1076 -0.122 0.1476, -0.122 -0.1272 0.1476, -0.124 -0.1261 0.1476, -0.1061 -0.138 0.1476, -0.1068 -0.1377 0.1476, -0.1073 -0.1371 0.1476, -0.0934 -0.1242 0.1476, -0.0939 -0.1224 0.1476, -0.0946 -0.121 0.1476, -0.1418 -0.121 0.1476, -0.1069 -0.133 0.1476, -0.1063 -0.1326 0.1476, -0.1047 -0.127 0.1476, -0.1057 -0.1324 0.1476, -0.1419 -0.1244 0.1476, -0.1413 -0.1267 0.1476, -0.1401 -0.1288 0.1476, -0.1317 -0.1265 0.1476, -0.1337 -0.1278 0.1476, -0.1419 -0.1219 0.1476, -0.0891 -0.1313 0.1476, -0.091 -0.134 0.1476, -0.0936 -0.1361 0.1476, -0.0965 -0.1376 0.1476, -0.0879 -0.1283 0.1476, -0.1051 -0.1324 0.1476, -0.105 -0.1324 0.1476, -0.1047 -0.1324 0.1476, -0.1296 -0.1257 0.1476, -0.1275 -0.1254 0.1476, -0.1263 -0.1255 0.1476, -0.0997 -0.1382 0.1476, -0.1053 -0.1382 0.1476, -0.1055 -0.1382 0.1476, -0.108 -0.1353 0.1476, -0.108 -0.1349 0.1476, -0.118 -0.1341 0.1476, -0.1078 -0.1342 0.1476, -0.1074 -0.1336 0.1476, -0.1077 -0.1365 0.1476, -0.1079 -0.1359 0.1476, -0.118 -0.1359 0.1476, -0.118 -0.135 0.1476, -0.0953 -0.1301 0.1476, -0.0943 -0.1286 0.1476, -0.0936 -0.1269 0.1476, -0.0934 -0.125 0.1476, -0.1045 -0.1324 0.1476, -0.1002 -0.1324 0.1476, -0.0985 -0.1321 0.1476, -0.0969 -0.1314 0.1476, -0.0955 -0.1302 0.1476, -0.1421 -0.123 0.1476, -0.142 -0.1244 0.1476, -0.141 -0.1186 0.1476, -0.1418 -0.1208 0.1476, -0.1016 -0.1176 0.1476, -0.1008 -0.1176 0.1476, -0.0948 -0.1208 0.1476, -0.0959 -0.1195 0.1476, -0.0973 -0.1185 0.1476, -0.099 -0.1179 0.1476, -0.1036 -0.1119 0.1476, -0.1058 -0.1093 0.1476, -0.1276 -0.1149 0.1476, -0.106 -0.1092 0.1476, -0.1086 -0.1073 0.1476, -0.1261 -0.1119 0.1476, -0.14 -0.1171 0.1476, -0.1283 -0.1145 0.1476, -0.1017 -0.1171 0.1476, -0.1022 -0.1149 0.1476, -0.1305 -0.1137 0.1476, -0.1326 -0.1135 0.1476, -0.1335 -0.1135 0.1476, -0.124 -0.1093 0.1476, -0.1116 -0.1062 0.1476, -0.1214 -0.1075 0.1476, -0.1148 -0.1058 0.1476, -0.1183 -0.1062 0.1476, -0.1358 -0.114 0.1476, -0.138 -0.1152 0.1476, -0.1397 -0.1167 0.1476, -0.0904 -0.1171 0.1476, -0.0891 -0.1189 0.1476, -0.0883 -0.121 0.1476, -0.0263 -0.1134 0.1476, -0.0312 -0.1134 0.1476, -0.0249 -0.117 0.1476, -0.0312 -0.1171 0.1476, -0.023 -0.117 0.1476, 0.1575 -0.1171 0.1476, 0.1575 -0.1036 0.1476, -0.0281 -0.1037 0.1476, -0.0312 -0.1036 0.1476, -0.0318 -0.1134 0.1476, -0.0331 -0.117 0.1476, -0.0354 -0.1171 0.1476, -0.035 -0.117 0.1476, -0.0354 -0.1036 0.1476, -0.0312 -0.1069 0.1476, -0.03 -0.1037 0.1476, -0.051 -0.111 0.1476, -0.0546 -0.111 0.1476, -0.051 -0.1155 0.1476, -0.0546 -0.1155 0.1476, -0.0479 -0.1036 0.1476, -0.051 -0.1036 0.1476, -0.0495 -0.1037 0.1476, -0.051 -0.1037 0.1476, -0.0495 -0.1052 0.1476, -0.0492 -0.1155 0.1476, -0.0479 -0.1171 0.1476, -0.0492 -0.117 0.1476, -0.051 -0.1171 0.1476, -0.0498 -0.111 0.1476, -0.0498 -0.1095 0.1476, -0.051 -0.1095 0.1476, -0.051 -0.1052 0.1476, -0.0546 -0.1052 0.1476, -0.0546 -0.1095 0.1476, -0.0563 -0.1037 0.1476, -0.0571 -0.1036 0.1476, -0.0563 -0.117 0.1476, -0.059 -0.104 0.1476, -0.0604 -0.1036 0.1476, -0.0608 -0.1036 0.1476, -0.051 -0.117 0.1476, -0.059 -0.1058 0.1476, -0.0592 -0.1166 0.1476, -0.0618 -0.1157 0.1476, -0.0603 -0.1154 0.1476, -0.059 -0.1148 0.1476, -0.059 -0.1165 0.1476, -0.0665 -0.1134 0.1476, -0.0659 -0.1143 0.1476, -0.0656 -0.1146 0.1476, -0.0648 -0.1152 0.1476, -0.0638 -0.1155 0.1476, -0.0625 -0.1157 0.1476, -0.0605 -0.1052 0.1476, -0.066 -0.1067 0.1476, -0.0592 -0.1057 0.1476, -0.0666 -0.1076 0.1476, -0.067 -0.1088 0.1476, -0.0622 -0.105 0.1476, -0.0627 -0.105 0.1476, -0.0658 -0.1065 0.1476, -0.0638 -0.1052 0.1476, -0.0649 -0.1057 0.1476, -0.0672 -0.1105 0.1476, -0.0672 -0.111 0.1476, -0.067 -0.1123 0.1476, -0.0622 -0.1034 0.1476, -0.0571 -0.0082 0.1476, -0.0621 -0.1034 0.1476, -0.0684 -0.1075 0.1476, -0.068 -0.1067 0.1476, -0.0671 -0.1054 0.1476, -0.0668 -0.1051 0.1476, -0.0655 -0.1042 0.1476, -0.069 -0.1099 0.1476, -0.0687 -0.1082 0.1476, -0.0692 -0.1036 0.1476, -0.0684 -0.1136 0.1476, -0.0688 -0.1126 0.1476, -0.0692 -0.1171 0.1476, -0.069 -0.1106 0.1476, -0.065 -0.1169 0.1476, -0.0662 -0.1163 0.1476, -0.0684 -0.1171 0.1476, -0.0673 -0.1154 0.1476, -0.0675 -0.1152 0.1476, -0.0683 -0.114 0.1476, -0.0639 -0.1171 0.1476, -0.0684 -0.121 0.1476, -0.0635 -0.1172 0.1476, -0.0627 -0.1172 0.1476, -0.0571 -0.121 0.1476, -0.0361 -0.1126 0.1476, -0.0368 -0.114 0.1476, -0.0405 -0.1036 0.1476, -0.0405 -0.104 0.1476, -0.0392 -0.1045 0.1476, -0.0405 -0.1167 0.1476, -0.0405 -0.1171 0.1476, -0.0392 -0.1162 0.1476, -0.0378 -0.1152 0.1476, -0.0378 -0.1054 0.1476, -0.0373 -0.1059 0.1476, -0.0365 -0.107 0.1476, -0.036 -0.1083 0.1476, -0.0358 -0.1102 0.1476, -0.0358 -0.111 0.1476, -0.0428 -0.1037 0.1476, -0.0408 -0.1039 0.1476, -0.0407 -0.1167 0.1476, -0.043 -0.117 0.1476, -0.0466 -0.117 0.1476, -0.0466 -0.1037 0.1476, -0.0671 -0.1336 0.1476, -0.0669 -0.131 0.1476, -0.0675 -0.1341 0.1476, -0.0677 -0.1347 0.1476, -0.0618 -0.1382 0.1476, -0.0639 -0.1383 0.1476, -0.0601 -0.1382 0.1476, -0.0571 -0.1383 0.1476, -0.0659 -0.1383 0.1476, -0.0665 -0.138 0.1476, -0.0684 -0.1383 0.1476, -0.0675 -0.137 0.1476, -0.0677 -0.1365 0.1476, -0.0669 -0.1293 0.1476, -0.0665 -0.1291 0.1476, -0.0618 -0.1367 0.1476, -0.0619 -0.1367 0.1476, -0.0623 -0.1373 0.1476, -0.0666 -0.1332 0.1476, -0.0659 -0.1328 0.1476, -0.0657 -0.1302 0.1476, -0.0646 -0.1325 0.1476, -0.0647 -0.1299 0.1476, -0.0628 -0.1378 0.1476, -0.0632 -0.138 0.1476, -0.067 -0.1377 0.1476, -0.0671 -0.1375 0.1476, -0.0613 -0.1291 0.1476, -0.0578 -0.1306 0.1476, -0.0619 -0.1287 0.1476, -0.0576 -0.1301 0.1476, -0.0573 -0.1296 0.1476, -0.0618 -0.1321 0.1476, -0.0619 -0.1314 0.1476, -0.062 -0.1308 0.1476, -0.0678 -0.1356 0.1476, -0.0678 -0.1354 0.1476, -0.0609 -0.1295 0.1476, -0.0605 -0.13 0.1476, -0.0603 -0.1308 0.1476, -0.0653 -0.1287 0.1476, -0.0636 -0.1284 0.1476, -0.0626 -0.1285 0.1476, -0.0622 -0.1305 0.1476, -0.0625 -0.1302 0.1476, -0.0628 -0.13 0.1476, -0.0632 -0.1299 0.1476, -0.0637 -0.1298 0.1476, -0.0574 -0.1327 0.1476, -0.0576 -0.1324 0.1476, -0.0601 -0.1321 0.1476, -0.0578 -0.1319 0.1476, -0.0579 -0.1312 0.1476, -0.0571 -0.133 0.1476, -0.0579 -0.1361 0.1476, -0.0571 -0.133 0.1476, -0.0573 -0.1365 0.1476, -0.0571 -0.1366 0.1476, -0.0648 -0.1384 0.1476, -0.0651 -0.1384 0.1476, -0.0684 -0.1436 0.1476, -0.0657 -0.1383 0.1476, -0.0579 -0.1379 0.1476, -0.0571 -0.1381 0.1476, -0.0567 -0.1383 0.1476, -0.0564 -0.1383 0.1476, -0.0553 -0.1384 0.1476, -0.0571 -0.1436 0.1476, -0.051 -0.1436 0.1476, -0.0519 -0.1289 0.1476, -0.0519 -0.1305 0.1476, -0.0568 -0.1292 0.1476, -0.0564 -0.129 0.1476, -0.0571 -0.1295 0.1476, -0.0515 -0.1363 0.1476, -0.0517 -0.1368 0.1476, -0.0521 -0.1373 0.1476, -0.0555 -0.1286 0.1476, -0.0542 -0.1284 0.1476, -0.051 -0.121 0.1476, -0.053 -0.1285 0.1476, -0.052 -0.134 0.1476, -0.0517 -0.1345 0.1476, -0.0515 -0.135 0.1476, -0.0514 -0.1356 0.1476, -0.0525 -0.1377 0.1476, -0.053 -0.1379 0.1476, -0.0543 -0.1298 0.1476, -0.0548 -0.1298 0.1476, -0.0561 -0.1311 0.1476, -0.0553 -0.13 0.1476, -0.0556 -0.1302 0.1476, -0.0561 -0.1313 0.1476, -0.0561 -0.1316 0.1476, -0.0559 -0.1318 0.1476, -0.0558 -0.132 0.1476, -0.0552 -0.1323 0.1476, -0.0531 -0.1299 0.1476, -0.0542 -0.1328 0.1476, -0.0522 -0.1303 0.1476, -0.0535 -0.133 0.1476, -0.0524 -0.1337 0.1476, -0.0559 -0.1304 0.1476, -0.056 -0.1306 0.1476, -0.0561 -0.1308 0.1476, -0.0562 -0.1369 0.1476, -0.0553 -0.134 0.1476, -0.0563 -0.1335 0.1476, -0.0551 -0.1371 0.1476, -0.0551 -0.1371 0.1476, -0.0542 -0.1345 0.1476, -0.0542 -0.137 0.1476, -0.0532 -0.1358 0.1476, -0.0532 -0.1356 0.1476, -0.0538 -0.1368 0.1476, -0.0536 -0.1367 0.1476, -0.0534 -0.1365 0.1476, -0.0533 -0.1363 0.1476, -0.0532 -0.1361 0.1476, -0.0533 -0.1353 0.1476, -0.0534 -0.1351 0.1476, -0.0536 -0.1349 0.1476, -0.0432 -0.1287 0.1476, -0.0414 -0.1287 0.1476, -0.0405 -0.121 0.1476, -0.0462 -0.1358 0.1476, -0.046 -0.1366 0.1476, -0.046 -0.1366 0.1476, -0.0479 -0.121 0.1476, -0.0479 -0.131 0.1476, -0.0458 -0.1358 0.1476, -0.0459 -0.1363 0.1476, -0.0479 -0.1355 0.1476, -0.0506 -0.1287 0.1476, -0.0487 -0.1287 0.1476, -0.0469 -0.1383 0.1476, -0.0468 -0.1382 0.1476, -0.0479 -0.1405 0.1476, -0.0479 -0.1405 0.1476, -0.0479 -0.1383 0.1476, -0.0476 -0.1399 0.1476, -0.0502 -0.1411 0.1476, -0.0502 -0.1425 0.1476, -0.0498 -0.1412 0.1476, -0.0493 -0.1412 0.1476, -0.0489 -0.1412 0.1476, -0.0479 -0.1424 0.1476, -0.0485 -0.1426 0.1476, -0.0479 -0.1436 0.1476, -0.0492 -0.1427 0.1476, -0.0497 -0.1426 0.1476, -0.0485 -0.1411 0.1476, -0.0482 -0.1408 0.1476, -0.0458 -0.1396 0.1476, -0.0463 -0.1407 0.1476, -0.0405 -0.1436 0.1476, -0.0452 -0.1383 0.1476, -0.047 -0.1417 0.1476, -0.0473 -0.142 0.1476, -0.0479 -0.1424 0.1476, -0.0354 -0.1322 0.1476, -0.0379 -0.1322 0.1476, -0.0354 -0.1367 0.1476, -0.0379 -0.1367 0.1476, -0.0328 -0.1248 0.1476, -0.0328 -0.1264 0.1476, -0.0312 -0.121 0.1476, -0.0324 -0.1367 0.1476, -0.0312 -0.1383 0.1476, -0.0324 -0.1382 0.1476, -0.0354 -0.1383 0.1476, -0.0331 -0.1322 0.1476, -0.0331 -0.1307 0.1476, -0.0354 -0.1307 0.1476, -0.0354 -0.1264 0.1476, -0.0379 -0.1264 0.1476, -0.0379 -0.1307 0.1476, -0.0354 -0.1382 0.1476, -0.0396 -0.1382 0.1476, -0.0405 -0.1383 0.1476, -0.0396 -0.1248 0.1476, -0.0354 -0.1248 0.1476, -0.0354 -0.121 0.1476, -0.0815 0.1575 0.1476, -0.0692 0.1575 0.1476, -0.0684 0.1575 0.1476, -0.0571 0.1575 0.1476, -0.051 -0.0082 0.1476, -0.051 0.1575 0.1476, -0.0479 -0.0082 0.1476, -0.0479 0.1575 0.1476, -0.0405 -0.0082 0.1476, -0.0405 0.1575 0.1476, -0.0354 -0.0082 0.1476, -0.0354 0.1575 0.1476, -0.0312 -0.0082 0.1476, -0.0312 0.1575 0.1476, 0.1575 -0.0082 0.1476, 0.1575 0.1575 0.1476, -0.0865 0.1084 0.1476, -0.0874 0.102 0.1476, -0.1048 0.1322 0.1476, -0.0988 0.1297 0.1476, -0.0937 0.1258 0.1476, -0.0898 0.1207 0.1476, -0.0874 0.1148 0.1476, -0.1325 0.096 0.1476, -0.1286 0.0909 0.1476, -0.1235 0.087 0.1476, -0.1325 0.1207 0.1476, -0.1286 0.1258 0.1476, -0.1419 0.1575 0.1476, -0.0898 0.096 0.1476, -0.0937 0.0909 0.1476, -0.0988 0.087 0.1476, -0.135 0.102 0.1476, -0.1358 0.1084 0.1476, -0.135 0.1148 0.1476, -0.1235 0.1297 0.1476, -0.1176 0.1322 0.1476, -0.1112 0.133 0.1476, -0.1048 0.0845 0.1476, -0.1112 0.0837 0.1476, -0.1176 0.0845 0.1476, -0.1575 0.1575 0.1476, -0.1575 -0.0082 0.1476, -0.0695 -0.1155 0.1476, -0.0695 -0.117 0.1476, -0.0766 -0.117 0.1476, -0.0766 -0.1037 0.1476, -0.0749 -0.1037 0.1476, -0.0749 -0.1155 0.1476, -0.0692 -0.121 0.1476, -0.0164 -0.1382 0.1476, -0.0183 -0.1382 0.1476, 0.1575 -0.121 0.1476, -0.0114 -0.1248 0.1476, 0.1575 -0.1383 0.1476, -0.0063 -0.1382 0.1476, -0.0082 -0.1382 0.1476, -0.0096 -0.1345 0.1476, -0.0151 -0.1345 0.1476, -0.0132 -0.1248 0.1476, -0.0201 -0.1351 0.1476, -0.0211 -0.1363 0.1476, -0.0225 -0.1373 0.1476, -0.0193 -0.1295 0.1476, -0.0191 -0.1313 0.1476, -0.0191 -0.1322 0.1476, -0.0194 -0.1338 0.1476, -0.0211 -0.1266 0.1476, -0.0206 -0.1271 0.1476, -0.0198 -0.1282 0.1476, -0.0299 -0.1248 0.1476, -0.0299 -0.1382 0.1476, -0.0263 -0.1382 0.1476, -0.024 -0.1379 0.1476, -0.0261 -0.1248 0.1476, -0.0241 -0.1251 0.1476, -0.0225 -0.1257 0.1476, -0.0692 -0.1383 0.1476, -0.0766 -0.1382 0.1476, -0.0694 -0.1382 0.1476, -0.0694 -0.1367 0.1476, -0.0697 -0.1264 0.1476, -0.0766 -0.1248 0.1476, -0.0697 -0.1248 0.1476, -0.0749 -0.1322 0.1476, -0.0749 -0.1367 0.1476, -0.0701 -0.1322 0.1476, -0.0701 -0.1307 0.1476, -0.0749 -0.1307 0.1476, -0.0749 -0.1264 0.1476, -0.0354 -0.1436 0.1476, -0.0312 -0.1436 0.1476, 0.1575 -0.1436 0.1476, -0.0692 -0.1436 0.1476, -0.0692 -0.1575 0.1476, -0.0684 -0.1575 0.1476, -0.0571 -0.1575 0.1476, -0.051 -0.1575 0.1476, -0.0479 -0.1575 0.1476, -0.0405 -0.1575 0.1476, -0.0354 -0.1575 0.1476, -0.0312 -0.1575 0.1476, 0.1575 -0.1575 0.1476, -0.1575 -0.1436 0.1476, -0.1575 -0.1575 0.1476, 0.1575 0.1575 0.1378, 0.1575 -0.1575 0.1378, -0.1575 0.1575 0.1378, -0.1575 -0.1575 0.1378
            ]
        }
        coordIndex [
            0,1,2,-1,3,4,5,-1,6,7,0,-1,8,9,10,-1,11,12,13,-1,14,15,16,-1,17,18,19,-1,19,18,20,-1,21,22,19,-1,19,22,23,-1,19,23,24,-1,24,25,19,-1,19,25,26,-1,19,26,17,-1,27,28,29,-1,29,28,30,-1,29,30,31,-1,31,30,32,-1,15,33,16,-1,16,33,34,-1,16,34,35,-1,32,30,36,-1,36,30,16,-1,36,16,37,-1,37,16,35,-1,37,35,38,-1,38,35,39,-1,38,39,40,-1,41,42,43,-1,43,42,44,-1,43,44,45,-1,46,47,48,-1,47,49,48,-1,48,49,50,-1,48,50,51,-1,51,50,52,-1,52,53,51,-1,51,53,54,-1,51,54,41,-1,41,54,55,-1,41,55,42,-1,56,57,58,-1,56,58,59,-1,60,61,62,-1,62,61,63,-1,62,63,58,-1,58,63,64,-1,58,64,59,-1,65,66,67,-1,67,66,68,-1,67,68,69,-1,65,70,66,-1,66,70,71,-1,66,71,62,-1,62,71,72,-1,62,72,60,-1,12,73,74,-1,73,75,74,-1,74,75,76,-1,74,76,69,-1,77,78,79,-1,80,81,82,-1,83,84,85,-1,85,84,86,-1,87,88,11,-1,11,88,89,-1,90,91,84,-1,84,91,92,-1,84,92,93,-1,94,95,96,-1,96,95,97,-1,98,99,82,-1,82,99,100,-1,82,100,80,-1,101,93,102,-1,102,93,103,-1,102,103,82,-1,104,105,13,-1,13,105,106,-1,13,106,107,-1,79,78,13,-1,13,78,108,-1,13,108,104,-1,97,109,96,-1,96,109,110,-1,96,110,111,-1,101,112,93,-1,93,112,113,-1,93,113,84,-1,84,113,114,-1,84,114,86,-1,107,115,13,-1,13,115,116,-1,13,116,11,-1,11,116,117,-1,11,117,87,-1,118,119,120,-1,120,119,121,-1,120,121,96,-1,96,121,122,-1,96,122,94,-1,89,123,11,-1,11,123,124,-1,11,124,125,-1,125,124,118,-1,125,118,126,-1,126,118,120,-1,127,128,96,-1,96,128,129,-1,96,129,84,-1,84,129,130,-1,84,130,90,-1,111,131,96,-1,96,131,132,-1,96,132,133,-1,133,134,96,-1,96,134,135,-1,96,135,127,-1,82,103,98,-1,98,103,136,-1,98,136,137,-1,138,139,140,-1,139,93,140,-1,140,93,92,-1,140,92,141,-1,141,92,142,-1,142,143,141,-1,141,143,144,-1,141,144,145,-1,146,147,148,-1,147,149,148,-1,148,149,150,-1,148,150,151,-1,152,148,153,-1,138,140,152,-1,152,140,154,-1,152,154,148,-1,148,154,155,-1,148,155,146,-1,153,156,152,-1,152,156,157,-1,152,157,158,-1,151,150,159,-1,159,150,160,-1,159,160,161,-1,161,160,162,-1,161,162,163,-1,164,165,158,-1,158,165,166,-1,158,166,152,-1,18,167,20,-1,20,167,168,-1,20,168,79,-1,79,168,169,-1,79,169,77,-1,170,171,172,-1,172,171,173,-1,172,173,174,-1,175,176,177,-1,177,176,178,-1,171,179,173,-1,173,179,180,-1,173,180,181,-1,181,180,182,-1,181,182,183,-1,183,182,184,-1,183,184,178,-1,178,184,185,-1,178,185,177,-1,186,187,188,-1,188,187,189,-1,190,191,192,-1,192,191,193,-1,192,194,190,-1,190,194,195,-1,190,195,196,-1,196,195,197,-1,196,197,198,-1,186,188,199,-1,199,188,195,-1,199,195,200,-1,200,195,194,-1,200,194,201,-1,194,202,201,-1,201,202,203,-1,201,203,204,-1,193,191,205,-1,205,191,206,-1,205,206,207,-1,208,206,209,-1,209,206,210,-1,197,211,198,-1,198,211,207,-1,198,207,10,-1,10,207,206,-1,10,206,212,-1,212,206,208,-1,8,10,213,-1,214,215,212,-1,212,215,216,-1,212,216,10,-1,10,216,217,-1,10,217,213,-1,218,219,212,-1,212,219,220,-1,212,220,221,-1,221,222,212,-1,212,222,223,-1,212,223,214,-1,224,225,226,-1,226,225,227,-1,226,227,228,-1,224,229,225,-1,225,229,230,-1,225,230,231,-1,231,230,232,-1,231,232,233,-1,228,234,226,-1,226,234,235,-1,226,235,212,-1,212,235,236,-1,212,236,218,-1,0,7,1,-1,1,7,237,-1,1,237,238,-1,238,237,239,-1,238,239,210,-1,240,241,0,-1,0,241,242,-1,242,243,0,-1,0,243,244,-1,0,244,6,-1,245,246,247,-1,248,249,250,-1,250,249,251,-1,245,247,251,-1,252,253,254,-1,253,255,254,-1,254,255,256,-1,254,256,257,-1,252,254,258,-1,258,254,259,-1,258,259,260,-1,260,259,261,-1,261,259,262,-1,261,262,9,-1,263,264,181,-1,265,266,183,-1,183,266,267,-1,268,269,270,-1,270,269,181,-1,270,181,271,-1,271,181,264,-1,267,272,183,-1,183,272,273,-1,183,273,274,-1,274,275,183,-1,183,275,276,-1,183,276,181,-1,181,276,277,-1,181,277,263,-1,190,278,265,-1,265,278,279,-1,265,279,266,-1,268,280,269,-1,269,280,281,-1,269,281,196,-1,196,281,282,-1,196,282,190,-1,190,282,283,-1,190,283,278,-1,284,285,286,-1,286,285,287,-1,288,289,290,-1,290,289,291,-1,292,293,294,-1,294,295,296,-1,259,297,298,-1,299,300,288,-1,288,300,301,-1,284,302,285,-1,285,302,303,-1,285,303,304,-1,304,303,305,-1,304,305,306,-1,301,307,288,-1,288,307,308,-1,288,308,289,-1,293,309,294,-1,294,309,310,-1,294,310,295,-1,311,312,313,-1,313,312,314,-1,313,314,315,-1,316,317,305,-1,305,317,318,-1,296,319,294,-1,294,319,320,-1,294,320,259,-1,259,320,287,-1,259,287,297,-1,297,287,285,-1,311,321,312,-1,312,321,322,-1,312,322,323,-1,298,324,259,-1,259,324,325,-1,259,325,326,-1,318,327,305,-1,305,327,328,-1,305,328,329,-1,329,330,305,-1,305,330,331,-1,305,331,306,-1,332,333,334,-1,334,333,335,-1,334,335,323,-1,323,335,336,-1,323,336,312,-1,337,338,339,-1,339,338,340,-1,339,340,341,-1,342,343,344,-1,344,343,345,-1,337,332,338,-1,338,332,334,-1,338,334,346,-1,346,334,290,-1,346,290,347,-1,347,290,291,-1,347,291,348,-1,348,291,349,-1,350,349,351,-1,351,349,291,-1,351,291,344,-1,344,291,289,-1,344,289,342,-1,350,351,4,-1,4,351,352,-1,4,352,5,-1,353,354,5,-1,355,356,262,-1,326,313,259,-1,259,313,315,-1,259,315,262,-1,262,315,357,-1,262,357,355,-1,358,359,5,-1,5,359,360,-1,356,361,262,-1,262,361,362,-1,262,362,363,-1,363,362,364,-1,363,364,353,-1,365,366,354,-1,354,366,367,-1,354,367,5,-1,5,367,368,-1,5,368,358,-1,360,369,5,-1,5,369,370,-1,5,370,3,-1,371,372,373,-1,373,372,374,-1,373,374,375,-1,373,376,371,-1,371,376,377,-1,371,377,378,-1,378,379,371,-1,371,379,380,-1,371,380,381,-1,381,380,382,-1,381,382,383,-1,383,382,384,-1,383,384,354,-1,354,384,385,-1,354,385,365,-1,386,387,375,-1,375,387,388,-1,375,388,373,-1,389,390,341,-1,341,390,391,-1,341,391,339,-1,389,392,390,-1,390,392,393,-1,390,393,394,-1,394,393,395,-1,394,396,397,-1,395,398,394,-1,394,398,399,-1,394,399,400,-1,400,401,394,-1,394,401,402,-1,394,402,396,-1,397,403,394,-1,394,403,404,-1,394,404,405,-1,406,407,408,-1,409,410,411,-1,408,412,406,-1,406,412,413,-1,406,413,414,-1,414,413,409,-1,414,409,415,-1,415,409,411,-1,416,417,5,-1,353,5,363,-1,363,5,417,-1,363,417,412,-1,412,417,418,-1,412,418,413,-1,419,420,416,-1,421,422,423,-1,423,422,424,-1,423,424,419,-1,419,416,423,-1,423,416,5,-1,423,5,425,-1,425,5,352,-1,425,352,426,-1,425,427,423,-1,423,427,428,-1,423,428,429,-1,430,431,432,-1,432,431,433,-1,432,433,352,-1,352,433,434,-1,352,434,426,-1,429,435,423,-1,423,435,436,-1,423,436,421,-1,437,438,439,-1,437,439,440,-1,438,441,439,-1,439,441,442,-1,439,442,432,-1,432,442,443,-1,432,443,430,-1,444,445,446,-1,446,445,447,-1,448,449,450,-1,450,449,451,-1,450,451,452,-1,452,451,453,-1,452,453,454,-1,444,446,455,-1,455,446,451,-1,455,451,456,-1,456,451,449,-1,456,449,457,-1,449,458,457,-1,457,458,459,-1,457,459,460,-1,453,461,454,-1,454,461,462,-1,454,462,463,-1,463,462,464,-1,448,450,465,-1,465,450,466,-1,465,466,464,-1,464,466,408,-1,464,408,463,-1,463,408,407,-1,463,407,440,-1,467,2,468,-1,468,2,1,-1,468,1,469,-1,469,1,238,-1,469,238,470,-1,470,238,471,-1,470,471,472,-1,472,471,473,-1,472,473,474,-1,474,473,475,-1,474,475,476,-1,476,475,477,-1,476,477,478,-1,478,477,479,-1,478,479,480,-1,480,479,481,-1,480,481,482,-1,483,484,28,-1,467,485,486,-1,486,487,467,-1,467,487,488,-1,467,488,489,-1,490,30,491,-1,491,30,492,-1,493,494,495,-1,484,496,28,-1,28,496,497,-1,28,497,498,-1,490,499,30,-1,30,499,500,-1,30,500,495,-1,495,500,501,-1,495,501,493,-1,494,502,495,-1,495,502,503,-1,495,503,467,-1,467,503,504,-1,467,504,485,-1,498,505,28,-1,28,505,506,-1,28,506,30,-1,30,506,507,-1,30,507,492,-1,210,206,238,-1,238,206,191,-1,238,191,471,-1,471,191,190,-1,471,190,473,-1,473,190,265,-1,473,265,475,-1,475,265,183,-1,475,183,477,-1,477,183,178,-1,477,178,479,-1,479,178,176,-1,479,176,481,-1,489,483,467,-1,467,483,28,-1,467,28,2,-1,2,28,247,-1,2,247,0,-1,0,247,246,-1,0,246,240,-1,495,508,30,-1,30,508,509,-1,30,509,16,-1,16,509,43,-1,16,43,14,-1,14,43,45,-1,251,247,250,-1,250,247,510,-1,250,510,511,-1,20,512,19,-1,19,512,513,-1,19,513,514,-1,515,510,514,-1,514,510,247,-1,514,247,19,-1,19,247,28,-1,19,28,21,-1,21,28,27,-1,9,262,10,-1,10,262,363,-1,10,363,198,-1,198,363,412,-1,198,412,196,-1,196,412,408,-1,196,408,269,-1,269,408,466,-1,269,466,181,-1,181,466,450,-1,181,450,173,-1,511,512,250,-1,250,512,20,-1,250,20,516,-1,516,20,79,-1,517,518,452,-1,519,520,521,-1,521,520,522,-1,521,522,452,-1,452,522,523,-1,452,523,517,-1,517,523,524,-1,517,524,525,-1,177,174,175,-1,175,174,173,-1,175,173,519,-1,519,173,450,-1,519,450,520,-1,520,450,526,-1,527,528,518,-1,518,528,529,-1,530,531,526,-1,526,531,532,-1,526,532,518,-1,518,532,533,-1,518,533,527,-1,534,535,526,-1,526,535,536,-1,526,536,530,-1,537,450,538,-1,538,450,452,-1,538,452,539,-1,539,452,518,-1,539,518,540,-1,540,518,529,-1,537,541,450,-1,450,541,542,-1,450,542,526,-1,526,542,543,-1,526,543,534,-1,257,248,254,-1,254,248,250,-1,254,250,259,-1,259,250,516,-1,259,516,294,-1,294,516,544,-1,13,544,545,-1,545,544,546,-1,546,544,547,-1,547,544,516,-1,547,516,548,-1,13,545,79,-1,79,545,549,-1,79,549,516,-1,516,549,550,-1,516,550,548,-1,551,552,553,-1,553,552,547,-1,553,547,554,-1,554,547,548,-1,554,548,555,-1,555,548,556,-1,440,439,463,-1,463,439,557,-1,463,557,454,-1,454,557,558,-1,454,558,452,-1,452,558,559,-1,452,559,521,-1,12,74,13,-1,13,74,560,-1,13,560,544,-1,544,560,344,-1,544,344,294,-1,294,344,345,-1,294,345,292,-1,69,68,74,-1,74,68,561,-1,74,561,560,-1,560,561,562,-1,560,562,344,-1,344,562,563,-1,344,563,351,-1,351,563,564,-1,351,564,352,-1,352,564,565,-1,352,565,432,-1,432,565,566,-1,432,566,439,-1,439,566,567,-1,439,567,557,-1,557,567,568,-1,557,568,558,-1,558,568,569,-1,558,569,559,-1,57,46,58,-1,58,46,48,-1,58,48,62,-1,62,48,570,-1,62,570,66,-1,66,570,571,-1,482,569,572,-1,572,569,573,-1,508,482,574,-1,574,482,572,-1,571,508,575,-1,575,508,574,-1,569,571,573,-1,573,571,575,-1,575,574,573,-1,573,574,572,-1,
        ]
    }
}
Shape{
    appearance Appearance {
        material  Material 	{
            diffuseColor 0.5019607843137255 0.5019607843137255 0.5019607843137255
            specularColor 0.25098039215686274 0.25098039215686274 0.25098039215686274
            ambientIntensity 0.502
            transparency 0.0
            shininess 0.5
        }
    }
    geometry IndexedFaceSet {
        ccw TRUE
        solid FALSE
        coord DEF co Coordinate {
            point [
                -0.0865 0.1084 0.1472, -0.0865 0.1084 0.1476, -0.0874 0.1148 0.1472, -0.0874 0.1148 0.1476, -0.0898 0.1207 0.1472, -0.0898 0.1207 0.1476, -0.0937 0.1258 0.1472, -0.0937 0.1258 0.1476, -0.0988 0.1297 0.1472, -0.0988 0.1297 0.1476, -0.1048 0.1322 0.1472, -0.1048 0.1322 0.1476, -0.1112 0.133 0.1472, -0.1112 0.133 0.1476, -0.1176 0.1322 0.1472, -0.1176 0.1322 0.1476, -0.1235 0.1297 0.1472, -0.1235 0.1297 0.1476, -0.1286 0.1258 0.1472, -0.1286 0.1258 0.1476, -0.1325 0.1207 0.1472, -0.1325 0.1207 0.1476, -0.135 0.1148 0.1472, -0.135 0.1148 0.1476, -0.1358 0.1084 0.1472, -0.1358 0.1084 0.1476, -0.135 0.102 0.1472, -0.135 0.102 0.1476, -0.1325 0.096 0.1472, -0.1325 0.096 0.1476, -0.1286 0.0909 0.1472, -0.1286 0.0909 0.1476, -0.1235 0.087 0.1472, -0.1235 0.087 0.1476, -0.1176 0.0845 0.1472, -0.1176 0.0845 0.1476, -0.1112 0.0837 0.1472, -0.1112 0.0837 0.1476, -0.1048 0.0845 0.1472, -0.1048 0.0845 0.1476, -0.0988 0.087 0.1472, -0.0988 0.087 0.1476, -0.0937 0.0909 0.1472, -0.0937 0.0909 0.1476, -0.0898 0.096 0.1472, -0.0898 0.096 0.1476, -0.0874 0.102 0.1472, -0.0874 0.102 0.1476, -0.1112 0.1084 0.1472
            ]
        }
        coordIndex [
            0,1,2,-1,2,1,3,-1,2,3,4,-1,4,3,5,-1,4,5,6,-1,6,5,7,-1,6,7,8,-1,8,7,9,-1,8,9,10,-1,10,9,11,-1,10,11,12,-1,12,11,13,-1,12,13,14,-1,14,13,15,-1,14,15,16,-1,16,15,17,-1,16,17,18,-1,18,17,19,-1,18,19,20,-1,20,19,21,-1,20,21,22,-1,22,21,23,-1,22,23,24,-1,24,23,25,-1,24,25,26,-1,26,25,27,-1,26,27,28,-1,28,27,29,-1,28,29,30,-1,30,29,31,-1,30,31,32,-1,32,31,33,-1,32,33,34,-1,34,33,35,-1,34,35,36,-1,36,35,37,-1,36,37,38,-1,38,37,39,-1,38,39,40,-1,40,39,41,-1,40,41,42,-1,42,41,43,-1,42,43,44,-1,44,43,45,-1,44,45,46,-1,46,45,47,-1,46,47,0,-1,0,47,1,-1,44,46,48,-1,48,46,0,-1,48,0,2,-1,38,40,48,-1,48,40,42,-1,48,42,44,-1,32,34,48,-1,48,34,36,-1,48,36,38,-1,26,28,48,-1,48,28,30,-1,48,30,32,-1,20,22,48,-1,48,22,24,-1,48,24,26,-1,14,16,48,-1,48,16,18,-1,48,18,20,-1,8,10,48,-1,48,10,12,-1,48,12,14,-1,2,4,48,-1,48,4,6,-1,48,6,8,-1,
        ]
    }
}
Shape{
    appearance Appearance {
        material  Material 	{
            diffuseColor 1.0 1.0 1.0
            specularColor 0.5019607843137255 0.5019607843137255 0.5019607843137255
            ambientIntensity 1.0
            transparency 0.0
            shininess 0.5
        }
    }
    geometry IndexedFaceSet {
        ccw TRUE
        solid FALSE
        coord DEF co Coordinate {
            point [
                -0.0695 -0.1155 0.1516, -0.0695 -0.117 0.1516, -0.0695 -0.1155 0.1476, -0.0695 -0.117 0.1476, -0.0749 -0.1155 0.1516, -0.0749 -0.1155 0.1476, -0.0749 -0.1037 0.1516, -0.0749 -0.1037 0.1476, -0.0766 -0.1037 0.1516, -0.0766 -0.1037 0.1476, -0.0766 -0.117 0.1516, -0.0766 -0.117 0.1476, -0.0627 -0.1172 0.1476, -0.0615 -0.1171 0.1476, -0.0627 -0.1172 0.1516, -0.0607 -0.1171 0.1516, -0.0607 -0.1171 0.1476, -0.0592 -0.1166 0.1476, -0.0592 -0.1166 0.1516, -0.059 -0.1165 0.1476, -0.059 -0.1165 0.1516, -0.059 -0.1148 0.1516, -0.059 -0.1148 0.1476, -0.0603 -0.1154 0.1476, -0.0603 -0.1154 0.1516, -0.0618 -0.1157 0.1476, -0.0618 -0.1157 0.1516, -0.0625 -0.1157 0.1476, -0.0625 -0.1157 0.1516, -0.0638 -0.1155 0.1476, -0.0638 -0.1155 0.1516, -0.0648 -0.1152 0.1476, -0.0648 -0.1152 0.1516, -0.0656 -0.1146 0.1476, -0.0656 -0.1146 0.1516, -0.0659 -0.1143 0.1476, -0.0659 -0.1143 0.1516, -0.0665 -0.1134 0.1476, -0.0665 -0.1134 0.1516, -0.067 -0.1123 0.1476, -0.067 -0.1123 0.1516, -0.0672 -0.111 0.1476, -0.0672 -0.111 0.1516, -0.0672 -0.1105 0.1476, -0.0672 -0.1105 0.1516, -0.067 -0.1088 0.1476, -0.067 -0.1088 0.1516, -0.0666 -0.1076 0.1476, -0.0666 -0.1076 0.1516, -0.066 -0.1067 0.1476, -0.066 -0.1067 0.1516, -0.0658 -0.1065 0.1476, -0.0658 -0.1065 0.1516, -0.0649 -0.1057 0.1476, -0.0649 -0.1057 0.1516, -0.0638 -0.1052 0.1476, -0.0638 -0.1052 0.1516, -0.0627 -0.105 0.1476, -0.0627 -0.105 0.1516, -0.0622 -0.105 0.1476, -0.0622 -0.105 0.1516, -0.0605 -0.1052 0.1476, -0.0605 -0.1052 0.1516, -0.0592 -0.1057 0.1476, -0.0592 -0.1057 0.1516, -0.059 -0.1058 0.1476, -0.059 -0.1058 0.1516, -0.059 -0.104 0.1516, -0.059 -0.104 0.1476, -0.0622 -0.1034 0.1476, -0.0622 -0.1034 0.1516, -0.0621 -0.1034 0.1516, -0.0604 -0.1036 0.1476, -0.0604 -0.1036 0.1516, -0.0608 -0.1036 0.1476, -0.0621 -0.1034 0.1476, -0.0631 -0.1036 0.1476, -0.0641 -0.1037 0.1516, -0.0641 -0.1037 0.1476, -0.0655 -0.1042 0.1476, -0.0655 -0.1042 0.1516, -0.0668 -0.1051 0.1476, -0.0668 -0.1051 0.1516, -0.0671 -0.1054 0.1476, -0.0671 -0.1054 0.1516, -0.068 -0.1067 0.1476, -0.068 -0.1067 0.1516, -0.0684 -0.1075 0.1476, -0.0687 -0.1082 0.1516, -0.0687 -0.1082 0.1476, -0.069 -0.1099 0.1476, -0.069 -0.1099 0.1516, -0.069 -0.1106 0.1476, -0.069 -0.1106 0.1516, -0.0688 -0.1126 0.1476, -0.0688 -0.1126 0.1516, -0.0684 -0.1136 0.1476, -0.0683 -0.114 0.1516, -0.0683 -0.114 0.1476, -0.0675 -0.1152 0.1476, -0.0675 -0.1152 0.1516, -0.0673 -0.1154 0.1476, -0.0673 -0.1154 0.1516, -0.0635 -0.1172 0.1516, -0.0662 -0.1163 0.1476, -0.0662 -0.1163 0.1516, -0.065 -0.1169 0.1476, -0.065 -0.1169 0.1516, -0.0639 -0.1171 0.1476, -0.0635 -0.1172 0.1476, -0.0492 -0.1155 0.1516, -0.0492 -0.117 0.1516, -0.0492 -0.1155 0.1476, -0.0492 -0.117 0.1476, -0.0546 -0.1155 0.1476, -0.0546 -0.1155 0.1516, -0.051 -0.1155 0.1476, -0.0546 -0.111 0.1516, -0.0546 -0.111 0.1476, -0.0498 -0.111 0.1476, -0.0498 -0.111 0.1516, -0.051 -0.111 0.1476, -0.0498 -0.1095 0.1516, -0.0498 -0.1095 0.1476, -0.0546 -0.1095 0.1476, -0.0546 -0.1095 0.1516, -0.051 -0.1095 0.1476, -0.0546 -0.1052 0.1516, -0.0546 -0.1052 0.1476, -0.0495 -0.1052 0.1476, -0.0495 -0.1052 0.1516, -0.051 -0.1052 0.1476, -0.0495 -0.1037 0.1516, -0.0495 -0.1037 0.1476, -0.0563 -0.1037 0.1476, -0.0563 -0.1037 0.1516, -0.051 -0.1037 0.1476, -0.0563 -0.117 0.1516, -0.0563 -0.117 0.1476, -0.051 -0.117 0.1476, -0.0383 -0.1133 0.1516, -0.039 -0.1141 0.1516, -0.0378 -0.1152 0.1516, -0.0393 -0.1143 0.1516, -0.0392 -0.1162 0.1516, -0.0401 -0.1149 0.1516, -0.0407 -0.1167 0.1516, -0.0413 -0.1153 0.1516, -0.043 -0.117 0.1516, -0.043 -0.1155 0.1516, -0.0466 -0.117 0.1516, -0.0449 -0.1155 0.1516, -0.0466 -0.1037 0.1516, -0.0449 -0.1052 0.1516, -0.0428 -0.1037 0.1516, -0.0429 -0.1052 0.1516, -0.0408 -0.1039 0.1516, -0.0412 -0.1054 0.1516, -0.0392 -0.1045 0.1516, -0.04 -0.1058 0.1516, -0.0378 -0.1054 0.1516, -0.039 -0.1065 0.1516, -0.0373 -0.1059 0.1516, -0.0386 -0.1069 0.1516, -0.0365 -0.107 0.1516, -0.0381 -0.1077 0.1516, -0.036 -0.1083 0.1516, -0.0377 -0.1087 0.1516, -0.0358 -0.1102 0.1516, -0.0376 -0.1102 0.1516, -0.0358 -0.111 0.1516, -0.0376 -0.1111 0.1516, -0.0361 -0.1126 0.1516, -0.0379 -0.1123 0.1516, -0.0368 -0.114 0.1516, -0.043 -0.117 0.1476, -0.0466 -0.117 0.1476, -0.0378 -0.1152 0.1476, -0.0407 -0.1167 0.1476, -0.0405 -0.1167 0.1476, -0.0392 -0.1162 0.1476, -0.0368 -0.114 0.1476, -0.0361 -0.1126 0.1476, -0.0358 -0.111 0.1476, -0.0358 -0.1102 0.1476, -0.036 -0.1083 0.1476, -0.0365 -0.107 0.1476, -0.0373 -0.1059 0.1476, -0.0378 -0.1054 0.1476, -0.0428 -0.1037 0.1476, -0.0392 -0.1045 0.1476, -0.0405 -0.104 0.1476, -0.0408 -0.1039 0.1476, -0.0466 -0.1037 0.1476, -0.0429 -0.1052 0.1476, -0.0449 -0.1052 0.1476, -0.0449 -0.1155 0.1476, -0.043 -0.1155 0.1476, -0.039 -0.1141 0.1476, -0.0393 -0.1143 0.1476, -0.0401 -0.1149 0.1476, -0.0413 -0.1153 0.1476, -0.0376 -0.1102 0.1476, -0.0376 -0.1111 0.1476, -0.0379 -0.1123 0.1476, -0.0383 -0.1133 0.1476, -0.039 -0.1065 0.1476, -0.0386 -0.1069 0.1476, -0.0381 -0.1077 0.1476, -0.0377 -0.1087 0.1476, -0.0412 -0.1054 0.1476, -0.04 -0.1058 0.1476
            ]
        }
        coordIndex [
            0,1,2,-1,2,1,3,-1,4,0,5,-1,5,0,2,-1,6,4,7,-1,7,4,5,-1,8,6,9,-1,9,6,7,-1,10,8,11,-1,11,8,9,-1,1,10,3,-1,3,10,11,-1,6,8,4,-1,4,8,10,-1,4,10,0,-1,0,10,1,-1,12,13,14,-1,14,13,15,-1,13,16,15,-1,15,16,17,-1,15,17,18,-1,18,17,19,-1,18,19,20,-1,21,20,22,-1,22,20,19,-1,21,22,23,-1,21,23,24,-1,24,23,25,-1,24,25,26,-1,26,25,27,-1,26,27,28,-1,28,27,29,-1,28,29,30,-1,30,29,31,-1,30,31,32,-1,32,31,33,-1,32,33,34,-1,34,33,35,-1,34,35,36,-1,36,35,37,-1,36,37,38,-1,38,37,39,-1,38,39,40,-1,40,39,41,-1,40,41,42,-1,42,41,43,-1,42,43,44,-1,44,43,45,-1,44,45,46,-1,46,45,47,-1,46,47,48,-1,48,47,49,-1,48,49,50,-1,50,49,51,-1,50,51,52,-1,52,51,53,-1,52,53,54,-1,54,53,55,-1,54,55,56,-1,56,55,57,-1,56,57,58,-1,58,57,59,-1,58,59,60,-1,60,59,61,-1,60,61,62,-1,62,61,63,-1,62,63,64,-1,64,63,65,-1,64,65,66,-1,67,66,68,-1,68,66,65,-1,69,70,71,-1,67,68,72,-1,67,72,73,-1,73,72,74,-1,73,74,71,-1,71,74,75,-1,71,75,69,-1,70,69,76,-1,70,76,77,-1,76,78,77,-1,77,78,79,-1,77,79,80,-1,80,79,81,-1,80,81,82,-1,82,81,83,-1,82,83,84,-1,84,83,85,-1,84,85,86,-1,86,85,87,-1,86,87,88,-1,87,89,88,-1,88,89,90,-1,88,90,91,-1,91,90,92,-1,91,92,93,-1,93,92,94,-1,93,94,95,-1,95,94,96,-1,95,96,97,-1,96,98,97,-1,97,98,99,-1,97,99,100,-1,100,99,101,-1,100,101,102,-1,12,14,103,-1,102,101,104,-1,102,104,105,-1,105,104,106,-1,105,106,107,-1,107,106,108,-1,107,108,103,-1,103,108,109,-1,103,109,12,-1,64,66,67,-1,46,48,86,-1,64,67,62,-1,62,67,73,-1,62,73,60,-1,60,73,71,-1,60,71,58,-1,58,71,70,-1,58,70,56,-1,56,70,77,-1,56,77,54,-1,20,21,18,-1,18,21,24,-1,18,24,15,-1,15,24,26,-1,15,26,14,-1,14,26,28,-1,14,28,103,-1,103,28,30,-1,103,30,107,-1,107,30,32,-1,107,32,105,-1,105,32,34,-1,105,34,102,-1,102,34,36,-1,102,36,100,-1,100,36,38,-1,100,38,97,-1,86,48,84,-1,77,80,54,-1,54,80,82,-1,54,82,52,-1,52,82,84,-1,52,84,50,-1,50,84,48,-1,93,44,91,-1,91,44,46,-1,91,46,88,-1,88,46,86,-1,97,38,95,-1,95,38,40,-1,95,40,93,-1,93,40,42,-1,93,42,44,-1,110,111,112,-1,112,111,113,-1,114,115,116,-1,116,115,110,-1,116,110,112,-1,117,115,118,-1,118,115,114,-1,119,120,121,-1,121,120,117,-1,121,117,118,-1,122,120,123,-1,123,120,119,-1,124,125,126,-1,126,125,122,-1,126,122,123,-1,127,125,128,-1,128,125,124,-1,129,130,131,-1,131,130,127,-1,131,127,128,-1,132,130,133,-1,133,130,129,-1,134,135,136,-1,136,135,132,-1,136,132,133,-1,137,135,138,-1,138,135,134,-1,113,111,139,-1,139,111,137,-1,139,137,138,-1,137,111,110,-1,110,115,137,-1,137,115,117,-1,137,117,135,-1,130,132,127,-1,127,132,135,-1,127,135,125,-1,125,135,117,-1,125,117,122,-1,122,117,120,-1,140,141,142,-1,142,141,143,-1,142,143,144,-1,144,143,145,-1,144,145,146,-1,146,145,147,-1,146,147,148,-1,148,147,149,-1,148,149,150,-1,150,149,151,-1,150,151,152,-1,152,151,153,-1,152,153,154,-1,154,153,155,-1,154,155,156,-1,156,155,157,-1,156,157,158,-1,158,157,159,-1,158,159,160,-1,160,159,161,-1,160,161,162,-1,162,161,163,-1,162,163,164,-1,164,163,165,-1,164,165,166,-1,166,165,167,-1,166,167,168,-1,168,167,169,-1,168,169,170,-1,170,169,171,-1,170,171,172,-1,172,171,173,-1,172,173,174,-1,174,173,140,-1,174,140,142,-1,148,150,175,-1,175,150,176,-1,177,142,144,-1,148,175,178,-1,148,178,146,-1,146,178,179,-1,146,179,144,-1,144,179,180,-1,144,180,177,-1,142,177,181,-1,142,181,174,-1,174,181,182,-1,174,182,172,-1,172,182,183,-1,172,183,170,-1,170,183,184,-1,170,184,168,-1,168,184,185,-1,168,185,166,-1,166,185,186,-1,166,186,164,-1,164,186,187,-1,164,187,162,-1,162,187,188,-1,162,188,160,-1,189,154,156,-1,160,188,190,-1,160,190,158,-1,158,190,191,-1,158,191,156,-1,156,191,192,-1,156,192,189,-1,152,154,193,-1,193,154,189,-1,150,152,176,-1,176,152,193,-1,155,153,194,-1,194,153,195,-1,153,151,195,-1,195,151,196,-1,151,149,196,-1,196,149,197,-1,141,198,199,-1,141,199,143,-1,143,199,200,-1,143,200,145,-1,145,200,201,-1,145,201,147,-1,147,201,197,-1,147,197,149,-1,169,202,203,-1,169,203,171,-1,171,203,204,-1,171,204,173,-1,173,204,205,-1,173,205,140,-1,140,205,198,-1,140,198,141,-1,161,206,207,-1,161,207,163,-1,163,207,208,-1,163,208,165,-1,165,208,209,-1,165,209,167,-1,167,209,202,-1,167,202,169,-1,155,194,210,-1,155,210,157,-1,157,210,211,-1,157,211,159,-1,159,211,206,-1,159,206,161,-1,
        ]
    }
}
Shape{
    appearance Appearance {
        material  Material 	{
            diffuseColor 0.0 0.0 0.0
            specularColor 0.0 0.0 0.0
            ambientIntensity 0.0
            transparency 0.0
            shininess 0.5
        }
    }
    geometry IndexedFaceSet {
        ccw TRUE
        solid FALSE
        coord DEF co Coordinate {
            point [
                -0.0449 -0.1052 0.1476, -0.0449 -0.1155 0.1476, -0.0429 -0.1052 0.1476, -0.043 -0.1155 0.1476, -0.0413 -0.1153 0.1476, -0.0401 -0.1149 0.1476, -0.0393 -0.1143 0.1476, -0.039 -0.1141 0.1476, -0.0383 -0.1133 0.1476, -0.0379 -0.1123 0.1476, -0.0376 -0.1111 0.1476, -0.0376 -0.1102 0.1476, -0.0377 -0.1087 0.1476, -0.0381 -0.1077 0.1476, -0.0386 -0.1069 0.1476, -0.039 -0.1065 0.1476, -0.0412 -0.1054 0.1476, -0.04 -0.1058 0.1476
            ]
        }
        coordIndex [
            0,1,2,-1,2,1,3,-1,2,3,4,-1,4,5,2,-1,2,5,6,-1,2,6,7,-1,7,8,2,-1,2,8,9,-1,2,9,10,-1,10,11,2,-1,2,11,12,-1,2,12,13,-1,13,14,2,-1,2,14,15,-1,2,15,16,-1,16,15,17,-1,
        ]
    }
}
Shape{
    appearance Appearance {
        material  Material 	{
            diffuseColor 1.0 1.0 1.0
            specularColor 0.5019607843137255 0.5019607843137255 0.5019607843137255
            ambientIntensity 1.0
            transparency 0.0
            shininess 0.5
        }
    }
    geometry IndexedFaceSet {
        ccw TRUE
        solid FALSE
        coord DEF co Coordinate {
            point [
                -0.0313 -0.1119 0.1516, -0.0318 -0.1134 0.1516, -0.0268 -0.1119 0.1516, -0.0263 -0.1134 0.1516, -0.0293 -0.1063 0.1516, -0.03 -0.1037 0.1516, -0.035 -0.117 0.1516, -0.0331 -0.117 0.1516, -0.0292 -0.1059 0.1516, -0.0291 -0.1054 0.1516, -0.0281 -0.1037 0.1516, -0.029 -0.1054 0.1516, -0.0289 -0.1059 0.1516, -0.0288 -0.1063 0.1516, -0.023 -0.117 0.1516, -0.0249 -0.117 0.1516, -0.0281 -0.1037 0.1476, -0.023 -0.117 0.1476, -0.03 -0.1037 0.1476, -0.035 -0.117 0.1476, -0.0312 -0.1069 0.1476, -0.0331 -0.117 0.1476, -0.0318 -0.1134 0.1476, -0.0263 -0.1134 0.1476, -0.0312 -0.1134 0.1476, -0.0249 -0.117 0.1476, -0.0313 -0.1119 0.1476, -0.0268 -0.1119 0.1476, -0.0288 -0.1063 0.1476, -0.029 -0.1054 0.1476, -0.0289 -0.1059 0.1476, -0.0291 -0.1054 0.1476, -0.0293 -0.1063 0.1476, -0.0292 -0.1059 0.1476
            ]
        }
        coordIndex [
            0,1,2,-1,2,1,3,-1,4,5,0,-1,0,5,6,-1,0,6,1,-1,1,6,7,-1,4,8,5,-1,5,8,9,-1,5,9,10,-1,10,9,11,-1,10,11,12,-1,12,13,10,-1,10,13,2,-1,10,2,14,-1,14,2,3,-1,14,3,15,-1,10,14,16,-1,16,14,17,-1,5,10,18,-1,18,10,16,-1,19,6,20,-1,20,6,5,-1,20,5,18,-1,7,6,21,-1,21,6,19,-1,1,7,22,-1,22,7,21,-1,23,3,24,-1,24,3,1,-1,24,1,22,-1,15,3,25,-1,25,3,23,-1,14,15,17,-1,17,15,25,-1,0,2,26,-1,26,2,27,-1,2,13,27,-1,27,13,28,-1,11,29,30,-1,11,30,12,-1,12,30,28,-1,12,28,13,-1,11,9,29,-1,29,9,31,-1,4,32,33,-1,4,33,8,-1,8,33,31,-1,8,31,9,-1,4,0,32,-1,32,0,26,-1,
        ]
    }
}
Shape{
    appearance Appearance {
        material  Material 	{
            diffuseColor 0.0 0.0 0.0
            specularColor 0.0 0.0 0.0
            ambientIntensity 0.0
            transparency 0.0
            shininess 0.5
        }
    }
    geometry IndexedFaceSet {
        ccw TRUE
        solid FALSE
        coord DEF co Coordinate {
            point [
                -0.029 -0.1054 0.1476, -0.0291 -0.1054 0.1476, -0.0289 -0.1059 0.1476, -0.0292 -0.1059 0.1476, -0.0288 -0.1063 0.1476, -0.0293 -0.1063 0.1476, -0.0268 -0.1119 0.1476, -0.0313 -0.1119 0.1476
            ]
        }
        coordIndex [
            0,1,2,-1,2,1,3,-1,2,3,4,-1,4,3,5,-1,4,5,6,-1,6,5,7,-1,
        ]
    }
}
Shape{
    appearance Appearance {
        material  Material 	{
            diffuseColor 1.0 1.0 1.0
            specularColor 0.5019607843137255 0.5019607843137255 0.5019607843137255
            ambientIntensity 1.0
            transparency 0.0
            shininess 0.5
        }
    }
    geometry IndexedFaceSet {
        ccw TRUE
        solid FALSE
        coord DEF co Coordinate {
            point [
                -0.0694 -0.1367 0.1516, -0.0694 -0.1382 0.1516, -0.0694 -0.1367 0.1476, -0.0694 -0.1382 0.1476, -0.0749 -0.1367 0.1516, -0.0749 -0.1367 0.1476, -0.0749 -0.1322 0.1516, -0.0749 -0.1322 0.1476, -0.0701 -0.1322 0.1516, -0.0701 -0.1322 0.1476, -0.0701 -0.1307 0.1516, -0.0701 -0.1307 0.1476, -0.0749 -0.1307 0.1516, -0.0749 -0.1307 0.1476, -0.0749 -0.1264 0.1516, -0.0749 -0.1264 0.1476, -0.0697 -0.1264 0.1516, -0.0697 -0.1264 0.1476, -0.0697 -0.1248 0.1516, -0.0697 -0.1248 0.1476, -0.0766 -0.1248 0.1516, -0.0766 -0.1248 0.1476, -0.0766 -0.1382 0.1516, -0.0766 -0.1382 0.1476, -0.0618 -0.1382 0.1516, -0.0601 -0.1382 0.1516, -0.0618 -0.1367 0.1516, -0.0601 -0.1321 0.1516, -0.0618 -0.1321 0.1516, -0.0654 -0.1341 0.1516, -0.065 -0.1339 0.1516, -0.0619 -0.1367 0.1516, -0.0628 -0.1365 0.1516, -0.0623 -0.1373 0.1516, -0.0632 -0.1368 0.1516, -0.064 -0.1337 0.1516, -0.0618 -0.1334 0.1516, -0.0618 -0.1343 0.1516, -0.0618 -0.1345 0.1516, -0.0619 -0.1352 0.1516, -0.0622 -0.1358 0.1516, -0.0625 -0.1363 0.1516, -0.0619 -0.1314 0.1516, -0.0603 -0.1308 0.1516, -0.062 -0.1308 0.1516, -0.0605 -0.13 0.1516, -0.0622 -0.1305 0.1516, -0.0609 -0.1295 0.1516, -0.0625 -0.1302 0.1516, -0.0613 -0.1291 0.1516, -0.0628 -0.13 0.1516, -0.0619 -0.1287 0.1516, -0.0632 -0.1299 0.1516, -0.0626 -0.1285 0.1516, -0.0637 -0.1298 0.1516, -0.0636 -0.1284 0.1516, -0.0647 -0.1299 0.1516, -0.0653 -0.1287 0.1516, -0.0657 -0.1302 0.1516, -0.0665 -0.1291 0.1516, -0.0669 -0.131 0.1516, -0.0669 -0.1293 0.1516, -0.0658 -0.1365 0.1516, -0.067 -0.1377 0.1516, -0.0656 -0.1366 0.1516, -0.0665 -0.138 0.1516, -0.0653 -0.1368 0.1516, -0.0659 -0.1383 0.1516, -0.0649 -0.137 0.1516, -0.0651 -0.1384 0.1516, -0.0643 -0.137 0.1516, -0.0648 -0.1384 0.1516, -0.0639 -0.1383 0.1516, -0.0637 -0.137 0.1516, -0.0632 -0.138 0.1516, -0.0628 -0.1378 0.1516, -0.0661 -0.1352 0.1516, -0.0678 -0.1354 0.1516, -0.0661 -0.1355 0.1516, -0.0678 -0.1356 0.1516, -0.0661 -0.1359 0.1516, -0.0677 -0.1365 0.1516, -0.066 -0.1362 0.1516, -0.0675 -0.137 0.1516, -0.0671 -0.1375 0.1516, -0.0646 -0.1325 0.1516, -0.0659 -0.1328 0.1516, -0.0657 -0.1343 0.1516, -0.0666 -0.1332 0.1516, -0.0659 -0.1345 0.1516, -0.0671 -0.1336 0.1516, -0.066 -0.1349 0.1516, -0.0675 -0.1341 0.1516, -0.0677 -0.1347 0.1516, -0.0636 -0.1284 0.1476, -0.0653 -0.1287 0.1476, -0.0665 -0.1291 0.1476, -0.0669 -0.1293 0.1476, -0.0669 -0.131 0.1476, -0.0657 -0.1302 0.1476, -0.0647 -0.1299 0.1476, -0.0637 -0.1298 0.1476, -0.0632 -0.1299 0.1476, -0.0628 -0.13 0.1476, -0.0625 -0.1302 0.1476, -0.0622 -0.1305 0.1476, -0.062 -0.1308 0.1476, -0.0619 -0.1314 0.1476, -0.0618 -0.1321 0.1476, -0.0646 -0.1325 0.1476, -0.0659 -0.1328 0.1476, -0.0666 -0.1332 0.1476, -0.0671 -0.1336 0.1476, -0.0675 -0.1341 0.1476, -0.0677 -0.1347 0.1476, -0.0678 -0.1354 0.1476, -0.0678 -0.1356 0.1476, -0.0677 -0.1365 0.1476, -0.0675 -0.137 0.1476, -0.0671 -0.1375 0.1476, -0.067 -0.1377 0.1476, -0.0648 -0.1384 0.1476, -0.0665 -0.138 0.1476, -0.0659 -0.1383 0.1476, -0.0657 -0.1383 0.1476, -0.0651 -0.1384 0.1476, -0.0639 -0.1383 0.1476, -0.0632 -0.138 0.1476, -0.0628 -0.1378 0.1476, -0.0623 -0.1373 0.1476, -0.0619 -0.1367 0.1476, -0.0618 -0.1367 0.1476, -0.0618 -0.1382 0.1476, -0.0601 -0.1382 0.1476, -0.0601 -0.1321 0.1476, -0.0603 -0.1308 0.1476, -0.0605 -0.13 0.1476, -0.0609 -0.1295 0.1476, -0.0613 -0.1291 0.1476, -0.0619 -0.1287 0.1476, -0.0626 -0.1285 0.1476, -0.0657 -0.1343 0.1476, -0.0654 -0.1341 0.1476, -0.065 -0.1339 0.1476, -0.064 -0.1337 0.1476, -0.0661 -0.1355 0.1476, -0.0661 -0.1352 0.1476, -0.066 -0.1349 0.1476, -0.0659 -0.1345 0.1476, -0.0656 -0.1366 0.1476, -0.0658 -0.1365 0.1476, -0.066 -0.1362 0.1476, -0.0661 -0.1359 0.1476, -0.0643 -0.137 0.1476, -0.0649 -0.137 0.1476, -0.0653 -0.1368 0.1476, -0.0625 -0.1363 0.1476, -0.0628 -0.1365 0.1476, -0.0632 -0.1368 0.1476, -0.0637 -0.137 0.1476, -0.0618 -0.1343 0.1476, -0.0618 -0.1345 0.1476, -0.0619 -0.1352 0.1476, -0.0622 -0.1358 0.1476, -0.0618 -0.1334 0.1476
            ]
        }
        coordIndex [
            0,1,2,-1,2,1,3,-1,4,0,5,-1,5,0,2,-1,6,4,7,-1,7,4,5,-1,8,6,9,-1,9,6,7,-1,10,8,11,-1,11,8,9,-1,12,10,13,-1,13,10,11,-1,14,12,15,-1,15,12,13,-1,16,14,17,-1,17,14,15,-1,18,16,19,-1,19,16,17,-1,20,18,21,-1,21,18,19,-1,22,20,23,-1,23,20,21,-1,1,22,3,-1,3,22,23,-1,22,1,0,-1,0,4,22,-1,22,4,6,-1,22,6,20,-1,16,18,14,-1,14,18,20,-1,14,20,12,-1,12,20,6,-1,12,6,10,-1,10,6,8,-1,24,25,26,-1,26,25,27,-1,28,29,30,-1,31,32,33,-1,33,32,34,-1,35,36,27,-1,27,36,37,-1,37,38,27,-1,27,38,39,-1,27,39,26,-1,26,39,40,-1,26,40,31,-1,31,40,41,-1,31,41,32,-1,30,35,28,-1,28,35,27,-1,28,27,42,-1,42,27,43,-1,42,43,44,-1,44,43,45,-1,44,45,46,-1,46,45,47,-1,46,47,48,-1,48,47,49,-1,48,49,50,-1,50,49,51,-1,50,51,52,-1,52,51,53,-1,52,53,54,-1,54,53,55,-1,54,55,56,-1,56,55,57,-1,56,57,58,-1,58,57,59,-1,58,59,60,-1,60,59,61,-1,62,63,64,-1,64,63,65,-1,64,65,66,-1,66,65,67,-1,66,67,68,-1,68,67,69,-1,68,69,70,-1,69,71,70,-1,70,71,72,-1,70,72,73,-1,73,72,74,-1,73,74,34,-1,34,74,75,-1,34,75,33,-1,76,77,78,-1,78,77,79,-1,78,79,80,-1,80,79,81,-1,80,81,82,-1,82,81,83,-1,82,83,62,-1,62,83,84,-1,62,84,63,-1,28,85,29,-1,29,85,86,-1,29,86,87,-1,87,86,88,-1,87,88,89,-1,89,88,90,-1,89,90,91,-1,91,90,92,-1,91,92,76,-1,76,92,93,-1,76,93,77,-1,55,94,95,-1,55,95,57,-1,57,95,96,-1,57,96,59,-1,59,96,97,-1,59,97,61,-1,60,61,98,-1,98,61,97,-1,60,98,99,-1,60,99,58,-1,58,99,100,-1,58,100,56,-1,56,100,101,-1,56,101,54,-1,54,101,102,-1,54,102,52,-1,52,102,103,-1,52,103,50,-1,50,103,104,-1,50,104,48,-1,48,104,105,-1,48,105,46,-1,46,105,106,-1,46,106,44,-1,44,106,107,-1,44,107,42,-1,42,107,108,-1,42,108,28,-1,85,28,109,-1,109,28,108,-1,85,109,110,-1,85,110,86,-1,86,110,111,-1,86,111,88,-1,88,111,112,-1,88,112,90,-1,90,112,113,-1,90,113,92,-1,92,113,114,-1,92,114,93,-1,93,114,115,-1,93,115,77,-1,77,115,116,-1,77,116,79,-1,79,116,117,-1,79,117,81,-1,81,117,118,-1,81,118,83,-1,83,118,119,-1,83,119,84,-1,84,119,120,-1,84,120,63,-1,121,71,69,-1,63,120,122,-1,63,122,65,-1,65,122,123,-1,65,123,67,-1,67,123,124,-1,67,124,69,-1,69,124,125,-1,69,125,121,-1,71,121,126,-1,71,126,72,-1,72,126,127,-1,72,127,74,-1,74,127,128,-1,74,128,75,-1,75,128,129,-1,75,129,33,-1,33,129,130,-1,33,130,31,-1,26,31,131,-1,131,31,130,-1,24,26,132,-1,132,26,131,-1,25,24,133,-1,133,24,132,-1,27,25,134,-1,134,25,133,-1,27,134,135,-1,27,135,43,-1,43,135,136,-1,43,136,45,-1,45,136,137,-1,45,137,47,-1,47,137,138,-1,47,138,49,-1,49,138,139,-1,49,139,51,-1,51,139,140,-1,51,140,53,-1,53,140,94,-1,53,94,55,-1,87,141,142,-1,87,142,29,-1,29,142,143,-1,29,143,30,-1,30,143,144,-1,30,144,35,-1,78,145,146,-1,78,146,76,-1,76,146,147,-1,76,147,91,-1,91,147,148,-1,91,148,89,-1,89,148,141,-1,89,141,87,-1,64,149,150,-1,64,150,62,-1,62,150,151,-1,62,151,82,-1,82,151,152,-1,82,152,80,-1,80,152,145,-1,80,145,78,-1,70,153,154,-1,70,154,68,-1,68,154,155,-1,68,155,66,-1,66,155,149,-1,66,149,64,-1,41,156,157,-1,41,157,32,-1,32,157,158,-1,32,158,34,-1,34,158,159,-1,34,159,73,-1,73,159,153,-1,73,153,70,-1,37,160,161,-1,37,161,38,-1,38,161,162,-1,38,162,39,-1,39,162,163,-1,39,163,40,-1,40,163,156,-1,40,156,41,-1,37,36,160,-1,160,36,164,-1,36,35,164,-1,164,35,144,-1,
        ]
    }
}
Shape{
    appearance Appearance {
        material  Material 	{
            diffuseColor 0.0 0.0 0.0
            specularColor 0.0 0.0 0.0
            ambientIntensity 0.0
            transparency 0.0
            shininess 0.5
        }
    }
    geometry IndexedFaceSet {
        ccw TRUE
        solid FALSE
        coord DEF co Coordinate {
            point [
                -0.0618 -0.1334 0.1476, -0.064 -0.1337 0.1476, -0.0618 -0.1343 0.1476, -0.065 -0.1339 0.1476, -0.0654 -0.1341 0.1476, -0.0657 -0.1343 0.1476, -0.0618 -0.1345 0.1476, -0.0619 -0.1352 0.1476, -0.0659 -0.1345 0.1476, -0.0622 -0.1358 0.1476, -0.0658 -0.1365 0.1476, -0.0656 -0.1366 0.1476, -0.0628 -0.1365 0.1476, -0.066 -0.1362 0.1476, -0.0632 -0.1368 0.1476, -0.0637 -0.137 0.1476, -0.0643 -0.137 0.1476, -0.066 -0.1349 0.1476, -0.0661 -0.1352 0.1476, -0.0625 -0.1363 0.1476, -0.0661 -0.1355 0.1476, -0.0661 -0.1359 0.1476, -0.0653 -0.1368 0.1476, -0.0649 -0.137 0.1476
            ]
        }
        coordIndex [
            0,1,2,-1,2,1,3,-1,3,4,2,-1,2,4,5,-1,2,5,6,-1,6,5,7,-1,7,5,8,-1,7,8,9,-1,10,11,12,-1,10,12,13,-1,14,12,15,-1,15,12,16,-1,8,17,9,-1,9,17,18,-1,9,18,19,-1,19,18,20,-1,19,20,12,-1,12,20,21,-1,12,21,13,-1,11,22,12,-1,12,22,23,-1,12,23,16,-1,
        ]
    }
}
Shape{
    appearance Appearance {
        material  Material 	{
            diffuseColor 1.0 1.0 1.0
            specularColor 0.5019607843137255 0.5019607843137255 0.5019607843137255
            ambientIntensity 1.0
            transparency 0.0
            shininess 0.5
        }
    }
    geometry IndexedFaceSet {
        ccw TRUE
        solid FALSE
        coord DEF co Coordinate {
            point [
                -0.0579 -0.1361 0.1476, -0.0579 -0.1361 0.1516, -0.0573 -0.1365 0.1516, -0.0551 -0.1371 0.1516, -0.0551 -0.1371 0.1476, -0.0562 -0.1369 0.1476, -0.0562 -0.1369 0.1516, -0.0571 -0.1366 0.1476, -0.0573 -0.1365 0.1476, -0.0579 -0.1379 0.1516, -0.0579 -0.1379 0.1476, -0.0571 -0.1381 0.1476, -0.0567 -0.1383 0.1516, -0.0553 -0.1384 0.1476, -0.0553 -0.1384 0.1516, -0.0564 -0.1383 0.1476, -0.0567 -0.1383 0.1476, -0.0542 -0.1383 0.1476, -0.0539 -0.1383 0.1516, -0.0539 -0.1383 0.1476, -0.053 -0.1379 0.1476, -0.053 -0.1379 0.1516, -0.0525 -0.1377 0.1476, -0.0525 -0.1377 0.1516, -0.0521 -0.1373 0.1476, -0.0521 -0.1373 0.1516, -0.0517 -0.1368 0.1476, -0.0517 -0.1368 0.1516, -0.0515 -0.1363 0.1476, -0.0515 -0.1363 0.1516, -0.0514 -0.1356 0.1476, -0.0514 -0.1356 0.1516, -0.0515 -0.135 0.1476, -0.0515 -0.135 0.1516, -0.0517 -0.1345 0.1476, -0.0517 -0.1345 0.1516, -0.052 -0.134 0.1476, -0.052 -0.134 0.1516, -0.0524 -0.1337 0.1476, -0.0524 -0.1337 0.1516, -0.0535 -0.133 0.1476, -0.0535 -0.133 0.1516, -0.0542 -0.1328 0.1476, -0.0542 -0.1328 0.1516, -0.0552 -0.1323 0.1476, -0.0552 -0.1323 0.1516, -0.0558 -0.132 0.1476, -0.0558 -0.132 0.1516, -0.0559 -0.1318 0.1476, -0.0559 -0.1318 0.1516, -0.0561 -0.1316 0.1476, -0.0561 -0.1316 0.1516, -0.0561 -0.1313 0.1476, -0.0561 -0.1313 0.1516, -0.0561 -0.1311 0.1476, -0.0561 -0.1311 0.1516, -0.0561 -0.1308 0.1476, -0.0561 -0.1308 0.1516, -0.056 -0.1306 0.1476, -0.056 -0.1306 0.1516, -0.0559 -0.1304 0.1476, -0.0559 -0.1304 0.1516, -0.0556 -0.1302 0.1476, -0.0556 -0.1302 0.1516, -0.0553 -0.13 0.1476, -0.0553 -0.13 0.1516, -0.0548 -0.1298 0.1476, -0.0548 -0.1298 0.1516, -0.0543 -0.1298 0.1476, -0.0543 -0.1298 0.1516, -0.0531 -0.1299 0.1476, -0.0531 -0.1299 0.1516, -0.0522 -0.1303 0.1476, -0.0522 -0.1303 0.1516, -0.0519 -0.1305 0.1476, -0.0519 -0.1305 0.1516, -0.0519 -0.1289 0.1516, -0.0519 -0.1289 0.1476, -0.053 -0.1285 0.1476, -0.053 -0.1285 0.1516, -0.0542 -0.1284 0.1476, -0.0542 -0.1284 0.1516, -0.0555 -0.1286 0.1476, -0.0555 -0.1286 0.1516, -0.0564 -0.129 0.1476, -0.0564 -0.129 0.1516, -0.0568 -0.1292 0.1476, -0.0568 -0.1292 0.1516, -0.0571 -0.1295 0.1476, -0.0573 -0.1296 0.1516, -0.0573 -0.1296 0.1476, -0.0576 -0.1301 0.1476, -0.0576 -0.1301 0.1516, -0.0578 -0.1306 0.1476, -0.0578 -0.1306 0.1516, -0.0579 -0.1312 0.1476, -0.0579 -0.1312 0.1516, -0.0578 -0.1319 0.1476, -0.0578 -0.1319 0.1516, -0.0576 -0.1324 0.1476, -0.0576 -0.1324 0.1516, -0.0574 -0.1327 0.1476, -0.0574 -0.1327 0.1516, -0.0571 -0.133 0.1476, -0.0571 -0.133 0.1476, -0.0563 -0.1335 0.1516, -0.0571 -0.133 0.1516, -0.0563 -0.1335 0.1476, -0.0553 -0.134 0.1476, -0.0553 -0.134 0.1516, -0.0542 -0.1345 0.1476, -0.0542 -0.1345 0.1516, -0.0536 -0.1349 0.1476, -0.0536 -0.1349 0.1516, -0.0534 -0.1351 0.1476, -0.0534 -0.1351 0.1516, -0.0533 -0.1353 0.1476, -0.0533 -0.1353 0.1516, -0.0532 -0.1356 0.1476, -0.0532 -0.1356 0.1516, -0.0532 -0.1358 0.1476, -0.0532 -0.1358 0.1516, -0.0532 -0.1361 0.1476, -0.0532 -0.1361 0.1516, -0.0533 -0.1363 0.1476, -0.0533 -0.1363 0.1516, -0.0534 -0.1365 0.1476, -0.0534 -0.1365 0.1516, -0.0536 -0.1367 0.1476, -0.0536 -0.1367 0.1516, -0.0538 -0.1368 0.1476, -0.0538 -0.1368 0.1516, -0.0542 -0.137 0.1476, -0.0542 -0.137 0.1516, -0.0551 -0.1371 0.1476, -0.0551 -0.1371 0.1516, -0.0432 -0.1287 0.1516, -0.0414 -0.1287 0.1516, -0.0432 -0.1287 0.1476, -0.0414 -0.1287 0.1476, -0.0458 -0.1358 0.1516, -0.0458 -0.1358 0.1476, -0.0459 -0.1363 0.1476, -0.0459 -0.1363 0.1516, -0.046 -0.1366 0.1476, -0.046 -0.1366 0.1516, -0.046 -0.1366 0.1516, -0.046 -0.1366 0.1476, -0.0462 -0.1358 0.1516, -0.0462 -0.1358 0.1476, -0.0487 -0.1287 0.1516, -0.0479 -0.131 0.1476, -0.0487 -0.1287 0.1476, -0.0506 -0.1287 0.1516, -0.0506 -0.1287 0.1476, -0.0468 -0.1382 0.1516, -0.0479 -0.1355 0.1476, -0.0468 -0.1382 0.1476, -0.0476 -0.1399 0.1476, -0.0476 -0.1399 0.1516, -0.0469 -0.1383 0.1476, -0.0479 -0.1405 0.1476, -0.0479 -0.1405 0.1476, -0.0482 -0.1408 0.1516, -0.0479 -0.1405 0.1516, -0.0482 -0.1408 0.1476, -0.0485 -0.1411 0.1476, -0.0485 -0.1411 0.1516, -0.0489 -0.1412 0.1476, -0.0489 -0.1412 0.1516, -0.0493 -0.1412 0.1476, -0.0493 -0.1412 0.1516, -0.0498 -0.1412 0.1476, -0.0498 -0.1412 0.1516, -0.0502 -0.1411 0.1476, -0.0502 -0.1411 0.1516, -0.0502 -0.1425 0.1516, -0.0502 -0.1425 0.1476, -0.0497 -0.1426 0.1476, -0.0497 -0.1426 0.1516, -0.0492 -0.1427 0.1476, -0.0492 -0.1427 0.1516, -0.0485 -0.1426 0.1476, -0.0485 -0.1426 0.1516, -0.0479 -0.1424 0.1476, -0.0479 -0.1424 0.1516, -0.0479 -0.1424 0.1476, -0.0473 -0.142 0.1476, -0.0473 -0.142 0.1516, -0.047 -0.1417 0.1476, -0.047 -0.1417 0.1516, -0.0463 -0.1407 0.1476, -0.0463 -0.1407 0.1516, -0.0458 -0.1396 0.1476, -0.0458 -0.1396 0.1516, -0.0452 -0.1383 0.1476, -0.0324 -0.1367 0.1516, -0.0324 -0.1382 0.1516, -0.0324 -0.1367 0.1476, -0.0324 -0.1382 0.1476, -0.0379 -0.1367 0.1516, -0.0354 -0.1367 0.1476, -0.0379 -0.1367 0.1476, -0.0379 -0.1322 0.1516, -0.0379 -0.1322 0.1476, -0.0331 -0.1322 0.1516, -0.0354 -0.1322 0.1476, -0.0331 -0.1322 0.1476, -0.0331 -0.1307 0.1516, -0.0331 -0.1307 0.1476, -0.0379 -0.1307 0.1476, -0.0379 -0.1307 0.1516, -0.0354 -0.1307 0.1476, -0.0379 -0.1264 0.1516, -0.0379 -0.1264 0.1476, -0.0328 -0.1264 0.1476, -0.0328 -0.1264 0.1516, -0.0354 -0.1264 0.1476, -0.0328 -0.1248 0.1516, -0.0328 -0.1248 0.1476, -0.0396 -0.1248 0.1476, -0.0396 -0.1248 0.1516, -0.0354 -0.1248 0.1476, -0.0396 -0.1382 0.1516, -0.0396 -0.1382 0.1476, -0.0354 -0.1382 0.1476, -0.0216 -0.1345 0.1516, -0.0223 -0.1353 0.1516, -0.0211 -0.1363 0.1516, -0.0225 -0.1355 0.1516, -0.0225 -0.1373 0.1516, -0.0234 -0.1361 0.1516, -0.024 -0.1379 0.1516, -0.0246 -0.1365 0.1516, -0.0263 -0.1382 0.1516, -0.0263 -0.1367 0.1516, -0.0299 -0.1382 0.1516, -0.0282 -0.1367 0.1516, -0.0299 -0.1248 0.1516, -0.0282 -0.1264 0.1516, -0.0261 -0.1248 0.1516, -0.0262 -0.1264 0.1516, -0.0241 -0.1251 0.1516, -0.0245 -0.1266 0.1516, -0.0225 -0.1257 0.1516, -0.0233 -0.127 0.1516, -0.0211 -0.1266 0.1516, -0.0223 -0.1276 0.1516, -0.0206 -0.1271 0.1516, -0.0219 -0.1281 0.1516, -0.0198 -0.1282 0.1516, -0.0214 -0.1288 0.1516, -0.0193 -0.1295 0.1516, -0.021 -0.1299 0.1516, -0.0191 -0.1313 0.1516, -0.0209 -0.1314 0.1516, -0.0191 -0.1322 0.1516, -0.0209 -0.1322 0.1516, -0.0194 -0.1338 0.1516, -0.0212 -0.1335 0.1516, -0.0201 -0.1351 0.1516, -0.0263 -0.1382 0.1476, -0.0299 -0.1382 0.1476, -0.024 -0.1379 0.1476, -0.0225 -0.1373 0.1476, -0.0211 -0.1363 0.1476, -0.0201 -0.1351 0.1476, -0.0194 -0.1338 0.1476, -0.0191 -0.1322 0.1476, -0.0191 -0.1313 0.1476, -0.0193 -0.1295 0.1476, -0.0198 -0.1282 0.1476, -0.0206 -0.1271 0.1476, -0.0211 -0.1266 0.1476, -0.0225 -0.1257 0.1476, -0.0241 -0.1251 0.1476, -0.0261 -0.1248 0.1476, -0.0299 -0.1248 0.1476, -0.0262 -0.1264 0.1476, -0.0282 -0.1264 0.1476, -0.0282 -0.1367 0.1476, -0.0263 -0.1367 0.1476, -0.0223 -0.1353 0.1476, -0.0225 -0.1355 0.1476, -0.0234 -0.1361 0.1476, -0.0246 -0.1365 0.1476, -0.0209 -0.1314 0.1476, -0.0209 -0.1322 0.1476, -0.0212 -0.1335 0.1476, -0.0216 -0.1345 0.1476, -0.0223 -0.1276 0.1476, -0.0219 -0.1281 0.1476, -0.0214 -0.1288 0.1476, -0.021 -0.1299 0.1476, -0.0245 -0.1266 0.1476, -0.0233 -0.127 0.1476
            ]
        }
        coordIndex [
            0,1,2,-1,3,4,5,-1,3,5,6,-1,6,5,7,-1,6,7,2,-1,2,7,8,-1,2,8,0,-1,9,1,10,-1,10,1,0,-1,10,11,9,-1,9,11,12,-1,13,14,15,-1,15,14,12,-1,15,12,16,-1,16,12,11,-1,13,17,14,-1,14,17,18,-1,17,19,18,-1,18,19,20,-1,18,20,21,-1,21,20,22,-1,21,22,23,-1,23,22,24,-1,23,24,25,-1,25,24,26,-1,25,26,27,-1,27,26,28,-1,27,28,29,-1,29,28,30,-1,29,30,31,-1,31,30,32,-1,31,32,33,-1,33,32,34,-1,33,34,35,-1,35,34,36,-1,35,36,37,-1,37,36,38,-1,37,38,39,-1,39,38,40,-1,39,40,41,-1,41,40,42,-1,41,42,43,-1,43,42,44,-1,43,44,45,-1,45,44,46,-1,45,46,47,-1,47,46,48,-1,47,48,49,-1,49,48,50,-1,49,50,51,-1,51,50,52,-1,51,52,53,-1,53,52,54,-1,53,54,55,-1,55,54,56,-1,55,56,57,-1,57,56,58,-1,57,58,59,-1,59,58,60,-1,59,60,61,-1,61,60,62,-1,61,62,63,-1,63,62,64,-1,63,64,65,-1,65,64,66,-1,65,66,67,-1,67,66,68,-1,67,68,69,-1,69,68,70,-1,69,70,71,-1,71,70,72,-1,71,72,73,-1,73,72,74,-1,73,74,75,-1,76,75,77,-1,77,75,74,-1,76,77,78,-1,76,78,79,-1,79,78,80,-1,79,80,81,-1,81,80,82,-1,81,82,83,-1,83,82,84,-1,83,84,85,-1,85,84,86,-1,85,86,87,-1,86,88,87,-1,87,88,89,-1,88,90,89,-1,89,90,91,-1,89,91,92,-1,92,91,93,-1,92,93,94,-1,94,93,95,-1,94,95,96,-1,96,95,97,-1,96,97,98,-1,98,97,99,-1,98,99,100,-1,100,99,101,-1,100,101,102,-1,102,101,103,-1,104,105,103,-1,103,105,106,-1,103,106,102,-1,104,107,105,-1,105,107,108,-1,105,108,109,-1,109,108,110,-1,109,110,111,-1,111,110,112,-1,111,112,113,-1,113,112,114,-1,113,114,115,-1,115,114,116,-1,115,116,117,-1,117,116,118,-1,117,118,119,-1,119,118,120,-1,119,120,121,-1,121,120,122,-1,121,122,123,-1,123,122,124,-1,123,124,125,-1,125,124,126,-1,125,126,127,-1,127,126,128,-1,127,128,129,-1,129,128,130,-1,129,130,131,-1,131,130,132,-1,131,132,133,-1,133,132,134,-1,133,134,135,-1,135,134,4,-1,135,4,3,-1,61,63,85,-1,85,63,83,-1,111,43,109,-1,109,43,45,-1,21,23,127,-1,127,23,25,-1,127,25,125,-1,125,25,27,-1,125,27,123,-1,123,27,29,-1,123,29,121,-1,121,29,31,-1,121,31,119,-1,119,31,33,-1,119,33,117,-1,117,33,35,-1,117,35,115,-1,115,35,37,-1,115,37,113,-1,113,37,39,-1,113,39,111,-1,111,39,41,-1,111,41,43,-1,14,3,12,-1,12,3,6,-1,12,6,9,-1,9,6,2,-1,9,2,1,-1,63,65,83,-1,83,65,67,-1,83,67,81,-1,81,67,69,-1,81,69,79,-1,79,69,71,-1,79,71,76,-1,76,71,73,-1,76,73,75,-1,127,129,21,-1,21,129,131,-1,21,131,18,-1,18,131,133,-1,18,133,14,-1,14,133,135,-1,14,135,3,-1,85,87,61,-1,61,87,89,-1,61,89,59,-1,59,89,92,-1,59,92,57,-1,57,92,94,-1,57,94,55,-1,55,94,96,-1,55,96,53,-1,53,96,98,-1,53,98,51,-1,51,98,100,-1,51,100,49,-1,49,100,102,-1,49,102,47,-1,47,102,106,-1,47,106,45,-1,45,106,105,-1,45,105,109,-1,136,137,138,-1,138,137,139,-1,140,136,141,-1,141,136,138,-1,140,141,142,-1,140,142,143,-1,143,142,144,-1,143,144,145,-1,146,145,147,-1,147,145,144,-1,148,146,149,-1,149,146,147,-1,148,149,150,-1,150,149,151,-1,150,151,152,-1,153,150,154,-1,154,150,152,-1,153,154,155,-1,155,154,156,-1,155,156,157,-1,158,159,160,-1,160,159,155,-1,160,155,157,-1,159,158,161,-1,162,163,161,-1,161,163,164,-1,161,164,159,-1,162,165,163,-1,163,165,166,-1,163,166,167,-1,167,166,168,-1,167,168,169,-1,169,168,170,-1,169,170,171,-1,171,170,172,-1,171,172,173,-1,173,172,174,-1,173,174,175,-1,176,175,177,-1,177,175,174,-1,176,177,178,-1,176,178,179,-1,179,178,180,-1,179,180,181,-1,181,180,182,-1,181,182,183,-1,183,182,184,-1,183,184,185,-1,184,186,185,-1,185,186,187,-1,185,187,188,-1,188,187,189,-1,188,189,190,-1,190,189,191,-1,190,191,192,-1,192,191,193,-1,192,193,194,-1,139,137,195,-1,195,137,194,-1,195,194,193,-1,143,145,194,-1,137,136,194,-1,194,136,140,-1,194,140,143,-1,150,153,148,-1,148,153,155,-1,148,155,146,-1,175,176,173,-1,173,176,179,-1,173,179,171,-1,171,179,181,-1,171,181,169,-1,169,181,183,-1,169,183,167,-1,167,183,185,-1,167,185,163,-1,163,185,188,-1,163,188,164,-1,164,188,190,-1,164,190,159,-1,159,190,192,-1,159,192,155,-1,155,192,194,-1,155,194,146,-1,146,194,145,-1,196,197,198,-1,198,197,199,-1,196,198,200,-1,200,198,201,-1,200,201,202,-1,203,200,204,-1,204,200,202,-1,203,204,205,-1,205,204,206,-1,205,206,207,-1,208,205,209,-1,209,205,207,-1,210,211,212,-1,212,211,208,-1,212,208,209,-1,213,211,214,-1,214,211,210,-1,215,216,217,-1,217,216,213,-1,217,213,214,-1,218,216,219,-1,219,216,215,-1,220,221,222,-1,222,221,218,-1,222,218,219,-1,223,221,224,-1,224,221,220,-1,223,224,197,-1,197,224,225,-1,197,225,199,-1,223,197,196,-1,196,200,223,-1,223,200,203,-1,223,203,221,-1,216,218,213,-1,213,218,221,-1,213,221,211,-1,211,221,203,-1,211,203,208,-1,208,203,205,-1,226,227,228,-1,228,227,229,-1,228,229,230,-1,230,229,231,-1,230,231,232,-1,232,231,233,-1,232,233,234,-1,234,233,235,-1,234,235,236,-1,236,235,237,-1,236,237,238,-1,238,237,239,-1,238,239,240,-1,240,239,241,-1,240,241,242,-1,242,241,243,-1,242,243,244,-1,244,243,245,-1,244,245,246,-1,246,245,247,-1,246,247,248,-1,248,247,249,-1,248,249,250,-1,250,249,251,-1,250,251,252,-1,252,251,253,-1,252,253,254,-1,254,253,255,-1,254,255,256,-1,256,255,257,-1,256,257,258,-1,258,257,259,-1,258,259,260,-1,260,259,226,-1,260,226,228,-1,234,236,261,-1,261,236,262,-1,234,261,263,-1,234,263,232,-1,232,263,264,-1,232,264,230,-1,230,264,265,-1,230,265,228,-1,228,265,266,-1,228,266,260,-1,260,266,267,-1,260,267,258,-1,258,267,268,-1,258,268,256,-1,256,268,269,-1,256,269,254,-1,254,269,270,-1,254,270,252,-1,252,270,271,-1,252,271,250,-1,250,271,272,-1,250,272,248,-1,248,272,273,-1,248,273,246,-1,246,273,274,-1,246,274,244,-1,244,274,275,-1,244,275,242,-1,242,275,276,-1,242,276,240,-1,238,240,277,-1,277,240,276,-1,236,238,262,-1,262,238,277,-1,241,239,278,-1,278,239,279,-1,239,237,279,-1,279,237,280,-1,237,235,280,-1,280,235,281,-1,227,282,283,-1,227,283,229,-1,229,283,284,-1,229,284,231,-1,231,284,285,-1,231,285,233,-1,233,285,281,-1,233,281,235,-1,255,286,287,-1,255,287,257,-1,257,287,288,-1,257,288,259,-1,259,288,289,-1,259,289,226,-1,226,289,282,-1,226,282,227,-1,247,290,291,-1,247,291,249,-1,249,291,292,-1,249,292,251,-1,251,292,293,-1,251,293,253,-1,253,293,286,-1,253,286,255,-1,241,278,294,-1,241,294,243,-1,243,294,295,-1,243,295,245,-1,245,295,290,-1,245,290,247,-1,
        ]
    }
}
Shape{
    appearance Appearance {
        material  Material 	{
            diffuseColor 0.0 0.0 0.0
            specularColor 0.0 0.0 0.0
            ambientIntensity 0.0
            transparency 0.0
            shininess 0.5
        }
    }
    geometry IndexedFaceSet {
        ccw TRUE
        solid FALSE
        coord DEF co Coordinate {
            point [
                -0.0282 -0.1264 0.1476, -0.0282 -0.1367 0.1476, -0.0262 -0.1264 0.1476, -0.0263 -0.1367 0.1476, -0.0246 -0.1365 0.1476, -0.0234 -0.1361 0.1476, -0.0225 -0.1355 0.1476, -0.0223 -0.1353 0.1476, -0.0216 -0.1345 0.1476, -0.0212 -0.1335 0.1476, -0.0209 -0.1322 0.1476, -0.0209 -0.1314 0.1476, -0.021 -0.1299 0.1476, -0.0214 -0.1288 0.1476, -0.0219 -0.1281 0.1476, -0.0223 -0.1276 0.1476, -0.0245 -0.1266 0.1476, -0.0233 -0.127 0.1476
            ]
        }
        coordIndex [
            0,1,2,-1,2,1,3,-1,2,3,4,-1,4,5,2,-1,2,5,6,-1,2,6,7,-1,7,8,2,-1,2,8,9,-1,2,9,10,-1,10,11,2,-1,2,11,12,-1,2,12,13,-1,13,14,2,-1,2,14,15,-1,2,15,16,-1,16,15,17,-1,
        ]
    }
}
Shape{
    appearance Appearance {
        material  Material 	{
            diffuseColor 1.0 1.0 1.0
            specularColor 0.5019607843137255 0.5019607843137255 0.5019607843137255
            ambientIntensity 1.0
            transparency 0.0
            shininess 0.5
        }
    }
    geometry IndexedFaceSet {
        ccw TRUE
        solid FALSE
        coord DEF co Coordinate {
            point [
                -0.0146 -0.133 0.1516, -0.0151 -0.1345 0.1516, -0.0101 -0.133 0.1516, -0.0096 -0.1345 0.1516, -0.0126 -0.1275 0.1516, -0.0132 -0.1248 0.1516, -0.0183 -0.1382 0.1516, -0.0164 -0.1382 0.1516, -0.0125 -0.1271 0.1516, -0.0124 -0.1266 0.1516, -0.0114 -0.1248 0.1516, -0.0123 -0.1266 0.1516, -0.0122 -0.1271 0.1516, -0.0121 -0.1275 0.1516, -0.0063 -0.1382 0.1516, -0.0082 -0.1382 0.1516, -0.0114 -0.1248 0.1476, -0.0063 -0.1382 0.1476, -0.0132 -0.1248 0.1476, -0.0183 -0.1382 0.1476, -0.0164 -0.1382 0.1476, -0.0151 -0.1345 0.1476, -0.0096 -0.1345 0.1476, -0.0082 -0.1382 0.1476, -0.0146 -0.133 0.1476, -0.0101 -0.133 0.1476, -0.0121 -0.1275 0.1476, -0.0123 -0.1266 0.1476, -0.0122 -0.1271 0.1476, -0.0124 -0.1266 0.1476, -0.0126 -0.1275 0.1476, -0.0125 -0.1271 0.1476
            ]
        }
        coordIndex [
            0,1,2,-1,2,1,3,-1,4,5,0,-1,0,5,6,-1,0,6,1,-1,1,6,7,-1,4,8,5,-1,5,8,9,-1,5,9,10,-1,10,9,11,-1,10,11,12,-1,12,13,10,-1,10,13,2,-1,10,2,14,-1,14,2,3,-1,14,3,15,-1,10,14,16,-1,16,14,17,-1,5,10,18,-1,18,10,16,-1,6,5,19,-1,19,5,18,-1,7,6,20,-1,20,6,19,-1,1,7,21,-1,21,7,20,-1,3,1,22,-1,22,1,21,-1,15,3,23,-1,23,3,22,-1,14,15,17,-1,17,15,23,-1,0,2,24,-1,24,2,25,-1,2,13,25,-1,25,13,26,-1,11,27,28,-1,11,28,12,-1,12,28,26,-1,12,26,13,-1,11,9,27,-1,27,9,29,-1,4,30,31,-1,4,31,8,-1,8,31,29,-1,8,29,9,-1,4,0,30,-1,30,0,24,-1,
        ]
    }
}
Shape{
    appearance Appearance {
        material  Material 	{
            diffuseColor 0.0 0.0 0.0
            specularColor 0.0 0.0 0.0
            ambientIntensity 0.0
            transparency 0.0
            shininess 0.5
        }
    }
    geometry IndexedFaceSet {
        ccw TRUE
        solid FALSE
        coord DEF co Coordinate {
            point [
                -0.0123 -0.1266 0.1476, -0.0124 -0.1266 0.1476, -0.0122 -0.1271 0.1476, -0.0125 -0.1271 0.1476, -0.0121 -0.1275 0.1476, -0.0126 -0.1275 0.1476, -0.0101 -0.133 0.1476, -0.0146 -0.133 0.1476
            ]
        }
        coordIndex [
            0,1,2,-1,2,1,3,-1,2,3,4,-1,4,3,5,-1,4,5,6,-1,6,5,7,-1,
        ]
    }
}
Shape{
    appearance Appearance {
        material  Material 	{
            diffuseColor 1.0 1.0 1.0
            specularColor 0.5019607843137255 0.5019607843137255 0.5019607843137255
            ambientIntensity 1.0
            transparency 0.0
            shininess 0.5
        }
    }
    geometry IndexedFaceSet {
        ccw TRUE
        solid FALSE
        coord DEF co Coordinate {
            point [
                -0.1355 -0.14 0.1516, -0.1341 -0.1418 0.1516, -0.1364 -0.1317 0.1516, -0.138 -0.1152 0.1516, -0.1358 -0.114 0.1516, -0.1364 -0.1082 0.1516, -0.1305 -0.108 0.1516, -0.1276 -0.1149 0.1516, -0.1261 -0.1119 0.1516, -0.118 -0.135 0.1516, -0.118 -0.1341 0.1516, -0.126 -0.1317 0.1516, -0.1269 -0.1315 0.1516, -0.1327 -0.1078 0.1516, -0.1246 -0.1329 0.1516, -0.1241 -0.1336 0.1516, -0.118 -0.1359 0.1516, -0.1047 -0.127 0.1516, -0.1076 -0.122 0.1516, -0.1203 -0.1287 0.1516, -0.1276 -0.1314 0.1516, -0.1284 -0.1315 0.1516, -0.1296 -0.1257 0.1516, -0.1293 -0.1318 0.1516, -0.1317 -0.1265 0.1516, -0.13 -0.1324 0.1516, -0.1337 -0.1278 0.1516, -0.1305 -0.1329 0.1516, -0.1353 -0.1296 0.1516, -0.131 -0.1337 0.1516, -0.1312 -0.1346 0.1516, -0.124 -0.1261 0.1516, -0.1263 -0.1255 0.1516, -0.1275 -0.1254 0.1516, -0.1252 -0.1322 0.1516, -0.13 -0.1378 0.1516, -0.1293 -0.1384 0.1516, -0.1323 -0.1432 0.1516, -0.1284 -0.1387 0.1516, -0.1016 -0.1176 0.1516, -0.1008 -0.1176 0.1516, -0.0969 -0.1125 0.1516, -0.099 -0.1179 0.1516, -0.0965 -0.1127 0.1516, -0.0973 -0.1185 0.1516, -0.0936 -0.1141 0.1516, -0.0911 -0.1162 0.1516, -0.1285 -0.1057 0.1516, -0.124 -0.1093 0.1516, -0.1263 -0.1038 0.1516, -0.1214 -0.1075 0.1516, -0.124 -0.1024 0.1516, -0.1383 -0.1305 0.1516, -0.1377 -0.1377 0.1516, -0.1365 -0.138 0.1516, -0.1335 -0.1135 0.1516, -0.1326 -0.1135 0.1516, -0.1316 -0.1078 0.1516, -0.1305 -0.1137 0.1516, -0.1283 -0.1145 0.1516, -0.122 -0.1272 0.1516, -0.0959 -0.1195 0.1516, -0.0948 -0.1208 0.1516, -0.0891 -0.1189 0.1516, -0.0939 -0.1224 0.1516, -0.088 -0.1218 0.1516, -0.0875 -0.125 0.1516, -0.0934 -0.1242 0.1516, -0.0934 -0.125 0.1516, -0.0879 -0.1283 0.1516, -0.0936 -0.1269 0.1516, -0.0891 -0.1313 0.1516, -0.0943 -0.1286 0.1516, -0.091 -0.134 0.1516, -0.1399 -0.1096 0.1516, -0.143 -0.1117 0.1516, -0.1397 -0.1167 0.1516, -0.1436 -0.1123 0.1516, -0.141 -0.1186 0.1516, -0.1459 -0.1153 0.1516, -0.1418 -0.1208 0.1516, -0.1306 -0.1371 0.1516, -0.131 -0.1364 0.1516, -0.1312 -0.1355 0.1516, -0.102 -0.105 0.1516, -0.1058 -0.1093 0.1516, -0.0989 -0.1086 0.1516, -0.1036 -0.1119 0.1516, -0.1022 -0.1149 0.1516, -0.1239 -0.1345 0.1516, -0.1239 -0.1354 0.1516, -0.1185 -0.1383 0.1516, -0.1241 -0.1363 0.1516, -0.1196 -0.1404 0.1516, -0.1245 -0.1372 0.1516, -0.1212 -0.1422 0.1516, -0.1251 -0.1379 0.1516, -0.1231 -0.1434 0.1516, -0.1258 -0.1384 0.1516, -0.1252 -0.1442 0.1516, -0.1266 -0.1387 0.1516, -0.1275 -0.1445 0.1516, -0.1276 -0.1388 0.1516, -0.1279 -0.1445 0.1516, -0.1301 -0.1441 0.1516, -0.1196 -0.1007 0.1516, -0.1183 -0.1062 0.1516, -0.1149 -0.1001 0.1516, -0.1148 -0.1058 0.1516, -0.111 -0.1005 0.1516, -0.1116 -0.1062 0.1516, -0.1063 -0.1022 0.1516, -0.1086 -0.1073 0.1516, -0.106 -0.1092 0.1516, -0.1474 -0.1187 0.1516, -0.148 -0.1223 0.1516, -0.1421 -0.123 0.1516, -0.148 -0.1232 0.1516, -0.142 -0.1244 0.1516, -0.1476 -0.1269 0.1516, -0.1413 -0.1267 0.1516, -0.1462 -0.1304 0.1516, -0.1401 -0.1288 0.1516, -0.1441 -0.1335 0.1516, -0.1411 -0.136 0.1516, -0.1079 -0.1359 0.1516, -0.1077 -0.1365 0.1516, -0.105 -0.1324 0.1516, -0.1073 -0.1371 0.1516, -0.108 -0.1353 0.1516, -0.1051 -0.1324 0.1516, -0.108 -0.1349 0.1516, -0.1057 -0.1324 0.1516, -0.1063 -0.1326 0.1516, -0.0953 -0.1301 0.1516, -0.0955 -0.1302 0.1516, -0.0936 -0.1361 0.1516, -0.0969 -0.1314 0.1516, -0.0965 -0.1376 0.1516, -0.0985 -0.1321 0.1516, -0.0997 -0.1382 0.1516, -0.1002 -0.1324 0.1516, -0.1053 -0.1382 0.1516, -0.1045 -0.1324 0.1516, -0.1055 -0.1382 0.1516, -0.1047 -0.1324 0.1516, -0.1061 -0.138 0.1516, -0.1068 -0.1377 0.1516, -0.1069 -0.133 0.1516, -0.1074 -0.1336 0.1516, -0.1078 -0.1342 0.1516, -0.0875 -0.125 0.1476, -0.088 -0.1218 0.1476, -0.0883 -0.121 0.1476, -0.0891 -0.1189 0.1476, -0.0904 -0.1171 0.1476, -0.0911 -0.1162 0.1476, -0.0936 -0.1141 0.1476, -0.0965 -0.1127 0.1476, -0.0969 -0.1125 0.1476, -0.0989 -0.1086 0.1476, -0.102 -0.105 0.1476, -0.1042 -0.1036 0.1476, -0.1063 -0.1022 0.1476, -0.111 -0.1005 0.1476, -0.1149 -0.1001 0.1476, -0.1263 -0.1038 0.1476, -0.1259 -0.1036 0.1476, -0.124 -0.1024 0.1476, -0.1196 -0.1007 0.1476, -0.1285 -0.1057 0.1476, -0.1305 -0.108 0.1476, -0.1316 -0.1078 0.1476, -0.1327 -0.1078 0.1476, -0.1436 -0.1123 0.1476, -0.1364 -0.1082 0.1476, -0.1399 -0.1096 0.1476, -0.1419 -0.111 0.1476, -0.143 -0.1117 0.1476, -0.148 -0.1232 0.1476, -0.1459 -0.1153 0.1476, -0.1467 -0.1171 0.1476, -0.1474 -0.1187 0.1476, -0.1478 -0.121 0.1476, -0.148 -0.1223 0.1476, -0.1476 -0.1269 0.1476, -0.1462 -0.1304 0.1476, -0.1441 -0.1335 0.1476, -0.1419 -0.1353 0.1476, -0.1411 -0.136 0.1476, -0.1377 -0.1377 0.1476, -0.1365 -0.138 0.1476, -0.1364 -0.1383 0.1476, -0.1355 -0.14 0.1476, -0.1341 -0.1418 0.1476, -0.1323 -0.1432 0.1476, -0.1314 -0.1436 0.1476, -0.1301 -0.1441 0.1476, -0.1279 -0.1445 0.1476, -0.1275 -0.1445 0.1476, -0.1252 -0.1442 0.1476, -0.1235 -0.1436 0.1476, -0.1231 -0.1434 0.1476, -0.1212 -0.1422 0.1476, -0.1196 -0.1404 0.1476, -0.1186 -0.1383 0.1476, -0.1185 -0.1383 0.1476, -0.118 -0.1359 0.1476, -0.118 -0.135 0.1476, -0.118 -0.1341 0.1476, -0.1047 -0.127 0.1476, -0.1076 -0.122 0.1476, -0.1203 -0.1287 0.1476, -0.122 -0.1272 0.1476, -0.124 -0.1261 0.1476, -0.1263 -0.1255 0.1476, -0.1275 -0.1254 0.1476, -0.1296 -0.1257 0.1476, -0.1317 -0.1265 0.1476, -0.1337 -0.1278 0.1476, -0.1353 -0.1296 0.1476, -0.1364 -0.1317 0.1476, -0.1421 -0.123 0.1476, -0.1383 -0.1305 0.1476, -0.1401 -0.1288 0.1476, -0.1413 -0.1267 0.1476, -0.1419 -0.1244 0.1476, -0.142 -0.1244 0.1476, -0.1419 -0.1219 0.1476, -0.1418 -0.121 0.1476, -0.1418 -0.1208 0.1476, -0.141 -0.1186 0.1476, -0.14 -0.1171 0.1476, -0.1397 -0.1167 0.1476, -0.138 -0.1152 0.1476, -0.1358 -0.114 0.1476, -0.1335 -0.1135 0.1476, -0.1326 -0.1135 0.1476, -0.1305 -0.1137 0.1476, -0.1283 -0.1145 0.1476, -0.1276 -0.1149 0.1476, -0.1261 -0.1119 0.1476, -0.124 -0.1093 0.1476, -0.1214 -0.1075 0.1476, -0.1183 -0.1062 0.1476, -0.1148 -0.1058 0.1476, -0.1016 -0.1176 0.1476, -0.1017 -0.1171 0.1476, -0.1022 -0.1149 0.1476, -0.1036 -0.1119 0.1476, -0.1058 -0.1093 0.1476, -0.106 -0.1092 0.1476, -0.1086 -0.1073 0.1476, -0.1116 -0.1062 0.1476, -0.1008 -0.1176 0.1476, -0.099 -0.1179 0.1476, -0.0973 -0.1185 0.1476, -0.0959 -0.1195 0.1476, -0.0948 -0.1208 0.1476, -0.0946 -0.121 0.1476, -0.0939 -0.1224 0.1476, -0.0934 -0.1242 0.1476, -0.0934 -0.125 0.1476, -0.0936 -0.1269 0.1476, -0.0943 -0.1286 0.1476, -0.0953 -0.1301 0.1476, -0.0955 -0.1302 0.1476, -0.0969 -0.1314 0.1476, -0.0985 -0.1321 0.1476, -0.1002 -0.1324 0.1476, -0.1045 -0.1324 0.1476, -0.1047 -0.1324 0.1476, -0.105 -0.1324 0.1476, -0.1051 -0.1324 0.1476, -0.1057 -0.1324 0.1476, -0.1063 -0.1326 0.1476, -0.1069 -0.133 0.1476, -0.1074 -0.1336 0.1476, -0.1078 -0.1342 0.1476, -0.108 -0.1349 0.1476, -0.108 -0.1353 0.1476, -0.1079 -0.1359 0.1476, -0.1077 -0.1365 0.1476, -0.1073 -0.1371 0.1476, -0.1068 -0.1377 0.1476, -0.1061 -0.138 0.1476, -0.1055 -0.1382 0.1476, -0.1053 -0.1382 0.1476, -0.0997 -0.1382 0.1476, -0.0965 -0.1376 0.1476, -0.0936 -0.1361 0.1476, -0.091 -0.134 0.1476, -0.0891 -0.1313 0.1476, -0.0879 -0.1283 0.1476, -0.1276 -0.1314 0.1476, -0.1269 -0.1315 0.1476, -0.126 -0.1317 0.1476, -0.1252 -0.1322 0.1476, -0.1246 -0.1329 0.1476, -0.1241 -0.1336 0.1476, -0.1239 -0.1345 0.1476, -0.1239 -0.1354 0.1476, -0.1241 -0.1363 0.1476, -0.1245 -0.1372 0.1476, -0.1251 -0.1379 0.1476, -0.1258 -0.1384 0.1476, -0.1266 -0.1387 0.1476, -0.1276 -0.1388 0.1476, -0.1284 -0.1387 0.1476, -0.1293 -0.1384 0.1476, -0.13 -0.1378 0.1476, -0.1306 -0.1371 0.1476, -0.131 -0.1364 0.1476, -0.1312 -0.1355 0.1476, -0.1312 -0.1346 0.1476, -0.131 -0.1337 0.1476, -0.1305 -0.1329 0.1476, -0.13 -0.1324 0.1476, -0.1293 -0.1318 0.1476, -0.1284 -0.1315 0.1476
            ]
        }
        coordIndex [
            0,1,2,-1,3,4,5,-1,6,7,8,-1,9,10,11,-1,11,10,12,-1,5,4,13,-1,14,15,16,-1,17,18,10,-1,10,18,19,-1,10,19,12,-1,12,19,20,-1,21,22,23,-1,23,22,24,-1,23,24,25,-1,25,24,26,-1,25,26,27,-1,27,26,28,-1,27,28,29,-1,29,28,2,-1,29,2,30,-1,31,32,21,-1,21,32,33,-1,21,33,22,-1,9,11,16,-1,16,11,34,-1,16,34,14,-1,35,1,36,-1,36,1,37,-1,36,37,38,-1,39,40,41,-1,41,40,42,-1,41,42,43,-1,43,42,44,-1,43,44,45,-1,45,44,46,-1,6,8,47,-1,47,8,48,-1,47,48,49,-1,49,48,50,-1,49,50,51,-1,52,53,2,-1,2,53,54,-1,2,54,0,-1,4,55,13,-1,13,55,56,-1,13,56,57,-1,57,56,58,-1,57,58,6,-1,6,58,59,-1,6,59,7,-1,20,19,21,-1,21,19,60,-1,21,60,31,-1,44,61,46,-1,46,61,62,-1,46,62,63,-1,63,62,64,-1,63,64,65,-1,65,64,66,-1,64,67,66,-1,66,67,68,-1,66,68,69,-1,69,68,70,-1,69,70,71,-1,71,70,72,-1,71,72,73,-1,5,74,3,-1,3,74,75,-1,3,75,76,-1,76,75,77,-1,76,77,78,-1,78,77,79,-1,78,79,80,-1,35,81,1,-1,1,81,82,-1,1,82,2,-1,2,82,83,-1,2,83,30,-1,84,85,86,-1,86,85,87,-1,86,87,41,-1,41,87,88,-1,41,88,39,-1,15,89,16,-1,16,89,90,-1,16,90,91,-1,91,90,92,-1,91,92,93,-1,93,92,94,-1,93,94,95,-1,95,94,96,-1,95,96,97,-1,97,96,98,-1,97,98,99,-1,99,98,100,-1,99,100,101,-1,101,100,102,-1,101,102,103,-1,103,102,38,-1,103,38,104,-1,104,38,37,-1,51,50,105,-1,105,50,106,-1,105,106,107,-1,107,106,108,-1,107,108,109,-1,109,108,110,-1,109,110,111,-1,111,110,112,-1,111,112,84,-1,84,112,113,-1,84,113,85,-1,79,114,80,-1,80,114,115,-1,80,115,116,-1,116,115,117,-1,116,117,118,-1,118,117,119,-1,118,119,120,-1,120,119,121,-1,120,121,122,-1,122,121,123,-1,122,123,52,-1,52,123,124,-1,52,124,53,-1,125,126,127,-1,127,126,128,-1,125,127,129,-1,129,127,130,-1,129,130,131,-1,131,130,132,-1,131,132,133,-1,72,134,73,-1,73,134,135,-1,73,135,136,-1,136,135,137,-1,136,137,138,-1,138,137,139,-1,138,139,140,-1,140,139,141,-1,140,141,142,-1,142,141,143,-1,142,143,144,-1,144,143,145,-1,144,145,146,-1,146,145,127,-1,146,127,147,-1,147,127,128,-1,133,148,131,-1,131,148,149,-1,131,149,150,-1,66,151,152,-1,66,152,65,-1,65,152,153,-1,65,153,63,-1,153,154,63,-1,63,154,155,-1,63,155,46,-1,155,156,46,-1,46,156,157,-1,46,157,45,-1,45,157,158,-1,45,158,43,-1,43,158,159,-1,43,159,41,-1,41,159,160,-1,41,160,86,-1,86,160,161,-1,86,161,84,-1,84,161,111,-1,111,161,162,-1,162,163,111,-1,111,163,164,-1,111,164,109,-1,109,164,165,-1,109,165,107,-1,166,49,167,-1,167,49,51,-1,167,51,168,-1,168,51,105,-1,168,105,169,-1,169,105,107,-1,169,107,165,-1,49,166,170,-1,49,170,47,-1,47,170,171,-1,47,171,6,-1,6,171,172,-1,6,172,57,-1,57,172,173,-1,57,173,13,-1,174,77,75,-1,13,173,175,-1,13,175,5,-1,5,175,176,-1,5,176,74,-1,74,176,177,-1,74,177,75,-1,75,177,178,-1,75,178,174,-1,179,117,115,-1,77,174,180,-1,77,180,79,-1,79,180,181,-1,79,181,114,-1,181,182,114,-1,114,182,183,-1,114,183,115,-1,115,183,184,-1,115,184,179,-1,117,179,185,-1,117,185,119,-1,119,185,186,-1,119,186,121,-1,121,186,187,-1,121,187,123,-1,187,188,123,-1,123,188,124,-1,188,189,124,-1,124,189,190,-1,124,190,53,-1,53,190,191,-1,53,191,54,-1,54,191,192,-1,54,192,0,-1,192,193,0,-1,0,193,194,-1,0,194,1,-1,1,194,195,-1,1,195,37,-1,37,195,196,-1,37,196,104,-1,196,197,104,-1,104,197,198,-1,104,198,103,-1,103,198,199,-1,103,199,101,-1,101,199,200,-1,101,200,99,-1,99,200,201,-1,99,201,97,-1,201,202,97,-1,97,202,203,-1,97,203,95,-1,95,203,204,-1,95,204,93,-1,93,204,205,-1,93,205,91,-1,205,206,91,-1,91,206,207,-1,91,207,16,-1,16,207,208,-1,16,208,9,-1,10,9,209,-1,209,9,208,-1,17,10,210,-1,210,10,209,-1,18,17,211,-1,211,17,210,-1,19,18,212,-1,212,18,211,-1,19,212,213,-1,19,213,60,-1,60,213,214,-1,60,214,31,-1,31,214,215,-1,31,215,32,-1,32,215,216,-1,32,216,33,-1,33,216,217,-1,33,217,22,-1,22,217,218,-1,22,218,24,-1,24,218,219,-1,24,219,26,-1,26,219,220,-1,26,220,28,-1,28,220,221,-1,28,221,2,-1,222,116,118,-1,2,221,223,-1,2,223,52,-1,52,223,224,-1,52,224,122,-1,122,224,225,-1,122,225,120,-1,120,225,226,-1,120,226,118,-1,118,226,227,-1,118,227,222,-1,222,228,116,-1,116,228,229,-1,116,229,80,-1,229,230,80,-1,80,230,231,-1,80,231,78,-1,78,231,232,-1,78,232,76,-1,232,233,76,-1,76,233,234,-1,76,234,3,-1,3,234,235,-1,3,235,4,-1,4,235,236,-1,4,236,55,-1,55,236,237,-1,55,237,56,-1,56,237,238,-1,56,238,58,-1,58,238,239,-1,58,239,59,-1,59,239,240,-1,59,240,7,-1,7,240,241,-1,7,241,8,-1,8,241,242,-1,8,242,48,-1,48,242,243,-1,48,243,50,-1,50,243,244,-1,50,244,106,-1,106,244,245,-1,106,245,108,-1,246,39,247,-1,247,39,88,-1,247,88,248,-1,248,88,87,-1,248,87,249,-1,249,87,85,-1,249,85,250,-1,250,85,113,-1,250,113,251,-1,251,113,112,-1,251,112,252,-1,252,112,110,-1,252,110,253,-1,253,110,108,-1,253,108,245,-1,40,39,254,-1,254,39,246,-1,40,254,255,-1,40,255,42,-1,42,255,256,-1,42,256,44,-1,44,256,257,-1,44,257,61,-1,61,257,258,-1,61,258,62,-1,62,258,259,-1,62,259,64,-1,259,260,64,-1,64,260,261,-1,64,261,67,-1,67,261,262,-1,67,262,68,-1,68,262,263,-1,68,263,70,-1,70,263,264,-1,70,264,72,-1,72,264,265,-1,72,265,134,-1,134,265,266,-1,134,266,135,-1,135,266,267,-1,135,267,137,-1,137,267,268,-1,137,268,139,-1,139,268,269,-1,139,269,141,-1,143,141,270,-1,270,141,269,-1,143,270,271,-1,143,271,145,-1,145,271,272,-1,145,272,127,-1,127,272,273,-1,127,273,130,-1,130,273,274,-1,130,274,132,-1,132,274,275,-1,132,275,133,-1,133,275,276,-1,133,276,148,-1,148,276,277,-1,148,277,149,-1,149,277,278,-1,149,278,150,-1,150,278,279,-1,150,279,131,-1,131,279,280,-1,131,280,129,-1,129,280,281,-1,129,281,125,-1,125,281,282,-1,125,282,126,-1,126,282,283,-1,126,283,128,-1,128,283,284,-1,128,284,147,-1,147,284,285,-1,147,285,146,-1,146,285,286,-1,146,286,144,-1,144,286,287,-1,144,287,142,-1,140,142,288,-1,288,142,287,-1,140,288,289,-1,140,289,138,-1,138,289,290,-1,138,290,136,-1,136,290,291,-1,136,291,73,-1,73,291,292,-1,73,292,71,-1,71,292,293,-1,71,293,69,-1,69,293,151,-1,69,151,66,-1,20,294,295,-1,20,295,12,-1,12,295,296,-1,12,296,11,-1,11,296,297,-1,11,297,34,-1,34,297,298,-1,34,298,14,-1,14,298,299,-1,14,299,15,-1,15,299,300,-1,15,300,89,-1,89,300,301,-1,89,301,90,-1,90,301,302,-1,90,302,92,-1,92,302,303,-1,92,303,94,-1,94,303,304,-1,94,304,96,-1,96,304,305,-1,96,305,98,-1,98,305,306,-1,98,306,100,-1,100,306,307,-1,100,307,102,-1,102,307,308,-1,102,308,38,-1,38,308,309,-1,38,309,36,-1,36,309,310,-1,36,310,35,-1,35,310,311,-1,35,311,81,-1,81,311,312,-1,81,312,82,-1,82,312,313,-1,82,313,83,-1,83,313,314,-1,83,314,30,-1,30,314,315,-1,30,315,29,-1,29,315,316,-1,29,316,27,-1,27,316,317,-1,27,317,25,-1,25,317,318,-1,25,318,23,-1,23,318,319,-1,23,319,21,-1,21,319,294,-1,21,294,20,-1,
        ]
    }
}
Shape{
    appearance Appearance {
        material  Material 	{
            diffuseColor 0.0 0.0 0.0
            specularColor 0.0 0.0 0.0
            ambientIntensity 0.0
            transparency 0.0
            shininess 0.5
        }
    }
    geometry IndexedFaceSet {
        ccw TRUE
        solid FALSE
        coord DEF co Coordinate {
            point [
                -0.1276 -0.1388 0.1476, -0.13 -0.1324 0.1476, -0.1305 -0.1329 0.1476, -0.1276 -0.1314 0.1476, -0.1269 -0.1315 0.1476, -0.1266 -0.1387 0.1476, -0.1284 -0.1315 0.1476, -0.1293 -0.1318 0.1476, -0.1251 -0.1379 0.1476, -0.1246 -0.1329 0.1476, -0.1252 -0.1322 0.1476, -0.131 -0.1364 0.1476, -0.1306 -0.1371 0.1476, -0.13 -0.1378 0.1476, -0.1258 -0.1384 0.1476, -0.126 -0.1317 0.1476, -0.131 -0.1337 0.1476, -0.1312 -0.1346 0.1476, -0.1312 -0.1355 0.1476, -0.1293 -0.1384 0.1476, -0.1284 -0.1387 0.1476, -0.1241 -0.1363 0.1476, -0.1239 -0.1354 0.1476, -0.1245 -0.1372 0.1476, -0.1239 -0.1345 0.1476, -0.1241 -0.1336 0.1476
            ]
        }
        coordIndex [
            0,1,2,-1,3,0,4,-1,4,0,5,-1,3,6,0,-1,0,6,7,-1,0,7,1,-1,8,9,10,-1,11,12,2,-1,2,12,13,-1,5,14,4,-1,4,14,8,-1,4,8,15,-1,15,8,10,-1,16,17,2,-1,2,17,18,-1,2,18,11,-1,13,19,2,-1,2,19,20,-1,2,20,0,-1,21,22,23,-1,23,22,24,-1,23,24,8,-1,8,24,25,-1,8,25,9,-1,
        ]
    }
}