ISO-10303-21;
HEADER;
FILE_DESCRIPTION (( 'STEP AP214' ),
    '1' );
FILE_NAME ('IND-SMD_L2.0-W1.6-B.STEP',
    '2022-05-23T05:27:10',
    ( 'PC' ),
    ( 'Microsoft' ),
    'SwSTEP 2.0',
    'SolidWorks 2020',
    '' );
FILE_SCHEMA (( 'AUTOMOTIVE_DESIGN' ));
ENDSEC;

DATA;
#1 = ADVANCED_FACE ( 'NONE', ( #4450, #3246, #2025, #1969, #5223, #4195 ), #3159, .F. ) ;
#2 = ORIENTED_EDGE ( 'NONE', *, *, #4105, .F. ) ;
#3 = STYLED_ITEM ( 'NONE', ( #4830 ), #2040 ) ;
#4 = FILL_AREA_STYLE_COLOUR ( '', #1813 ) ;
#5 = CARTESIAN_POINT ( 'NONE',  ( 0.1010990398494061721, 0.03524778088751005095, 0.0000000000000000000 ) ) ;
#6 = STYLED_ITEM ( 'NONE', ( #1431 ), #749 ) ;
#7 = ORIENTED_EDGE ( 'NONE', *, *, #4131, .T. ) ;
#8 =( GEOMETRIC_REPRESENTATION_CONTEXT ( 3 ) GLOBAL_UNCERTAINTY_ASSIGNED_CONTEXT ( ( #4396 ) ) GLOBAL_UNIT_ASSIGNED_CONTEXT ( ( #2783, #1187, #4477 ) ) REPRESENTATION_CONTEXT ( 'NONE', 'WORKASPACE' ) );
#9 = UNCERTAINTY_MEASURE_WITH_UNIT (LENGTH_MEASURE( 1.000000000000000082E-05 ), #62, 'distance_accuracy_value', 'NONE');
#10 = FILL_AREA_STYLE ('',( #35 ) ) ;
#11 = MECHANICAL_DESIGN_GEOMETRIC_PRESENTATION_REPRESENTATION (  '', ( #2323 ), #4916 ) ;
#12 = EDGE_CURVE ( 'NONE', #1551, #2498, #4836, .T. ) ;
#13 = PRESENTATION_STYLE_ASSIGNMENT (( #829 ) ) ;
#14 = CARTESIAN_POINT ( 'NONE',  ( 0.08284951708636077716, 0.03451641141045499322, 0.02000000000000000042 ) ) ;
#15 = ORIENTED_EDGE ( 'NONE', *, *, #2792, .F. ) ;
#16 = VECTOR ( 'NONE', #3127, 1000.000000000000000 ) ;
#17 = STYLED_ITEM ( 'NONE', ( #1099 ), #1531 ) ;
#18 = CARTESIAN_POINT ( 'NONE',  ( 0.08409007586272043699, -0.03758719195508760519, 0.02000000000000000042 ) ) ;
#19 = VECTOR ( 'NONE', #924, 1000.000000000000000 ) ;
#20 = FILL_AREA_STYLE ('',( #402 ) ) ;
#21 = CARTESIAN_POINT ( 'NONE',  ( -0.1636532466868804436, -0.02337838794539967568, 0.02000000000000000042 ) ) ;
#22 = MECHANICAL_DESIGN_GEOMETRIC_PRESENTATION_REPRESENTATION (  '', ( #2499 ), #2332 ) ;
#23 = CARTESIAN_POINT ( 'NONE',  ( 0.04101519843507079460, 0.04582892912777106198, 0.0000000000000000000 ) ) ;
#24 =( LENGTH_UNIT ( ) NAMED_UNIT ( * ) SI_UNIT ( .MILLI., .METRE. ) );
#25 = FACE_OUTER_BOUND ( 'NONE', #4423, .T. ) ;
#26 = CARTESIAN_POINT ( 'NONE',  ( -0.2297165088820023737, -0.05142716843320455783, 0.02000000000000000042 ) ) ;
#27 = VERTEX_POINT ( 'NONE', #2401 ) ;
#28 = VECTOR ( 'NONE', #201, 1000.000000000000000 ) ;
#29 = CARTESIAN_POINT ( 'NONE',  ( 0.05618140819851034223, -0.04082033733197418940, 0.02000000000000000042 ) ) ;
#30 = CARTESIAN_POINT ( 'NONE',  ( -0.09581999013015034261, -0.03790555913895841261, 0.0000000000000000000 ) ) ;
#31 = ORIENTED_EDGE ( 'NONE', *, *, #4632, .T. ) ;
#32 = CYLINDRICAL_SURFACE ( 'NONE', #2675, 0.01000000000000002623 ) ;
#33 = COLOUR_RGB ( '',1.000000000000000000, 1.000000000000000000, 1.000000000000000000 ) ;
#34 = PLANE ( 'NONE',  #3533 ) ;
#35 = FILL_AREA_STYLE_COLOUR ( '', #5031 ) ;
#36 = DIRECTION ( 'NONE',  ( -0.3635424856527063042, -0.9315776194850602376, 0.0000000000000000000 ) ) ;
#37 = CARTESIAN_POINT ( 'NONE',  ( -0.02727748449175848230, 0.0000000000000000000, 0.02000000000000000042 ) ) ;
#38 = CARTESIAN_POINT ( 'NONE',  ( -0.1107927071874472147, -0.02720520615607775750, 0.0000000000000000000 ) ) ;
#39 = CARTESIAN_POINT ( 'NONE',  ( 0.09404707221948345464, 0.02478303133872402850, 0.0000000000000000000 ) ) ;
#40 = PLANE ( 'NONE',  #5293 ) ;
#41 = ADVANCED_FACE ( 'NONE', ( #2000 ), #2106, .F. ) ;
#42 = CARTESIAN_POINT ( 'NONE',  ( 0.06668211916677813100, -0.04167107087222894635, 0.0000000000000000000 ) ) ;
#43 = CARTESIAN_POINT ( 'NONE',  ( 0.008088369166778127534, -0.006305217213692360795, 0.0000000000000000000 ) ) ;
#44 = CARTESIAN_POINT ( 'NONE',  ( -0.1850042702159723496, 0.03067524909762595064, 0.0000000000000000000 ) ) ;
#45 = PRESENTATION_STYLE_ASSIGNMENT (( #2539 ) ) ;
#46 = STYLED_ITEM ( 'NONE', ( #4321 ), #4526 ) ;
#47 = FILL_AREA_STYLE ('',( #3331 ) ) ;
#48 = FILL_AREA_STYLE_COLOUR ( '', #3269 ) ;
#49 = PRESENTATION_LAYER_ASSIGNMENT (  '', '', ( #2708 ) ) ;
#50 = UNCERTAINTY_MEASURE_WITH_UNIT (LENGTH_MEASURE( 1.000000000000000082E-05 ), #3034, 'distance_accuracy_value', 'NONE');
#51 = PRESENTATION_STYLE_ASSIGNMENT (( #2895 ) ) ;
#52 = MECHANICAL_DESIGN_GEOMETRIC_PRESENTATION_REPRESENTATION (  '', ( #4456 ), #2796 ) ;
#53 = FACE_OUTER_BOUND ( 'NONE', #3029, .T. ) ;
#54 = FILL_AREA_STYLE_COLOUR ( '', #608 ) ;
#55 = ORIENTED_EDGE ( 'NONE', *, *, #1439, .F. ) ;
#56 = VECTOR ( 'NONE', #5279, 1000.000000000000000 ) ;
#57 = ORIENTED_EDGE ( 'NONE', *, *, #1110, .F. ) ;
#58 =( NAMED_UNIT ( * ) PLANE_ANGLE_UNIT ( ) SI_UNIT ( $, .RADIAN. ) );
#59 = SURFACE_SIDE_STYLE ('',( #3822 ) ) ;
#60 = CARTESIAN_POINT ( 'NONE',  ( 0.06796678666789982004, -0.04163796106384061446, 0.02000000000000000042 ) ) ;
#61 = ORIENTED_EDGE ( 'NONE', *, *, #4698, .F. ) ;
#62 =( LENGTH_UNIT ( ) NAMED_UNIT ( * ) SI_UNIT ( .MILLI., .METRE. ) );
#63 = MECHANICAL_DESIGN_GEOMETRIC_PRESENTATION_REPRESENTATION (  '', ( #4721 ), #479 ) ;
#64 = EDGE_CURVE ( 'NONE', #344, #1664, #2180, .T. ) ;
#65 = CARTESIAN_POINT ( 'NONE',  ( 0.04871327618632094458, 0.04829038940071268826, 0.02000000000000000042 ) ) ;
#66 = DIRECTION ( 'NONE',  ( 0.0000000000000000000, 1.000000000000000000, 0.0000000000000000000 ) ) ;
#67 = ORIENTED_EDGE ( 'NONE', *, *, #412, .F. ) ;
#68 = CARTESIAN_POINT ( 'NONE',  ( 0.06065653541333340670, -0.05228253497242613818, 0.0000000000000000000 ) ) ;
#69 = ORIENTED_EDGE ( 'NONE', *, *, #3913, .F. ) ;
#70 = EDGE_CURVE ( 'NONE', #1056, #4522, #2979, .T. ) ;
#71 = CARTESIAN_POINT ( 'NONE',  ( -0.1394726064429779866, -0.05142716843320455783, 0.02000000000000000042 ) ) ;
#72 = DIRECTION ( 'NONE',  ( -0.0000000000000000000, 0.0000000000000000000, 1.000000000000000000 ) ) ;
#73 = CARTESIAN_POINT ( 'NONE',  ( 0.04671225841693495140, -0.03810265946404272491, 0.0000000000000000000 ) ) ;
#74 = DIRECTION ( 'NONE',  ( 0.0000000000000000000, -1.000000000000000000, 0.0000000000000000000 ) ) ;
#75 = CARTESIAN_POINT ( 'NONE',  ( -0.03215553327224628805, -0.05142716843320455783, 0.0000000000000000000 ) ) ;
#76 = ORIENTED_EDGE ( 'NONE', *, *, #4075, .T. ) ;
#77 =( GEOMETRIC_REPRESENTATION_CONTEXT ( 3 ) GLOBAL_UNCERTAINTY_ASSIGNED_CONTEXT ( ( #1387 ) ) GLOBAL_UNIT_ASSIGNED_CONTEXT ( ( #136, #5184, #4383 ) ) REPRESENTATION_CONTEXT ( 'NONE', 'WORKASPACE' ) );
#78 = SURFACE_STYLE_USAGE ( .BOTH. , #2094 ) ;
#79 = CARTESIAN_POINT ( 'NONE',  ( 0.0000000000000000000, 0.04857283156679546160, 0.02000000000000000042 ) ) ;
#80 = PRESENTATION_LAYER_ASSIGNMENT (  '', '', ( #1098 ) ) ;
#81 = SURFACE_STYLE_FILL_AREA ( #2213 ) ;
#82 =( GEOMETRIC_REPRESENTATION_CONTEXT ( 3 ) GLOBAL_UNCERTAINTY_ASSIGNED_CONTEXT ( ( #2706 ) ) GLOBAL_UNIT_ASSIGNED_CONTEXT ( ( #282, #3082, #628 ) ) REPRESENTATION_CONTEXT ( 'NONE', 'WORKASPACE' ) );
#83 = LINE ( 'NONE', #860, #4152 ) ;
#84 = CARTESIAN_POINT ( 'NONE',  ( 0.1019908081911683750, -0.002494241603936259415, 0.0000000000000000000 ) ) ;
#85 = ORIENTED_EDGE ( 'NONE', *, *, #4981, .T. ) ;
#86 = PRESENTATION_LAYER_ASSIGNMENT (  '', '', ( #4748 ) ) ;
#87 = CARTESIAN_POINT ( 'NONE',  ( 0.07026634849265997462, -0.05260796491984139067, 0.01999999999999999695 ) ) ;
#88 = FILL_AREA_STYLE ('',( #111 ) ) ;
#89 = PLANE ( 'NONE',  #613 ) ;
#90 = SURFACE_STYLE_USAGE ( .BOTH. , #2665 ) ;
#91 = SURFACE_SIDE_STYLE ('',( #597 ) ) ;
#92 = STYLED_ITEM ( 'NONE', ( #5231 ), #1573 ) ;
#93 = ORIENTED_EDGE ( 'NONE', *, *, #4656, .T. ) ;
#94 =( GEOMETRIC_REPRESENTATION_CONTEXT ( 3 ) GLOBAL_UNCERTAINTY_ASSIGNED_CONTEXT ( ( #4857 ) ) GLOBAL_UNIT_ASSIGNED_CONTEXT ( ( #2391, #4066, #5294 ) ) REPRESENTATION_CONTEXT ( 'NONE', 'WORKASPACE' ) );
#95 = CARTESIAN_POINT ( 'NONE',  ( 0.4100000000000000866, 0.7900000000000003686, -0.02000000000000000042 ) ) ;
#96 = CARTESIAN_POINT ( 'NONE',  ( 0.04101519843507079460, -0.03526863184783870370, 0.02000000000000000042 ) ) ;
#97 = EDGE_CURVE ( 'NONE', #3708, #2925, #5134, .T. ) ;
#98 = AXIS2_PLACEMENT_3D ( 'NONE', #4101, #2805, #4472 ) ;
#99 = EDGE_CURVE ( 'NONE', #238, #4411, #3423, .T. ) ;
#100 = ORIENTED_EDGE ( 'NONE', *, *, #3844, .F. ) ;
#101 =( NAMED_UNIT ( * ) SI_UNIT ( $, .STERADIAN. ) SOLID_ANGLE_UNIT ( ) );
#102 = COLOUR_RGB ( '',1.000000000000000000, 1.000000000000000000, 1.000000000000000000 ) ;
#103 = ORIENTED_EDGE ( 'NONE', *, *, #2600, .T. ) ;
#104 = UNCERTAINTY_MEASURE_WITH_UNIT (LENGTH_MEASURE( 1.000000000000000082E-05 ), #4021, 'distance_accuracy_value', 'NONE');
#105 = CARTESIAN_POINT ( 'NONE',  ( 1.000000000000000000, 0.8000000000000003775, 0.01000000000000002623 ) ) ;
#106 = DIRECTION ( 'NONE',  ( -0.0000000000000000000, 0.0000000000000000000, 1.000000000000000000 ) ) ;
#107 = CARTESIAN_POINT ( 'NONE',  ( -0.05166772839419750407, -0.05142716843320455783, 0.0000000000000000000 ) ) ;
#108 = SURFACE_STYLE_USAGE ( .BOTH. , #3427 ) ;
#109 = EDGE_LOOP ( 'NONE', ( #1000, #3868, #1393, #2774 ) ) ;
#110 = AXIS2_PLACEMENT_3D ( 'NONE', #1718, #4679, #533 ) ;
#111 = FILL_AREA_STYLE_COLOUR ( '', #4515 ) ;
#112 =( NAMED_UNIT ( * ) SI_UNIT ( $, .STERADIAN. ) SOLID_ANGLE_UNIT ( ) );
#113 = SURFACE_SIDE_STYLE ('',( #3829 ) ) ;
#114 = AXIS2_PLACEMENT_3D ( 'NONE', #3743, #3820, #4992 ) ;
#115 = SURFACE_SIDE_STYLE ('',( #3348 ) ) ;
#116 = AXIS2_PLACEMENT_3D ( 'NONE', #1834, #2129, #3484 ) ;
#117 = FILL_AREA_STYLE_COLOUR ( '', #1383 ) ;
#118 = EDGE_LOOP ( 'NONE', ( #3749, #3855, #2326, #178 ) ) ;
#119 = UNCERTAINTY_MEASURE_WITH_UNIT (LENGTH_MEASURE( 1.000000000000000082E-05 ), #3342, 'distance_accuracy_value', 'NONE');
#120 = LINE ( 'NONE', #1609, #2547 ) ;
#121 = CARTESIAN_POINT ( 'NONE',  ( 0.07509117154721210718, 0.04896309078360484152, 0.02000000000000000042 ) ) ;
#122 = LINE ( 'NONE', #4301, #5337 ) ;
#123 = ORIENTED_EDGE ( 'NONE', *, *, #620, .F. ) ;
#124 =( NAMED_UNIT ( * ) PLANE_ANGLE_UNIT ( ) SI_UNIT ( $, .RADIAN. ) );
#125 = CARTESIAN_POINT ( 'NONE',  ( -0.9999999999999995559, -0.7899999999999994804, 0.01000000000000002623 ) ) ;
#126 = EDGE_CURVE ( 'NONE', #2883, #4317, #3014, .T. ) ;
#127 = EDGE_CURVE ( 'NONE', #3622, #4244, #2614, .T. ) ;
#128 = FACE_OUTER_BOUND ( 'NONE', #1515, .T. ) ;
#129 = VERTEX_POINT ( 'NONE', #2211 ) ;
#130 = CARTESIAN_POINT ( 'NONE',  ( 0.9899999999999999911, 0.8000000000000003775, 0.0000000000000000000 ) ) ;
#131 = SURFACE_STYLE_USAGE ( .BOTH. , #4970 ) ;
#132 = CYLINDRICAL_SURFACE ( 'NONE', #3587, 0.01000000000000002623 ) ;
#133 = CARTESIAN_POINT ( 'NONE',  ( -0.1840091418968759218, 0.03560897221847657973, 0.0000000000000000000 ) ) ;
#134 =( GEOMETRIC_REPRESENTATION_CONTEXT ( 3 ) GLOBAL_UNCERTAINTY_ASSIGNED_CONTEXT ( ( #2741 ) ) GLOBAL_UNIT_ASSIGNED_CONTEXT ( ( #2210, #3872, #3448 ) ) REPRESENTATION_CONTEXT ( 'NONE', 'WORKASPACE' ) );
#135 = VECTOR ( 'NONE', #4288, 1000.000000000000000 ) ;
#136 =( LENGTH_UNIT ( ) NAMED_UNIT ( * ) SI_UNIT ( .MILLI., .METRE. ) );
#137 = ADVANCED_FACE ( 'NONE', ( #3483 ), #3873, .F. ) ;
#138 = FACE_OUTER_BOUND ( 'NONE', #109, .T. ) ;
#139 = VERTEX_POINT ( 'NONE', #2689 ) ;
#140 =( LENGTH_UNIT ( ) NAMED_UNIT ( * ) SI_UNIT ( .MILLI., .METRE. ) );
#141 = UNCERTAINTY_MEASURE_WITH_UNIT (LENGTH_MEASURE( 1.000000000000000082E-05 ), #1108, 'distance_accuracy_value', 'NONE');
#142 = LINE ( 'NONE', #2193, #850 ) ;
#143 = B_SPLINE_CURVE_WITH_KNOTS ( 'NONE', 3,
 ( #148, #5098, #2572, #5131, #4676, #1465, #1878, #5157, #3120, #959, #3954 ),
 .UNSPECIFIED., .F., .F.,
 ( 4, 1, 1, 1, 1, 1, 1, 1, 4 ),
 ( 0.0000000000000000000, 0.1352946047634290272, 0.2667656579247485449, 0.3948160188358720846, 0.5200516544342452807, 0.6421757029708213826, 0.7626518205584228438, 0.8818340043805019679, 1.000000000000000000 ),
 .UNSPECIFIED. ) ;
#144 = VERTEX_POINT ( 'NONE', #5257 ) ;
#145 = PRESENTATION_STYLE_ASSIGNMENT (( #4348 ) ) ;
#146 = UNCERTAINTY_MEASURE_WITH_UNIT (LENGTH_MEASURE( 1.000000000000000082E-05 ), #3337, 'distance_accuracy_value', 'NONE');
#147 = CARTESIAN_POINT ( 'NONE',  ( 0.1617469057521439824, -0.04045155867710700098, 0.0000000000000000000 ) ) ;
#148 = CARTESIAN_POINT ( 'NONE',  ( 0.06668211916677813100, -0.04167107087222894635, 0.02000000000000000042 ) ) ;
#149 = EDGE_LOOP ( 'NONE', ( #1634, #2725, #189 ) ) ;
#150 = ORIENTED_EDGE ( 'NONE', *, *, #1169, .T. ) ;
#151 = SURFACE_STYLE_USAGE ( .BOTH. , #958 ) ;
#152 = CARTESIAN_POINT ( 'NONE',  ( -0.03215553327224628805, -0.04045155867710700098, 0.0000000000000000000 ) ) ;
#153 = CARTESIAN_POINT ( 'NONE',  ( 0.1134874563530763741, 0.01328668029103743063, 0.0000000000000000000 ) ) ;
#154 = FACE_OUTER_BOUND ( 'NONE', #2897, .T. ) ;
#155 = EDGE_LOOP ( 'NONE', ( #180, #832, #5340, #722 ) ) ;
#156 = PLANE ( 'NONE',  #110 ) ;
#157 = CARTESIAN_POINT ( 'NONE',  ( -0.1321156164828688750, 0.001643150175113375746, 0.0000000000000000000 ) ) ;
#158 = FILL_AREA_STYLE_COLOUR ( '', #1031 ) ;
#159 = ADVANCED_FACE ( 'NONE', ( #1932 ), #2714, .F. ) ;
#160 =( NAMED_UNIT ( * ) PLANE_ANGLE_UNIT ( ) SI_UNIT ( $, .RADIAN. ) );
#161 = CARTESIAN_POINT ( 'NONE',  ( 0.1019908081911683750, -0.002494241603936259415, 0.02000000000000000042 ) ) ;
#162 = COLOUR_RGB ( '',1.000000000000000000, 1.000000000000000000, 1.000000000000000000 ) ;
#163 = LINE ( 'NONE', #3792, #4580 ) ;
#164 = CARTESIAN_POINT ( 'NONE',  ( -0.07885903936980724616, -0.05142716843320455783, 0.02000000000000000042 ) ) ;
#165 = VERTEX_POINT ( 'NONE', #3982 ) ;
#166 = DIRECTION ( 'NONE',  ( -0.0000000000000000000, 0.0000000000000000000, 1.000000000000000000 ) ) ;
#167 = EDGE_CURVE ( 'NONE', #3428, #2711, #1627, .T. ) ;
#168 = DIRECTION ( 'NONE',  ( 0.0000000000000000000, 0.0000000000000000000, -1.000000000000000000 ) ) ;
#169 = EDGE_CURVE ( 'NONE', #904, #216, #2442, .T. ) ;
#170 = VECTOR ( 'NONE', #2200, 1000.000000000000000 ) ;
#171 = B_SPLINE_CURVE_WITH_KNOTS ( 'NONE', 3,
 ( #1150, #2794, #2389, #4410, #1790, #775, #3835, #1766, #4668, #5, #5063, #954, #1195, #4942, #548, #3412, #824, #2197, #3689 ),
 .UNSPECIFIED., .F., .F.,
 ( 4, 1, 1, 1, 1, 1, 1, 1, 1, 1, 1, 1, 1, 1, 1, 1, 4 ),
 ( 0.0000000000000000000, 0.07064371857535413357, 0.1382567155089046429, 0.2033641242175800723, 0.2663240938030566052, 0.3279047615429893092, 0.3887377151730921909, 0.4494235281093022505, 0.5108610114593156171, 0.5720793960475145656, 0.6317344287314451412, 0.6911172105788376818, 0.7503600294901705547, 0.8100329005312619790, 0.8713624508287362014, 0.9344271412311534464, 1.000000000000000000 ),
 .UNSPECIFIED. ) ;
#172 = VERTEX_POINT ( 'NONE', #4963 ) ;
#173 = CARTESIAN_POINT ( 'NONE',  ( -0.08078500356403769955, -0.04041898778542807324, 0.02000000000000000042 ) ) ;
#174 = CARTESIAN_POINT ( 'NONE',  ( 0.9899999999999999911, 0.7900000000000003686, 0.7800000000000000266 ) ) ;
#175 = MECHANICAL_DESIGN_GEOMETRIC_PRESENTATION_REPRESENTATION (  '', ( #4403 ), #2830 ) ;
#176 = COLOUR_RGB ( '',1.000000000000000000, 1.000000000000000000, 1.000000000000000000 ) ;
#177 = PRESENTATION_STYLE_ASSIGNMENT (( #5088 ) ) ;
#178 = ORIENTED_EDGE ( 'NONE', *, *, #1237, .T. ) ;
#179 = LINE ( 'NONE', #3781, #4031 ) ;
#180 = ORIENTED_EDGE ( 'NONE', *, *, #913, .F. ) ;
#181 = B_SPLINE_SURFACE_WITH_KNOTS ( 'NONE', 3, 1, ( 
 ( #2468, #1630 ),
 ( #4510, #1601 ),
 ( #4938, #3255 ),
 ( #4903, #741 ),
 ( #4134, #2090 ),
 ( #2385, #4056 ),
 ( #340, #1984 ),
 ( #3654, #1575 ),
 ( #2845, #798 ),
 ( #2078, #757 ),
 ( #4892, #4099 ),
 ( #1179, #1616 ),
 ( #4471, #18 ),
 ( #3188, #1234 ),
 ( #426, #401 ),
 ( #3245, #2831 ),
 ( #2886, #381 ),
 ( #2479, #3750 ),
 ( #42, #4552 ) ),
 .UNSPECIFIED., .F., .F., .F.,
 ( 4, 1, 1, 1, 1, 1, 1, 1, 1, 1, 1, 1, 1, 1, 1, 1, 4 ),
 ( 2, 2 ),
 ( 0.0000000000000000000, 0.07377411937406361253, 0.1440791147260413740, 0.2113485183089115760, 0.2760768857398838705, 0.3385209158196766932, 0.3998851166931336465, 0.4602540674652131902, 0.5205889643912480214, 0.5802076845630442792, 0.6386329085525459526, 0.6963645494905239541, 0.7540017746600128357, 0.8128056813744979348, 0.8727544255255602623, 0.9351819969782670938, 1.000000000000000000 ),
 ( 0.0000000000000000000, 1.000000000000000000 ),
 .UNSPECIFIED. ) ;
#182 = SURFACE_SIDE_STYLE ('',( #2683 ) ) ;
#183 = STYLED_ITEM ( 'NONE', ( #2093 ), #1265 ) ;
#184 = ORIENTED_EDGE ( 'NONE', *, *, #3913, .T. ) ;
#185 = STYLED_ITEM ( 'NONE', ( #939 ), #317 ) ;
#186 = CARTESIAN_POINT ( 'NONE',  ( -0.1320359809922780348, -0.005760626361801060059, 0.02000000000000000042 ) ) ;
#187 = STYLED_ITEM ( 'NONE', ( #1408 ), #1480 ) ;
#188 = VECTOR ( 'NONE', #800, 1000.000000000000000 ) ;
#189 = ORIENTED_EDGE ( 'NONE', *, *, #1965, .F. ) ;
#190 = LINE ( 'NONE', #5097, #4335 ) ;
#191 = CARTESIAN_POINT ( 'NONE',  ( 0.1098705188972897151, 0.02296328351735666892, 0.0000000000000000000 ) ) ;
#192 = ORIENTED_EDGE ( 'NONE', *, *, #294, .F. ) ;
#193 = PRESENTATION_LAYER_ASSIGNMENT (  '', '', ( #2664 ) ) ;
#194 = CARTESIAN_POINT ( 'NONE',  ( -0.1320375641534108913, 0.005187653600711915509, 0.0000000000000000000 ) ) ;
#195 = CARTESIAN_POINT ( 'NONE',  ( -0.1842650110243087280, 0.03419052025293263519, 0.02000000000000000042 ) ) ;
#196 = DIRECTION ( 'NONE',  ( 0.0000000000000000000, -1.000000000000000000, 0.0000000000000000000 ) ) ;
#197 = CARTESIAN_POINT ( 'NONE',  ( -1.000000000000000000, 0.8000000000000003775, -0.02000000000000000042 ) ) ;
#198 = CARTESIAN_POINT ( 'NONE',  ( -0.2049642222966365224, -0.02337838794539967568, 0.0000000000000000000 ) ) ;
#199 = ORIENTED_EDGE ( 'NONE', *, *, #2203, .F. ) ;
#200 = SURFACE_SIDE_STYLE ('',( #973 ) ) ;
#201 = DIRECTION ( 'NONE',  ( 0.3393303772748786362, 0.9406672605435402179, 0.0000000000000000000 ) ) ;
#202 = CARTESIAN_POINT ( 'NONE',  ( -0.05166772839419750407, -0.05142716843320455783, 0.0000000000000000000 ) ) ;
#203 = ADVANCED_FACE ( 'NONE', ( #1249 ), #181, .F. ) ;
#204 = SURFACE_STYLE_FILL_AREA ( #3921 ) ;
#205 = FACE_OUTER_BOUND ( 'NONE', #3333, .T. ) ;
#206 = ORIENTED_EDGE ( 'NONE', *, *, #2060, .T. ) ;
#207 =( GEOMETRIC_REPRESENTATION_CONTEXT ( 3 ) GLOBAL_UNCERTAINTY_ASSIGNED_CONTEXT ( ( #4441 ) ) GLOBAL_UNIT_ASSIGNED_CONTEXT ( ( #1068, #3077, #4339 ) ) REPRESENTATION_CONTEXT ( 'NONE', 'WORKASPACE' ) );
#208 = CARTESIAN_POINT ( 'NONE',  ( -0.1181488024692278482, 0.008372107518489088629, 0.0000000000000000000 ) ) ;
#209 = FACE_OUTER_BOUND ( 'NONE', #2513, .T. ) ;
#210 = ORIENTED_EDGE ( 'NONE', *, *, #2102, .T. ) ;
#211 = STYLED_ITEM ( 'NONE', ( #1927 ), #2927 ) ;
#212 = DIRECTION ( 'NONE',  ( -0.0000000000000000000, 0.0000000000000000000, 1.000000000000000000 ) ) ;
#213 = SURFACE_SIDE_STYLE ('',( #2259 ) ) ;
#214 = CARTESIAN_POINT ( 'NONE',  ( 0.1118964879191456235, 0.01826976955898181043, 0.02000000000000000389 ) ) ;
#215 = CARTESIAN_POINT ( 'NONE',  ( 0.05461076826846225640, 0.04927532751349340129, 0.02000000000000000042 ) ) ;
#216 = VERTEX_POINT ( 'NONE', #4926 ) ;
#217 = CARTESIAN_POINT ( 'NONE',  ( -0.2004672710771243649, -0.01240277818930211537, 0.0000000000000000000 ) ) ;
#218 = CARTESIAN_POINT ( 'NONE',  ( -0.02971650888200237303, 0.03759722181069789088, 0.0000000000000000000 ) ) ;
#219 = FACE_OUTER_BOUND ( 'NONE', #2850, .T. ) ;
#220 = CARTESIAN_POINT ( 'NONE',  ( 0.1137036576331491439, -0.01875254642722214496, 0.02000000000000000042 ) ) ;
#221 = PRESENTATION_LAYER_ASSIGNMENT (  '', '', ( #4870 ) ) ;
#222 = CARTESIAN_POINT ( 'NONE',  ( 0.07603079090781862670, 0.03733018617286390506, 0.0000000000000000000 ) ) ;
#223 = CARTESIAN_POINT ( 'NONE',  ( 0.1239420277033635165, -0.05142716843320455783, 0.0000000000000000000 ) ) ;
#224 = ORIENTED_EDGE ( 'NONE', *, *, #4849, .F. ) ;
#225 = LINE ( 'NONE', #3517, #4413 ) ;
#226 =( GEOMETRIC_REPRESENTATION_CONTEXT ( 3 ) GLOBAL_UNCERTAINTY_ASSIGNED_CONTEXT ( ( #1983 ) ) GLOBAL_UNIT_ASSIGNED_CONTEXT ( ( #4074, #1919, #354 ) ) REPRESENTATION_CONTEXT ( 'NONE', 'WORKASPACE' ) );
#227 = DIRECTION ( 'NONE',  ( 1.000000000000000000, 0.0000000000000000000, 0.0000000000000000000 ) ) ;
#228 =( LENGTH_UNIT ( ) NAMED_UNIT ( * ) SI_UNIT ( .MILLI., .METRE. ) );
#229 = VERTEX_POINT ( 'NONE', #1135 ) ;
#230 = CARTESIAN_POINT ( 'NONE',  ( -0.09564939447279706408, 0.04678332999520852520, 0.0000000000000000000 ) ) ;
#231 = COLOUR_RGB ( '',0.7529411764705882248, 0.7529411764705882248, 0.7529411764705882248 ) ;
#232 = PLANE ( 'NONE',  #3688 ) ;
#233 = PRESENTATION_LAYER_ASSIGNMENT (  '', '', ( #390 ) ) ;
#234 = CARTESIAN_POINT ( 'NONE',  ( -0.02971650888200237303, 0.04857283156679546160, 0.0000000000000000000 ) ) ;
#235 = EDGE_LOOP ( 'NONE', ( #935, #4147, #526, #1456 ) ) ;
#236 = SURFACE_STYLE_FILL_AREA ( #304 ) ;
#237 =( NAMED_UNIT ( * ) PLANE_ANGLE_UNIT ( ) SI_UNIT ( $, .RADIAN. ) );
#238 = VERTEX_POINT ( 'NONE', #3270 ) ;
#239 = EDGE_CURVE ( 'NONE', #2064, #3488, #2047, .T. ) ;
#240 = FILL_AREA_STYLE_COLOUR ( '', #2637 ) ;
#241 = CARTESIAN_POINT ( 'NONE',  ( 0.1010990398494061721, 0.03524778088751005095, 0.0000000000000000000 ) ) ;
#242 = CARTESIAN_POINT ( 'NONE',  ( 0.04600143149020351208, 0.04759263154817294089, 0.02000000000000000042 ) ) ;
#243 =( NAMED_UNIT ( * ) SI_UNIT ( $, .STERADIAN. ) SOLID_ANGLE_UNIT ( ) );
#244 = SURFACE_STYLE_USAGE ( .BOTH. , #4174 ) ;
#245 =( NAMED_UNIT ( * ) PLANE_ANGLE_UNIT ( ) SI_UNIT ( $, .RADIAN. ) );
#246 = EDGE_LOOP ( 'NONE', ( #766, #568, #5321, #1549, #5154, #3568, #2999, #842, #85, #3115 ) ) ;
#247 = CARTESIAN_POINT ( 'NONE',  ( -0.07988800278444142811, 0.04857283156679546160, 0.0000000000000000000 ) ) ;
#248 = ORIENTED_EDGE ( 'NONE', *, *, #4309, .T. ) ;
#249 = LINE ( 'NONE', #2222, #3944 ) ;
#250 = PRESENTATION_LAYER_ASSIGNMENT (  '', '', ( #3436 ) ) ;
#251 = DIRECTION ( 'NONE',  ( -0.0000000000000000000, 0.0000000000000000000, 1.000000000000000000 ) ) ;
#252 =( LENGTH_UNIT ( ) NAMED_UNIT ( * ) SI_UNIT ( .MILLI., .METRE. ) );
#253 = ORIENTED_EDGE ( 'NONE', *, *, #3530, .T. ) ;
#254 = STYLED_ITEM ( 'NONE', ( #4112 ), #1874 ) ;
#255 = COLOUR_RGB ( '',1.000000000000000000, 1.000000000000000000, 1.000000000000000000 ) ;
#256 =( GEOMETRIC_REPRESENTATION_CONTEXT ( 3 ) GLOBAL_UNCERTAINTY_ASSIGNED_CONTEXT ( ( #659 ) ) GLOBAL_UNIT_ASSIGNED_CONTEXT ( ( #566, #2552, #1283 ) ) REPRESENTATION_CONTEXT ( 'NONE', 'WORKASPACE' ) );
#257 = CARTESIAN_POINT ( 'NONE',  ( 0.06128889015730553530, 0.03876918760082434523, 0.0000000000000000000 ) ) ;
#258 =( GEOMETRIC_REPRESENTATION_CONTEXT ( 3 ) GLOBAL_UNCERTAINTY_ASSIGNED_CONTEXT ( ( #50 ) ) GLOBAL_UNIT_ASSIGNED_CONTEXT ( ( #3034, #1791, #525 ) ) REPRESENTATION_CONTEXT ( 'NONE', 'WORKASPACE' ) );
#259 = VECTOR ( 'NONE', #4038, 1000.000000000000000 ) ;
#260 = FILL_AREA_STYLE_COLOUR ( '', #4575 ) ;
#261 = DIRECTION ( 'NONE',  ( 0.0000000000000000000, 0.0000000000000000000, 1.000000000000000000 ) ) ;
#262 = VECTOR ( 'NONE', #4808, 1000.000000000000000 ) ;
#263 = ORIENTED_EDGE ( 'NONE', *, *, #1413, .F. ) ;
#264 = EDGE_CURVE ( 'NONE', #4810, #3033, #3217, .T. ) ;
#265 = ADVANCED_FACE ( 'NONE', ( #1592 ), #2377, .T. ) ;
#266 = DIRECTION ( 'NONE',  ( 1.000000000000000000, 0.0000000000000000000, 0.0000000000000000000 ) ) ;
#267 = CARTESIAN_POINT ( 'NONE',  ( -0.07988800278444142811, 0.04857283156679546160, 0.02000000000000000042 ) ) ;
#268 =( NAMED_UNIT ( * ) SI_UNIT ( $, .STERADIAN. ) SOLID_ANGLE_UNIT ( ) );
#269 =( NAMED_UNIT ( * ) SI_UNIT ( $, .STERADIAN. ) SOLID_ANGLE_UNIT ( ) );
#270 = CARTESIAN_POINT ( 'NONE',  ( -0.05166772839419750407, -0.05142716843320455783, 0.02000000000000000042 ) ) ;
#271 = DIRECTION ( 'NONE',  ( 1.000000000000000000, 0.0000000000000000000, 0.0000000000000000000 ) ) ;
#272 = EDGE_LOOP ( 'NONE', ( #3625, #3083, #4633, #707 ) ) ;
#273 = B_SPLINE_CURVE_WITH_KNOTS ( 'NONE', 3,
 ( #4108, #1658, #4588, #3305, #1246, #841, #873, #2086, #4899, #1686, #4187, #1186, #4507, #3358, #5010, #121, #983, #4669, #3413 ),
 .UNSPECIFIED., .F., .F.,
 ( 4, 1, 1, 1, 1, 1, 1, 1, 1, 1, 1, 1, 1, 1, 1, 1, 4 ),
 ( 0.0000000000000000000, 0.07064371857535413357, 0.1382567155089046429, 0.2033641242175800723, 0.2663240938030566052, 0.3279047615429893092, 0.3887377151730921909, 0.4494235281093022505, 0.5108610114593156171, 0.5720793960475145656, 0.6317344287314451412, 0.6911172105788376818, 0.7503600294901705547, 0.8100329005312619790, 0.8713624508287362014, 0.9344271412311534464, 1.000000000000000000 ),
 .UNSPECIFIED. ) ;
#274 = UNCERTAINTY_MEASURE_WITH_UNIT (LENGTH_MEASURE( 1.000000000000000082E-05 ), #1308, 'distance_accuracy_value', 'NONE');
#275 = PRESENTATION_LAYER_ASSIGNMENT (  '', '', ( #2592 ) ) ;
#276 = DIRECTION ( 'NONE',  ( -1.000000000000000000, 0.0000000000000000000, 0.0000000000000000000 ) ) ;
#277 = ORIENTED_EDGE ( 'NONE', *, *, #5243, .T. ) ;
#278 = CARTESIAN_POINT ( 'NONE',  ( -0.1050472205807122528, 0.04349497766773110369, 0.0000000000000000000 ) ) ;
#279 = LINE ( 'NONE', #702, #2023 ) ;
#280 = PRESENTATION_LAYER_ASSIGNMENT (  '', '', ( #3827 ) ) ;
#281 = CARTESIAN_POINT ( 'NONE',  ( -0.08403338332136056632, 0.03751074822786780449, 0.02000000000000000042 ) ) ;
#282 =( LENGTH_UNIT ( ) NAMED_UNIT ( * ) SI_UNIT ( .MILLI., .METRE. ) );
#283 = FILL_AREA_STYLE_COLOUR ( '', #4997 ) ;
#284 = B_SPLINE_CURVE_WITH_KNOTS ( 'NONE', 3,
 ( #1902, #4839, #3525, #307, #711, #3220, #3970, #5249, #257, #2380, #2730 ),
 .UNSPECIFIED., .F., .F.,
 ( 4, 1, 1, 1, 1, 1, 1, 1, 4 ),
 ( 0.0000000000000000000, 0.1252796967356259727, 0.2494199707420513001, 0.3733567994928199130, 0.4966812787822861286, 0.6202029157439825635, 0.7450863201614565945, 0.8712691950190978307, 1.000000000000000000 ),
 .UNSPECIFIED. ) ;
#285 = UNCERTAINTY_MEASURE_WITH_UNIT (LENGTH_MEASURE( 1.000000000000000082E-05 ), #517, 'distance_accuracy_value', 'NONE');
#286 = PRESENTATION_LAYER_ASSIGNMENT (  '', '', ( #2862 ) ) ;
#287 = PLANE ( 'NONE',  #4223 ) ;
#288 = CARTESIAN_POINT ( 'NONE',  ( -0.1321555332722463005, -0.0001695464819850419041, 0.0000000000000000000 ) ) ;
#289 = DIRECTION ( 'NONE',  ( -0.0000000000000000000, -0.0000000000000000000, -1.000000000000000000 ) ) ;
#290 = PRESENTATION_LAYER_ASSIGNMENT (  '', '', ( #4014 ) ) ;
#291 = SURFACE_STYLE_USAGE ( .BOTH. , #365 ) ;
#292 = LINE ( 'NONE', #5233, #1384 ) ;
#293 = ADVANCED_FACE ( 'NONE', ( #4955 ), #853, .F. ) ;
#294 = EDGE_CURVE ( 'NONE', #3596, #1407, #4290, .T. ) ;
#295 = FACE_OUTER_BOUND ( 'NONE', #149, .T. ) ;
#296 = FACE_OUTER_BOUND ( 'NONE', #810, .T. ) ;
#297 =( LENGTH_UNIT ( ) NAMED_UNIT ( * ) SI_UNIT ( .MILLI., .METRE. ) );
#298 = CARTESIAN_POINT ( 'NONE',  ( 0.1019630262061557158, -0.003956362173513383942, 0.0000000000000000000 ) ) ;
#299 = COLOUR_RGB ( '',0.7529411764705882248, 0.7529411764705882248, 0.7529411764705882248 ) ;
#300 = EDGE_CURVE ( 'NONE', #3243, #415, #452, .T. ) ;
#301 =( GEOMETRIC_REPRESENTATION_CONTEXT ( 3 ) GLOBAL_UNCERTAINTY_ASSIGNED_CONTEXT ( ( #1544 ) ) GLOBAL_UNIT_ASSIGNED_CONTEXT ( ( #2693, #4649, #3487 ) ) REPRESENTATION_CONTEXT ( 'NONE', 'WORKASPACE' ) );
#302 =( NAMED_UNIT ( * ) SI_UNIT ( $, .STERADIAN. ) SOLID_ANGLE_UNIT ( ) );
#303 = PRESENTATION_STYLE_ASSIGNMENT (( #4023 ) ) ;
#304 = FILL_AREA_STYLE ('',( #283 ) ) ;
#305 = PRESENTATION_LAYER_ASSIGNMENT (  '', '', ( #1499 ) ) ;
#306 = AXIS2_PLACEMENT_3D ( 'NONE', #4159, #1657, #2893 ) ;
#307 = CARTESIAN_POINT ( 'NONE',  ( 0.04645198054649440911, 0.03524203262813537657, 0.0000000000000000000 ) ) ;
#308 = LINE ( 'NONE', #3142, #3482 ) ;
#309 = VERTEX_POINT ( 'NONE', #3429 ) ;
#310 = UNCERTAINTY_MEASURE_WITH_UNIT (LENGTH_MEASURE( 1.000000000000000082E-05 ), #3032, 'distance_accuracy_value', 'NONE');
#311 = SURFACE_SIDE_STYLE ('',( #1602 ) ) ;
#312 = CARTESIAN_POINT ( 'NONE',  ( 0.06111542047813296741, 0.04976773831188853470, 0.0000000000000000000 ) ) ;
#313 = CARTESIAN_POINT ( 'NONE',  ( -0.07983083815029506924, 0.03759722181069789088, 0.0000000000000000000 ) ) ;
#314 = FACE_OUTER_BOUND ( 'NONE', #3832, .T. ) ;
#315 = LINE ( 'NONE', #3233, #5141 ) ;
#316 = ORIENTED_EDGE ( 'NONE', *, *, #5123, .F. ) ;
#317 = ADVANCED_FACE ( 'NONE', ( #864 ), #4293, .F. ) ;
#318 = FILL_AREA_STYLE_COLOUR ( '', #1540 ) ;
#319 = CARTESIAN_POINT ( 'NONE',  ( -0.09903428528110999607, 0.03392821319617266018, 0.02000000000000000042 ) ) ;
#320 = LINE ( 'NONE', #2880, #2167 ) ;
#321 = CARTESIAN_POINT ( 'NONE',  ( -0.1819459296137097282, 0.02936551449362471283, 0.0000000000000000000 ) ) ;
#322 = DIRECTION ( 'NONE',  ( -1.000000000000000000, 0.0000000000000000000, 0.0000000000000000000 ) ) ;
#323 = LINE ( 'NONE', #4046, #556 ) ;
#324 = EDGE_CURVE ( 'NONE', #2367, #904, #3365, .T. ) ;
#325 = CARTESIAN_POINT ( 'NONE',  ( 0.04190323699784667677, 0.03293031228057750198, 0.0000000000000000000 ) ) ;
#326 = EDGE_CURVE ( 'NONE', #1479, #3074, #2346, .T. ) ;
#327 = CARTESIAN_POINT ( 'NONE',  ( -0.1080594051631613151, 0.02810079546692825433, 0.0000000000000000000 ) ) ;
#328 = PRESENTATION_STYLE_ASSIGNMENT (( #3698 ) ) ;
#329 = COLOUR_RGB ( '',1.000000000000000000, 1.000000000000000000, 1.000000000000000000 ) ;
#330 = LINE ( 'NONE', #3609, #2394 ) ;
#331 = AXIS2_PLACEMENT_3D ( 'NONE', #602, #3494, #1898 ) ;
#332 =( NAMED_UNIT ( * ) PLANE_ANGLE_UNIT ( ) SI_UNIT ( $, .RADIAN. ) );
#333 = PRESENTATION_LAYER_ASSIGNMENT (  '', '', ( #2486 ) ) ;
#334 = CARTESIAN_POINT ( 'NONE',  ( 0.06454797282531471447, 0.04979234376191740696, 0.0000000000000000000 ) ) ;
#335 = PRESENTATION_STYLE_ASSIGNMENT (( #3167 ) ) ;
#336 = ORIENTED_EDGE ( 'NONE', *, *, #719, .T. ) ;
#337 = CIRCLE ( 'NONE', #4323, 0.01000000000000002623 ) ;
#338 = AXIS2_PLACEMENT_3D ( 'NONE', #2353, #4772, #3965 ) ;
#339 = PRESENTATION_LAYER_ASSIGNMENT (  '', '', ( #1028 ) ) ;
#340 = CARTESIAN_POINT ( 'NONE',  ( 0.09824244086951053334, -0.02210649285524875565, 0.0000000000000000000 ) ) ;
#341 = SURFACE_STYLE_USAGE ( .BOTH. , #1546 ) ;
#342 = VECTOR ( 'NONE', #1012, 1000.000000000000000 ) ;
#343 = CARTESIAN_POINT ( 'NONE',  ( -0.08078500356403769955, -0.04041898778542807324, 0.0000000000000000000 ) ) ;
#344 = VERTEX_POINT ( 'NONE', #1020 ) ;
#345 = FILL_AREA_STYLE ('',( #4 ) ) ;
#346 = CARTESIAN_POINT ( 'NONE',  ( 0.04101519843507079460, -0.04624424160393626748, 0.0000000000000000000 ) ) ;
#347 = VERTEX_POINT ( 'NONE', #621 ) ;
#348 = LINE ( 'NONE', #4040, #2250 ) ;
#349 = LINE ( 'NONE', #4859, #4952 ) ;
#350 = FACE_OUTER_BOUND ( 'NONE', #1427, .T. ) ;
#351 = CIRCLE ( 'NONE', #1980, 0.01000000000000002623 ) ;
#352 = CIRCLE ( 'NONE', #1642, 0.01000000000000002623 ) ;
#353 = CARTESIAN_POINT ( 'NONE',  ( -0.09581999013015034261, -0.03790555913895841261, 0.02000000000000000042 ) ) ;
#354 =( NAMED_UNIT ( * ) SI_UNIT ( $, .STERADIAN. ) SOLID_ANGLE_UNIT ( ) );
#355 =( GEOMETRIC_REPRESENTATION_CONTEXT ( 3 ) GLOBAL_UNCERTAINTY_ASSIGNED_CONTEXT ( ( #1324 ) ) GLOBAL_UNIT_ASSIGNED_CONTEXT ( ( #228, #3051, #3572 ) ) REPRESENTATION_CONTEXT ( 'NONE', 'WORKASPACE' ) );
#356 = CARTESIAN_POINT ( 'NONE',  ( 0.05515692151650014585, 0.03796346317063725023, 0.02000000000000000042 ) ) ;
#357 =( NAMED_UNIT ( * ) PLANE_ANGLE_UNIT ( ) SI_UNIT ( $, .RADIAN. ) );
#358 = DIRECTION ( 'NONE',  ( 0.0000000000000000000, 0.0000000000000000000, -1.000000000000000000 ) ) ;
#359 = ORIENTED_EDGE ( 'NONE', *, *, #1875, .T. ) ;
#360 = DIRECTION ( 'NONE',  ( 0.0000000000000000000, -1.000000000000000000, -0.0000000000000000000 ) ) ;
#361 = EDGE_CURVE ( 'NONE', #4628, #2711, #1091, .T. ) ;
#362 = EDGE_CURVE ( 'NONE', #902, #2883, #5111, .T. ) ;
#363 = SURFACE_SIDE_STYLE ('',( #2835 ) ) ;
#364 = CARTESIAN_POINT ( 'NONE',  ( -0.1313124031290753280, -0.01116384586967388362, 0.0000000000000000000 ) ) ;
#365 = SURFACE_SIDE_STYLE ('',( #1513 ) ) ;
#366 = CARTESIAN_POINT ( 'NONE',  ( -0.05166772839419750407, 0.04857283156679546160, 0.0000000000000000000 ) ) ;
#367 =( LENGTH_UNIT ( ) NAMED_UNIT ( * ) SI_UNIT ( .MILLI., .METRE. ) );
#368 = CARTESIAN_POINT ( 'NONE',  ( 0.06454797282531471447, 0.04979234376191740696, 0.0000000000000000000 ) ) ;
#369 = CARTESIAN_POINT ( 'NONE',  ( -0.09203973886711298846, -0.03904060862152602257, 0.0000000000000000000 ) ) ;
#370 = ORIENTED_EDGE ( 'NONE', *, *, #484, .F. ) ;
#371 = PLANE ( 'NONE',  #1190 ) ;
#372 =( NAMED_UNIT ( * ) PLANE_ANGLE_UNIT ( ) SI_UNIT ( $, .RADIAN. ) );
#373 = UNCERTAINTY_MEASURE_WITH_UNIT (LENGTH_MEASURE( 1.000000000000000082E-05 ), #2776, 'distance_accuracy_value', 'NONE');
#374 = CARTESIAN_POINT ( 'NONE',  ( 0.04384382486981364818, -0.04780552823045524508, 0.02000000000000000042 ) ) ;
#375 = SURFACE_SIDE_STYLE ('',( #3664 ) ) ;
#376 = FACE_OUTER_BOUND ( 'NONE', #1252, .T. ) ;
#377 = AXIS2_PLACEMENT_3D ( 'NONE', #1835, #5136, #3536 ) ;
#378 = DIRECTION ( 'NONE',  ( -0.0000000000000000000, 1.000000000000000000, -0.0000000000000000000 ) ) ;
#379 = EDGE_LOOP ( 'NONE', ( #2194, #69, #4355, #4307 ) ) ;
#380 = PRESENTATION_LAYER_ASSIGNMENT (  '', '', ( #46 ) ) ;
#381 = CARTESIAN_POINT ( 'NONE',  ( 0.07048874425017929990, -0.04157296250799649012, 0.02000000000000000042 ) ) ;
#382 = LINE ( 'NONE', #4151, #695 ) ;
#383 = PRESENTATION_STYLE_ASSIGNMENT (( #3191 ) ) ;
#384 = SURFACE_STYLE_FILL_AREA ( #5308 ) ;
#385 = EDGE_CURVE ( 'NONE', #4566, #3033, #2742, .T. ) ;
#386 = FILL_AREA_STYLE_COLOUR ( '', #4201 ) ;
#387 = ORIENTED_EDGE ( 'NONE', *, *, #4041, .T. ) ;
#388 = CARTESIAN_POINT ( 'NONE',  ( 0.9899999999999999911, 0.8000000000000003775, -0.02000000000000000042 ) ) ;
#389 = ORIENTED_EDGE ( 'NONE', *, *, #2819, .F. ) ;
#390 = STYLED_ITEM ( 'NONE', ( #4210 ), #4394 ) ;
#391 = EDGE_CURVE ( 'NONE', #4244, #5181, #3049, .T. ) ;
#392 = ORIENTED_EDGE ( 'NONE', *, *, #2467, .T. ) ;
#393 = DIRECTION ( 'NONE',  ( 0.0000000000000000000, 1.000000000000000000, 0.0000000000000000000 ) ) ;
#394 = ORIENTED_EDGE ( 'NONE', *, *, #4309, .F. ) ;
#395 = CARTESIAN_POINT ( 'NONE',  ( 0.04384382486981364818, -0.04780552823045524508, 0.0000000000000000000 ) ) ;
#396 = CARTESIAN_POINT ( 'NONE',  ( 0.08097693379508863476, -0.03909078204322806449, 0.0000000000000000000 ) ) ;
#397 = CARTESIAN_POINT ( 'NONE',  ( 0.9899999999999999911, 0.7900000000000003686, 0.7699999999999999067 ) ) ;
#398 = CARTESIAN_POINT ( 'NONE',  ( 0.1005937729919476747, 0.01060174685268421360, 0.0000000000000000000 ) ) ;
#399 = ORIENTED_EDGE ( 'NONE', *, *, #555, .F. ) ;
#400 = LINE ( 'NONE', #2428, #2867 ) ;
#401 = CARTESIAN_POINT ( 'NONE',  ( 0.07767263188985307210, -0.04025326456253874169, 0.02000000000000000042 ) ) ;
#402 = FILL_AREA_STYLE_COLOUR ( '', #4422 ) ;
#403 = DIRECTION ( 'NONE',  ( -0.0000000000000000000, 0.0000000000000000000, 1.000000000000000000 ) ) ;
#404 = DIRECTION ( 'NONE',  ( -0.0000000000000000000, 0.0000000000000000000, 1.000000000000000000 ) ) ;
#405 = STYLED_ITEM ( 'NONE', ( #13 ), #1779 ) ;
#406 = SURFACE_STYLE_FILL_AREA ( #2841 ) ;
#407 = CARTESIAN_POINT ( 'NONE',  ( -0.1187063875238651423, -0.001993623803116041475, 0.02000000000000000042 ) ) ;
#408 = VERTEX_POINT ( 'NONE', #3939 ) ;
#409 = AXIS2_PLACEMENT_3D ( 'NONE', #4964, #1394, #3443 ) ;
#410 = CARTESIAN_POINT ( 'NONE',  ( -0.1107927071874472147, -0.02720520615607775750, 0.0000000000000000000 ) ) ;
#411 = ORIENTED_EDGE ( 'NONE', *, *, #1680, .F. ) ;
#412 = EDGE_CURVE ( 'NONE', #2119, #4064, #225, .T. ) ;
#413 = EDGE_CURVE ( 'NONE', #3704, #4494, #3102, .T. ) ;
#414 = CARTESIAN_POINT ( 'NONE',  ( 0.1018887376631432556, 0.002058241044163147248, 0.0000000000000000000 ) ) ;
#415 = VERTEX_POINT ( 'NONE', #2697 ) ;
#416 = VECTOR ( 'NONE', #1936, 1000.000000000000000 ) ;
#417 = CARTESIAN_POINT ( 'NONE',  ( 0.04190323699784667677, 0.03293031228057750198, 0.02000000000000000042 ) ) ;
#418 =( NAMED_UNIT ( * ) SI_UNIT ( $, .STERADIAN. ) SOLID_ANGLE_UNIT ( ) );
#419 =( GEOMETRIC_REPRESENTATION_CONTEXT ( 3 ) GLOBAL_UNCERTAINTY_ASSIGNED_CONTEXT ( ( #1667 ) ) GLOBAL_UNIT_ASSIGNED_CONTEXT ( ( #367, #2009, #847 ) ) REPRESENTATION_CONTEXT ( 'NONE', 'WORKASPACE' ) );
#420 = FACE_OUTER_BOUND ( 'NONE', #4188, .T. ) ;
#421 = CARTESIAN_POINT ( 'NONE',  ( -0.1313124031290753280, -0.01116384586967388362, 0.0000000000000000000 ) ) ;
#422 = VECTOR ( 'NONE', #3045, 1000.000000000000000 ) ;
#423 = CARTESIAN_POINT ( 'NONE',  ( -0.1147330947897678977, -0.02084589227115225471, 0.0000000000000000000 ) ) ;
#424 = VECTOR ( 'NONE', #3377, 1000.000000000000000 ) ;
#425 = DIRECTION ( 'NONE',  ( 1.000000000000000000, -0.0000000000000000000, -0.0000000000000000000 ) ) ;
#426 = CARTESIAN_POINT ( 'NONE',  ( 0.07767263188985307210, -0.04025326456253874169, 0.0000000000000000000 ) ) ;
#427 = COLOUR_RGB ( '',0.2509803921568627416, 0.2509803921568627416, 0.2509803921568627416 ) ;
#428 = SURFACE_STYLE_USAGE ( .BOTH. , #4554 ) ;
#429 = ORIENTED_EDGE ( 'NONE', *, *, #3505, .T. ) ;
#430 = DIRECTION ( 'NONE',  ( 0.0000000000000000000, 0.0000000000000000000, -1.000000000000000000 ) ) ;
#431 = CARTESIAN_POINT ( 'NONE',  ( 0.008088369166778127534, 0.03759722181069789088, 0.02000000000000000042 ) ) ;
#432 = PRESENTATION_STYLE_ASSIGNMENT (( #2483 ) ) ;
#433 = STYLED_ITEM ( 'NONE', ( #3883 ), #3432 ) ;
#434 = ORIENTED_EDGE ( 'NONE', *, *, #4562, .F. ) ;
#435 = CARTESIAN_POINT ( 'NONE',  ( -0.9899999999999999911, 0.7900000000000003686, -0.02000000000000000042 ) ) ;
#436 = PLANE ( 'NONE',  #2834 ) ;
#437 = ORIENTED_EDGE ( 'NONE', *, *, #1640, .F. ) ;
#438 = CIRCLE ( 'NONE', #2765, 0.01000000000000000021 ) ;
#439 = CARTESIAN_POINT ( 'NONE',  ( 0.04193443144795444555, -0.03578638726564246225, 0.0000000000000000000 ) ) ;
#440 = CARTESIAN_POINT ( 'NONE',  ( -0.1321156164828688750, 0.001643150175113375746, 0.02000000000000000042 ) ) ;
#441 = CARTESIAN_POINT ( 'NONE',  ( -0.2150823625405390016, -0.05142716843320455783, 0.02000000000000000042 ) ) ;
#442 = FILL_AREA_STYLE_COLOUR ( '', #1105 ) ;
#443 = EDGE_CURVE ( 'NONE', #1868, #2654, #4363, .T. ) ;
#444 = SURFACE_STYLE_FILL_AREA ( #4170 ) ;
#445 = EDGE_CURVE ( 'NONE', #4350, #3924, #5191, .T. ) ;
#446 = DIRECTION ( 'NONE',  ( 0.0000000000000000000, 1.000000000000000000, 0.0000000000000000000 ) ) ;
#447 = CARTESIAN_POINT ( 'NONE',  ( 0.09657084626093621893, -0.02535782694061571724, 0.02000000000000000042 ) ) ;
#448 = LINE ( 'NONE', #3455, #1107 ) ;
#449 = CARTESIAN_POINT ( 'NONE',  ( 0.08888576559193860083, 0.03029844544178926860, 0.0000000000000000000 ) ) ;
#450 = ORIENTED_EDGE ( 'NONE', *, *, #814, .F. ) ;
#451 = AXIS2_PLACEMENT_3D ( 'NONE', #4971, #3765, #1255 ) ;
#452 = LINE ( 'NONE', #3795, #772 ) ;
#453 =( NAMED_UNIT ( * ) SI_UNIT ( $, .STERADIAN. ) SOLID_ANGLE_UNIT ( ) );
#454 = ADVANCED_FACE ( 'NONE', ( #4858 ), #2797, .F. ) ;
#455 = MECHANICAL_DESIGN_GEOMETRIC_PRESENTATION_REPRESENTATION (  '', ( #3938 ), #1925 ) ;
#456 = FILL_AREA_STYLE_COLOUR ( '', #2103 ) ;
#457 = DIRECTION ( 'NONE',  ( 0.3222024856061125875, -0.9466707760722534726, 0.0000000000000000000 ) ) ;
#458 = SURFACE_SIDE_STYLE ('',( #870 ) ) ;
#459 = DIRECTION ( 'NONE',  ( -0.0000000000000000000, 0.0000000000000000000, -1.000000000000000000 ) ) ;
#460 = B_SPLINE_CURVE_WITH_KNOTS ( 'NONE', 3,
 ( #2810, #4034, #2734, #1981, #4848, #3614, #1599 ),
 .UNSPECIFIED., .F., .F.,
 ( 4, 1, 1, 1, 4 ),
 ( 0.0000000000000000000, 0.3005411131585078444, 0.5677471464835985859, 0.8000336137369795653, 1.000000000000000000 ),
 .UNSPECIFIED. ) ;
#461 = VECTOR ( 'NONE', #1025, 1000.000000000000000 ) ;
#462 = B_SPLINE_SURFACE_WITH_KNOTS ( 'NONE', 3, 1, ( 
 ( #3831, #4866 ),
 ( #3945, #5168 ),
 ( #1947, #281 ),
 ( #4391, #651 ),
 ( #4344, #5244 ),
 ( #3135, #627 ),
 ( #2703, #2277 ),
 ( #1526, #1871 ),
 ( #2376, #3964 ),
 ( #327, #3522 ),
 ( #1454, #4791 ),
 ( #4812, #4371 ),
 ( #705, #1055 ),
 ( #1967, #3638 ),
 ( #2748, #3186 ),
 ( #3547, #2293 ),
 ( #4835, #1134 ),
 ( #3114, #1484 ),
 ( #1075, #5272 ) ),
 .UNSPECIFIED., .F., .F., .F.,
 ( 4, 1, 1, 1, 1, 1, 1, 1, 1, 1, 1, 1, 1, 1, 1, 1, 4 ),
 ( 2, 2 ),
 ( 0.0000000000000000000, 0.06905834295325574690, 0.1347587622790564765, 0.1981442478041416377, 0.2590865018434187483, 0.3187028072090641873, 0.3768512776663800468, 0.4345350872231531492, 0.4921793884442120515, 0.5499125454004144542, 0.6074703275914969947, 0.6661752554209268151, 0.7264573934965320445, 0.7895005038967203292, 0.8556063896355819987, 0.9256962035571840719, 1.000000000000000000 ),
 ( 0.0000000000000000000, 1.000000000000000000 ),
 .UNSPECIFIED. ) ;
#463 = CARTESIAN_POINT ( 'NONE',  ( 0.1617469057521439824, -0.04045155867710700098, 0.0000000000000000000 ) ) ;
#464 = SURFACE_STYLE_USAGE ( .BOTH. , #2919 ) ;
#465 = VECTOR ( 'NONE', #1724, 1000.000000000000000 ) ;
#466 = SURFACE_STYLE_FILL_AREA ( #3418 ) ;
#467 = VERTEX_POINT ( 'NONE', #1552 ) ;
#468 = COLOUR_RGB ( '',1.000000000000000000, 1.000000000000000000, 1.000000000000000000 ) ;
#469 =( NAMED_UNIT ( * ) PLANE_ANGLE_UNIT ( ) SI_UNIT ( $, .RADIAN. ) );
#470 = ORIENTED_EDGE ( 'NONE', *, *, #1965, .T. ) ;
#471 = CARTESIAN_POINT ( 'NONE',  ( 0.4000000000000000777, 0.7900000000000003686, -0.02000000000000000042 ) ) ;
#472 = FILL_AREA_STYLE_COLOUR ( '', #2091 ) ;
#473 =( NAMED_UNIT ( * ) PLANE_ANGLE_UNIT ( ) SI_UNIT ( $, .RADIAN. ) );
#474 = CARTESIAN_POINT ( 'NONE',  ( 0.1014136893948977408, 0.006451885386078489576, 0.02000000000000000042 ) ) ;
#475 = ORIENTED_EDGE ( 'NONE', *, *, #521, .F. ) ;
#476 = CARTESIAN_POINT ( 'NONE',  ( -0.1832096484499702027, 0.03432042463813686495, 0.02000000000000000042 ) ) ;
#477 = FILL_AREA_STYLE_COLOUR ( '', #4505 ) ;
#478 =( NAMED_UNIT ( * ) SI_UNIT ( $, .STERADIAN. ) SOLID_ANGLE_UNIT ( ) );
#479 =( GEOMETRIC_REPRESENTATION_CONTEXT ( 3 ) GLOBAL_UNCERTAINTY_ASSIGNED_CONTEXT ( ( #2787 ) ) GLOBAL_UNIT_ASSIGNED_CONTEXT ( ( #1823, #3666, #2350 ) ) REPRESENTATION_CONTEXT ( 'NONE', 'WORKASPACE' ) );
#480 = ORIENTED_EDGE ( 'NONE', *, *, #4305, .T. ) ;
#481 = CARTESIAN_POINT ( 'NONE',  ( -0.09933242882829983189, -0.03640099706804591356, 0.02000000000000000042 ) ) ;
#482 = PRESENTATION_STYLE_ASSIGNMENT (( #2537 ) ) ;
#483 = EDGE_CURVE ( 'NONE', #5126, #1917, #348, .T. ) ;
#484 = EDGE_CURVE ( 'NONE', #5164, #4411, #4544, .T. ) ;
#485 = PLANE ( 'NONE',  #3993 ) ;
#486 = CARTESIAN_POINT ( 'NONE',  ( 0.09615935525302836406, 0.02159036027169959279, 0.02000000000000000042 ) ) ;
#487 = ORIENTED_EDGE ( 'NONE', *, *, #1237, .F. ) ;
#488 =( NAMED_UNIT ( * ) PLANE_ANGLE_UNIT ( ) SI_UNIT ( $, .RADIAN. ) );
#489 =( NAMED_UNIT ( * ) PLANE_ANGLE_UNIT ( ) SI_UNIT ( $, .RADIAN. ) );
#490 = UNCERTAINTY_MEASURE_WITH_UNIT (LENGTH_MEASURE( 1.000000000000000082E-05 ), #4032, 'distance_accuracy_value', 'NONE');
#491 = CARTESIAN_POINT ( 'NONE',  ( -0.1321555332722463005, -0.0001695464819850419041, 0.02000000000000000042 ) ) ;
#492 = ORIENTED_EDGE ( 'NONE', *, *, #3566, .T. ) ;
#493 = CARTESIAN_POINT ( 'NONE',  ( 0.06309361926079323779, -0.04162395675836307735, 0.0000000000000000000 ) ) ;
#494 = ORIENTED_EDGE ( 'NONE', *, *, #4790, .T. ) ;
#495 = PLANE ( 'NONE',  #409 ) ;
#496 = SURFACE_STYLE_USAGE ( .BOTH. , #2520 ) ;
#497 = EDGE_LOOP ( 'NONE', ( #4279, #3146, #7, #2603 ) ) ;
#498 = DIRECTION ( 'NONE',  ( 0.0000000000000000000, -1.000000000000000000, 0.0000000000000000000 ) ) ;
#499 = DIRECTION ( 'NONE',  ( -1.000000000000000000, 0.0000000000000000000, 0.0000000000000000000 ) ) ;
#500 = COLOUR_RGB ( '',1.000000000000000000, 1.000000000000000000, 1.000000000000000000 ) ;
#501 = FACE_OUTER_BOUND ( 'NONE', #3367, .T. ) ;
#502 = COLOUR_RGB ( '',1.000000000000000000, 1.000000000000000000, 1.000000000000000000 ) ;
#503 = DIRECTION ( 'NONE',  ( -2.710505431213761578E-16, 1.000000000000000000, 0.0000000000000000000 ) ) ;
#504 = CARTESIAN_POINT ( 'NONE',  ( -0.07983083815029506924, 0.03759722181069789088, 0.0000000000000000000 ) ) ;
#505 = VERTEX_POINT ( 'NONE', #826 ) ;
#506 = VECTOR ( 'NONE', #378, 1000.000000000000000 ) ;
#507 = VECTOR ( 'NONE', #1593, 1000.000000000000000 ) ;
#508 = CARTESIAN_POINT ( 'NONE',  ( 0.07862035414570935077, -0.05189539677738639473, 0.01999999999999999695 ) ) ;
#509 = PRESENTATION_STYLE_ASSIGNMENT (( #1343 ) ) ;
#510 = SURFACE_STYLE_USAGE ( .BOTH. , #1757 ) ;
#511 = PRESENTATION_LAYER_ASSIGNMENT (  '', '', ( #2836 ) ) ;
#512 = DIRECTION ( 'NONE',  ( -0.0000000000000000000, -0.0000000000000000000, -1.000000000000000000 ) ) ;
#513 = PRESENTATION_LAYER_ASSIGNMENT (  '', '', ( #1726 ) ) ;
#514 = CARTESIAN_POINT ( 'NONE',  ( 0.06111542047813296741, 0.04976773831188853470, 0.02000000000000000042 ) ) ;
#515 = PRESENTATION_LAYER_ASSIGNMENT (  '', '', ( #187 ) ) ;
#516 = FACE_OUTER_BOUND ( 'NONE', #2709, .T. ) ;
#517 =( LENGTH_UNIT ( ) NAMED_UNIT ( * ) SI_UNIT ( .MILLI., .METRE. ) );
#518 = AXIS2_PLACEMENT_3D ( 'NONE', #855, #498, #5021 ) ;
#519 = ADVANCED_FACE ( 'NONE', ( #3598 ), #3692, .F. ) ;
#520 = EDGE_LOOP ( 'NONE', ( #4439, #1673, #5195 ) ) ;
#521 = EDGE_CURVE ( 'NONE', #1648, #2367, #5238, .T. ) ;
#522 = PRESENTATION_LAYER_ASSIGNMENT (  '', '', ( #1982 ) ) ;
#523 = UNCERTAINTY_MEASURE_WITH_UNIT (LENGTH_MEASURE( 1.000000000000000082E-05 ), #1450, 'distance_accuracy_value', 'NONE');
#524 = CARTESIAN_POINT ( 'NONE',  ( -0.02727748449175848230, 0.004670392542405204725, 0.0000000000000000000 ) ) ;
#525 =( NAMED_UNIT ( * ) SI_UNIT ( $, .STERADIAN. ) SOLID_ANGLE_UNIT ( ) );
#526 = ORIENTED_EDGE ( 'NONE', *, *, #985, .T. ) ;
#527 = DIRECTION ( 'NONE',  ( 1.000000000000000000, 0.0000000000000000000, 0.0000000000000000000 ) ) ;
#528 = CARTESIAN_POINT ( 'NONE',  ( -0.9899999999999995470, -0.7899999999999994804, 0.7699999999999999067 ) ) ;
#529 = VERTEX_POINT ( 'NONE', #2852 ) ;
#530 =( LENGTH_UNIT ( ) NAMED_UNIT ( * ) SI_UNIT ( .MILLI., .METRE. ) );
#531 = ORIENTED_EDGE ( 'NONE', *, *, #1680, .T. ) ;
#532 = UNCERTAINTY_MEASURE_WITH_UNIT (LENGTH_MEASURE( 1.000000000000000082E-05 ), #3281, 'distance_accuracy_value', 'NONE');
#533 = DIRECTION ( 'NONE',  ( 1.000000000000000000, 0.0000000000000000000, 0.0000000000000000000 ) ) ;
#534 = LINE ( 'NONE', #1310, #1392 ) ;
#535 = LINE ( 'NONE', #2583, #4231 ) ;
#536 = LINE ( 'NONE', #2672, #1158 ) ;
#537 = VERTEX_POINT ( 'NONE', #4516 ) ;
#538 = SURFACE_SIDE_STYLE ('',( #2509 ) ) ;
#539 = SPHERICAL_SURFACE ( 'NONE', #2338, 0.01000000000000000021 ) ;
#540 = ORIENTED_EDGE ( 'NONE', *, *, #1072, .T. ) ;
#541 = CIRCLE ( 'NONE', #4856, 0.01000000000000002623 ) ;
#542 = FILL_AREA_STYLE ('',( #4260 ) ) ;
#543 = PRESENTATION_LAYER_ASSIGNMENT (  '', '', ( #4186 ) ) ;
#544 =( NAMED_UNIT ( * ) PLANE_ANGLE_UNIT ( ) SI_UNIT ( $, .RADIAN. ) );
#545 = DIRECTION ( 'NONE',  ( 0.0000000000000000000, -1.000000000000000000, 0.0000000000000000000 ) ) ;
#546 = ORIENTED_EDGE ( 'NONE', *, *, #3980, .T. ) ;
#547 = PRESENTATION_STYLE_ASSIGNMENT (( #3861 ) ) ;
#548 = CARTESIAN_POINT ( 'NONE',  ( 0.08003638292531038700, 0.04782570063483827794, 0.0000000000000000000 ) ) ;
#549 = PRESENTATION_STYLE_ASSIGNMENT (( #921 ) ) ;
#550 = ADVANCED_FACE ( 'NONE', ( #805 ), #4117, .F. ) ;
#551 = CARTESIAN_POINT ( 'NONE',  ( -0.1207979877134134072, -0.03385970539481899383, 0.02000000000000000042 ) ) ;
#552 = FILL_AREA_STYLE ('',( #1770 ) ) ;
#553 = DIRECTION ( 'NONE',  ( 0.0000000000000000000, 0.0000000000000000000, 1.000000000000000000 ) ) ;
#554 = ORIENTED_EDGE ( 'NONE', *, *, #4140, .F. ) ;
#555 = EDGE_CURVE ( 'NONE', #3741, #1446, #4991, .T. ) ;
#556 = VECTOR ( 'NONE', #3576, 1000.000000000000000 ) ;
#557 = EDGE_CURVE ( 'NONE', #3074, #3230, #2950, .T. ) ;
#558 = PRODUCT_DEFINITION_SHAPE ( 'NONE', 'NONE',  #4304 ) ;
#559 =( NAMED_UNIT ( * ) PLANE_ANGLE_UNIT ( ) SI_UNIT ( $, .RADIAN. ) );
#560 = CARTESIAN_POINT ( 'NONE',  ( 0.06443364355702201063, 0.03881673400581983624, 0.02000000000000000042 ) ) ;
#561 = CARTESIAN_POINT ( 'NONE',  ( -0.03215553327224628805, -0.05142716843320455783, 0.02000000000000000042 ) ) ;
#562 = VECTOR ( 'NONE', #404, 1000.000000000000000 ) ;
#563 = MECHANICAL_DESIGN_GEOMETRIC_PRESENTATION_REPRESENTATION (  '', ( #1161 ), #5146 ) ;
#564 = DIRECTION ( 'NONE',  ( 1.000000000000000000, 0.0000000000000000000, 0.0000000000000000000 ) ) ;
#565 = CARTESIAN_POINT ( 'NONE',  ( 0.1154054423375098365, -0.003313601360033818517, 0.02000000000000000042 ) ) ;
#566 =( LENGTH_UNIT ( ) NAMED_UNIT ( * ) SI_UNIT ( .MILLI., .METRE. ) );
#567 = CARTESIAN_POINT ( 'NONE',  ( -0.1852891269062487134, 0.02976449793893575640, 0.02000000000000000042 ) ) ;
#568 = ORIENTED_EDGE ( 'NONE', *, *, #3972, .T. ) ;
#569 = CARTESIAN_POINT ( 'NONE',  ( 0.06853044233750983649, -0.05264668062832651013, 0.01999999999999999695 ) ) ;
#570 = PRESENTATION_STYLE_ASSIGNMENT (( #4292 ) ) ;
#571 = ORIENTED_EDGE ( 'NONE', *, *, #2070, .F. ) ;
#572 = DIRECTION ( 'NONE',  ( -0.9417224702971433992, -0.3363908276654491436, 0.0000000000000000000 ) ) ;
#573 =( NAMED_UNIT ( * ) SI_UNIT ( $, .STERADIAN. ) SOLID_ANGLE_UNIT ( ) );
#574 = CARTESIAN_POINT ( 'NONE',  ( 0.1005937729919476747, 0.01060174685268421360, 0.02000000000000000042 ) ) ;
#575 = ORIENTED_EDGE ( 'NONE', *, *, #5124, .F. ) ;
#576 = UNCERTAINTY_MEASURE_WITH_UNIT (LENGTH_MEASURE( 1.000000000000000082E-05 ), #3762, 'distance_accuracy_value', 'NONE');
#577 = FILL_AREA_STYLE ('',( #4299 ) ) ;
#578 = SURFACE_SIDE_STYLE ('',( #4300 ) ) ;
#579 = FACE_OUTER_BOUND ( 'NONE', #3865, .T. ) ;
#580 = EDGE_LOOP ( 'NONE', ( #990, #795, #571, #3826 ) ) ;
#581 = CARTESIAN_POINT ( 'NONE',  ( 0.02150300331311958205, 0.04857283156679546160, 0.0000000000000000000 ) ) ;
#582 = CARTESIAN_POINT ( 'NONE',  ( 0.1154054423375098365, -0.003313601360033818517, 0.0000000000000000000 ) ) ;
#583 = DIRECTION ( 'NONE',  ( -0.0000000000000000000, -0.0000000000000000000, 1.000000000000000000 ) ) ;
#584 = ORIENTED_EDGE ( 'NONE', *, *, #4368, .T. ) ;
#585 = CARTESIAN_POINT ( 'NONE',  ( 0.04101519843507079460, 0.03241429498142959359, 0.0000000000000000000 ) ) ;
#586 = PRESENTATION_STYLE_ASSIGNMENT (( #995 ) ) ;
#587 = DIRECTION ( 'NONE',  ( 0.0000000000000000000, -1.000000000000000000, 0.0000000000000000000 ) ) ;
#588 = EDGE_CURVE ( 'NONE', #703, #5200, #5052, .T. ) ;
#589 = ADVANCED_FACE ( 'NONE', ( #4168 ), #34, .F. ) ;
#590 = VECTOR ( 'NONE', #3897, 1000.000000000000000 ) ;
#591 = CARTESIAN_POINT ( 'NONE',  ( 0.06578857974347304682, 0.03878760039722208702, 0.0000000000000000000 ) ) ;
#592 = CARTESIAN_POINT ( 'NONE',  ( 0.06668211916677813100, -0.04167107087222894635, 0.0000000000000000000 ) ) ;
#593 = EDGE_LOOP ( 'NONE', ( #470, #4883, #917, #5089 ) ) ;
#594 = LINE ( 'NONE', #4687, #3756 ) ;
#595 = CARTESIAN_POINT ( 'NONE',  ( 0.1751615398984854577, -0.05142716843320455783, 0.0000000000000000000 ) ) ;
#596 = VERTEX_POINT ( 'NONE', #471 ) ;
#597 = SURFACE_STYLE_FILL_AREA ( #5096 ) ;
#598 =( NAMED_UNIT ( * ) SI_UNIT ( $, .STERADIAN. ) SOLID_ANGLE_UNIT ( ) );
#599 = COLOUR_RGB ( '',1.000000000000000000, 1.000000000000000000, 1.000000000000000000 ) ;
#600 = PRESENTATION_LAYER_ASSIGNMENT (  '', '', ( #2318 ) ) ;
#601 = LINE ( 'NONE', #2133, #2066 ) ;
#602 = CARTESIAN_POINT ( 'NONE',  ( -0.9899999999999995470, -0.7899999999999994804, 0.01000000000000000021 ) ) ;
#603 = VERTEX_POINT ( 'NONE', #1775 ) ;
#604 = COLOUR_RGB ( '',0.7529411764705882248, 0.7529411764705882248, 0.7529411764705882248 ) ;
#605 = ORIENTED_EDGE ( 'NONE', *, *, #3530, .F. ) ;
#606 =( GEOMETRIC_REPRESENTATION_CONTEXT ( 3 ) GLOBAL_UNCERTAINTY_ASSIGNED_CONTEXT ( ( #9 ) ) GLOBAL_UNIT_ASSIGNED_CONTEXT ( ( #62, #4603, #5000 ) ) REPRESENTATION_CONTEXT ( 'NONE', 'WORKASPACE' ) );
#607 = MECHANICAL_DESIGN_GEOMETRIC_PRESENTATION_REPRESENTATION (  '', ( #92 ), #4925 ) ;
#608 = COLOUR_RGB ( '',1.000000000000000000, 1.000000000000000000, 1.000000000000000000 ) ;
#609 = FILL_AREA_STYLE ('',( #1009 ) ) ;
#610 =( NAMED_UNIT ( * ) SI_UNIT ( $, .STERADIAN. ) SOLID_ANGLE_UNIT ( ) );
#611 = CARTESIAN_POINT ( 'NONE',  ( 0.06338528676293260500, 0.04978400931835656046, 0.0000000000000000000 ) ) ;
#612 = ORIENTED_EDGE ( 'NONE', *, *, #790, .T. ) ;
#613 = AXIS2_PLACEMENT_3D ( 'NONE', #2535, #1262, #2908 ) ;
#614 =( NAMED_UNIT ( * ) PLANE_ANGLE_UNIT ( ) SI_UNIT ( $, .RADIAN. ) );
#615 = VECTOR ( 'NONE', #4142, 1000.000000000000000 ) ;
#616 = FACE_OUTER_BOUND ( 'NONE', #155, .T. ) ;
#617 = LINE ( 'NONE', #3150, #5002 ) ;
#618 = LINE ( 'NONE', #504, #4291 ) ;
#619 = ORIENTED_EDGE ( 'NONE', *, *, #1273, .F. ) ;
#620 = EDGE_CURVE ( 'NONE', #2367, #4478, #2548, .T. ) ;
#621 = CARTESIAN_POINT ( 'NONE',  ( 0.9899999999999999911, -0.7999999999999994893, 0.01000000000000002623 ) ) ;
#622 = DIRECTION ( 'NONE',  ( 0.3390537954853694580, 0.9407669869669987861, 0.0000000000000000000 ) ) ;
#623 = CARTESIAN_POINT ( 'NONE',  ( -0.09060981017181361785, 0.04784169697608967042, 0.02000000000000000042 ) ) ;
#624 = DIRECTION ( 'NONE',  ( 1.000000000000000000, 0.0000000000000000000, 0.0000000000000000000 ) ) ;
#625 = COLOUR_RGB ( '',1.000000000000000000, 1.000000000000000000, 1.000000000000000000 ) ;
#626 = EDGE_CURVE ( 'NONE', #3498, #3428, #927, .T. ) ;
#627 = CARTESIAN_POINT ( 'NONE',  ( -0.09560124209275640272, 0.03527930579974707798, 0.02000000000000000042 ) ) ;
#628 =( NAMED_UNIT ( * ) SI_UNIT ( $, .STERADIAN. ) SOLID_ANGLE_UNIT ( ) );
#629 = STYLED_ITEM ( 'NONE', ( #570 ), #2696 ) ;
#630 = CARTESIAN_POINT ( 'NONE',  ( -0.05166772839419750407, 0.04857283156679546160, 0.0000000000000000000 ) ) ;
#631 =( LENGTH_UNIT ( ) NAMED_UNIT ( * ) SI_UNIT ( .MILLI., .METRE. ) );
#632 =( LENGTH_UNIT ( ) NAMED_UNIT ( * ) SI_UNIT ( .MILLI., .METRE. ) );
#633 = VECTOR ( 'NONE', #2670, 1000.000000000000000 ) ;
#634 = CARTESIAN_POINT ( 'NONE',  ( -0.02971650888200237303, 0.0000000000000000000, 0.02000000000000000042 ) ) ;
#635 = CARTESIAN_POINT ( 'NONE',  ( 0.06853044233750983649, -0.05264668062832651013, 0.02000000000000000042 ) ) ;
#636 = ORIENTED_EDGE ( 'NONE', *, *, #1438, .T. ) ;
#637 =( GEOMETRIC_REPRESENTATION_CONTEXT ( 3 ) GLOBAL_UNCERTAINTY_ASSIGNED_CONTEXT ( ( #310 ) ) GLOBAL_UNIT_ASSIGNED_CONTEXT ( ( #3032, #658, #982 ) ) REPRESENTATION_CONTEXT ( 'NONE', 'WORKASPACE' ) );
#638 = FILL_AREA_STYLE_COLOUR ( '', #2489 ) ;
#639 = FILL_AREA_STYLE_COLOUR ( '', #3471 ) ;
#640 = FILL_AREA_STYLE ('',( #4280 ) ) ;
#641 = CARTESIAN_POINT ( 'NONE',  ( 0.1123087942912651405, -0.02338625798647066614, 0.02000000000000000042 ) ) ;
#642 = AXIS2_PLACEMENT_3D ( 'NONE', #3381, #430, #1699 ) ;
#643 = CARTESIAN_POINT ( 'NONE',  ( 0.09404707221948345464, 0.02478303133872402850, 0.0000000000000000000 ) ) ;
#644 = SURFACE_STYLE_USAGE ( .BOTH. , #4463 ) ;
#645 = ORIENTED_EDGE ( 'NONE', *, *, #1303, .T. ) ;
#646 = CARTESIAN_POINT ( 'NONE',  ( 0.1027267940877958918, -0.03917093340579921867, 0.0000000000000000000 ) ) ;
#647 = MECHANICAL_DESIGN_GEOMETRIC_PRESENTATION_REPRESENTATION (  '', ( #3231 ), #4711 ) ;
#648 = SURFACE_STYLE_USAGE ( .BOTH. , #2699 ) ;
#649 = CARTESIAN_POINT ( 'NONE',  ( -1.000000000000000000, 0.8000000000000003775, 0.7699999999999999067 ) ) ;
#650 = CIRCLE ( 'NONE', #1941, 0.01000000000000002623 ) ;
#651 = CARTESIAN_POINT ( 'NONE',  ( -0.08809941740489546369, 0.03706532125010574691, 0.02000000000000000042 ) ) ;
#652 = SURFACE_SIDE_STYLE ('',( #2750 ) ) ;
#653 = ORIENTED_EDGE ( 'NONE', *, *, #99, .T. ) ;
#654 = CARTESIAN_POINT ( 'NONE',  ( -0.09903428528110999607, 0.03392821319617266018, 0.0000000000000000000 ) ) ;
#655 = ORIENTED_EDGE ( 'NONE', *, *, #391, .F. ) ;
#656 = EDGE_CURVE ( 'NONE', #537, #5011, #3871, .T. ) ;
#657 = EDGE_CURVE ( 'NONE', #5200, #4555, #2854, .T. ) ;
#658 =( NAMED_UNIT ( * ) PLANE_ANGLE_UNIT ( ) SI_UNIT ( $, .RADIAN. ) );
#659 = UNCERTAINTY_MEASURE_WITH_UNIT (LENGTH_MEASURE( 1.000000000000000082E-05 ), #566, 'distance_accuracy_value', 'NONE');
#660 = CARTESIAN_POINT ( 'NONE',  ( -0.08077311106770804217, -0.05139253789558900082, 0.0000000000000000000 ) ) ;
#661 = ORIENTED_EDGE ( 'NONE', *, *, #5215, .T. ) ;
#662 = SURFACE_SIDE_STYLE ('',( #5177 ) ) ;
#663 = DIRECTION ( 'NONE',  ( -1.000000000000000000, 0.0000000000000000000, 0.0000000000000000000 ) ) ;
#664 = DIRECTION ( 'NONE',  ( 0.0000000000000000000, 0.0000000000000000000, -1.000000000000000000 ) ) ;
#665 =( LENGTH_UNIT ( ) NAMED_UNIT ( * ) SI_UNIT ( .MILLI., .METRE. ) );
#666 = DIRECTION ( 'NONE',  ( 0.0000000000000000000, 0.0000000000000000000, -1.000000000000000000 ) ) ;
#667 = DIRECTION ( 'NONE',  ( -0.0000000000000000000, 0.0000000000000000000, -1.000000000000000000 ) ) ;
#668 = EDGE_LOOP ( 'NONE', ( #253, #3474, #184, #2769 ) ) ;
#669 = CARTESIAN_POINT ( 'NONE',  ( 0.1153130250456926992, -0.008671927595413150489, 0.0000000000000000000 ) ) ;
#670 = FACE_OUTER_BOUND ( 'NONE', #1475, .T. ) ;
#671 = CARTESIAN_POINT ( 'NONE',  ( -0.06508236254053897940, -0.04045155867710700098, 0.0000000000000000000 ) ) ;
#672 = ORIENTED_EDGE ( 'NONE', *, *, #3130, .F. ) ;
#673 = CARTESIAN_POINT ( 'NONE',  ( -0.1172980210134316470, 0.03539954280692854394, 0.02000000000000000042 ) ) ;
#674 = PRESENTATION_LAYER_ASSIGNMENT (  '', '', ( #254 ) ) ;
#675 = FILL_AREA_STYLE_COLOUR ( '', #1722 ) ;
#676 = CARTESIAN_POINT ( 'NONE',  ( 0.04101519843507079460, -0.03526863184783870370, 0.0000000000000000000 ) ) ;
#677 = ORIENTED_EDGE ( 'NONE', *, *, #5243, .F. ) ;
#678 = CARTESIAN_POINT ( 'NONE',  ( -0.09195255481482061954, 0.03633356115639694434, 0.0000000000000000000 ) ) ;
#679 = VECTOR ( 'NONE', #4086, 1000.000000000000000 ) ;
#680 = FILL_AREA_STYLE_COLOUR ( '', #1233 ) ;
#681 = CARTESIAN_POINT ( 'NONE',  ( -0.1301573335207260040, -0.01628354916390075888, 0.0000000000000000000 ) ) ;
#682 = ADVANCED_FACE ( 'NONE', ( #2992 ), #3780, .F. ) ;
#683 = ADVANCED_FACE ( 'NONE', ( #894 ), #5006, .T. ) ;
#684 = VECTOR ( 'NONE', #1935, 1000.000000000000000 ) ;
#685 =( GEOMETRIC_REPRESENTATION_CONTEXT ( 3 ) GLOBAL_UNCERTAINTY_ASSIGNED_CONTEXT ( ( #804 ) ) GLOBAL_UNIT_ASSIGNED_CONTEXT ( ( #717, #3535, #3617 ) ) REPRESENTATION_CONTEXT ( 'NONE', 'WORKASPACE' ) );
#686 = CARTESIAN_POINT ( 'NONE',  ( -0.08532739575320043290, 0.04845159250038415244, 0.0000000000000000000 ) ) ;
#687 = VECTOR ( 'NONE', #583, 1000.000000000000000 ) ;
#688 = CARTESIAN_POINT ( 'NONE',  ( 0.9899999999999999911, 0.8000000000000003775, 0.01000000000000002623 ) ) ;
#689 =( GEOMETRIC_REPRESENTATION_CONTEXT ( 3 ) GLOBAL_UNCERTAINTY_ASSIGNED_CONTEXT ( ( #2041 ) ) GLOBAL_UNIT_ASSIGNED_CONTEXT ( ( #809, #3322, #2157 ) ) REPRESENTATION_CONTEXT ( 'NONE', 'WORKASPACE' ) );
#690 = VERTEX_POINT ( 'NONE', #676 ) ;
#691 = AXIS2_PLACEMENT_3D ( 'NONE', #4930, #4529, #3351 ) ;
#692 = COLOUR_RGB ( '',1.000000000000000000, 1.000000000000000000, 1.000000000000000000 ) ;
#693 = CARTESIAN_POINT ( 'NONE',  ( 0.02150300331311958205, -0.05142716843320455783, 0.0000000000000000000 ) ) ;
#694 = UNCERTAINTY_MEASURE_WITH_UNIT (LENGTH_MEASURE( 1.000000000000000082E-05 ), #2778, 'distance_accuracy_value', 'NONE');
#695 = VECTOR ( 'NONE', #1651, 1000.000000000000000 ) ;
#696 = SURFACE_SIDE_STYLE ('',( #4409 ) ) ;
#697 = UNCERTAINTY_MEASURE_WITH_UNIT (LENGTH_MEASURE( 1.000000000000000082E-05 ), #24, 'distance_accuracy_value', 'NONE');
#698 = CARTESIAN_POINT ( 'NONE',  ( 0.1105188921413042258, -0.02775078045520109823, 0.0000000000000000000 ) ) ;
#699 =( GEOMETRIC_REPRESENTATION_CONTEXT ( 3 ) GLOBAL_UNCERTAINTY_ASSIGNED_CONTEXT ( ( #2196 ) ) GLOBAL_UNIT_ASSIGNED_CONTEXT ( ( #3379, #1316, #3854 ) ) REPRESENTATION_CONTEXT ( 'NONE', 'WORKASPACE' ) );
#700 = DIRECTION ( 'NONE',  ( 0.0000000000000000000, 0.0000000000000000000, -1.000000000000000000 ) ) ;
#701 = CARTESIAN_POINT ( 'NONE',  ( -0.1285306891231683679, 0.01985321574621801491, 0.0000000000000000000 ) ) ;
#702 = CARTESIAN_POINT ( 'NONE',  ( 0.1751615398984854577, 0.04857283156679546160, 0.0000000000000000000 ) ) ;
#703 = VERTEX_POINT ( 'NONE', #5199 ) ;
#704 = COLOUR_RGB ( '',0.7529411764705882248, 0.7529411764705882248, 0.7529411764705882248 ) ;
#705 = CARTESIAN_POINT ( 'NONE',  ( -0.1146300698612278679, 0.01957611370772588053, 0.0000000000000000000 ) ) ;
#706 = PLANE ( 'NONE',  #2055 ) ;
#707 = ORIENTED_EDGE ( 'NONE', *, *, #4272, .F. ) ;
#708 = LINE ( 'NONE', #1873, #4574 ) ;
#709 = DIRECTION ( 'NONE',  ( 0.0000000000000000000, -1.000000000000000000, 0.0000000000000000000 ) ) ;
#710 = STYLED_ITEM ( 'NONE', ( #3962 ), #2643 ) ;
#711 = CARTESIAN_POINT ( 'NONE',  ( 0.04928630486158974700, 0.03635604644554429887, 0.0000000000000000000 ) ) ;
#712 = CARTESIAN_POINT ( 'NONE',  ( -0.1313106693833304972, 0.01035645370940384974, 0.0000000000000000000 ) ) ;
#713 = LINE ( 'NONE', #388, #4877 ) ;
#714 = ADVANCED_FACE ( 'NONE', ( #205 ), #706, .F. ) ;
#715 = CARTESIAN_POINT ( 'NONE',  ( 0.08920969066867187602, 0.04416724870735824066, 0.02000000000000000389 ) ) ;
#716 = DIRECTION ( 'NONE',  ( -1.000000000000000000, 0.0000000000000000000, 0.0000000000000000000 ) ) ;
#717 =( LENGTH_UNIT ( ) NAMED_UNIT ( * ) SI_UNIT ( .MILLI., .METRE. ) );
#718 = EDGE_CURVE ( 'NONE', #1327, #216, #1889, .T. ) ;
#719 = EDGE_CURVE ( 'NONE', #172, #4555, #3578, .T. ) ;
#720 = DIRECTION ( 'NONE',  ( -0.0000000000000000000, -0.0000000000000000000, -1.000000000000000000 ) ) ;
#721 =( LENGTH_UNIT ( ) NAMED_UNIT ( * ) SI_UNIT ( .MILLI., .METRE. ) );
#722 = ORIENTED_EDGE ( 'NONE', *, *, #5079, .F. ) ;
#723 = LINE ( 'NONE', #2371, #1824 ) ;
#724 = STYLED_ITEM ( 'NONE', ( #383 ), #4561 ) ;
#725 = LINE ( 'NONE', #2373, #2143 ) ;
#726 = CARTESIAN_POINT ( 'NONE',  ( -0.1129449437739097895, -0.02416782182026569470, 0.0000000000000000000 ) ) ;
#727 = SURFACE_STYLE_FILL_AREA ( #782 ) ;
#728 = COLOUR_RGB ( '',1.000000000000000000, 1.000000000000000000, 1.000000000000000000 ) ;
#729 =( NAMED_UNIT ( * ) SI_UNIT ( $, .STERADIAN. ) SOLID_ANGLE_UNIT ( ) );
#730 = FILL_AREA_STYLE ('',( #4150 ) ) ;
#731 = FILL_AREA_STYLE ('',( #4813 ) ) ;
#732 = PLANE ( 'NONE',  #3914 ) ;
#733 = DIRECTION ( 'NONE',  ( -1.000000000000000000, 0.0000000000000000000, 0.0000000000000000000 ) ) ;
#734 = CARTESIAN_POINT ( 'NONE',  ( -0.1048898662457494746, -0.04604253132869329246, 0.0000000000000000000 ) ) ;
#735 = CARTESIAN_POINT ( 'NONE',  ( 0.04101519843507079460, -0.03526863184783870370, 0.0000000000000000000 ) ) ;
#736 = CARTESIAN_POINT ( 'NONE',  ( 0.08920969066867187602, 0.04416724870735824066, 0.0000000000000000000 ) ) ;
#737 = FACE_OUTER_BOUND ( 'NONE', #872, .T. ) ;
#738 = ORIENTED_EDGE ( 'NONE', *, *, #2952, .F. ) ;
#739 = SURFACE_SIDE_STYLE ('',( #5255 ) ) ;
#740 = PRODUCT_DEFINITION_CONTEXT ( 'detailed design', #2888, 'design' ) ;
#741 = CARTESIAN_POINT ( 'NONE',  ( 0.1014426099825028321, -0.01097961694516943164, 0.02000000000000000042 ) ) ;
#742 =( LENGTH_UNIT ( ) NAMED_UNIT ( * ) SI_UNIT ( .MILLI., .METRE. ) );
#743 = CARTESIAN_POINT ( 'NONE',  ( -0.08372439669847704657, -0.04035544823446601120, 0.0000000000000000000 ) ) ;
#744 = ORIENTED_EDGE ( 'NONE', *, *, #4594, .T. ) ;
#745 =( NAMED_UNIT ( * ) SI_UNIT ( $, .STERADIAN. ) SOLID_ANGLE_UNIT ( ) );
#746 = CARTESIAN_POINT ( 'NONE',  ( -0.02727748449175848230, -0.006305217213692360795, 0.0000000000000000000 ) ) ;
#747 = VERTEX_POINT ( 'NONE', #3136 ) ;
#748 = PRESENTATION_STYLE_ASSIGNMENT (( #4487 ) ) ;
#749 = ADVANCED_FACE ( 'NONE', ( #5222 ), #3946, .F. ) ;
#750 = CARTESIAN_POINT ( 'NONE',  ( 0.05004768461056506579, -0.05020338810270373597, 0.02000000000000000042 ) ) ;
#751 = EDGE_CURVE ( 'NONE', #776, #4560, #2724, .T. ) ;
#752 = DIRECTION ( 'NONE',  ( 0.0000000000000000000, -0.0000000000000000000, -1.000000000000000000 ) ) ;
#753 = CARTESIAN_POINT ( 'NONE',  ( -0.1134478675997599856, -0.04074641753648806236, 0.02000000000000000042 ) ) ;
#754 = CARTESIAN_POINT ( 'NONE',  ( -0.1173453456940118655, -0.01343148732641178192, 0.02000000000000000042 ) ) ;
#755 = ORIENTED_EDGE ( 'NONE', *, *, #1641, .F. ) ;
#756 = CARTESIAN_POINT ( 'NONE',  ( 0.04928630486158974700, 0.03635604644554429887, 0.02000000000000000042 ) ) ;
#757 = CARTESIAN_POINT ( 'NONE',  ( 0.09229075450588188068, -0.03112804802874345397, 0.02000000000000000042 ) ) ;
#758 = CARTESIAN_POINT ( 'NONE',  ( 0.008088369166778127534, 0.004670392542405204725, 0.0000000000000000000 ) ) ;
#759 = PRESENTATION_LAYER_ASSIGNMENT (  '', '', ( #2048 ) ) ;
#760 = DIRECTION ( 'NONE',  ( 1.000000000000000000, 0.0000000000000000000, 0.0000000000000000000 ) ) ;
#761 = SURFACE_STYLE_USAGE ( .BOTH. , #3329 ) ;
#762 = AXIS2_PLACEMENT_3D ( 'NONE', #975, #572, #4259 ) ;
#763 = COLOUR_RGB ( '',0.2509803921568627416, 0.2509803921568627416, 0.2509803921568627416 ) ;
#764 = DIRECTION ( 'NONE',  ( 1.000000000000000000, 0.0000000000000000000, 0.0000000000000000000 ) ) ;
#765 = VECTOR ( 'NONE', #1645, 1000.000000000000000 ) ;
#766 = ORIENTED_EDGE ( 'NONE', *, *, #3130, .T. ) ;
#767 = AXIS2_PLACEMENT_3D ( 'NONE', #95, #4297, #3802 ) ;
#768 = MECHANICAL_DESIGN_GEOMETRIC_PRESENTATION_REPRESENTATION (  '', ( #4748 ), #4915 ) ;
#769 = STYLED_ITEM ( 'NONE', ( #51 ), #203 ) ;
#770 = AXIS2_PLACEMENT_3D ( 'NONE', #5107, #4732, #3124 ) ;
#771 = CARTESIAN_POINT ( 'NONE',  ( 0.0000000000000000000, 0.0000000000000000000, 0.02000000000000000042 ) ) ;
#772 = VECTOR ( 'NONE', #3881, 1000.000000000000000 ) ;
#773 =( NAMED_UNIT ( * ) SI_UNIT ( $, .STERADIAN. ) SOLID_ANGLE_UNIT ( ) );
#774 =( NAMED_UNIT ( * ) PLANE_ANGLE_UNIT ( ) SI_UNIT ( $, .RADIAN. ) );
#775 = CARTESIAN_POINT ( 'NONE',  ( 0.1118964879191456235, 0.01826976955898181043, 0.0000000000000000000 ) ) ;
#776 = VERTEX_POINT ( 'NONE', #3523 ) ;
#777 = VECTOR ( 'NONE', #4911, 1000.000000000000000 ) ;
#778 = CARTESIAN_POINT ( 'NONE',  ( -0.1022633032338027409, 0.03228404916109269690, 0.02000000000000000042 ) ) ;
#779 = CARTESIAN_POINT ( 'NONE',  ( 0.09657084626093621893, -0.02535782694061571724, 0.0000000000000000000 ) ) ;
#780 = VECTOR ( 'NONE', #5288, 1000.000000000000000 ) ;
#781 =( NAMED_UNIT ( * ) PLANE_ANGLE_UNIT ( ) SI_UNIT ( $, .RADIAN. ) );
#782 = FILL_AREA_STYLE ('',( #2375 ) ) ;
#783 = EDGE_CURVE ( 'NONE', #2913, #1838, #2669, .T. ) ;
#784 = STYLED_ITEM ( 'NONE', ( #836 ), #3361 ) ;
#785 = CARTESIAN_POINT ( 'NONE',  ( 0.06128889015730553530, 0.03876918760082434523, 0.02000000000000000042 ) ) ;
#786 = SURFACE_STYLE_FILL_AREA ( #730 ) ;
#787 = SURFACE_SIDE_STYLE ('',( #3579 ) ) ;
#788 = DIRECTION ( 'NONE',  ( -1.000000000000000000, 0.0000000000000000000, 0.0000000000000000000 ) ) ;
#789 = DIRECTION ( 'NONE',  ( -1.000000000000000000, 0.0000000000000000000, 0.0000000000000000000 ) ) ;
#790 = EDGE_CURVE ( 'NONE', #129, #3209, #4022, .T. ) ;
#791 =( NAMED_UNIT ( * ) PLANE_ANGLE_UNIT ( ) SI_UNIT ( $, .RADIAN. ) );
#792 = DIRECTION ( 'NONE',  ( 1.000000000000000000, 0.0000000000000000000, 0.0000000000000000000 ) ) ;
#793 = ORIENTED_EDGE ( 'NONE', *, *, #1906, .T. ) ;
#794 = CARTESIAN_POINT ( 'NONE',  ( -0.03215553327224628805, -0.05142716843320455783, 0.0000000000000000000 ) ) ;
#795 = ORIENTED_EDGE ( 'NONE', *, *, #1344, .T. ) ;
#796 = AXIS2_PLACEMENT_3D ( 'NONE', #2588, #4604, #4553 ) ;
#797 = CARTESIAN_POINT ( 'NONE',  ( 0.06668211916677813100, -0.04167107087222894635, 0.0000000000000000000 ) ) ;
#798 = CARTESIAN_POINT ( 'NONE',  ( 0.09457224448562219499, -0.02836971210405437455, 0.02000000000000000042 ) ) ;
#799 = CARTESIAN_POINT ( 'NONE',  ( 0.05461076826846225640, 0.04927532751349340129, 0.0000000000000000000 ) ) ;
#800 = DIRECTION ( 'NONE',  ( 1.000000000000000000, 0.0000000000000000000, 0.0000000000000000000 ) ) ;
#801 = VERTEX_POINT ( 'NONE', #2360 ) ;
#802 = CARTESIAN_POINT ( 'NONE',  ( 0.1019561767432239086, -0.0009496325096544256002, 0.0000000000000000000 ) ) ;
#803 = VERTEX_POINT ( 'NONE', #4935 ) ;
#804 = UNCERTAINTY_MEASURE_WITH_UNIT (LENGTH_MEASURE( 1.000000000000000082E-05 ), #717, 'distance_accuracy_value', 'NONE');
#805 = FACE_OUTER_BOUND ( 'NONE', #4901, .T. ) ;
#806 = CARTESIAN_POINT ( 'NONE',  ( -0.09524146424215233775, -0.04956532539632807488, 0.0000000000000000000 ) ) ;
#807 = CARTESIAN_POINT ( 'NONE',  ( -0.1838704722966365279, 0.03637770961557593857, 0.0000000000000000000 ) ) ;
#808 = VERTEX_POINT ( 'NONE', #3703 ) ;
#809 =( LENGTH_UNIT ( ) NAMED_UNIT ( * ) SI_UNIT ( .MILLI., .METRE. ) );
#810 = EDGE_LOOP ( 'NONE', ( #1924, #4110, #4585, #4319 ) ) ;
#811 = SURFACE_STYLE_USAGE ( .BOTH. , #2001 ) ;
#812 = LINE ( 'NONE', #4126, #2839 ) ;
#813 = SURFACE_STYLE_FILL_AREA ( #2053 ) ;
#814 = EDGE_CURVE ( 'NONE', #467, #3498, #3279, .T. ) ;
#815 = AXIS2_PLACEMENT_3D ( 'NONE', #1312, #1404, #2154 ) ;
#816 = ADVANCED_FACE ( 'NONE', ( #3682 ), #2761, .T. ) ;
#817 = CARTESIAN_POINT ( 'NONE',  ( -0.02727748449175848230, -0.006305217213692360795, 0.0000000000000000000 ) ) ;
#818 = CARTESIAN_POINT ( 'NONE',  ( -0.1181655734298176913, -0.009338651004267995576, 0.0000000000000000000 ) ) ;
#819 = EDGE_LOOP ( 'NONE', ( #2305, #605, #1260, #1866 ) ) ;
#820 = SURFACE_STYLE_FILL_AREA ( #2034 ) ;
#821 = SURFACE_STYLE_USAGE ( .BOTH. , #4538 ) ;
#822 = CARTESIAN_POINT ( 'NONE',  ( -0.1162138438112908373, -0.01727236333665209747, 0.0000000000000000000 ) ) ;
#823 = ORIENTED_EDGE ( 'NONE', *, *, #4004, .T. ) ;
#824 = CARTESIAN_POINT ( 'NONE',  ( 0.06989724173477566971, 0.04966788362273530377, 0.0000000000000000000 ) ) ;
#825 = EDGE_LOOP ( 'NONE', ( #4091, #2256, #4742 ) ) ;
#826 = CARTESIAN_POINT ( 'NONE',  ( 0.04101519843507079460, 0.03241429498142959359, 0.0000000000000000000 ) ) ;
#827 =( NAMED_UNIT ( * ) PLANE_ANGLE_UNIT ( ) SI_UNIT ( $, .RADIAN. ) );
#828 = FILL_AREA_STYLE_COLOUR ( '', #2762 ) ;
#829 = SURFACE_STYLE_USAGE ( .BOTH. , #4570 ) ;
#830 = CARTESIAN_POINT ( 'NONE',  ( 1.000000000000000000, 0.7900000000000003686, 0.7800000000000000266 ) ) ;
#831 = CARTESIAN_POINT ( 'NONE',  ( 0.07232805158964131231, 0.03816948009609098108, 0.0000000000000000000 ) ) ;
#832 = ORIENTED_EDGE ( 'NONE', *, *, #4330, .F. ) ;
#833 = FACE_OUTER_BOUND ( 'NONE', #1083, .T. ) ;
#834 =( NAMED_UNIT ( * ) PLANE_ANGLE_UNIT ( ) SI_UNIT ( $, .RADIAN. ) );
#835 = SURFACE_SIDE_STYLE ('',( #1730 ) ) ;
#836 = PRESENTATION_STYLE_ASSIGNMENT (( #428 ) ) ;
#837 =( NAMED_UNIT ( * ) PLANE_ANGLE_UNIT ( ) SI_UNIT ( $, .RADIAN. ) );
#838 = CARTESIAN_POINT ( 'NONE',  ( -0.2049642222966365224, -0.02337838794539967568, 0.0000000000000000000 ) ) ;
#839 = SURFACE_SIDE_STYLE ('',( #4558 ) ) ;
#840 = SURFACE_STYLE_USAGE ( .BOTH. , #2968 ) ;
#841 = CARTESIAN_POINT ( 'NONE',  ( 0.1118964879191456235, 0.01826976955898181043, 0.02000000000000000042 ) ) ;
#842 = ORIENTED_EDGE ( 'NONE', *, *, #3565, .T. ) ;
#843 = EDGE_CURVE ( 'NONE', #1327, #347, #4846, .T. ) ;
#844 = ADVANCED_FACE ( 'NONE', ( #737 ), #4753, .F. ) ;
#845 = UNCERTAINTY_MEASURE_WITH_UNIT (LENGTH_MEASURE( 1.000000000000000082E-05 ), #4533, 'distance_accuracy_value', 'NONE');
#846 = AXIS2_PLACEMENT_3D ( 'NONE', #4714, #512, #3917 ) ;
#847 =( NAMED_UNIT ( * ) SI_UNIT ( $, .STERADIAN. ) SOLID_ANGLE_UNIT ( ) );
#848 = PRESENTATION_STYLE_ASSIGNMENT (( #2896 ) ) ;
#849 = FILL_AREA_STYLE_COLOUR ( '', #3370 ) ;
#850 = VECTOR ( 'NONE', #3890, 1000.000000000000000 ) ;
#851 = EDGE_LOOP ( 'NONE', ( #2870, #5281, #4782, #677 ) ) ;
#852 = SURFACE_STYLE_USAGE ( .BOTH. , #1253 ) ;
#853 = B_SPLINE_SURFACE_WITH_KNOTS ( 'NONE', 3, 1, ( 
 ( #2803, #2905 ),
 ( #4577, #2986 ),
 ( #2934, #1728 ),
 ( #4977, #2218 ),
 ( #1376, #476 ),
 ( #2127, #3403 ),
 ( #4257, #2104 ) ),
 .UNSPECIFIED., .F., .F., .F.,
 ( 4, 1, 1, 1, 4 ),
 ( 2, 2 ),
 ( 0.0000000000000000000, 0.1999663862630204347, 0.4322528535164014141, 0.6994588868414921556, 1.000000000000000000 ),
 ( 0.0000000000000000000, 1.000000000000000000 ),
 .UNSPECIFIED. ) ;
#854 = VECTOR ( 'NONE', #4519, 1000.000000000000000 ) ;
#855 = CARTESIAN_POINT ( 'NONE',  ( -0.1838704722966365279, 0.03637770961557593857, 0.0000000000000000000 ) ) ;
#856 = CARTESIAN_POINT ( 'NONE',  ( 0.1239420277033635165, -0.05142716843320455783, 0.0000000000000000000 ) ) ;
#857 = VECTOR ( 'NONE', #4449, 1000.000000000000000 ) ;
#858 =( LENGTH_UNIT ( ) NAMED_UNIT ( * ) SI_UNIT ( .MILLI., .METRE. ) );
#859 = STYLED_ITEM ( 'NONE', ( #45 ), #1381 ) ;
#860 = CARTESIAN_POINT ( 'NONE',  ( 0.1154054423375098365, -0.003313601360033818517, 0.0000000000000000000 ) ) ;
#861 = DIRECTION ( 'NONE',  ( -0.0000000000000000000, 0.0000000000000000000, 1.000000000000000000 ) ) ;
#862 = PRESENTATION_STYLE_ASSIGNMENT (( #2045 ) ) ;
#863 = ORIENTED_EDGE ( 'NONE', *, *, #4842, .T. ) ;
#864 = FACE_OUTER_BOUND ( 'NONE', #4890, .T. ) ;
#865 =( GEOMETRIC_REPRESENTATION_CONTEXT ( 3 ) GLOBAL_UNCERTAINTY_ASSIGNED_CONTEXT ( ( #4267 ) ) GLOBAL_UNIT_ASSIGNED_CONTEXT ( ( #3123, #614, #1934 ) ) REPRESENTATION_CONTEXT ( 'NONE', 'WORKASPACE' ) );
#866 = FILL_AREA_STYLE_COLOUR ( '', #4774 ) ;
#867 = EDGE_LOOP ( 'NONE', ( #336, #5301, #2541, #2546 ) ) ;
#868 = CARTESIAN_POINT ( 'NONE',  ( -0.1838704722966365279, 0.03637770961557593857, 0.0000000000000000000 ) ) ;
#869 = COLOUR_RGB ( '',1.000000000000000000, 1.000000000000000000, 1.000000000000000000 ) ;
#870 = SURFACE_STYLE_FILL_AREA ( #5118 ) ;
#871 = CIRCLE ( 'NONE', #3919, 0.01000000000000000021 ) ;
#872 = EDGE_LOOP ( 'NONE', ( #2877, #2599, #2972, #1166 ) ) ;
#873 = CARTESIAN_POINT ( 'NONE',  ( 0.1098705188972897151, 0.02296328351735666892, 0.02000000000000000042 ) ) ;
#874 = ORIENTED_EDGE ( 'NONE', *, *, #2215, .F. ) ;
#875 = EDGE_CURVE ( 'NONE', #4462, #1754, #3183, .T. ) ;
#876 = DIRECTION ( 'NONE',  ( 0.0000000000000000000, 0.0000000000000000000, 1.000000000000000000 ) ) ;
#877 = FILL_AREA_STYLE ('',( #849 ) ) ;
#878 = ORIENTED_EDGE ( 'NONE', *, *, #4927, .T. ) ;
#879 = SURFACE_STYLE_FILL_AREA ( #4967 ) ;
#880 = VERTEX_POINT ( 'NONE', #4948 ) ;
#881 =( GEOMETRIC_REPRESENTATION_CONTEXT ( 3 ) GLOBAL_UNCERTAINTY_ASSIGNED_CONTEXT ( ( #3357 ) ) GLOBAL_UNIT_ASSIGNED_CONTEXT ( ( #1284, #781, #3720 ) ) REPRESENTATION_CONTEXT ( 'NONE', 'WORKASPACE' ) );
#882 = DIRECTION ( 'NONE',  ( -0.0000000000000000000, 0.0000000000000000000, 1.000000000000000000 ) ) ;
#883 = FACE_OUTER_BOUND ( 'NONE', #235, .T. ) ;
#884 = CARTESIAN_POINT ( 'NONE',  ( 0.1751615398984854577, -0.05142716843320455783, 0.0000000000000000000 ) ) ;
#885 = EDGE_CURVE ( 'NONE', #5109, #3035, #4919, .T. ) ;
#886 = CARTESIAN_POINT ( 'NONE',  ( -0.08077311106770804217, -0.05139253789558900082, 0.02000000000000000042 ) ) ;
#887 = LINE ( 'NONE', #2528, #465 ) ;
#888 = ORIENTED_EDGE ( 'NONE', *, *, #1439, .T. ) ;
#889 = LINE ( 'NONE', #2556, #1483 ) ;
#890 = EDGE_LOOP ( 'NONE', ( #4083, #2076, #3733, #4832 ) ) ;
#891 = CARTESIAN_POINT ( 'NONE',  ( -0.1147330947897678977, -0.02084589227115225471, 0.02000000000000000042 ) ) ;
#892 = SURFACE_SIDE_STYLE ('',( #3776 ) ) ;
#893 = VECTOR ( 'NONE', #2943, 1000.000000000000000 ) ;
#894 = FACE_OUTER_BOUND ( 'NONE', #379, .T. ) ;
#895 = CARTESIAN_POINT ( 'NONE',  ( 0.06853044233750983649, -0.05264668062832651013, 0.0000000000000000000 ) ) ;
#896 = ORIENTED_EDGE ( 'NONE', *, *, #3128, .T. ) ;
#897 = PRESENTATION_LAYER_ASSIGNMENT (  '', '', ( #1494 ) ) ;
#898 = SURFACE_STYLE_FILL_AREA ( #4613 ) ;
#899 = DIRECTION ( 'NONE',  ( 0.0000000000000000000, -0.0000000000000000000, -1.000000000000000000 ) ) ;
#900 = FILL_AREA_STYLE ('',( #2894 ) ) ;
#901 = STYLED_ITEM ( 'NONE', ( #862 ), #4914 ) ;
#902 = VERTEX_POINT ( 'NONE', #1964 ) ;
#903 = VECTOR ( 'NONE', #1512, 1000.000000000000000 ) ;
#904 = VERTEX_POINT ( 'NONE', #5268 ) ;
#905 =( NAMED_UNIT ( * ) SI_UNIT ( $, .STERADIAN. ) SOLID_ANGLE_UNIT ( ) );
#906 = DIRECTION ( 'NONE',  ( -1.000000000000000000, -0.0000000000000000000, -0.0000000000000000000 ) ) ;
#907 = PRESENTATION_STYLE_ASSIGNMENT (( #2181 ) ) ;
#908 = CARTESIAN_POINT ( 'NONE',  ( 0.07767263188985307210, -0.04025326456253874169, 0.02000000000000000042 ) ) ;
#909 = SURFACE_STYLE_FILL_AREA ( #4254 ) ;
#910 =( NAMED_UNIT ( * ) PLANE_ANGLE_UNIT ( ) SI_UNIT ( $, .RADIAN. ) );
#911 = ORIENTED_EDGE ( 'NONE', *, *, #239, .T. ) ;
#912 = EDGE_CURVE ( 'NONE', #603, #3704, #4493, .T. ) ;
#913 = EDGE_CURVE ( 'NONE', #747, #1774, #1708, .T. ) ;
#914 = FACE_OUTER_BOUND ( 'NONE', #2638, .T. ) ;
#915 = CARTESIAN_POINT ( 'NONE',  ( 0.05158664313440476656, 0.04882566533990075758, 0.02000000000000000042 ) ) ;
#916 = SURFACE_STYLE_USAGE ( .BOTH. , #2967 ) ;
#917 = ORIENTED_EDGE ( 'NONE', *, *, #2642, .F. ) ;
#918 = DIRECTION ( 'NONE',  ( -0.0000000000000000000, 0.0000000000000000000, 1.000000000000000000 ) ) ;
#919 = UNCERTAINTY_MEASURE_WITH_UNIT (LENGTH_MEASURE( 1.000000000000000082E-05 ), #2812, 'distance_accuracy_value', 'NONE');
#920 = LINE ( 'NONE', #1636, #5327 ) ;
#921 = SURFACE_STYLE_USAGE ( .BOTH. , #1742 ) ;
#922 = EDGE_LOOP ( 'NONE', ( #1006, #2229, #1286, #1614 ) ) ;
#923 = STYLED_ITEM ( 'NONE', ( #1462 ), #1703 ) ;
#924 = DIRECTION ( 'NONE',  ( 0.0000000000000000000, -1.000000000000000000, 0.0000000000000000000 ) ) ;
#925 = FILL_AREA_STYLE ('',( #3038 ) ) ;
#926 = FACE_OUTER_BOUND ( 'NONE', #4256, .T. ) ;
#927 = LINE ( 'NONE', #2209, #3350 ) ;
#928 = DIRECTION ( 'NONE',  ( 1.000000000000000000, 0.0000000000000000000, 0.0000000000000000000 ) ) ;
#929 = CARTESIAN_POINT ( 'NONE',  ( -0.1854139174185877870, 0.02936551449362471630, 0.02000000000000000042 ) ) ;
#930 = CARTESIAN_POINT ( 'NONE',  ( -1.000000000000000000, 0.7900000000000003686, 0.7800000000000000266 ) ) ;
#931 = PRESENTATION_LAYER_ASSIGNMENT (  '', '', ( #1367 ) ) ;
#932 = CARTESIAN_POINT ( 'NONE',  ( 0.09457224448562219499, -0.02836971210405437455, 0.02000000000000000042 ) ) ;
#933 = PRESENTATION_LAYER_ASSIGNMENT (  '', '', ( #6 ) ) ;
#934 = DIRECTION ( 'NONE',  ( 0.0000000000000000000, -1.000000000000000000, 0.0000000000000000000 ) ) ;
#935 = ORIENTED_EDGE ( 'NONE', *, *, #521, .T. ) ;
#936 = STYLED_ITEM ( 'NONE', ( #5026 ), #1074 ) ;
#937 = VECTOR ( 'NONE', #4984, 1000.000000000000000 ) ;
#938 =( GEOMETRIC_REPRESENTATION_CONTEXT ( 3 ) GLOBAL_UNCERTAINTY_ASSIGNED_CONTEXT ( ( #2851 ) ) GLOBAL_UNIT_ASSIGNED_CONTEXT ( ( #2663, #4381, #4035 ) ) REPRESENTATION_CONTEXT ( 'NONE', 'WORKASPACE' ) );
#939 = PRESENTATION_STYLE_ASSIGNMENT (( #4178 ) ) ;
#940 =( NAMED_UNIT ( * ) PLANE_ANGLE_UNIT ( ) SI_UNIT ( $, .RADIAN. ) );
#941 =( NAMED_UNIT ( * ) PLANE_ANGLE_UNIT ( ) SI_UNIT ( $, .RADIAN. ) );
#942 = EDGE_CURVE ( 'NONE', #2498, #4302, #2475, .T. ) ;
#943 = MECHANICAL_DESIGN_GEOMETRIC_PRESENTATION_REPRESENTATION (  '', ( #185 ), #606 ) ;
#944 = LINE ( 'NONE', #3857, #461 ) ;
#945 = MECHANICAL_DESIGN_GEOMETRIC_PRESENTATION_REPRESENTATION (  '', ( #187 ), #2330 ) ;
#946 = CARTESIAN_POINT ( 'NONE',  ( 0.09158621324189829271, 0.02767934171637870602, 0.02000000000000000042 ) ) ;
#947 = UNCERTAINTY_MEASURE_WITH_UNIT (LENGTH_MEASURE( 1.000000000000000082E-05 ), #3044, 'distance_accuracy_value', 'NONE');
#948 = CARTESIAN_POINT ( 'NONE',  ( 0.04384382486981364818, -0.04780552823045524508, 0.0000000000000000000 ) ) ;
#949 = ORIENTED_EDGE ( 'NONE', *, *, #2667, .T. ) ;
#950 = VECTOR ( 'NONE', #3786, 1000.000000000000000 ) ;
#951 = EDGE_CURVE ( 'NONE', #4361, #2165, #5328, .T. ) ;
#952 = CARTESIAN_POINT ( 'NONE',  ( -0.1838704722966365279, 0.03637770961557593857, 0.0000000000000000000 ) ) ;
#953 = UNCERTAINTY_MEASURE_WITH_UNIT (LENGTH_MEASURE( 1.000000000000000082E-05 ), #2847, 'distance_accuracy_value', 'NONE');
#954 = CARTESIAN_POINT ( 'NONE',  ( 0.09343212865948773149, 0.04164717381839320304, 0.0000000000000000000 ) ) ;
#955 = PLANE ( 'NONE',  #4324 ) ;
#956 = STYLED_ITEM ( 'NONE', ( #1093 ), #3424 ) ;
#957 = ORIENTED_EDGE ( 'NONE', *, *, #4338, .F. ) ;
#958 = SURFACE_SIDE_STYLE ('',( #3004 ) ) ;
#959 = CARTESIAN_POINT ( 'NONE',  ( 0.04193443144795444555, -0.03578638726564246225, 0.02000000000000000042 ) ) ;
#960 =( NAMED_UNIT ( * ) SI_UNIT ( $, .STERADIAN. ) SOLID_ANGLE_UNIT ( ) );
#961 = UNCERTAINTY_MEASURE_WITH_UNIT (LENGTH_MEASURE( 1.000000000000000082E-05 ), #4896, 'distance_accuracy_value', 'NONE');
#962 = FACE_OUTER_BOUND ( 'NONE', #2809, .T. ) ;
#963 = CARTESIAN_POINT ( 'NONE',  ( 0.06853044233750983649, -0.05264668062832651013, 0.0000000000000000000 ) ) ;
#964 = SURFACE_SIDE_STYLE ('',( #3585 ) ) ;
#965 = DIRECTION ( 'NONE',  ( 1.000000000000000000, -0.0000000000000000000, -0.0000000000000000000 ) ) ;
#966 = SURFACE_STYLE_USAGE ( .BOTH. , #2526 ) ;
#967 = SURFACE_STYLE_FILL_AREA ( #3824 ) ;
#968 = SURFACE_STYLE_FILL_AREA ( #5185 ) ;
#969 = CARTESIAN_POINT ( 'NONE',  ( 0.04193443144795444555, -0.03578638726564246225, 0.0000000000000000000 ) ) ;
#970 = ORIENTED_EDGE ( 'NONE', *, *, #4981, .F. ) ;
#971 = AXIS2_PLACEMENT_3D ( 'NONE', #1841, #3992, #227 ) ;
#972 = CARTESIAN_POINT ( 'NONE',  ( 0.07862035414570935077, -0.05189539677738639473, 0.0000000000000000000 ) ) ;
#973 = SURFACE_STYLE_FILL_AREA ( #3050 ) ;
#974 = CYLINDRICAL_SURFACE ( 'NONE', #1471, 0.01000000000000002623 ) ;
#975 = CARTESIAN_POINT ( 'NONE',  ( -0.1819459296137097282, 0.02936551449362471283, 0.0000000000000000000 ) ) ;
#976 = PRESENTATION_LAYER_ASSIGNMENT (  '', '', ( #2611 ) ) ;
#977 = CARTESIAN_POINT ( 'NONE',  ( -0.9899999999999999911, 0.7900000000000003686, 0.7699999999999999067 ) ) ;
#978 = MECHANICAL_DESIGN_GEOMETRIC_PRESENTATION_REPRESENTATION (  '', ( #4356 ), #3489 ) ;
#979 = LINE ( 'NONE', #2965, #2152 ) ;
#980 = SURFACE_STYLE_USAGE ( .BOTH. , #458 ) ;
#981 = VERTEX_POINT ( 'NONE', #807 ) ;
#982 =( NAMED_UNIT ( * ) SI_UNIT ( $, .STERADIAN. ) SOLID_ANGLE_UNIT ( ) );
#983 = CARTESIAN_POINT ( 'NONE',  ( 0.06989724173477566971, 0.04966788362273530377, 0.02000000000000000042 ) ) ;
#984 = CARTESIAN_POINT ( 'NONE',  ( -0.09524146424215233775, -0.04956532539632807488, 0.02000000000000000042 ) ) ;
#985 = EDGE_CURVE ( 'NONE', #4478, #1754, #2044, .T. ) ;
#986 = EDGE_CURVE ( 'NONE', #4694, #1247, #448, .T. ) ;
#987 = AXIS2_PLACEMENT_3D ( 'NONE', #5084, #4342, #624 ) ;
#988 = ORIENTED_EDGE ( 'NONE', *, *, #3430, .T. ) ;
#989 = DIRECTION ( 'NONE',  ( -0.0000000000000000000, -1.000000000000000000, 0.0000000000000000000 ) ) ;
#990 = ORIENTED_EDGE ( 'NONE', *, *, #1530, .T. ) ;
#991 = CARTESIAN_POINT ( 'NONE',  ( 0.1118964879191456235, 0.01826976955898181043, 0.0000000000000000000 ) ) ;
#992 = PRESENTATION_STYLE_ASSIGNMENT (( #3955 ) ) ;
#993 = ORIENTED_EDGE ( 'NONE', *, *, #12, .F. ) ;
#994 = CARTESIAN_POINT ( 'NONE',  ( 0.9899999999999999911, -0.7899999999999994804, 0.7800000000000000266 ) ) ;
#995 = SURFACE_STYLE_USAGE ( .BOTH. , #4706 ) ;
#996 = PRESENTATION_LAYER_ASSIGNMENT (  '', '', ( #2884 ) ) ;
#997 =( GEOMETRIC_REPRESENTATION_CONTEXT ( 3 ) GLOBAL_UNCERTAINTY_ASSIGNED_CONTEXT ( ( #1933 ) ) GLOBAL_UNIT_ASSIGNED_CONTEXT ( ( #4532, #4475, #3166 ) ) REPRESENTATION_CONTEXT ( 'NONE', 'WORKASPACE' ) );
#998 = PRESENTATION_STYLE_ASSIGNMENT (( #4012 ) ) ;
#999 = CARTESIAN_POINT ( 'NONE',  ( -0.1670259601015145756, -0.01240277818930212231, 0.0000000000000000000 ) ) ;
#1000 = ORIENTED_EDGE ( 'NONE', *, *, #3505, .F. ) ;
#1001 = DIRECTION ( 'NONE',  ( -0.0000000000000000000, 1.000000000000000000, -0.0000000000000000000 ) ) ;
#1002 = CARTESIAN_POINT ( 'NONE',  ( 0.0000000000000000000, 0.03759722181069789088, 0.02000000000000000042 ) ) ;
#1003 = CARTESIAN_POINT ( 'NONE',  ( -0.09203973886711298846, -0.03904060862152602257, 0.02000000000000000042 ) ) ;
#1004 = DIRECTION ( 'NONE',  ( -1.000000000000000000, 0.0000000000000000000, 0.0000000000000000000 ) ) ;
#1005 =( NAMED_UNIT ( * ) PLANE_ANGLE_UNIT ( ) SI_UNIT ( $, .RADIAN. ) );
#1006 = ORIENTED_EDGE ( 'NONE', *, *, #385, .T. ) ;
#1007 = SURFACE_SIDE_STYLE ('',( #1460 ) ) ;
#1008 = ORIENTED_EDGE ( 'NONE', *, *, #3950, .T. ) ;
#1009 = FILL_AREA_STYLE_COLOUR ( '', #427 ) ;
#1010 = EDGE_CURVE ( 'NONE', #4508, #2119, #2527, .T. ) ;
#1011 = DIRECTION ( 'NONE',  ( -0.0000000000000000000, 0.0000000000000000000, 1.000000000000000000 ) ) ;
#1012 = DIRECTION ( 'NONE',  ( 0.0000000000000000000, 1.000000000000000000, 0.0000000000000000000 ) ) ;
#1013 = FILL_AREA_STYLE ('',( #1860 ) ) ;
#1014 = CARTESIAN_POINT ( 'NONE',  ( -0.2297165088820023737, -0.05142716843320455783, 0.0000000000000000000 ) ) ;
#1015 = EDGE_CURVE ( 'NONE', #3924, #3138, #535, .T. ) ;
#1016 = MECHANICAL_DESIGN_GEOMETRIC_PRESENTATION_REPRESENTATION (  '', ( #4397 ), #1094 ) ;
#1017 = LINE ( 'NONE', #4805, #1807 ) ;
#1018 = CARTESIAN_POINT ( 'NONE',  ( 0.06853044233750983649, -0.05264668062832651013, 0.02000000000000000042 ) ) ;
#1019 = ORIENTED_EDGE ( 'NONE', *, *, #4719, .F. ) ;
#1020 = CARTESIAN_POINT ( 'NONE',  ( -0.1636532466868804436, -0.02337838794539967568, 0.0000000000000000000 ) ) ;
#1021 = COLOUR_RGB ( '',1.000000000000000000, 1.000000000000000000, 1.000000000000000000 ) ;
#1022 = PRESENTATION_LAYER_ASSIGNMENT (  '', '', ( #4403 ) ) ;
#1023 = ORIENTED_EDGE ( 'NONE', *, *, #4632, .F. ) ;
#1024 = CARTESIAN_POINT ( 'NONE',  ( -0.09060981017181361785, 0.04784169697608967042, 0.0000000000000000000 ) ) ;
#1025 = DIRECTION ( 'NONE',  ( -1.000000000000000000, -0.0000000000000000000, -0.0000000000000000000 ) ) ;
#1026 = MECHANICAL_DESIGN_GEOMETRIC_PRESENTATION_REPRESENTATION (  '', ( #1367 ), #258 ) ;
#1027 = MECHANICAL_DESIGN_GEOMETRIC_PRESENTATION_REPRESENTATION (  '', ( #3355 ), #938 ) ;
#1028 = STYLED_ITEM ( 'NONE', ( #5290 ), #1244 ) ;
#1029 = DIRECTION ( 'NONE',  ( 1.000000000000000000, -0.0000000000000000000, -0.0000000000000000000 ) ) ;
#1030 = ORIENTED_EDGE ( 'NONE', *, *, #1144, .T. ) ;
#1031 = COLOUR_RGB ( '',1.000000000000000000, 1.000000000000000000, 1.000000000000000000 ) ;
#1032 = FILL_AREA_STYLE_COLOUR ( '', #3503 ) ;
#1033 = VECTOR ( 'NONE', #166, 1000.000000000000000 ) ;
#1034 = CARTESIAN_POINT ( 'NONE',  ( 1.000000000000000000, -0.7899999999999994804, 0.7699999999999999067 ) ) ;
#1035 = MECHANICAL_DESIGN_GEOMETRIC_PRESENTATION_REPRESENTATION (  '', ( #3542 ), #5008 ) ;
#1036 = PRESENTATION_LAYER_ASSIGNMENT (  '', '', ( #3996 ) ) ;
#1037 = ORIENTED_EDGE ( 'NONE', *, *, #2952, .T. ) ;
#1038 = CARTESIAN_POINT ( 'NONE',  ( 0.1152766537620042442, 0.002439584907804642072, 0.0000000000000000000 ) ) ;
#1039 = CARTESIAN_POINT ( 'NONE',  ( 0.04871327618632094458, 0.04829038940071268826, 0.02000000000000000042 ) ) ;
#1040 = EDGE_LOOP ( 'NONE', ( #2126, #988, #2482, #2258 ) ) ;
#1041 = FACE_OUTER_BOUND ( 'NONE', #2135, .T. ) ;
#1042 = AXIS2_PLACEMENT_3D ( 'NONE', #1337, #446, #2095 ) ;
#1043 = FACE_OUTER_BOUND ( 'NONE', #2427, .T. ) ;
#1044 = CARTESIAN_POINT ( 'NONE',  ( 0.08595864948623298252, 0.03256803067924403383, 0.0000000000000000000 ) ) ;
#1045 = CARTESIAN_POINT ( 'NONE',  ( 0.04671225841693495140, -0.03810265946404272491, 0.0000000000000000000 ) ) ;
#1046 = ORIENTED_EDGE ( 'NONE', *, *, #3605, .T. ) ;
#1047 = DIRECTION ( 'NONE',  ( -0.0000000000000000000, -0.0000000000000000000, 1.000000000000000000 ) ) ;
#1048 = ADVANCED_FACE ( 'NONE', ( #2216 ), #2930, .T. ) ;
#1049 =( LENGTH_UNIT ( ) NAMED_UNIT ( * ) SI_UNIT ( .MILLI., .METRE. ) );
#1050 = EDGE_CURVE ( 'NONE', #3285, #5289, #163, .T. ) ;
#1051 = PLANE ( 'NONE',  #5105 ) ;
#1052 = CARTESIAN_POINT ( 'NONE',  ( -0.07988800278444142811, 0.04857283156679546160, 0.0000000000000000000 ) ) ;
#1053 = SURFACE_STYLE_USAGE ( .BOTH. , #1846 ) ;
#1054 = MECHANICAL_DESIGN_GEOMETRIC_PRESENTATION_REPRESENTATION (  '', ( #4349 ), #3662 ) ;
#1055 = CARTESIAN_POINT ( 'NONE',  ( -0.1146300698612278679, 0.01957611370772588053, 0.02000000000000000042 ) ) ;
#1056 = VERTEX_POINT ( 'NONE', #5050 ) ;
#1057 = CARTESIAN_POINT ( 'NONE',  ( 0.1751615398984854577, -0.05142716843320455783, 0.02000000000000000042 ) ) ;
#1058 = CARTESIAN_POINT ( 'NONE',  ( 0.04101519843507079460, -0.03526863184783870370, 0.02000000000000000042 ) ) ;
#1059 = CARTESIAN_POINT ( 'NONE',  ( 0.06989724173477566971, 0.04966788362273530377, 0.0000000000000000000 ) ) ;
#1060 = MECHANICAL_DESIGN_GEOMETRIC_PRESENTATION_REPRESENTATION (  '', ( #46 ), #4620 ) ;
#1061 = SURFACE_STYLE_USAGE ( .BOTH. , #3093 ) ;
#1062 = FILL_AREA_STYLE_COLOUR ( '', #2006 ) ;
#1063 = CARTESIAN_POINT ( 'NONE',  ( -0.1838704722966365279, 0.03637770961557593857, 0.02000000000000000042 ) ) ;
#1064 = LINE ( 'NONE', #3538, #2109 ) ;
#1065 = ORIENTED_EDGE ( 'NONE', *, *, #4460, .F. ) ;
#1066 = CARTESIAN_POINT ( 'NONE',  ( -1.000000000000000000, 0.7900000000000003686, -0.02000000000000000042 ) ) ;
#1067 = STYLED_ITEM ( 'NONE', ( #2267 ), #4982 ) ;
#1068 =( LENGTH_UNIT ( ) NAMED_UNIT ( * ) SI_UNIT ( .MILLI., .METRE. ) );
#1069 =( NAMED_UNIT ( * ) PLANE_ANGLE_UNIT ( ) SI_UNIT ( $, .RADIAN. ) );
#1070 = FILL_AREA_STYLE ('',( #3520 ) ) ;
#1071 = CARTESIAN_POINT ( 'NONE',  ( -0.02971650888200237303, 0.03759722181069789088, 0.02000000000000000042 ) ) ;
#1072 = EDGE_CURVE ( 'NONE', #3495, #3007, #83, .T. ) ;
#1073 = AXIS2_PLACEMENT_3D ( 'NONE', #3139, #1390, #2279 ) ;
#1074 = ADVANCED_FACE ( 'NONE', ( #2504 ), #2153, .F. ) ;
#1075 = CARTESIAN_POINT ( 'NONE',  ( -0.1187408991259047975, -0.0004553696527167494751, 0.0000000000000000000 ) ) ;
#1076 = DIRECTION ( 'NONE',  ( 1.000000000000000000, 0.0000000000000000000, 0.0000000000000000000 ) ) ;
#1077 = VERTEX_POINT ( 'NONE', #1063 ) ;
#1078 = DIRECTION ( 'NONE',  ( 0.0000000000000000000, 0.0000000000000000000, 1.000000000000000000 ) ) ;
#1079 = FACE_OUTER_BOUND ( 'NONE', #2301, .T. ) ;
#1080 = UNCERTAINTY_MEASURE_WITH_UNIT (LENGTH_MEASURE( 1.000000000000000082E-05 ), #4907, 'distance_accuracy_value', 'NONE');
#1081 = EDGE_CURVE ( 'NONE', #1077, #981, #4384, .T. ) ;
#1082 =( NAMED_UNIT ( * ) PLANE_ANGLE_UNIT ( ) SI_UNIT ( $, .RADIAN. ) );
#1083 = EDGE_LOOP ( 'NONE', ( #1037, #2029, #575, #3519 ) ) ;
#1084 = DIRECTION ( 'NONE',  ( -0.0000000000000000000, 0.0000000000000000000, 1.000000000000000000 ) ) ;
#1085 = CARTESIAN_POINT ( 'NONE',  ( 0.08474990705878564234, 0.04624197434836613968, 0.02000000000000000389 ) ) ;
#1086 =( NAMED_UNIT ( * ) SI_UNIT ( $, .STERADIAN. ) SOLID_ANGLE_UNIT ( ) );
#1087 = CARTESIAN_POINT ( 'NONE',  ( -0.08532739575320043290, 0.04845159250038415244, 0.02000000000000000042 ) ) ;
#1088 = LINE ( 'NONE', #4708, #4826 ) ;
#1089 = CARTESIAN_POINT ( 'NONE',  ( 0.4000000000000000777, 0.8000000000000003775, -0.02000000000000000042 ) ) ;
#1090 = ORIENTED_EDGE ( 'NONE', *, *, #5124, .T. ) ;
#1091 = LINE ( 'NONE', #2269, #1033 ) ;
#1092 = FILL_AREA_STYLE ('',( #4809 ) ) ;
#1093 = PRESENTATION_STYLE_ASSIGNMENT (( #4736 ) ) ;
#1094 =( GEOMETRIC_REPRESENTATION_CONTEXT ( 3 ) GLOBAL_UNCERTAINTY_ASSIGNED_CONTEXT ( ( #947 ) ) GLOBAL_UNIT_ASSIGNED_CONTEXT ( ( #3044, #473, #2929 ) ) REPRESENTATION_CONTEXT ( 'NONE', 'WORKASPACE' ) );
#1095 = CARTESIAN_POINT ( 'NONE',  ( -0.08172518919107638058, 0.04853188237153721607, 0.0000000000000000000 ) ) ;
#1096 = DIRECTION ( 'NONE',  ( 0.0000000000000000000, 0.0000000000000000000, 1.000000000000000000 ) ) ;
#1097 = ORIENTED_EDGE ( 'NONE', *, *, #126, .T. ) ;
#1098 = STYLED_ITEM ( 'NONE', ( #3053 ), #1943 ) ;
#1099 = PRESENTATION_STYLE_ASSIGNMENT (( #3157 ) ) ;
#1100 = DIRECTION ( 'NONE',  ( 0.0000000000000000000, -1.000000000000000000, 0.0000000000000000000 ) ) ;
#1101 = CARTESIAN_POINT ( 'NONE',  ( -0.07983083815029506924, 0.03759722181069789088, 0.0000000000000000000 ) ) ;
#1102 = ORIENTED_EDGE ( 'NONE', *, *, #2466, .F. ) ;
#1103 = EDGE_CURVE ( 'NONE', #5336, #3739, #1017, .T. ) ;
#1104 = COLOUR_RGB ( '',1.000000000000000000, 1.000000000000000000, 1.000000000000000000 ) ;
#1105 = COLOUR_RGB ( '',0.2509803921568627416, 0.2509803921568627416, 0.2509803921568627416 ) ;
#1106 = DIRECTION ( 'NONE',  ( 0.0000000000000000000, -1.000000000000000000, 0.0000000000000000000 ) ) ;
#1107 = VECTOR ( 'NONE', #3426, 1000.000000000000114 ) ;
#1108 =( LENGTH_UNIT ( ) NAMED_UNIT ( * ) SI_UNIT ( .MILLI., .METRE. ) );
#1109 = AXIS2_PLACEMENT_3D ( 'NONE', #1922, #2832, #1509 ) ;
#1110 = EDGE_CURVE ( 'NONE', #3131, #1908, #617, .T. ) ;
#1111 = ORIENTED_EDGE ( 'NONE', *, *, #3605, .F. ) ;
#1112 = EDGE_CURVE ( 'NONE', #4361, #4454, #1088, .T. ) ;
#1113 =( GEOMETRIC_REPRESENTATION_CONTEXT ( 3 ) GLOBAL_UNCERTAINTY_ASSIGNED_CONTEXT ( ( #3008 ) ) GLOBAL_UNIT_ASSIGNED_CONTEXT ( ( #3445, #1398, #1907 ) ) REPRESENTATION_CONTEXT ( 'NONE', 'WORKASPACE' ) );
#1114 = CARTESIAN_POINT ( 'NONE',  ( 0.04101519843507079460, -0.03526863184783870370, 0.0000000000000000000 ) ) ;
#1115 =( NAMED_UNIT ( * ) PLANE_ANGLE_UNIT ( ) SI_UNIT ( $, .RADIAN. ) );
#1116 = SURFACE_SIDE_STYLE ('',( #1571 ) ) ;
#1117 = MECHANICAL_DESIGN_GEOMETRIC_PRESENTATION_REPRESENTATION (  '', ( #4583 ), #94 ) ;
#1118 = COLOUR_RGB ( '',0.7529411764705882248, 0.7529411764705882248, 0.7529411764705882248 ) ;
#1119 = PRESENTATION_STYLE_ASSIGNMENT (( #4007 ) ) ;
#1120 = MECHANICAL_DESIGN_GEOMETRIC_PRESENTATION_REPRESENTATION (  '', ( #3996 ), #865 ) ;
#1121 = UNCERTAINTY_MEASURE_WITH_UNIT (LENGTH_MEASURE( 1.000000000000000082E-05 ), #3833, 'distance_accuracy_value', 'NONE');
#1122 =( NAMED_UNIT ( * ) PLANE_ANGLE_UNIT ( ) SI_UNIT ( $, .RADIAN. ) );
#1123 = PRESENTATION_STYLE_ASSIGNMENT (( #3310 ) ) ;
#1124 = PRESENTATION_LAYER_ASSIGNMENT (  '', '', ( #3552 ) ) ;
#1125 = DIRECTION ( 'NONE',  ( -1.000000000000000000, 0.0000000000000000000, 0.0000000000000000000 ) ) ;
#1126 = LINE ( 'NONE', #2345, #4453 ) ;
#1127 = UNCERTAINTY_MEASURE_WITH_UNIT (LENGTH_MEASURE( 1.000000000000000082E-05 ), #1970, 'distance_accuracy_value', 'NONE');
#1128 = VECTOR ( 'NONE', #3518, 1000.000000000000000 ) ;
#1129 =( NAMED_UNIT ( * ) SI_UNIT ( $, .STERADIAN. ) SOLID_ANGLE_UNIT ( ) );
#1130 = CARTESIAN_POINT ( 'NONE',  ( 0.07048874425017929990, -0.04157296250799649012, 0.0000000000000000000 ) ) ;
#1131 = APPLICATION_PROTOCOL_DEFINITION ( 'draft international standard', 'automotive_design', 1998, #2888 ) ;
#1132 = LINE ( 'NONE', #2553, #2964 ) ;
#1133 =( LENGTH_UNIT ( ) NAMED_UNIT ( * ) SI_UNIT ( .MILLI., .METRE. ) );
#1134 = CARTESIAN_POINT ( 'NONE',  ( -0.1186444238893666486, 0.004054006731770695877, 0.02000000000000000042 ) ) ;
#1135 = CARTESIAN_POINT ( 'NONE',  ( -0.9899999999999995470, -0.7999999999999994893, 0.7699999999999999067 ) ) ;
#1136 = ORIENTED_EDGE ( 'NONE', *, *, #718, .T. ) ;
#1137 = MECHANICAL_DESIGN_GEOMETRIC_PRESENTATION_REPRESENTATION (  '', ( #2002 ), #3562 ) ;
#1138 = CARTESIAN_POINT ( 'NONE',  ( -0.1050472205807122528, 0.04349497766773110369, 0.0000000000000000000 ) ) ;
#1139 = FACE_OUTER_BOUND ( 'NONE', #3409, .T. ) ;
#1140 = AXIS2_PLACEMENT_3D ( 'NONE', #5228, #4002, #4398 ) ;
#1141 = FILL_AREA_STYLE_COLOUR ( '', #3354 ) ;
#1142 = ORIENTED_EDGE ( 'NONE', *, *, #2398, .T. ) ;
#1143 = ADVANCED_FACE ( 'NONE', ( #295 ), #1473, .T. ) ;
#1144 = EDGE_CURVE ( 'NONE', #3209, #808, #4154, .T. ) ;
#1145 = CARTESIAN_POINT ( 'NONE',  ( 0.008088369166778127534, 0.0000000000000000000, 0.02000000000000000042 ) ) ;
#1146 = CARTESIAN_POINT ( 'NONE',  ( 0.06338528676293260500, 0.04978400931835656046, 0.0000000000000000000 ) ) ;
#1147 = FILL_AREA_STYLE ('',( #3621 ) ) ;
#1148 = ORIENTED_EDGE ( 'NONE', *, *, #4369, .T. ) ;
#1149 = FILL_AREA_STYLE ('',( #3207 ) ) ;
#1150 = CARTESIAN_POINT ( 'NONE',  ( 0.1154054423375098365, -0.003313601360033818517, 0.0000000000000000000 ) ) ;
#1151 = VERTEX_POINT ( 'NONE', #270 ) ;
#1152 = PRESENTATION_STYLE_ASSIGNMENT (( #2770 ) ) ;
#1153 = DIRECTION ( 'NONE',  ( 1.000000000000000000, -0.0000000000000000000, 0.0000000000000000000 ) ) ;
#1154 = CARTESIAN_POINT ( 'NONE',  ( -0.9899999999999995470, -0.7999999999999994893, 0.7800000000000000266 ) ) ;
#1155 = CARTESIAN_POINT ( 'NONE',  ( -0.1207979877134134072, -0.03385970539481899383, 0.02000000000000000042 ) ) ;
#1156 = CARTESIAN_POINT ( 'NONE',  ( -0.1162138438112908373, -0.01727236333665209747, 0.02000000000000000042 ) ) ;
#1157 = DIRECTION ( 'NONE',  ( -1.000000000000000000, 0.0000000000000000000, 0.0000000000000000000 ) ) ;
#1158 = VECTOR ( 'NONE', #3098, 1000.000000000000000 ) ;
#1159 = FILL_AREA_STYLE ('',( #1649 ) ) ;
#1160 = SURFACE_SIDE_STYLE ('',( #5305 ) ) ;
#1161 = STYLED_ITEM ( 'NONE', ( #4455 ), #4271 ) ;
#1162 =( NAMED_UNIT ( * ) PLANE_ANGLE_UNIT ( ) SI_UNIT ( $, .RADIAN. ) );
#1163 = CARTESIAN_POINT ( 'NONE',  ( -0.1001941553994982886, -0.04800625008999960530, 0.0000000000000000000 ) ) ;
#1164 = LINE ( 'NONE', #5311, #1330 ) ;
#1165 = DIRECTION ( 'NONE',  ( -1.000000000000000000, 0.0000000000000000000, 0.0000000000000000000 ) ) ;
#1166 = ORIENTED_EDGE ( 'NONE', *, *, #3949, .F. ) ;
#1167 =( NAMED_UNIT ( * ) SI_UNIT ( $, .STERADIAN. ) SOLID_ANGLE_UNIT ( ) );
#1168 = CARTESIAN_POINT ( 'NONE',  ( -0.1207878485692780307, 0.03196572735814425664, 0.02000000000000000042 ) ) ;
#1169 = EDGE_CURVE ( 'NONE', #1930, #5051, #1422, .T. ) ;
#1170 =( LENGTH_UNIT ( ) NAMED_UNIT ( * ) SI_UNIT ( .MILLI., .METRE. ) );
#1171 = ORIENTED_EDGE ( 'NONE', *, *, #4171, .F. ) ;
#1172 = CARTESIAN_POINT ( 'NONE',  ( 0.06453606230644831632, -0.05259983327356741734, 0.02000000000000000042 ) ) ;
#1173 = CARTESIAN_POINT ( 'NONE',  ( 0.09962625138840433547, -0.01863039224759559589, 0.0000000000000000000 ) ) ;
#1174 = EDGE_CURVE ( 'NONE', #1748, #3428, #2646, .T. ) ;
#1175 = CARTESIAN_POINT ( 'NONE',  ( -0.1048898662457494746, -0.04604253132869329246, 0.02000000000000000042 ) ) ;
#1176 = DIRECTION ( 'NONE',  ( 0.0000000000000000000, 0.0000000000000000000, 1.000000000000000000 ) ) ;
#1177 = EDGE_LOOP ( 'NONE', ( #3461, #612, #1142, #3047 ) ) ;
#1178 = CARTESIAN_POINT ( 'NONE',  ( 0.04645198054649440911, 0.03524203262813537657, 0.02000000000000000042 ) ) ;
#1179 = CARTESIAN_POINT ( 'NONE',  ( 0.08702612387646217751, -0.03577395927201010295, 0.0000000000000000000 ) ) ;
#1180 = CARTESIAN_POINT ( 'NONE',  ( 0.008088369166778127534, 0.03759722181069789088, 0.0000000000000000000 ) ) ;
#1181 = CARTESIAN_POINT ( 'NONE',  ( 0.04343406185676467607, 0.04681079911963936108, 0.0000000000000000000 ) ) ;
#1182 = LINE ( 'NONE', #3221, #3060 ) ;
#1183 =( GEOMETRIC_REPRESENTATION_CONTEXT ( 3 ) GLOBAL_UNCERTAINTY_ASSIGNED_CONTEXT ( ( #2628 ) ) GLOBAL_UNIT_ASSIGNED_CONTEXT ( ( #5016, #124, #101 ) ) REPRESENTATION_CONTEXT ( 'NONE', 'WORKASPACE' ) );
#1184 = STYLED_ITEM ( 'NONE', ( #177 ), #683 ) ;
#1185 = VECTOR ( 'NONE', #4145, 1000.000000000000000 ) ;
#1186 = CARTESIAN_POINT ( 'NONE',  ( 0.09343212865948773149, 0.04164717381839320304, 0.02000000000000000042 ) ) ;
#1187 =( NAMED_UNIT ( * ) PLANE_ANGLE_UNIT ( ) SI_UNIT ( $, .RADIAN. ) );
#1188 = ORIENTED_EDGE ( 'NONE', *, *, #1498, .F. ) ;
#1189 = COLOUR_RGB ( '',0.2509803921568627416, 0.2509803921568627416, 0.2509803921568627416 ) ;
#1190 = AXIS2_PLACEMENT_3D ( 'NONE', #1519, #393, #1125 ) ;
#1191 = SURFACE_SIDE_STYLE ('',( #4904 ) ) ;
#1192 = PRESENTATION_LAYER_ASSIGNMENT (  '', '', ( #3907 ) ) ;
#1193 = CARTESIAN_POINT ( 'NONE',  ( 0.06853044233750983649, -0.05264668062832651013, 0.0000000000000000000 ) ) ;
#1194 = ORIENTED_EDGE ( 'NONE', *, *, #4011, .T. ) ;
#1195 = CARTESIAN_POINT ( 'NONE',  ( 0.08920969066867187602, 0.04416724870735824066, 0.0000000000000000000 ) ) ;
#1196 = VERTEX_POINT ( 'NONE', #4780 ) ;
#1197 = PRESENTATION_LAYER_ASSIGNMENT (  '', '', ( #17 ) ) ;
#1198 =( NAMED_UNIT ( * ) SI_UNIT ( $, .STERADIAN. ) SOLID_ANGLE_UNIT ( ) );
#1199 = CARTESIAN_POINT ( 'NONE',  ( 0.06065653541333340670, -0.05228253497242613818, 0.0000000000000000000 ) ) ;
#1200 = CARTESIAN_POINT ( 'NONE',  ( -0.1285359573347171769, -0.02111682764777812749, 0.02000000000000000042 ) ) ;
#1201 = CARTESIAN_POINT ( 'NONE',  ( -0.4000000000000000777, 0.8000000000000003775, -0.02000000000000000042 ) ) ;
#1202 = CARTESIAN_POINT ( 'NONE',  ( 0.08595864948623298252, 0.03256803067924403383, 0.0000000000000000000 ) ) ;
#1203 = VERTEX_POINT ( 'NONE', #1864 ) ;
#1204 = EDGE_CURVE ( 'NONE', #4248, #172, #1831, .T. ) ;
#1205 = MECHANICAL_DESIGN_GEOMETRIC_PRESENTATION_REPRESENTATION (  '', ( #784 ), #5192 ) ;
#1206 = SURFACE_SIDE_STYLE ('',( #1675 ) ) ;
#1207 = ADVANCED_FACE ( 'NONE', ( #314 ), #371, .F. ) ;
#1208 = FILL_AREA_STYLE ('',( #2354 ) ) ;
#1209 =( NAMED_UNIT ( * ) SI_UNIT ( $, .STERADIAN. ) SOLID_ANGLE_UNIT ( ) );
#1210 = VECTOR ( 'NONE', #752, 1000.000000000000000 ) ;
#1211 = FILL_AREA_STYLE ('',( #3299 ) ) ;
#1212 = DIRECTION ( 'NONE',  ( 1.000000000000000000, 0.0000000000000000000, 0.0000000000000000000 ) ) ;
#1213 = PRESENTATION_STYLE_ASSIGNMENT (( #761 ) ) ;
#1214 = LINE ( 'NONE', #3252, #4616 ) ;
#1215 = ORIENTED_EDGE ( 'NONE', *, *, #951, .F. ) ;
#1216 = PRESENTATION_LAYER_ASSIGNMENT (  '', '', ( #2002 ) ) ;
#1217 = CARTESIAN_POINT ( 'NONE',  ( 0.05958243107669197042, -0.04130315926347703781, 0.0000000000000000000 ) ) ;
#1218 = CARTESIAN_POINT ( 'NONE',  ( 0.0000000000000000000, -0.7899999999999994804, 0.0000000000000000000 ) ) ;
#1219 = VECTOR ( 'NONE', #106, 1000.000000000000000 ) ;
#1220 = FILL_AREA_STYLE_COLOUR ( '', #5341 ) ;
#1221 = CARTESIAN_POINT ( 'NONE',  ( 0.1083130372835968969, -0.03183725421793539428, 0.0000000000000000000 ) ) ;
#1222 = ORIENTED_EDGE ( 'NONE', *, *, #1973, .F. ) ;
#1223 = LINE ( 'NONE', #4240, #5155 ) ;
#1224 = UNCERTAINTY_MEASURE_WITH_UNIT (LENGTH_MEASURE( 1.000000000000000082E-05 ), #2899, 'distance_accuracy_value', 'NONE');
#1225 =( NAMED_UNIT ( * ) PLANE_ANGLE_UNIT ( ) SI_UNIT ( $, .RADIAN. ) );
#1226 = CARTESIAN_POINT ( 'NONE',  ( -0.0000000000000000000, -0.04045155867710700098, 0.02000000000000000042 ) ) ;
#1227 = CARTESIAN_POINT ( 'NONE',  ( 0.07417098485874032421, -0.04106820557721985177, 0.0000000000000000000 ) ) ;
#1228 = CARTESIAN_POINT ( 'NONE',  ( -0.09001032846887320471, -0.05062682324193565342, 0.02000000000000000042 ) ) ;
#1229 = CARTESIAN_POINT ( 'NONE',  ( -0.09581999013015034261, -0.03790555913895841261, 0.0000000000000000000 ) ) ;
#1230 = DIRECTION ( 'NONE',  ( 0.0000000000000000000, 1.000000000000000000, -0.0000000000000000000 ) ) ;
#1231 = ORIENTED_EDGE ( 'NONE', *, *, #4562, .T. ) ;
#1232 = CARTESIAN_POINT ( 'NONE',  ( 0.06128889015730553530, 0.03876918760082434523, 0.0000000000000000000 ) ) ;
#1233 = COLOUR_RGB ( '',1.000000000000000000, 1.000000000000000000, 1.000000000000000000 ) ;
#1234 = CARTESIAN_POINT ( 'NONE',  ( 0.08097693379508863476, -0.03909078204322806449, 0.02000000000000000042 ) ) ;
#1235 = CARTESIAN_POINT ( 'NONE',  ( 1.000000000000000000, 0.8000000000000003775, -0.02000000000000000042 ) ) ;
#1236 = EDGE_CURVE ( 'NONE', #1353, #1917, #4437, .T. ) ;
#1237 = EDGE_CURVE ( 'NONE', #4880, #3508, #3711, .T. ) ;
#1238 = CARTESIAN_POINT ( 'NONE',  ( -0.1854139174185877315, 0.02936551449362472671, 0.0000000000000000000 ) ) ;
#1239 = VECTOR ( 'NONE', #3184, 1000.000000000000000 ) ;
#1240 = ORIENTED_EDGE ( 'NONE', *, *, #4957, .F. ) ;
#1241 = CARTESIAN_POINT ( 'NONE',  ( 0.02150300331311958205, 0.04857283156679546160, 0.02000000000000000042 ) ) ;
#1242 =( GEOMETRIC_REPRESENTATION_CONTEXT ( 3 ) GLOBAL_UNCERTAINTY_ASSIGNED_CONTEXT ( ( #1545 ) ) GLOBAL_UNIT_ASSIGNED_CONTEXT ( ( #2485, #489, #4185 ) ) REPRESENTATION_CONTEXT ( 'NONE', 'WORKASPACE' ) );
#1243 = ORIENTED_EDGE ( 'NONE', *, *, #2432, .T. ) ;
#1244 = ADVANCED_FACE ( 'NONE', ( #1608 ), #2388, .F. ) ;
#1245 =( NAMED_UNIT ( * ) SI_UNIT ( $, .STERADIAN. ) SOLID_ANGLE_UNIT ( ) );
#1246 = CARTESIAN_POINT ( 'NONE',  ( 0.1134874563530763741, 0.01328668029103743063, 0.02000000000000000042 ) ) ;
#1247 = VERTEX_POINT ( 'NONE', #4247 ) ;
#1248 = FILL_AREA_STYLE_COLOUR ( '', #5186 ) ;
#1249 = FACE_OUTER_BOUND ( 'NONE', #867, .T. ) ;
#1250 =( NAMED_UNIT ( * ) PLANE_ANGLE_UNIT ( ) SI_UNIT ( $, .RADIAN. ) );
#1251 =( NAMED_UNIT ( * ) PLANE_ANGLE_UNIT ( ) SI_UNIT ( $, .RADIAN. ) );
#1252 = EDGE_LOOP ( 'NONE', ( #1822, #4713, #4673, #411 ) ) ;
#1253 = SURFACE_SIDE_STYLE ('',( #879 ) ) ;
#1254 = CARTESIAN_POINT ( 'NONE',  ( 0.06337843058607976754, 0.03880077994618596343, 0.02000000000000000042 ) ) ;
#1255 = DIRECTION ( 'NONE',  ( 0.0000000000000000000, 0.0000000000000000000, 1.000000000000000000 ) ) ;
#1256 = CARTESIAN_POINT ( 'NONE',  ( -0.2004672710771243649, -0.01240277818930211537, 0.02000000000000000042 ) ) ;
#1257 = CARTESIAN_POINT ( 'NONE',  ( -0.1207979877134134072, -0.03385970539481899383, 0.0000000000000000000 ) ) ;
#1258 = DIRECTION ( 'NONE',  ( -0.0000000000000000000, 0.0000000000000000000, 1.000000000000000000 ) ) ;
#1259 = CARTESIAN_POINT ( 'NONE',  ( 0.09799102527512412730, 0.01818774226292128871, 0.0000000000000000000 ) ) ;
#1260 = ORIENTED_EDGE ( 'NONE', *, *, #4728, .F. ) ;
#1261 = PRESENTATION_STYLE_ASSIGNMENT (( #244 ) ) ;
#1262 = DIRECTION ( 'NONE',  ( 1.000000000000000000, 2.710505431213761578E-16, -0.0000000000000000000 ) ) ;
#1263 = CARTESIAN_POINT ( 'NONE',  ( -0.1842650110243087280, 0.03419052025293263519, 0.0000000000000000000 ) ) ;
#1264 = DIRECTION ( 'NONE',  ( -0.0000000000000000000, 1.000000000000000000, -0.0000000000000000000 ) ) ;
#1265 = ADVANCED_FACE ( 'NONE', ( #128 ), #32, .T. ) ;
#1266 = CARTESIAN_POINT ( 'NONE',  ( 0.04101519843507079460, -0.03526863184783870370, 0.0000000000000000000 ) ) ;
#1267 = EDGE_LOOP ( 'NONE', ( #3420, #3775, #3353, #3916 ) ) ;
#1268 = DIRECTION ( 'NONE',  ( 1.000000000000000000, 0.0000000000000000000, 0.0000000000000000000 ) ) ;
#1269 = SURFACE_STYLE_USAGE ( .BOTH. , #2140 ) ;
#1270 = ORIENTED_EDGE ( 'NONE', *, *, #4592, .F. ) ;
#1271 = SURFACE_STYLE_FILL_AREA ( #4985 ) ;
#1272 = ADVANCED_FACE ( 'NONE', ( #926 ), #1359, .T. ) ;
#1273 = EDGE_CURVE ( 'NONE', #347, #408, #2733, .T. ) ;
#1274 = COLOUR_RGB ( '',1.000000000000000000, 1.000000000000000000, 1.000000000000000000 ) ;
#1275 = ORIENTED_EDGE ( 'NONE', *, *, #1875, .F. ) ;
#1276 = LINE ( 'NONE', #2493, #1816 ) ;
#1277 = VECTOR ( 'NONE', #4318, 1000.000000000000000 ) ;
#1278 = EDGE_LOOP ( 'NONE', ( #15, #2464, #4421, #2420 ) ) ;
#1279 = PRESENTATION_STYLE_ASSIGNMENT (( #78 ) ) ;
#1280 = PLANE ( 'NONE',  #451 ) ;
#1281 = STYLED_ITEM ( 'NONE', ( #2362 ), #159 ) ;
#1282 = SURFACE_STYLE_FILL_AREA ( #3340 ) ;
#1283 =( NAMED_UNIT ( * ) SI_UNIT ( $, .STERADIAN. ) SOLID_ANGLE_UNIT ( ) );
#1284 =( LENGTH_UNIT ( ) NAMED_UNIT ( * ) SI_UNIT ( .MILLI., .METRE. ) );
#1285 = CARTESIAN_POINT ( 'NONE',  ( 0.1019561767432239086, -0.0009496325096544256002, 0.02000000000000000042 ) ) ;
#1286 = ORIENTED_EDGE ( 'NONE', *, *, #2060, .F. ) ;
#1287 = COLOUR_RGB ( '',1.000000000000000000, 1.000000000000000000, 1.000000000000000000 ) ;
#1288 = FILL_AREA_STYLE ('',( #4258 ) ) ;
#1289 = ORIENTED_EDGE ( 'NONE', *, *, #783, .T. ) ;
#1290 = CARTESIAN_POINT ( 'NONE',  ( 0.008088369166778127534, 0.03759722181069789088, 0.0000000000000000000 ) ) ;
#1291 = MECHANICAL_DESIGN_GEOMETRIC_PRESENTATION_REPRESENTATION (  '', ( #2071 ), #699 ) ;
#1292 = SURFACE_STYLE_FILL_AREA ( #5058 ) ;
#1293 = ORIENTED_EDGE ( 'NONE', *, *, #3876, .F. ) ;
#1294 = CARTESIAN_POINT ( 'NONE',  ( -0.1854139174185877870, 0.02936551449362471630, 0.0000000000000000000 ) ) ;
#1295 = UNCERTAINTY_MEASURE_WITH_UNIT (LENGTH_MEASURE( 1.000000000000000082E-05 ), #3958, 'distance_accuracy_value', 'NONE');
#1296 = CARTESIAN_POINT ( 'NONE',  ( -0.1321156164828688750, 0.001643150175113375746, 0.0000000000000000000 ) ) ;
#1297 = B_SPLINE_CURVE_WITH_KNOTS ( 'NONE', 3,
 ( #368, #1146, #312, #1955, #799, #4135, #3656, #5259, #1603, #3205, #1547 ),
 .UNSPECIFIED., .F., .F.,
 ( 4, 1, 1, 1, 1, 1, 1, 1, 4 ),
 ( 0.0000000000000000000, 0.1451868664724696723, 0.2834426109197301091, 0.4165243659288290767, 0.5431811235350824107, 0.6651530826377128891, 0.7813602063127155217, 0.8927566556418091714, 1.000000000000000000 ),
 .UNSPECIFIED. ) ;
#1298 = PRESENTATION_STYLE_ASSIGNMENT (( #464 ) ) ;
#1299 = ORIENTED_EDGE ( 'NONE', *, *, #3025, .F. ) ;
#1300 = FILL_AREA_STYLE_COLOUR ( '', #500 ) ;
#1301 =( LENGTH_UNIT ( ) NAMED_UNIT ( * ) SI_UNIT ( .MILLI., .METRE. ) );
#1302 =( GEOMETRIC_REPRESENTATION_CONTEXT ( 3 ) GLOBAL_UNCERTAINTY_ASSIGNED_CONTEXT ( ( #2543 ) ) GLOBAL_UNIT_ASSIGNED_CONTEXT ( ( #3421, #559, #905 ) ) REPRESENTATION_CONTEXT ( 'NONE', 'WORKASPACE' ) );
#1303 = EDGE_CURVE ( 'NONE', #27, #4478, #2059, .T. ) ;
#1304 = EDGE_CURVE ( 'NONE', #1564, #5011, #4298, .T. ) ;
#1305 = ORIENTED_EDGE ( 'NONE', *, *, #2702, .F. ) ;
#1306 = CIRCLE ( 'NONE', #3384, 0.01000000000000002623 ) ;
#1307 =( NAMED_UNIT ( * ) PLANE_ANGLE_UNIT ( ) SI_UNIT ( $, .RADIAN. ) );
#1308 =( LENGTH_UNIT ( ) NAMED_UNIT ( * ) SI_UNIT ( .MILLI., .METRE. ) );
#1309 = DIRECTION ( 'NONE',  ( -0.0000000000000000000, 0.0000000000000000000, 1.000000000000000000 ) ) ;
#1310 = CARTESIAN_POINT ( 'NONE',  ( -0.1906921186380999556, 0.04857283156679546160, 0.02000000000000000042 ) ) ;
#1311 = CARTESIAN_POINT ( 'NONE',  ( 0.08409007586272043699, -0.03758719195508760519, 0.02000000000000000042 ) ) ;
#1312 = CARTESIAN_POINT ( 'NONE',  ( 0.9899999999999999911, -0.7899999999999994804, 0.0000000000000000000 ) ) ;
#1313 = ORIENTED_EDGE ( 'NONE', *, *, #326, .T. ) ;
#1314 = CARTESIAN_POINT ( 'NONE',  ( 0.08331198182371676864, -0.05083214528771197449, 0.0000000000000000000 ) ) ;
#1315 = STYLED_ITEM ( 'NONE', ( #1804 ), #2496 ) ;
#1316 =( NAMED_UNIT ( * ) PLANE_ANGLE_UNIT ( ) SI_UNIT ( $, .RADIAN. ) );
#1317 =( NAMED_UNIT ( * ) PLANE_ANGLE_UNIT ( ) SI_UNIT ( $, .RADIAN. ) );
#1318 = CARTESIAN_POINT ( 'NONE',  ( -0.1162138438112908373, -0.01727236333665209747, 0.02000000000000000042 ) ) ;
#1319 = CARTESIAN_POINT ( 'NONE',  ( -0.1321555332722463005, -0.0001695464819850419041, 0.0000000000000000000 ) ) ;
#1320 = EDGE_LOOP ( 'NONE', ( #4876, #4346, #1598, #1023 ) ) ;
#1321 = FILL_AREA_STYLE_COLOUR ( '', #599 ) ;
#1322 = ORIENTED_EDGE ( 'NONE', *, *, #1050, .T. ) ;
#1323 = LINE ( 'NONE', #1294, #893 ) ;
#1324 = UNCERTAINTY_MEASURE_WITH_UNIT (LENGTH_MEASURE( 1.000000000000000082E-05 ), #228, 'distance_accuracy_value', 'NONE');
#1325 =( LENGTH_UNIT ( ) NAMED_UNIT ( * ) SI_UNIT ( .MILLI., .METRE. ) );
#1326 = COLOUR_RGB ( '',1.000000000000000000, 1.000000000000000000, 1.000000000000000000 ) ;
#1327 = VERTEX_POINT ( 'NONE', #1798 ) ;
#1328 = PLANE ( 'NONE',  #1361 ) ;
#1329 = CARTESIAN_POINT ( 'NONE',  ( 0.1146791113156732517, -0.01384547478396850641, 0.0000000000000000000 ) ) ;
#1330 = VECTOR ( 'NONE', #2760, 1000.000000000000000 ) ;
#1331 = DIRECTION ( 'NONE',  ( -0.0000000000000000000, 0.0000000000000000000, 1.000000000000000000 ) ) ;
#1332 = UNCERTAINTY_MEASURE_WITH_UNIT (LENGTH_MEASURE( 1.000000000000000082E-05 ), #2786, 'distance_accuracy_value', 'NONE');
#1333 = DIRECTION ( 'NONE',  ( 0.0000000000000000000, 1.000000000000000000, 0.0000000000000000000 ) ) ;
#1334 =( LENGTH_UNIT ( ) NAMED_UNIT ( * ) SI_UNIT ( .MILLI., .METRE. ) );
#1335 = CARTESIAN_POINT ( 'NONE',  ( -0.1842650110243087280, 0.03419052025293263519, 0.0000000000000000000 ) ) ;
#1336 = ADVANCED_FACE ( 'NONE', ( #154 ), #1716, .F. ) ;
#1337 = CARTESIAN_POINT ( 'NONE',  ( -0.1670259601015145756, -0.01240277818930211537, 0.0000000000000000000 ) ) ;
#1338 = SURFACE_SIDE_STYLE ('',( #5049 ) ) ;
#1339 =( NAMED_UNIT ( * ) SI_UNIT ( $, .STERADIAN. ) SOLID_ANGLE_UNIT ( ) );
#1340 = DIRECTION ( 'NONE',  ( 0.0000000000000000000, -0.0000000000000000000, -1.000000000000000000 ) ) ;
#1341 = ORIENTED_EDGE ( 'NONE', *, *, #294, .T. ) ;
#1342 = CARTESIAN_POINT ( 'NONE',  ( 0.07366110795916190612, -0.05253225200328061339, 0.0000000000000000000 ) ) ;
#1343 = SURFACE_STYLE_USAGE ( .BOTH. , #3773 ) ;
#1344 = EDGE_CURVE ( 'NONE', #3306, #3168, #3676, .T. ) ;
#1345 = STYLED_ITEM ( 'NONE', ( #4639 ), #5314 ) ;
#1346 =( NAMED_UNIT ( * ) SI_UNIT ( $, .STERADIAN. ) SOLID_ANGLE_UNIT ( ) );
#1347 = FILL_AREA_STYLE_COLOUR ( '', #3730 ) ;
#1348 = DIRECTION ( 'NONE',  ( 0.0000000000000000000, 0.0000000000000000000, -1.000000000000000000 ) ) ;
#1349 =( NAMED_UNIT ( * ) PLANE_ANGLE_UNIT ( ) SI_UNIT ( $, .RADIAN. ) );
#1350 = ORIENTED_EDGE ( 'NONE', *, *, #1112, .T. ) ;
#1351 = CARTESIAN_POINT ( 'NONE',  ( -0.4000000000000000777, 0.7900000000000003686, -0.02000000000000000042 ) ) ;
#1352 = SURFACE_STYLE_USAGE ( .BOTH. , #2447 ) ;
#1353 = VERTEX_POINT ( 'NONE', #4557 ) ;
#1354 = CARTESIAN_POINT ( 'NONE',  ( -0.1173077827565763148, -0.03749386112162789164, 0.02000000000000000042 ) ) ;
#1355 = ORIENTED_EDGE ( 'NONE', *, *, #3064, .F. ) ;
#1356 = PRESENTATION_STYLE_ASSIGNMENT (( #496 ) ) ;
#1357 = ORIENTED_EDGE ( 'NONE', *, *, #2234, .T. ) ;
#1358 = CARTESIAN_POINT ( 'NONE',  ( 0.1154054423375098365, -0.003313601360033818517, 0.02000000000000000389 ) ) ;
#1359 = CYLINDRICAL_SURFACE ( 'NONE', #3099, 0.01000000000000002623 ) ;
#1360 = ORIENTED_EDGE ( 'NONE', *, *, #5079, .T. ) ;
#1361 = AXIS2_PLACEMENT_3D ( 'NONE', #3309, #2922, #4643 ) ;
#1362 = PLANE ( 'NONE',  #5282 ) ;
#1363 = CARTESIAN_POINT ( 'NONE',  ( 0.04645198054649440911, 0.03524203262813537657, 0.02000000000000000042 ) ) ;
#1364 = CARTESIAN_POINT ( 'NONE',  ( -0.1285306891231683679, 0.01985321574621801491, 0.0000000000000000000 ) ) ;
#1365 = DIRECTION ( 'NONE',  ( 1.000000000000000000, 0.0000000000000000000, 0.0000000000000000000 ) ) ;
#1366 = LINE ( 'NONE', #79, #2077 ) ;
#1367 = STYLED_ITEM ( 'NONE', ( #549 ), #2172 ) ;
#1368 = CARTESIAN_POINT ( 'NONE',  ( -0.08077311106770804217, -0.05139253789558900082, 0.0000000000000000000 ) ) ;
#1369 = PRESENTATION_LAYER_ASSIGNMENT (  '', '', ( #2238 ) ) ;
#1370 =( NAMED_UNIT ( * ) PLANE_ANGLE_UNIT ( ) SI_UNIT ( $, .RADIAN. ) );
#1371 = CARTESIAN_POINT ( 'NONE',  ( -0.1838704722966365279, 0.03637770961557593857, 0.02000000000000000042 ) ) ;
#1372 = ORIENTED_EDGE ( 'NONE', *, *, #3225, .F. ) ;
#1373 =( GEOMETRIC_REPRESENTATION_CONTEXT ( 3 ) GLOBAL_UNCERTAINTY_ASSIGNED_CONTEXT ( ( #5203 ) ) GLOBAL_UNIT_ASSIGNED_CONTEXT ( ( #2954, #1370, #1339 ) ) REPRESENTATION_CONTEXT ( 'NONE', 'WORKASPACE' ) );
#1374 = STYLED_ITEM ( 'NONE', ( #1954 ), #2302 ) ;
#1375 = VECTOR ( 'NONE', #3068, 1000.000000000000000 ) ;
#1376 = CARTESIAN_POINT ( 'NONE',  ( -0.1832096484499702027, 0.03432042463813686495, 0.0000000000000000000 ) ) ;
#1377 = SURFACE_SIDE_STYLE ('',( #5053 ) ) ;
#1378 = MECHANICAL_DESIGN_GEOMETRIC_PRESENTATION_REPRESENTATION (  '', ( #3989 ), #3010 ) ;
#1379 = PLANE ( 'NONE',  #3623 ) ;
#1380 = COLOUR_RGB ( '',1.000000000000000000, 1.000000000000000000, 1.000000000000000000 ) ;
#1381 = ADVANCED_FACE ( 'NONE', ( #4609 ), #3274, .T. ) ;
#1382 = EDGE_CURVE ( 'NONE', #4454, #1353, #351, .T. ) ;
#1383 = COLOUR_RGB ( '',1.000000000000000000, 1.000000000000000000, 1.000000000000000000 ) ;
#1384 = VECTOR ( 'NONE', #3148, 1000.000000000000000 ) ;
#1385 = SURFACE_STYLE_USAGE ( .BOTH. , #3859 ) ;
#1386 =( NAMED_UNIT ( * ) SI_UNIT ( $, .STERADIAN. ) SOLID_ANGLE_UNIT ( ) );
#1387 = UNCERTAINTY_MEASURE_WITH_UNIT (LENGTH_MEASURE( 1.000000000000000082E-05 ), #136, 'distance_accuracy_value', 'NONE');
#1388 = DIRECTION ( 'NONE',  ( 1.000000000000000000, -0.0000000000000000000, -0.0000000000000000000 ) ) ;
#1389 = ORIENTED_EDGE ( 'NONE', *, *, #1416, .F. ) ;
#1390 = DIRECTION ( 'NONE',  ( 0.0000000000000000000, -1.000000000000000000, 0.0000000000000000000 ) ) ;
#1391 = EDGE_LOOP ( 'NONE', ( #3852, #1046, #3753, #2585 ) ) ;
#1392 = VECTOR ( 'NONE', #36, 1000.000000000000114 ) ;
#1393 = ORIENTED_EDGE ( 'NONE', *, *, #70, .T. ) ;
#1394 = DIRECTION ( 'NONE',  ( -0.0000000000000000000, 0.0000000000000000000, 1.000000000000000000 ) ) ;
#1395 = DIRECTION ( 'NONE',  ( 0.0000000000000000000, 1.000000000000000000, -0.0000000000000000000 ) ) ;
#1396 = EDGE_LOOP ( 'NONE', ( #5028, #4551, #3837, #2921 ) ) ;
#1397 = MECHANICAL_DESIGN_GEOMETRIC_PRESENTATION_REPRESENTATION (  '', ( #4770 ), #2933 ) ;
#1398 =( NAMED_UNIT ( * ) PLANE_ANGLE_UNIT ( ) SI_UNIT ( $, .RADIAN. ) );
#1399 = VERTEX_POINT ( 'NONE', #431 ) ;
#1400 = LINE ( 'NONE', #2615, #2343 ) ;
#1401 = CARTESIAN_POINT ( 'NONE',  ( -0.07885903936980724616, -0.05142716843320455783, 0.0000000000000000000 ) ) ;
#1402 = CARTESIAN_POINT ( 'NONE',  ( 0.1153130250456926992, -0.008671927595413150489, 0.02000000000000000042 ) ) ;
#1403 = CARTESIAN_POINT ( 'NONE',  ( -0.1819459296137097282, 0.02936551449362471283, 0.0000000000000000000 ) ) ;
#1404 = DIRECTION ( 'NONE',  ( 0.0000000000000000000, 0.0000000000000000000, 1.000000000000000000 ) ) ;
#1405 = CARTESIAN_POINT ( 'NONE',  ( -0.03215553327224628805, -0.04045155867710700098, 0.0000000000000000000 ) ) ;
#1406 = FILL_AREA_STYLE_COLOUR ( '', #4352 ) ;
#1407 = VERTEX_POINT ( 'NONE', #838 ) ;
#1408 = PRESENTATION_STYLE_ASSIGNMENT (( #1760 ) ) ;
#1409 = CARTESIAN_POINT ( 'NONE',  ( 0.09404707221948345464, 0.02478303133872402850, 0.02000000000000000042 ) ) ;
#1410 = CARTESIAN_POINT ( 'NONE',  ( 0.04686679131827322514, -0.04909293724167446832, 0.0000000000000000000 ) ) ;
#1411 = EDGE_CURVE ( 'NONE', #3937, #4644, #812, .T. ) ;
#1412 = ORIENTED_EDGE ( 'NONE', *, *, #1411, .T. ) ;
#1413 = EDGE_CURVE ( 'NONE', #4462, #4709, #2052, .T. ) ;
#1414 = AXIS2_PLACEMENT_3D ( 'NONE', #1180, #733, #709 ) ;
#1415 = ORIENTED_EDGE ( 'NONE', *, *, #3499, .T. ) ;
#1416 = EDGE_CURVE ( 'NONE', #4048, #2524, #2082, .T. ) ;
#1417 = DIRECTION ( 'NONE',  ( -1.000000000000000000, 0.0000000000000000000, 0.0000000000000000000 ) ) ;
#1418 = DIRECTION ( 'NONE',  ( 0.0000000000000000000, -1.000000000000000000, -0.0000000000000000000 ) ) ;
#1419 = DIRECTION ( 'NONE',  ( 1.000000000000000000, 0.0000000000000000000, 0.0000000000000000000 ) ) ;
#1420 = MECHANICAL_DESIGN_GEOMETRIC_PRESENTATION_REPRESENTATION (  '', ( #211 ), #134 ) ;
#1421 = FILL_AREA_STYLE_COLOUR ( '', #3304 ) ;
#1422 = LINE ( 'NONE', #1403, #4667 ) ;
#1423 = LINE ( 'NONE', #198, #3858 ) ;
#1424 = EDGE_LOOP ( 'NONE', ( #3391, #2137, #4190, #4097, #3764, #3888, #4060, #3581 ) ) ;
#1425 = CARTESIAN_POINT ( 'NONE',  ( -0.9899999999999999911, 0.8000000000000003775, 0.7800000000000000266 ) ) ;
#1426 = LINE ( 'NONE', #1890, #4509 ) ;
#1427 = EDGE_LOOP ( 'NONE', ( #2058, #4377, #4089, #1879 ) ) ;
#1428 =( LENGTH_UNIT ( ) NAMED_UNIT ( * ) SI_UNIT ( .MILLI., .METRE. ) );
#1429 = CARTESIAN_POINT ( 'NONE',  ( 0.9899999999999999911, -0.7999999999999994893, -0.02000000000000000042 ) ) ;
#1430 = SURFACE_SIDE_STYLE ('',( #204 ) ) ;
#1431 = PRESENTATION_STYLE_ASSIGNMENT (( #1485 ) ) ;
#1432 = PRODUCT_DEFINITION_FORMATION_WITH_SPECIFIED_SOURCE ( 'ÈÎºÎ', '', #1459, .NOT_KNOWN. ) ;
#1433 = DIRECTION ( 'NONE',  ( 0.0000000000000000000, -0.0000000000000000000, -1.000000000000000000 ) ) ;
#1434 = ORIENTED_EDGE ( 'NONE', *, *, #2433, .T. ) ;
#1435 = SURFACE_SIDE_STYLE ('',( #1797 ) ) ;
#1436 = CARTESIAN_POINT ( 'NONE',  ( 0.05004768461056506579, -0.05020338810270373597, 0.02000000000000000042 ) ) ;
#1437 = ORIENTED_EDGE ( 'NONE', *, *, #1081, .F. ) ;
#1438 = EDGE_CURVE ( 'NONE', #3922, #4494, #3328, .T. ) ;
#1439 = EDGE_CURVE ( 'NONE', #344, #1763, #2511, .T. ) ;
#1440 = CARTESIAN_POINT ( 'NONE',  ( -0.1541067527844414420, -0.05142716843320455783, 0.0000000000000000000 ) ) ;
#1441 =( LENGTH_UNIT ( ) NAMED_UNIT ( * ) SI_UNIT ( .MILLI., .METRE. ) );
#1442 = DIRECTION ( 'NONE',  ( 0.0000000000000000000, -1.000000000000000000, 0.0000000000000000000 ) ) ;
#1443 = AXIS2_PLACEMENT_3D ( 'NONE', #3620, #2035, #2469 ) ;
#1444 =( LENGTH_UNIT ( ) NAMED_UNIT ( * ) SI_UNIT ( .MILLI., .METRE. ) );
#1445 = DIRECTION ( 'NONE',  ( -0.0000000000000000000, 0.0000000000000000000, 1.000000000000000000 ) ) ;
#1446 = VERTEX_POINT ( 'NONE', #5147 ) ;
#1447 = CARTESIAN_POINT ( 'NONE',  ( 0.1105188921413042258, -0.02775078045520109823, 0.01999999999999999695 ) ) ;
#1448 = DIRECTION ( 'NONE',  ( 1.000000000000000000, 0.0000000000000000000, 0.0000000000000000000 ) ) ;
#1449 =( GEOMETRIC_REPRESENTATION_CONTEXT ( 3 ) GLOBAL_UNCERTAINTY_ASSIGNED_CONTEXT ( ( #4543 ) ) GLOBAL_UNIT_ASSIGNED_CONTEXT ( ( #3012, #1307, #3371 ) ) REPRESENTATION_CONTEXT ( 'NONE', 'WORKASPACE' ) );
#1450 =( LENGTH_UNIT ( ) NAMED_UNIT ( * ) SI_UNIT ( .MILLI., .METRE. ) );
#1451 = ORIENTED_EDGE ( 'NONE', *, *, #2790, .T. ) ;
#1452 = CARTESIAN_POINT ( 'NONE',  ( -0.1172980210134316470, 0.03539954280692854394, 0.0000000000000000000 ) ) ;
#1453 = SURFACE_STYLE_FILL_AREA ( #3521 ) ;
#1454 = CARTESIAN_POINT ( 'NONE',  ( -0.1105837600057915510, 0.02556983822715242285, 0.0000000000000000000 ) ) ;
#1455 = AXIS2_PLACEMENT_3D ( 'NONE', #5179, #664, #1829 ) ;
#1456 = ORIENTED_EDGE ( 'NONE', *, *, #3155, .T. ) ;
#1457 = PRESENTATION_STYLE_ASSIGNMENT (( #5170 ) ) ;
#1458 = MECHANICAL_DESIGN_GEOMETRIC_PRESENTATION_REPRESENTATION (  '', ( #2062 ), #2837 ) ;
#1459 = PRODUCT ( 'IND-SMD_L2.0-W1.6-B', 'IND-SMD_L2.0-W1.6-B', '', ( #3239 ) ) ;
#1460 = SURFACE_STYLE_FILL_AREA ( #577 ) ;
#1461 = VECTOR ( 'NONE', #2775, 1000.000000000000000 ) ;
#1462 = PRESENTATION_STYLE_ASSIGNMENT (( #1950 ) ) ;
#1463 = MECHANICAL_DESIGN_GEOMETRIC_PRESENTATION_REPRESENTATION (  '', ( #3112 ), #4141 ) ;
#1464 = ORIENTED_EDGE ( 'NONE', *, *, #4235, .T. ) ;
#1465 = CARTESIAN_POINT ( 'NONE',  ( 0.05290533311314865594, -0.04010966585977945170, 0.02000000000000000042 ) ) ;
#1466 = VERTEX_POINT ( 'NONE', #2652 ) ;
#1467 = AXIS2_PLACEMENT_3D ( 'NONE', #4224, #2107, #3774 ) ;
#1468 = SURFACE_STYLE_USAGE ( .BOTH. , #3203 ) ;
#1469 = FACE_OUTER_BOUND ( 'NONE', #922, .T. ) ;
#1470 = EDGE_CURVE ( 'NONE', #3529, #4508, #979, .T. ) ;
#1471 = AXIS2_PLACEMENT_3D ( 'NONE', #5113, #700, #2674 ) ;
#1472 = EDGE_CURVE ( 'NONE', #27, #902, #601, .T. ) ;
#1473 = SPHERICAL_SURFACE ( 'NONE', #770, 0.01000000000000000021 ) ;
#1474 =( NAMED_UNIT ( * ) SI_UNIT ( $, .STERADIAN. ) SOLID_ANGLE_UNIT ( ) );
#1475 = EDGE_LOOP ( 'NONE', ( #672, #4114, #4910, #1684 ) ) ;
#1476 = CARTESIAN_POINT ( 'NONE',  ( -0.03215553327224628805, -0.05142716843320455783, 0.0000000000000000000 ) ) ;
#1477 = CARTESIAN_POINT ( 'NONE',  ( 0.04195353751256972880, -0.04676216657092556461, 0.0000000000000000000 ) ) ;
#1478 = CARTESIAN_POINT ( 'NONE',  ( -0.1906921186380999556, 0.04857283156679546160, 0.0000000000000000000 ) ) ;
#1479 = VERTEX_POINT ( 'NONE', #3408 ) ;
#1480 = ADVANCED_FACE ( 'NONE', ( #4717 ), #485, .F. ) ;
#1481 = CARTESIAN_POINT ( 'NONE',  ( -0.1264346666940595887, 0.02418336953154876651, 0.02000000000000000042 ) ) ;
#1482 = LINE ( 'NONE', #3134, #2455 ) ;
#1483 = VECTOR ( 'NONE', #2128, 1000.000000000000000 ) ;
#1484 = CARTESIAN_POINT ( 'NONE',  ( -0.1187081210676637216, 0.001076718861036553418, 0.02000000000000000042 ) ) ;
#1485 = SURFACE_STYLE_USAGE ( .BOTH. , #3548 ) ;
#1486 = ORIENTED_EDGE ( 'NONE', *, *, #3499, .F. ) ;
#1487 = MECHANICAL_DESIGN_GEOMETRIC_PRESENTATION_REPRESENTATION (  '', ( #2434 ), #4523 ) ;
#1488 = CARTESIAN_POINT ( 'NONE',  ( -0.1161373228972353566, 0.01613067971296911970, 0.0000000000000000000 ) ) ;
#1489 = ORIENTED_EDGE ( 'NONE', *, *, #4431, .T. ) ;
#1490 = SURFACE_STYLE_USAGE ( .BOTH. , #964 ) ;
#1491 = VERTEX_POINT ( 'NONE', #2593 ) ;
#1492 = DIRECTION ( 'NONE',  ( 1.000000000000000000, 0.0000000000000000000, 0.0000000000000000000 ) ) ;
#1493 = CARTESIAN_POINT ( 'NONE',  ( 0.05158664313440476656, 0.04882566533990075758, 0.0000000000000000000 ) ) ;
#1494 = STYLED_ITEM ( 'NONE', ( #4079 ), #4527 ) ;
#1495 = FILL_AREA_STYLE_COLOUR ( '', #3644 ) ;
#1496 =( GEOMETRIC_REPRESENTATION_CONTEXT ( 3 ) GLOBAL_UNCERTAINTY_ASSIGNED_CONTEXT ( ( #4850 ) ) GLOBAL_UNIT_ASSIGNED_CONTEXT ( ( #721, #245, #1474 ) ) REPRESENTATION_CONTEXT ( 'NONE', 'WORKASPACE' ) );
#1497 = LINE ( 'NONE', #1089, #2294 ) ;
#1498 = EDGE_CURVE ( 'NONE', #1151, #1748, #5057, .T. ) ;
#1499 = STYLED_ITEM ( 'NONE', ( #432 ), #3062 ) ;
#1500 = UNCERTAINTY_MEASURE_WITH_UNIT (LENGTH_MEASURE( 1.000000000000000082E-05 ), #2166, 'distance_accuracy_value', 'NONE');
#1501 = CIRCLE ( 'NONE', #4029, 0.01000000000000002623 ) ;
#1502 = FACE_OUTER_BOUND ( 'NONE', #1278, .T. ) ;
#1503 = CARTESIAN_POINT ( 'NONE',  ( -0.1004600071758448288, 0.04533948012224712359, 0.0000000000000000000 ) ) ;
#1504 = DIRECTION ( 'NONE',  ( -1.000000000000000000, 0.0000000000000000000, 0.0000000000000000000 ) ) ;
#1505 = ADVANCED_FACE ( 'NONE', ( #516 ), #462, .F. ) ;
#1506 = EDGE_CURVE ( 'NONE', #2498, #801, #4771, .T. ) ;
#1507 = LINE ( 'NONE', #2723, #4672 ) ;
#1508 = CARTESIAN_POINT ( 'NONE',  ( -0.02971650888200237303, 0.03759722181069789088, 0.0000000000000000000 ) ) ;
#1509 = DIRECTION ( 'NONE',  ( 1.000000000000000000, 0.0000000000000000000, 0.0000000000000000000 ) ) ;
#1510 = ORIENTED_EDGE ( 'NONE', *, *, #4953, .F. ) ;
#1511 = UNCERTAINTY_MEASURE_WITH_UNIT (LENGTH_MEASURE( 1.000000000000000082E-05 ), #5018, 'distance_accuracy_value', 'NONE');
#1512 = DIRECTION ( 'NONE',  ( -0.0000000000000000000, 0.0000000000000000000, 1.000000000000000000 ) ) ;
#1513 = SURFACE_STYLE_FILL_AREA ( #4777 ) ;
#1514 = SURFACE_STYLE_FILL_AREA ( #3613 ) ;
#1515 = EDGE_LOOP ( 'NONE', ( #1687, #4542, #2656, #2994 ) ) ;
#1516 = FACE_OUTER_BOUND ( 'NONE', #4936, .T. ) ;
#1517 = DIRECTION ( 'NONE',  ( 1.000000000000000000, -0.0000000000000000000, 0.0000000000000000000 ) ) ;
#1518 = FILL_AREA_STYLE_COLOUR ( '', #1626 ) ;
#1519 = CARTESIAN_POINT ( 'NONE',  ( -0.1772774844917585080, 0.04857283156679546160, 0.0000000000000000000 ) ) ;
#1520 = EDGE_LOOP ( 'NONE', ( #4966, #1610, #1652, #970 ) ) ;
#1521 = CARTESIAN_POINT ( 'NONE',  ( -0.1105837600057915510, 0.02556983822715242285, 0.02000000000000000042 ) ) ;
#1522 = CARTESIAN_POINT ( 'NONE',  ( 0.07767263188985307210, -0.04025326456253874169, 0.0000000000000000000 ) ) ;
#1523 = CARTESIAN_POINT ( 'NONE',  ( -0.1301581879681017462, 0.01524312950411952847, 0.0000000000000000000 ) ) ;
#1524 = DIRECTION ( 'NONE',  ( -1.000000000000000000, 0.0000000000000000000, 0.0000000000000000000 ) ) ;
#1525 = STYLED_ITEM ( 'NONE', ( #3433 ), #2004 ) ;
#1526 = CARTESIAN_POINT ( 'NONE',  ( -0.1022633032338027409, 0.03228404916109269690, 0.0000000000000000000 ) ) ;
#1527 = FILL_AREA_STYLE ('',( #5245 ) ) ;
#1528 =( LENGTH_UNIT ( ) NAMED_UNIT ( * ) SI_UNIT ( .MILLI., .METRE. ) );
#1529 = VECTOR ( 'NONE', #4392, 1000.000000000000000 ) ;
#1530 = EDGE_CURVE ( 'NONE', #5181, #3306, #1507, .T. ) ;
#1531 = ADVANCED_FACE ( 'NONE', ( #1896 ), #5198, .F. ) ;
#1532 =( GEOMETRIC_REPRESENTATION_CONTEXT ( 3 ) GLOBAL_UNCERTAINTY_ASSIGNED_CONTEXT ( ( #2089 ) ) GLOBAL_UNIT_ASSIGNED_CONTEXT ( ( #530, #1828, #610 ) ) REPRESENTATION_CONTEXT ( 'NONE', 'WORKASPACE' ) );
#1533 = PRESENTATION_LAYER_ASSIGNMENT (  '', '', ( #4484 ) ) ;
#1534 = FILL_AREA_STYLE ('',( #3608 ) ) ;
#1535 = VECTOR ( 'NONE', #2425, 1000.000000000000000 ) ;
#1536 = DIRECTION ( 'NONE',  ( -0.0000000000000000000, -1.000000000000000000, 0.0000000000000000000 ) ) ;
#1537 = DIRECTION ( 'NONE',  ( 1.000000000000000000, 0.0000000000000000000, 0.0000000000000000000 ) ) ;
#1538 = CARTESIAN_POINT ( 'NONE',  ( 0.1751615398984854577, 0.04857283156679546160, 0.0000000000000000000 ) ) ;
#1539 = CARTESIAN_POINT ( 'NONE',  ( 0.1010990398494061721, 0.03524778088751005095, 0.02000000000000000389 ) ) ;
#1540 = COLOUR_RGB ( '',0.7529411764705882248, 0.7529411764705882248, 0.7529411764705882248 ) ;
#1541 = ORIENTED_EDGE ( 'NONE', *, *, #5188, .F. ) ;
#1542 = STYLED_ITEM ( 'NONE', ( #1628 ), #1606 ) ;
#1543 =( GEOMETRIC_REPRESENTATION_CONTEXT ( 3 ) GLOBAL_UNCERTAINTY_ASSIGNED_CONTEXT ( ( #953 ) ) GLOBAL_UNIT_ASSIGNED_CONTEXT ( ( #2847, #2444, #773 ) ) REPRESENTATION_CONTEXT ( 'NONE', 'WORKASPACE' ) );
#1544 = UNCERTAINTY_MEASURE_WITH_UNIT (LENGTH_MEASURE( 1.000000000000000082E-05 ), #2693, 'distance_accuracy_value', 'NONE');
#1545 = UNCERTAINTY_MEASURE_WITH_UNIT (LENGTH_MEASURE( 1.000000000000000082E-05 ), #2485, 'distance_accuracy_value', 'NONE');
#1546 = SURFACE_SIDE_STYLE ('',( #3619 ) ) ;
#1547 = CARTESIAN_POINT ( 'NONE',  ( 0.04101519843507079460, 0.04582892912777106198, 0.0000000000000000000 ) ) ;
#1548 = CARTESIAN_POINT ( 'NONE',  ( 0.07026634849265997462, -0.05260796491984139067, 0.0000000000000000000 ) ) ;
#1549 = ORIENTED_EDGE ( 'NONE', *, *, #1850, .T. ) ;
#1550 = DIRECTION ( 'NONE',  ( -1.000000000000000000, -0.0000000000000000000, -0.0000000000000000000 ) ) ;
#1551 = VERTEX_POINT ( 'NONE', #5317 ) ;
#1552 = CARTESIAN_POINT ( 'NONE',  ( -0.05166772839419750407, 0.04857283156679546160, 0.0000000000000000000 ) ) ;
#1553 = PRESENTATION_LAYER_ASSIGNMENT (  '', '', ( #4770 ) ) ;
#1554 =( LENGTH_UNIT ( ) NAMED_UNIT ( * ) SI_UNIT ( .MILLI., .METRE. ) );
#1555 = LINE ( 'NONE', #1585, #3118 ) ;
#1556 = CARTESIAN_POINT ( 'NONE',  ( 1.000000000000000000, 0.7900000000000003686, 0.7699999999999999067 ) ) ;
#1557 = LINE ( 'NONE', #2351, #4373 ) ;
#1558 = ORIENTED_EDGE ( 'NONE', *, *, #1641, .T. ) ;
#1559 = B_SPLINE_CURVE_WITH_KNOTS ( 'NONE', 3,
 ( #4961, #4270, #186, #5152, #2171, #3864, #3061, #1793, #551, #1354, #4720, #4697, #3086, #4671, #984, #4747, #4242, #2971, #3840 ),
 .UNSPECIFIED., .F., .F.,
 ( 4, 1, 1, 1, 1, 1, 1, 1, 1, 1, 1, 1, 1, 1, 1, 1, 4 ),
 ( 0.0000000000000000000, 0.06806869584499403159, 0.1334274328189550551, 0.1961460338131564562, 0.2570485924493126073, 0.3168826631591618592, 0.3761872086663213821, 0.4359603353635462253, 0.4965352368627260482, 0.5574653434807329555, 0.6176868634101470024, 0.6779436406969059359, 0.7388052848060400191, 0.8009493367665837527, 0.8648146674702262837, 0.9310247810786568268, 1.000000000000000000 ),
 .UNSPECIFIED. ) ;
#1560 = CARTESIAN_POINT ( 'NONE',  ( 0.04928630486158974700, 0.03635604644554429887, 0.0000000000000000000 ) ) ;
#1561 = SURFACE_STYLE_FILL_AREA ( #3640 ) ;
#1562 =( NAMED_UNIT ( * ) SI_UNIT ( $, .STERADIAN. ) SOLID_ANGLE_UNIT ( ) );
#1563 = FILL_AREA_STYLE ('',( #3247 ) ) ;
#1564 = VERTEX_POINT ( 'NONE', #4380 ) ;
#1565 = CARTESIAN_POINT ( 'NONE',  ( 0.1019908081911683750, -0.002494241603936259415, 0.02000000000000000042 ) ) ;
#1566 = CARTESIAN_POINT ( 'NONE',  ( -0.1834299311225615625, 0.03566562038675384627, 0.0000000000000000000 ) ) ;
#1567 = EDGE_CURVE ( 'NONE', #5336, #4694, #460, .T. ) ;
#1568 = DIRECTION ( 'NONE',  ( 0.0000000000000000000, -1.000000000000000000, 0.0000000000000000000 ) ) ;
#1569 = CIRCLE ( 'NONE', #1140, 0.01000000000000002623 ) ;
#1570 = CARTESIAN_POINT ( 'NONE',  ( 0.0000000000000000000, 0.0000000000000000000, 0.0000000000000000000 ) ) ;
#1571 = SURFACE_STYLE_FILL_AREA ( #4109 ) ;
#1572 = ORIENTED_EDGE ( 'NONE', *, *, #4695, .T. ) ;
#1573 = ADVANCED_FACE ( 'NONE', ( #1516 ), #3254, .F. ) ;
#1574 = MANIFOLD_SOLID_BREP ( 'Ô²½Ç2', #3636 ) ;
#1575 = CARTESIAN_POINT ( 'NONE',  ( 0.09657084626093621893, -0.02535782694061571724, 0.02000000000000000042 ) ) ;
#1576 = DIRECTION ( 'NONE',  ( 1.000000000000000000, 0.0000000000000000000, 0.0000000000000000000 ) ) ;
#1577 = CYLINDRICAL_SURFACE ( 'NONE', #2737, 0.01000000000000002623 ) ;
#1578 = CARTESIAN_POINT ( 'NONE',  ( -0.1147330947897678977, -0.02084589227115225471, 0.0000000000000000000 ) ) ;
#1579 = ORIENTED_EDGE ( 'NONE', *, *, #657, .F. ) ;
#1580 = CARTESIAN_POINT ( 'NONE',  ( 0.1019908081911683750, -0.002494241603936259415, 0.0000000000000000000 ) ) ;
#1581 = CARTESIAN_POINT ( 'NONE',  ( 0.4000000000000000777, 0.8000000000000003775, 0.0000000000000000000 ) ) ;
#1582 = ORIENTED_EDGE ( 'NONE', *, *, #4815, .T. ) ;
#1583 = AXIS2_PLACEMENT_3D ( 'NONE', #3411, #1433, #3085 ) ;
#1584 = CARTESIAN_POINT ( 'NONE',  ( 0.05694439448979860680, -0.05180051463374942683, 0.0000000000000000000 ) ) ;
#1585 = CARTESIAN_POINT ( 'NONE',  ( 1.000000000000000000, -0.7999999999999994893, 0.0000000000000000000 ) ) ;
#1586 = MECHANICAL_DESIGN_GEOMETRIC_PRESENTATION_REPRESENTATION (  '', ( #4286 ), #2625 ) ;
#1587 = CARTESIAN_POINT ( 'NONE',  ( -0.1321151465519817825, -0.002058304932619998539, 0.0000000000000000000 ) ) ;
#1588 = CARTESIAN_POINT ( 'NONE',  ( -0.07927824668688041032, -0.04045155867710700098, 0.0000000000000000000 ) ) ;
#1589 = SURFACE_STYLE_USAGE ( .BOTH. , #3545 ) ;
#1590 = ORIENTED_EDGE ( 'NONE', *, *, #3972, .F. ) ;
#1591 = LINE ( 'NONE', #4148, #2185 ) ;
#1592 = FACE_OUTER_BOUND ( 'NONE', #3828, .T. ) ;
#1593 = DIRECTION ( 'NONE',  ( -1.000000000000000000, 0.0000000000000000000, 0.0000000000000000000 ) ) ;
#1594 = LINE ( 'NONE', #4653, #4253 ) ;
#1595 = LINE ( 'NONE', #4427, #4630 ) ;
#1596 = FACE_OUTER_BOUND ( 'NONE', #3884, .T. ) ;
#1597 =( LENGTH_UNIT ( ) NAMED_UNIT ( * ) SI_UNIT ( .MILLI., .METRE. ) );
#1598 = ORIENTED_EDGE ( 'NONE', *, *, #1081, .T. ) ;
#1599 = CARTESIAN_POINT ( 'NONE',  ( -0.1819459296137097282, 0.02936551449362471283, 0.02000000000000000042 ) ) ;
#1600 =( GEOMETRIC_REPRESENTATION_CONTEXT ( 3 ) GLOBAL_UNCERTAINTY_ASSIGNED_CONTEXT ( ( #3616 ) ) GLOBAL_UNIT_ASSIGNED_CONTEXT ( ( #3383, #372, #5323 ) ) REPRESENTATION_CONTEXT ( 'NONE', 'WORKASPACE' ) );
#1601 = CARTESIAN_POINT ( 'NONE',  ( 0.1019630262061557158, -0.003956362173513383942, 0.02000000000000000042 ) ) ;
#1602 = SURFACE_STYLE_FILL_AREA ( #4057 ) ;
#1603 = CARTESIAN_POINT ( 'NONE',  ( 0.04343406185676467607, 0.04681079911963936108, 0.0000000000000000000 ) ) ;
#1604 = CARTESIAN_POINT ( 'NONE',  ( -0.1173453456940118655, -0.01343148732641178192, 0.0000000000000000000 ) ) ;
#1605 = ORIENTED_EDGE ( 'NONE', *, *, #4656, .F. ) ;
#1606 = ADVANCED_FACE ( 'NONE', ( #5211 ), #3009, .F. ) ;
#1607 = EDGE_CURVE ( 'NONE', #4906, #5065, #5013, .T. ) ;
#1608 = FACE_OUTER_BOUND ( 'NONE', #4700, .T. ) ;
#1609 = CARTESIAN_POINT ( 'NONE',  ( -0.06508236254053897940, -0.04045155867710700098, 0.0000000000000000000 ) ) ;
#1610 = ORIENTED_EDGE ( 'NONE', *, *, #2203, .T. ) ;
#1611 = DIRECTION ( 'NONE',  ( -0.0000000000000000000, 0.0000000000000000000, 1.000000000000000000 ) ) ;
#1612 = SURFACE_STYLE_USAGE ( .BOTH. , #3153 ) ;
#1613 = CARTESIAN_POINT ( 'NONE',  ( -0.09933242882829983189, -0.03640099706804591356, 0.02000000000000000042 ) ) ;
#1614 = ORIENTED_EDGE ( 'NONE', *, *, #4075, .F. ) ;
#1615 = CARTESIAN_POINT ( 'NONE',  ( 0.04645198054649440911, 0.03524203262813537657, 0.0000000000000000000 ) ) ;
#1616 = CARTESIAN_POINT ( 'NONE',  ( 0.08702612387646217751, -0.03577395927201010295, 0.02000000000000000042 ) ) ;
#1617 = CARTESIAN_POINT ( 'NONE',  ( -0.1838704722966365279, 0.03637770961557593857, 0.0000000000000000000 ) ) ;
#1618 = PRESENTATION_LAYER_ASSIGNMENT (  '', '', ( #923 ) ) ;
#1619 = CARTESIAN_POINT ( 'NONE',  ( 0.1617469057521439824, -0.04045155867710700098, 0.0000000000000000000 ) ) ;
#1620 = CARTESIAN_POINT ( 'NONE',  ( -0.9899999999999995470, -0.7899999999999994804, 0.01000000000000000021 ) ) ;
#1621 = MANIFOLD_SOLID_BREP ( '°ü¸²1', #4827 ) ;
#1622 = SURFACE_STYLE_FILL_AREA ( #2838 ) ;
#1623 = PRESENTATION_LAYER_ASSIGNMENT (  '', '', ( #4824 ) ) ;
#1624 = DIRECTION ( 'NONE',  ( 0.0000000000000000000, -1.000000000000000000, 0.0000000000000000000 ) ) ;
#1625 = ORIENTED_EDGE ( 'NONE', *, *, #555, .T. ) ;
#1626 = COLOUR_RGB ( '',0.7529411764705882248, 0.7529411764705882248, 0.7529411764705882248 ) ;
#1627 = B_SPLINE_CURVE_WITH_KNOTS ( 'NONE', 3,
 ( #267, #4802, #1087, #2872, #3335, #2415, #4537, #4878, #2492, #3685, #1168, #4986, #3283, #3736, #4162, #2811, #4480, #440, #1662 ),
 .UNSPECIFIED., .F., .F.,
 ( 4, 1, 1, 1, 1, 1, 1, 1, 1, 1, 1, 1, 1, 1, 1, 1, 4 ),
 ( 0.0000000000000000000, 0.06863117867660099847, 0.1345664660386766964, 0.1983281540108808028, 0.2607897666408446891, 0.3219991514841584190, 0.3827217465030193222, 0.4435374740357288514, 0.5051334294849249007, 0.5662138747646714432, 0.6261058646175455822, 0.6853493221605165830, 0.7449958703477972399, 0.8054158418145627163, 0.8676362663459531444, 0.9323077823023292465, 1.000000000000000000 ),
 .UNSPECIFIED. ) ;
#1628 = PRESENTATION_STYLE_ASSIGNMENT (( #4589 ) ) ;
#1629 = COLOUR_RGB ( '',0.7529411764705882248, 0.7529411764705882248, 0.7529411764705882248 ) ;
#1630 = CARTESIAN_POINT ( 'NONE',  ( 0.1019908081911683750, -0.002494241603936259415, 0.02000000000000000042 ) ) ;
#1631 = DIRECTION ( 'NONE',  ( 1.000000000000000000, 0.0000000000000000000, 0.0000000000000000000 ) ) ;
#1632 = MECHANICAL_DESIGN_GEOMETRIC_PRESENTATION_REPRESENTATION (  '', ( #3907 ), #689 ) ;
#1633 = CARTESIAN_POINT ( 'NONE',  ( 0.09938829628862362597, -0.04231968250907963691, 0.0000000000000000000 ) ) ;
#1634 = ORIENTED_EDGE ( 'NONE', *, *, #4004, .F. ) ;
#1635 = CARTESIAN_POINT ( 'NONE',  ( 0.1005937729919476747, 0.01060174685268421360, 0.0000000000000000000 ) ) ;
#1636 = CARTESIAN_POINT ( 'NONE',  ( -0.4099999999999999756, -0.7999999999999994893, -0.02000000000000000042 ) ) ;
#1637 = EDGE_LOOP ( 'NONE', ( #429, #3441, #1792, #863, #1959, #3067 ) ) ;
#1638 = VECTOR ( 'NONE', #4740, 1000.000000000000000 ) ;
#1639 = CARTESIAN_POINT ( 'NONE',  ( 1.000000000000000000, 0.8000000000000003775, -0.02000000000000000042 ) ) ;
#1640 = EDGE_CURVE ( 'NONE', #2711, #5065, #1559, .T. ) ;
#1641 = EDGE_CURVE ( 'NONE', #467, #1748, #122, .T. ) ;
#1642 = AXIS2_PLACEMENT_3D ( 'NONE', #528, #4965, #553 ) ;
#1643 = CARTESIAN_POINT ( 'NONE',  ( -0.1320359809922780348, -0.005760626361801060059, 0.0000000000000000000 ) ) ;
#1644 = DIRECTION ( 'NONE',  ( 1.000000000000000000, 0.0000000000000000000, 0.0000000000000000000 ) ) ;
#1645 = DIRECTION ( 'NONE',  ( -0.0000000000000000000, 0.0000000000000000000, 1.000000000000000000 ) ) ;
#1646 = CARTESIAN_POINT ( 'NONE',  ( -0.4000000000000000777, 0.8000000000000003775, -0.02000000000000000042 ) ) ;
#1647 = CARTESIAN_POINT ( 'NONE',  ( 0.09615935525302836406, 0.02159036027169959279, 0.02000000000000000042 ) ) ;
#1648 = VERTEX_POINT ( 'NONE', #1034 ) ;
#1649 = FILL_AREA_STYLE_COLOUR ( '', #5212 ) ;
#1650 = EDGE_CURVE ( 'NONE', #4582, #1491, #3439, .T. ) ;
#1651 = DIRECTION ( 'NONE',  ( 0.0000000000000000000, -0.0000000000000000000, -1.000000000000000000 ) ) ;
#1652 = ORIENTED_EDGE ( 'NONE', *, *, #4235, .F. ) ;
#1653 = AXIS2_PLACEMENT_3D ( 'NONE', #2822, #2449, #3181 ) ;
#1654 = CARTESIAN_POINT ( 'NONE',  ( 0.04343406185676467607, 0.04681079911963936108, 0.02000000000000000042 ) ) ;
#1655 = CARTESIAN_POINT ( 'NONE',  ( 0.04101519843507079460, 0.04582892912777106198, 0.0000000000000000000 ) ) ;
#1656 =( NAMED_UNIT ( * ) SI_UNIT ( $, .STERADIAN. ) SOLID_ANGLE_UNIT ( ) );
#1657 = DIRECTION ( 'NONE',  ( 0.0000000000000000000, -1.000000000000000000, 0.0000000000000000000 ) ) ;
#1658 = CARTESIAN_POINT ( 'NONE',  ( 0.1153618899919935659, -0.001368050249054113916, 0.02000000000000000042 ) ) ;
#1659 = EDGE_LOOP ( 'NONE', ( #4893, #1990, #3526, #5332 ) ) ;
#1660 = CIRCLE ( 'NONE', #4691, 0.01000000000000000021 ) ;
#1661 = CARTESIAN_POINT ( 'NONE',  ( 0.05290533311314865594, -0.04010966585977945170, 0.02000000000000000042 ) ) ;
#1662 = CARTESIAN_POINT ( 'NONE',  ( -0.1321555332722463005, -0.0001695464819850419041, 0.02000000000000000042 ) ) ;
#1663 = FACE_OUTER_BOUND ( 'NONE', #1891, .T. ) ;
#1664 = VERTEX_POINT ( 'NONE', #4641 ) ;
#1665 = ORIENTED_EDGE ( 'NONE', *, *, #5153, .T. ) ;
#1666 = STYLED_ITEM ( 'NONE', ( #3228 ), #2337 ) ;
#1667 = UNCERTAINTY_MEASURE_WITH_UNIT (LENGTH_MEASURE( 1.000000000000000082E-05 ), #367, 'distance_accuracy_value', 'NONE');
#1668 = CARTESIAN_POINT ( 'NONE',  ( 0.0000000000000000000, 0.0000000000000000000, 0.0000000000000000000 ) ) ;
#1669 = DIRECTION ( 'NONE',  ( 6.776263578034403945E-17, 1.000000000000000000, 0.0000000000000000000 ) ) ;
#1670 = CARTESIAN_POINT ( 'NONE',  ( 1.000000000000000000, 0.7900000000000003686, -0.02000000000000000042 ) ) ;
#1671 = DIRECTION ( 'NONE',  ( 6.776263578034403945E-17, -1.000000000000000000, 0.0000000000000000000 ) ) ;
#1672 = CARTESIAN_POINT ( 'NONE',  ( 0.09404707221948345464, 0.02478303133872402850, 0.02000000000000000042 ) ) ;
#1673 = ORIENTED_EDGE ( 'NONE', *, *, #4338, .T. ) ;
#1674 = ADVANCED_FACE ( 'NONE', ( #579 ), #2807, .T. ) ;
#1675 = SURFACE_STYLE_FILL_AREA ( #1159 ) ;
#1676 = VECTOR ( 'NONE', #3080, 1000.000000000000000 ) ;
#1677 = CARTESIAN_POINT ( 'NONE',  ( 0.09190296457333384239, -0.04745053008656410776, 0.0000000000000000000 ) ) ;
#1678 = ORIENTED_EDGE ( 'NONE', *, *, #5278, .F. ) ;
#1679 = CARTESIAN_POINT ( 'NONE',  ( 0.05461076826846225640, 0.04927532751349340129, 0.02000000000000000042 ) ) ;
#1680 = EDGE_CURVE ( 'NONE', #4628, #4906, #4547, .T. ) ;
#1681 = EDGE_CURVE ( 'NONE', #505, #4248, #284, .T. ) ;
#1682 = PRESENTATION_LAYER_ASSIGNMENT (  '', '', ( #4456 ) ) ;
#1683 =( LENGTH_UNIT ( ) NAMED_UNIT ( * ) SI_UNIT ( .MILLI., .METRE. ) );
#1684 = ORIENTED_EDGE ( 'NONE', *, *, #656, .F. ) ;
#1685 = SURFACE_STYLE_FILL_AREA ( #47 ) ;
#1686 = CARTESIAN_POINT ( 'NONE',  ( 0.1010990398494061721, 0.03524778088751005095, 0.02000000000000000042 ) ) ;
#1687 = ORIENTED_EDGE ( 'NONE', *, *, #783, .F. ) ;
#1688 = PRESENTATION_STYLE_ASSIGNMENT (( #852 ) ) ;
#1689 = COLOUR_RGB ( '',1.000000000000000000, 0.5019607843137254832, 0.0000000000000000000 ) ;
#1690 =( LENGTH_UNIT ( ) NAMED_UNIT ( * ) SI_UNIT ( .MILLI., .METRE. ) );
#1691 = PLANE ( 'NONE',  #1880 ) ;
#1692 = DIRECTION ( 'NONE',  ( -0.0000000000000000000, 0.0000000000000000000, 1.000000000000000000 ) ) ;
#1693 = CARTESIAN_POINT ( 'NONE',  ( 0.06578857974347304682, 0.03878760039722208702, 0.02000000000000000042 ) ) ;
#1694 = ORIENTED_EDGE ( 'NONE', *, *, #4011, .F. ) ;
#1695 = CARTESIAN_POINT ( 'NONE',  ( 1.000000000000000000, -0.7999999999999994893, -0.02000000000000000042 ) ) ;
#1696 = PRESENTATION_STYLE_ASSIGNMENT (( #2936 ) ) ;
#1697 = ORIENTED_EDGE ( 'NONE', *, *, #2433, .F. ) ;
#1698 = FILL_AREA_STYLE ('',( #2161 ) ) ;
#1699 = DIRECTION ( 'NONE',  ( -1.000000000000000000, 0.0000000000000000000, 0.0000000000000000000 ) ) ;
#1700 = CARTESIAN_POINT ( 'NONE',  ( 0.04101519843507079460, 0.04582892912777106198, 0.02000000000000000042 ) ) ;
#1701 = DIRECTION ( 'NONE',  ( -1.000000000000000000, 0.0000000000000000000, 0.0000000000000000000 ) ) ;
#1702 = CARTESIAN_POINT ( 'NONE',  ( 0.02150300331311958205, -0.05142716843320455783, 0.02000000000000000042 ) ) ;
#1703 = ADVANCED_FACE ( 'NONE', ( #5173 ), #287, .F. ) ;
#1704 = EDGE_CURVE ( 'NONE', #4139, #1564, #330, .T. ) ;
#1705 = CARTESIAN_POINT ( 'NONE',  ( 0.06668211916677813100, -0.04167107087222894635, 0.0000000000000000000 ) ) ;
#1706 = COLOUR_RGB ( '',0.2509803921568627416, 0.2509803921568627416, 0.2509803921568627416 ) ;
#1707 = ORIENTED_EDGE ( 'NONE', *, *, #484, .T. ) ;
#1708 = CIRCLE ( 'NONE', #3534, 0.01000000000000002623 ) ;
#1709 =( NAMED_UNIT ( * ) SI_UNIT ( $, .STERADIAN. ) SOLID_ANGLE_UNIT ( ) );
#1710 = FACE_OUTER_BOUND ( 'NONE', #1396, .T. ) ;
#1711 =( GEOMETRIC_REPRESENTATION_CONTEXT ( 3 ) GLOBAL_UNCERTAINTY_ASSIGNED_CONTEXT ( ( #1500 ) ) GLOBAL_UNIT_ASSIGNED_CONTEXT ( ( #2166, #1349, #3056 ) ) REPRESENTATION_CONTEXT ( 'NONE', 'WORKASPACE' ) );
#1712 =( GEOMETRIC_REPRESENTATION_CONTEXT ( 3 ) GLOBAL_UNCERTAINTY_ASSIGNED_CONTEXT ( ( #3735 ) ) GLOBAL_UNIT_ASSIGNED_CONTEXT ( ( #2410, #1115, #2359 ) ) REPRESENTATION_CONTEXT ( 'NONE', 'WORKASPACE' ) );
#1713 = DIRECTION ( 'NONE',  ( 1.000000000000000000, 0.0000000000000000000, 0.0000000000000000000 ) ) ;
#1714 = AXIS2_PLACEMENT_3D ( 'NONE', #693, #1517, #4404 ) ;
#1715 = ORIENTED_EDGE ( 'NONE', *, *, #1144, .F. ) ;
#1716 = B_SPLINE_SURFACE_WITH_KNOTS ( 'NONE', 3, 1, ( 
 ( #4725, #4327 ),
 ( #611, #4751 ),
 ( #4354, #2261 ),
 ( #3559, #3931 ),
 ( #5209, #215 ),
 ( #1493, #1855 ),
 ( #3507, #1039 ),
 ( #2687, #242 ),
 ( #1181, #2889 ),
 ( #2027, #5005 ),
 ( #23, #1700 ) ),
 .UNSPECIFIED., .F., .F., .F.,
 ( 4, 1, 1, 1, 1, 1, 1, 1, 4 ),
 ( 2, 2 ),
 ( 0.0000000000000000000, 0.1451868664724696723, 0.2834426109197301091, 0.4165243659288290767, 0.5431811235350824107, 0.6651530826377128891, 0.7813602063127155217, 0.8927566556418091714, 1.000000000000000000 ),
 ( 0.0000000000000000000, 1.000000000000000000 ),
 .UNSPECIFIED. ) ;
#1717 =( GEOMETRIC_REPRESENTATION_CONTEXT ( 3 ) GLOBAL_UNCERTAINTY_ASSIGNED_CONTEXT ( ( #1511 ) ) GLOBAL_UNIT_ASSIGNED_CONTEXT ( ( #5018, #2975, #960 ) ) REPRESENTATION_CONTEXT ( 'NONE', 'WORKASPACE' ) );
#1718 = CARTESIAN_POINT ( 'NONE',  ( -0.07983083815029506924, 0.03759722181069789088, 0.0000000000000000000 ) ) ;
#1719 = CARTESIAN_POINT ( 'NONE',  ( 0.06443364355702201063, 0.03881673400581983624, 0.02000000000000000042 ) ) ;
#1720 = COLOUR_RGB ( '',0.2509803921568627416, 0.2509803921568627416, 0.2509803921568627416 ) ;
#1721 = LINE ( 'NONE', #4284, #3259 ) ;
#1722 = COLOUR_RGB ( '',1.000000000000000000, 1.000000000000000000, 1.000000000000000000 ) ;
#1723 = DIRECTION ( 'NONE',  ( -0.0000000000000000000, 0.0000000000000000000, 1.000000000000000000 ) ) ;
#1724 = DIRECTION ( 'NONE',  ( -1.000000000000000000, -0.0000000000000000000, -0.0000000000000000000 ) ) ;
#1725 = ORIENTED_EDGE ( 'NONE', *, *, #2634, .F. ) ;
#1726 = STYLED_ITEM ( 'NONE', ( #1152 ), #454 ) ;
#1727 =( GEOMETRIC_REPRESENTATION_CONTEXT ( 3 ) GLOBAL_UNCERTAINTY_ASSIGNED_CONTEXT ( ( #532 ) ) GLOBAL_UNIT_ASSIGNED_CONTEXT ( ( #3281, #2465, #4133 ) ) REPRESENTATION_CONTEXT ( 'NONE', 'WORKASPACE' ) );
#1728 = CARTESIAN_POINT ( 'NONE',  ( -0.1824237855702755540, 0.03080654577007748904, 0.02000000000000000042 ) ) ;
#1729 = VECTOR ( 'NONE', #1833, 1000.000000000000000 ) ;
#1730 = SURFACE_STYLE_FILL_AREA ( #88 ) ;
#1731 = PRESENTATION_STYLE_ASSIGNMENT (( #510 ) ) ;
#1732 = PRESENTATION_STYLE_ASSIGNMENT (( #90 ) ) ;
#1733 = ORIENTED_EDGE ( 'NONE', *, *, #5316, .F. ) ;
#1734 =( LENGTH_UNIT ( ) NAMED_UNIT ( * ) SI_UNIT ( .MILLI., .METRE. ) );
#1735 =( LENGTH_UNIT ( ) NAMED_UNIT ( * ) SI_UNIT ( .MILLI., .METRE. ) );
#1736 = DIRECTION ( 'NONE',  ( -0.3635424856527063042, -0.9315776194850602376, 0.0000000000000000000 ) ) ;
#1737 = CARTESIAN_POINT ( 'NONE',  ( 0.1014136893948977408, 0.006451885386078489576, 0.02000000000000000042 ) ) ;
#1738 = LINE ( 'NONE', #5007, #2404 ) ;
#1739 = AXIS2_PLACEMENT_3D ( 'NONE', #3492, #3105, #5143 ) ;
#1740 = LINE ( 'NONE', #1705, #2283 ) ;
#1741 = UNCERTAINTY_MEASURE_WITH_UNIT (LENGTH_MEASURE( 1.000000000000000082E-05 ), #2187, 'distance_accuracy_value', 'NONE');
#1742 = SURFACE_SIDE_STYLE ('',( #4241 ) ) ;
#1743 = EDGE_CURVE ( 'NONE', #3739, #1930, #2344, .T. ) ;
#1744 = ORIENTED_EDGE ( 'NONE', *, *, #3573, .T. ) ;
#1745 = CARTESIAN_POINT ( 'NONE',  ( -0.4100000000000000866, 0.8000000000000003775, -0.02000000000000000042 ) ) ;
#1746 =( NAMED_UNIT ( * ) SI_UNIT ( $, .STERADIAN. ) SOLID_ANGLE_UNIT ( ) );
#1747 = PRESENTATION_LAYER_ASSIGNMENT (  '', '', ( #2263 ) ) ;
#1748 = VERTEX_POINT ( 'NONE', #4144 ) ;
#1749 = EDGE_CURVE ( 'NONE', #4302, #4582, #2073, .T. ) ;
#1750 = MECHANICAL_DESIGN_GEOMETRIC_PRESENTATION_REPRESENTATION (  '', ( #2611 ), #2695 ) ;
#1751 =( NAMED_UNIT ( * ) PLANE_ANGLE_UNIT ( ) SI_UNIT ( $, .RADIAN. ) );
#1752 = LINE ( 'NONE', #2069, #4425 ) ;
#1753 = CARTESIAN_POINT ( 'NONE',  ( 0.07048874425017929990, -0.04157296250799649012, 0.02000000000000000042 ) ) ;
#1754 = VERTEX_POINT ( 'NONE', #1556 ) ;
#1755 =( GEOMETRIC_REPRESENTATION_CONTEXT ( 3 ) GLOBAL_UNCERTAINTY_ASSIGNED_CONTEXT ( ( #919 ) ) GLOBAL_UNIT_ASSIGNED_CONTEXT ( ( #2812, #1317, #478 ) ) REPRESENTATION_CONTEXT ( 'NONE', 'WORKASPACE' ) );
#1756 =( LENGTH_UNIT ( ) NAMED_UNIT ( * ) SI_UNIT ( .MILLI., .METRE. ) );
#1757 = SURFACE_SIDE_STYLE ('',( #3797 ) ) ;
#1758 = DIRECTION ( 'NONE',  ( 0.3222024856061125875, -0.9466707760722534726, 0.0000000000000000000 ) ) ;
#1759 = PRESENTATION_LAYER_ASSIGNMENT (  '', '', ( #4797 ) ) ;
#1760 = SURFACE_STYLE_USAGE ( .BOTH. , #1430 ) ;
#1761 = CARTESIAN_POINT ( 'NONE',  ( 0.07232805158964131231, 0.03816948009609098108, 0.02000000000000000042 ) ) ;
#1762 = SURFACE_STYLE_FILL_AREA ( #5059 ) ;
#1763 = VERTEX_POINT ( 'NONE', #3213 ) ;
#1764 = PLANE ( 'NONE',  #4294 ) ;
#1765 = UNCERTAINTY_MEASURE_WITH_UNIT (LENGTH_MEASURE( 1.000000000000000082E-05 ), #4707, 'distance_accuracy_value', 'NONE');
#1766 = CARTESIAN_POINT ( 'NONE',  ( 0.1074078274159683127, 0.02737346730674929118, 0.0000000000000000000 ) ) ;
#1767 = ORIENTED_EDGE ( 'NONE', *, *, #3844, .T. ) ;
#1768 = COLOUR_RGB ( '',0.2509803921568627416, 0.2509803921568627416, 0.2509803921568627416 ) ;
#1769 = CARTESIAN_POINT ( 'NONE',  ( -0.0000000000000000000, -0.006305217213692360795, 0.02000000000000000042 ) ) ;
#1770 = FILL_AREA_STYLE_COLOUR ( '', #1274 ) ;
#1771 = PLANE ( 'NONE',  #3645 ) ;
#1772 = PRESENTATION_LAYER_ASSIGNMENT (  '', '', ( #3321 ) ) ;
#1773 = SURFACE_SIDE_STYLE ('',( #3390 ) ) ;
#1774 = VERTEX_POINT ( 'NONE', #1670 ) ;
#1775 = CARTESIAN_POINT ( 'NONE',  ( -1.000000000000000000, -0.7899999999999990363, 0.0000000000000000000 ) ) ;
#1776 = DIRECTION ( 'NONE',  ( -1.000000000000000000, -0.0000000000000000000, -0.0000000000000000000 ) ) ;
#1777 = CARTESIAN_POINT ( 'NONE',  ( -0.1772774844917585080, 0.04857283156679546160, 0.0000000000000000000 ) ) ;
#1778 = CARTESIAN_POINT ( 'NONE',  ( -0.9899999999999999911, 0.7900000000000003686, 0.01000000000000002623 ) ) ;
#1779 = ADVANCED_FACE ( 'NONE', ( #376 ), #3104, .F. ) ;
#1780 = ADVANCED_FACE ( 'NONE', ( #3016 ), #4682, .T. ) ;
#1781 = CARTESIAN_POINT ( 'NONE',  ( -0.1840091418968759218, 0.03560897221847657973, 0.02000000000000000042 ) ) ;
#1782 = VERTEX_POINT ( 'NONE', #2123 ) ;
#1783 = CARTESIAN_POINT ( 'NONE',  ( 0.09579619742146612549, -0.04511713704711234341, 0.01999999999999999695 ) ) ;
#1784 = CARTESIAN_POINT ( 'NONE',  ( -0.1107927071874472147, -0.02720520615607775750, 0.02000000000000000042 ) ) ;
#1785 =( NAMED_UNIT ( * ) PLANE_ANGLE_UNIT ( ) SI_UNIT ( $, .RADIAN. ) );
#1786 =( LENGTH_UNIT ( ) NAMED_UNIT ( * ) SI_UNIT ( .MILLI., .METRE. ) );
#1787 = CARTESIAN_POINT ( 'NONE',  ( 0.06844590381849109673, 0.03873046306463539395, 0.02000000000000000042 ) ) ;
#1788 = CARTESIAN_POINT ( 'NONE',  ( 0.04195353751256972880, -0.04676216657092556461, 0.0000000000000000000 ) ) ;
#1789 = ORIENTED_EDGE ( 'NONE', *, *, #5046, .F. ) ;
#1790 = CARTESIAN_POINT ( 'NONE',  ( 0.1134874563530763741, 0.01328668029103743063, 0.0000000000000000000 ) ) ;
#1791 =( NAMED_UNIT ( * ) PLANE_ANGLE_UNIT ( ) SI_UNIT ( $, .RADIAN. ) );
#1792 = ORIENTED_EDGE ( 'NONE', *, *, #391, .T. ) ;
#1793 = CARTESIAN_POINT ( 'NONE',  ( -0.1238340427573265401, -0.02989705288505258712, 0.02000000000000000042 ) ) ;
#1794 = ORIENTED_EDGE ( 'NONE', *, *, #2339, .F. ) ;
#1795 = MECHANICAL_DESIGN_GEOMETRIC_PRESENTATION_REPRESENTATION (  '', ( #2048 ), #77 ) ;
#1796 = PLANE ( 'NONE',  #762 ) ;
#1797 = SURFACE_STYLE_FILL_AREA ( #925 ) ;
#1798 = CARTESIAN_POINT ( 'NONE',  ( -0.9899999999999995470, -0.7999999999999994893, 0.01000000000000002623 ) ) ;
#1799 = ORIENTED_EDGE ( 'NONE', *, *, #445, .F. ) ;
#1800 = FACE_OUTER_BOUND ( 'NONE', #4799, .T. ) ;
#1801 = FILL_AREA_STYLE ('',( #158 ) ) ;
#1802 = DIRECTION ( 'NONE',  ( -0.0000000000000000000, 0.0000000000000000000, 1.000000000000000000 ) ) ;
#1803 = CARTESIAN_POINT ( 'NONE',  ( 0.1019630262061557158, -0.003956362173513383942, 0.02000000000000000042 ) ) ;
#1804 = PRESENTATION_STYLE_ASSIGNMENT (( #4287 ) ) ;
#1805 = CARTESIAN_POINT ( 'NONE',  ( 0.06668211916677813100, -0.04167107087222894635, 0.02000000000000000042 ) ) ;
#1806 = ORIENTED_EDGE ( 'NONE', *, *, #3709, .T. ) ;
#1807 = VECTOR ( 'NONE', #2738, 1000.000000000000000 ) ;
#1808 = EDGE_CURVE ( 'NONE', #1077, #5336, #1721, .T. ) ;
#1809 = EDGE_CURVE ( 'NONE', #4555, #5069, #3307, .T. ) ;
#1810 = PRESENTATION_LAYER_ASSIGNMENT (  '', '', ( #2323 ) ) ;
#1811 = DIRECTION ( 'NONE',  ( 0.0000000000000000000, 0.0000000000000000000, -1.000000000000000000 ) ) ;
#1812 = DIRECTION ( 'NONE',  ( 1.000000000000000000, -0.0000000000000000000, 0.0000000000000000000 ) ) ;
#1813 = COLOUR_RGB ( '',1.000000000000000000, 1.000000000000000000, 1.000000000000000000 ) ;
#1814 = CARTESIAN_POINT ( 'NONE',  ( -0.1129449437739097895, -0.02416782182026569470, 0.02000000000000000042 ) ) ;
#1815 =( LENGTH_UNIT ( ) NAMED_UNIT ( * ) SI_UNIT ( .MILLI., .METRE. ) );
#1816 = VECTOR ( 'NONE', #2947, 1000.000000000000000 ) ;
#1817 = ADVANCED_FACE ( 'NONE', ( #501 ), #1691, .F. ) ;
#1818 = ORIENTED_EDGE ( 'NONE', *, *, #1498, .T. ) ;
#1819 = UNCERTAINTY_MEASURE_WITH_UNIT (LENGTH_MEASURE( 1.000000000000000082E-05 ), #1734, 'distance_accuracy_value', 'NONE');
#1820 = ORIENTED_EDGE ( 'NONE', *, *, #4531, .F. ) ;
#1821 = PRESENTATION_LAYER_ASSIGNMENT (  '', '', ( #784 ) ) ;
#1822 = ORIENTED_EDGE ( 'NONE', *, *, #361, .T. ) ;
#1823 =( LENGTH_UNIT ( ) NAMED_UNIT ( * ) SI_UNIT ( .MILLI., .METRE. ) );
#1824 = VECTOR ( 'NONE', #4860, 1000.000000000000000 ) ;
#1825 = EDGE_LOOP ( 'NONE', ( #4853, #5236, #1725, #487 ) ) ;
#1826 = DIRECTION ( 'NONE',  ( 0.0000000000000000000, -0.0000000000000000000, -1.000000000000000000 ) ) ;
#1827 = PRESENTATION_LAYER_ASSIGNMENT (  '', '', ( #3204 ) ) ;
#1828 =( NAMED_UNIT ( * ) PLANE_ANGLE_UNIT ( ) SI_UNIT ( $, .RADIAN. ) );
#1829 = DIRECTION ( 'NONE',  ( -1.000000000000000000, 0.0000000000000000000, 0.0000000000000000000 ) ) ;
#1830 = ORIENTED_EDGE ( 'NONE', *, *, #1015, .F. ) ;
#1831 = B_SPLINE_CURVE_WITH_KNOTS ( 'NONE', 3,
 ( #4310, #591, #3072, #3935, #222, #3513, #3986, #1044, #2692, #4359, #643, #2285, #2471, #3594, #1635, #3172, #414, #802, #1580 ),
 .UNSPECIFIED., .F., .F.,
 ( 4, 1, 1, 1, 1, 1, 1, 1, 1, 1, 1, 1, 1, 1, 1, 1, 4 ),
 ( 0.0000000000000000000, 0.06460397028839230671, 0.1267024139629473467, 0.1867568140356183348, 0.2455056873654374860, 0.3036520244499754662, 0.3615030739706254770, 0.4202402229284675772, 0.4800333407766962934, 0.5406781347755160727, 0.6011918063807818458, 0.6623335024774423818, 0.7247395102972318259, 0.7894677361728866805, 0.8565048600438308624, 0.9263120958391902748, 1.000000000000000000 ),
 .UNSPECIFIED. ) ;
#1832 = DIRECTION ( 'NONE',  ( -0.0000000000000000000, 0.0000000000000000000, 1.000000000000000000 ) ) ;
#1833 = DIRECTION ( 'NONE',  ( -0.0000000000000000000, 0.0000000000000000000, 1.000000000000000000 ) ) ;
#1834 = CARTESIAN_POINT ( 'NONE',  ( 0.9899999999999999911, 0.7900000000000003686, 0.7699999999999999067 ) ) ;
#1835 = CARTESIAN_POINT ( 'NONE',  ( -1.000000000000000000, 0.7900000000000003686, 0.01000000000000002623 ) ) ;
#1836 = CARTESIAN_POINT ( 'NONE',  ( 0.4100000000000000866, 0.7900000000000003686, 0.0000000000000000000 ) ) ;
#1837 = CARTESIAN_POINT ( 'NONE',  ( 0.04974297371538176360, -0.03922006557477994426, 0.0000000000000000000 ) ) ;
#1838 = VERTEX_POINT ( 'NONE', #4332 ) ;
#1839 = COLOUR_RGB ( '',0.2509803921568627416, 0.2509803921568627416, 0.2509803921568627416 ) ;
#1840 = CARTESIAN_POINT ( 'NONE',  ( 0.1083130372835968969, -0.03183725421793539428, 0.0000000000000000000 ) ) ;
#1841 = CARTESIAN_POINT ( 'NONE',  ( 0.9899999999999999911, 0.7900000000000003686, 0.01000000000000000021 ) ) ;
#1842 = B_SPLINE_CURVE_WITH_KNOTS ( 'NONE', 3,
 ( #2132, #4556, #514, #3327, #1679, #915, #65, #4125, #1654, #2050, #2863 ),
 .UNSPECIFIED., .F., .F.,
 ( 4, 1, 1, 1, 1, 1, 1, 1, 4 ),
 ( 0.0000000000000000000, 0.1451868664724696723, 0.2834426109197301091, 0.4165243659288290767, 0.5431811235350824107, 0.6651530826377128891, 0.7813602063127155217, 0.8927566556418091714, 1.000000000000000000 ),
 .UNSPECIFIED. ) ;
#1843 = CARTESIAN_POINT ( 'NONE',  ( -0.1187408991259047975, -0.0004553696527167494751, 0.0000000000000000000 ) ) ;
#1844 = CIRCLE ( 'NONE', #114, 0.01000000000000002623 ) ;
#1845 = ADVANCED_FACE ( 'NONE', ( #616 ), #3511, .T. ) ;
#1846 = SURFACE_SIDE_STYLE ('',( #2624 ) ) ;
#1847 =( NAMED_UNIT ( * ) PLANE_ANGLE_UNIT ( ) SI_UNIT ( $, .RADIAN. ) );
#1848 = ORIENTED_EDGE ( 'NONE', *, *, #2339, .T. ) ;
#1849 = CARTESIAN_POINT ( 'NONE',  ( -0.1173182039646163410, 0.01240080503207129786, 0.0000000000000000000 ) ) ;
#1850 = EDGE_CURVE ( 'NONE', #3243, #4048, #1297, .T. ) ;
#1851 = EDGE_CURVE ( 'NONE', #4317, #4462, #3088, .T. ) ;
#1852 = COLOUR_RGB ( '',0.2509803921568627416, 0.2509803921568627416, 0.2509803921568627416 ) ;
#1853 = SURFACE_STYLE_USAGE ( .BOTH. , #213 ) ;
#1854 = CARTESIAN_POINT ( 'NONE',  ( 0.1044683972984716686, 0.03147759828547774114, 0.02000000000000000389 ) ) ;
#1855 = CARTESIAN_POINT ( 'NONE',  ( 0.05158664313440476656, 0.04882566533990075758, 0.02000000000000000042 ) ) ;
#1856 = ORIENTED_EDGE ( 'NONE', *, *, #1650, .F. ) ;
#1857 = PRESENTATION_LAYER_ASSIGNMENT (  '', '', ( #1067 ) ) ;
#1858 = DIRECTION ( 'NONE',  ( 0.3390537954853694580, 0.9407669869669987861, 0.0000000000000000000 ) ) ;
#1859 = CARTESIAN_POINT ( 'NONE',  ( -0.06508236254053897940, 0.03759722181069789088, 0.0000000000000000000 ) ) ;
#1860 = FILL_AREA_STYLE_COLOUR ( '', #4273 ) ;
#1861 = PRESENTATION_LAYER_ASSIGNMENT (  '', '', ( #4203 ) ) ;
#1862 = DIRECTION ( 'NONE',  ( -0.9315776194850603487, 0.3635424856527063597, 0.0000000000000000000 ) ) ;
#1863 = CARTESIAN_POINT ( 'NONE',  ( 0.1153741874883294632, -0.005125747929719369142, 0.02000000000000000042 ) ) ;
#1864 = CARTESIAN_POINT ( 'NONE',  ( 0.9899999999999999911, -0.7999999999999994893, 0.0000000000000000000 ) ) ;
#1865 = CARTESIAN_POINT ( 'NONE',  ( -0.2004672710771243371, -0.01240277818930210843, 0.0000000000000000000 ) ) ;
#1866 = ORIENTED_EDGE ( 'NONE', *, *, #2005, .F. ) ;
#1867 = CARTESIAN_POINT ( 'NONE',  ( 0.1137036576331491439, -0.01875254642722214496, 0.01999999999999999695 ) ) ;
#1868 = VERTEX_POINT ( 'NONE', #5287 ) ;
#1869 = CARTESIAN_POINT ( 'NONE',  ( -0.1093678193611934274, 0.04118430849520685055, 0.02000000000000000042 ) ) ;
#1870 = LINE ( 'NONE', #202, #2019 ) ;
#1871 = CARTESIAN_POINT ( 'NONE',  ( -0.1022633032338027409, 0.03228404916109269690, 0.02000000000000000042 ) ) ;
#1872 = DIRECTION ( 'NONE',  ( -0.0000000000000000000, 0.0000000000000000000, 1.000000000000000000 ) ) ;
#1873 = CARTESIAN_POINT ( 'NONE',  ( 0.008088369166778127534, -0.006305217213692360795, 0.0000000000000000000 ) ) ;
#1874 = ADVANCED_FACE ( 'NONE', ( #2011 ), #1577, .T. ) ;
#1875 = EDGE_CURVE ( 'NONE', #801, #3385, #2569, .T. ) ;
#1876 = ORIENTED_EDGE ( 'NONE', *, *, #1743, .T. ) ;
#1877 = FILL_AREA_STYLE ('',( #240 ) ) ;
#1878 = CARTESIAN_POINT ( 'NONE',  ( 0.04974297371538176360, -0.03922006557477994426, 0.02000000000000000042 ) ) ;
#1879 = ORIENTED_EDGE ( 'NONE', *, *, #2245, .T. ) ;
#1880 = AXIS2_PLACEMENT_3D ( 'NONE', #4407, #1862, #2310 ) ;
#1881 = SURFACE_STYLE_FILL_AREA ( #1910 ) ;
#1882 = DIRECTION ( 'NONE',  ( -1.000000000000000000, 0.0000000000000000000, 0.0000000000000000000 ) ) ;
#1883 = FILL_AREA_STYLE ('',( #1062 ) ) ;
#1884 = PRESENTATION_LAYER_ASSIGNMENT (  '', '', ( #4990 ) ) ;
#1885 =( NAMED_UNIT ( * ) SI_UNIT ( $, .STERADIAN. ) SOLID_ANGLE_UNIT ( ) );
#1886 = EDGE_LOOP ( 'NONE', ( #4922, #4979, #3267, #2319 ) ) ;
#1887 = CARTESIAN_POINT ( 'NONE',  ( 0.1057056292512909695, -0.03564792269969140059, 0.01999999999999999695 ) ) ;
#1888 = DIRECTION ( 'NONE',  ( -1.000000000000000000, 0.0000000000000000000, 0.0000000000000000000 ) ) ;
#1889 = CIRCLE ( 'NONE', #331, 0.01000000000000000021 ) ;
#1890 = CARTESIAN_POINT ( 'NONE',  ( -0.2004672710771243649, -0.01240277818930211537, 0.0000000000000000000 ) ) ;
#1891 = EDGE_LOOP ( 'NONE', ( #2848, #2336, #2529, #3504 ) ) ;
#1892 = DIRECTION ( 'NONE',  ( 0.0000000000000000000, -0.0000000000000000000, -1.000000000000000000 ) ) ;
#1893 = STYLED_ITEM ( 'NONE', ( #4219 ), #1048 ) ;
#1894 = LINE ( 'NONE', #1429, #4026 ) ;
#1895 = PRESENTATION_LAYER_ASSIGNMENT (  '', '', ( #3355 ) ) ;
#1896 = FACE_OUTER_BOUND ( 'NONE', #2554, .T. ) ;
#1897 =( GEOMETRIC_REPRESENTATION_CONTEXT ( 3 ) GLOBAL_UNCERTAINTY_ASSIGNED_CONTEXT ( ( #3140 ) ) GLOBAL_UNIT_ASSIGNED_CONTEXT ( ( #1444, #1913, #1885 ) ) REPRESENTATION_CONTEXT ( 'NONE', 'WORKASPACE' ) );
#1898 = DIRECTION ( 'NONE',  ( 0.0000000000000000000, 0.0000000000000000000, 1.000000000000000000 ) ) ;
#1899 = CARTESIAN_POINT ( 'NONE',  ( -0.08403338332136056632, 0.03751074822786780449, 0.0000000000000000000 ) ) ;
#1900 = UNCERTAINTY_MEASURE_WITH_UNIT (LENGTH_MEASURE( 1.000000000000000082E-05 ), #5033, 'distance_accuracy_value', 'NONE');
#1901 =( GEOMETRIC_REPRESENTATION_CONTEXT ( 3 ) GLOBAL_UNCERTAINTY_ASSIGNED_CONTEXT ( ( #104 ) ) GLOBAL_UNIT_ASSIGNED_CONTEXT ( ( #4021, #357, #2400 ) ) REPRESENTATION_CONTEXT ( 'NONE', 'WORKASPACE' ) );
#1902 = CARTESIAN_POINT ( 'NONE',  ( 0.04101519843507079460, 0.03241429498142959359, 0.0000000000000000000 ) ) ;
#1903 = CARTESIAN_POINT ( 'NONE',  ( 1.000000000000000000, 0.8000000000000003775, -0.02000000000000000042 ) ) ;
#1904 = VECTOR ( 'NONE', #74, 1000.000000000000000 ) ;
#1905 = PLANE ( 'NONE',  #2798 ) ;
#1906 = EDGE_CURVE ( 'NONE', #139, #1664, #5038, .T. ) ;
#1907 =( NAMED_UNIT ( * ) SI_UNIT ( $, .STERADIAN. ) SOLID_ANGLE_UNIT ( ) );
#1908 = VERTEX_POINT ( 'NONE', #3336 ) ;
#1909 =( GEOMETRIC_REPRESENTATION_CONTEXT ( 3 ) GLOBAL_UNCERTAINTY_ASSIGNED_CONTEXT ( ( #1127 ) ) GLOBAL_UNIT_ASSIGNED_CONTEXT ( ( #1970, #3641, #1209 ) ) REPRESENTATION_CONTEXT ( 'NONE', 'WORKASPACE' ) );
#1910 = FILL_AREA_STYLE ('',( #638 ) ) ;
#1911 = FACE_OUTER_BOUND ( 'NONE', #4393, .T. ) ;
#1912 = ADVANCED_FACE ( 'NONE', ( #3866 ), #1328, .F. ) ;
#1913 =( NAMED_UNIT ( * ) PLANE_ANGLE_UNIT ( ) SI_UNIT ( $, .RADIAN. ) );
#1914 = ORIENTED_EDGE ( 'NONE', *, *, #1530, .F. ) ;
#1915 = FILL_AREA_STYLE ('',( #3103 ) ) ;
#1916 = FILL_AREA_STYLE ('',( #4206 ) ) ;
#1917 = VERTEX_POINT ( 'NONE', #1745 ) ;
#1918 = CARTESIAN_POINT ( 'NONE',  ( -0.1050472205807122528, 0.04349497766773110369, 0.02000000000000000042 ) ) ;
#1919 =( NAMED_UNIT ( * ) PLANE_ANGLE_UNIT ( ) SI_UNIT ( $, .RADIAN. ) );
#1920 = FILL_AREA_STYLE ('',( #675 ) ) ;
#1921 = DIRECTION ( 'NONE',  ( 0.0000000000000000000, -0.0000000000000000000, -1.000000000000000000 ) ) ;
#1922 = CARTESIAN_POINT ( 'NONE',  ( 0.0000000000000000000, 0.0000000000000000000, 0.0000000000000000000 ) ) ;
#1923 = LINE ( 'NONE', #3524, #1529 ) ;
#1924 = ORIENTED_EDGE ( 'NONE', *, *, #3090, .T. ) ;
#1925 =( GEOMETRIC_REPRESENTATION_CONTEXT ( 3 ) GLOBAL_UNCERTAINTY_ASSIGNED_CONTEXT ( ( #1295 ) ) GLOBAL_UNIT_ASSIGNED_CONTEXT ( ( #3958, #5183, #729 ) ) REPRESENTATION_CONTEXT ( 'NONE', 'WORKASPACE' ) );
#1926 = FILL_AREA_STYLE_COLOUR ( '', #2907 ) ;
#1927 = PRESENTATION_STYLE_ASSIGNMENT (( #1490 ) ) ;
#1928 = SURFACE_SIDE_STYLE ('',( #3197 ) ) ;
#1929 = CARTESIAN_POINT ( 'NONE',  ( -0.1187408991259047975, -0.0004553696527167494751, 0.0000000000000000000 ) ) ;
#1930 = VERTEX_POINT ( 'NONE', #4274 ) ;
#1931 = MECHANICAL_DESIGN_GEOMETRIC_PRESENTATION_REPRESENTATION (  '', ( #4797 ), #637 ) ;
#1932 = FACE_OUTER_BOUND ( 'NONE', #4220, .T. ) ;
#1933 = UNCERTAINTY_MEASURE_WITH_UNIT (LENGTH_MEASURE( 1.000000000000000082E-05 ), #4532, 'distance_accuracy_value', 'NONE');
#1934 =( NAMED_UNIT ( * ) SI_UNIT ( $, .STERADIAN. ) SOLID_ANGLE_UNIT ( ) );
#1935 = DIRECTION ( 'NONE',  ( -0.0000000000000000000, -1.000000000000000000, 0.0000000000000000000 ) ) ;
#1936 = DIRECTION ( 'NONE',  ( 0.0000000000000000000, -0.0000000000000000000, -1.000000000000000000 ) ) ;
#1937 = ORIENTED_EDGE ( 'NONE', *, *, #3330, .F. ) ;
#1938 = UNCERTAINTY_MEASURE_WITH_UNIT (LENGTH_MEASURE( 1.000000000000000082E-05 ), #2402, 'distance_accuracy_value', 'NONE');
#1939 = CARTESIAN_POINT ( 'NONE',  ( 0.008088369166778127534, 0.004670392542405204725, 0.0000000000000000000 ) ) ;
#1940 = ADVANCED_FACE ( 'NONE', ( #3842, #53 ), #495, .F. ) ;
#1941 = AXIS2_PLACEMENT_3D ( 'NONE', #435, #4587, #2995 ) ;
#1942 = CARTESIAN_POINT ( 'NONE',  ( 0.04686679131827322514, -0.04909293724167446832, 0.02000000000000000042 ) ) ;
#1943 = ADVANCED_FACE ( 'NONE', ( #3036 ), #1796, .F. ) ;
#1944 = CARTESIAN_POINT ( 'NONE',  ( 0.08409007586272043699, -0.03758719195508760519, 0.0000000000000000000 ) ) ;
#1945 =( NAMED_UNIT ( * ) SI_UNIT ( $, .STERADIAN. ) SOLID_ANGLE_UNIT ( ) );
#1946 = CARTESIAN_POINT ( 'NONE',  ( -0.9899999999999999911, 0.7900000000000003686, 0.0000000000000000000 ) ) ;
#1947 = CARTESIAN_POINT ( 'NONE',  ( -0.08403338332136056632, 0.03751074822786780449, 0.0000000000000000000 ) ) ;
#1948 = DIRECTION ( 'NONE',  ( 0.0000000000000000000, -1.000000000000000000, 0.0000000000000000000 ) ) ;
#1949 = CARTESIAN_POINT ( 'NONE',  ( -0.08125476577093905528, 0.03756792239378845683, 0.0000000000000000000 ) ) ;
#1950 = SURFACE_STYLE_USAGE ( .BOTH. , #4027 ) ;
#1951 = CARTESIAN_POINT ( 'NONE',  ( -0.1134692097666577248, 0.03848777963531620216, 0.0000000000000000000 ) ) ;
#1952 = DIRECTION ( 'NONE',  ( 0.0000000000000000000, 1.000000000000000000, 0.0000000000000000000 ) ) ;
#1953 = DIRECTION ( 'NONE',  ( -0.0000000000000000000, 0.0000000000000000000, -1.000000000000000000 ) ) ;
#1954 = PRESENTATION_STYLE_ASSIGNMENT (( #2736 ) ) ;
#1955 = CARTESIAN_POINT ( 'NONE',  ( 0.05778549598126583864, 0.04956369838530930855, 0.0000000000000000000 ) ) ;
#1956 = CARTESIAN_POINT ( 'NONE',  ( -0.1187063875238651423, -0.001993623803116041475, 0.0000000000000000000 ) ) ;
#1957 = ORIENTED_EDGE ( 'NONE', *, *, #5275, .F. ) ;
#1958 = DIRECTION ( 'NONE',  ( -0.0000000000000000000, 0.0000000000000000000, 1.000000000000000000 ) ) ;
#1959 = ORIENTED_EDGE ( 'NONE', *, *, #4531, .T. ) ;
#1960 = FILL_AREA_STYLE ('',( #3715 ) ) ;
#1961 = CYLINDRICAL_SURFACE ( 'NONE', #2003, 0.01000000000000002623 ) ;
#1962 = CARTESIAN_POINT ( 'NONE',  ( -0.9899999999999999911, 0.7900000000000003686, 0.01000000000000000021 ) ) ;
#1963 = FILL_AREA_STYLE_COLOUR ( '', #162 ) ;
#1964 = CARTESIAN_POINT ( 'NONE',  ( -0.9899999999999999911, 0.8000000000000003775, 0.01000000000000002623 ) ) ;
#1965 = EDGE_CURVE ( 'NONE', #229, #2654, #3171, .T. ) ;
#1966 = CARTESIAN_POINT ( 'NONE',  ( 0.04367123738511444198, 0.03395765368552570995, 0.0000000000000000000 ) ) ;
#1967 = CARTESIAN_POINT ( 'NONE',  ( -0.1161373228972353566, 0.01613067971296911970, 0.0000000000000000000 ) ) ;
#1968 =( LENGTH_UNIT ( ) NAMED_UNIT ( * ) SI_UNIT ( .MILLI., .METRE. ) );
#1969 = FACE_BOUND ( 'NONE', #2387, .T. ) ;
#1970 =( LENGTH_UNIT ( ) NAMED_UNIT ( * ) SI_UNIT ( .MILLI., .METRE. ) );
#1971 = AXIS2_PLACEMENT_3D ( 'NONE', #2278, #1029, #1078 ) ;
#1972 = MECHANICAL_DESIGN_GEOMETRIC_PRESENTATION_REPRESENTATION (  '', ( #4068 ), #1532 ) ;
#1973 = EDGE_CURVE ( 'NONE', #3285, #5175, #3967, .T. ) ;
#1974 = CARTESIAN_POINT ( 'NONE',  ( -0.1134478675997599856, -0.04074641753648806236, 0.0000000000000000000 ) ) ;
#1975 = PRESENTATION_LAYER_ASSIGNMENT (  '', '', ( #3903 ) ) ;
#1976 = COLOUR_RGB ( '',0.7529411764705882248, 0.7529411764705882248, 0.7529411764705882248 ) ;
#1977 =( NAMED_UNIT ( * ) PLANE_ANGLE_UNIT ( ) SI_UNIT ( $, .RADIAN. ) );
#1978 = AXIS2_PLACEMENT_3D ( 'NONE', #1939, #2818, #2368 ) ;
#1979 = ORIENTED_EDGE ( 'NONE', *, *, #3225, .T. ) ;
#1980 = AXIS2_PLACEMENT_3D ( 'NONE', #2435, #4155, #1212 ) ;
#1981 = CARTESIAN_POINT ( 'NONE',  ( -0.1828377996291895846, 0.03243552689241457204, 0.02000000000000000042 ) ) ;
#1982 = STYLED_ITEM ( 'NONE', ( #5156 ), #4172 ) ;
#1983 = UNCERTAINTY_MEASURE_WITH_UNIT (LENGTH_MEASURE( 1.000000000000000082E-05 ), #4074, 'distance_accuracy_value', 'NONE');
#1984 = CARTESIAN_POINT ( 'NONE',  ( 0.09824244086951053334, -0.02210649285524875565, 0.02000000000000000042 ) ) ;
#1985 = CARTESIAN_POINT ( 'NONE',  ( 0.9899999999999999911, 0.7900000000000003686, 0.7699999999999999067 ) ) ;
#1986 = CARTESIAN_POINT ( 'NONE',  ( 0.08773436144744634069, -0.04933823785651852284, 0.0000000000000000000 ) ) ;
#1987 = EDGE_LOOP ( 'NONE', ( #1136, #5092, #100, #3813 ) ) ;
#1988 = SURFACE_STYLE_USAGE ( .BOTH. , #3659 ) ;
#1989 = CARTESIAN_POINT ( 'NONE',  ( 0.06443364355702201063, 0.03881673400581983624, 0.02000000000000000042 ) ) ;
#1990 = ORIENTED_EDGE ( 'NONE', *, *, #4140, .T. ) ;
#1991 = STYLED_ITEM ( 'NONE', ( #907 ), #3771 ) ;
#1992 = CARTESIAN_POINT ( 'NONE',  ( -0.1186444238893666486, 0.004054006731770695877, 0.02000000000000000042 ) ) ;
#1993 = FILL_AREA_STYLE ('',( #4094 ) ) ;
#1994 = CARTESIAN_POINT ( 'NONE',  ( -0.1321555332722463005, -0.0001695464819850419041, 0.02000000000000000042 ) ) ;
#1995 = CARTESIAN_POINT ( 'NONE',  ( -0.08800805235292732953, -0.03985086807317231999, 0.0000000000000000000 ) ) ;
#1996 =( NAMED_UNIT ( * ) PLANE_ANGLE_UNIT ( ) SI_UNIT ( $, .RADIAN. ) );
#1997 =( NAMED_UNIT ( * ) SI_UNIT ( $, .STERADIAN. ) SOLID_ANGLE_UNIT ( ) );
#1998 = CARTESIAN_POINT ( 'NONE',  ( 0.06337843058607976754, 0.03880077994618596343, 0.02000000000000000042 ) ) ;
#1999 = FILL_AREA_STYLE_COLOUR ( '', #1380 ) ;
#2000 = FACE_OUTER_BOUND ( 'NONE', #1320, .T. ) ;
#2001 = SURFACE_SIDE_STYLE ('',( #4049 ) ) ;
#2002 = STYLED_ITEM ( 'NONE', ( #1261 ), #2559 ) ;
#2003 = AXIS2_PLACEMENT_3D ( 'NONE', #3628, #5265, #3211 ) ;
#2004 = ADVANCED_FACE ( 'NONE', ( #914 ), #1379, .F. ) ;
#2005 = EDGE_CURVE ( 'NONE', #2654, #529, #4444, .T. ) ;
#2006 = COLOUR_RGB ( '',0.2509803921568627416, 0.2509803921568627416, 0.2509803921568627416 ) ;
#2007 = ORIENTED_EDGE ( 'NONE', *, *, #361, .F. ) ;
#2008 = FILL_AREA_STYLE ('',( #3653 ) ) ;
#2009 =( NAMED_UNIT ( * ) PLANE_ANGLE_UNIT ( ) SI_UNIT ( $, .RADIAN. ) );
#2010 = DIRECTION ( 'NONE',  ( -0.0000000000000000000, 0.0000000000000000000, 1.000000000000000000 ) ) ;
#2011 = FACE_OUTER_BOUND ( 'NONE', #4847, .T. ) ;
#2012 = CARTESIAN_POINT ( 'NONE',  ( -1.000000000000000000, -0.7899999999999990363, -0.02000000000000000042 ) ) ;
#2013 = ORIENTED_EDGE ( 'NONE', *, *, #3920, .F. ) ;
#2014 = ORIENTED_EDGE ( 'NONE', *, *, #2102, .F. ) ;
#2015 = AXIS2_PLACEMENT_3D ( 'NONE', #4227, #4635, #2162 ) ;
#2016 = SURFACE_SIDE_STYLE ('',( #4884 ) ) ;
#2017 = CARTESIAN_POINT ( 'NONE',  ( -0.1127740867112080464, 0.02271736655063532825, 0.02000000000000000042 ) ) ;
#2018 = SURFACE_STYLE_USAGE ( .BOTH. , #375 ) ;
#2019 = VECTOR ( 'NONE', #3110, 1000.000000000000000 ) ;
#2020 = CARTESIAN_POINT ( 'NONE',  ( -0.1828377996291895846, 0.03243552689241457204, 0.0000000000000000000 ) ) ;
#2021 = CARTESIAN_POINT ( 'NONE',  ( 0.0000000000000000000, 0.0000000000000000000, 0.0000000000000000000 ) ) ;
#2022 = ORIENTED_EDGE ( 'NONE', *, *, #2131, .T. ) ;
#2023 = VECTOR ( 'NONE', #4020, 1000.000000000000000 ) ;
#2024 = DIRECTION ( 'NONE',  ( 1.000000000000000000, 0.0000000000000000000, 0.0000000000000000000 ) ) ;
#2025 = FACE_BOUND ( 'NONE', #4767, .T. ) ;
#2026 =( NAMED_UNIT ( * ) PLANE_ANGLE_UNIT ( ) SI_UNIT ( $, .RADIAN. ) );
#2027 = CARTESIAN_POINT ( 'NONE',  ( 0.04181121078613619230, 0.04615204809085841214, 0.0000000000000000000 ) ) ;
#2028 = LINE ( 'NONE', #794, #4657 ) ;
#2029 = ORIENTED_EDGE ( 'NONE', *, *, #588, .T. ) ;
#2030 = EDGE_CURVE ( 'NONE', #3033, #2904, #725, .T. ) ;
#2031 = EDGE_CURVE ( 'NONE', #5175, #4778, #3108, .T. ) ;
#2032 = CARTESIAN_POINT ( 'NONE',  ( 0.04671225841693495140, -0.03810265946404272491, 0.02000000000000000042 ) ) ;
#2033 = COLOUR_RGB ( '',1.000000000000000000, 1.000000000000000000, 1.000000000000000000 ) ;
#2034 = FILL_AREA_STYLE ('',( #5285 ) ) ;
#2035 = DIRECTION ( 'NONE',  ( 0.0000000000000000000, 0.0000000000000000000, 1.000000000000000000 ) ) ;
#2036 = CARTESIAN_POINT ( 'NONE',  ( -0.1056163933129004306, -0.03244685529915954797, 0.0000000000000000000 ) ) ;
#2037 = ORIENTED_EDGE ( 'NONE', *, *, #557, .T. ) ;
#2038 = CARTESIAN_POINT ( 'NONE',  ( -0.4100000000000000866, 0.8000000000000003775, -0.02000000000000000042 ) ) ;
#2039 = ORIENTED_EDGE ( 'NONE', *, *, #3466, .T. ) ;
#2040 = ADVANCED_FACE ( 'NONE', ( #2772 ), #2958, .F. ) ;
#2041 = UNCERTAINTY_MEASURE_WITH_UNIT (LENGTH_MEASURE( 1.000000000000000082E-05 ), #809, 'distance_accuracy_value', 'NONE');
#2042 = FILL_AREA_STYLE_COLOUR ( '', #4501 ) ;
#2043 = CARTESIAN_POINT ( 'NONE',  ( 0.05341434585850124428, -0.05108887305884075858, 0.02000000000000000042 ) ) ;
#2044 = LINE ( 'NONE', #830, #1185 ) ;
#2045 = SURFACE_STYLE_USAGE ( .BOTH. , #4627 ) ;
#2046 = EDGE_LOOP ( 'NONE', ( #3020, #4276, #224, #5015 ) ) ;
#2047 = LINE ( 'NONE', #4047, #857 ) ;
#2048 = STYLED_ITEM ( 'NONE', ( #2581 ), #1817 ) ;
#2049 = SURFACE_SIDE_STYLE ('',( #5333 ) ) ;
#2050 = CARTESIAN_POINT ( 'NONE',  ( 0.04181121078613619230, 0.04615204809085841214, 0.02000000000000000042 ) ) ;
#2051 = STYLED_ITEM ( 'NONE', ( #848 ), #1940 ) ;
#2052 = LINE ( 'NONE', #3779, #5093 ) ;
#2053 = FILL_AREA_STYLE ('',( #4051 ) ) ;
#2054 = AXIS2_PLACEMENT_3D ( 'NONE', #3528, #1418, #3930 ) ;
#2055 = AXIS2_PLACEMENT_3D ( 'NONE', #4316, #1948, #1921 ) ;
#2056 = VECTOR ( 'NONE', #1692, 1000.000000000000000 ) ;
#2057 = CARTESIAN_POINT ( 'NONE',  ( -0.9899999999999999911, -0.7899999999999994804, -0.02000000000000000042 ) ) ;
#2058 = ORIENTED_EDGE ( 'NONE', *, *, #5116, .T. ) ;
#2059 = CIRCLE ( 'NONE', #1455, 0.01000000000000002623 ) ;
#2060 = EDGE_CURVE ( 'NONE', #4350, #2904, #2028, .T. ) ;
#2061 = DIRECTION ( 'NONE',  ( 0.0000000000000000000, 0.0000000000000000000, -1.000000000000000000 ) ) ;
#2062 = STYLED_ITEM ( 'NONE', ( #328 ), #265 ) ;
#2063 = CARTESIAN_POINT ( 'NONE',  ( -0.1026053901210610964, -0.03459543722041618502, 0.0000000000000000000 ) ) ;
#2064 = VERTEX_POINT ( 'NONE', #3760 ) ;
#2065 = FILL_AREA_STYLE_COLOUR ( '', #1629 ) ;
#2066 = VECTOR ( 'NONE', #4659, 1000.000000000000000 ) ;
#2067 = MECHANICAL_DESIGN_GEOMETRIC_PRESENTATION_REPRESENTATION (  '', ( #4418 ), #1543 ) ;
#2068 = CARTESIAN_POINT ( 'NONE',  ( -0.4100000000000000866, 0.7900000000000003686, -0.02000000000000000042 ) ) ;
#2069 = CARTESIAN_POINT ( 'NONE',  ( 0.008088369166778127534, 0.03759722181069789088, 0.0000000000000000000 ) ) ;
#2070 = EDGE_CURVE ( 'NONE', #5313, #3168, #4128, .T. ) ;
#2071 = STYLED_ITEM ( 'NONE', ( #1731 ), #3405 ) ;
#2072 = ADVANCED_FACE ( 'NONE', ( #3278 ), #436, .F. ) ;
#2073 = LINE ( 'NONE', #37, #5076 ) ;
#2074 = CARTESIAN_POINT ( 'NONE',  ( -0.09203973886711298846, -0.03904060862152602257, 0.0000000000000000000 ) ) ;
#2075 = CARTESIAN_POINT ( 'NONE',  ( 0.07953927403968082122, 0.03610181444497451847, 0.02000000000000000042 ) ) ;
#2076 = ORIENTED_EDGE ( 'NONE', *, *, #264, .T. ) ;
#2077 = VECTOR ( 'NONE', #3425, 1000.000000000000000 ) ;
#2078 = CARTESIAN_POINT ( 'NONE',  ( 0.09229075450588188068, -0.03112804802874345397, 0.0000000000000000000 ) ) ;
#2079 =( NAMED_UNIT ( * ) PLANE_ANGLE_UNIT ( ) SI_UNIT ( $, .RADIAN. ) );
#2080 = VECTOR ( 'NONE', #3450, 999.9999999999998863 ) ;
#2081 = PLANE ( 'NONE',  #2015 ) ;
#2082 = LINE ( 'NONE', #1655, #2679 ) ;
#2083 = CYLINDRICAL_SURFACE ( 'NONE', #2454, 0.01000000000000002623 ) ;
#2084 = EDGE_LOOP ( 'NONE', ( #392, #1341, #248, #888, #1243, #3368, #1582, #4752 ) ) ;
#2085 = FILL_AREA_STYLE_COLOUR ( '', #468 ) ;
#2086 = CARTESIAN_POINT ( 'NONE',  ( 0.1074078274159683127, 0.02737346730674929118, 0.02000000000000000042 ) ) ;
#2087 = EDGE_LOOP ( 'NONE', ( #1090, #3174, #4615, #5129 ) ) ;
#2088 = SURFACE_SIDE_STYLE ('',( #4535 ) ) ;
#2089 = UNCERTAINTY_MEASURE_WITH_UNIT (LENGTH_MEASURE( 1.000000000000000082E-05 ), #530, 'distance_accuracy_value', 'NONE');
#2090 = CARTESIAN_POINT ( 'NONE',  ( 0.1006874855581756101, -0.01492028912963643678, 0.02000000000000000042 ) ) ;
#2091 = COLOUR_RGB ( '',0.2509803921568627416, 0.2509803921568627416, 0.2509803921568627416 ) ;
#2092 = SURFACE_STYLE_FILL_AREA ( #877 ) ;
#2093 = PRESENTATION_STYLE_ASSIGNMENT (( #2924 ) ) ;
#2094 = SURFACE_SIDE_STYLE ('',( #4250 ) ) ;
#2095 = DIRECTION ( 'NONE',  ( -1.000000000000000000, 0.0000000000000000000, 0.0000000000000000000 ) ) ;
#2096 = CARTESIAN_POINT ( 'NONE',  ( 0.09229075450588188068, -0.03112804802874345397, 0.02000000000000000042 ) ) ;
#2097 = PRESENTATION_STYLE_ASSIGNMENT (( #4949 ) ) ;
#2098 = CARTESIAN_POINT ( 'NONE',  ( 0.1018887376631432556, 0.002058241044163147248, 0.0000000000000000000 ) ) ;
#2099 = ORIENTED_EDGE ( 'NONE', *, *, #1103, .T. ) ;
#2100 = EDGE_CURVE ( 'NONE', #1551, #1782, #3332, .T. ) ;
#2101 = CARTESIAN_POINT ( 'NONE',  ( 0.09579619742146612549, -0.04511713704711234341, 0.02000000000000000042 ) ) ;
#2102 = EDGE_CURVE ( 'NONE', #4940, #3922, #3001, .T. ) ;
#2103 = COLOUR_RGB ( '',1.000000000000000000, 1.000000000000000000, 1.000000000000000000 ) ;
#2104 = CARTESIAN_POINT ( 'NONE',  ( -0.1835465393698072489, 0.03637770961557593857, 0.02000000000000000042 ) ) ;
#2105 = SURFACE_STYLE_FILL_AREA ( #4205 ) ;
#2106 = B_SPLINE_SURFACE_WITH_KNOTS ( 'NONE', 3, 1, ( 
 ( #1617, #3396 ),
 ( #133, #3821 ),
 ( #1335, #195 ),
 ( #5103, #3043 ),
 ( #4729, #4251 ),
 ( #5023, #4308 ),
 ( #5044, #929 ) ),
 .UNSPECIFIED., .F., .F., .F.,
 ( 4, 1, 1, 1, 4 ),
 ( 2, 2 ),
 ( 0.0000000000000000000, 0.3261021526013340166, 0.6017142408718880731, 0.8255182846829495213, 0.9999999999999998890 ),
 ( 0.0000000000000000000, 1.000000000000000000 ),
 .UNSPECIFIED. ) ;
#2107 = DIRECTION ( 'NONE',  ( 0.0000000000000000000, -1.000000000000000000, 0.0000000000000000000 ) ) ;
#2108 = SURFACE_STYLE_USAGE ( .BOTH. , #115 ) ;
#2109 = VECTOR ( 'NONE', #4781, 1000.000000000000000 ) ;
#2110 = CARTESIAN_POINT ( 'NONE',  ( 0.1617469057521439824, 0.0000000000000000000, 0.02000000000000000042 ) ) ;
#2111 = ORIENTED_EDGE ( 'NONE', *, *, #2990, .T. ) ;
#2112 = CARTESIAN_POINT ( 'NONE',  ( 0.04101519843507079460, -0.04624424160393626748, 0.0000000000000000000 ) ) ;
#2113 = SURFACE_SIDE_STYLE ('',( #898 ) ) ;
#2114 = PRESENTATION_STYLE_ASSIGNMENT (( #1269 ) ) ;
#2115 = CARTESIAN_POINT ( 'NONE',  ( 0.06668211916677813100, -0.04167107087222894635, 0.02000000000000000042 ) ) ;
#2116 =( NAMED_UNIT ( * ) PLANE_ANGLE_UNIT ( ) SI_UNIT ( $, .RADIAN. ) );
#2117 = CARTESIAN_POINT ( 'NONE',  ( 0.008088369166778127534, -0.006305217213692360795, 0.0000000000000000000 ) ) ;
#2118 = DIRECTION ( 'NONE',  ( 0.0000000000000000000, -1.000000000000000000, 0.0000000000000000000 ) ) ;
#2119 = VERTEX_POINT ( 'NONE', #26 ) ;
#2120 = VECTOR ( 'NONE', #1550, 1000.000000000000000 ) ;
#2121 = FACE_OUTER_BOUND ( 'NONE', #520, .T. ) ;
#2122 = PRESENTATION_STYLE_ASSIGNMENT (( #4252 ) ) ;
#2123 = CARTESIAN_POINT ( 'NONE',  ( 0.008088369166778127534, 0.004670392542405204725, 0.02000000000000000042 ) ) ;
#2124 = DIRECTION ( 'NONE',  ( -1.000000000000000000, -2.710505431213744322E-16, 0.0000000000000000000 ) ) ;
#2125 = CARTESIAN_POINT ( 'NONE',  ( 0.06443364355702201063, 0.03881673400581983624, 0.0000000000000000000 ) ) ;
#2126 = ORIENTED_EDGE ( 'NONE', *, *, #3876, .T. ) ;
#2127 = CARTESIAN_POINT ( 'NONE',  ( -0.1834299311225615625, 0.03566562038675384627, 0.0000000000000000000 ) ) ;
#2128 = DIRECTION ( 'NONE',  ( -1.000000000000000000, 0.0000000000000000000, 0.0000000000000000000 ) ) ;
#2129 = DIRECTION ( 'NONE',  ( 0.0000000000000000000, 1.000000000000000000, 0.0000000000000000000 ) ) ;
#2130 = CARTESIAN_POINT ( 'NONE',  ( -0.1056163933129004306, -0.03244685529915954797, 0.02000000000000000042 ) ) ;
#2131 = EDGE_CURVE ( 'NONE', #3007, #415, #273, .T. ) ;
#2132 = CARTESIAN_POINT ( 'NONE',  ( 0.06454797282531471447, 0.04979234376191740696, 0.02000000000000000042 ) ) ;
#2133 = CARTESIAN_POINT ( 'NONE',  ( -1.000000000000000000, 0.8000000000000003775, 0.01000000000000002623 ) ) ;
#2134 = CARTESIAN_POINT ( 'NONE',  ( 0.07953927403968082122, 0.03610181444497451847, 0.02000000000000000042 ) ) ;
#2135 = EDGE_LOOP ( 'NONE', ( #2795, #2944, #738, #1789 ) ) ;
#2136 = DIRECTION ( 'NONE',  ( -0.0000000000000000000, -1.000000000000000000, -0.0000000000000000000 ) ) ;
#2137 = ORIENTED_EDGE ( 'NONE', *, *, #3531, .T. ) ;
#2138 = COLOUR_RGB ( '',0.2509803921568627416, 0.2509803921568627416, 0.2509803921568627416 ) ;
#2139 = DIRECTION ( 'NONE',  ( -1.000000000000000000, 0.0000000000000000000, 0.0000000000000000000 ) ) ;
#2140 = SURFACE_SIDE_STYLE ('',( #406 ) ) ;
#2141 = ORIENTED_EDGE ( 'NONE', *, *, #942, .T. ) ;
#2142 = CARTESIAN_POINT ( 'NONE',  ( 0.05618140819851034223, -0.04082033733197418940, 0.0000000000000000000 ) ) ;
#2143 = VECTOR ( 'NONE', #4768, 1000.000000000000000 ) ;
#2144 = AXIS2_PLACEMENT_3D ( 'NONE', #3434, #66, #1701 ) ;
#2145 = CLOSED_SHELL ( 'NONE', ( #2004, #1074, #2496, #3971, #1573, #4623, #3326, #1381, #3031, #2727 ) ) ;
#2146 = ORIENTED_EDGE ( 'NONE', *, *, #1851, .F. ) ;
#2147 = UNCERTAINTY_MEASURE_WITH_UNIT (LENGTH_MEASURE( 1.000000000000000082E-05 ), #1786, 'distance_accuracy_value', 'NONE');
#2148 = B_SPLINE_SURFACE_WITH_KNOTS ( 'NONE', 3, 1, ( 
 ( #582, #1358 ),
 ( #4750, #2260 ),
 ( #1038, #2205 ),
 ( #4353, #2232 ),
 ( #153, #4701 ),
 ( #991, #214 ),
 ( #191, #3480 ),
 ( #4326, #5067 ),
 ( #3005, #1854 ),
 ( #241, #1539 ),
 ( #3144, #4053 ),
 ( #3681, #4874 ),
 ( #736, #715 ),
 ( #4822, #1085 ),
 ( #5229, #4476 ),
 ( #2303, #3558 ),
 ( #1059, #5312 ),
 ( #3198, #5208 ),
 ( #334, #3650 ) ),
 .UNSPECIFIED., .F., .F., .F.,
 ( 4, 1, 1, 1, 1, 1, 1, 1, 1, 1, 1, 1, 1, 1, 1, 1, 4 ),
 ( 2, 2 ),
 ( 0.0000000000000000000, 0.07064371857535413357, 0.1382567155089046429, 0.2033641242175800723, 0.2663240938030566052, 0.3279047615429893092, 0.3887377151730921909, 0.4494235281093022505, 0.5108610114593156171, 0.5720793960475145656, 0.6317344287314451412, 0.6911172105788376818, 0.7503600294901705547, 0.8100329005312619790, 0.8713624508287362014, 0.9344271412311534464, 1.000000000000000000 ),
 ( 0.0000000000000000000, 1.000000000000000000 ),
 .UNSPECIFIED. ) ;
#2149 = VECTOR ( 'NONE', #4784, 1000.000000000000000 ) ;
#2150 = CARTESIAN_POINT ( 'NONE',  ( -0.9999999999999995559, -0.7999999999999994893, 0.7699999999999999067 ) ) ;
#2151 = FILL_AREA_STYLE_COLOUR ( '', #329 ) ;
#2152 = VECTOR ( 'NONE', #1736, 1000.000000000000114 ) ;
#2153 = PLANE ( 'NONE',  #2746 ) ;
#2154 = DIRECTION ( 'NONE',  ( -1.000000000000000000, 0.0000000000000000000, 0.0000000000000000000 ) ) ;
#2155 = ORIENTED_EDGE ( 'NONE', *, *, #986, .F. ) ;
#2156 = STYLED_ITEM ( 'NONE', ( #4215 ), #550 ) ;
#2157 =( NAMED_UNIT ( * ) SI_UNIT ( $, .STERADIAN. ) SOLID_ANGLE_UNIT ( ) );
#2158 = AXIS2_PLACEMENT_3D ( 'NONE', #2341, #3592, #4009 ) ;
#2159 = FACE_OUTER_BOUND ( 'NONE', #3447, .T. ) ;
#2160 =( NAMED_UNIT ( * ) PLANE_ANGLE_UNIT ( ) SI_UNIT ( $, .RADIAN. ) );
#2161 = FILL_AREA_STYLE_COLOUR ( '', #3891 ) ;
#2162 = DIRECTION ( 'NONE',  ( 1.000000000000000000, 0.0000000000000000000, 0.0000000000000000000 ) ) ;
#2163 = COLOUR_RGB ( '',0.7529411764705882248, 0.7529411764705882248, 0.7529411764705882248 ) ;
#2164 =( NAMED_UNIT ( * ) PLANE_ANGLE_UNIT ( ) SI_UNIT ( $, .RADIAN. ) );
#2165 = VERTEX_POINT ( 'NONE', #2567 ) ;
#2166 =( LENGTH_UNIT ( ) NAMED_UNIT ( * ) SI_UNIT ( .MILLI., .METRE. ) );
#2167 = VECTOR ( 'NONE', #4443, 1000.000000000000000 ) ;
#2168 = ORIENTED_EDGE ( 'NONE', *, *, #751, .T. ) ;
#2169 = UNCERTAINTY_MEASURE_WITH_UNIT (LENGTH_MEASURE( 1.000000000000000082E-05 ), #1441, 'distance_accuracy_value', 'NONE');
#2170 = DIRECTION ( 'NONE',  ( 0.0000000000000000000, -1.000000000000000000, 0.0000000000000000000 ) ) ;
#2171 = CARTESIAN_POINT ( 'NONE',  ( -0.1301573335207260040, -0.01628354916390075888, 0.02000000000000000042 ) ) ;
#2172 = ADVANCED_FACE ( 'NONE', ( #3836, #2633 ), #955, .F. ) ;
#2173 = CARTESIAN_POINT ( 'NONE',  ( 0.1137036576331491439, -0.01875254642722214496, 0.0000000000000000000 ) ) ;
#2174 = MECHANICAL_DESIGN_GEOMETRIC_PRESENTATION_REPRESENTATION (  '', ( #2263 ), #1302 ) ;
#2175 = DIRECTION ( 'NONE',  ( -0.0000000000000000000, 0.0000000000000000000, 1.000000000000000000 ) ) ;
#2176 =( NAMED_UNIT ( * ) SI_UNIT ( $, .STERADIAN. ) SOLID_ANGLE_UNIT ( ) );
#2177 = FILL_AREA_STYLE ('',( #3818 ) ) ;
#2178 = VECTOR ( 'NONE', #906, 1000.000000000000000 ) ;
#2179 = CARTESIAN_POINT ( 'NONE',  ( -0.1004600071758448288, 0.04533948012224712359, 0.0000000000000000000 ) ) ;
#2180 = LINE ( 'NONE', #2578, #4069 ) ;
#2181 = SURFACE_STYLE_USAGE ( .BOTH. , #59 ) ;
#2182 = FILL_AREA_STYLE_COLOUR ( '', #2991 ) ;
#2183 = CARTESIAN_POINT ( 'NONE',  ( -0.1846309894190474310, 0.03224715505501151575, 0.02000000000000000042 ) ) ;
#2184 = ORIENTED_EDGE ( 'NONE', *, *, #64, .T. ) ;
#2185 = VECTOR ( 'NONE', #425, 1000.000000000000000 ) ;
#2186 = CARTESIAN_POINT ( 'NONE',  ( 0.09190296457333384239, -0.04745053008656410776, 0.01999999999999999695 ) ) ;
#2187 =( LENGTH_UNIT ( ) NAMED_UNIT ( * ) SI_UNIT ( .MILLI., .METRE. ) );
#2188 = ORIENTED_EDGE ( 'NONE', *, *, #3226, .T. ) ;
#2189 = CARTESIAN_POINT ( 'NONE',  ( -0.1819459296137097282, 0.02936551449362471283, 0.02000000000000000042 ) ) ;
#2190 = SURFACE_STYLE_FILL_AREA ( #4261 ) ;
#2191 = FILL_AREA_STYLE_COLOUR ( '', #3180 ) ;
#2192 = EDGE_LOOP ( 'NONE', ( #896, #263, #2146, #4801 ) ) ;
#2193 = CARTESIAN_POINT ( 'NONE',  ( -0.9899999999999997691, -2.683400376901623474E-16, 0.0000000000000000000 ) ) ;
#2194 = ORIENTED_EDGE ( 'NONE', *, *, #875, .F. ) ;
#2195 = CIRCLE ( 'NONE', #815, 0.01000000000000002623 ) ;
#2196 = UNCERTAINTY_MEASURE_WITH_UNIT (LENGTH_MEASURE( 1.000000000000000082E-05 ), #3379, 'distance_accuracy_value', 'NONE');
#2197 = CARTESIAN_POINT ( 'NONE',  ( 0.06635409052228610771, 0.04975032126057207793, 0.0000000000000000000 ) ) ;
#2198 =( NAMED_UNIT ( * ) SI_UNIT ( $, .STERADIAN. ) SOLID_ANGLE_UNIT ( ) );
#2199 = CIRCLE ( 'NONE', #2542, 0.01000000000000002623 ) ;
#2200 = DIRECTION ( 'NONE',  ( 1.000000000000000000, 0.0000000000000000000, 0.0000000000000000000 ) ) ;
#2201 = SURFACE_STYLE_USAGE ( .BOTH. , #4618 ) ;
#2202 = ORIENTED_EDGE ( 'NONE', *, *, #1472, .T. ) ;
#2203 = EDGE_CURVE ( 'NONE', #5069, #4139, #143, .T. ) ;
#2204 = EDGE_CURVE ( 'NONE', #4573, #1399, #2686, .T. ) ;
#2205 = CARTESIAN_POINT ( 'NONE',  ( 0.1152766537620042442, 0.002439584907804642072, 0.02000000000000000389 ) ) ;
#2206 = CARTESIAN_POINT ( 'NONE',  ( 0.05341434585850124428, -0.05108887305884075858, 0.02000000000000000042 ) ) ;
#2207 = ORIENTED_EDGE ( 'NONE', *, *, #1438, .F. ) ;
#2208 = DIRECTION ( 'NONE',  ( -0.0000000000000000000, 0.0000000000000000000, 1.000000000000000000 ) ) ;
#2209 = CARTESIAN_POINT ( 'NONE',  ( -0.07988800278444142811, 0.04857283156679546160, 0.0000000000000000000 ) ) ;
#2210 =( LENGTH_UNIT ( ) NAMED_UNIT ( * ) SI_UNIT ( .MILLI., .METRE. ) );
#2211 = CARTESIAN_POINT ( 'NONE',  ( 0.4100000000000000866, 0.8000000000000003775, -0.02000000000000000042 ) ) ;
#2212 = CARTESIAN_POINT ( 'NONE',  ( -0.1394726064429779866, -0.05142716843320455783, 0.0000000000000000000 ) ) ;
#2213 = FILL_AREA_STYLE ('',( #2182 ) ) ;
#2214 = FACE_OUTER_BOUND ( 'NONE', #1825, .T. ) ;
#2215 = EDGE_CURVE ( 'NONE', #3508, #4478, #3179, .T. ) ;
#2216 = FACE_OUTER_BOUND ( 'NONE', #819, .T. ) ;
#2217 = CARTESIAN_POINT ( 'NONE',  ( -0.1850042702159723496, 0.03067524909762595064, 0.02000000000000000042 ) ) ;
#2218 = CARTESIAN_POINT ( 'NONE',  ( -0.1828377996291895846, 0.03243552689241457204, 0.02000000000000000042 ) ) ;
#2219 = CARTESIAN_POINT ( 'NONE',  ( 0.9899999999999999911, 0.7900000000000003686, 0.0000000000000000000 ) ) ;
#2220 = ORIENTED_EDGE ( 'NONE', *, *, #3752, .T. ) ;
#2221 = CARTESIAN_POINT ( 'NONE',  ( -0.07927824668688041032, -0.04045155867710700098, 0.02000000000000000042 ) ) ;
#2222 = CARTESIAN_POINT ( 'NONE',  ( -0.1541067527844414420, -0.05142716843320455783, 0.0000000000000000000 ) ) ;
#2223 = EDGE_LOOP ( 'NONE', ( #823, #2390, #957, #3469 ) ) ;
#2224 = CARTESIAN_POINT ( 'NONE',  ( 0.9899999999999999911, -0.7999999999999994893, -0.02000000000000000042 ) ) ;
#2225 = CARTESIAN_POINT ( 'NONE',  ( 0.9899999999999999911, 0.7900000000000003686, 0.7800000000000000266 ) ) ;
#2226 = EDGE_LOOP ( 'NONE', ( #1065, #5040, #3942, #1957 ) ) ;
#2227 = PRESENTATION_STYLE_ASSIGNMENT (( #3894 ) ) ;
#2228 = SURFACE_STYLE_USAGE ( .BOTH. , #5128 ) ;
#2229 = ORIENTED_EDGE ( 'NONE', *, *, #2030, .T. ) ;
#2230 = STYLED_ITEM ( 'NONE', ( #3737 ), #1845 ) ;
#2231 =( NAMED_UNIT ( * ) SI_UNIT ( $, .STERADIAN. ) SOLID_ANGLE_UNIT ( ) );
#2232 = CARTESIAN_POINT ( 'NONE',  ( 0.1145991421934219601, 0.008007280745517920267, 0.02000000000000000389 ) ) ;
#2233 = LINE ( 'NONE', #1903, #4793 ) ;
#2234 = EDGE_CURVE ( 'NONE', #3230, #3119, #2405, .T. ) ;
#2235 = LINE ( 'NONE', #218, #1729 ) ;
#2236 = CIRCLE ( 'NONE', #1971, 0.009999999999999998473 ) ;
#2237 = PRESENTATION_LAYER_ASSIGNMENT (  '', '', ( #5253 ) ) ;
#2238 = STYLED_ITEM ( 'NONE', ( #335 ), #816 ) ;
#2239 = CARTESIAN_POINT ( 'NONE',  ( 0.1083130372835968969, -0.03183725421793539428, 0.02000000000000000042 ) ) ;
#2240 = DIRECTION ( 'NONE',  ( 0.0000000000000000000, 0.0000000000000000000, 1.000000000000000000 ) ) ;
#2241 = ORIENTED_EDGE ( 'NONE', *, *, #2821, .F. ) ;
#2242 = COLOUR_RGB ( '',0.7529411764705882248, 0.7529411764705882248, 0.7529411764705882248 ) ;
#2243 = VECTOR ( 'NONE', #965, 1000.000000000000000 ) ;
#2244 = CARTESIAN_POINT ( 'NONE',  ( 0.9899999999999999911, -0.7899999999999994804, 0.01000000000000000021 ) ) ;
#2245 = EDGE_CURVE ( 'NONE', #1838, #2961, #4724, .T. ) ;
#2246 = SURFACE_STYLE_USAGE ( .BOTH. , #3571 ) ;
#2247 = ADVANCED_FACE ( 'NONE', ( #3091 ), #2148, .F. ) ;
#2248 = DIRECTION ( 'NONE',  ( 0.0000000000000000000, 1.000000000000000000, 0.0000000000000000000 ) ) ;
#2249 = STYLED_ITEM ( 'NONE', ( #2793 ), #1207 ) ;
#2250 = VECTOR ( 'NONE', #3177, 1000.000000000000000 ) ;
#2251 = CYLINDRICAL_SURFACE ( 'NONE', #5041, 0.01000000000000002623 ) ;
#2252 = PRESENTATION_STYLE_ASSIGNMENT (( #1385 ) ) ;
#2253 = DIRECTION ( 'NONE',  ( -0.0000000000000000000, 0.0000000000000000000, 1.000000000000000000 ) ) ;
#2254 = ORIENTED_EDGE ( 'NONE', *, *, #4369, .F. ) ;
#2255 = CARTESIAN_POINT ( 'NONE',  ( -0.1127740867112080464, 0.02271736655063532825, 0.0000000000000000000 ) ) ;
#2256 = ORIENTED_EDGE ( 'NONE', *, *, #3744, .T. ) ;
#2257 = MECHANICAL_DESIGN_GEOMETRIC_PRESENTATION_REPRESENTATION (  '', ( #2592 ), #3459 ) ;
#2258 = ORIENTED_EDGE ( 'NONE', *, *, #2666, .F. ) ;
#2259 = SURFACE_STYLE_FILL_AREA ( #609 ) ;
#2260 = CARTESIAN_POINT ( 'NONE',  ( 0.1153618899919935659, -0.001368050249054113916, 0.02000000000000000389 ) ) ;
#2261 = CARTESIAN_POINT ( 'NONE',  ( 0.06111542047813296741, 0.04976773831188853470, 0.02000000000000000042 ) ) ;
#2262 = EDGE_LOOP ( 'NONE', ( #1415, #31, #1148, #1876, #150, #480 ) ) ;
#2263 = STYLED_ITEM ( 'NONE', ( #3789 ), #2558 ) ;
#2264 = SURFACE_STYLE_FILL_AREA ( #4283 ) ;
#2265 = CARTESIAN_POINT ( 'NONE',  ( -0.9899999999999999911, 0.7900000000000003686, 0.7699999999999999067 ) ) ;
#2266 = DIRECTION ( 'NONE',  ( 0.0000000000000000000, 0.0000000000000000000, 1.000000000000000000 ) ) ;
#2267 = PRESENTATION_STYLE_ASSIGNMENT (( #108 ) ) ;
#2268 = EDGE_LOOP ( 'NONE', ( #93, #653, #370, #5019 ) ) ;
#2269 = CARTESIAN_POINT ( 'NONE',  ( -0.1321555332722463005, -0.0001695464819850419041, 0.0000000000000000000 ) ) ;
#2270 = DIRECTION ( 'NONE',  ( 1.000000000000000000, -0.0000000000000000000, 0.0000000000000000000 ) ) ;
#2271 = FILL_AREA_STYLE_COLOUR ( '', #2421 ) ;
#2272 = ORIENTED_EDGE ( 'NONE', *, *, #4592, .T. ) ;
#2273 = CARTESIAN_POINT ( 'NONE',  ( -0.09564939447279706408, 0.04678332999520852520, 0.02000000000000000042 ) ) ;
#2274 = ADVANCED_FACE ( 'NONE', ( #1596 ), #4378, .F. ) ;
#2275 = ADVANCED_FACE ( 'NONE', ( #3975 ), #5318, .F. ) ;
#2276 = PRESENTATION_LAYER_ASSIGNMENT (  '', '', ( #3673 ) ) ;
#2277 = CARTESIAN_POINT ( 'NONE',  ( -0.09903428528110999607, 0.03392821319617266018, 0.02000000000000000042 ) ) ;
#2278 = CARTESIAN_POINT ( 'NONE',  ( -0.9899999999999999911, 0.7900000000000003686, 0.01000000000000002623 ) ) ;
#2279 = DIRECTION ( 'NONE',  ( 1.000000000000000000, 0.0000000000000000000, 0.0000000000000000000 ) ) ;
#2280 = MECHANICAL_DESIGN_GEOMETRIC_PRESENTATION_REPRESENTATION (  '', ( #3321 ), #997 ) ;
#2281 =( GEOMETRIC_REPRESENTATION_CONTEXT ( 3 ) GLOBAL_UNCERTAINTY_ASSIGNED_CONTEXT ( ( #2735 ) ) GLOBAL_UNIT_ASSIGNED_CONTEXT ( ( #2729, #2755, #5226 ) ) REPRESENTATION_CONTEXT ( 'NONE', 'WORKASPACE' ) );
#2282 =( NAMED_UNIT ( * ) PLANE_ANGLE_UNIT ( ) SI_UNIT ( $, .RADIAN. ) );
#2283 = VECTOR ( 'NONE', #918, 1000.000000000000000 ) ;
#2284 =( NAMED_UNIT ( * ) PLANE_ANGLE_UNIT ( ) SI_UNIT ( $, .RADIAN. ) );
#2285 = CARTESIAN_POINT ( 'NONE',  ( 0.09615935525302836406, 0.02159036027169959279, 0.0000000000000000000 ) ) ;
#2286 = PRESENTATION_STYLE_ASSIGNMENT (( #644 ) ) ;
#2287 = EDGE_LOOP ( 'NONE', ( #2184, #1231, #1605, #55 ) ) ;
#2288 = CARTESIAN_POINT ( 'NONE',  ( 0.1146791113156732517, -0.01384547478396850641, 0.01999999999999999695 ) ) ;
#2289 = PLANE ( 'NONE',  #4182 ) ;
#2290 = LINE ( 'NONE', #3915, #28 ) ;
#2291 = CARTESIAN_POINT ( 'NONE',  ( -0.1207878485692780307, 0.03196572735814425664, 0.02000000000000000042 ) ) ;
#2292 = DIRECTION ( 'NONE',  ( -0.0000000000000000000, 0.0000000000000000000, 1.000000000000000000 ) ) ;
#2293 = CARTESIAN_POINT ( 'NONE',  ( -0.1181488024692278482, 0.008372107518489088629, 0.02000000000000000042 ) ) ;
#2294 = VECTOR ( 'NONE', #3624, 1000.000000000000000 ) ;
#2295 = VERTEX_POINT ( 'NONE', #4036 ) ;
#2296 = CARTESIAN_POINT ( 'NONE',  ( -0.1187408991259047975, -0.0004553696527167494751, 0.0000000000000000000 ) ) ;
#2297 = ORIENTED_EDGE ( 'NONE', *, *, #2030, .F. ) ;
#2298 = EDGE_CURVE ( 'NONE', #1491, #4810, #2342, .T. ) ;
#2299 = CARTESIAN_POINT ( 'NONE',  ( -0.05166772839419750407, -0.05142716843320455783, 0.0000000000000000000 ) ) ;
#2300 = CARTESIAN_POINT ( 'NONE',  ( -0.07885903936980724616, -0.05142716843320455783, 0.0000000000000000000 ) ) ;
#2301 = EDGE_LOOP ( 'NONE', ( #2753, #546, #1818, #755 ) ) ;
#2302 = ADVANCED_FACE ( 'NONE', ( #4405 ), #3593, .T. ) ;
#2303 = CARTESIAN_POINT ( 'NONE',  ( 0.07509117154721210718, 0.04896309078360484152, 0.0000000000000000000 ) ) ;
#2304 = CARTESIAN_POINT ( 'NONE',  ( 0.06453606230644831632, -0.05259983327356741734, 0.02000000000000000042 ) ) ;
#2305 = ORIENTED_EDGE ( 'NONE', *, *, #2864, .F. ) ;
#2306 = SURFACE_STYLE_FILL_AREA ( #2008 ) ;
#2307 = DIRECTION ( 'NONE',  ( 0.9407669869669987861, -0.3390537954853694580, 0.0000000000000000000 ) ) ;
#2308 = SURFACE_STYLE_FILL_AREA ( #4730 ) ;
#2309 = PRESENTATION_STYLE_ASSIGNMENT (( #3510 ) ) ;
#2310 = DIRECTION ( 'NONE',  ( -0.3635424856527063042, -0.9315776194850602376, 0.0000000000000000000 ) ) ;
#2311 = MECHANICAL_DESIGN_GEOMETRIC_PRESENTATION_REPRESENTATION (  '', ( #2051 ), #4652 ) ;
#2312 = DIRECTION ( 'NONE',  ( 0.0000000000000000000, -0.0000000000000000000, -1.000000000000000000 ) ) ;
#2313 = DIRECTION ( 'NONE',  ( -0.0000000000000000000, 0.0000000000000000000, 1.000000000000000000 ) ) ;
#2314 = ORIENTED_EDGE ( 'NONE', *, *, #3128, .F. ) ;
#2315 = UNCERTAINTY_MEASURE_WITH_UNIT (LENGTH_MEASURE( 1.000000000000000082E-05 ), #1049, 'distance_accuracy_value', 'NONE');
#2316 = CARTESIAN_POINT ( 'NONE',  ( 0.09938829628862362597, -0.04231968250907963691, 0.01999999999999999695 ) ) ;
#2317 = FACE_OUTER_BOUND ( 'NONE', #4726, .T. ) ;
#2318 = STYLED_ITEM ( 'NONE', ( #2704 ), #714 ) ;
#2319 = ORIENTED_EDGE ( 'NONE', *, *, #2990, .F. ) ;
#2320 = CARTESIAN_POINT ( 'NONE',  ( -0.1285306891231683679, 0.01985321574621801491, 0.02000000000000000042 ) ) ;
#2321 = CARTESIAN_POINT ( 'NONE',  ( 0.4099999999999999756, -0.7999999999999994893, -0.02000000000000000042 ) ) ;
#2322 = AXIS2_PLACEMENT_3D ( 'NONE', #771, #2010, #1576 ) ;
#2323 = STYLED_ITEM ( 'NONE', ( #3218 ), #41 ) ;
#2324 = AXIS2_PLACEMENT_3D ( 'NONE', #75, #2118, #1713 ) ;
#2325 = SURFACE_STYLE_FILL_AREA ( #3158 ) ;
#2326 = ORIENTED_EDGE ( 'NONE', *, *, #3164, .T. ) ;
#2327 = VECTOR ( 'NONE', #2879, 1000.000000000000000 ) ;
#2328 = FILL_AREA_STYLE ('',( #680 ) ) ;
#2329 = UNCERTAINTY_MEASURE_WITH_UNIT (LENGTH_MEASURE( 1.000000000000000082E-05 ), #1597, 'distance_accuracy_value', 'NONE');
#2330 =( GEOMETRIC_REPRESENTATION_CONTEXT ( 3 ) GLOBAL_UNCERTAINTY_ASSIGNED_CONTEXT ( ( #4214 ) ) GLOBAL_UNIT_ASSIGNED_CONTEXT ( ( #140, #3800, #573 ) ) REPRESENTATION_CONTEXT ( 'NONE', 'WORKASPACE' ) );
#2331 = FILL_AREA_STYLE_COLOUR ( '', #2518 ) ;
#2332 =( GEOMETRIC_REPRESENTATION_CONTEXT ( 3 ) GLOBAL_UNCERTAINTY_ASSIGNED_CONTEXT ( ( #146 ) ) GLOBAL_UNIT_ASSIGNED_CONTEXT ( ( #3337, #1251, #1746 ) ) REPRESENTATION_CONTEXT ( 'NONE', 'WORKASPACE' ) );
#2333 = CARTESIAN_POINT ( 'NONE',  ( -0.9899999999999999911, 0.8000000000000003775, 0.0000000000000000000 ) ) ;
#2334 = SURFACE_SIDE_STYLE ('',( #4845 ) ) ;
#2335 = DIRECTION ( 'NONE',  ( 0.0000000000000000000, 1.000000000000000000, 0.0000000000000000000 ) ) ;
#2336 = ORIENTED_EDGE ( 'NONE', *, *, #5275, .T. ) ;
#2337 = ADVANCED_FACE ( 'NONE', ( #4459 ), #2416, .T. ) ;
#2338 = AXIS2_PLACEMENT_3D ( 'NONE', #4579, #5001, #5082 ) ;
#2339 = EDGE_CURVE ( 'NONE', #529, #2883, #5032, .T. ) ;
#2340 = FILL_AREA_STYLE ('',( #1495 ) ) ;
#2341 = CARTESIAN_POINT ( 'NONE',  ( -0.03215553327224628805, -0.04045155867710700098, 0.0000000000000000000 ) ) ;
#2342 = LINE ( 'NONE', #1145, #684 ) ;
#2343 = VECTOR ( 'NONE', #1802, 1000.000000000000000 ) ;
#2344 = B_SPLINE_CURVE_WITH_KNOTS ( 'NONE', 3,
 ( #5277, #1566, #3665, #2020, #3746, #5267, #321 ),
 .UNSPECIFIED., .F., .F.,
 ( 4, 1, 1, 1, 4 ),
 ( 0.0000000000000000000, 0.3005411131585078444, 0.5677471464835985859, 0.8000336137369795653, 1.000000000000000000 ),
 .UNSPECIFIED. ) ;
#2345 = CARTESIAN_POINT ( 'NONE',  ( 0.06443364355702201063, 0.03881673400581983624, 0.0000000000000000000 ) ) ;
#2346 = LINE ( 'NONE', #3152, #262 ) ;
#2347 = CARTESIAN_POINT ( 'NONE',  ( 0.05004768461056506579, -0.05020338810270373597, 0.0000000000000000000 ) ) ;
#2348 = CARTESIAN_POINT ( 'NONE',  ( 0.08975769967044626430, -0.03360161323975825037, 0.0000000000000000000 ) ) ;
#2349 = CARTESIAN_POINT ( 'NONE',  ( -0.1320375641534108913, 0.005187653600711915509, 0.0000000000000000000 ) ) ;
#2350 =( NAMED_UNIT ( * ) SI_UNIT ( $, .STERADIAN. ) SOLID_ANGLE_UNIT ( ) );
#2351 = CARTESIAN_POINT ( 'NONE',  ( -0.1772774844917585080, 0.04857283156679546160, 0.0000000000000000000 ) ) ;
#2352 = CIRCLE ( 'NONE', #3479, 0.01000000000000002623 ) ;
#2353 = CARTESIAN_POINT ( 'NONE',  ( 0.4099999999999999756, -0.7899999999999994804, -0.02000000000000000042 ) ) ;
#2354 = FILL_AREA_STYLE_COLOUR ( '', #1189 ) ;
#2355 = CARTESIAN_POINT ( 'NONE',  ( -0.1186444238893666486, 0.004054006731770695877, 0.0000000000000000000 ) ) ;
#2356 = CARTESIAN_POINT ( 'NONE',  ( -0.1207979877134134072, -0.03385970539481899383, 0.0000000000000000000 ) ) ;
#2357 = LINE ( 'NONE', #585, #3952 ) ;
#2358 = DIRECTION ( 'NONE',  ( -1.000000000000000000, 0.0000000000000000000, 0.0000000000000000000 ) ) ;
#2359 =( NAMED_UNIT ( * ) SI_UNIT ( $, .STERADIAN. ) SOLID_ANGLE_UNIT ( ) );
#2360 = CARTESIAN_POINT ( 'NONE',  ( -0.02727748449175848230, -0.006305217213692360795, 0.0000000000000000000 ) ) ;
#2361 = UNCERTAINTY_MEASURE_WITH_UNIT (LENGTH_MEASURE( 1.000000000000000082E-05 ), #1325, 'distance_accuracy_value', 'NONE');
#2362 = PRESENTATION_STYLE_ASSIGNMENT (( #1468 ) ) ;
#2363 = UNCERTAINTY_MEASURE_WITH_UNIT (LENGTH_MEASURE( 1.000000000000000082E-05 ), #4400, 'distance_accuracy_value', 'NONE');
#2364 = FILL_AREA_STYLE ('',( #2764 ) ) ;
#2365 = ADVANCED_FACE ( 'NONE', ( #219 ), #3070, .T. ) ;
#2366 = CARTESIAN_POINT ( 'NONE',  ( 1.000000000000000000, 0.7900000000000003686, -0.02000000000000000042 ) ) ;
#2367 = VERTEX_POINT ( 'NONE', #5135 ) ;
#2368 = DIRECTION ( 'NONE',  ( -1.000000000000000000, 0.0000000000000000000, 0.0000000000000000000 ) ) ;
#2369 = COLOUR_RGB ( '',1.000000000000000000, 1.000000000000000000, 1.000000000000000000 ) ;
#2370 = CARTESIAN_POINT ( 'NONE',  ( -0.09560124209275640272, 0.03527930579974707798, 0.02000000000000000042 ) ) ;
#2371 = CARTESIAN_POINT ( 'NONE',  ( 1.000000000000000000, 0.8000000000000003775, -0.02000000000000000042 ) ) ;
#2372 = ADVANCED_FACE ( 'NONE', ( #1911 ), #40, .F. ) ;
#2373 = CARTESIAN_POINT ( 'NONE',  ( -0.03215553327224628805, 0.0000000000000000000, 0.02000000000000000042 ) ) ;
#2374 = CARTESIAN_POINT ( 'NONE',  ( -0.1107927071874472147, -0.02720520615607775750, 0.02000000000000000042 ) ) ;
#2375 = FILL_AREA_STYLE_COLOUR ( '', #1326 ) ;
#2376 = CARTESIAN_POINT ( 'NONE',  ( -0.1052630026789987266, 0.03032587214594762576, 0.0000000000000000000 ) ) ;
#2377 = CYLINDRICAL_SURFACE ( 'NONE', #3811, 0.01000000000000002623 ) ;
#2378 = FACE_OUTER_BOUND ( 'NONE', #2226, .T. ) ;
#2379 =( GEOMETRIC_REPRESENTATION_CONTEXT ( 3 ) GLOBAL_UNCERTAINTY_ASSIGNED_CONTEXT ( ( #2361 ) ) GLOBAL_UNIT_ASSIGNED_CONTEXT ( ( #1325, #4268, #2970 ) ) REPRESENTATION_CONTEXT ( 'NONE', 'WORKASPACE' ) );
#2380 = CARTESIAN_POINT ( 'NONE',  ( 0.06337843058607976754, 0.03880077994618596343, 0.0000000000000000000 ) ) ;
#2381 = DIRECTION ( 'NONE',  ( -1.000000000000000000, 0.0000000000000000000, -0.0000000000000000000 ) ) ;
#2382 = CARTESIAN_POINT ( 'NONE',  ( -1.000000000000000000, 0.8000000000000003775, 0.0000000000000000000 ) ) ;
#2383 = SURFACE_STYLE_USAGE ( .BOTH. , #2334 ) ;
#2384 = ORIENTED_EDGE ( 'NONE', *, *, #3950, .F. ) ;
#2385 = CARTESIAN_POINT ( 'NONE',  ( 0.09962625138840433547, -0.01863039224759559589, 0.0000000000000000000 ) ) ;
#2386 = DIRECTION ( 'NONE',  ( -0.0000000000000000000, 1.000000000000000000, 0.0000000000000000000 ) ) ;
#2387 = EDGE_LOOP ( 'NONE', ( #4514, #3932, #2494, #531, #2488 ) ) ;
#2388 = PLANE ( 'NONE',  #2324 ) ;
#2389 = CARTESIAN_POINT ( 'NONE',  ( 0.1152766537620042442, 0.002439584907804642072, 0.0000000000000000000 ) ) ;
#2390 = ORIENTED_EDGE ( 'NONE', *, *, #3710, .F. ) ;
#2391 =( LENGTH_UNIT ( ) NAMED_UNIT ( * ) SI_UNIT ( .MILLI., .METRE. ) );
#2392 = CARTESIAN_POINT ( 'NONE',  ( -0.1146300698612278679, 0.01957611370772588053, 0.02000000000000000042 ) ) ;
#2393 = CARTESIAN_POINT ( 'NONE',  ( -0.9899999999999995470, -0.7899999999999994804, 0.01000000000000002623 ) ) ;
#2394 = VECTOR ( 'NONE', #1536, 1000.000000000000000 ) ;
#2395 = CARTESIAN_POINT ( 'NONE',  ( -0.08372439669847704657, -0.04035544823446601120, 0.0000000000000000000 ) ) ;
#2396 = PRESENTATION_STYLE_ASSIGNMENT (( #4390 ) ) ;
#2397 = ADVANCED_FACE ( 'NONE', ( #833 ), #2534, .F. ) ;
#2398 = EDGE_CURVE ( 'NONE', #3209, #2536, #1591, .T. ) ;
#2399 = PRESENTATION_LAYER_ASSIGNMENT (  '', '', ( #1184 ) ) ;
#2400 =( NAMED_UNIT ( * ) SI_UNIT ( $, .STERADIAN. ) SOLID_ANGLE_UNIT ( ) );
#2401 = CARTESIAN_POINT ( 'NONE',  ( 0.9899999999999999911, 0.8000000000000003775, 0.01000000000000002623 ) ) ;
#2402 =( LENGTH_UNIT ( ) NAMED_UNIT ( * ) SI_UNIT ( .MILLI., .METRE. ) );
#2403 = AXIS2_PLACEMENT_3D ( 'NONE', #397, #4888, #1176 ) ;
#2404 = VECTOR ( 'NONE', #2136, 1000.000000000000000 ) ;
#2405 = CIRCLE ( 'NONE', #3629, 0.01000000000000002623 ) ;
#2406 =( NAMED_UNIT ( * ) SI_UNIT ( $, .STERADIAN. ) SOLID_ANGLE_UNIT ( ) );
#2407 = CARTESIAN_POINT ( 'NONE',  ( -0.08452452241533453536, -0.05132466510277362143, 0.0000000000000000000 ) ) ;
#2408 = MECHANICAL_DESIGN_GEOMETRIC_PRESENTATION_REPRESENTATION (  '', ( #1726 ), #4670 ) ;
#2409 = PLANE ( 'NONE',  #4716 ) ;
#2410 =( LENGTH_UNIT ( ) NAMED_UNIT ( * ) SI_UNIT ( .MILLI., .METRE. ) );
#2411 =( GEOMETRIC_REPRESENTATION_CONTEXT ( 3 ) GLOBAL_UNCERTAINTY_ASSIGNED_CONTEXT ( ( #1224 ) ) GLOBAL_UNIT_ASSIGNED_CONTEXT ( ( #2899, #58, #2500 ) ) REPRESENTATION_CONTEXT ( 'NONE', 'WORKASPACE' ) );
#2412 = ORIENTED_EDGE ( 'NONE', *, *, #3603, .F. ) ;
#2413 = VECTOR ( 'NONE', #3308, 1000.000000000000000 ) ;
#2414 = PRESENTATION_LAYER_ASSIGNMENT (  '', '', ( #4760 ) ) ;
#2415 = CARTESIAN_POINT ( 'NONE',  ( -0.1004600071758448288, 0.04533948012224712359, 0.02000000000000000042 ) ) ;
#2416 = CYLINDRICAL_SURFACE ( 'NONE', #2522, 0.01000000000000002623 ) ;
#2417 = PLANE ( 'NONE',  #2926 ) ;
#2418 = VERTEX_POINT ( 'NONE', #3244 ) ;
#2419 =( GEOMETRIC_REPRESENTATION_CONTEXT ( 3 ) GLOBAL_UNCERTAINTY_ASSIGNED_CONTEXT ( ( #1938 ) ) GLOBAL_UNIT_ASSIGNED_CONTEXT ( ( #2402, #5274, #4868 ) ) REPRESENTATION_CONTEXT ( 'NONE', 'WORKASPACE' ) );
#2420 = ORIENTED_EDGE ( 'NONE', *, *, #1112, .F. ) ;
#2421 = COLOUR_RGB ( '',1.000000000000000000, 1.000000000000000000, 1.000000000000000000 ) ;
#2422 = CARTESIAN_POINT ( 'NONE',  ( -0.08809941740489546369, 0.03706532125010574691, 0.02000000000000000042 ) ) ;
#2423 = PLANE ( 'NONE',  #4685 ) ;
#2424 = CARTESIAN_POINT ( 'NONE',  ( -0.1320359809922780348, -0.005760626361801060059, 0.02000000000000000042 ) ) ;
#2425 = DIRECTION ( 'NONE',  ( -0.0000000000000000000, 0.0000000000000000000, 1.000000000000000000 ) ) ;
#2426 = DIRECTION ( 'NONE',  ( -1.000000000000000000, 0.0000000000000000000, 0.0000000000000000000 ) ) ;
#2427 = EDGE_LOOP ( 'NONE', ( #4289, #1665, #1215, #1350 ) ) ;
#2428 = CARTESIAN_POINT ( 'NONE',  ( -0.1541067527844414420, -0.05142716843320455783, 0.0000000000000000000 ) ) ;
#2429 = PRESENTATION_STYLE_ASSIGNMENT (( #5304 ) ) ;
#2430 = SURFACE_STYLE_USAGE ( .BOTH. , #787 ) ;
#2431 = MECHANICAL_DESIGN_GEOMETRIC_PRESENTATION_REPRESENTATION (  '', ( #2862 ), #3122 ) ;
#2432 = EDGE_CURVE ( 'NONE', #1763, #5164, #400, .T. ) ;
#2433 = EDGE_CURVE ( 'NONE', #5011, #3007, #3111, .T. ) ;
#2434 = STYLED_ITEM ( 'NONE', ( #2743 ), #2727 ) ;
#2435 = CARTESIAN_POINT ( 'NONE',  ( -0.4100000000000000866, 0.7900000000000003686, 0.0000000000000000000 ) ) ;
#2436 = FILL_AREA_STYLE_COLOUR ( '', #1768 ) ;
#2437 = FILL_AREA_STYLE ('',( #2782 ) ) ;
#2438 = MECHANICAL_DESIGN_GEOMETRIC_PRESENTATION_REPRESENTATION (  '', ( #3673 ), #3048 ) ;
#2439 =( NAMED_UNIT ( * ) SI_UNIT ( $, .STERADIAN. ) SOLID_ANGLE_UNIT ( ) );
#2440 = ORIENTED_EDGE ( 'NONE', *, *, #4695, .F. ) ;
#2441 = CARTESIAN_POINT ( 'NONE',  ( 0.04974297371538176360, -0.03922006557477994426, 0.0000000000000000000 ) ) ;
#2442 = LINE ( 'NONE', #1218, #4328 ) ;
#2443 =( NAMED_UNIT ( * ) PLANE_ANGLE_UNIT ( ) SI_UNIT ( $, .RADIAN. ) );
#2444 =( NAMED_UNIT ( * ) PLANE_ANGLE_UNIT ( ) SI_UNIT ( $, .RADIAN. ) );
#2445 = ORIENTED_EDGE ( 'NONE', *, *, #2702, .T. ) ;
#2446 = SURFACE_STYLE_FILL_AREA ( #1149 ) ;
#2447 = SURFACE_SIDE_STYLE ('',( #2849 ) ) ;
#2448 = ORIENTED_EDGE ( 'NONE', *, *, #4132, .F. ) ;
#2449 = DIRECTION ( 'NONE',  ( -0.0000000000000000000, 0.0000000000000000000, 1.000000000000000000 ) ) ;
#2450 = CARTESIAN_POINT ( 'NONE',  ( -0.1001941553994982886, -0.04800625008999960530, 0.02000000000000000042 ) ) ;
#2451 = CARTESIAN_POINT ( 'NONE',  ( -0.08078500356403769955, -0.04041898778542807324, 0.0000000000000000000 ) ) ;
#2452 = CARTESIAN_POINT ( 'NONE',  ( 0.08595864948623298252, 0.03256803067924403383, 0.02000000000000000042 ) ) ;
#2453 = ORIENTED_EDGE ( 'NONE', *, *, #3156, .T. ) ;
#2454 = AXIS2_PLACEMENT_3D ( 'NONE', #4156, #2381, #4530 ) ;
#2455 = VECTOR ( 'NONE', #4788, 1000.000000000000000 ) ;
#2456 = DIRECTION ( 'NONE',  ( 1.000000000000000000, 0.0000000000000000000, 0.0000000000000000000 ) ) ;
#2457 = VECTOR ( 'NONE', #764, 1000.000000000000000 ) ;
#2458 =( NAMED_UNIT ( * ) SI_UNIT ( $, .STERADIAN. ) SOLID_ANGLE_UNIT ( ) );
#2459 = ADVANCED_FACE ( 'NONE', ( #2214 ), #3909, .T. ) ;
#2460 = PRESENTATION_STYLE_ASSIGNMENT (( #3729 ) ) ;
#2461 = EDGE_LOOP ( 'NONE', ( #4137, #4823, #4379, #192 ) ) ;
#2462 = DIRECTION ( 'NONE',  ( 1.000000000000000000, 0.0000000000000000000, 0.0000000000000000000 ) ) ;
#2463 = CARTESIAN_POINT ( 'NONE',  ( -0.1173453456940118655, -0.01343148732641178192, 0.0000000000000000000 ) ) ;
#2464 = ORIENTED_EDGE ( 'NONE', *, *, #1236, .F. ) ;
#2465 =( NAMED_UNIT ( * ) PLANE_ANGLE_UNIT ( ) SI_UNIT ( $, .RADIAN. ) );
#2466 = EDGE_CURVE ( 'NONE', #3937, #1196, #3959, .T. ) ;
#2467 = EDGE_CURVE ( 'NONE', #4508, #3596, #4731, .T. ) ;
#2468 = CARTESIAN_POINT ( 'NONE',  ( 0.1019908081911683750, -0.002494241603936259415, 0.0000000000000000000 ) ) ;
#2469 = DIRECTION ( 'NONE',  ( 1.000000000000000000, 0.0000000000000000000, 0.0000000000000000000 ) ) ;
#2470 = ORIENTED_EDGE ( 'NONE', *, *, #3362, .F. ) ;
#2471 = CARTESIAN_POINT ( 'NONE',  ( 0.09799102527512412730, 0.01818774226292128871, 0.0000000000000000000 ) ) ;
#2472 = ORIENTED_EDGE ( 'NONE', *, *, #4728, .T. ) ;
#2473 = DIRECTION ( 'NONE',  ( 0.0000000000000000000, 0.0000000000000000000, -1.000000000000000000 ) ) ;
#2474 = CARTESIAN_POINT ( 'NONE',  ( -0.1048898662457494746, -0.04604253132869329246, 0.0000000000000000000 ) ) ;
#2475 = LINE ( 'NONE', #3265, #1535 ) ;
#2476 = FILL_AREA_STYLE ('',( #3748 ) ) ;
#2477 = ORIENTED_EDGE ( 'NONE', *, *, #1607, .T. ) ;
#2478 = CARTESIAN_POINT ( 'NONE',  ( 0.04101519843507079460, 0.03241429498142959359, 0.02000000000000000042 ) ) ;
#2479 = CARTESIAN_POINT ( 'NONE',  ( 0.06796678666789982004, -0.04163796106384061446, 0.0000000000000000000 ) ) ;
#2480 = PRESENTATION_STYLE_ASSIGNMENT (( #4500 ) ) ;
#2481 = MECHANICAL_DESIGN_GEOMETRIC_PRESENTATION_REPRESENTATION (  '', ( #3436 ), #1183 ) ;
#2482 = ORIENTED_EDGE ( 'NONE', *, *, #2204, .F. ) ;
#2483 = SURFACE_STYLE_USAGE ( .BOTH. , #839 ) ;
#2484 = B_SPLINE_SURFACE_WITH_KNOTS ( 'NONE', 3, 1, ( 
 ( #5193, #5112 ),
 ( #1477, #3129 ),
 ( #395, #374 ),
 ( #3261, #1942 ),
 ( #2347, #750 ),
 ( #5295, #2043 ),
 ( #1584, #3599 ),
 ( #1199, #4913 ),
 ( #3663, #1172 ),
 ( #4442, #3236 ),
 ( #2799, #4093 ) ),
 .UNSPECIFIED., .F., .F., .F.,
 ( 4, 1, 1, 1, 1, 1, 1, 1, 4 ),
 ( 2, 2 ),
 ( 0.0000000000000000000, 0.1124483899088010164, 0.2265276752126777204, 0.3444019493260284670, 0.4658649724874589504, 0.5916594493521171172, 0.7221684870248873400, 0.8586063875549265756, 1.000000000000000000 ),
 ( 0.0000000000000000000, 1.000000000000000000 ),
 .UNSPECIFIED. ) ;
#2485 =( LENGTH_UNIT ( ) NAMED_UNIT ( * ) SI_UNIT ( .MILLI., .METRE. ) );
#2486 = STYLED_ITEM ( 'NONE', ( #998 ), #1143 ) ;
#2487 =( NAMED_UNIT ( * ) PLANE_ANGLE_UNIT ( ) SI_UNIT ( $, .RADIAN. ) );
#2488 = ORIENTED_EDGE ( 'NONE', *, *, #5188, .T. ) ;
#2489 = COLOUR_RGB ( '',1.000000000000000000, 1.000000000000000000, 1.000000000000000000 ) ;
#2490 = CARTESIAN_POINT ( 'NONE',  ( 0.05290533311314865594, -0.04010966585977945170, 0.0000000000000000000 ) ) ;
#2491 = MECHANICAL_DESIGN_GEOMETRIC_PRESENTATION_REPRESENTATION (  '', ( #1028 ), #4412 ) ;
#2492 = CARTESIAN_POINT ( 'NONE',  ( -0.1134692097666577248, 0.03848777963531620216, 0.02000000000000000042 ) ) ;
#2493 = CARTESIAN_POINT ( 'NONE',  ( 0.008088369166778127534, -0.04045155867710700098, 0.0000000000000000000 ) ) ;
#2494 = ORIENTED_EDGE ( 'NONE', *, *, #2918, .T. ) ;
#2495 = EDGE_CURVE ( 'NONE', #4454, #2842, #3878, .T. ) ;
#2496 = ADVANCED_FACE ( 'NONE', ( #1043 ), #5299, .F. ) ;
#2497 = FILL_AREA_STYLE_COLOUR ( '', #1976 ) ;
#2498 = VERTEX_POINT ( 'NONE', #2826 ) ;
#2499 = STYLED_ITEM ( 'NONE', ( #1356 ), #4010 ) ;
#2500 =( NAMED_UNIT ( * ) SI_UNIT ( $, .STERADIAN. ) SOLID_ANGLE_UNIT ( ) );
#2501 = SURFACE_STYLE_FILL_AREA ( #10 ) ;
#2502 = MECHANICAL_DESIGN_GEOMETRIC_PRESENTATION_REPRESENTATION (  '', ( #2664 ), #3194 ) ;
#2503 = CARTESIAN_POINT ( 'NONE',  ( 0.1014426099825028321, -0.01097961694516943164, 0.02000000000000000042 ) ) ;
#2504 = FACE_OUTER_BOUND ( 'NONE', #3107, .T. ) ;
#2505 = FACE_OUTER_BOUND ( 'NONE', #3324, .T. ) ;
#2506 = ORIENTED_EDGE ( 'NONE', *, *, #3256, .F. ) ;
#2507 = AXIS2_PLACEMENT_3D ( 'NONE', #2393, #4120, #4546 ) ;
#2508 = CARTESIAN_POINT ( 'NONE',  ( 0.1027267940877958918, -0.03917093340579921867, 0.02000000000000000042 ) ) ;
#2509 = SURFACE_STYLE_FILL_AREA ( #3021 ) ;
#2510 = CARTESIAN_POINT ( 'NONE',  ( -0.9899999999999999911, -0.7999999999999994893, 0.0000000000000000000 ) ) ;
#2511 = LINE ( 'NONE', #4183, #4243 ) ;
#2512 = CARTESIAN_POINT ( 'NONE',  ( 0.07603079090781862670, 0.03733018617286390506, 0.02000000000000000042 ) ) ;
#2513 = EDGE_LOOP ( 'NONE', ( #5169, #793, #3669, #394 ) ) ;
#2514 =( LENGTH_UNIT ( ) NAMED_UNIT ( * ) SI_UNIT ( .MILLI., .METRE. ) );
#2515 = DIRECTION ( 'NONE',  ( -0.0000000000000000000, 0.0000000000000000000, 1.000000000000000000 ) ) ;
#2516 = MECHANICAL_DESIGN_GEOMETRIC_PRESENTATION_REPRESENTATION (  '', ( #710 ), #207 ) ;
#2517 = CARTESIAN_POINT ( 'NONE',  ( 0.04378080257144650878, -0.03682635062538466147, 0.0000000000000000000 ) ) ;
#2518 = COLOUR_RGB ( '',0.2509803921568627416, 0.2509803921568627416, 0.2509803921568627416 ) ;
#2519 = SURFACE_SIDE_STYLE ('',( #2545 ) ) ;
#2520 = SURFACE_SIDE_STYLE ('',( #2092 ) ) ;
#2521 = ORIENTED_EDGE ( 'NONE', *, *, #2985, .F. ) ;
#2522 = AXIS2_PLACEMENT_3D ( 'NONE', #4756, #667, #2960 ) ;
#2523 = DIRECTION ( 'NONE',  ( 1.000000000000000000, 0.0000000000000000000, 0.0000000000000000000 ) ) ;
#2524 = VERTEX_POINT ( 'NONE', #2902 ) ;
#2525 = EDGE_CURVE ( 'NONE', #2295, #4810, #3293, .T. ) ;
#2526 = SURFACE_SIDE_STYLE ('',( #81 ) ) ;
#2527 = LINE ( 'NONE', #3879, #2056 ) ;
#2528 = CARTESIAN_POINT ( 'NONE',  ( 0.0000000000000000000, 0.04857283156679546160, 0.02000000000000000042 ) ) ;
#2529 = ORIENTED_EDGE ( 'NONE', *, *, #4106, .T. ) ;
#2530 = CARTESIAN_POINT ( 'NONE',  ( 0.09190296457333384239, -0.04745053008656410776, 0.02000000000000000042 ) ) ;
#2531 = CARTESIAN_POINT ( 'NONE',  ( 0.07026634849265997462, -0.05260796491984139067, 0.0000000000000000000 ) ) ;
#2532 = FACE_OUTER_BOUND ( 'NONE', #2287, .T. ) ;
#2533 = ADVANCED_FACE ( 'NONE', ( #2505 ), #156, .F. ) ;
#2534 = B_SPLINE_SURFACE_WITH_KNOTS ( 'NONE', 3, 1, ( 
 ( #5302, #2478 ),
 ( #325, #3637 ),
 ( #1966, #5271 ),
 ( #1615, #1178 ),
 ( #1560, #756 ),
 ( #3216, #4470 ),
 ( #4076, #356 ),
 ( #4496, #4891 ),
 ( #1232, #785 ),
 ( #2860, #1998 ),
 ( #4098, #3671 ) ),
 .UNSPECIFIED., .F., .F., .F.,
 ( 4, 1, 1, 1, 1, 1, 1, 1, 4 ),
 ( 2, 2 ),
 ( 0.0000000000000000000, 0.1252796967356259727, 0.2494199707420513001, 0.3733567994928199130, 0.4966812787822861286, 0.6202029157439825635, 0.7450863201614565945, 0.8712691950190978307, 1.000000000000000000 ),
 ( 0.0000000000000000000, 1.000000000000000000 ),
 .UNSPECIFIED. ) ;
#2535 = CARTESIAN_POINT ( 'NONE',  ( -1.000000000000000000, 0.8000000000000003775, 0.7800000000000000266 ) ) ;
#2536 = VERTEX_POINT ( 'NONE', #130 ) ;
#2537 = SURFACE_STYLE_USAGE ( .BOTH. , #892 ) ;
#2538 = VECTOR ( 'NONE', #4806, 1000.000000000000000 ) ;
#2539 = SURFACE_STYLE_USAGE ( .BOTH. , #3301 ) ;
#2540 = SURFACE_SIDE_STYLE ('',( #1292 ) ) ;
#2541 = ORIENTED_EDGE ( 'NONE', *, *, #4430, .F. ) ;
#2542 = AXIS2_PLACEMENT_3D ( 'NONE', #4030, #3277, #4983 ) ;
#2543 = UNCERTAINTY_MEASURE_WITH_UNIT (LENGTH_MEASURE( 1.000000000000000082E-05 ), #3421, 'distance_accuracy_value', 'NONE');
#2544 = ORIENTED_EDGE ( 'NONE', *, *, #1809, .F. ) ;
#2545 = SURFACE_STYLE_FILL_AREA ( #552 ) ;
#2546 = ORIENTED_EDGE ( 'NONE', *, *, #3565, .F. ) ;
#2547 = VECTOR ( 'NONE', #3862, 1000.000000000000000 ) ;
#2548 = LINE ( 'NONE', #105, #3092 ) ;
#2549 = LINE ( 'NONE', #856, #1219 ) ;
#2550 = PLANE ( 'NONE',  #1042 ) ;
#2551 = CARTESIAN_POINT ( 'NONE',  ( 0.07417098485874032421, -0.04106820557721985177, 0.02000000000000000042 ) ) ;
#2552 =( NAMED_UNIT ( * ) PLANE_ANGLE_UNIT ( ) SI_UNIT ( $, .RADIAN. ) );
#2553 = CARTESIAN_POINT ( 'NONE',  ( 0.02150300331311958205, 0.0000000000000000000, 0.02000000000000000042 ) ) ;
#2554 = EDGE_LOOP ( 'NONE', ( #2168, #3927, #1293, #3696 ) ) ;
#2555 = CARTESIAN_POINT ( 'NONE',  ( 0.08773436144744634069, -0.04933823785651852284, 0.02000000000000000042 ) ) ;
#2556 = CARTESIAN_POINT ( 'NONE',  ( 1.000000000000000000, -0.7999999999999994893, -0.02000000000000000042 ) ) ;
#2557 = CARTESIAN_POINT ( 'NONE',  ( -1.000000000000000000, 0.8000000000000003775, -0.02000000000000000042 ) ) ;
#2558 = ADVANCED_FACE ( 'NONE', ( #5071 ), #1362, .F. ) ;
#2559 = ADVANCED_FACE ( 'NONE', ( #962 ), #5081, .F. ) ;
#2560 = AXIS2_PLACEMENT_3D ( 'NONE', #5106, #564, #4598 ) ;
#2561 = CARTESIAN_POINT ( 'NONE',  ( 0.9899999999999999911, 0.0000000000000000000, 0.7699999999999999067 ) ) ;
#2562 = PLANE ( 'NONE',  #3094 ) ;
#2563 = ORIENTED_EDGE ( 'NONE', *, *, #4594, .F. ) ;
#2564 = CARTESIAN_POINT ( 'NONE',  ( -0.4000000000000000777, 0.7900000000000003686, 0.0000000000000000000 ) ) ;
#2565 = UNCERTAINTY_MEASURE_WITH_UNIT (LENGTH_MEASURE( 1.000000000000000082E-05 ), #1690, 'distance_accuracy_value', 'NONE');
#2566 = CARTESIAN_POINT ( 'NONE',  ( -0.07927824668688041032, -0.04045155867710700098, 0.0000000000000000000 ) ) ;
#2567 = CARTESIAN_POINT ( 'NONE',  ( -0.3999999999999999667, -0.7899999999999990363, -0.02000000000000000042 ) ) ;
#2568 = AXIS2_PLACEMENT_3D ( 'NONE', #1985, #1631, #2061 ) ;
#2569 = LINE ( 'NONE', #2605, #170 ) ;
#2570 = CARTESIAN_POINT ( 'NONE',  ( 0.04101519843507079460, 0.04582892912777106198, 0.0000000000000000000 ) ) ;
#2571 = ORIENTED_EDGE ( 'NONE', *, *, #4815, .F. ) ;
#2572 = CARTESIAN_POINT ( 'NONE',  ( 0.06309361926079323779, -0.04162395675836307735, 0.02000000000000000042 ) ) ;
#2573 = MECHANICAL_DESIGN_GEOMETRIC_PRESENTATION_REPRESENTATION (  '', ( #3 ), #4998 ) ;
#2574 = UNCERTAINTY_MEASURE_WITH_UNIT (LENGTH_MEASURE( 1.000000000000000082E-05 ), #632, 'distance_accuracy_value', 'NONE');
#2575 = PRESENTATION_LAYER_ASSIGNMENT (  '', '', ( #3989 ) ) ;
#2576 = DIRECTION ( 'NONE',  ( 0.3390537954853694580, 0.9407669869669987861, 0.0000000000000000000 ) ) ;
#2577 = SURFACE_SIDE_STYLE ('',( #2501 ) ) ;
#2578 = CARTESIAN_POINT ( 'NONE',  ( -0.1636532466868804436, -0.02337838794539967568, 0.0000000000000000000 ) ) ;
#2579 = COLOUR_RGB ( '',1.000000000000000000, 1.000000000000000000, 1.000000000000000000 ) ;
#2580 = FILL_AREA_STYLE_COLOUR ( '', #102 ) ;
#2581 = PRESENTATION_STYLE_ASSIGNMENT (( #2981 ) ) ;
#2582 = STYLED_ITEM ( 'NONE', ( #1119 ), #1574 ) ;
#2583 = CARTESIAN_POINT ( 'NONE',  ( 0.02150300331311958205, -0.05142716843320455783, 0.0000000000000000000 ) ) ;
#2584 = CARTESIAN_POINT ( 'NONE',  ( 0.06547457711020247817, -0.04165521681748689947, 0.0000000000000000000 ) ) ;
#2585 = ORIENTED_EDGE ( 'NONE', *, *, #3805, .F. ) ;
#2586 = FILL_AREA_STYLE_COLOUR ( '', #2579 ) ;
#2587 = AXIS2_PLACEMENT_3D ( 'NONE', #3874, #1882, #587 ) ;
#2588 = CARTESIAN_POINT ( 'NONE',  ( -0.1636532466868804436, -0.02337838794539967568, 0.0000000000000000000 ) ) ;
#2589 = ORIENTED_EDGE ( 'NONE', *, *, #2634, .T. ) ;
#2590 = CARTESIAN_POINT ( 'NONE',  ( -0.09581999013015034261, -0.03790555913895841261, 0.02000000000000000042 ) ) ;
#2591 = DIRECTION ( 'NONE',  ( 0.0000000000000000000, 0.0000000000000000000, 1.000000000000000000 ) ) ;
#2592 = STYLED_ITEM ( 'NONE', ( #1696 ), #3388 ) ;
#2593 = CARTESIAN_POINT ( 'NONE',  ( 0.008088369166778127534, -0.006305217213692360795, 0.02000000000000000042 ) ) ;
#2594 = CARTESIAN_POINT ( 'NONE',  ( 0.09799102527512412730, 0.01818774226292128871, 0.02000000000000000042 ) ) ;
#2595 = VERTEX_POINT ( 'NONE', #4578 ) ;
#2596 = CARTESIAN_POINT ( 'NONE',  ( 0.06718324297415062540, -0.05263088024728721642, 0.0000000000000000000 ) ) ;
#2597 = ADVANCED_FACE ( 'NONE', ( #2532 ), #4222, .F. ) ;
#2598 =( GEOMETRIC_REPRESENTATION_CONTEXT ( 3 ) GLOBAL_UNCERTAINTY_ASSIGNED_CONTEXT ( ( #4638 ) ) GLOBAL_UNIT_ASSIGNED_CONTEXT ( ( #4217, #160, #268 ) ) REPRESENTATION_CONTEXT ( 'NONE', 'WORKASPACE' ) );
#2599 = ORIENTED_EDGE ( 'NONE', *, *, #1973, .T. ) ;
#2600 = EDGE_CURVE ( 'NONE', #3119, #2913, #889, .T. ) ;
#2601 = FACE_OUTER_BOUND ( 'NONE', #3788, .T. ) ;
#2602 = DIRECTION ( 'NONE',  ( -0.0000000000000000000, 0.0000000000000000000, 1.000000000000000000 ) ) ;
#2603 = ORIENTED_EDGE ( 'NONE', *, *, #1743, .F. ) ;
#2604 = ADVANCED_FACE ( 'NONE', ( #2159 ), #3882, .T. ) ;
#2605 = CARTESIAN_POINT ( 'NONE',  ( -0.02727748449175848230, -0.006305217213692360795, 0.0000000000000000000 ) ) ;
#2606 = MECHANICAL_DESIGN_GEOMETRIC_PRESENTATION_REPRESENTATION (  '', ( #4851 ), #3298 ) ;
#2607 = SURFACE_STYLE_USAGE ( .BOTH. , #1435 ) ;
#2608 = FILL_AREA_STYLE ('',( #2497 ) ) ;
#2609 = ORIENTED_EDGE ( 'NONE', *, *, #1808, .F. ) ;
#2610 = LINE ( 'NONE', #4088, #780 ) ;
#2611 = STYLED_ITEM ( 'NONE', ( #4945 ), #2758 ) ;
#2612 = DIRECTION ( 'NONE',  ( -0.0000000000000000000, 0.0000000000000000000, 1.000000000000000000 ) ) ;
#2613 = CARTESIAN_POINT ( 'NONE',  ( -0.1301581879681017462, 0.01524312950411952847, 0.0000000000000000000 ) ) ;
#2614 = LINE ( 'NONE', #4282, #342 ) ;
#2615 = CARTESIAN_POINT ( 'NONE',  ( -0.2150823625405390016, -0.05142716843320455783, 0.0000000000000000000 ) ) ;
#2616 = PRESENTATION_STYLE_ASSIGNMENT (( #966 ) ) ;
#2617 = SURFACE_SIDE_STYLE ('',( #967 ) ) ;
#2618 = SURFACE_SIDE_STYLE ('',( #968 ) ) ;
#2619 = ORIENTED_EDGE ( 'NONE', *, *, #4790, .F. ) ;
#2620 = COLOUR_RGB ( '',0.2509803921568627416, 0.2509803921568627416, 0.2509803921568627416 ) ;
#2621 = CARTESIAN_POINT ( 'NONE',  ( 0.09938829628862362597, -0.04231968250907963691, 0.0000000000000000000 ) ) ;
#2622 =( NAMED_UNIT ( * ) PLANE_ANGLE_UNIT ( ) SI_UNIT ( $, .RADIAN. ) );
#2623 = SURFACE_STYLE_USAGE ( .BOTH. , #91 ) ;
#2624 = SURFACE_STYLE_FILL_AREA ( #542 ) ;
#2625 =( GEOMETRIC_REPRESENTATION_CONTEXT ( 3 ) GLOBAL_UNCERTAINTY_ASSIGNED_CONTEXT ( ( #4434 ) ) GLOBAL_UNIT_ASSIGNED_CONTEXT ( ( #1735, #4769, #1346 ) ) REPRESENTATION_CONTEXT ( 'NONE', 'WORKASPACE' ) );
#2626 = CARTESIAN_POINT ( 'NONE',  ( 0.08595864948623298252, 0.03256803067924403383, 0.02000000000000000042 ) ) ;
#2627 = ORIENTED_EDGE ( 'NONE', *, *, #3642, .F. ) ;
#2628 = UNCERTAINTY_MEASURE_WITH_UNIT (LENGTH_MEASURE( 1.000000000000000082E-05 ), #5016, 'distance_accuracy_value', 'NONE');
#2629 = CARTESIAN_POINT ( 'NONE',  ( 0.05004768461056506579, -0.05020338810270373597, 0.0000000000000000000 ) ) ;
#2630 =( GEOMETRIC_REPRESENTATION_CONTEXT ( 3 ) GLOBAL_UNCERTAINTY_ASSIGNED_CONTEXT ( ( #4433 ) ) GLOBAL_UNIT_ASSIGNED_CONTEXT ( ( #2955, #910, #4146 ) ) REPRESENTATION_CONTEXT ( 'NONE', 'WORKASPACE' ) );
#2631 = FACE_OUTER_BOUND ( 'NONE', #3515, .T. ) ;
#2632 = FILL_AREA_STYLE_COLOUR ( '', #1689 ) ;
#2633 = FACE_BOUND ( 'NONE', #5090, .T. ) ;
#2634 = EDGE_CURVE ( 'NONE', #3508, #27, #1660, .T. ) ;
#2635 =( GEOMETRIC_REPRESENTATION_CONTEXT ( 3 ) GLOBAL_UNCERTAINTY_ASSIGNED_CONTEXT ( ( #4015 ) ) GLOBAL_UNIT_ASSIGNED_CONTEXT ( ( #2514, #488, #3352 ) ) REPRESENTATION_CONTEXT ( 'NONE', 'WORKASPACE' ) );
#2636 =( LENGTH_UNIT ( ) NAMED_UNIT ( * ) SI_UNIT ( .MILLI., .METRE. ) );
#2637 = COLOUR_RGB ( '',0.2509803921568627416, 0.2509803921568627416, 0.2509803921568627416 ) ;
#2638 = EDGE_LOOP ( 'NONE', ( #2207, #4312, #4617, #5119 ) ) ;
#2639 = CARTESIAN_POINT ( 'NONE',  ( 0.0000000000000000000, 0.0000000000000000000, 0.7800000000000000266 ) ) ;
#2640 = ORIENTED_EDGE ( 'NONE', *, *, #1567, .F. ) ;
#2641 = EDGE_LOOP ( 'NONE', ( #661, #2660, #2506, #1275 ) ) ;
#2642 = EDGE_CURVE ( 'NONE', #1327, #1868, #2352, .T. ) ;
#2643 = ADVANCED_FACE ( 'NONE', ( #2317 ), #2289, .F. ) ;
#2644 = SURFACE_STYLE_USAGE ( .BOTH. , #4704 ) ;
#2645 = DIRECTION ( 'NONE',  ( 0.0000000000000000000, -1.000000000000000000, 0.0000000000000000000 ) ) ;
#2646 = LINE ( 'NONE', #3486, #422 ) ;
#2647 = CARTESIAN_POINT ( 'NONE',  ( 0.04378080257144650878, -0.03682635062538466147, 0.0000000000000000000 ) ) ;
#2648 = DIRECTION ( 'NONE',  ( -1.000000000000000000, 0.0000000000000000000, 0.0000000000000000000 ) ) ;
#2649 = FILL_AREA_STYLE ('',( #2271 ) ) ;
#2650 = CARTESIAN_POINT ( 'NONE',  ( -0.1026053901210610964, -0.03459543722041618502, 0.02000000000000000042 ) ) ;
#2651 = PRESENTATION_STYLE_ASSIGNMENT (( #1053 ) ) ;
#2652 = CARTESIAN_POINT ( 'NONE',  ( 0.1751615398984854577, 0.04857283156679546160, 0.02000000000000000042 ) ) ;
#2653 = DIRECTION ( 'NONE',  ( -0.0000000000000000000, 0.0000000000000000000, 1.000000000000000000 ) ) ;
#2654 = VERTEX_POINT ( 'NONE', #4387 ) ;
#2655 = SURFACE_STYLE_USAGE ( .BOTH. , #1007 ) ;
#2656 = ORIENTED_EDGE ( 'NONE', *, *, #2757, .F. ) ;
#2657 =( NAMED_UNIT ( * ) PLANE_ANGLE_UNIT ( ) SI_UNIT ( $, .RADIAN. ) );
#2658 =( GEOMETRIC_REPRESENTATION_CONTEXT ( 3 ) GLOBAL_UNCERTAINTY_ASSIGNED_CONTEXT ( ( #141 ) ) GLOBAL_UNIT_ASSIGNED_CONTEXT ( ( #1108, #1082, #3646 ) ) REPRESENTATION_CONTEXT ( 'NONE', 'WORKASPACE' ) );
#2659 = LINE ( 'NONE', #4003, #4503 ) ;
#2660 = ORIENTED_EDGE ( 'NONE', *, *, #1650, .T. ) ;
#2661 =( GEOMETRIC_REPRESENTATION_CONTEXT ( 3 ) GLOBAL_UNCERTAINTY_ASSIGNED_CONTEXT ( ( #4690 ) ) GLOBAL_UNIT_ASSIGNED_CONTEXT ( ( #3706, #1250, #4674 ) ) REPRESENTATION_CONTEXT ( 'NONE', 'WORKASPACE' ) );
#2662 = PRESENTATION_LAYER_ASSIGNMENT (  '', '', ( #936 ) ) ;
#2663 =( LENGTH_UNIT ( ) NAMED_UNIT ( * ) SI_UNIT ( .MILLI., .METRE. ) );
#2664 = STYLED_ITEM ( 'NONE', ( #1457 ), #3295 ) ;
#2665 = SURFACE_SIDE_STYLE ('',( #3149 ) ) ;
#2666 = EDGE_CURVE ( 'NONE', #309, #4573, #594, .T. ) ;
#2667 = EDGE_CURVE ( 'NONE', #1479, #2536, #1306, .T. ) ;
#2668 = VECTOR ( 'NONE', #72, 1000.000000000000000 ) ;
#2669 = CIRCLE ( 'NONE', #338, 0.01000000000000002623 ) ;
#2670 = DIRECTION ( 'NONE',  ( 6.776263578034403945E-17, -1.000000000000000000, 0.0000000000000000000 ) ) ;
#2671 = DIRECTION ( 'NONE',  ( -0.0000000000000000000, -1.000000000000000000, 0.0000000000000000000 ) ) ;
#2672 = CARTESIAN_POINT ( 'NONE',  ( 0.04101519843507079460, 0.04582892912777106198, 0.0000000000000000000 ) ) ;
#2673 = CARTESIAN_POINT ( 'NONE',  ( -0.9899999999999995470, -0.7899999999999994804, 0.01000000000000002623 ) ) ;
#2674 = DIRECTION ( 'NONE',  ( -1.000000000000000000, 0.0000000000000000000, 0.0000000000000000000 ) ) ;
#2675 = AXIS2_PLACEMENT_3D ( 'NONE', #4278, #1331, #5068 ) ;
#2676 = VERTEX_POINT ( 'NONE', #2720 ) ;
#2677 = CARTESIAN_POINT ( 'NONE',  ( -0.08532739575320043290, 0.04845159250038415244, 0.02000000000000000042 ) ) ;
#2678 = DIRECTION ( 'NONE',  ( 0.0000000000000000000, 1.000000000000000000, -0.0000000000000000000 ) ) ;
#2679 = VECTOR ( 'NONE', #4958, 1000.000000000000000 ) ;
#2680 = PRESENTATION_LAYER_ASSIGNMENT (  '', '', ( #4418 ) ) ;
#2681 = CARTESIAN_POINT ( 'NONE',  ( -0.1105837600057915510, 0.02556983822715242285, 0.0000000000000000000 ) ) ;
#2682 = ORIENTED_EDGE ( 'NONE', *, *, #1010, .T. ) ;
#2683 = SURFACE_STYLE_FILL_AREA ( #3553 ) ;
#2684 = FILL_AREA_STYLE_COLOUR ( '', #2138 ) ;
#2685 = EDGE_LOOP ( 'NONE', ( #5114, #57, #2619, #1305, #1222 ) ) ;
#2686 = LINE ( 'NONE', #4277, #3723 ) ;
#2687 = CARTESIAN_POINT ( 'NONE',  ( 0.04600143149020351208, 0.04759263154817294089, 0.0000000000000000000 ) ) ;
#2688 = ORIENTED_EDGE ( 'NONE', *, *, #4226, .T. ) ;
#2689 = CARTESIAN_POINT ( 'NONE',  ( -0.2049642222966365224, -0.02337838794539967568, 0.02000000000000000042 ) ) ;
#2690 = DIRECTION ( 'NONE',  ( 1.000000000000000000, 0.0000000000000000000, 0.0000000000000000000 ) ) ;
#2691 = SURFACE_STYLE_USAGE ( .BOTH. , #3452 ) ;
#2692 = CARTESIAN_POINT ( 'NONE',  ( 0.08888576559193860083, 0.03029844544178926860, 0.0000000000000000000 ) ) ;
#2693 =( LENGTH_UNIT ( ) NAMED_UNIT ( * ) SI_UNIT ( .MILLI., .METRE. ) );
#2694 = ORIENTED_EDGE ( 'NONE', *, *, #1174, .F. ) ;
#2695 =( GEOMETRIC_REPRESENTATION_CONTEXT ( 3 ) GLOBAL_UNCERTAINTY_ASSIGNED_CONTEXT ( ( #274 ) ) GLOBAL_UNIT_ASSIGNED_CONTEXT ( ( #1308, #1751, #4622 ) ) REPRESENTATION_CONTEXT ( 'NONE', 'WORKASPACE' ) );
#2696 = ADVANCED_FACE ( 'NONE', ( #670 ), #2484, .F. ) ;
#2697 = CARTESIAN_POINT ( 'NONE',  ( 0.06454797282531471447, 0.04979234376191740696, 0.02000000000000000042 ) ) ;
#2698 =( NAMED_UNIT ( * ) PLANE_ANGLE_UNIT ( ) SI_UNIT ( $, .RADIAN. ) );
#2699 = SURFACE_SIDE_STYLE ('',( #5218 ) ) ;
#2700 = SURFACE_STYLE_USAGE ( .BOTH. , #4341 ) ;
#2701 = DIRECTION ( 'NONE',  ( 0.0000000000000000000, -0.0000000000000000000, 1.000000000000000000 ) ) ;
#2702 = EDGE_CURVE ( 'NONE', #5175, #4167, #4723, .T. ) ;
#2703 = CARTESIAN_POINT ( 'NONE',  ( -0.09903428528110999607, 0.03392821319617266018, 0.0000000000000000000 ) ) ;
#2704 = PRESENTATION_STYLE_ASSIGNMENT (( #4345 ) ) ;
#2705 = FACE_OUTER_BOUND ( 'NONE', #1659, .T. ) ;
#2706 = UNCERTAINTY_MEASURE_WITH_UNIT (LENGTH_MEASURE( 1.000000000000000082E-05 ), #282, 'distance_accuracy_value', 'NONE');
#2707 = AXIS2_PLACEMENT_3D ( 'NONE', #3248, #789, #1106 ) ;
#2708 = STYLED_ITEM ( 'NONE', ( #2396 ), #4783 ) ;
#2709 = EDGE_LOOP ( 'NONE', ( #5225, #2445, #3590, #1372 ) ) ;
#2710 = PRESENTATION_STYLE_ASSIGNMENT (( #4776 ) ) ;
#2711 = VERTEX_POINT ( 'NONE', #4067 ) ;
#2712 = COLOUR_RGB ( '',0.2509803921568627416, 0.2509803921568627416, 0.2509803921568627416 ) ;
#2713 = CARTESIAN_POINT ( 'NONE',  ( 0.0000000000000000000, 0.0000000000000000000, -0.02000000000000000042 ) ) ;
#2714 = PLANE ( 'NONE',  #4665 ) ;
#2715 = PLANE ( 'NONE',  #2587 ) ;
#2716 =( LENGTH_UNIT ( ) NAMED_UNIT ( * ) SI_UNIT ( .MILLI., .METRE. ) );
#2717 = CARTESIAN_POINT ( 'NONE',  ( -0.1838704722966365279, 0.03637770961557593857, 0.0000000000000000000 ) ) ;
#2718 = CARTESIAN_POINT ( 'NONE',  ( 0.1617469057521439824, 0.04857283156679546160, 0.0000000000000000000 ) ) ;
#2719 = CARTESIAN_POINT ( 'NONE',  ( 0.1153741874883294632, -0.005125747929719369142, 0.01999999999999999695 ) ) ;
#2720 = CARTESIAN_POINT ( 'NONE',  ( 0.06668211916677813100, -0.04167107087222894635, 0.0000000000000000000 ) ) ;
#2721 = DIRECTION ( 'NONE',  ( 1.000000000000000000, 0.0000000000000000000, 0.0000000000000000000 ) ) ;
#2722 = SURFACE_SIDE_STYLE ('',( #1453 ) ) ;
#2723 = CARTESIAN_POINT ( 'NONE',  ( 0.1617469057521439824, 0.04857283156679546160, 0.0000000000000000000 ) ) ;
#2724 = LINE ( 'NONE', #234, #3002 ) ;
#2725 = ORIENTED_EDGE ( 'NONE', *, *, #2864, .T. ) ;
#2726 = SURFACE_SIDE_STYLE ('',( #236 ) ) ;
#2727 = ADVANCED_FACE ( 'NONE', ( #1502 ), #1961, .T. ) ;
#2728 = EDGE_CURVE ( 'NONE', #803, #2945, #349, .T. ) ;
#2729 =( LENGTH_UNIT ( ) NAMED_UNIT ( * ) SI_UNIT ( .MILLI., .METRE. ) );
#2730 = CARTESIAN_POINT ( 'NONE',  ( 0.06443364355702201063, 0.03881673400581983624, 0.0000000000000000000 ) ) ;
#2731 = CARTESIAN_POINT ( 'NONE',  ( 0.3999999999999999667, -0.7899999999999990363, 0.0000000000000000000 ) ) ;
#2732 = LINE ( 'NONE', #634, #3113 ) ;
#2733 = LINE ( 'NONE', #3039, #687 ) ;
#2734 = CARTESIAN_POINT ( 'NONE',  ( -0.1832096484499702027, 0.03432042463813686495, 0.02000000000000000042 ) ) ;
#2735 = UNCERTAINTY_MEASURE_WITH_UNIT (LENGTH_MEASURE( 1.000000000000000082E-05 ), #2729, 'distance_accuracy_value', 'NONE');
#2736 = SURFACE_STYLE_USAGE ( .BOTH. , #311 ) ;
#2737 = AXIS2_PLACEMENT_3D ( 'NONE', #2973, #876, #527 ) ;
#2738 = DIRECTION ( 'NONE',  ( 0.0000000000000000000, -0.0000000000000000000, -1.000000000000000000 ) ) ;
#2739 = DIRECTION ( 'NONE',  ( -0.0000000000000000000, 0.0000000000000000000, 1.000000000000000000 ) ) ;
#2740 = ORIENTED_EDGE ( 'NONE', *, *, #951, .T. ) ;
#2741 = UNCERTAINTY_MEASURE_WITH_UNIT (LENGTH_MEASURE( 1.000000000000000082E-05 ), #2210, 'distance_accuracy_value', 'NONE');
#2742 = LINE ( 'NONE', #1405, #2149 ) ;
#2743 = PRESENTATION_STYLE_ASSIGNMENT (( #1612 ) ) ;
#2744 = MECHANICAL_DESIGN_GEOMETRIC_PRESENTATION_REPRESENTATION (  '', ( #1184 ), #4658 ) ;
#2745 = CARTESIAN_POINT ( 'NONE',  ( -0.08172518919107638058, 0.04853188237153721607, 0.02000000000000000042 ) ) ;
#2746 = AXIS2_PLACEMENT_3D ( 'NONE', #197, #3910, #2312 ) ;
#2747 = CARTESIAN_POINT ( 'NONE',  ( 0.008088369166778127534, -0.04045155867710700098, 0.02000000000000000042 ) ) ;
#2748 = CARTESIAN_POINT ( 'NONE',  ( -0.1173182039646163410, 0.01240080503207129786, 0.0000000000000000000 ) ) ;
#2749 = COLOUR_RGB ( '',1.000000000000000000, 1.000000000000000000, 1.000000000000000000 ) ;
#2750 = SURFACE_STYLE_FILL_AREA ( #1527 ) ;
#2751 = ORIENTED_EDGE ( 'NONE', *, *, #1704, .F. ) ;
#2752 = CARTESIAN_POINT ( 'NONE',  ( -0.1080594051631613151, 0.02810079546692825433, 0.0000000000000000000 ) ) ;
#2753 = ORIENTED_EDGE ( 'NONE', *, *, #4758, .F. ) ;
#2754 = PRESENTATION_LAYER_ASSIGNMENT (  '', '', ( #4583 ) ) ;
#2755 =( NAMED_UNIT ( * ) PLANE_ANGLE_UNIT ( ) SI_UNIT ( $, .RADIAN. ) );
#2756 = CARTESIAN_POINT ( 'NONE',  ( -0.09524146424215233775, -0.04956532539632807488, 0.0000000000000000000 ) ) ;
#2757 = EDGE_CURVE ( 'NONE', #2961, #880, #1844, .T. ) ;
#2758 = ADVANCED_FACE ( 'NONE', ( #883 ), #1280, .F. ) ;
#2759 = PRESENTATION_LAYER_ASSIGNMENT (  '', '', ( #956 ) ) ;
#2760 = DIRECTION ( 'NONE',  ( 0.0000000000000000000, 1.000000000000000000, 0.0000000000000000000 ) ) ;
#2761 = CYLINDRICAL_SURFACE ( 'NONE', #5087, 0.009999999999999998473 ) ;
#2762 = COLOUR_RGB ( '',1.000000000000000000, 1.000000000000000000, 1.000000000000000000 ) ;
#2763 = DIRECTION ( 'NONE',  ( 0.0000000000000000000, -1.000000000000000000, 0.0000000000000000000 ) ) ;
#2764 = FILL_AREA_STYLE_COLOUR ( '', #2620 ) ;
#2765 = AXIS2_PLACEMENT_3D ( 'NONE', #3934, #5104, #666 ) ;
#2766 = CARTESIAN_POINT ( 'NONE',  ( -0.1187408991259047975, -0.0004553696527167494751, 0.0000000000000000000 ) ) ;
#2767 = CARTESIAN_POINT ( 'NONE',  ( 0.0000000000000000000, 0.7900000000000003686, 0.0000000000000000000 ) ) ;
#2768 = LINE ( 'NONE', #2366, #2538 ) ;
#2769 = ORIENTED_EDGE ( 'NONE', *, *, #1413, .T. ) ;
#2770 = SURFACE_STYLE_USAGE ( .BOTH. , #2016 ) ;
#2771 = CARTESIAN_POINT ( 'NONE',  ( 0.06668211916677813100, -0.04167107087222894635, 0.0000000000000000000 ) ) ;
#2772 = FACE_OUTER_BOUND ( 'NONE', #5139, .T. ) ;
#2773 = CARTESIAN_POINT ( 'NONE',  ( -0.08372439669847704657, -0.04035544823446601120, 0.02000000000000000042 ) ) ;
#2774 = ORIENTED_EDGE ( 'NONE', *, *, #3677, .F. ) ;
#2775 = DIRECTION ( 'NONE',  ( 0.0000000000000000000, -1.000000000000000000, 0.0000000000000000000 ) ) ;
#2776 =( LENGTH_UNIT ( ) NAMED_UNIT ( * ) SI_UNIT ( .MILLI., .METRE. ) );
#2777 = AXIS2_PLACEMENT_3D ( 'NONE', #3372, #2645, #4843 ) ;
#2778 =( LENGTH_UNIT ( ) NAMED_UNIT ( * ) SI_UNIT ( .MILLI., .METRE. ) );
#2779 = PRESENTATION_LAYER_ASSIGNMENT (  '', '', ( #1666 ) ) ;
#2780 = CARTESIAN_POINT ( 'NONE',  ( -0.1321151465519817825, -0.002058304932619998539, 0.0000000000000000000 ) ) ;
#2781 = CARTESIAN_POINT ( 'NONE',  ( -0.1207878485692780307, 0.03196572735814425664, 0.0000000000000000000 ) ) ;
#2782 = FILL_AREA_STYLE_COLOUR ( '', #5303 ) ;
#2783 =( LENGTH_UNIT ( ) NAMED_UNIT ( * ) SI_UNIT ( .MILLI., .METRE. ) );
#2784 = ORIENTED_EDGE ( 'NONE', *, *, #2918, .F. ) ;
#2785 = AXIS2_PLACEMENT_3D ( 'NONE', #977, #2678, #2591 ) ;
#2786 =( LENGTH_UNIT ( ) NAMED_UNIT ( * ) SI_UNIT ( .MILLI., .METRE. ) );
#2787 = UNCERTAINTY_MEASURE_WITH_UNIT (LENGTH_MEASURE( 1.000000000000000082E-05 ), #1823, 'distance_accuracy_value', 'NONE');
#2788 = CARTESIAN_POINT ( 'NONE',  ( -0.07927824668688041032, -0.04045155867710700098, 0.0000000000000000000 ) ) ;
#2789 = ORIENTED_EDGE ( 'NONE', *, *, #557, .F. ) ;
#2790 = EDGE_CURVE ( 'NONE', #1908, #3285, #3289, .T. ) ;
#2791 = PRESENTATION_LAYER_ASSIGNMENT (  '', '', ( #901 ) ) ;
#2792 = EDGE_CURVE ( 'NONE', #1917, #4361, #5207, .T. ) ;
#2793 = PRESENTATION_STYLE_ASSIGNMENT (( #2876 ) ) ;
#2794 = CARTESIAN_POINT ( 'NONE',  ( 0.1153618899919935659, -0.001368050249054113916, 0.0000000000000000000 ) ) ;
#2795 = ORIENTED_EDGE ( 'NONE', *, *, #1416, .T. ) ;
#2796 =( GEOMETRIC_REPRESENTATION_CONTEXT ( 3 ) GLOBAL_UNCERTAINTY_ASSIGNED_CONTEXT ( ( #4807 ) ) GLOBAL_UNIT_ASSIGNED_CONTEXT ( ( #1683, #2912, #4474 ) ) REPRESENTATION_CONTEXT ( 'NONE', 'WORKASPACE' ) );
#2797 = PLANE ( 'NONE',  #1978 ) ;
#2798 = AXIS2_PLACEMENT_3D ( 'NONE', #2639, #1084, #1492 ) ;
#2799 = CARTESIAN_POINT ( 'NONE',  ( 0.06853044233750983649, -0.05264668062832651013, 0.0000000000000000000 ) ) ;
#2800 = CARTESIAN_POINT ( 'NONE',  ( 0.1014426099825028321, -0.01097961694516943164, 0.0000000000000000000 ) ) ;
#2801 = CARTESIAN_POINT ( 'NONE',  ( -0.1173077827565763148, -0.03749386112162789164, 0.0000000000000000000 ) ) ;
#2802 = CARTESIAN_POINT ( 'NONE',  ( -0.1026053901210610964, -0.03459543722041618502, 0.02000000000000000042 ) ) ;
#2803 = CARTESIAN_POINT ( 'NONE',  ( -0.1819459296137097282, 0.02936551449362471283, 0.0000000000000000000 ) ) ;
#2804 =( LENGTH_UNIT ( ) NAMED_UNIT ( * ) SI_UNIT ( .MILLI., .METRE. ) );
#2805 = DIRECTION ( 'NONE',  ( 0.0000000000000000000, 0.0000000000000000000, 1.000000000000000000 ) ) ;
#2806 = PRESENTATION_LAYER_ASSIGNMENT (  '', '', ( #4721 ) ) ;
#2807 = SPHERICAL_SURFACE ( 'NONE', #3969, 0.01000000000000000021 ) ;
#2808 = CARTESIAN_POINT ( 'NONE',  ( -0.9999999999999995559, -0.7999999999999994893, 0.01000000000000002623 ) ) ;
#2809 = EDGE_LOOP ( 'NONE', ( #3253, #2948, #2817, #3472 ) ) ;
#2810 = CARTESIAN_POINT ( 'NONE',  ( -0.1835465393698072489, 0.03637770961557593857, 0.02000000000000000042 ) ) ;
#2811 = CARTESIAN_POINT ( 'NONE',  ( -0.1313106693833304972, 0.01035645370940384974, 0.02000000000000000042 ) ) ;
#2812 =( LENGTH_UNIT ( ) NAMED_UNIT ( * ) SI_UNIT ( .MILLI., .METRE. ) );
#2813 = FILL_AREA_STYLE ('',( #4058 ) ) ;
#2814 = CARTESIAN_POINT ( 'NONE',  ( 0.02150300331311958205, -0.05142716843320455783, 0.0000000000000000000 ) ) ;
#2815 = EDGE_LOOP ( 'NONE', ( #1707, #1572, #3280, #4677 ) ) ;
#2816 = CARTESIAN_POINT ( 'NONE',  ( -0.1835465393698072489, 0.03637770961557593857, 0.02000000000000000042 ) ) ;
#2817 = ORIENTED_EDGE ( 'NONE', *, *, #2600, .F. ) ;
#2818 = DIRECTION ( 'NONE',  ( 0.0000000000000000000, 1.000000000000000000, 0.0000000000000000000 ) ) ;
#2819 = EDGE_CURVE ( 'NONE', #4317, #1754, #541, .T. ) ;
#2820 = CARTESIAN_POINT ( 'NONE',  ( -0.1187408991259047975, -0.0004553696527167494751, 0.02000000000000000042 ) ) ;
#2821 = EDGE_CURVE ( 'NONE', #1196, #1056, #2549, .T. ) ;
#2822 = CARTESIAN_POINT ( 'NONE',  ( -0.4099999999999999756, -0.7899999999999994804, 0.0000000000000000000 ) ) ;
#2823 = COLOUR_RGB ( '',0.7529411764705882248, 0.7529411764705882248, 0.7529411764705882248 ) ;
#2824 = CARTESIAN_POINT ( 'NONE',  ( -0.1001941553994982886, -0.04800625008999960530, 0.0000000000000000000 ) ) ;
#2825 = CARTESIAN_POINT ( 'NONE',  ( 0.02150300331311958205, 0.04857283156679546160, 0.0000000000000000000 ) ) ;
#2826 = CARTESIAN_POINT ( 'NONE',  ( -0.02727748449175848230, 0.004670392542405204725, 0.0000000000000000000 ) ) ;
#2827 = ORIENTED_EDGE ( 'NONE', *, *, #1236, .T. ) ;
#2828 = PRESENTATION_STYLE_ASSIGNMENT (( #4865 ) ) ;
#2829 = VECTOR ( 'NONE', #3417, 1000.000000000000000 ) ;
#2830 =( GEOMETRIC_REPRESENTATION_CONTEXT ( 3 ) GLOBAL_UNCERTAINTY_ASSIGNED_CONTEXT ( ( #285 ) ) GLOBAL_UNIT_ASSIGNED_CONTEXT ( ( #517, #544, #1386 ) ) REPRESENTATION_CONTEXT ( 'NONE', 'WORKASPACE' ) );
#2831 = CARTESIAN_POINT ( 'NONE',  ( 0.07417098485874032421, -0.04106820557721985177, 0.02000000000000000042 ) ) ;
#2832 = DIRECTION ( 'NONE',  ( -0.0000000000000000000, 0.0000000000000000000, 1.000000000000000000 ) ) ;
#2833 = STYLED_ITEM ( 'NONE', ( #5230 ), #844 ) ;
#2834 = AXIS2_PLACEMENT_3D ( 'NONE', #817, #1624, #2462 ) ;
#2835 = SURFACE_STYLE_FILL_AREA ( #1534 ) ;
#2836 = STYLED_ITEM ( 'NONE', ( #992 ), #1336 ) ;
#2837 =( GEOMETRIC_REPRESENTATION_CONTEXT ( 3 ) GLOBAL_UNCERTAINTY_ASSIGNED_CONTEXT ( ( #4116 ) ) GLOBAL_UNIT_ASSIGNED_CONTEXT ( ( #1968, #834, #5273 ) ) REPRESENTATION_CONTEXT ( 'NONE', 'WORKASPACE' ) );
#2838 = FILL_AREA_STYLE ('',( #2436 ) ) ;
#2839 = VECTOR ( 'NONE', #403, 1000.000000000000000 ) ;
#2840 = CARTESIAN_POINT ( 'NONE',  ( 0.9899999999999999911, 0.8000000000000003775, 0.7699999999999999067 ) ) ;
#2841 = FILL_AREA_STYLE ('',( #48 ) ) ;
#2842 = VERTEX_POINT ( 'NONE', #4194 ) ;
#2843 = CARTESIAN_POINT ( 'NONE',  ( 0.06547457711020247817, -0.04165521681748689947, 0.0000000000000000000 ) ) ;
#2844 = VECTOR ( 'NONE', #289, 1000.000000000000000 ) ;
#2845 = CARTESIAN_POINT ( 'NONE',  ( 0.09457224448562219499, -0.02836971210405437455, 0.0000000000000000000 ) ) ;
#2846 = SURFACE_STYLE_USAGE ( .BOTH. , #1191 ) ;
#2847 =( LENGTH_UNIT ( ) NAMED_UNIT ( * ) SI_UNIT ( .MILLI., .METRE. ) );
#2848 = ORIENTED_EDGE ( 'NONE', *, *, #5242, .F. ) ;
#2849 = SURFACE_STYLE_FILL_AREA ( #3438 ) ;
#2850 = EDGE_LOOP ( 'NONE', ( #3899, #4512, #389 ) ) ;
#2851 = UNCERTAINTY_MEASURE_WITH_UNIT (LENGTH_MEASURE( 1.000000000000000082E-05 ), #2663, 'distance_accuracy_value', 'NONE');
#2852 = CARTESIAN_POINT ( 'NONE',  ( -1.000000000000000000, 0.7900000000000003686, 0.7699999999999999067 ) ) ;
#2853 =( NAMED_UNIT ( * ) PLANE_ANGLE_UNIT ( ) SI_UNIT ( $, .RADIAN. ) );
#2854 = B_SPLINE_CURVE_WITH_KNOTS ( 'NONE', 3,
 ( #560, #4184, #1787, #1761, #2512, #2134, #3801, #2626, #3468, #946, #1409, #486, #2594, #2941, #574, #1737, #4610, #3055, #4661 ),
 .UNSPECIFIED., .F., .F.,
 ( 4, 1, 1, 1, 1, 1, 1, 1, 1, 1, 1, 1, 1, 1, 1, 1, 4 ),
 ( 0.0000000000000000000, 0.06460397028839230671, 0.1267024139629473467, 0.1867568140356183348, 0.2455056873654374860, 0.3036520244499754662, 0.3615030739706254770, 0.4202402229284675772, 0.4800333407766962934, 0.5406781347755160727, 0.6011918063807818458, 0.6623335024774423818, 0.7247395102972318259, 0.7894677361728866805, 0.8565048600438308624, 0.9263120958391902748, 1.000000000000000000 ),
 .UNSPECIFIED. ) ;
#2855 = CARTESIAN_POINT ( 'NONE',  ( -0.1264367487236927878, -0.02566019518272320485, 0.02000000000000000042 ) ) ;
#2856 = SURFACE_STYLE_FILL_AREA ( #3241 ) ;
#2857 = CARTESIAN_POINT ( 'NONE',  ( 0.09799102527512412730, 0.01818774226292128871, 0.02000000000000000042 ) ) ;
#2858 = ORIENTED_EDGE ( 'NONE', *, *, #3684, .T. ) ;
#2859 = ADVANCED_FACE ( 'NONE', ( #2121 ), #3395, .T. ) ;
#2860 = CARTESIAN_POINT ( 'NONE',  ( 0.06337843058607976754, 0.03880077994618596343, 0.0000000000000000000 ) ) ;
#2861 = DIRECTION ( 'NONE',  ( 0.0000000000000000000, 1.000000000000000000, 0.0000000000000000000 ) ) ;
#2862 = STYLED_ITEM ( 'NONE', ( #509 ), #2597 ) ;
#2863 = CARTESIAN_POINT ( 'NONE',  ( 0.04101519843507079460, 0.04582892912777106198, 0.02000000000000000042 ) ) ;
#2864 = EDGE_CURVE ( 'NONE', #803, #2654, #5127, .T. ) ;
#2865 = AXIS2_PLACEMENT_3D ( 'NONE', #2068, #2928, #4545 ) ;
#2866 = FILL_AREA_STYLE_COLOUR ( '', #604 ) ;
#2867 = VECTOR ( 'NONE', #2024, 1000.000000000000000 ) ;
#2868 = CARTESIAN_POINT ( 'NONE',  ( -0.1321555332722463005, -0.0001695464819850419041, 0.0000000000000000000 ) ) ;
#2869 = CARTESIAN_POINT ( 'NONE',  ( -0.1186393302353901252, -0.004982507141324255852, 0.02000000000000000042 ) ) ;
#2870 = ORIENTED_EDGE ( 'NONE', *, *, #4368, .F. ) ;
#2871 = CARTESIAN_POINT ( 'NONE',  ( 0.04378080257144650878, -0.03682635062538466147, 0.02000000000000000042 ) ) ;
#2872 = CARTESIAN_POINT ( 'NONE',  ( -0.09060981017181361785, 0.04784169697608967042, 0.02000000000000000042 ) ) ;
#2873 =( NAMED_UNIT ( * ) SI_UNIT ( $, .STERADIAN. ) SOLID_ANGLE_UNIT ( ) );
#2874 = CARTESIAN_POINT ( 'NONE',  ( 0.1105188921413042258, -0.02775078045520109823, 0.0000000000000000000 ) ) ;
#2875 = ORIENTED_EDGE ( 'NONE', *, *, #986, .T. ) ;
#2876 = SURFACE_STYLE_USAGE ( .BOTH. , #5322 ) ;
#2877 = ORIENTED_EDGE ( 'NONE', *, *, #1050, .F. ) ;
#2878 = PRESENTATION_LAYER_ASSIGNMENT (  '', '', ( #724 ) ) ;
#2879 = DIRECTION ( 'NONE',  ( -0.0000000000000000000, 0.0000000000000000000, 1.000000000000000000 ) ) ;
#2880 = CARTESIAN_POINT ( 'NONE',  ( -0.02971650888200237303, 0.04857283156679546160, 0.0000000000000000000 ) ) ;
#2881 = CARTESIAN_POINT ( 'NONE',  ( -0.08452452241533453536, -0.05132466510277362143, 0.0000000000000000000 ) ) ;
#2882 = CARTESIAN_POINT ( 'NONE',  ( -1.000000000000000000, 0.8000000000000003775, 0.0000000000000000000 ) ) ;
#2883 = VERTEX_POINT ( 'NONE', #3906 ) ;
#2884 = STYLED_ITEM ( 'NONE', ( #2460 ), #3031 ) ;
#2885 = MECHANICAL_DESIGN_GEOMETRIC_PRESENTATION_REPRESENTATION (  '', ( #390 ), #3063 ) ;
#2886 = CARTESIAN_POINT ( 'NONE',  ( 0.07048874425017929990, -0.04157296250799649012, 0.0000000000000000000 ) ) ;
#2887 = CARTESIAN_POINT ( 'NONE',  ( -0.1846309894190474310, 0.03224715505501151575, 0.0000000000000000000 ) ) ;
#2888 = APPLICATION_CONTEXT ( 'automotive_design' ) ;
#2889 = CARTESIAN_POINT ( 'NONE',  ( 0.04343406185676467607, 0.04681079911963936108, 0.02000000000000000042 ) ) ;
#2890 = FILL_AREA_STYLE ('',( #386 ) ) ;
#2891 = EDGE_CURVE ( 'NONE', #3168, #4644, #308, .T. ) ;
#2892 = EDGE_CURVE ( 'NONE', #4130, #3704, #1569, .T. ) ;
#2893 = DIRECTION ( 'NONE',  ( 1.000000000000000000, 0.0000000000000000000, 0.0000000000000000000 ) ) ;
#2894 = FILL_AREA_STYLE_COLOUR ( '', #3192 ) ;
#2895 = SURFACE_STYLE_USAGE ( .BOTH. , #3227 ) ;
#2896 = SURFACE_STYLE_USAGE ( .BOTH. , #2519 ) ;
#2897 = EDGE_LOOP ( 'NONE', ( #3810, #2272, #1389, #4200 ) ) ;
#2898 =( LENGTH_UNIT ( ) NAMED_UNIT ( * ) SI_UNIT ( .MILLI., .METRE. ) );
#2899 =( LENGTH_UNIT ( ) NAMED_UNIT ( * ) SI_UNIT ( .MILLI., .METRE. ) );
#2900 = DIRECTION ( 'NONE',  ( 1.000000000000000000, 0.0000000000000000000, 0.0000000000000000000 ) ) ;
#2901 = SURFACE_STYLE_FILL_AREA ( #3632 ) ;
#2902 = CARTESIAN_POINT ( 'NONE',  ( 0.04101519843507079460, 0.04582892912777106198, 0.02000000000000000042 ) ) ;
#2903 = SURFACE_STYLE_FILL_AREA ( #2476 ) ;
#2904 = VERTEX_POINT ( 'NONE', #561 ) ;
#2905 = CARTESIAN_POINT ( 'NONE',  ( -0.1819459296137097282, 0.02936551449362471283, 0.02000000000000000042 ) ) ;
#2906 = DIRECTION ( 'NONE',  ( 0.0000000000000000000, 1.000000000000000000, 0.0000000000000000000 ) ) ;
#2907 = COLOUR_RGB ( '',1.000000000000000000, 1.000000000000000000, 1.000000000000000000 ) ;
#2908 = DIRECTION ( 'NONE',  ( -2.710505431213761578E-16, 1.000000000000000000, 0.0000000000000000000 ) ) ;
#2909 = FACE_OUTER_BOUND ( 'NONE', #1424, .T. ) ;
#2910 = MECHANICAL_DESIGN_GEOMETRIC_PRESENTATION_REPRESENTATION (  '', ( #1525 ), #4483 ) ;
#2911 = CIRCLE ( 'NONE', #767, 0.01000000000000002623 ) ;
#2912 =( NAMED_UNIT ( * ) PLANE_ANGLE_UNIT ( ) SI_UNIT ( $, .RADIAN. ) );
#2913 = VERTEX_POINT ( 'NONE', #3013 ) ;
#2914 = MECHANICAL_DESIGN_GEOMETRIC_PRESENTATION_REPRESENTATION (  '', ( #5253 ), #4489 ) ;
#2915 = PLANE ( 'NONE',  #306 ) ;
#2916 = MECHANICAL_DESIGN_GEOMETRIC_PRESENTATION_REPRESENTATION (  '', ( #2486 ), #1897 ) ;
#2917 = CARTESIAN_POINT ( 'NONE',  ( 0.008088369166778127534, 0.004670392542405204725, 0.0000000000000000000 ) ) ;
#2918 = EDGE_CURVE ( 'NONE', #3498, #4628, #3037, .T. ) ;
#2919 = SURFACE_SIDE_STYLE ('',( #1271 ) ) ;
#2920 = PRESENTATION_LAYER_ASSIGNMENT (  '', '', ( #2249 ) ) ;
#2921 = ORIENTED_EDGE ( 'NONE', *, *, #4881, .F. ) ;
#2922 = DIRECTION ( 'NONE',  ( 0.9406672605435402179, -0.3393303772748786362, 0.0000000000000000000 ) ) ;
#2923 = AXIS2_PLACEMENT_3D ( 'NONE', #2244, #1001, #1811 ) ;
#2924 = SURFACE_STYLE_USAGE ( .BOTH. , #1773 ) ;
#2925 = VERTEX_POINT ( 'NONE', #4452 ) ;
#2926 = AXIS2_PLACEMENT_3D ( 'NONE', #3686, #2386, #4905 ) ;
#2927 = ADVANCED_FACE ( 'NONE', ( #1800 ), #132, .T. ) ;
#2928 = DIRECTION ( 'NONE',  ( 0.0000000000000000000, -0.0000000000000000000, -1.000000000000000000 ) ) ;
#2929 =( NAMED_UNIT ( * ) SI_UNIT ( $, .STERADIAN. ) SOLID_ANGLE_UNIT ( ) );
#2930 = CYLINDRICAL_SURFACE ( 'NONE', #3271, 0.01000000000000002623 ) ;
#2931 = CARTESIAN_POINT ( 'NONE',  ( 0.09945782306751048407, 0.01451547923959794172, 0.02000000000000000042 ) ) ;
#2932 = EDGE_LOOP ( 'NONE', ( #3549, #5264, #1979, #1008, #911 ) ) ;
#2933 =( GEOMETRIC_REPRESENTATION_CONTEXT ( 3 ) GLOBAL_UNCERTAINTY_ASSIGNED_CONTEXT ( ( #3834 ) ) GLOBAL_UNIT_ASSIGNED_CONTEXT ( ( #4917, #2853, #3717 ) ) REPRESENTATION_CONTEXT ( 'NONE', 'WORKASPACE' ) );
#2934 = CARTESIAN_POINT ( 'NONE',  ( -0.1824237855702755540, 0.03080654577007748904, 0.0000000000000000000 ) ) ;
#2935 =( NAMED_UNIT ( * ) PLANE_ANGLE_UNIT ( ) SI_UNIT ( $, .RADIAN. ) );
#2936 = SURFACE_STYLE_USAGE ( .BOTH. , #1377 ) ;
#2937 = EDGE_LOOP ( 'NONE', ( #5330, #4115, #3988, #993 ) ) ;
#2938 = DIRECTION ( 'NONE',  ( 1.000000000000000000, 0.0000000000000000000, 0.0000000000000000000 ) ) ;
#2939 = CARTESIAN_POINT ( 'NONE',  ( -0.1840091418968759218, 0.03560897221847657973, 0.0000000000000000000 ) ) ;
#2940 =( NAMED_UNIT ( * ) SI_UNIT ( $, .STERADIAN. ) SOLID_ANGLE_UNIT ( ) );
#2941 = CARTESIAN_POINT ( 'NONE',  ( 0.09945782306751048407, 0.01451547923959794172, 0.02000000000000000042 ) ) ;
#2942 = CARTESIAN_POINT ( 'NONE',  ( -0.07885903936980724616, -0.05142716843320455783, 0.0000000000000000000 ) ) ;
#2943 = DIRECTION ( 'NONE',  ( 0.0000000000000000000, -0.0000000000000000000, -1.000000000000000000 ) ) ;
#2944 = ORIENTED_EDGE ( 'NONE', *, *, #5316, .T. ) ;
#2945 = VERTEX_POINT ( 'NONE', #994 ) ;
#2946 = FILL_AREA_STYLE ('',( #1300 ) ) ;
#2947 = DIRECTION ( 'NONE',  ( -1.000000000000000000, 0.0000000000000000000, 0.0000000000000000000 ) ) ;
#2948 = ORIENTED_EDGE ( 'NONE', *, *, #4840, .T. ) ;
#2949 = PRESENTATION_LAYER_ASSIGNMENT (  '', '', ( #1315 ) ) ;
#2950 = LINE ( 'NONE', #4193, #5086 ) ;
#2951 = DIRECTION ( 'NONE',  ( -1.000000000000000000, 0.0000000000000000000, -0.0000000000000000000 ) ) ;
#2952 = EDGE_CURVE ( 'NONE', #505, #703, #2357, .T. ) ;
#2953 = AXIS2_PLACEMENT_3D ( 'NONE', #2299, #3951, #5125 ) ;
#2954 =( LENGTH_UNIT ( ) NAMED_UNIT ( * ) SI_UNIT ( .MILLI., .METRE. ) );
#2955 =( LENGTH_UNIT ( ) NAMED_UNIT ( * ) SI_UNIT ( .MILLI., .METRE. ) );
#2956 = ORIENTED_EDGE ( 'NONE', *, *, #1072, .F. ) ;
#2957 = CARTESIAN_POINT ( 'NONE',  ( 0.08331198182371676864, -0.05083214528771197449, 0.01999999999999999695 ) ) ;
#2958 = B_SPLINE_SURFACE_WITH_KNOTS ( 'NONE', 3, 1, ( 
 ( #1052, #3601 ),
 ( #1095, #2745 ),
 ( #4738, #2677 ),
 ( #1024, #623 ),
 ( #230, #2273 ),
 ( #1503, #3132 ),
 ( #278, #1918 ),
 ( #4419, #1869 ),
 ( #4367, #5165 ),
 ( #1452, #673 ),
 ( #4019, #2291 ),
 ( #4787, #3963 ),
 ( #3544, #1481 ),
 ( #701, #2320 ),
 ( #1523, #3995 ),
 ( #5220, #3154 ),
 ( #2349, #3182 ),
 ( #1296, #4211 ),
 ( #2868, #491 ) ),
 .UNSPECIFIED., .F., .F., .F.,
 ( 4, 1, 1, 1, 1, 1, 1, 1, 1, 1, 1, 1, 1, 1, 1, 1, 4 ),
 ( 2, 2 ),
 ( 0.0000000000000000000, 0.06863117867660099847, 0.1345664660386766964, 0.1983281540108808028, 0.2607897666408446891, 0.3219991514841584190, 0.3827217465030193222, 0.4435374740357288514, 0.5051334294849249007, 0.5662138747646714432, 0.6261058646175455822, 0.6853493221605165830, 0.7449958703477972399, 0.8054158418145627163, 0.8676362663459531444, 0.9323077823023292465, 1.000000000000000000 ),
 ( 0.0000000000000000000, 1.000000000000000000 ),
 .UNSPECIFIED. ) ;
#2959 =( LENGTH_UNIT ( ) NAMED_UNIT ( * ) SI_UNIT ( .MILLI., .METRE. ) );
#2960 = DIRECTION ( 'NONE',  ( -1.000000000000000000, 0.0000000000000000000, 0.0000000000000000000 ) ) ;
#2961 = VERTEX_POINT ( 'NONE', #2731 ) ;
#2962 = CARTESIAN_POINT ( 'NONE',  ( -0.08372439669847704657, -0.04035544823446601120, 0.02000000000000000042 ) ) ;
#2963 = CARTESIAN_POINT ( 'NONE',  ( -0.03215553327224628805, -0.04045155867710700098, 0.0000000000000000000 ) ) ;
#2964 = VECTOR ( 'NONE', #1230, 1000.000000000000000 ) ;
#2965 = CARTESIAN_POINT ( 'NONE',  ( -0.1906921186380999556, 0.04857283156679546160, 0.0000000000000000000 ) ) ;
#2966 = FILL_AREA_STYLE_COLOUR ( '', #502 ) ;
#2967 = SURFACE_SIDE_STYLE ('',( #1762 ) ) ;
#2968 = SURFACE_SIDE_STYLE ('',( #1685 ) ) ;
#2969 = UNCERTAINTY_MEASURE_WITH_UNIT (LENGTH_MEASURE( 1.000000000000000082E-05 ), #2987, 'distance_accuracy_value', 'NONE');
#2970 =( NAMED_UNIT ( * ) SI_UNIT ( $, .STERADIAN. ) SOLID_ANGLE_UNIT ( ) );
#2971 = CARTESIAN_POINT ( 'NONE',  ( -0.08077311106770804217, -0.05139253789558900082, 0.02000000000000000042 ) ) ;
#2972 = ORIENTED_EDGE ( 'NONE', *, *, #2031, .T. ) ;
#2973 = CARTESIAN_POINT ( 'NONE',  ( 0.9899999999999999911, -0.7899999999999994804, -0.02000000000000000042 ) ) ;
#2974 = LINE ( 'NONE', #4988, #950 ) ;
#2975 =( NAMED_UNIT ( * ) PLANE_ANGLE_UNIT ( ) SI_UNIT ( $, .RADIAN. ) );
#2976 = ORIENTED_EDGE ( 'NONE', *, *, #167, .F. ) ;
#2977 = DIRECTION ( 'NONE',  ( -0.0000000000000000000, -0.0000000000000000000, -1.000000000000000000 ) ) ;
#2978 = SURFACE_STYLE_USAGE ( .BOTH. , #2577 ) ;
#2979 = LINE ( 'NONE', #3848, #1375 ) ;
#2980 = FILL_AREA_STYLE ('',( #828 ) ) ;
#2981 = SURFACE_STYLE_USAGE ( .BOTH. , #1338 ) ;
#2982 = CARTESIAN_POINT ( 'NONE',  ( 0.06309361926079323779, -0.04162395675836307735, 0.0000000000000000000 ) ) ;
#2983 = ORIENTED_EDGE ( 'NONE', *, *, #445, .T. ) ;
#2984 = EDGE_CURVE ( 'NONE', #1774, #3230, #2233, .T. ) ;
#2985 = EDGE_CURVE ( 'NONE', #5171, #1564, #3556, .T. ) ;
#2986 = CARTESIAN_POINT ( 'NONE',  ( -0.1820970720066905080, 0.02982130229430093177, 0.02000000000000000042 ) ) ;
#2987 =( LENGTH_UNIT ( ) NAMED_UNIT ( * ) SI_UNIT ( .MILLI., .METRE. ) );
#2988 = CARTESIAN_POINT ( 'NONE',  ( -0.1187063875238651423, -0.001993623803116041475, 0.02000000000000000042 ) ) ;
#2989 = CARTESIAN_POINT ( 'NONE',  ( -0.9899999999999999911, -0.7999999999999994893, -0.02000000000000000042 ) ) ;
#2990 = EDGE_CURVE ( 'NONE', #4317, #27, #1182, .T. ) ;
#2991 = COLOUR_RGB ( '',0.2509803921568627416, 0.2509803921568627416, 0.2509803921568627416 ) ;
#2992 = FACE_OUTER_BOUND ( 'NONE', #890, .T. ) ;
#2993 = UNCERTAINTY_MEASURE_WITH_UNIT (LENGTH_MEASURE( 1.000000000000000082E-05 ), #858, 'distance_accuracy_value', 'NONE');
#2994 = ORIENTED_EDGE ( 'NONE', *, *, #2245, .F. ) ;
#2995 = DIRECTION ( 'NONE',  ( 1.000000000000000000, 0.0000000000000000000, 0.0000000000000000000 ) ) ;
#2996 = UNCERTAINTY_MEASURE_WITH_UNIT (LENGTH_MEASURE( 1.000000000000000082E-05 ), #2959, 'distance_accuracy_value', 'NONE');
#2997 = DIRECTION ( 'NONE',  ( -0.0000000000000000000, -1.000000000000000000, 0.0000000000000000000 ) ) ;
#2998 = FILL_AREA_STYLE_COLOUR ( '', #1104 ) ;
#2999 = ORIENTED_EDGE ( 'NONE', *, *, #1204, .T. ) ;
#3000 = PRESENTATION_STYLE_ASSIGNMENT (( #2228 ) ) ;
#3001 = CIRCLE ( 'NONE', #3806, 0.01000000000000002623 ) ;
#3002 = VECTOR ( 'NONE', #1872, 1000.000000000000000 ) ;
#3003 = ORIENTED_EDGE ( 'NONE', *, *, #1906, .F. ) ;
#3004 = SURFACE_STYLE_FILL_AREA ( #2946 ) ;
#3005 = CARTESIAN_POINT ( 'NONE',  ( 0.1044683972984716686, 0.03147759828547774114, 0.0000000000000000000 ) ) ;
#3006 = MECHANICAL_DESIGN_GEOMETRIC_PRESENTATION_REPRESENTATION (  '', ( #1374 ), #4406 ) ;
#3007 = VERTEX_POINT ( 'NONE', #3251 ) ;
#3008 = UNCERTAINTY_MEASURE_WITH_UNIT (LENGTH_MEASURE( 1.000000000000000082E-05 ), #3445, 'distance_accuracy_value', 'NONE');
#3009 = B_SPLINE_SURFACE_WITH_KNOTS ( 'NONE', 3, 1, ( 
 ( #797, #2115 ),
 ( #2843, #3734 ),
 ( #493, #3812 ),
 ( #1217, #3784 ),
 ( #2142, #29 ),
 ( #2490, #1661 ),
 ( #2441, #3334 ),
 ( #73, #2032 ),
 ( #2517, #2871 ),
 ( #439, #3360 ),
 ( #4189, #96 ) ),
 .UNSPECIFIED., .F., .F., .F.,
 ( 4, 1, 1, 1, 1, 1, 1, 1, 4 ),
 ( 2, 2 ),
 ( 0.0000000000000000000, 0.1352946047634290272, 0.2667656579247485449, 0.3948160188358720846, 0.5200516544342452807, 0.6421757029708213826, 0.7626518205584228438, 0.8818340043805019679, 1.000000000000000000 ),
 ( 0.0000000000000000000, 1.000000000000000000 ),
 .UNSPECIFIED. ) ;
#3010 =( GEOMETRIC_REPRESENTATION_CONTEXT ( 3 ) GLOBAL_UNCERTAINTY_ASSIGNED_CONTEXT ( ( #5070 ) ) GLOBAL_UNIT_ASSIGNED_CONTEXT ( ( #2898, #469, #2176 ) ) REPRESENTATION_CONTEXT ( 'NONE', 'WORKASPACE' ) );
#3011 = DIRECTION ( 'NONE',  ( 1.000000000000000000, 0.0000000000000000000, 0.0000000000000000000 ) ) ;
#3012 =( LENGTH_UNIT ( ) NAMED_UNIT ( * ) SI_UNIT ( .MILLI., .METRE. ) );
#3013 = CARTESIAN_POINT ( 'NONE',  ( 0.4099999999999999756, -0.7999999999999994893, -0.02000000000000000042 ) ) ;
#3014 = LINE ( 'NONE', #4681, #2243 ) ;
#3015 = DIRECTION ( 'NONE',  ( 1.000000000000000000, -6.776263578034403945E-17, 0.0000000000000000000 ) ) ;
#3016 = FACE_OUTER_BOUND ( 'NONE', #2192, .T. ) ;
#3017 = PRESENTATION_LAYER_ASSIGNMENT (  '', '', ( #2582 ) ) ;
#3018 = MECHANICAL_DESIGN_GEOMETRIC_PRESENTATION_REPRESENTATION (  '', ( #4760 ), #4249 ) ;
#3019 = CARTESIAN_POINT ( 'NONE',  ( 0.04101519843507079460, -0.03526863184783870370, 0.0000000000000000000 ) ) ;
#3020 = ORIENTED_EDGE ( 'NONE', *, *, #3677, .T. ) ;
#3021 = FILL_AREA_STYLE ('',( #2586 ) ) ;
#3022 = DIRECTION ( 'NONE',  ( 0.0000000000000000000, 1.000000000000000000, 0.0000000000000000000 ) ) ;
#3023 = FACE_OUTER_BOUND ( 'NONE', #3713, .T. ) ;
#3024 =( NAMED_UNIT ( * ) SI_UNIT ( $, .STERADIAN. ) SOLID_ANGLE_UNIT ( ) );
#3025 = EDGE_CURVE ( 'NONE', #690, #5171, #4980, .T. ) ;
#3026 = DIRECTION ( 'NONE',  ( -0.3536223923290756632, 0.9353882635801357148, 0.0000000000000000000 ) ) ;
#3027 = EDGE_LOOP ( 'NONE', ( #1355, #3501, #3457, #3977, #1171, #3661 ) ) ;
#3028 = VECTOR ( 'NONE', #3600, 1000.000000000000000 ) ;
#3029 = EDGE_LOOP ( 'NONE', ( #2470, #437, #2976, #2694, #1188 ) ) ;
#3030 = ADVANCED_FACE ( 'NONE', ( #3757 ), #2083, .T. ) ;
#3031 = ADVANCED_FACE ( 'NONE', ( #3701 ), #3678, .T. ) ;
#3032 =( LENGTH_UNIT ( ) NAMED_UNIT ( * ) SI_UNIT ( .MILLI., .METRE. ) );
#3033 = VERTEX_POINT ( 'NONE', #4959 ) ;
#3034 =( LENGTH_UNIT ( ) NAMED_UNIT ( * ) SI_UNIT ( .MILLI., .METRE. ) );
#3035 = VERTEX_POINT ( 'NONE', #1241 ) ;
#3036 = FACE_OUTER_BOUND ( 'NONE', #3911, .T. ) ;
#3037 = B_SPLINE_CURVE_WITH_KNOTS ( 'NONE', 3,
 ( #3193, #3165, #686, #5205, #4819, #2179, #1138, #3847, #1951, #3422, #2781, #5073, #4798, #1364, #2613, #712, #194, #157, #288 ),
 .UNSPECIFIED., .F., .F.,
 ( 4, 1, 1, 1, 1, 1, 1, 1, 1, 1, 1, 1, 1, 1, 1, 1, 4 ),
 ( 0.0000000000000000000, 0.06863117867660099847, 0.1345664660386766964, 0.1983281540108808028, 0.2607897666408446891, 0.3219991514841584190, 0.3827217465030193222, 0.4435374740357288514, 0.5051334294849249007, 0.5662138747646714432, 0.6261058646175455822, 0.6853493221605165830, 0.7449958703477972399, 0.8054158418145627163, 0.8676362663459531444, 0.9323077823023292465, 1.000000000000000000 ),
 .UNSPECIFIED. ) ;
#3038 = FILL_AREA_STYLE_COLOUR ( '', #3440 ) ;
#3039 = CARTESIAN_POINT ( 'NONE',  ( 0.9899999999999999911, -0.7999999999999994893, 0.7800000000000000266 ) ) ;
#3040 = EDGE_LOOP ( 'NONE', ( #2751, #199, #2544, #1579, #4943, #1733, #1270, #4160, #1697, #4124 ) ) ;
#3041 = CARTESIAN_POINT ( 'NONE',  ( 0.0000000000000000000, 0.0000000000000000000, 0.0000000000000000000 ) ) ;
#3042 = AXIS2_PLACEMENT_3D ( 'NONE', #5022, #4646, #928 ) ;
#3043 = CARTESIAN_POINT ( 'NONE',  ( -0.1846309894190474310, 0.03224715505501151575, 0.02000000000000000042 ) ) ;
#3044 =( LENGTH_UNIT ( ) NAMED_UNIT ( * ) SI_UNIT ( .MILLI., .METRE. ) );
#3045 = DIRECTION ( 'NONE',  ( -1.000000000000000000, -0.0000000000000000000, -0.0000000000000000000 ) ) ;
#3046 = SURFACE_STYLE_FILL_AREA ( #5160 ) ;
#3047 = ORIENTED_EDGE ( 'NONE', *, *, #4330, .T. ) ;
#3048 =( GEOMETRIC_REPRESENTATION_CONTEXT ( 3 ) GLOBAL_UNCERTAINTY_ASSIGNED_CONTEXT ( ( #2169 ) ) GLOBAL_UNIT_ASSIGNED_CONTEXT ( ( #1441, #2160, #269 ) ) REPRESENTATION_CONTEXT ( 'NONE', 'WORKASPACE' ) );
#3049 = LINE ( 'NONE', #4710, #4331 ) ;
#3050 = FILL_AREA_STYLE ('',( #1406 ) ) ;
#3051 =( NAMED_UNIT ( * ) PLANE_ANGLE_UNIT ( ) SI_UNIT ( $, .RADIAN. ) );
#3052 = ORIENTED_EDGE ( 'NONE', *, *, #3744, .F. ) ;
#3053 = PRESENTATION_STYLE_ASSIGNMENT (( #2623 ) ) ;
#3054 = VECTOR ( 'NONE', #3163, 1000.000000000000000 ) ;
#3055 = CARTESIAN_POINT ( 'NONE',  ( 0.1019561767432239086, -0.0009496325096544256002, 0.02000000000000000042 ) ) ;
#3056 =( NAMED_UNIT ( * ) SI_UNIT ( $, .STERADIAN. ) SOLID_ANGLE_UNIT ( ) );
#3057 = ORIENTED_EDGE ( 'NONE', *, *, #4305, .F. ) ;
#3058 = VECTOR ( 'NONE', #4762, 1000.000000000000000 ) ;
#3059 = SURFACE_SIDE_STYLE ('',( #4374 ) ) ;
#3060 = VECTOR ( 'NONE', #4931, 1000.000000000000000 ) ;
#3061 = CARTESIAN_POINT ( 'NONE',  ( -0.1264367487236927878, -0.02566019518272320485, 0.02000000000000000042 ) ) ;
#3062 = ADVANCED_FACE ( 'NONE', ( #3275 ), #4104, .F. ) ;
#3063 =( GEOMETRIC_REPRESENTATION_CONTEXT ( 3 ) GLOBAL_UNCERTAINTY_ASSIGNED_CONTEXT ( ( #1121 ) ) GLOBAL_UNIT_ASSIGNED_CONTEXT ( ( #3833, #4237, #1245 ) ) REPRESENTATION_CONTEXT ( 'NONE', 'WORKASPACE' ) );
#3064 = EDGE_CURVE ( 'NONE', #4644, #1056, #179, .T. ) ;
#3065 = LINE ( 'NONE', #3143, #2844 ) ;
#3066 = CARTESIAN_POINT ( 'NONE',  ( 0.9899999999999999911, -0.7899999999999994804, -0.02000000000000000042 ) ) ;
#3067 = ORIENTED_EDGE ( 'NONE', *, *, #2466, .T. ) ;
#3068 = DIRECTION ( 'NONE',  ( 1.000000000000000000, 0.0000000000000000000, 0.0000000000000000000 ) ) ;
#3069 = FILL_AREA_STYLE_COLOUR ( '', #692 ) ;
#3070 = SPHERICAL_SURFACE ( 'NONE', #116, 0.01000000000000000021 ) ;
#3071 = SURFACE_STYLE_FILL_AREA ( #1883 ) ;
#3072 = CARTESIAN_POINT ( 'NONE',  ( 0.06844590381849109673, 0.03873046306463539395, 0.0000000000000000000 ) ) ;
#3073 = FILL_AREA_STYLE_COLOUR ( '', #728 ) ;
#3074 = VERTEX_POINT ( 'NONE', #3860 ) ;
#3075 = PRESENTATION_LAYER_ASSIGNMENT (  '', '', ( #1345 ) ) ;
#3076 = CARTESIAN_POINT ( 'NONE',  ( 0.1153741874883294632, -0.005125747929719369142, 0.0000000000000000000 ) ) ;
#3077 =( NAMED_UNIT ( * ) PLANE_ANGLE_UNIT ( ) SI_UNIT ( $, .RADIAN. ) );
#3078 = LINE ( 'NONE', #1002, #1128 ) ;
#3079 = ORIENTED_EDGE ( 'NONE', *, *, #3430, .F. ) ;
#3080 = DIRECTION ( 'NONE',  ( -0.0000000000000000000, -0.0000000000000000000, -1.000000000000000000 ) ) ;
#3081 = CARTESIAN_POINT ( 'NONE',  ( 0.008088369166778127534, -0.006305217213692360795, 0.0000000000000000000 ) ) ;
#3082 =( NAMED_UNIT ( * ) PLANE_ANGLE_UNIT ( ) SI_UNIT ( $, .RADIAN. ) );
#3083 = ORIENTED_EDGE ( 'NONE', *, *, #4912, .T. ) ;
#3084 = CARTESIAN_POINT ( 'NONE',  ( -0.1052630026789987266, 0.03032587214594762576, 0.0000000000000000000 ) ) ;
#3085 = DIRECTION ( 'NONE',  ( 1.000000000000000000, 0.0000000000000000000, 0.0000000000000000000 ) ) ;
#3086 = CARTESIAN_POINT ( 'NONE',  ( -0.1048898662457494746, -0.04604253132869329246, 0.02000000000000000042 ) ) ;
#3087 = ORIENTED_EDGE ( 'NONE', *, *, #4881, .T. ) ;
#3088 = CIRCLE ( 'NONE', #2568, 0.01000000000000002623 ) ;
#3089 = CARTESIAN_POINT ( 'NONE',  ( 0.008088369166778127534, 0.0000000000000000000, 0.02000000000000000042 ) ) ;
#3090 = EDGE_CURVE ( 'NONE', #229, #1327, #4637, .T. ) ;
#3091 = FACE_OUTER_BOUND ( 'NONE', #3770, .T. ) ;
#3092 = VECTOR ( 'NONE', #1333, 1000.000000000000000 ) ;
#3093 = SURFACE_SIDE_STYLE ('',( #2308 ) ) ;
#3094 = AXIS2_PLACEMENT_3D ( 'NONE', #630, #3607, #4372 ) ;
#3095 = VECTOR ( 'NONE', #1365, 1000.000000000000000 ) ;
#3096 = CARTESIAN_POINT ( 'NONE',  ( -0.4000000000000000777, 0.8000000000000003775, 0.0000000000000000000 ) ) ;
#3097 = FILL_AREA_STYLE_COLOUR ( '', #5256 ) ;
#3098 = DIRECTION ( 'NONE',  ( 0.0000000000000000000, -1.000000000000000000, 0.0000000000000000000 ) ) ;
#3099 = AXIS2_PLACEMENT_3D ( 'NONE', #4306, #261, #1419 ) ;
#3100 = APPLICATION_CONTEXT ( 'automotive_design' ) ;
#3101 = PRESENTATION_LAYER_ASSIGNMENT (  '', '', ( #185 ) ) ;
#3102 = LINE ( 'NONE', #1066, #3990 ) ;
#3103 = FILL_AREA_STYLE_COLOUR ( '', #33 ) ;
#3104 = B_SPLINE_SURFACE_WITH_KNOTS ( 'NONE', 3, 1, ( 
 ( #4918, #1994 ),
 ( #1587, #4548 ),
 ( #1643, #2424 ),
 ( #421, #4518 ),
 ( #3718, #3264 ),
 ( #4121, #1200 ),
 ( #3316, #2855 ),
 ( #4972, #4861 ),
 ( #1257, #1155 ),
 ( #2801, #4468 ),
 ( #3238, #753 ),
 ( #4887, #3291 ),
 ( #2474, #1175 ),
 ( #2824, #2450 ),
 ( #806, #4491 ),
 ( #4095, #1228 ),
 ( #2881, #4994 ),
 ( #1368, #886 ),
 ( #1401, #4648 ) ),
 .UNSPECIFIED., .F., .F., .F.,
 ( 4, 1, 1, 1, 1, 1, 1, 1, 1, 1, 1, 1, 1, 1, 1, 1, 4 ),
 ( 2, 2 ),
 ( 0.0000000000000000000, 0.06806869584499403159, 0.1334274328189550551, 0.1961460338131564562, 0.2570485924493126073, 0.3168826631591618592, 0.3761872086663213821, 0.4359603353635462253, 0.4965352368627260482, 0.5574653434807329555, 0.6176868634101470024, 0.6779436406969059359, 0.7388052848060400191, 0.8009493367665837527, 0.8648146674702262837, 0.9310247810786568268, 1.000000000000000000 ),
 ( 0.0000000000000000000, 1.000000000000000000 ),
 .UNSPECIFIED. ) ;
#3105 = DIRECTION ( 'NONE',  ( 0.0000000000000000000, -0.0000000000000000000, -1.000000000000000000 ) ) ;
#3106 = PRESENTATION_LAYER_ASSIGNMENT (  '', '', ( #92 ) ) ;
#3107 = EDGE_LOOP ( 'NONE', ( #3994, #277, #3794, #2827 ) ) ;
#3108 = LINE ( 'NONE', #1843, #3349 ) ;
#3109 = PRESENTATION_LAYER_ASSIGNMENT (  '', '', ( #2156 ) ) ;
#3110 = DIRECTION ( 'NONE',  ( 0.0000000000000000000, 1.000000000000000000, 0.0000000000000000000 ) ) ;
#3111 = B_SPLINE_CURVE_WITH_KNOTS ( 'NONE', 3,
 ( #4524, #3268, #4924, #4177, #4602, #2555, #2530, #2101, #4976, #2508, #3604, #2239, #4358, #641, #220, #4285, #1402, #1863, #565 ),
 .UNSPECIFIED., .F., .F.,
 ( 4, 1, 1, 1, 1, 1, 1, 1, 1, 1, 1, 1, 1, 1, 1, 1, 4 ),
 ( 0.0000000000000000000, 0.06783324845577361206, 0.1326555365079041815, 0.1950508840508279329, 0.2555829330687772738, 0.3147998341472899586, 0.3736004728263744856, 0.4325455953267435261, 0.4924306292835653465, 0.5526712559629696209, 0.6125130441881164733, 0.6726102503570065005, 0.7338383693139460817, 0.7965942385677740045, 0.8614497992905733037, 0.9291989423509054991, 1.000000000000000000 ),
 .UNSPECIFIED. ) ;
#3112 = STYLED_ITEM ( 'NONE', ( #1298 ), #1621 ) ;
#3113 = VECTOR ( 'NONE', #989, 1000.000000000000000 ) ;
#3114 = CARTESIAN_POINT ( 'NONE',  ( -0.1187081210676637216, 0.001076718861036553418, 0.0000000000000000000 ) ) ;
#3115 = ORIENTED_EDGE ( 'NONE', *, *, #3025, .T. ) ;
#3116 =( LENGTH_UNIT ( ) NAMED_UNIT ( * ) SI_UNIT ( .MILLI., .METRE. ) );
#3117 =( NAMED_UNIT ( * ) SI_UNIT ( $, .STERADIAN. ) SOLID_ANGLE_UNIT ( ) );
#3118 = VECTOR ( 'NONE', #3212, 1000.000000000000000 ) ;
#3119 = VERTEX_POINT ( 'NONE', #2224 ) ;
#3120 = CARTESIAN_POINT ( 'NONE',  ( 0.04378080257144650878, -0.03682635062538466147, 0.02000000000000000042 ) ) ;
#3121 = CARTESIAN_POINT ( 'NONE',  ( 0.04686679131827322514, -0.04909293724167446832, 0.02000000000000000042 ) ) ;
#3122 =( GEOMETRIC_REPRESENTATION_CONTEXT ( 3 ) GLOBAL_UNCERTAINTY_ASSIGNED_CONTEXT ( ( #5037 ) ) GLOBAL_UNIT_ASSIGNED_CONTEXT ( ( #1756, #2935, #3751 ) ) REPRESENTATION_CONTEXT ( 'NONE', 'WORKASPACE' ) );
#3123 =( LENGTH_UNIT ( ) NAMED_UNIT ( * ) SI_UNIT ( .MILLI., .METRE. ) );
#3124 = DIRECTION ( 'NONE',  ( 1.000000000000000000, 0.0000000000000000000, 0.0000000000000000000 ) ) ;
#3125 = CARTESIAN_POINT ( 'NONE',  ( -0.9999999999999995559, -0.7999999999999994893, 0.7800000000000000266 ) ) ;
#3126 = ORIENTED_EDGE ( 'NONE', *, *, #483, .T. ) ;
#3127 = DIRECTION ( 'NONE',  ( 1.000000000000000000, 0.0000000000000000000, 0.0000000000000000000 ) ) ;
#3128 = EDGE_CURVE ( 'NONE', #2883, #4709, #337, .T. ) ;
#3129 = CARTESIAN_POINT ( 'NONE',  ( 0.04195353751256972880, -0.04676216657092556461, 0.02000000000000000042 ) ) ;
#3130 = EDGE_CURVE ( 'NONE', #5171, #537, #5039, .T. ) ;
#3131 = VERTEX_POINT ( 'NONE', #3435 ) ;
#3132 = CARTESIAN_POINT ( 'NONE',  ( -0.1004600071758448288, 0.04533948012224712359, 0.02000000000000000042 ) ) ;
#3133 = PRESENTATION_LAYER_ASSIGNMENT (  '', '', ( #3938 ) ) ;
#3134 = CARTESIAN_POINT ( 'NONE',  ( 0.1617469057521439824, 0.04857283156679546160, 0.0000000000000000000 ) ) ;
#3135 = CARTESIAN_POINT ( 'NONE',  ( -0.09560124209275640272, 0.03527930579974707798, 0.0000000000000000000 ) ) ;
#3136 = CARTESIAN_POINT ( 'NONE',  ( 0.9899999999999999911, 0.8000000000000003775, -0.02000000000000000042 ) ) ;
#3137 = CARTESIAN_POINT ( 'NONE',  ( 0.06454797282531471447, 0.04979234376191740696, 0.0000000000000000000 ) ) ;
#3138 = VERTEX_POINT ( 'NONE', #1702 ) ;
#3139 = CARTESIAN_POINT ( 'NONE',  ( -0.2049642222966365224, -0.02337838794539967568, 0.0000000000000000000 ) ) ;
#3140 = UNCERTAINTY_MEASURE_WITH_UNIT (LENGTH_MEASURE( 1.000000000000000082E-05 ), #1444, 'distance_accuracy_value', 'NONE');
#3141 = COLOUR_RGB ( '',1.000000000000000000, 1.000000000000000000, 1.000000000000000000 ) ;
#3142 = CARTESIAN_POINT ( 'NONE',  ( -0.0000000000000000000, -0.04045155867710700098, 0.02000000000000000042 ) ) ;
#3143 = CARTESIAN_POINT ( 'NONE',  ( 0.4000000000000000777, 0.7900000000000003686, -0.02000000000000000042 ) ) ;
#3144 = CARTESIAN_POINT ( 'NONE',  ( 0.09741124437714691886, 0.03866513153763358884, 0.0000000000000000000 ) ) ;
#3145 = CARTESIAN_POINT ( 'NONE',  ( 0.06718324297415062540, -0.05263088024728721642, 0.02000000000000000042 ) ) ;
#3146 = ORIENTED_EDGE ( 'NONE', *, *, #1567, .T. ) ;
#3147 = AXIS2_PLACEMENT_3D ( 'NONE', #3125, #3660, #4882 ) ;
#3148 = DIRECTION ( 'NONE',  ( 0.0000000000000000000, 1.000000000000000000, -0.0000000000000000000 ) ) ;
#3149 = SURFACE_STYLE_FILL_AREA ( #1013 ) ;
#3150 = CARTESIAN_POINT ( 'NONE',  ( -0.06508236254053897940, 0.0000000000000000000, 0.02000000000000000042 ) ) ;
#3151 = SURFACE_STYLE_FILL_AREA ( #4828 ) ;
#3152 = CARTESIAN_POINT ( 'NONE',  ( 1.000000000000000000, 0.8000000000000003775, 0.0000000000000000000 ) ) ;
#3153 = SURFACE_SIDE_STYLE ('',( #4517 ) ) ;
#3154 = CARTESIAN_POINT ( 'NONE',  ( -0.1313106693833304972, 0.01035645370940384974, 0.02000000000000000042 ) ) ;
#3155 = EDGE_CURVE ( 'NONE', #1754, #1648, #1738, .T. ) ;
#3156 = EDGE_CURVE ( 'NONE', #596, #129, #2911, .T. ) ;
#3157 = SURFACE_STYLE_USAGE ( .BOTH. , #3577 ) ;
#3158 = FILL_AREA_STYLE ('',( #4741 ) ) ;
#3159 = PLANE ( 'NONE',  #1109 ) ;
#3160 = CARTESIAN_POINT ( 'NONE',  ( -0.1022633032338027409, 0.03228404916109269690, 0.0000000000000000000 ) ) ;
#3161 = B_SPLINE_CURVE_WITH_KNOTS ( 'NONE', 3,
 ( #2788, #343, #743, #3707, #369, #30, #4539, #2063, #2036, #4461, #410, #3229, #1578, #822, #1604, #4037, #5261, #1956, #2766 ),
 .UNSPECIFIED., .F., .F.,
 ( 4, 1, 1, 1, 1, 1, 1, 1, 1, 1, 1, 1, 1, 1, 1, 1, 4 ),
 ( 0.0000000000000000000, 0.07082657255516341954, 0.1381690332797999854, 0.2024753315338422566, 0.2639737544135198899, 0.3233803205980371187, 0.3817976227131854583, 0.4393900745193891066, 0.4969027245459975983, 0.5546621696093703147, 0.6127418784921975226, 0.6715388363911724001, 0.7316557220901981351, 0.7942978116139531863, 0.8594822049793585661, 0.9276813254527899177, 1.000000000000000000 ),
 .UNSPECIFIED. ) ;
#3162 = ORIENTED_EDGE ( 'NONE', *, *, #3464, .F. ) ;
#3163 = DIRECTION ( 'NONE',  ( -1.000000000000000000, 0.0000000000000000000, 0.0000000000000000000 ) ) ;
#3164 = EDGE_CURVE ( 'NONE', #216, #4880, #142, .T. ) ;
#3165 = CARTESIAN_POINT ( 'NONE',  ( -0.08172518919107638058, 0.04853188237153721607, 0.0000000000000000000 ) ) ;
#3166 =( NAMED_UNIT ( * ) SI_UNIT ( $, .STERADIAN. ) SOLID_ANGLE_UNIT ( ) );
#3167 = SURFACE_STYLE_USAGE ( .BOTH. , #4428 ) ;
#3168 = VERTEX_POINT ( 'NONE', #4692 ) ;
#3169 = UNCERTAINTY_MEASURE_WITH_UNIT (LENGTH_MEASURE( 1.000000000000000082E-05 ), #1815, 'distance_accuracy_value', 'NONE');
#3170 = DIRECTION ( 'NONE',  ( -0.0000000000000000000, 0.0000000000000000000, -1.000000000000000000 ) ) ;
#3171 = CIRCLE ( 'NONE', #846, 0.01000000000000002623 ) ;
#3172 = CARTESIAN_POINT ( 'NONE',  ( 0.1014136893948977408, 0.006451885386078489576, 0.0000000000000000000 ) ) ;
#3173 = CARTESIAN_POINT ( 'NONE',  ( -0.1187408991259047975, -0.0004553696527167494751, 0.02000000000000000042 ) ) ;
#3174 = ORIENTED_EDGE ( 'NONE', *, *, #657, .T. ) ;
#3175 = UNCERTAINTY_MEASURE_WITH_UNIT (LENGTH_MEASURE( 1.000000000000000082E-05 ), #3116, 'distance_accuracy_value', 'NONE');
#3176 = VECTOR ( 'NONE', #459, 1000.000000000000000 ) ;
#3177 = DIRECTION ( 'NONE',  ( 1.000000000000000000, 0.0000000000000000000, 0.0000000000000000000 ) ) ;
#3178 = CARTESIAN_POINT ( 'NONE',  ( -0.09195255481482061954, 0.03633356115639694434, 0.02000000000000000042 ) ) ;
#3179 = CIRCLE ( 'NONE', #2054, 0.009999999999999998473 ) ;
#3180 = COLOUR_RGB ( '',0.2509803921568627416, 0.2509803921568627416, 0.2509803921568627416 ) ;
#3181 = DIRECTION ( 'NONE',  ( 1.000000000000000000, 0.0000000000000000000, 0.0000000000000000000 ) ) ;
#3182 = CARTESIAN_POINT ( 'NONE',  ( -0.1320375641534108913, 0.005187653600711915509, 0.02000000000000000042 ) ) ;
#3183 = CIRCLE ( 'NONE', #2403, 0.01000000000000002623 ) ;
#3184 = DIRECTION ( 'NONE',  ( -0.0000000000000000000, -0.0000000000000000000, -1.000000000000000000 ) ) ;
#3185 = VECTOR ( 'NONE', #1832, 1000.000000000000000 ) ;
#3186 = CARTESIAN_POINT ( 'NONE',  ( -0.1173182039646163410, 0.01240080503207129786, 0.02000000000000000042 ) ) ;
#3187 = VECTOR ( 'NONE', #3250, 1000.000000000000000 ) ;
#3188 = CARTESIAN_POINT ( 'NONE',  ( 0.08097693379508863476, -0.03909078204322806449, 0.0000000000000000000 ) ) ;
#3189 = DIRECTION ( 'NONE',  ( 0.0000000000000000000, 0.0000000000000000000, -1.000000000000000000 ) ) ;
#3190 = ADVANCED_FACE ( 'NONE', ( #3382 ), #2562, .F. ) ;
#3191 = SURFACE_STYLE_USAGE ( .BOTH. , #363 ) ;
#3192 = COLOUR_RGB ( '',1.000000000000000000, 1.000000000000000000, 1.000000000000000000 ) ;
#3193 = CARTESIAN_POINT ( 'NONE',  ( -0.07988800278444142811, 0.04857283156679546160, 0.0000000000000000000 ) ) ;
#3194 =( GEOMETRIC_REPRESENTATION_CONTEXT ( 3 ) GLOBAL_UNCERTAINTY_ASSIGNED_CONTEXT ( ( #3175 ) ) GLOBAL_UNIT_ASSIGNED_CONTEXT ( ( #3116, #1005, #5150 ) ) REPRESENTATION_CONTEXT ( 'NONE', 'WORKASPACE' ) );
#3195 = ORIENTED_EDGE ( 'NONE', *, *, #5116, .F. ) ;
#3196 = EDGE_CURVE ( 'NONE', #3508, #904, #1923, .T. ) ;
#3197 = SURFACE_STYLE_FILL_AREA ( #2437 ) ;
#3198 = CARTESIAN_POINT ( 'NONE',  ( 0.06635409052228610771, 0.04975032126057207793, 0.0000000000000000000 ) ) ;
#3199 = DIRECTION ( 'NONE',  ( 0.0000000000000000000, 0.0000000000000000000, 1.000000000000000000 ) ) ;
#3200 = EDGE_LOOP ( 'NONE', ( #1794, #2472, #2314 ) ) ;
#3201 = MECHANICAL_DESIGN_GEOMETRIC_PRESENTATION_REPRESENTATION (  '', ( #433 ), #3652 ) ;
#3202 =( NAMED_UNIT ( * ) PLANE_ANGLE_UNIT ( ) SI_UNIT ( $, .RADIAN. ) );
#3203 = SURFACE_SIDE_STYLE ('',( #1881 ) ) ;
#3204 = STYLED_ITEM ( 'NONE', ( #3563 ), #3875 ) ;
#3205 = CARTESIAN_POINT ( 'NONE',  ( 0.04181121078613619230, 0.04615204809085841214, 0.0000000000000000000 ) ) ;
#3206 = ORIENTED_EDGE ( 'NONE', *, *, #1010, .F. ) ;
#3207 = FILL_AREA_STYLE_COLOUR ( '', #2749 ) ;
#3208 = CARTESIAN_POINT ( 'NONE',  ( -0.9899999999999999911, 0.8000000000000003775, -0.02000000000000000042 ) ) ;
#3209 = VERTEX_POINT ( 'NONE', #4024 ) ;
#3210 = SURFACE_STYLE_FILL_AREA ( #4016 ) ;
#3211 = DIRECTION ( 'NONE',  ( 1.000000000000000000, 0.0000000000000000000, 0.0000000000000000000 ) ) ;
#3212 = DIRECTION ( 'NONE',  ( -1.000000000000000000, 0.0000000000000000000, 0.0000000000000000000 ) ) ;
#3213 = CARTESIAN_POINT ( 'NONE',  ( -0.1541067527844414420, -0.05142716843320455783, 0.0000000000000000000 ) ) ;
#3214 =( NAMED_UNIT ( * ) PLANE_ANGLE_UNIT ( ) SI_UNIT ( $, .RADIAN. ) );
#3215 = VECTOR ( 'NONE', #861, 1000.000000000000000 ) ;
#3216 = CARTESIAN_POINT ( 'NONE',  ( 0.05219405201708170877, 0.03724534652851265587, 0.0000000000000000000 ) ) ;
#3217 = LINE ( 'NONE', #3725, #3446 ) ;
#3218 = PRESENTATION_STYLE_ASSIGNMENT (( #2430 ) ) ;
#3219 =( NAMED_UNIT ( * ) SI_UNIT ( $, .STERADIAN. ) SOLID_ANGLE_UNIT ( ) );
#3220 = CARTESIAN_POINT ( 'NONE',  ( 0.05219405201708170877, 0.03724534652851265587, 0.0000000000000000000 ) ) ;
#3221 = CARTESIAN_POINT ( 'NONE',  ( 0.9899999999999999911, 0.8000000000000003775, 0.7800000000000000266 ) ) ;
#3222 = PRESENTATION_LAYER_ASSIGNMENT (  '', '', ( #1161 ) ) ;
#3223 = CARTESIAN_POINT ( 'NONE',  ( -0.0000000000000000000, -0.05142716843320455783, 0.02000000000000000042 ) ) ;
#3224 = CARTESIAN_POINT ( 'NONE',  ( -0.1187408991259047975, -0.0004553696527167494751, 0.02000000000000000042 ) ) ;
#3225 = EDGE_CURVE ( 'NONE', #4778, #3234, #3497, .T. ) ;
#3226 = EDGE_CURVE ( 'NONE', #3529, #2418, #3550, .T. ) ;
#3227 = SURFACE_SIDE_STYLE ('',( #820 ) ) ;
#3228 = PRESENTATION_STYLE_ASSIGNMENT (( #341 ) ) ;
#3229 = CARTESIAN_POINT ( 'NONE',  ( -0.1129449437739097895, -0.02416782182026569470, 0.0000000000000000000 ) ) ;
#3230 = VERTEX_POINT ( 'NONE', #4424 ) ;
#3231 = STYLED_ITEM ( 'NONE', ( #3242 ), #4816 ) ;
#3232 = SURFACE_STYLE_FILL_AREA ( #345 ) ;
#3233 = CARTESIAN_POINT ( 'NONE',  ( -0.07885903936980724616, -0.05142716843320455783, 0.0000000000000000000 ) ) ;
#3234 = VERTEX_POINT ( 'NONE', #4814 ) ;
#3235 = CARTESIAN_POINT ( 'NONE',  ( -0.1394726064429779866, -0.05142716843320455783, 0.0000000000000000000 ) ) ;
#3236 = CARTESIAN_POINT ( 'NONE',  ( 0.06718324297415062540, -0.05263088024728721642, 0.02000000000000000042 ) ) ;
#3237 = CARTESIAN_POINT ( 'NONE',  ( -0.06508236254053897940, -0.04045155867710700098, 0.0000000000000000000 ) ) ;
#3238 = CARTESIAN_POINT ( 'NONE',  ( -0.1134478675997599856, -0.04074641753648806236, 0.0000000000000000000 ) ) ;
#3239 = PRODUCT_CONTEXT ( 'NONE', #3100, 'mechanical' ) ;
#3240 = CARTESIAN_POINT ( 'NONE',  ( -0.07927824668688041032, -0.04045155867710700098, 0.02000000000000000042 ) ) ;
#3241 = FILL_AREA_STYLE ('',( #4920 ) ) ;
#3242 = PRESENTATION_STYLE_ASSIGNMENT (( #1589 ) ) ;
#3243 = VERTEX_POINT ( 'NONE', #3137 ) ;
#3244 = CARTESIAN_POINT ( 'NONE',  ( -0.1906921186380999556, 0.04857283156679546160, 0.02000000000000000042 ) ) ;
#3245 = CARTESIAN_POINT ( 'NONE',  ( 0.07417098485874032421, -0.04106820557721985177, 0.0000000000000000000 ) ) ;
#3246 = FACE_BOUND ( 'NONE', #246, .T. ) ;
#3247 = FILL_AREA_STYLE_COLOUR ( '', #869 ) ;
#3248 = CARTESIAN_POINT ( 'NONE',  ( 0.1617469057521439824, 0.04857283156679546160, 0.0000000000000000000 ) ) ;
#3249 = VECTOR ( 'NONE', #1958, 1000.000000000000000 ) ;
#3250 = DIRECTION ( 'NONE',  ( -0.0000000000000000000, -1.000000000000000000, 0.0000000000000000000 ) ) ;
#3251 = CARTESIAN_POINT ( 'NONE',  ( 0.1154054423375098365, -0.003313601360033818517, 0.02000000000000000042 ) ) ;
#3252 = CARTESIAN_POINT ( 'NONE',  ( -0.2049642222966365224, -0.02337838794539967568, 0.0000000000000000000 ) ) ;
#3253 = ORIENTED_EDGE ( 'NONE', *, *, #3603, .T. ) ;
#3254 = PLANE ( 'NONE',  #4498 ) ;
#3255 = CARTESIAN_POINT ( 'NONE',  ( 0.1019087686448331004, -0.006811849152887187314, 0.02000000000000000042 ) ) ;
#3256 = EDGE_CURVE ( 'NONE', #3385, #1491, #708, .T. ) ;
#3257 = FILL_AREA_STYLE ('',( #1220 ) ) ;
#3258 = ORIENTED_EDGE ( 'NONE', *, *, #4953, .T. ) ;
#3259 = VECTOR ( 'NONE', #3877, 1000.000000000000000 ) ;
#3260 = CARTESIAN_POINT ( 'NONE',  ( 1.000000000000000000, -0.7899999999999994804, 0.7800000000000000266 ) ) ;
#3261 = CARTESIAN_POINT ( 'NONE',  ( 0.04686679131827322514, -0.04909293724167446832, 0.0000000000000000000 ) ) ;
#3262 = CARTESIAN_POINT ( 'NONE',  ( 0.09229075450588188068, -0.03112804802874345397, 0.0000000000000000000 ) ) ;
#3263 = EDGE_CURVE ( 'NONE', #4880, #902, #2236, .T. ) ;
#3264 = CARTESIAN_POINT ( 'NONE',  ( -0.1301573335207260040, -0.01628354916390075888, 0.02000000000000000042 ) ) ;
#3265 = CARTESIAN_POINT ( 'NONE',  ( -0.02727748449175848230, 0.004670392542405204725, 0.0000000000000000000 ) ) ;
#3266 = CARTESIAN_POINT ( 'NONE',  ( 0.07603079090781862670, 0.03733018617286390506, 0.0000000000000000000 ) ) ;
#3267 = ORIENTED_EDGE ( 'NONE', *, *, #1303, .F. ) ;
#3268 = CARTESIAN_POINT ( 'NONE',  ( 0.07026634849265997462, -0.05260796491984139067, 0.02000000000000000042 ) ) ;
#3269 = COLOUR_RGB ( '',1.000000000000000000, 1.000000000000000000, 1.000000000000000000 ) ;
#3270 = CARTESIAN_POINT ( 'NONE',  ( -0.1541067527844414420, -0.05142716843320455783, 0.02000000000000000042 ) ) ;
#3271 = AXIS2_PLACEMENT_3D ( 'NONE', #4198, #503, #2124 ) ;
#3272 = PRESENTATION_LAYER_ASSIGNMENT (  '', '', ( #3 ) ) ;
#3273 = SURFACE_STYLE_FILL_AREA ( #2328 ) ;
#3274 = CYLINDRICAL_SURFACE ( 'NONE', #691, 0.01000000000000002623 ) ;
#3275 = FACE_OUTER_BOUND ( 'NONE', #4054, .T. ) ;
#3276 = VECTOR ( 'NONE', #1264, 1000.000000000000000 ) ;
#3277 = DIRECTION ( 'NONE',  ( 1.000000000000000000, 0.0000000000000000000, -0.0000000000000000000 ) ) ;
#3278 = FACE_OUTER_BOUND ( 'NONE', #2641, .T. ) ;
#3279 = LINE ( 'NONE', #366, #3724 ) ;
#3280 = ORIENTED_EDGE ( 'NONE', *, *, #97, .F. ) ;
#3281 =( LENGTH_UNIT ( ) NAMED_UNIT ( * ) SI_UNIT ( .MILLI., .METRE. ) );
#3282 =( GEOMETRIC_REPRESENTATION_CONTEXT ( 3 ) GLOBAL_UNCERTAINTY_ASSIGNED_CONTEXT ( ( #2363 ) ) GLOBAL_UNIT_ASSIGNED_CONTEXT ( ( #4400, #3557, #4749 ) ) REPRESENTATION_CONTEXT ( 'NONE', 'WORKASPACE' ) );
#3283 = CARTESIAN_POINT ( 'NONE',  ( -0.1264346666940595887, 0.02418336953154876651, 0.02000000000000000042 ) ) ;
#3284 = CARTESIAN_POINT ( 'NONE',  ( 0.1027267940877958918, -0.03917093340579921867, 0.0000000000000000000 ) ) ;
#3285 = VERTEX_POINT ( 'NONE', #5224 ) ;
#3286 = ORIENTED_EDGE ( 'NONE', *, *, #443, .T. ) ;
#3287 = FILL_AREA_STYLE ('',( #2042 ) ) ;
#3288 = PRESENTATION_LAYER_ASSIGNMENT (  '', '', ( #1991 ) ) ;
#3289 = LINE ( 'NONE', #1226, #2178 ) ;
#3290 = CARTESIAN_POINT ( 'NONE',  ( 0.08702612387646217751, -0.03577395927201010295, 0.0000000000000000000 ) ) ;
#3291 = CARTESIAN_POINT ( 'NONE',  ( -0.1093203839717430820, -0.04363909876247907410, 0.02000000000000000042 ) ) ;
#3292 = SHAPE_DEFINITION_REPRESENTATION ( #558, #5172 ) ;
#3293 = LINE ( 'NONE', #3317, #3215 ) ;
#3294 = CARTESIAN_POINT ( 'NONE',  ( 0.1005937729919476747, 0.01060174685268421360, 0.02000000000000000042 ) ) ;
#3295 = ADVANCED_FACE ( 'NONE', ( #4347 ), #3948, .F. ) ;
#3296 = CARTESIAN_POINT ( 'NONE',  ( 0.9899999999999999911, -0.7899999999999994804, 0.7800000000000000266 ) ) ;
#3297 = SURFACE_STYLE_FILL_AREA ( #20 ) ;
#3298 =( GEOMETRIC_REPRESENTATION_CONTEXT ( 3 ) GLOBAL_UNCERTAINTY_ASSIGNED_CONTEXT ( ( #2969 ) ) GLOBAL_UNIT_ASSIGNED_CONTEXT ( ( #2987, #2079, #4631 ) ) REPRESENTATION_CONTEXT ( 'NONE', 'WORKASPACE' ) );
#3299 = FILL_AREA_STYLE_COLOUR ( '', #299 ) ;
#3300 = MECHANICAL_DESIGN_GEOMETRIC_PRESENTATION_REPRESENTATION (  '', ( #4014 ), #3933 ) ;
#3301 = SURFACE_SIDE_STYLE ('',( #384 ) ) ;
#3302 = DIRECTION ( 'NONE',  ( -0.0000000000000000000, 0.0000000000000000000, 1.000000000000000000 ) ) ;
#3303 = FACE_OUTER_BOUND ( 'NONE', #1391, .T. ) ;
#3304 = COLOUR_RGB ( '',0.2509803921568627416, 0.2509803921568627416, 0.2509803921568627416 ) ;
#3305 = CARTESIAN_POINT ( 'NONE',  ( 0.1145991421934219601, 0.008007280745517920267, 0.02000000000000000042 ) ) ;
#3306 = VERTEX_POINT ( 'NONE', #4894 ) ;
#3307 = B_SPLINE_CURVE_WITH_KNOTS ( 'NONE', 3,
 ( #161, #1803, #3373, #2503, #3823, #5025, #4173, #447, #932, #2096, #3451, #3768, #1311, #3849, #908, #2551, #1753, #60, #4218 ),
 .UNSPECIFIED., .F., .F.,
 ( 4, 1, 1, 1, 1, 1, 1, 1, 1, 1, 1, 1, 1, 1, 1, 1, 4 ),
 ( 0.0000000000000000000, 0.07377411937406361253, 0.1440791147260413740, 0.2113485183089115760, 0.2760768857398838705, 0.3385209158196766932, 0.3998851166931336465, 0.4602540674652131902, 0.5205889643912480214, 0.5802076845630442792, 0.6386329085525459526, 0.6963645494905239541, 0.7540017746600128357, 0.8128056813744979348, 0.8727544255255602623, 0.9351819969782670938, 1.000000000000000000 ),
 .UNSPECIFIED. ) ;
#3308 = DIRECTION ( 'NONE',  ( -0.0000000000000000000, 0.0000000000000000000, 1.000000000000000000 ) ) ;
#3309 = CARTESIAN_POINT ( 'NONE',  ( -0.2150823625405390016, -0.05142716843320455783, 0.0000000000000000000 ) ) ;
#3310 = SURFACE_STYLE_USAGE ( .BOTH. , #4879 ) ;
#3311 = ORIENTED_EDGE ( 'NONE', *, *, #1169, .F. ) ;
#3312 = ORIENTED_EDGE ( 'NONE', *, *, #12, .T. ) ;
#3313 = PRESENTATION_LAYER_ASSIGNMENT (  '', '', ( #4286 ) ) ;
#3314 = CARTESIAN_POINT ( 'NONE',  ( 0.05515692151650014585, 0.03796346317063725023, 0.02000000000000000042 ) ) ;
#3315 = DIRECTION ( 'NONE',  ( 0.0000000000000000000, -1.000000000000000000, 0.0000000000000000000 ) ) ;
#3316 = CARTESIAN_POINT ( 'NONE',  ( -0.1264367487236927878, -0.02566019518272320485, 0.0000000000000000000 ) ) ;
#3317 = CARTESIAN_POINT ( 'NONE',  ( 0.008088369166778127534, -0.04045155867710700098, 0.0000000000000000000 ) ) ;
#3318 = CARTESIAN_POINT ( 'NONE',  ( 0.09615935525302836406, 0.02159036027169959279, 0.0000000000000000000 ) ) ;
#3319 = ORIENTED_EDGE ( 'NONE', *, *, #4272, .T. ) ;
#3320 = AXIS2_PLACEMENT_3D ( 'NONE', #2942, #545, #3470 ) ;
#3321 = STYLED_ITEM ( 'NONE', ( #2710 ), #4202 ) ;
#3322 =( NAMED_UNIT ( * ) PLANE_ANGLE_UNIT ( ) SI_UNIT ( $, .RADIAN. ) );
#3323 =( NAMED_UNIT ( * ) SI_UNIT ( $, .STERADIAN. ) SOLID_ANGLE_UNIT ( ) );
#3324 = EDGE_LOOP ( 'NONE', ( #1240, #494, #3414, #2384 ) ) ;
#3325 = ADVANCED_FACE ( 'NONE', ( #4837 ), #732, .F. ) ;
#3326 = ADVANCED_FACE ( 'NONE', ( #2378 ), #3674, .T. ) ;
#3327 = CARTESIAN_POINT ( 'NONE',  ( 0.05778549598126583864, 0.04956369838530930855, 0.02000000000000000042 ) ) ;
#3328 = LINE ( 'NONE', #4978, #3276 ) ;
#3329 = SURFACE_SIDE_STYLE ('',( #1622 ) ) ;
#3330 = EDGE_CURVE ( 'NONE', #1247, #5051, #382, .T. ) ;
#3331 = FILL_AREA_STYLE_COLOUR ( '', #2369 ) ;
#3332 = LINE ( 'NONE', #2917, #2668 ) ;
#3333 = EDGE_LOOP ( 'NONE', ( #2111, #2202, #4703, #1097 ) ) ;
#3334 = CARTESIAN_POINT ( 'NONE',  ( 0.04974297371538176360, -0.03922006557477994426, 0.02000000000000000042 ) ) ;
#3335 = CARTESIAN_POINT ( 'NONE',  ( -0.09564939447279706408, 0.04678332999520852520, 0.02000000000000000042 ) ) ;
#3336 = CARTESIAN_POINT ( 'NONE',  ( -0.06508236254053897940, -0.04045155867710700098, 0.02000000000000000042 ) ) ;
#3337 =( LENGTH_UNIT ( ) NAMED_UNIT ( * ) SI_UNIT ( .MILLI., .METRE. ) );
#3338 = EDGE_LOOP ( 'NONE', ( #4975, #1360, #1313, #2037 ) ) ;
#3339 = PRESENTATION_STYLE_ASSIGNMENT (( #4216 ) ) ;
#3340 = FILL_AREA_STYLE ('',( #2580 ) ) ;
#3341 = SURFACE_STYLE_USAGE ( .BOTH. , #3400 ) ;
#3342 =( LENGTH_UNIT ( ) NAMED_UNIT ( * ) SI_UNIT ( .MILLI., .METRE. ) );
#3343 = CARTESIAN_POINT ( 'NONE',  ( 0.09158621324189829271, 0.02767934171637870602, 0.02000000000000000042 ) ) ;
#3344 = ORIENTED_EDGE ( 'NONE', *, *, #3777, .F. ) ;
#3345 = CARTESIAN_POINT ( 'NONE',  ( -0.2150823625405390016, -0.05142716843320455783, 0.0000000000000000000 ) ) ;
#3346 = DIRECTION ( 'NONE',  ( 0.0000000000000000000, -0.0000000000000000000, 1.000000000000000000 ) ) ;
#3347 = EDGE_LOOP ( 'NONE', ( #4457, #4763, #3401, #123 ) ) ;
#3348 = SURFACE_STYLE_FILL_AREA ( #1211 ) ;
#3349 = VECTOR ( 'NONE', #1892, 1000.000000000000000 ) ;
#3350 = VECTOR ( 'NONE', #2612, 1000.000000000000000 ) ;
#3351 = DIRECTION ( 'NONE',  ( 1.000000000000000000, 0.0000000000000000000, 0.0000000000000000000 ) ) ;
#3352 =( NAMED_UNIT ( * ) SI_UNIT ( $, .STERADIAN. ) SOLID_ANGLE_UNIT ( ) );
#3353 = ORIENTED_EDGE ( 'NONE', *, *, #2525, .F. ) ;
#3354 = COLOUR_RGB ( '',0.7529411764705882248, 0.7529411764705882248, 0.7529411764705882248 ) ;
#3355 = STYLED_ITEM ( 'NONE', ( #586 ), #137 ) ;
#3356 = PRESENTATION_STYLE_ASSIGNMENT (( #840 ) ) ;
#3357 = UNCERTAINTY_MEASURE_WITH_UNIT (LENGTH_MEASURE( 1.000000000000000082E-05 ), #1284, 'distance_accuracy_value', 'NONE');
#3358 = CARTESIAN_POINT ( 'NONE',  ( 0.08474990705878564234, 0.04624197434836613968, 0.02000000000000000042 ) ) ;
#3359 =( GEOMETRIC_REPRESENTATION_CONTEXT ( 3 ) GLOBAL_UNCERTAINTY_ASSIGNED_CONTEXT ( ( #373 ) ) GLOBAL_UNIT_ASSIGNED_CONTEXT ( ( #2776, #3699, #1562 ) ) REPRESENTATION_CONTEXT ( 'NONE', 'WORKASPACE' ) );
#3360 = CARTESIAN_POINT ( 'NONE',  ( 0.04193443144795444555, -0.03578638726564246225, 0.02000000000000000042 ) ) ;
#3361 = ADVANCED_FACE ( 'NONE', ( #5306 ), #539, .T. ) ;
#3362 = EDGE_CURVE ( 'NONE', #5065, #1151, #1594, .T. ) ;
#3363 = MECHANICAL_DESIGN_GEOMETRIC_PRESENTATION_REPRESENTATION (  '', ( #17 ), #1901 ) ;
#3364 = ORIENTED_EDGE ( 'NONE', *, *, #97, .T. ) ;
#3365 = CIRCLE ( 'NONE', #2923, 0.01000000000000000021 ) ;
#3366 = PRESENTATION_STYLE_ASSIGNMENT (( #2201 ) ) ;
#3367 = EDGE_LOOP ( 'NONE', ( #2188, #2220, #3206, #4650 ) ) ;
#3368 = ORIENTED_EDGE ( 'NONE', *, *, #3839, .T. ) ;
#3369 = PRESENTATION_LAYER_ASSIGNMENT (  '', '', ( #3542 ) ) ;
#3370 = COLOUR_RGB ( '',0.2509803921568627416, 0.2509803921568627416, 0.2509803921568627416 ) ;
#3371 =( NAMED_UNIT ( * ) SI_UNIT ( $, .STERADIAN. ) SOLID_ANGLE_UNIT ( ) );
#3372 = CARTESIAN_POINT ( 'NONE',  ( -0.9899999999999995470, -0.7899999999999994804, 0.7699999999999999067 ) ) ;
#3373 = CARTESIAN_POINT ( 'NONE',  ( 0.1019087686448331004, -0.006811849152887187314, 0.02000000000000000042 ) ) ;
#3374 = SURFACE_STYLE_USAGE ( .BOTH. , #2617 ) ;
#3375 = CARTESIAN_POINT ( 'NONE',  ( -0.9899999999999999911, -0.7999999999999994893, -0.02000000000000000042 ) ) ;
#3376 =( GEOMETRIC_REPRESENTATION_CONTEXT ( 3 ) GLOBAL_UNCERTAINTY_ASSIGNED_CONTEXT ( ( #2565 ) ) GLOBAL_UNIT_ASSIGNED_CONTEXT ( ( #1690, #4993, #3397 ) ) REPRESENTATION_CONTEXT ( 'NONE', 'WORKASPACE' ) );
#3377 = DIRECTION ( 'NONE',  ( 0.3393303772748786362, 0.9406672605435402179, 0.0000000000000000000 ) ) ;
#3378 = SURFACE_STYLE_USAGE ( .BOTH. , #835 ) ;
#3379 =( LENGTH_UNIT ( ) NAMED_UNIT ( * ) SI_UNIT ( .MILLI., .METRE. ) );
#3380 = SURFACE_STYLE_FILL_AREA ( #3564 ) ;
#3381 = CARTESIAN_POINT ( 'NONE',  ( 0.9899999999999999911, -0.7899999999999994804, 0.01000000000000002623 ) ) ;
#3382 = FACE_OUTER_BOUND ( 'NONE', #5262, .T. ) ;
#3383 =( LENGTH_UNIT ( ) NAMED_UNIT ( * ) SI_UNIT ( .MILLI., .METRE. ) );
#3384 = AXIS2_PLACEMENT_3D ( 'NONE', #2219, #4765, #1888 ) ;
#3385 = VERTEX_POINT ( 'NONE', #43 ) ;
#3386 = AXIS2_PLACEMENT_3D ( 'NONE', #2265, #5159, #4225 ) ;
#3387 = CYLINDRICAL_SURFACE ( 'NONE', #3454, 0.01000000000000000021 ) ;
#3388 = ADVANCED_FACE ( 'NONE', ( #4179 ), #89, .F. ) ;
#3389 = EDGE_CURVE ( 'NONE', #1648, #2945, #3648, .T. ) ;
#3390 = SURFACE_STYLE_FILL_AREA ( #2608 ) ;
#3391 = ORIENTED_EDGE ( 'NONE', *, *, #4106, .F. ) ;
#3392 = UNCERTAINTY_MEASURE_WITH_UNIT (LENGTH_MEASURE( 1.000000000000000082E-05 ), #665, 'distance_accuracy_value', 'NONE');
#3393 = VECTOR ( 'NONE', #1442, 1000.000000000000000 ) ;
#3394 = CARTESIAN_POINT ( 'NONE',  ( 0.04928630486158974700, 0.03635604644554429887, 0.02000000000000000042 ) ) ;
#3395 = SPHERICAL_SURFACE ( 'NONE', #3042, 0.01000000000000000021 ) ;
#3396 = CARTESIAN_POINT ( 'NONE',  ( -0.1838704722966365279, 0.03637770961557593857, 0.02000000000000000042 ) ) ;
#3397 =( NAMED_UNIT ( * ) SI_UNIT ( $, .STERADIAN. ) SOLID_ANGLE_UNIT ( ) );
#3398 = FILL_AREA_STYLE ('',( #2151 ) ) ;
#3399 =( GEOMETRIC_REPRESENTATION_CONTEXT ( 3 ) GLOBAL_UNCERTAINTY_ASSIGNED_CONTEXT ( ( #694 ) ) GLOBAL_UNIT_ASSIGNED_CONTEXT ( ( #2778, #2026, #3219 ) ) REPRESENTATION_CONTEXT ( 'NONE', 'WORKASPACE' ) );
#3400 = SURFACE_SIDE_STYLE ('',( #909 ) ) ;
#3401 = ORIENTED_EDGE ( 'NONE', *, *, #2215, .T. ) ;
#3402 = PRESENTATION_LAYER_ASSIGNMENT (  '', '', ( #4789 ) ) ;
#3403 = CARTESIAN_POINT ( 'NONE',  ( -0.1834299311225615625, 0.03566562038675384627, 0.02000000000000000042 ) ) ;
#3404 = FILL_AREA_STYLE ('',( #477 ) ) ;
#3405 = MANIFOLD_SOLID_BREP ( 'Ô²½Ç3', #2145 ) ;
#3406 =( LENGTH_UNIT ( ) NAMED_UNIT ( * ) SI_UNIT ( .MILLI., .METRE. ) );
#3407 = MECHANICAL_DESIGN_GEOMETRIC_PRESENTATION_REPRESENTATION (  '', ( #3767 ), #1496 ) ;
#3408 = CARTESIAN_POINT ( 'NONE',  ( 1.000000000000000000, 0.7900000000000003686, 0.0000000000000000000 ) ) ;
#3409 = EDGE_LOOP ( 'NONE', ( #1464, #3947, #2521, #1299 ) ) ;
#3410 =( GEOMETRIC_REPRESENTATION_CONTEXT ( 3 ) GLOBAL_UNCERTAINTY_ASSIGNED_CONTEXT ( ( #4008 ) ) GLOBAL_UNIT_ASSIGNED_CONTEXT ( ( #631, #4696, #3117 ) ) REPRESENTATION_CONTEXT ( 'NONE', 'WORKASPACE' ) );
#3411 = CARTESIAN_POINT ( 'NONE',  ( -0.4099999999999999756, -0.7899999999999994804, -0.02000000000000000042 ) ) ;
#3412 = CARTESIAN_POINT ( 'NONE',  ( 0.07509117154721210718, 0.04896309078360484152, 0.0000000000000000000 ) ) ;
#3413 = CARTESIAN_POINT ( 'NONE',  ( 0.06454797282531471447, 0.04979234376191740696, 0.02000000000000000042 ) ) ;
#3414 = ORIENTED_EDGE ( 'NONE', *, *, #3805, .T. ) ;
#3415 = FILL_AREA_STYLE ('',( #2684 ) ) ;
#3416 = ORIENTED_EDGE ( 'NONE', *, *, #2757, .T. ) ;
#3417 = DIRECTION ( 'NONE',  ( 1.000000000000000000, 0.0000000000000000000, 0.0000000000000000000 ) ) ;
#3418 = FILL_AREA_STYLE ('',( #54 ) ) ;
#3419 = CARTESIAN_POINT ( 'NONE',  ( 0.3999999999999999667, -0.7899999999999994804, -0.02000000000000000042 ) ) ;
#3420 = ORIENTED_EDGE ( 'NONE', *, *, #3256, .T. ) ;
#3421 =( LENGTH_UNIT ( ) NAMED_UNIT ( * ) SI_UNIT ( .MILLI., .METRE. ) );
#3422 = CARTESIAN_POINT ( 'NONE',  ( -0.1172980210134316470, 0.03539954280692854394, 0.0000000000000000000 ) ) ;
#3423 = LINE ( 'NONE', #5074, #3095 ) ;
#3424 = ADVANCED_FACE ( 'NONE', ( #3023 ), #974, .T. ) ;
#3425 = DIRECTION ( 'NONE',  ( -1.000000000000000000, -0.0000000000000000000, -0.0000000000000000000 ) ) ;
#3426 = DIRECTION ( 'NONE',  ( 0.3363908276654490881, -0.9417224702971432881, 0.0000000000000000000 ) ) ;
#3427 = SURFACE_SIDE_STYLE ('',( #3046 ) ) ;
#3428 = VERTEX_POINT ( 'NONE', #4340 ) ;
#3429 = CARTESIAN_POINT ( 'NONE',  ( -0.02971650888200237303, 0.03759722181069789088, 0.0000000000000000000 ) ) ;
#3430 = EDGE_CURVE ( 'NONE', #4786, #1399, #3078, .T. ) ;
#3431 = PRESENTATION_STYLE_ASSIGNMENT (( #3378 ) ) ;
#3432 = ADVANCED_FACE ( 'NONE', ( #4416 ), #1051, .F. ) ;
#3433 = PRESENTATION_STYLE_ASSIGNMENT (( #5115 ) ) ;
#3434 = CARTESIAN_POINT ( 'NONE',  ( 0.008088369166778127534, -0.04045155867710700098, 0.0000000000000000000 ) ) ;
#3435 = CARTESIAN_POINT ( 'NONE',  ( -0.06508236254053897940, 0.03759722181069789088, 0.02000000000000000042 ) ) ;
#3436 = STYLED_ITEM ( 'NONE', ( #4563 ), #1912 ) ;
#3437 = UNCERTAINTY_MEASURE_WITH_UNIT (LENGTH_MEASURE( 1.000000000000000082E-05 ), #1301, 'distance_accuracy_value', 'NONE');
#3438 = FILL_AREA_STYLE ('',( #4908 ) ) ;
#3439 = LINE ( 'NONE', #1769, #590 ) ;
#3440 = COLOUR_RGB ( '',1.000000000000000000, 1.000000000000000000, 1.000000000000000000 ) ;
#3441 = ORIENTED_EDGE ( 'NONE', *, *, #127, .T. ) ;
#3442 =( GEOMETRIC_REPRESENTATION_CONTEXT ( 3 ) GLOBAL_UNCERTAINTY_ASSIGNED_CONTEXT ( ( #2329 ) ) GLOBAL_UNIT_ASSIGNED_CONTEXT ( ( #1597, #1977, #2439 ) ) REPRESENTATION_CONTEXT ( 'NONE', 'WORKASPACE' ) );
#3443 = DIRECTION ( 'NONE',  ( 1.000000000000000000, 0.0000000000000000000, 0.0000000000000000000 ) ) ;
#3444 = CARTESIAN_POINT ( 'NONE',  ( -0.07983083815029506924, 0.03759722181069789088, 0.02000000000000000042 ) ) ;
#3445 =( LENGTH_UNIT ( ) NAMED_UNIT ( * ) SI_UNIT ( .MILLI., .METRE. ) );
#3446 = VECTOR ( 'NONE', #4499, 1000.000000000000000 ) ;
#3447 = EDGE_LOOP ( 'NONE', ( #2589, #645, #874 ) ) ;
#3448 =( NAMED_UNIT ( * ) SI_UNIT ( $, .STERADIAN. ) SOLID_ANGLE_UNIT ( ) );
#3449 = SURFACE_STYLE_FILL_AREA ( #1801 ) ;
#3450 = DIRECTION ( 'NONE',  ( -0.3536223923290756632, 0.9353882635801357148, 0.0000000000000000000 ) ) ;
#3451 = CARTESIAN_POINT ( 'NONE',  ( 0.08975769967044626430, -0.03360161323975825037, 0.02000000000000000042 ) ) ;
#3452 = SURFACE_SIDE_STYLE ('',( #3071 ) ) ;
#3453 =( GEOMETRIC_REPRESENTATION_CONTEXT ( 3 ) GLOBAL_UNCERTAINTY_ASSIGNED_CONTEXT ( ( #1332 ) ) GLOBAL_UNIT_ASSIGNED_CONTEXT ( ( #2786, #4479, #1167 ) ) REPRESENTATION_CONTEXT ( 'NONE', 'WORKASPACE' ) );
#3454 = AXIS2_PLACEMENT_3D ( 'NONE', #125, #4164, #4591 ) ;
#3455 = CARTESIAN_POINT ( 'NONE',  ( -0.1819459296137097282, 0.02936551449362471283, 0.02000000000000000042 ) ) ;
#3456 = CARTESIAN_POINT ( 'NONE',  ( -1.000000000000000000, -0.7899999999999994804, -0.02000000000000000042 ) ) ;
#3457 = ORIENTED_EDGE ( 'NONE', *, *, #1344, .F. ) ;
#3458 = CARTESIAN_POINT ( 'NONE',  ( 0.1083130372835968969, -0.03183725421793539428, 0.01999999999999999695 ) ) ;
#3459 =( GEOMETRIC_REPRESENTATION_CONTEXT ( 3 ) GLOBAL_UNCERTAINTY_ASSIGNED_CONTEXT ( ( #2996 ) ) GLOBAL_UNIT_ASSIGNED_CONTEXT ( ( #2959, #941, #3323 ) ) REPRESENTATION_CONTEXT ( 'NONE', 'WORKASPACE' ) );
#3460 = SURFACE_SIDE_STYLE ('',( #4364 ) ) ;
#3461 = ORIENTED_EDGE ( 'NONE', *, *, #3573, .F. ) ;
#3462 = CARTESIAN_POINT ( 'NONE',  ( -0.1186393302353901252, -0.004982507141324255852, 0.02000000000000000042 ) ) ;
#3463 = LINE ( 'NONE', #2989, #1676 ) ;
#3464 = EDGE_CURVE ( 'NONE', #4064, #139, #2290, .T. ) ;
#3465 = VECTOR ( 'NONE', #2721, 1000.000000000000000 ) ;
#3466 = EDGE_CURVE ( 'NONE', #1648, #408, #4838, .T. ) ;
#3467 = CARTESIAN_POINT ( 'NONE',  ( -0.05166772839419750407, 0.0000000000000000000, 0.02000000000000000042 ) ) ;
#3468 = CARTESIAN_POINT ( 'NONE',  ( 0.08888576559193860083, 0.03029844544178926860, 0.02000000000000000042 ) ) ;
#3469 = ORIENTED_EDGE ( 'NONE', *, *, #2728, .F. ) ;
#3470 = DIRECTION ( 'NONE',  ( 1.000000000000000000, 0.0000000000000000000, 0.0000000000000000000 ) ) ;
#3471 = COLOUR_RGB ( '',1.000000000000000000, 1.000000000000000000, 1.000000000000000000 ) ;
#3472 = ORIENTED_EDGE ( 'NONE', *, *, #4698, .T. ) ;
#3473 = CARTESIAN_POINT ( 'NONE',  ( -0.2297165088820023737, -0.05142716843320455783, 0.0000000000000000000 ) ) ;
#3474 = ORIENTED_EDGE ( 'NONE', *, *, #2728, .T. ) ;
#3475 = FILL_AREA_STYLE ('',( #2632 ) ) ;
#3476 = CARTESIAN_POINT ( 'NONE',  ( -0.1321555332722463005, -0.0001695464819850419041, 0.0000000000000000000 ) ) ;
#3477 = ORIENTED_EDGE ( 'NONE', *, *, #1506, .T. ) ;
#3478 = LINE ( 'NONE', #4303, #3817 ) ;
#3479 = AXIS2_PLACEMENT_3D ( 'NONE', #2673, #4712, #276 ) ;
#3480 = CARTESIAN_POINT ( 'NONE',  ( 0.1098705188972897151, 0.02296328351735666892, 0.02000000000000000389 ) ) ;
#3481 = CARTESIAN_POINT ( 'NONE',  ( 0.05694439448979860680, -0.05180051463374942683, 0.02000000000000000042 ) ) ;
#3482 = VECTOR ( 'NONE', #1776, 1000.000000000000000 ) ;
#3483 = FACE_OUTER_BOUND ( 'NONE', #272, .T. ) ;
#3484 = DIRECTION ( 'NONE',  ( 1.000000000000000000, 0.0000000000000000000, 0.0000000000000000000 ) ) ;
#3485 =( NAMED_UNIT ( * ) SI_UNIT ( $, .STERADIAN. ) SOLID_ANGLE_UNIT ( ) );
#3486 = CARTESIAN_POINT ( 'NONE',  ( 0.0000000000000000000, 0.04857283156679546160, 0.02000000000000000042 ) ) ;
#3487 =( NAMED_UNIT ( * ) SI_UNIT ( $, .STERADIAN. ) SOLID_ANGLE_UNIT ( ) );
#3488 = VERTEX_POINT ( 'NONE', #671 ) ;
#3489 =( GEOMETRIC_REPRESENTATION_CONTEXT ( 3 ) GLOBAL_UNCERTAINTY_ASSIGNED_CONTEXT ( ( #3809 ) ) GLOBAL_UNIT_ASSIGNED_CONTEXT ( ( #1133, #3697, #4834 ) ) REPRESENTATION_CONTEXT ( 'NONE', 'WORKASPACE' ) );
#3490 = CARTESIAN_POINT ( 'NONE',  ( 0.1146791113156732517, -0.01384547478396850641, 0.0000000000000000000 ) ) ;
#3491 = SURFACE_STYLE_FILL_AREA ( #1915 ) ;
#3492 = CARTESIAN_POINT ( 'NONE',  ( 0.9899999999999999911, -0.7899999999999994804, 0.7699999999999999067 ) ) ;
#3493 = CARTESIAN_POINT ( 'NONE',  ( -0.1187408991259047975, -0.0004553696527167494751, 0.0000000000000000000 ) ) ;
#3494 = DIRECTION ( 'NONE',  ( 1.000000000000000000, 0.0000000000000000000, 0.0000000000000000000 ) ) ;
#3495 = VERTEX_POINT ( 'NONE', #4766 ) ;
#3496 = CARTESIAN_POINT ( 'NONE',  ( -0.1906921186380999556, 0.04857283156679546160, 0.0000000000000000000 ) ) ;
#3497 = B_SPLINE_CURVE_WITH_KNOTS ( 'NONE', 3,
 ( #2296, #3923, #2355, #208, #1849, #1488, #3580, #2255, #2681, #2752, #3084, #3160, #654, #4743, #678, #5201, #1899, #1949, #1101 ),
 .UNSPECIFIED., .F., .F.,
 ( 4, 1, 1, 1, 1, 1, 1, 1, 1, 1, 1, 1, 1, 1, 1, 1, 4 ),
 ( 0.0000000000000000000, 0.07430379644281594198, 0.1443936103644179736, 0.2104994961032796985, 0.2735426065034679555, 0.3338247445790732404, 0.3925296724085029498, 0.4500874545995855458, 0.5078206115557879485, 0.5654649127768468508, 0.6231487223336199532, 0.6812971927909358127, 0.7409134981565812517, 0.8018557521958583623, 0.8652412377209435235, 0.9309416570467442531, 1.000000000000000000 ),
 .UNSPECIFIED. ) ;
#3498 = VERTEX_POINT ( 'NONE', #247 ) ;
#3499 = EDGE_CURVE ( 'NONE', #4996, #2595, #1426, .T. ) ;
#3500 = MECHANICAL_DESIGN_GEOMETRIC_PRESENTATION_REPRESENTATION (  '', ( #2708 ), #226 ) ;
#3501 = ORIENTED_EDGE ( 'NONE', *, *, #2891, .F. ) ;
#3502 = MECHANICAL_DESIGN_GEOMETRIC_PRESENTATION_REPRESENTATION (  '', ( #2884 ), #3856 ) ;
#3503 = COLOUR_RGB ( '',1.000000000000000000, 1.000000000000000000, 1.000000000000000000 ) ;
#3504 = ORIENTED_EDGE ( 'NONE', *, *, #4719, .T. ) ;
#3505 = EDGE_CURVE ( 'NONE', #1196, #3622, #3541, .T. ) ;
#3506 = LINE ( 'NONE', #3928, #3731 ) ;
#3507 = CARTESIAN_POINT ( 'NONE',  ( 0.04871327618632094458, 0.04829038940071268826, 0.0000000000000000000 ) ) ;
#3508 = VERTEX_POINT ( 'NONE', #5194 ) ;
#3509 = PLANE ( 'NONE',  #2158 ) ;
#3510 = SURFACE_STYLE_USAGE ( .BOTH. , #4804 ) ;
#3511 = CYLINDRICAL_SURFACE ( 'NONE', #1443, 0.01000000000000002623 ) ;
#3512 = CARTESIAN_POINT ( 'NONE',  ( 0.1239420277033635165, -0.04045155867710700098, 0.0000000000000000000 ) ) ;
#3513 = CARTESIAN_POINT ( 'NONE',  ( 0.07953927403968082122, 0.03610181444497451847, 0.0000000000000000000 ) ) ;
#3514 = CARTESIAN_POINT ( 'NONE',  ( 0.0000000000000000000, 0.004670392542405204725, 0.02000000000000000042 ) ) ;
#3515 = EDGE_LOOP ( 'NONE', ( #3543, #4792, #4960 ) ) ;
#3516 = AXIS2_PLACEMENT_3D ( 'NONE', #524, #4138, #2170 ) ;
#3517 = CARTESIAN_POINT ( 'NONE',  ( -0.0000000000000000000, -0.05142716843320455783, 0.02000000000000000042 ) ) ;
#3518 = DIRECTION ( 'NONE',  ( 1.000000000000000000, 0.0000000000000000000, 0.0000000000000000000 ) ) ;
#3519 = ORIENTED_EDGE ( 'NONE', *, *, #1681, .F. ) ;
#3520 = FILL_AREA_STYLE_COLOUR ( '', #1021 ) ;
#3521 = FILL_AREA_STYLE ('',( #5166 ) ) ;
#3522 = CARTESIAN_POINT ( 'NONE',  ( -0.1080594051631613151, 0.02810079546692825433, 0.02000000000000000042 ) ) ;
#3523 = CARTESIAN_POINT ( 'NONE',  ( -0.02971650888200237303, 0.04857283156679546160, 0.0000000000000000000 ) ) ;
#3524 = CARTESIAN_POINT ( 'NONE',  ( 0.9899999999999999911, 0.0000000000000000000, 0.0000000000000000000 ) ) ;
#3525 = CARTESIAN_POINT ( 'NONE',  ( 0.04367123738511444198, 0.03395765368552570995, 0.0000000000000000000 ) ) ;
#3526 = ORIENTED_EDGE ( 'NONE', *, *, #2100, .F. ) ;
#3527 = LINE ( 'NONE', #2382, #2457 ) ;
#3528 = CARTESIAN_POINT ( 'NONE',  ( 0.9899999999999999911, 0.7900000000000003686, 0.01000000000000002623 ) ) ;
#3529 = VERTEX_POINT ( 'NONE', #1478 ) ;
#3530 = EDGE_CURVE ( 'NONE', #4709, #803, #4018, .T. ) ;
#3531 = EDGE_CURVE ( 'NONE', #165, #2842, #5276, .T. ) ;
#3532 = MECHANICAL_DESIGN_GEOMETRIC_PRESENTATION_REPRESENTATION (  '', ( #254 ), #2661 ) ;
#3533 = AXIS2_PLACEMENT_3D ( 'NONE', #1668, #882, #2523 ) ;
#3534 = AXIS2_PLACEMENT_3D ( 'NONE', #4445, #4045, #322 ) ;
#3535 =( NAMED_UNIT ( * ) PLANE_ANGLE_UNIT ( ) SI_UNIT ( $, .RADIAN. ) );
#3536 = DIRECTION ( 'NONE',  ( 0.0000000000000000000, 0.0000000000000000000, 1.000000000000000000 ) ) ;
#3537 = DIRECTION ( 'NONE',  ( 0.3363908276654490881, -0.9417224702971432881, 0.0000000000000000000 ) ) ;
#3538 = CARTESIAN_POINT ( 'NONE',  ( -0.3999999999999999667, -0.7899999999999994804, -0.02000000000000000042 ) ) ;
#3539 = MECHANICAL_DESIGN_GEOMETRIC_PRESENTATION_REPRESENTATION (  '', ( #2836 ), #1113 ) ;
#3540 = DIRECTION ( 'NONE',  ( 0.0000000000000000000, -0.0000000000000000000, 1.000000000000000000 ) ) ;
#3541 = LINE ( 'NONE', #4388, #3465 ) ;
#3542 = STYLED_ITEM ( 'NONE', ( #2252 ), #1505 ) ;
#3543 = ORIENTED_EDGE ( 'NONE', *, *, #2642, .T. ) ;
#3544 = CARTESIAN_POINT ( 'NONE',  ( -0.1264346666940595887, 0.02418336953154876651, 0.0000000000000000000 ) ) ;
#3545 = SURFACE_SIDE_STYLE ('',( #727 ) ) ;
#3546 = MECHANICAL_DESIGN_GEOMETRIC_PRESENTATION_REPRESENTATION (  '', ( #1982 ), #3282 ) ;
#3547 = CARTESIAN_POINT ( 'NONE',  ( -0.1181488024692278482, 0.008372107518489088629, 0.0000000000000000000 ) ) ;
#3548 = SURFACE_SIDE_STYLE ('',( #2325 ) ) ;
#3549 = ORIENTED_EDGE ( 'NONE', *, *, #5278, .T. ) ;
#3550 = LINE ( 'NONE', #3496, #1277 ) ;
#3551 = ORIENTED_EDGE ( 'NONE', *, *, #167, .T. ) ;
#3552 = STYLED_ITEM ( 'NONE', ( #2480 ), #3325 ) ;
#3553 = FILL_AREA_STYLE ('',( #1032 ) ) ;
#3554 = CARTESIAN_POINT ( 'NONE',  ( -0.1285359573347171769, -0.02111682764777812749, 0.0000000000000000000 ) ) ;
#3555 = VECTOR ( 'NONE', #2473, 1000.000000000000000 ) ;
#3556 = LINE ( 'NONE', #5250, #562 ) ;
#3557 =( NAMED_UNIT ( * ) PLANE_ANGLE_UNIT ( ) SI_UNIT ( $, .RADIAN. ) );
#3558 = CARTESIAN_POINT ( 'NONE',  ( 0.07509117154721210718, 0.04896309078360484152, 0.02000000000000000389 ) ) ;
#3559 = CARTESIAN_POINT ( 'NONE',  ( 0.05778549598126583864, 0.04956369838530930855, 0.0000000000000000000 ) ) ;
#3560 = ORIENTED_EDGE ( 'NONE', *, *, #2792, .T. ) ;
#3561 = SURFACE_STYLE_USAGE ( .BOTH. , #4432 ) ;
#3562 =( GEOMETRIC_REPRESENTATION_CONTEXT ( 3 ) GLOBAL_UNCERTAINTY_ASSIGNED_CONTEXT ( ( #1741 ) ) GLOBAL_UNIT_ASSIGNED_CONTEXT ( ( #2187, #940, #453 ) ) REPRESENTATION_CONTEXT ( 'NONE', 'WORKASPACE' ) );
#3563 = PRESENTATION_STYLE_ASSIGNMENT (( #3908 ) ) ;
#3564 = FILL_AREA_STYLE ('',( #1421 ) ) ;
#3565 = EDGE_CURVE ( 'NONE', #172, #2676, #3626, .T. ) ;
#3566 = EDGE_CURVE ( 'NONE', #776, #309, #320, .T. ) ;
#3567 = CARTESIAN_POINT ( 'NONE',  ( -0.9899999999999999911, -0.7899999999999994804, 0.0000000000000000000 ) ) ;
#3568 = ORIENTED_EDGE ( 'NONE', *, *, #1681, .T. ) ;
#3569 = UNCERTAINTY_MEASURE_WITH_UNIT (LENGTH_MEASURE( 1.000000000000000082E-05 ), #1334, 'distance_accuracy_value', 'NONE');
#3570 = CARTESIAN_POINT ( 'NONE',  ( 0.1027267940877958918, -0.03917093340579921867, 0.01999999999999999695 ) ) ;
#3571 = SURFACE_SIDE_STYLE ('',( #3491 ) ) ;
#3572 =( NAMED_UNIT ( * ) SI_UNIT ( $, .STERADIAN. ) SOLID_ANGLE_UNIT ( ) );
#3573 = EDGE_CURVE ( 'NONE', #129, #747, #723, .T. ) ;
#3574 = SURFACE_STYLE_FILL_AREA ( #1070 ) ;
#3575 = MECHANICAL_DESIGN_GEOMETRIC_PRESENTATION_REPRESENTATION (  '', ( #4186 ), #5036 ) ;
#3576 = DIRECTION ( 'NONE',  ( 1.000000000000000000, 0.0000000000000000000, 0.0000000000000000000 ) ) ;
#3577 = SURFACE_SIDE_STYLE ('',( #4448 ) ) ;
#3578 = LINE ( 'NONE', #5148, #4825 ) ;
#3579 = SURFACE_STYLE_FILL_AREA ( #731 ) ;
#3580 = CARTESIAN_POINT ( 'NONE',  ( -0.1146300698612278679, 0.01957611370772588053, 0.0000000000000000000 ) ) ;
#3581 = ORIENTED_EDGE ( 'NONE', *, *, #5123, .T. ) ;
#3582 = UNCERTAINTY_MEASURE_WITH_UNIT (LENGTH_MEASURE( 1.000000000000000082E-05 ), #1170, 'distance_accuracy_value', 'NONE');
#3583 =( GEOMETRIC_REPRESENTATION_CONTEXT ( 3 ) GLOBAL_UNCERTAINTY_ASSIGNED_CONTEXT ( ( #5232 ) ) GLOBAL_UNIT_ASSIGNED_CONTEXT ( ( #3406, #837, #2458 ) ) REPRESENTATION_CONTEXT ( 'NONE', 'WORKASPACE' ) );
#3584 = CARTESIAN_POINT ( 'NONE',  ( -0.1394726064429779866, -0.05142716843320455783, 0.0000000000000000000 ) ) ;
#3585 = SURFACE_STYLE_FILL_AREA ( #4680 ) ;
#3586 = DIRECTION ( 'NONE',  ( 1.000000000000000000, 0.0000000000000000000, 0.0000000000000000000 ) ) ;
#3587 = AXIS2_PLACEMENT_3D ( 'NONE', #4426, #4705, #1537 ) ;
#3588 =( NAMED_UNIT ( * ) PLANE_ANGLE_UNIT ( ) SI_UNIT ( $, .RADIAN. ) );
#3589 = SURFACE_STYLE_USAGE ( .BOTH. , #1116 ) ;
#3590 = ORIENTED_EDGE ( 'NONE', *, *, #4957, .T. ) ;
#3591 = PRESENTATION_LAYER_ASSIGNMENT (  '', '', ( #3772 ) ) ;
#3592 = DIRECTION ( 'NONE',  ( -1.000000000000000000, 0.0000000000000000000, 0.0000000000000000000 ) ) ;
#3593 = PLANE ( 'NONE',  #3984 ) ;
#3594 = CARTESIAN_POINT ( 'NONE',  ( 0.09945782306751048407, 0.01451547923959794172, 0.0000000000000000000 ) ) ;
#3595 = DIRECTION ( 'NONE',  ( 6.776263578034403945E-17, 1.000000000000000000, -0.0000000000000000000 ) ) ;
#3596 = VERTEX_POINT ( 'NONE', #4043 ) ;
#3597 = EDGE_CURVE ( 'NONE', #4880, #5054, #871, .T. ) ;
#3598 = FACE_OUTER_BOUND ( 'NONE', #3338, .T. ) ;
#3599 = CARTESIAN_POINT ( 'NONE',  ( 0.05694439448979860680, -0.05180051463374942683, 0.02000000000000000042 ) ) ;
#3600 = DIRECTION ( 'NONE',  ( 2.710505431213761578E-16, -1.000000000000000000, 0.0000000000000000000 ) ) ;
#3601 = CARTESIAN_POINT ( 'NONE',  ( -0.07988800278444142811, 0.04857283156679546160, 0.02000000000000000042 ) ) ;
#3602 = LINE ( 'NONE', #5241, #4541 ) ;
#3603 = EDGE_CURVE ( 'NONE', #1203, #880, #1555, .T. ) ;
#3604 = CARTESIAN_POINT ( 'NONE',  ( 0.1057056292512909695, -0.03564792269969140059, 0.02000000000000000042 ) ) ;
#3605 = EDGE_CURVE ( 'NONE', #1908, #3488, #4467, .T. ) ;
#3606 = CARTESIAN_POINT ( 'NONE',  ( 0.4100000000000000866, 0.8000000000000003775, -0.02000000000000000042 ) ) ;
#3607 = DIRECTION ( 'NONE',  ( 0.0000000000000000000, 1.000000000000000000, 0.0000000000000000000 ) ) ;
#3608 = FILL_AREA_STYLE_COLOUR ( '', #3141 ) ;
#3609 = CARTESIAN_POINT ( 'NONE',  ( 0.04101519843507079460, 0.0000000000000000000, 0.02000000000000000042 ) ) ;
#3610 = DIRECTION ( 'NONE',  ( 0.0000000000000000000, -1.000000000000000000, 0.0000000000000000000 ) ) ;
#3611 = ORIENTED_EDGE ( 'NONE', *, *, #4132, .T. ) ;
#3612 = LINE ( 'NONE', #3223, #56 ) ;
#3613 = FILL_AREA_STYLE ('',( #5339 ) ) ;
#3614 = CARTESIAN_POINT ( 'NONE',  ( -0.1820970720066905080, 0.02982130229430093177, 0.02000000000000000042 ) ) ;
#3615 =( GEOMETRIC_REPRESENTATION_CONTEXT ( 3 ) GLOBAL_UNCERTAINTY_ASSIGNED_CONTEXT ( ( #2574 ) ) GLOBAL_UNIT_ASSIGNED_CONTEXT ( ( #632, #2657, #3926 ) ) REPRESENTATION_CONTEXT ( 'NONE', 'WORKASPACE' ) );
#3616 = UNCERTAINTY_MEASURE_WITH_UNIT (LENGTH_MEASURE( 1.000000000000000082E-05 ), #3383, 'distance_accuracy_value', 'NONE');
#3617 =( NAMED_UNIT ( * ) SI_UNIT ( $, .STERADIAN. ) SOLID_ANGLE_UNIT ( ) );
#3618 = UNCERTAINTY_MEASURE_WITH_UNIT (LENGTH_MEASURE( 1.000000000000000082E-05 ), #3925, 'distance_accuracy_value', 'NONE');
#3619 = SURFACE_STYLE_FILL_AREA ( #2364 ) ;
#3620 = CARTESIAN_POINT ( 'NONE',  ( 0.9899999999999999911, 0.7900000000000003686, -0.02000000000000000042 ) ) ;
#3621 = FILL_AREA_STYLE_COLOUR ( '', #5094 ) ;
#3622 = VERTEX_POINT ( 'NONE', #4490 ) ;
#3623 = AXIS2_PLACEMENT_3D ( 'NONE', #2557, #2938, #4606 ) ;
#3624 = DIRECTION ( 'NONE',  ( 6.776263578034403945E-17, 1.000000000000000000, -0.0000000000000000000 ) ) ;
#3625 = ORIENTED_EDGE ( 'NONE', *, *, #1015, .T. ) ;
#3626 = B_SPLINE_CURVE_WITH_KNOTS ( 'NONE', 3,
 ( #5240, #298, #4829, #2800, #4946, #1173, #4070, #779, #5296, #3262, #2348, #3290, #1944, #396, #1522, #1227, #1130, #4886, #2771 ),
 .UNSPECIFIED., .F., .F.,
 ( 4, 1, 1, 1, 1, 1, 1, 1, 1, 1, 1, 1, 1, 1, 1, 1, 4 ),
 ( 0.0000000000000000000, 0.07377411937406361253, 0.1440791147260413740, 0.2113485183089115760, 0.2760768857398838705, 0.3385209158196766932, 0.3998851166931336465, 0.4602540674652131902, 0.5205889643912480214, 0.5802076845630442792, 0.6386329085525459526, 0.6963645494905239541, 0.7540017746600128357, 0.8128056813744979348, 0.8727544255255602623, 0.9351819969782670938, 1.000000000000000000 ),
 .UNSPECIFIED. ) ;
#3627 = MECHANICAL_DESIGN_GEOMETRIC_PRESENTATION_REPRESENTATION (  '', ( #3896 ), #1711 ) ;
#3628 = CARTESIAN_POINT ( 'NONE',  ( -0.4100000000000000866, 0.7900000000000003686, -0.02000000000000000042 ) ) ;
#3629 = AXIS2_PLACEMENT_3D ( 'NONE', #3066, #3901, #5178 ) ;
#3630 = VECTOR ( 'NONE', #4281, 1000.000000000000000 ) ;
#3631 = DIRECTION ( 'NONE',  ( 0.0000000000000000000, 0.0000000000000000000, 1.000000000000000000 ) ) ;
#3632 = FILL_AREA_STYLE ('',( #1963 ) ) ;
#3633 = MECHANICAL_DESIGN_GEOMETRIC_PRESENTATION_REPRESENTATION (  '', ( #1893 ), #256 ) ;
#3634 = CARTESIAN_POINT ( 'NONE',  ( -0.1056163933129004306, -0.03244685529915954797, 0.0000000000000000000 ) ) ;
#3635 = CARTESIAN_POINT ( 'NONE',  ( -0.06508236254053897940, -0.04045155867710700098, 0.0000000000000000000 ) ) ;
#3636 = CLOSED_SHELL ( 'NONE', ( #519, #2559, #3643, #3295, #2302, #2274, #1272, #1845, #1265, #1874 ) ) ;
#3637 = CARTESIAN_POINT ( 'NONE',  ( 0.04190323699784667677, 0.03293031228057750198, 0.02000000000000000042 ) ) ;
#3638 = CARTESIAN_POINT ( 'NONE',  ( -0.1161373228972353566, 0.01613067971296911970, 0.02000000000000000042 ) ) ;
#3639 =( GEOMETRIC_REPRESENTATION_CONTEXT ( 3 ) GLOBAL_UNCERTAINTY_ASSIGNED_CONTEXT ( ( #1080 ) ) GLOBAL_UNIT_ASSIGNED_CONTEXT ( ( #4907, #4941, #745 ) ) REPRESENTATION_CONTEXT ( 'NONE', 'WORKASPACE' ) );
#3640 = FILL_AREA_STYLE ('',( #1999 ) ) ;
#3641 =( NAMED_UNIT ( * ) PLANE_ANGLE_UNIT ( ) SI_UNIT ( $, .RADIAN. ) );
#3642 = EDGE_CURVE ( 'NONE', #1868, #216, #4593, .T. ) ;
#3643 = ADVANCED_FACE ( 'NONE', ( #350 ), #2423, .F. ) ;
#3644 = COLOUR_RGB ( '',1.000000000000000000, 0.5019607843137254832, 0.0000000000000000000 ) ;
#3645 = AXIS2_PLACEMENT_3D ( 'NONE', #581, #4351, #1417 ) ;
#3646 =( NAMED_UNIT ( * ) SI_UNIT ( $, .STERADIAN. ) SOLID_ANGLE_UNIT ( ) );
#3647 = SURFACE_SIDE_STYLE ('',( #813 ) ) ;
#3648 = CIRCLE ( 'NONE', #1467, 0.01000000000000002623 ) ;
#3649 = DIRECTION ( 'NONE',  ( -1.000000000000000000, 0.0000000000000000000, 0.0000000000000000000 ) ) ;
#3650 = CARTESIAN_POINT ( 'NONE',  ( 0.06454797282531471447, 0.04979234376191740696, 0.02000000000000000389 ) ) ;
#3651 = ORIENTED_EDGE ( 'NONE', *, *, #5215, .F. ) ;
#3652 =( GEOMETRIC_REPRESENTATION_CONTEXT ( 3 ) GLOBAL_UNCERTAINTY_ASSIGNED_CONTEXT ( ( #523 ) ) GLOBAL_UNIT_ASSIGNED_CONTEXT ( ( #1450, #1069, #3940 ) ) REPRESENTATION_CONTEXT ( 'NONE', 'WORKASPACE' ) );
#3653 = FILL_AREA_STYLE_COLOUR ( '', #1118 ) ;
#3654 = CARTESIAN_POINT ( 'NONE',  ( 0.09657084626093621893, -0.02535782694061571724, 0.0000000000000000000 ) ) ;
#3655 =( NAMED_UNIT ( * ) SI_UNIT ( $, .STERADIAN. ) SOLID_ANGLE_UNIT ( ) );
#3656 = CARTESIAN_POINT ( 'NONE',  ( 0.04871327618632094458, 0.04829038940071268826, 0.0000000000000000000 ) ) ;
#3657 = CARTESIAN_POINT ( 'NONE',  ( 0.09579619742146612549, -0.04511713704711234341, 0.0000000000000000000 ) ) ;
#3658 = VERTEX_POINT ( 'NONE', #107 ) ;
#3659 = SURFACE_SIDE_STYLE ('',( #3232 ) ) ;
#3660 = DIRECTION ( 'NONE',  ( 0.0000000000000000000, 1.000000000000000000, 0.0000000000000000000 ) ) ;
#3661 = ORIENTED_EDGE ( 'NONE', *, *, #70, .F. ) ;
#3662 =( GEOMETRIC_REPRESENTATION_CONTEXT ( 3 ) GLOBAL_UNCERTAINTY_ASSIGNED_CONTEXT ( ( #119 ) ) GLOBAL_UNIT_ASSIGNED_CONTEXT ( ( #3342, #1996, #5102 ) ) REPRESENTATION_CONTEXT ( 'NONE', 'WORKASPACE' ) );
#3663 = CARTESIAN_POINT ( 'NONE',  ( 0.06453606230644831632, -0.05259983327356741734, 0.0000000000000000000 ) ) ;
#3664 = SURFACE_STYLE_FILL_AREA ( #1993 ) ;
#3665 = CARTESIAN_POINT ( 'NONE',  ( -0.1832096484499702027, 0.03432042463813686495, 0.0000000000000000000 ) ) ;
#3666 =( NAMED_UNIT ( * ) PLANE_ANGLE_UNIT ( ) SI_UNIT ( $, .RADIAN. ) );
#3667 = B_SPLINE_CURVE_WITH_KNOTS ( 'NONE', 3,
 ( #592, #2584, #2982, #5108, #4733, #4255, #1837, #1045, #2647, #969, #3019 ),
 .UNSPECIFIED., .F., .F.,
 ( 4, 1, 1, 1, 1, 1, 1, 1, 4 ),
 ( 0.0000000000000000000, 0.1352946047634290272, 0.2667656579247485449, 0.3948160188358720846, 0.5200516544342452807, 0.6421757029708213826, 0.7626518205584228438, 0.8818340043805019679, 1.000000000000000000 ),
 .UNSPECIFIED. ) ;
#3668 = CARTESIAN_POINT ( 'NONE',  ( -0.08078500356403769955, -0.04041898778542807324, 0.02000000000000000042 ) ) ;
#3669 = ORIENTED_EDGE ( 'NONE', *, *, #64, .F. ) ;
#3670 = MECHANICAL_DESIGN_GEOMETRIC_PRESENTATION_REPRESENTATION (  '', ( #629 ), #4440 ) ;
#3671 = CARTESIAN_POINT ( 'NONE',  ( 0.06443364355702201063, 0.03881673400581983624, 0.02000000000000000042 ) ) ;
#3672 = SURFACE_SIDE_STYLE ('',( #1561 ) ) ;
#3673 = STYLED_ITEM ( 'NONE', ( #2309 ), #2365 ) ;
#3674 = CYLINDRICAL_SURFACE ( 'NONE', #98, 0.01000000000000002623 ) ;
#3675 = MECHANICAL_DESIGN_GEOMETRIC_PRESENTATION_REPRESENTATION (  '', ( #1315 ), #881 ) ;
#3676 = LINE ( 'NONE', #2110, #3187 ) ;
#3677 = EDGE_CURVE ( 'NONE', #3622, #4522, #4196, .T. ) ;
#3678 = CYLINDRICAL_SURFACE ( 'NONE', #4873, 0.01000000000000002623 ) ;
#3679 = MECHANICAL_DESIGN_GEOMETRIC_PRESENTATION_REPRESENTATION (  '', ( #1494 ), #2281 ) ;
#3680 = SURFACE_STYLE_USAGE ( .BOTH. , #1928 ) ;
#3681 = CARTESIAN_POINT ( 'NONE',  ( 0.09343212865948773149, 0.04164717381839320304, 0.0000000000000000000 ) ) ;
#3682 = FACE_OUTER_BOUND ( 'NONE', #3347, .T. ) ;
#3683 =( GEOMETRIC_REPRESENTATION_CONTEXT ( 3 ) GLOBAL_UNCERTAINTY_ASSIGNED_CONTEXT ( ( #3169 ) ) GLOBAL_UNIT_ASSIGNED_CONTEXT ( ( #1815, #1785, #598 ) ) REPRESENTATION_CONTEXT ( 'NONE', 'WORKASPACE' ) );
#3684 = EDGE_CURVE ( 'NONE', #4573, #1551, #1752, .T. ) ;
#3685 = CARTESIAN_POINT ( 'NONE',  ( -0.1172980210134316470, 0.03539954280692854394, 0.02000000000000000042 ) ) ;
#3686 = CARTESIAN_POINT ( 'NONE',  ( -1.000000000000000000, -0.7999999999999994893, -0.02000000000000000042 ) ) ;
#3687 = ORIENTED_EDGE ( 'NONE', *, *, #1506, .F. ) ;
#3688 = AXIS2_PLACEMENT_3D ( 'NONE', #5269, #2426, #5300 ) ;
#3689 = CARTESIAN_POINT ( 'NONE',  ( 0.06454797282531471447, 0.04979234376191740696, 0.0000000000000000000 ) ) ;
#3690 = ORIENTED_EDGE ( 'NONE', *, *, #4956, .F. ) ;
#3691 = UNCERTAINTY_MEASURE_WITH_UNIT (LENGTH_MEASURE( 1.000000000000000082E-05 ), #2804, 'distance_accuracy_value', 'NONE');
#3692 = PLANE ( 'NONE',  #4754 ) ;
#3693 = CARTESIAN_POINT ( 'NONE',  ( -0.08403338332136056632, 0.03751074822786780449, 0.02000000000000000042 ) ) ;
#3694 = PRESENTATION_STYLE_ASSIGNMENT (( #2018 ) ) ;
#3695 = CARTESIAN_POINT ( 'NONE',  ( -0.09203973886711298846, -0.03904060862152602257, 0.02000000000000000042 ) ) ;
#3696 = ORIENTED_EDGE ( 'NONE', *, *, #3566, .F. ) ;
#3697 =( NAMED_UNIT ( * ) PLANE_ANGLE_UNIT ( ) SI_UNIT ( $, .RADIAN. ) );
#3698 = SURFACE_STYLE_USAGE ( .BOTH. , #5331 ) ;
#3699 =( NAMED_UNIT ( * ) PLANE_ANGLE_UNIT ( ) SI_UNIT ( $, .RADIAN. ) );
#3700 = FILL_AREA_STYLE ('',( #4525 ) ) ;
#3701 = FACE_OUTER_BOUND ( 'NONE', #851, .T. ) ;
#3702 = DIRECTION ( 'NONE',  ( -0.0000000000000000000, -0.0000000000000000000, -1.000000000000000000 ) ) ;
#3703 = CARTESIAN_POINT ( 'NONE',  ( 0.4000000000000000777, 0.7900000000000003686, 0.0000000000000000000 ) ) ;
#3704 = VERTEX_POINT ( 'NONE', #3745 ) ;
#3705 = CARTESIAN_POINT ( 'NONE',  ( -0.07885903936980724616, -0.05142716843320455783, 0.0000000000000000000 ) ) ;
#3706 =( LENGTH_UNIT ( ) NAMED_UNIT ( * ) SI_UNIT ( .MILLI., .METRE. ) );
#3707 = CARTESIAN_POINT ( 'NONE',  ( -0.08800805235292732953, -0.03985086807317231999, 0.0000000000000000000 ) ) ;
#3708 = VERTEX_POINT ( 'NONE', #4569 ) ;
#3709 = EDGE_CURVE ( 'NONE', #2925, #2418, #1366, .T. ) ;
#3710 = EDGE_CURVE ( 'NONE', #408, #229, #5075, .T. ) ;
#3711 = LINE ( 'NONE', #2767, #259 ) ;
#3712 = PLANE ( 'NONE',  #3516 ) ;
#3713 = EDGE_LOOP ( 'NONE', ( #1848, #5100, #3052, #3344 ) ) ;
#3714 = MECHANICAL_DESIGN_GEOMETRIC_PRESENTATION_REPRESENTATION (  '', ( #923 ), #2658 ) ;
#3715 = FILL_AREA_STYLE_COLOUR ( '', #1287 ) ;
#3716 = CARTESIAN_POINT ( 'NONE',  ( 0.9899999999999999911, 0.7900000000000003686, 0.7699999999999999067 ) ) ;
#3717 =( NAMED_UNIT ( * ) SI_UNIT ( $, .STERADIAN. ) SOLID_ANGLE_UNIT ( ) );
#3718 = CARTESIAN_POINT ( 'NONE',  ( -0.1301573335207260040, -0.01628354916390075888, 0.0000000000000000000 ) ) ;
#3719 = CARTESIAN_POINT ( 'NONE',  ( -0.1083532327981670401, -0.02997934922794803433, 0.02000000000000000042 ) ) ;
#3720 =( NAMED_UNIT ( * ) SI_UNIT ( $, .STERADIAN. ) SOLID_ANGLE_UNIT ( ) );
#3721 = CARTESIAN_POINT ( 'NONE',  ( 0.06844590381849109673, 0.03873046306463539395, 0.0000000000000000000 ) ) ;
#3722 = ORIENTED_EDGE ( 'NONE', *, *, #3330, .T. ) ;
#3723 = VECTOR ( 'NONE', #1011, 1000.000000000000000 ) ;
#3724 = VECTOR ( 'NONE', #1165, 1000.000000000000000 ) ;
#3725 = CARTESIAN_POINT ( 'NONE',  ( -0.0000000000000000000, -0.04045155867710700098, 0.02000000000000000042 ) ) ;
#3726 = COLOUR_RGB ( '',1.000000000000000000, 1.000000000000000000, 1.000000000000000000 ) ;
#3727 = PRESENTATION_LAYER_ASSIGNMENT (  '', '', ( #859 ) ) ;
#3728 = DIRECTION ( 'NONE',  ( -1.000000000000000000, 0.0000000000000000000, 0.0000000000000000000 ) ) ;
#3729 = SURFACE_STYLE_USAGE ( .BOTH. , #3647 ) ;
#3730 = COLOUR_RGB ( '',1.000000000000000000, 1.000000000000000000, 1.000000000000000000 ) ;
#3731 = VECTOR ( 'NONE', #1395, 1000.000000000000000 ) ;
#3732 = DIRECTION ( 'NONE',  ( 1.000000000000000000, 0.0000000000000000000, 0.0000000000000000000 ) ) ;
#3733 = ORIENTED_EDGE ( 'NONE', *, *, #385, .F. ) ;
#3734 = CARTESIAN_POINT ( 'NONE',  ( 0.06547457711020247817, -0.04165521681748689947, 0.02000000000000000042 ) ) ;
#3735 = UNCERTAINTY_MEASURE_WITH_UNIT (LENGTH_MEASURE( 1.000000000000000082E-05 ), #2410, 'distance_accuracy_value', 'NONE');
#3736 = CARTESIAN_POINT ( 'NONE',  ( -0.1285306891231683679, 0.01985321574621801491, 0.02000000000000000042 ) ) ;
#3737 = PRESENTATION_STYLE_ASSIGNMENT (( #821 ) ) ;
#3738 = LINE ( 'NONE', #313, #188 ) ;
#3739 = VERTEX_POINT ( 'NONE', #4624 ) ;
#3740 = COLOUR_RGB ( '',0.2509803921568627416, 0.2509803921568627416, 0.2509803921568627416 ) ;
#3741 = VERTEX_POINT ( 'NONE', #1256 ) ;
#3742 = CARTESIAN_POINT ( 'NONE',  ( 0.05219405201708170877, 0.03724534652851265587, 0.02000000000000000042 ) ) ;
#3743 = CARTESIAN_POINT ( 'NONE',  ( 0.4099999999999999756, -0.7899999999999994804, 0.0000000000000000000 ) ) ;
#3744 = EDGE_CURVE ( 'NONE', #5054, #902, #4343, .T. ) ;
#3745 = CARTESIAN_POINT ( 'NONE',  ( -1.000000000000000000, 0.7900000000000003686, 0.0000000000000000000 ) ) ;
#3746 = CARTESIAN_POINT ( 'NONE',  ( -0.1824237855702755540, 0.03080654577007748904, 0.0000000000000000000 ) ) ;
#3747 = CARTESIAN_POINT ( 'NONE',  ( -0.09933242882829983189, -0.03640099706804591356, 0.0000000000000000000 ) ) ;
#3748 = FILL_AREA_STYLE_COLOUR ( '', #4536 ) ;
#3749 = ORIENTED_EDGE ( 'NONE', *, *, #3196, .T. ) ;
#3750 = CARTESIAN_POINT ( 'NONE',  ( 0.06796678666789982004, -0.04163796106384061446, 0.02000000000000000042 ) ) ;
#3751 =( NAMED_UNIT ( * ) SI_UNIT ( $, .STERADIAN. ) SOLID_ANGLE_UNIT ( ) );
#3752 = EDGE_CURVE ( 'NONE', #2418, #2119, #534, .T. ) ;
#3753 = ORIENTED_EDGE ( 'NONE', *, *, #239, .F. ) ;
#3754 = PRESENTATION_LAYER_ASSIGNMENT (  '', '', ( #710 ) ) ;
#3755 = CARTESIAN_POINT ( 'NONE',  ( -0.02727748449175848230, -0.006305217213692360795, 0.02000000000000000042 ) ) ;
#3756 = VECTOR ( 'NONE', #1448, 1000.000000000000000 ) ;
#3757 = FACE_OUTER_BOUND ( 'NONE', #2223, .T. ) ;
#3758 = ORIENTED_EDGE ( 'NONE', *, *, #300, .F. ) ;
#3759 = SURFACE_STYLE_USAGE ( .BOTH. , #2113 ) ;
#3760 = CARTESIAN_POINT ( 'NONE',  ( -0.06508236254053897940, 0.03759722181069789088, 0.0000000000000000000 ) ) ;
#3761 = DIRECTION ( 'NONE',  ( -1.000000000000000000, -0.0000000000000000000, -0.0000000000000000000 ) ) ;
#3762 =( LENGTH_UNIT ( ) NAMED_UNIT ( * ) SI_UNIT ( .MILLI., .METRE. ) );
#3763 = FACE_OUTER_BOUND ( 'NONE', #1987, .T. ) ;
#3764 = ORIENTED_EDGE ( 'NONE', *, *, #4204, .F. ) ;
#3765 = DIRECTION ( 'NONE',  ( -1.000000000000000000, 0.0000000000000000000, 0.0000000000000000000 ) ) ;
#3766 = PLANE ( 'NONE',  #4001 ) ;
#3767 = STYLED_ITEM ( 'NONE', ( #2286 ), #5080 ) ;
#3768 = CARTESIAN_POINT ( 'NONE',  ( 0.08702612387646217751, -0.03577395927201010295, 0.02000000000000000042 ) ) ;
#3769 = CARTESIAN_POINT ( 'NONE',  ( 0.06844590381849109673, 0.03873046306463539395, 0.02000000000000000042 ) ) ;
#3770 = EDGE_LOOP ( 'NONE', ( #540, #2022, #3758, #4595 ) ) ;
#3771 = ADVANCED_FACE ( 'NONE', ( #420 ), #2550, .F. ) ;
#3772 = STYLED_ITEM ( 'NONE', ( #3356 ), #4399 ) ;
#3773 = SURFACE_SIDE_STYLE ('',( #2105 ) ) ;
#3774 = DIRECTION ( 'NONE',  ( 0.0000000000000000000, 0.0000000000000000000, -1.000000000000000000 ) ) ;
#3775 = ORIENTED_EDGE ( 'NONE', *, *, #2298, .T. ) ;
#3776 = SURFACE_STYLE_FILL_AREA ( #4208 ) ;
#3777 = EDGE_CURVE ( 'NONE', #529, #5054, #4647, .T. ) ;
#3778 = ADVANCED_FACE ( 'NONE', ( #3791 ), #3766, .F. ) ;
#3779 = CARTESIAN_POINT ( 'NONE',  ( -1.000000000000000000, 0.7900000000000003686, 0.7800000000000000266 ) ) ;
#3780 = PLANE ( 'NONE',  #2144 ) ;
#3781 = CARTESIAN_POINT ( 'NONE',  ( 0.1239420277033635165, 0.0000000000000000000, 0.02000000000000000042 ) ) ;
#3782 = ORIENTED_EDGE ( 'NONE', *, *, #3980, .F. ) ;
#3783 = AXIS2_PLACEMENT_3D ( 'NONE', #2021, #1096, #1644 ) ;
#3784 = CARTESIAN_POINT ( 'NONE',  ( 0.05958243107669197042, -0.04130315926347703781, 0.02000000000000000042 ) ) ;
#3785 = B_SPLINE_CURVE_WITH_KNOTS ( 'NONE', 3,
 ( #1238, #4153, #44, #2887, #1263, #2939, #868 ),
 .UNSPECIFIED., .F., .F.,
 ( 4, 1, 1, 1, 4 ),
 ( 0.0000000000000000000, 0.1744817153170503676, 0.3982857591281118714, 0.6738978473986658724, 0.9999999999999998890 ),
 .UNSPECIFIED. ) ;
#3786 = DIRECTION ( 'NONE',  ( -0.0000000000000000000, 0.0000000000000000000, 1.000000000000000000 ) ) ;
#3787 = ORIENTED_EDGE ( 'NONE', *, *, #4163, .F. ) ;
#3788 = EDGE_LOOP ( 'NONE', ( #2141, #3960, #3651, #3687 ) ) ;
#3789 = PRESENTATION_STYLE_ASSIGNMENT (( #2644 ) ) ;
#3790 =( NAMED_UNIT ( * ) SI_UNIT ( $, .STERADIAN. ) SOLID_ANGLE_UNIT ( ) );
#3791 = FACE_OUTER_BOUND ( 'NONE', #2268, .T. ) ;
#3792 = CARTESIAN_POINT ( 'NONE',  ( -0.07927824668688041032, -0.04045155867710700098, 0.0000000000000000000 ) ) ;
#3793 = CARTESIAN_POINT ( 'NONE',  ( 0.08888576559193860083, 0.03029844544178926860, 0.02000000000000000042 ) ) ;
#3794 = ORIENTED_EDGE ( 'NONE', *, *, #4204, .T. ) ;
#3795 = CARTESIAN_POINT ( 'NONE',  ( 0.06454797282531471447, 0.04979234376191740696, 0.0000000000000000000 ) ) ;
#3796 = CARTESIAN_POINT ( 'NONE',  ( 0.9899999999999999911, 0.7900000000000003686, 0.01000000000000000021 ) ) ;
#3797 = SURFACE_STYLE_FILL_AREA ( #3404 ) ;
#3798 = CARTESIAN_POINT ( 'NONE',  ( -0.1083532327981670401, -0.02997934922794803433, 0.02000000000000000042 ) ) ;
#3799 = MECHANICAL_DESIGN_GEOMETRIC_PRESENTATION_REPRESENTATION (  '', ( #4484 ), #1449 ) ;
#3800 =( NAMED_UNIT ( * ) PLANE_ANGLE_UNIT ( ) SI_UNIT ( $, .RADIAN. ) );
#3801 = CARTESIAN_POINT ( 'NONE',  ( 0.08284951708636077716, 0.03451641141045499322, 0.02000000000000000042 ) ) ;
#3802 = DIRECTION ( 'NONE',  ( -1.000000000000000000, 0.0000000000000000000, 0.0000000000000000000 ) ) ;
#3803 = EDGE_CURVE ( 'NONE', #3596, #4064, #1400, .T. ) ;
#3804 = ORIENTED_EDGE ( 'NONE', *, *, #1808, .T. ) ;
#3805 = EDGE_CURVE ( 'NONE', #3131, #2064, #4382, .T. ) ;
#3806 = AXIS2_PLACEMENT_3D ( 'NONE', #2057, #899, #3732 ) ;
#3807 = PRESENTATION_LAYER_ASSIGNMENT (  '', '', ( #769 ) ) ;
#3808 = MECHANICAL_DESIGN_GEOMETRIC_PRESENTATION_REPRESENTATION (  '', ( #2249 ), #3639 ) ;
#3809 = UNCERTAINTY_MEASURE_WITH_UNIT (LENGTH_MEASURE( 1.000000000000000082E-05 ), #1133, 'distance_accuracy_value', 'NONE');
#3810 = ORIENTED_EDGE ( 'NONE', *, *, #300, .T. ) ;
#3811 = AXIS2_PLACEMENT_3D ( 'NONE', #3296, #358, #4867 ) ;
#3812 = CARTESIAN_POINT ( 'NONE',  ( 0.06309361926079323779, -0.04162395675836307735, 0.02000000000000000042 ) ) ;
#3813 = ORIENTED_EDGE ( 'NONE', *, *, #843, .F. ) ;
#3814 = MECHANICAL_DESIGN_GEOMETRIC_PRESENTATION_REPRESENTATION (  '', ( #2156 ), #2411 ) ;
#3815 = ORIENTED_EDGE ( 'NONE', *, *, #3803, .F. ) ;
#3816 = PRESENTATION_LAYER_ASSIGNMENT (  '', '', ( #3112 ) ) ;
#3817 = VECTOR ( 'NONE', #3900, 1000.000000000000000 ) ;
#3818 = FILL_AREA_STYLE_COLOUR ( '', #1839 ) ;
#3819 = CARTESIAN_POINT ( 'NONE',  ( 0.05819045005052256303, 0.03844512424191864203, 0.02000000000000000042 ) ) ;
#3820 = DIRECTION ( 'NONE',  ( 0.0000000000000000000, 0.0000000000000000000, 1.000000000000000000 ) ) ;
#3821 = CARTESIAN_POINT ( 'NONE',  ( -0.1840091418968759218, 0.03560897221847657973, 0.02000000000000000042 ) ) ;
#3822 = SURFACE_STYLE_FILL_AREA ( #2980 ) ;
#3823 = CARTESIAN_POINT ( 'NONE',  ( 0.1006874855581756101, -0.01492028912963643678, 0.02000000000000000042 ) ) ;
#3824 = FILL_AREA_STYLE ('',( #4626 ) ) ;
#3825 = LINE ( 'NONE', #3456, #3058 ) ;
#3826 = ORIENTED_EDGE ( 'NONE', *, *, #4842, .F. ) ;
#3827 = STYLED_ITEM ( 'NONE', ( #2122 ), #3778 ) ;
#3828 = EDGE_LOOP ( 'NONE', ( #2039, #619, #2563, #475 ) ) ;
#3829 = SURFACE_STYLE_FILL_AREA ( #1698 ) ;
#3830 = LINE ( 'NONE', #21, #4107 ) ;
#3831 = CARTESIAN_POINT ( 'NONE',  ( -0.07983083815029506924, 0.03759722181069789088, 0.0000000000000000000 ) ) ;
#3832 = EDGE_LOOP ( 'NONE', ( #3364, #1806, #5095, #2571 ) ) ;
#3833 =( LENGTH_UNIT ( ) NAMED_UNIT ( * ) SI_UNIT ( .MILLI., .METRE. ) );
#3834 = UNCERTAINTY_MEASURE_WITH_UNIT (LENGTH_MEASURE( 1.000000000000000082E-05 ), #4917, 'distance_accuracy_value', 'NONE');
#3835 = CARTESIAN_POINT ( 'NONE',  ( 0.1098705188972897151, 0.02296328351735666892, 0.0000000000000000000 ) ) ;
#3836 = FACE_OUTER_BOUND ( 'NONE', #4951, .T. ) ;
#3837 = ORIENTED_EDGE ( 'NONE', *, *, #751, .F. ) ;
#3838 = COLOUR_RGB ( '',0.7529411764705882248, 0.7529411764705882248, 0.7529411764705882248 ) ;
#3839 = EDGE_CURVE ( 'NONE', #5164, #3708, #3957, .T. ) ;
#3840 = CARTESIAN_POINT ( 'NONE',  ( -0.07885903936980724616, -0.05142716843320455783, 0.02000000000000000042 ) ) ;
#3841 = EDGE_LOOP ( 'NONE', ( #4989, #4612, #4176, #1820 ) ) ;
#3842 = FACE_BOUND ( 'NONE', #2685, .T. ) ;
#3843 = LINE ( 'NONE', #4245, #5187 ) ;
#3844 = EDGE_CURVE ( 'NONE', #347, #904, #438, .T. ) ;
#3845 = SURFACE_STYLE_FILL_AREA ( #2177 ) ;
#3846 = CARTESIAN_POINT ( 'NONE',  ( -0.2004672710771243649, -0.01240277818930211537, 0.02000000000000000042 ) ) ;
#3847 = CARTESIAN_POINT ( 'NONE',  ( -0.1093678193611934274, 0.04118430849520685055, 0.0000000000000000000 ) ) ;
#3848 = CARTESIAN_POINT ( 'NONE',  ( -0.0000000000000000000, -0.05142716843320455783, 0.02000000000000000042 ) ) ;
#3849 = CARTESIAN_POINT ( 'NONE',  ( 0.08097693379508863476, -0.03909078204322806449, 0.02000000000000000042 ) ) ;
#3850 = MECHANICAL_DESIGN_GEOMETRIC_PRESENTATION_REPRESENTATION (  '', ( #724 ), #3399 ) ;
#3851 = CARTESIAN_POINT ( 'NONE',  ( -0.1842650110243087280, 0.03419052025293263519, 0.02000000000000000042 ) ) ;
#3852 = ORIENTED_EDGE ( 'NONE', *, *, #1110, .T. ) ;
#3853 = CARTESIAN_POINT ( 'NONE',  ( 0.09579619742146612549, -0.04511713704711234341, 0.0000000000000000000 ) ) ;
#3854 =( NAMED_UNIT ( * ) SI_UNIT ( $, .STERADIAN. ) SOLID_ANGLE_UNIT ( ) );
#3855 = ORIENTED_EDGE ( 'NONE', *, *, #169, .T. ) ;
#3856 =( GEOMETRIC_REPRESENTATION_CONTEXT ( 3 ) GLOBAL_UNCERTAINTY_ASSIGNED_CONTEXT ( ( #697 ) ) GLOBAL_UNIT_ASSIGNED_CONTEXT ( ( #24, #5335, #1656 ) ) REPRESENTATION_CONTEXT ( 'NONE', 'WORKASPACE' ) );
#3857 = CARTESIAN_POINT ( 'NONE',  ( 0.0000000000000000000, 0.04857283156679546160, 0.02000000000000000042 ) ) ;
#3858 = VECTOR ( 'NONE', #1445, 1000.000000000000000 ) ;
#3859 = SURFACE_SIDE_STYLE ('',( #2190 ) ) ;
#3860 = CARTESIAN_POINT ( 'NONE',  ( 1.000000000000000000, -0.7899999999999990363, 0.0000000000000000000 ) ) ;
#3861 = SURFACE_STYLE_USAGE ( .BOTH. , #3059 ) ;
#3862 = DIRECTION ( 'NONE',  ( -1.000000000000000000, 0.0000000000000000000, 0.0000000000000000000 ) ) ;
#3863 = DIRECTION ( 'NONE',  ( 1.000000000000000000, 0.0000000000000000000, 0.0000000000000000000 ) ) ;
#3864 = CARTESIAN_POINT ( 'NONE',  ( -0.1285359573347171769, -0.02111682764777812749, 0.02000000000000000042 ) ) ;
#3865 = EDGE_LOOP ( 'NONE', ( #744, #1767, #4619 ) ) ;
#3866 = FACE_OUTER_BOUND ( 'NONE', #2461, .T. ) ;
#3867 = CARTESIAN_POINT ( 'NONE',  ( 0.1153130250456926992, -0.008671927595413150489, 0.0000000000000000000 ) ) ;
#3868 = ORIENTED_EDGE ( 'NONE', *, *, #2821, .T. ) ;
#3869 = CARTESIAN_POINT ( 'NONE',  ( 0.04384382486981364818, -0.04780552823045524508, 0.02000000000000000042 ) ) ;
#3870 = ORIENTED_EDGE ( 'NONE', *, *, #3777, .T. ) ;
#3871 = LINE ( 'NONE', #963, #3630 ) ;
#3872 =( NAMED_UNIT ( * ) PLANE_ANGLE_UNIT ( ) SI_UNIT ( $, .RADIAN. ) );
#3873 = PLANE ( 'NONE',  #1714 ) ;
#3874 = CARTESIAN_POINT ( 'NONE',  ( 0.04101519843507079460, 0.04582892912777106198, 0.0000000000000000000 ) ) ;
#3875 = ADVANCED_FACE ( 'NONE', ( #1041 ), #2715, .F. ) ;
#3876 = EDGE_CURVE ( 'NONE', #309, #4786, #2235, .T. ) ;
#3877 = DIRECTION ( 'NONE',  ( 1.000000000000000000, 0.0000000000000000000, 0.0000000000000000000 ) ) ;
#3878 = LINE ( 'NONE', #3096, #633 ) ;
#3879 = CARTESIAN_POINT ( 'NONE',  ( -0.2297165088820023737, -0.05142716843320455783, 0.0000000000000000000 ) ) ;
#3880 = CARTESIAN_POINT ( 'NONE',  ( -1.000000000000000000, 0.7900000000000003686, 0.01000000000000002623 ) ) ;
#3881 = DIRECTION ( 'NONE',  ( -0.0000000000000000000, 0.0000000000000000000, 1.000000000000000000 ) ) ;
#3882 = SPHERICAL_SURFACE ( 'NONE', #971, 0.01000000000000000021 ) ;
#3883 = PRESENTATION_STYLE_ASSIGNMENT (( #648 ) ) ;
#3884 = EDGE_LOOP ( 'NONE', ( #5190, #1030, #3195, #3416, #2412, #3258, #4329, #949 ) ) ;
#3885 = CARTESIAN_POINT ( 'NONE',  ( -0.08800805235292732953, -0.03985086807317231999, 0.02000000000000000042 ) ) ;
#3886 = LINE ( 'NONE', #4654, #5137 ) ;
#3887 =( NAMED_UNIT ( * ) PLANE_ANGLE_UNIT ( ) SI_UNIT ( $, .RADIAN. ) );
#3888 = ORIENTED_EDGE ( 'NONE', *, *, #2892, .T. ) ;
#3889 = UNCERTAINTY_MEASURE_WITH_UNIT (LENGTH_MEASURE( 1.000000000000000082E-05 ), #1428, 'distance_accuracy_value', 'NONE');
#3890 = DIRECTION ( 'NONE',  ( -2.710505431213761578E-16, 1.000000000000000000, -0.0000000000000000000 ) ) ;
#3891 = COLOUR_RGB ( '',0.7529411764705882248, 0.7529411764705882248, 0.7529411764705882248 ) ;
#3892 = CARTESIAN_POINT ( 'NONE',  ( 1.000000000000000000, 0.7900000000000003686, 0.01000000000000002623 ) ) ;
#3893 = ORIENTED_EDGE ( 'NONE', *, *, #1749, .F. ) ;
#3894 = SURFACE_STYLE_USAGE ( .BOTH. , #578 ) ;
#3895 = B_SPLINE_CURVE_WITH_KNOTS ( 'NONE', 3,
 ( #1193, #1548, #4852, #4511, #4059, #1986, #4113, #3657, #1633, #3284, #4939, #1221, #2874, #4136, #2173, #1329, #3867, #5066, #4564 ),
 .UNSPECIFIED., .F., .F.,
 ( 4, 1, 1, 1, 1, 1, 1, 1, 1, 1, 1, 1, 1, 1, 1, 1, 4 ),
 ( 0.0000000000000000000, 0.06783324845577361206, 0.1326555365079041815, 0.1950508840508279329, 0.2555829330687772738, 0.3147998341472899586, 0.3736004728263744856, 0.4325455953267435261, 0.4924306292835653465, 0.5526712559629696209, 0.6125130441881164733, 0.6726102503570065005, 0.7338383693139460817, 0.7965942385677740045, 0.8614497992905733037, 0.9291989423509054991, 1.000000000000000000 ),
 .UNSPECIFIED. ) ;
#3896 = STYLED_ITEM ( 'NONE', ( #4233 ), #3190 ) ;
#3897 = DIRECTION ( 'NONE',  ( 1.000000000000000000, 0.0000000000000000000, 0.0000000000000000000 ) ) ;
#3898 = AXIS2_PLACEMENT_3D ( 'NONE', #1570, #1953, #663 ) ;
#3899 = ORIENTED_EDGE ( 'NONE', *, *, #1851, .T. ) ;
#3900 = DIRECTION ( 'NONE',  ( -1.000000000000000000, -0.0000000000000000000, -0.0000000000000000000 ) ) ;
#3901 = DIRECTION ( 'NONE',  ( -0.0000000000000000000, -0.0000000000000000000, -1.000000000000000000 ) ) ;
#3902 = FILL_AREA_STYLE ('',( #3976 ) ) ;
#3903 = STYLED_ITEM ( 'NONE', ( #303 ), #1 ) ;
#3904 = ORIENTED_EDGE ( 'NONE', *, *, #1174, .T. ) ;
#3905 = MECHANICAL_DESIGN_GEOMETRIC_PRESENTATION_REPRESENTATION (  '', ( #859 ), #5182 ) ;
#3906 = CARTESIAN_POINT ( 'NONE',  ( -0.9899999999999999911, 0.8000000000000003775, 0.7699999999999999067 ) ) ;
#3907 = STYLED_ITEM ( 'NONE', ( #2429 ), #293 ) ;
#3908 = SURFACE_STYLE_USAGE ( .BOTH. , #4755 ) ;
#3909 = CYLINDRICAL_SURFACE ( 'NONE', #377, 0.009999999999999998473 ) ;
#3910 = DIRECTION ( 'NONE',  ( 0.0000000000000000000, -1.000000000000000000, 0.0000000000000000000 ) ) ;
#3911 = EDGE_LOOP ( 'NONE', ( #3966, #2875, #3722, #3311 ) ) ;
#3912 = ADVANCED_FACE ( 'NONE', ( #1469 ), #3509, .F. ) ;
#3913 = EDGE_CURVE ( 'NONE', #2945, #4462, #292, .T. ) ;
#3914 = AXIS2_PLACEMENT_3D ( 'NONE', #1619, #2861, #788 ) ;
#3915 = CARTESIAN_POINT ( 'NONE',  ( -0.2150823625405390016, -0.05142716843320455783, 0.02000000000000000042 ) ) ;
#3916 = ORIENTED_EDGE ( 'NONE', *, *, #4041, .F. ) ;
#3917 = DIRECTION ( 'NONE',  ( 1.000000000000000000, 0.0000000000000000000, 0.0000000000000000000 ) ) ;
#3918 = DIRECTION ( 'NONE',  ( -1.000000000000000000, 0.0000000000000000000, 0.0000000000000000000 ) ) ;
#3919 = AXIS2_PLACEMENT_3D ( 'NONE', #1962, #5266, #3631 ) ;
#3920 = EDGE_CURVE ( 'NONE', #5054, #1868, #2610, .T. ) ;
#3921 = FILL_AREA_STYLE ('',( #1347 ) ) ;
#3922 = VERTEX_POINT ( 'NONE', #2012 ) ;
#3923 = CARTESIAN_POINT ( 'NONE',  ( -0.1187081210676637216, 0.001076718861036553418, 0.0000000000000000000 ) ) ;
#3924 = VERTEX_POINT ( 'NONE', #2814 ) ;
#3925 =( LENGTH_UNIT ( ) NAMED_UNIT ( * ) SI_UNIT ( .MILLI., .METRE. ) );
#3926 =( NAMED_UNIT ( * ) SI_UNIT ( $, .STERADIAN. ) SOLID_ANGLE_UNIT ( ) );
#3927 = ORIENTED_EDGE ( 'NONE', *, *, #4105, .T. ) ;
#3928 = CARTESIAN_POINT ( 'NONE',  ( 0.1751615398984854577, 0.0000000000000000000, 0.02000000000000000042 ) ) ;
#3929 = AXIS2_PLACEMENT_3D ( 'NONE', #1646, #4073, #1671 ) ;
#3930 = DIRECTION ( 'NONE',  ( 0.0000000000000000000, 0.0000000000000000000, 1.000000000000000000 ) ) ;
#3931 = CARTESIAN_POINT ( 'NONE',  ( 0.05778549598126583864, 0.04956369838530930855, 0.02000000000000000042 ) ) ;
#3932 = ORIENTED_EDGE ( 'NONE', *, *, #814, .T. ) ;
#3933 =( GEOMETRIC_REPRESENTATION_CONTEXT ( 3 ) GLOBAL_UNCERTAINTY_ASSIGNED_CONTEXT ( ( #3569 ) ) GLOBAL_UNIT_ASSIGNED_CONTEXT ( ( #1334, #827, #418 ) ) REPRESENTATION_CONTEXT ( 'NONE', 'WORKASPACE' ) );
#3934 = CARTESIAN_POINT ( 'NONE',  ( 0.9899999999999999911, -0.7899999999999994804, 0.01000000000000002623 ) ) ;
#3935 = CARTESIAN_POINT ( 'NONE',  ( 0.07232805158964131231, 0.03816948009609098108, 0.0000000000000000000 ) ) ;
#3936 = LINE ( 'NONE', #3514, #135 ) ;
#3937 = VERTEX_POINT ( 'NONE', #5320 ) ;
#3938 = STYLED_ITEM ( 'NONE', ( #1732 ), #2372 ) ;
#3939 = CARTESIAN_POINT ( 'NONE',  ( 0.9899999999999999911, -0.7999999999999994893, 0.7699999999999999067 ) ) ;
#3940 =( NAMED_UNIT ( * ) SI_UNIT ( $, .STERADIAN. ) SOLID_ANGLE_UNIT ( ) );
#3941 = MECHANICAL_DESIGN_GEOMETRIC_PRESENTATION_REPRESENTATION (  '', ( #3772 ), #1242 ) ;
#3942 = ORIENTED_EDGE ( 'NONE', *, *, #3531, .F. ) ;
#3943 = DIRECTION ( 'NONE',  ( 0.0000000000000000000, 0.0000000000000000000, -1.000000000000000000 ) ) ;
#3944 = VECTOR ( 'NONE', #2292, 1000.000000000000000 ) ;
#3945 = CARTESIAN_POINT ( 'NONE',  ( -0.08125476577093905528, 0.03756792239378845683, 0.0000000000000000000 ) ) ;
#3946 = PLANE ( 'NONE',  #4576 ) ;
#3947 = ORIENTED_EDGE ( 'NONE', *, *, #1704, .T. ) ;
#3948 = PLANE ( 'NONE',  #4590 ) ;
#3949 = EDGE_CURVE ( 'NONE', #5289, #4778, #3161, .T. ) ;
#3950 = EDGE_CURVE ( 'NONE', #3234, #2064, #3738, .T. ) ;
#3951 = DIRECTION ( 'NONE',  ( 1.000000000000000000, -0.0000000000000000000, 0.0000000000000000000 ) ) ;
#3952 = VECTOR ( 'NONE', #4028, 1000.000000000000000 ) ;
#3953 = FACE_OUTER_BOUND ( 'NONE', #825, .T. ) ;
#3954 = CARTESIAN_POINT ( 'NONE',  ( 0.04101519843507079460, -0.03526863184783870370, 0.02000000000000000042 ) ) ;
#3955 = SURFACE_STYLE_USAGE ( .BOTH. , #4702 ) ;
#3956 = ORIENTED_EDGE ( 'NONE', *, *, #626, .F. ) ;
#3957 = LINE ( 'NONE', #2212, #2080 ) ;
#3958 =( LENGTH_UNIT ( ) NAMED_UNIT ( * ) SI_UNIT ( .MILLI., .METRE. ) );
#3959 = LINE ( 'NONE', #3512, #3393 ) ;
#3960 = ORIENTED_EDGE ( 'NONE', *, *, #1749, .T. ) ;
#3961 = CARTESIAN_POINT ( 'NONE',  ( -0.9999999999999995559, -0.7899999999999994804, 0.7800000000000000266 ) ) ;
#3962 = PRESENTATION_STYLE_ASSIGNMENT (( #2246 ) ) ;
#3963 = CARTESIAN_POINT ( 'NONE',  ( -0.1238300606601930587, 0.02821025999184324090, 0.02000000000000000042 ) ) ;
#3964 = CARTESIAN_POINT ( 'NONE',  ( -0.1052630026789987266, 0.03032587214594762576, 0.02000000000000000042 ) ) ;
#3965 = DIRECTION ( 'NONE',  ( -1.000000000000000000, 0.0000000000000000000, 0.0000000000000000000 ) ) ;
#3966 = ORIENTED_EDGE ( 'NONE', *, *, #4131, .F. ) ;
#3967 = B_SPLINE_CURVE_WITH_KNOTS ( 'NONE', 3,
 ( #2221, #173, #2962, #3885, #1003, #2590, #481, #2650, #2130, #3798, #1784, #1814, #891, #1318, #4313, #5030, #3462, #2988, #4634 ),
 .UNSPECIFIED., .F., .F.,
 ( 4, 1, 1, 1, 1, 1, 1, 1, 1, 1, 1, 1, 1, 1, 1, 1, 4 ),
 ( 0.0000000000000000000, 0.07082657255516341954, 0.1381690332797999854, 0.2024753315338422566, 0.2639737544135198899, 0.3233803205980371187, 0.3817976227131854583, 0.4393900745193891066, 0.4969027245459975983, 0.5546621696093703147, 0.6127418784921975226, 0.6715388363911724001, 0.7316557220901981351, 0.7942978116139531863, 0.8594822049793585661, 0.9276813254527899177, 1.000000000000000000 ),
 .UNSPECIFIED. ) ;
#3968 = FILL_AREA_STYLE ('',( #4266 ) ) ;
#3969 = AXIS2_PLACEMENT_3D ( 'NONE', #4081, #4050, #760 ) ;
#3970 = CARTESIAN_POINT ( 'NONE',  ( 0.05515692151650014585, 0.03796346317063725023, 0.0000000000000000000 ) ) ;
#3971 = ADVANCED_FACE ( 'NONE', ( #1663 ), #2417, .F. ) ;
#3972 = EDGE_CURVE ( 'NONE', #537, #3495, #3895, .T. ) ;
#3973 = ORIENTED_EDGE ( 'NONE', *, *, #5217, .T. ) ;
#3974 = DIRECTION ( 'NONE',  ( -0.0000000000000000000, -1.000000000000000000, 0.0000000000000000000 ) ) ;
#3975 = FACE_OUTER_BOUND ( 'NONE', #3040, .T. ) ;
#3976 = FILL_AREA_STYLE_COLOUR ( '', #5176 ) ;
#3977 = ORIENTED_EDGE ( 'NONE', *, *, #4927, .F. ) ;
#3978 =( GEOMETRIC_REPRESENTATION_CONTEXT ( 3 ) GLOBAL_UNCERTAINTY_ASSIGNED_CONTEXT ( ( #4773 ) ) GLOBAL_UNIT_ASSIGNED_CONTEXT ( ( #252, #1847, #302 ) ) REPRESENTATION_CONTEXT ( 'NONE', 'WORKASPACE' ) );
#3979 = DIRECTION ( 'NONE',  ( -0.0000000000000000000, 0.0000000000000000000, 1.000000000000000000 ) ) ;
#3980 = EDGE_CURVE ( 'NONE', #3658, #1151, #2974, .T. ) ;
#3981 = MECHANICAL_DESIGN_GEOMETRIC_PRESENTATION_REPRESENTATION (  '', ( #936 ), #1373 ) ;
#3982 = CARTESIAN_POINT ( 'NONE',  ( -0.4099999999999999756, -0.7999999999999994893, 0.0000000000000000000 ) ) ;
#3983 = DIRECTION ( 'NONE',  ( 0.0000000000000000000, -0.0000000000000000000, -1.000000000000000000 ) ) ;
#3984 = AXIS2_PLACEMENT_3D ( 'NONE', #5234, #3170, #5258 ) ;
#3985 = MECHANICAL_DESIGN_GEOMETRIC_PRESENTATION_REPRESENTATION (  '', ( #1281 ), #685 ) ;
#3986 = CARTESIAN_POINT ( 'NONE',  ( 0.08284951708636077716, 0.03451641141045499322, 0.0000000000000000000 ) ) ;
#3987 = CARTESIAN_POINT ( 'NONE',  ( 0.02150300331311958205, 0.04857283156679546160, 0.0000000000000000000 ) ) ;
#3988 = ORIENTED_EDGE ( 'NONE', *, *, #942, .F. ) ;
#3989 = STYLED_ITEM ( 'NONE', ( #1688 ), #1272 ) ;
#3990 = VECTOR ( 'NONE', #4764, 1000.000000000000000 ) ;
#3991 = CARTESIAN_POINT ( 'NONE',  ( 0.1154054423375098365, -0.003313601360033818517, 0.01999999999999999695 ) ) ;
#3992 = DIRECTION ( 'NONE',  ( 0.0000000000000000000, 1.000000000000000000, 0.0000000000000000000 ) ) ;
#3993 = AXIS2_PLACEMENT_3D ( 'NONE', #3081, #1004, #4230 ) ;
#3994 = ORIENTED_EDGE ( 'NONE', *, *, #483, .F. ) ;
#3995 = CARTESIAN_POINT ( 'NONE',  ( -0.1301581879681017462, 0.01524312950411952847, 0.02000000000000000042 ) ) ;
#3996 = STYLED_ITEM ( 'NONE', ( #4357 ), #3912 ) ;
#3997 = CARTESIAN_POINT ( 'NONE',  ( -0.02727748449175848230, 0.004670392542405204725, 0.0000000000000000000 ) ) ;
#3998 = EDGE_LOOP ( 'NONE', ( #3973, #2453, #1744, #4262, #4684, #1357, #103, #1289 ) ) ;
#3999 = DIRECTION ( 'NONE',  ( 0.0000000000000000000, 1.000000000000000000, 0.0000000000000000000 ) ) ;
#4000 = CARTESIAN_POINT ( 'NONE',  ( -0.1264367487236927878, -0.02566019518272320485, 0.0000000000000000000 ) ) ;
#4001 = AXIS2_PLACEMENT_3D ( 'NONE', #1440, #196, #2690 ) ;
#4002 = DIRECTION ( 'NONE',  ( -0.0000000000000000000, 0.0000000000000000000, 1.000000000000000000 ) ) ;
#4003 = CARTESIAN_POINT ( 'NONE',  ( -0.2004672710771243649, -0.01240277818930211537, 0.0000000000000000000 ) ) ;
#4004 = EDGE_CURVE ( 'NONE', #803, #229, #352, .T. ) ;
#4005 = PRESENTATION_STYLE_ASSIGNMENT (( #2383 ) ) ;
#4006 = DIRECTION ( 'NONE',  ( 1.000000000000000000, -0.0000000000000000000, 0.0000000000000000000 ) ) ;
#4007 = SURFACE_STYLE_USAGE ( .BOTH. , #739 ) ;
#4008 = UNCERTAINTY_MEASURE_WITH_UNIT (LENGTH_MEASURE( 1.000000000000000082E-05 ), #631, 'distance_accuracy_value', 'NONE');
#4009 = DIRECTION ( 'NONE',  ( 0.0000000000000000000, -1.000000000000000000, 0.0000000000000000000 ) ) ;
#4010 = ADVANCED_FACE ( 'NONE', ( #3763 ), #3387, .T. ) ;
#4011 = EDGE_CURVE ( 'NONE', #1247, #3741, #3843, .T. ) ;
#4012 = SURFACE_STYLE_USAGE ( .BOTH. , #696 ) ;
#4013 = DIRECTION ( 'NONE',  ( 1.000000000000000000, 0.0000000000000000000, 0.0000000000000000000 ) ) ;
#4014 = STYLED_ITEM ( 'NONE', ( #3339 ), #2859 ) ;
#4015 = UNCERTAINTY_MEASURE_WITH_UNIT (LENGTH_MEASURE( 1.000000000000000082E-05 ), #2514, 'distance_accuracy_value', 'NONE');
#4016 = FILL_AREA_STYLE ('',( #318 ) ) ;
#4017 = CARTESIAN_POINT ( 'NONE',  ( -0.1161373228972353566, 0.01613067971296911970, 0.02000000000000000042 ) ) ;
#4018 = LINE ( 'NONE', #1154, #3028 ) ;
#4019 = CARTESIAN_POINT ( 'NONE',  ( -0.1207878485692780307, 0.03196572735814425664, 0.0000000000000000000 ) ) ;
#4020 = DIRECTION ( 'NONE',  ( -0.0000000000000000000, 0.0000000000000000000, 1.000000000000000000 ) ) ;
#4021 =( LENGTH_UNIT ( ) NAMED_UNIT ( * ) SI_UNIT ( .MILLI., .METRE. ) );
#4022 = LINE ( 'NONE', #3606, #679 ) ;
#4023 = SURFACE_STYLE_USAGE ( .BOTH. , #1160 ) ;
#4024 = CARTESIAN_POINT ( 'NONE',  ( 0.4100000000000000866, 0.8000000000000003775, 0.0000000000000000000 ) ) ;
#4025 = LINE ( 'NONE', #5334, #3054 ) ;
#4026 = VECTOR ( 'NONE', #2701, 1000.000000000000000 ) ;
#4027 = SURFACE_SIDE_STYLE ('',( #4871 ) ) ;
#4028 = DIRECTION ( 'NONE',  ( -0.0000000000000000000, 0.0000000000000000000, 1.000000000000000000 ) ) ;
#4029 = AXIS2_PLACEMENT_3D ( 'NONE', #3567, #2313, #4013 ) ;
#4030 = CARTESIAN_POINT ( 'NONE',  ( 0.9899999999999999911, -0.7899999999999994804, 0.7699999999999999067 ) ) ;
#4031 = VECTOR ( 'NONE', #4265, 1000.000000000000000 ) ;
#4032 =( LENGTH_UNIT ( ) NAMED_UNIT ( * ) SI_UNIT ( .MILLI., .METRE. ) );
#4033 = AXIS2_PLACEMENT_3D ( 'NONE', #4506, #1952, #3586 ) ;
#4034 = CARTESIAN_POINT ( 'NONE',  ( -0.1834299311225615625, 0.03566562038675384627, 0.02000000000000000042 ) ) ;
#4035 =( NAMED_UNIT ( * ) SI_UNIT ( $, .STERADIAN. ) SOLID_ANGLE_UNIT ( ) );
#4036 = CARTESIAN_POINT ( 'NONE',  ( 0.008088369166778127534, -0.04045155867710700098, 0.0000000000000000000 ) ) ;
#4037 = CARTESIAN_POINT ( 'NONE',  ( -0.1181655734298176913, -0.009338651004267995576, 0.0000000000000000000 ) ) ;
#4038 = DIRECTION ( 'NONE',  ( 1.000000000000000000, -0.0000000000000000000, 0.0000000000000000000 ) ) ;
#4039 = CARTESIAN_POINT ( 'NONE',  ( -0.9899999999999999911, 0.8000000000000003775, -0.02000000000000000042 ) ) ;
#4040 = CARTESIAN_POINT ( 'NONE',  ( -1.000000000000000000, 0.8000000000000003775, -0.02000000000000000042 ) ) ;
#4041 = EDGE_CURVE ( 'NONE', #3385, #2295, #4675, .T. ) ;
#4042 = EDGE_CURVE ( 'NONE', #2295, #4566, #1276, .T. ) ;
#4043 = CARTESIAN_POINT ( 'NONE',  ( -0.2150823625405390016, -0.05142716843320455783, 0.0000000000000000000 ) ) ;
#4044 = APPLICATION_PROTOCOL_DEFINITION ( 'draft international standard', 'automotive_design', 1998, #3100 ) ;
#4045 = DIRECTION ( 'NONE',  ( -0.0000000000000000000, -0.0000000000000000000, -1.000000000000000000 ) ) ;
#4046 = CARTESIAN_POINT ( 'NONE',  ( 0.0000000000000000000, 0.03759722181069789088, 0.02000000000000000042 ) ) ;
#4047 = CARTESIAN_POINT ( 'NONE',  ( -0.06508236254053897940, 0.03759722181069789088, 0.0000000000000000000 ) ) ;
#4048 = VERTEX_POINT ( 'NONE', #2570 ) ;
#4049 = SURFACE_STYLE_FILL_AREA ( #3700 ) ;
#4050 = DIRECTION ( 'NONE',  ( 0.0000000000000000000, 1.000000000000000000, 0.0000000000000000000 ) ) ;
#4051 = FILL_AREA_STYLE_COLOUR ( '', #231 ) ;
#4052 =( LENGTH_UNIT ( ) NAMED_UNIT ( * ) SI_UNIT ( .MILLI., .METRE. ) );
#4053 = CARTESIAN_POINT ( 'NONE',  ( 0.09741124437714691886, 0.03866513153763358884, 0.02000000000000000389 ) ) ;
#4054 = EDGE_LOOP ( 'NONE', ( #2477, #4296, #3782, #1541 ) ) ;
#4055 =( GEOMETRIC_REPRESENTATION_CONTEXT ( 3 ) GLOBAL_UNCERTAINTY_ASSIGNED_CONTEXT ( ( #4263 ) ) GLOBAL_UNIT_ASSIGNED_CONTEXT ( ( #5319, #2443, #2873 ) ) REPRESENTATION_CONTEXT ( 'NONE', 'WORKASPACE' ) );
#4056 = CARTESIAN_POINT ( 'NONE',  ( 0.09962625138840433547, -0.01863039224759559589, 0.02000000000000000042 ) ) ;
#4057 = FILL_AREA_STYLE ('',( #1518 ) ) ;
#4058 = FILL_AREA_STYLE_COLOUR ( '', #2823 ) ;
#4059 = CARTESIAN_POINT ( 'NONE',  ( 0.08331198182371676864, -0.05083214528771197449, 0.0000000000000000000 ) ) ;
#4060 = ORIENTED_EDGE ( 'NONE', *, *, #912, .F. ) ;
#4061 = COLOUR_RGB ( '',1.000000000000000000, 1.000000000000000000, 1.000000000000000000 ) ;
#4062 = FILL_AREA_STYLE_COLOUR ( '', #2712 ) ;
#4063 = AXIS2_PLACEMENT_3D ( 'NONE', #2561, #4232, #1348 ) ;
#4064 = VERTEX_POINT ( 'NONE', #441 ) ;
#4065 = VECTOR ( 'NONE', #4006, 1000.000000000000000 ) ;
#4066 =( NAMED_UNIT ( * ) PLANE_ANGLE_UNIT ( ) SI_UNIT ( $, .RADIAN. ) );
#4067 = CARTESIAN_POINT ( 'NONE',  ( -0.1321555332722463005, -0.0001695464819850419041, 0.02000000000000000042 ) ) ;
#4068 = STYLED_ITEM ( 'NONE', ( #4246 ), #2247 ) ;
#4069 = VECTOR ( 'NONE', #1309, 1000.000000000000000 ) ;
#4070 = CARTESIAN_POINT ( 'NONE',  ( 0.09824244086951053334, -0.02210649285524875565, 0.0000000000000000000 ) ) ;
#4071 =( NAMED_UNIT ( * ) PLANE_ANGLE_UNIT ( ) SI_UNIT ( $, .RADIAN. ) );
#4072 = AXIS2_PLACEMENT_3D ( 'NONE', #1836, #2240, #5138 ) ;
#4073 = DIRECTION ( 'NONE',  ( -1.000000000000000000, -6.776263578034403945E-17, 0.0000000000000000000 ) ) ;
#4074 =( LENGTH_UNIT ( ) NAMED_UNIT ( * ) SI_UNIT ( .MILLI., .METRE. ) );
#4075 = EDGE_CURVE ( 'NONE', #4566, #4350, #4191, .T. ) ;
#4076 = CARTESIAN_POINT ( 'NONE',  ( 0.05515692151650014585, 0.03796346317063725023, 0.0000000000000000000 ) ) ;
#4077 = PRESENTATION_STYLE_ASSIGNMENT (( #811 ) ) ;
#4078 = VECTOR ( 'NONE', #3540, 1000.000000000000000 ) ;
#4079 = PRESENTATION_STYLE_ASSIGNMENT (( #4895 ) ) ;
#4080 = ADVANCED_FACE ( 'NONE', ( #1710 ), #1771, .F. ) ;
#4081 = CARTESIAN_POINT ( 'NONE',  ( 0.9899999999999999911, -0.7899999999999994804, 0.01000000000000000021 ) ) ;
#4082 = MECHANICAL_DESIGN_GEOMETRIC_PRESENTATION_REPRESENTATION (  '', ( #3552 ), #2419 ) ;
#4083 = ORIENTED_EDGE ( 'NONE', *, *, #2525, .T. ) ;
#4084 = CARTESIAN_POINT ( 'NONE',  ( -0.02727748449175848230, 0.004670392542405204725, 0.02000000000000000042 ) ) ;
#4085 = SURFACE_STYLE_FILL_AREA ( #640 ) ;
#4086 = DIRECTION ( 'NONE',  ( 0.0000000000000000000, 0.0000000000000000000, 1.000000000000000000 ) ) ;
#4087 = VECTOR ( 'NONE', #2951, 1000.000000000000000 ) ;
#4088 = CARTESIAN_POINT ( 'NONE',  ( -1.000000000000000000, 0.8000000000000003775, 0.01000000000000002623 ) ) ;
#4089 = ORIENTED_EDGE ( 'NONE', *, *, #5217, .F. ) ;
#4090 =( NAMED_UNIT ( * ) SI_UNIT ( $, .STERADIAN. ) SOLID_ANGLE_UNIT ( ) );
#4091 = ORIENTED_EDGE ( 'NONE', *, *, #3597, .T. ) ;
#4092 = AXIS2_PLACEMENT_3D ( 'NONE', #1695, #2906, #3346 ) ;
#4093 = CARTESIAN_POINT ( 'NONE',  ( 0.06853044233750983649, -0.05264668062832651013, 0.02000000000000000042 ) ) ;
#4094 = FILL_AREA_STYLE_COLOUR ( '', #704 ) ;
#4095 = CARTESIAN_POINT ( 'NONE',  ( -0.09001032846887320471, -0.05062682324193565342, 0.0000000000000000000 ) ) ;
#4096 = CARTESIAN_POINT ( 'NONE',  ( -0.1129449437739097895, -0.02416782182026569470, 0.02000000000000000042 ) ) ;
#4097 = ORIENTED_EDGE ( 'NONE', *, *, #1382, .T. ) ;
#4098 = CARTESIAN_POINT ( 'NONE',  ( 0.06443364355702201063, 0.03881673400581983624, 0.0000000000000000000 ) ) ;
#4099 = CARTESIAN_POINT ( 'NONE',  ( 0.08975769967044626430, -0.03360161323975825037, 0.02000000000000000042 ) ) ;
#4100 =( NAMED_UNIT ( * ) PLANE_ANGLE_UNIT ( ) SI_UNIT ( $, .RADIAN. ) );
#4101 = CARTESIAN_POINT ( 'NONE',  ( -0.4099999999999999756, -0.7899999999999994804, -0.02000000000000000042 ) ) ;
#4102 = PLANE ( 'NONE',  #1414 ) ;
#4103 = VECTOR ( 'NONE', #4759, 1000.000000000000000 ) ;
#4104 = PLANE ( 'NONE',  #3320 ) ;
#4105 = EDGE_CURVE ( 'NONE', #4560, #4786, #2732, .T. ) ;
#4106 = EDGE_CURVE ( 'NONE', #165, #4642, #3478, .T. ) ;
#4107 = VECTOR ( 'NONE', #1758, 1000.000000000000114 ) ;
#4108 = CARTESIAN_POINT ( 'NONE',  ( 0.1154054423375098365, -0.003313601360033818517, 0.02000000000000000042 ) ) ;
#4109 = FILL_AREA_STYLE ('',( #4900 ) ) ;
#4110 = ORIENTED_EDGE ( 'NONE', *, *, #843, .T. ) ;
#4111 = COLOUR_RGB ( '',1.000000000000000000, 1.000000000000000000, 1.000000000000000000 ) ;
#4112 = PRESENTATION_STYLE_ASSIGNMENT (( #2846 ) ) ;
#4113 = CARTESIAN_POINT ( 'NONE',  ( 0.09190296457333384239, -0.04745053008656410776, 0.0000000000000000000 ) ) ;
#4114 = ORIENTED_EDGE ( 'NONE', *, *, #2985, .T. ) ;
#4115 = ORIENTED_EDGE ( 'NONE', *, *, #5012, .T. ) ;
#4116 = UNCERTAINTY_MEASURE_WITH_UNIT (LENGTH_MEASURE( 1.000000000000000082E-05 ), #1968, 'distance_accuracy_value', 'NONE');
#4117 = PLANE ( 'NONE',  #518 ) ;
#4118 = COLOUR_RGB ( '',1.000000000000000000, 1.000000000000000000, 1.000000000000000000 ) ;
#4119 = CARTESIAN_POINT ( 'NONE',  ( -0.1052630026789987266, 0.03032587214594762576, 0.02000000000000000042 ) ) ;
#4120 = DIRECTION ( 'NONE',  ( -0.0000000000000000000, -1.000000000000000000, -0.0000000000000000000 ) ) ;
#4121 = CARTESIAN_POINT ( 'NONE',  ( -0.1285359573347171769, -0.02111682764777812749, 0.0000000000000000000 ) ) ;
#4122 = CARTESIAN_POINT ( 'NONE',  ( -0.1056163933129004306, -0.03244685529915954797, 0.02000000000000000042 ) ) ;
#4123 = CARTESIAN_POINT ( 'NONE',  ( 0.09945782306751048407, 0.01451547923959794172, 0.0000000000000000000 ) ) ;
#4124 = ORIENTED_EDGE ( 'NONE', *, *, #1304, .F. ) ;
#4125 = CARTESIAN_POINT ( 'NONE',  ( 0.04600143149020351208, 0.04759263154817294089, 0.02000000000000000042 ) ) ;
#4126 = CARTESIAN_POINT ( 'NONE',  ( 0.1239420277033635165, -0.04045155867710700098, 0.0000000000000000000 ) ) ;
#4127 = CARTESIAN_POINT ( 'NONE',  ( 0.06443364355702201063, 0.03881673400581983624, 0.0000000000000000000 ) ) ;
#4128 = LINE ( 'NONE', #463, #937 ) ;
#4129 = CARTESIAN_POINT ( 'NONE',  ( -0.1186393302353901252, -0.004982507141324255852, 0.0000000000000000000 ) ) ;
#4130 = VERTEX_POINT ( 'NONE', #2333 ) ;
#4131 = EDGE_CURVE ( 'NONE', #4694, #1930, #190, .T. ) ;
#4132 = EDGE_CURVE ( 'NONE', #3741, #4996, #2659, .T. ) ;
#4133 =( NAMED_UNIT ( * ) SI_UNIT ( $, .STERADIAN. ) SOLID_ANGLE_UNIT ( ) );
#4134 = CARTESIAN_POINT ( 'NONE',  ( 0.1006874855581756101, -0.01492028912963643678, 0.0000000000000000000 ) ) ;
#4135 = CARTESIAN_POINT ( 'NONE',  ( 0.05158664313440476656, 0.04882566533990075758, 0.0000000000000000000 ) ) ;
#4136 = CARTESIAN_POINT ( 'NONE',  ( 0.1123087942912651405, -0.02338625798647066614, 0.0000000000000000000 ) ) ;
#4137 = ORIENTED_EDGE ( 'NONE', *, *, #3803, .T. ) ;
#4138 = DIRECTION ( 'NONE',  ( -1.000000000000000000, 0.0000000000000000000, 0.0000000000000000000 ) ) ;
#4139 = VERTEX_POINT ( 'NONE', #1058 ) ;
#4140 = EDGE_CURVE ( 'NONE', #1399, #1782, #5130, .T. ) ;
#4141 =( GEOMETRIC_REPRESENTATION_CONTEXT ( 3 ) GLOBAL_UNCERTAINTY_ASSIGNED_CONTEXT ( ( #4645 ) ) GLOBAL_UNIT_ASSIGNED_CONTEXT ( ( #2636, #237, #2198 ) ) REPRESENTATION_CONTEXT ( 'NONE', 'WORKASPACE' ) );
#4142 = DIRECTION ( 'NONE',  ( -0.0000000000000000000, 0.0000000000000000000, 1.000000000000000000 ) ) ;
#4143 = MECHANICAL_DESIGN_GEOMETRIC_PRESENTATION_REPRESENTATION (  '', ( #1098 ), #4821 ) ;
#4144 = CARTESIAN_POINT ( 'NONE',  ( -0.05166772839419750407, 0.04857283156679546160, 0.02000000000000000042 ) ) ;
#4145 = DIRECTION ( 'NONE',  ( -0.0000000000000000000, -0.0000000000000000000, 1.000000000000000000 ) ) ;
#4146 =( NAMED_UNIT ( * ) SI_UNIT ( $, .STERADIAN. ) SOLID_ANGLE_UNIT ( ) );
#4147 = ORIENTED_EDGE ( 'NONE', *, *, #620, .T. ) ;
#4148 = CARTESIAN_POINT ( 'NONE',  ( 1.000000000000000000, 0.8000000000000003775, 0.0000000000000000000 ) ) ;
#4149 = PRESENTATION_LAYER_ASSIGNMENT (  '', '', ( #4068 ) ) ;
#4150 = FILL_AREA_STYLE_COLOUR ( '', #1720 ) ;
#4151 = CARTESIAN_POINT ( 'NONE',  ( -0.1670259601015145756, -0.01240277818930212231, 0.0000000000000000000 ) ) ;
#4152 = VECTOR ( 'NONE', #1723, 1000.000000000000000 ) ;
#4153 = CARTESIAN_POINT ( 'NONE',  ( -0.1852891269062487134, 0.02976449793893575640, 0.0000000000000000000 ) ) ;
#4154 = CIRCLE ( 'NONE', #4072, 0.01000000000000002623 ) ;
#4155 = DIRECTION ( 'NONE',  ( -0.0000000000000000000, 0.0000000000000000000, 1.000000000000000000 ) ) ;
#4156 = CARTESIAN_POINT ( 'NONE',  ( 0.0000000000000000000, -0.7899999999999994804, 0.7699999999999999067 ) ) ;
#4157 = AXIS2_PLACEMENT_3D ( 'NONE', #5283, #716, #2763 ) ;
#4158 = VECTOR ( 'NONE', #3974, 1000.000000000000000 ) ;
#4159 = CARTESIAN_POINT ( 'NONE',  ( -0.2297165088820023737, -0.05142716843320455783, 0.0000000000000000000 ) ) ;
#4160 = ORIENTED_EDGE ( 'NONE', *, *, #2131, .F. ) ;
#4161 = STYLED_ITEM ( 'NONE', ( #4077 ), #3326 ) ;
#4162 = CARTESIAN_POINT ( 'NONE',  ( -0.1301581879681017462, 0.01524312950411952847, 0.02000000000000000042 ) ) ;
#4163 = EDGE_CURVE ( 'NONE', #808, #596, #3065, .T. ) ;
#4164 = DIRECTION ( 'NONE',  ( 1.000000000000000000, -0.0000000000000000000, 0.0000000000000000000 ) ) ;
#4165 = ORIENTED_EDGE ( 'NONE', *, *, #264, .F. ) ;
#4166 = PRESENTATION_LAYER_ASSIGNMENT (  '', '', ( #433 ) ) ;
#4167 = VERTEX_POINT ( 'NONE', #3444 ) ;
#4168 = FACE_OUTER_BOUND ( 'NONE', #2932, .T. ) ;
#4169 = VECTOR ( 'NONE', #3983, 1000.000000000000000 ) ;
#4170 = FILL_AREA_STYLE ('',( #472 ) ) ;
#4171 = EDGE_CURVE ( 'NONE', #4522, #1466, #3506, .T. ) ;
#4172 = ADVANCED_FACE ( 'NONE', ( #4722 ), #1905, .T. ) ;
#4173 = CARTESIAN_POINT ( 'NONE',  ( 0.09824244086951053334, -0.02210649285524875565, 0.02000000000000000042 ) ) ;
#4174 = SURFACE_SIDE_STYLE ('',( #4085 ) ) ;
#4175 = CARTESIAN_POINT ( 'NONE',  ( 0.08284951708636077716, 0.03451641141045499322, 0.0000000000000000000 ) ) ;
#4176 = ORIENTED_EDGE ( 'NONE', *, *, #1411, .F. ) ;
#4177 = CARTESIAN_POINT ( 'NONE',  ( 0.07862035414570935077, -0.05189539677738639473, 0.02000000000000000042 ) ) ;
#4178 = SURFACE_STYLE_USAGE ( .BOTH. , #538 ) ;
#4179 = FACE_OUTER_BOUND ( 'NONE', #4820, .T. ) ;
#4180 = B_SPLINE_CURVE_WITH_KNOTS ( 'NONE', 3,
 ( #4336, #567, #2217, #2183, #3851, #1781, #1371 ),
 .UNSPECIFIED., .F., .F.,
 ( 4, 1, 1, 1, 4 ),
 ( 0.0000000000000000000, 0.1744817153170503676, 0.3982857591281118714, 0.6738978473986658724, 0.9999999999999998890 ),
 .UNSPECIFIED. ) ;
#4181 = FACE_OUTER_BOUND ( 'NONE', #3027, .T. ) ;
#4182 = AXIS2_PLACEMENT_3D ( 'NONE', #5163, #3022, #2648 ) ;
#4183 = CARTESIAN_POINT ( 'NONE',  ( -0.1636532466868804436, -0.02337838794539967568, 0.0000000000000000000 ) ) ;
#4184 = CARTESIAN_POINT ( 'NONE',  ( 0.06578857974347304682, 0.03878760039722208702, 0.02000000000000000042 ) ) ;
#4185 =( NAMED_UNIT ( * ) SI_UNIT ( $, .STERADIAN. ) SOLID_ANGLE_UNIT ( ) );
#4186 = STYLED_ITEM ( 'NONE', ( #4333 ), #2459 ) ;
#4187 = CARTESIAN_POINT ( 'NONE',  ( 0.09741124437714691886, 0.03866513153763358884, 0.02000000000000000042 ) ) ;
#4188 = EDGE_LOOP ( 'NONE', ( #1937, #1194, #3611, #3057 ) ) ;
#4189 = CARTESIAN_POINT ( 'NONE',  ( 0.04101519843507079460, -0.03526863184783870370, 0.0000000000000000000 ) ) ;
#4190 = ORIENTED_EDGE ( 'NONE', *, *, #2495, .F. ) ;
#4191 = LINE ( 'NONE', #152, #1904 ) ;
#4192 = CIRCLE ( 'NONE', #2785, 0.01000000000000002623 ) ;
#4193 = CARTESIAN_POINT ( 'NONE',  ( 1.000000000000000000, -0.7899999999999994804, -0.02000000000000000042 ) ) ;
#4194 = CARTESIAN_POINT ( 'NONE',  ( -0.3999999999999999667, -0.7899999999999990363, 0.0000000000000000000 ) ) ;
#4195 = FACE_OUTER_BOUND ( 'NONE', #118, .T. ) ;
#4196 = LINE ( 'NONE', #884, #615 ) ;
#4197 = MECHANICAL_DESIGN_GEOMETRIC_PRESENTATION_REPRESENTATION (  '', ( #901 ), #2630 ) ;
#4198 = CARTESIAN_POINT ( 'NONE',  ( -0.9899999999999997691, -2.683400376901623474E-16, 0.7699999999999999067 ) ) ;
#4199 = CARTESIAN_POINT ( 'NONE',  ( 0.1019561767432239086, -0.0009496325096544256002, 0.0000000000000000000 ) ) ;
#4200 = ORIENTED_EDGE ( 'NONE', *, *, #1850, .F. ) ;
#4201 = COLOUR_RGB ( '',1.000000000000000000, 1.000000000000000000, 1.000000000000000000 ) ;
#4202 = ADVANCED_FACE ( 'NONE', ( #3953 ), #4844, .T. ) ;
#4203 = STYLED_ITEM ( 'NONE', ( #145 ), #4495 ) ;
#4204 = EDGE_CURVE ( 'NONE', #4130, #1353, #3527, .T. ) ;
#4205 = FILL_AREA_STYLE ('',( #866 ) ) ;
#4206 = FILL_AREA_STYLE_COLOUR ( '', #3740 ) ;
#4207 =( NAMED_UNIT ( * ) SI_UNIT ( $, .STERADIAN. ) SOLID_ANGLE_UNIT ( ) );
#4208 = FILL_AREA_STYLE ('',( #456 ) ) ;
#4209 = CARTESIAN_POINT ( 'NONE',  ( 0.06453606230644831632, -0.05259983327356741734, 0.0000000000000000000 ) ) ;
#4210 = PRESENTATION_STYLE_ASSIGNMENT (( #3759 ) ) ;
#4211 = CARTESIAN_POINT ( 'NONE',  ( -0.1321156164828688750, 0.001643150175113375746, 0.02000000000000000042 ) ) ;
#4212 = ORIENTED_EDGE ( 'NONE', *, *, #626, .T. ) ;
#4213 =( NAMED_UNIT ( * ) PLANE_ANGLE_UNIT ( ) SI_UNIT ( $, .RADIAN. ) );
#4214 = UNCERTAINTY_MEASURE_WITH_UNIT (LENGTH_MEASURE( 1.000000000000000082E-05 ), #140, 'distance_accuracy_value', 'NONE');
#4215 = PRESENTATION_STYLE_ASSIGNMENT (( #131 ) ) ;
#4216 = SURFACE_STYLE_USAGE ( .BOTH. , #5043 ) ;
#4217 =( LENGTH_UNIT ( ) NAMED_UNIT ( * ) SI_UNIT ( .MILLI., .METRE. ) );
#4218 = CARTESIAN_POINT ( 'NONE',  ( 0.06668211916677813100, -0.04167107087222894635, 0.02000000000000000042 ) ) ;
#4219 = PRESENTATION_STYLE_ASSIGNMENT (( #3341 ) ) ;
#4220 = EDGE_LOOP ( 'NONE', ( #1625, #1489, #1486, #2448 ) ) ;
#4221 = CARTESIAN_POINT ( 'NONE',  ( 0.06853044233750983649, -0.05264668062832651013, 0.0000000000000000000 ) ) ;
#4222 = PLANE ( 'NONE',  #796 ) ;
#4223 = AXIS2_PLACEMENT_3D ( 'NONE', #3584, #5227, #4818 ) ;
#4224 = CARTESIAN_POINT ( 'NONE',  ( 0.9899999999999999911, -0.7899999999999994804, 0.7699999999999999067 ) ) ;
#4225 = DIRECTION ( 'NONE',  ( 1.000000000000000000, 0.0000000000000000000, 0.0000000000000000000 ) ) ;
#4226 = EDGE_CURVE ( 'NONE', #2904, #3138, #3612, .T. ) ;
#4227 = CARTESIAN_POINT ( 'NONE',  ( 0.0000000000000000000, 0.0000000000000000000, 0.0000000000000000000 ) ) ;
#4228 = PRESENTATION_LAYER_ASSIGNMENT (  '', '', ( #2051 ) ) ;
#4229 = MECHANICAL_DESIGN_GEOMETRIC_PRESENTATION_REPRESENTATION (  '', ( #2318 ), #3978 ) ;
#4230 = DIRECTION ( 'NONE',  ( 0.0000000000000000000, -1.000000000000000000, 0.0000000000000000000 ) ) ;
#4231 = VECTOR ( 'NONE', #1258, 1000.000000000000000 ) ;
#4232 = DIRECTION ( 'NONE',  ( 0.0000000000000000000, -1.000000000000000000, 0.0000000000000000000 ) ) ;
#4233 = PRESENTATION_STYLE_ASSIGNMENT (( #916 ) ) ;
#4234 = MECHANICAL_DESIGN_GEOMETRIC_PRESENTATION_REPRESENTATION (  '', ( #4824 ), #1712 ) ;
#4235 = EDGE_CURVE ( 'NONE', #690, #4139, #4934, .T. ) ;
#4236 = B_SPLINE_SURFACE_WITH_KNOTS ( 'NONE', 3, 1, ( 
 ( #2125, #5329 ),
 ( #4974, #1693 ),
 ( #3721, #3769 ),
 ( #831, #4572 ),
 ( #3266, #4921 ),
 ( #4521, #2075 ),
 ( #4175, #14 ),
 ( #1202, #2452 ),
 ( #449, #3793 ),
 ( #4550, #3343 ),
 ( #39, #1672 ),
 ( #3318, #1647 ),
 ( #1259, #2857 ),
 ( #4123, #2931 ),
 ( #398, #3294 ),
 ( #4950, #474 ),
 ( #2098, #4995 ),
 ( #4199, #1285 ),
 ( #84, #4599 ) ),
 .UNSPECIFIED., .F., .F., .F.,
 ( 4, 1, 1, 1, 1, 1, 1, 1, 1, 1, 1, 1, 1, 1, 1, 1, 4 ),
 ( 2, 2 ),
 ( 0.0000000000000000000, 0.06460397028839230671, 0.1267024139629473467, 0.1867568140356183348, 0.2455056873654374860, 0.3036520244499754662, 0.3615030739706254770, 0.4202402229284675772, 0.4800333407766962934, 0.5406781347755160727, 0.6011918063807818458, 0.6623335024774423818, 0.7247395102972318259, 0.7894677361728866805, 0.8565048600438308624, 0.9263120958391902748, 1.000000000000000000 ),
 ( 0.0000000000000000000, 1.000000000000000000 ),
 .UNSPECIFIED. ) ;
#4237 =( NAMED_UNIT ( * ) PLANE_ANGLE_UNIT ( ) SI_UNIT ( $, .RADIAN. ) );
#4238 = VECTOR ( 'NONE', #720, 1000.000000000000000 ) ;
#4239 = UNCERTAINTY_MEASURE_WITH_UNIT (LENGTH_MEASURE( 1.000000000000000082E-05 ), #742, 'distance_accuracy_value', 'NONE');
#4240 = CARTESIAN_POINT ( 'NONE',  ( 0.04101519843507079460, 0.0000000000000000000, 0.02000000000000000042 ) ) ;
#4241 = SURFACE_STYLE_FILL_AREA ( #5091 ) ;
#4242 = CARTESIAN_POINT ( 'NONE',  ( -0.08452452241533453536, -0.05132466510277362143, 0.02000000000000000042 ) ) ;
#4243 = VECTOR ( 'NONE', #457, 1000.000000000000114 ) ;
#4244 = VERTEX_POINT ( 'NONE', #1538 ) ;
#4245 = CARTESIAN_POINT ( 'NONE',  ( -0.0000000000000000000, -0.01240277818930212231, 0.02000000000000000042 ) ) ;
#4246 = PRESENTATION_STYLE_ASSIGNMENT (( #2607 ) ) ;
#4247 = CARTESIAN_POINT ( 'NONE',  ( -0.1670259601015145756, -0.01240277818930212231, 0.02000000000000000042 ) ) ;
#4248 = VERTEX_POINT ( 'NONE', #4127 ) ;
#4249 =( GEOMETRIC_REPRESENTATION_CONTEXT ( 3 ) GLOBAL_UNCERTAINTY_ASSIGNED_CONTEXT ( ( #3437 ) ) GLOBAL_UNIT_ASSIGNED_CONTEXT ( ( #1301, #4213, #2231 ) ) REPRESENTATION_CONTEXT ( 'NONE', 'WORKASPACE' ) );
#4250 = SURFACE_STYLE_FILL_AREA ( #5042 ) ;
#4251 = CARTESIAN_POINT ( 'NONE',  ( -0.1850042702159723496, 0.03067524909762595064, 0.02000000000000000042 ) ) ;
#4252 = SURFACE_STYLE_USAGE ( .BOTH. , #4597 ) ;
#4253 = VECTOR ( 'NONE', #4688, 1000.000000000000000 ) ;
#4254 = FILL_AREA_STYLE ('',( #5077 ) ) ;
#4255 = CARTESIAN_POINT ( 'NONE',  ( 0.05290533311314865594, -0.04010966585977945170, 0.0000000000000000000 ) ) ;
#4256 = EDGE_LOOP ( 'NONE', ( #5034, #3787, #1715, #5292 ) ) ;
#4257 = CARTESIAN_POINT ( 'NONE',  ( -0.1835465393698072489, 0.03637770961557593857, 0.0000000000000000000 ) ) ;
#4258 = FILL_AREA_STYLE_COLOUR ( '', #4932 ) ;
#4259 = DIRECTION ( 'NONE',  ( 0.3363908276654490881, -0.9417224702971432881, 0.0000000000000000000 ) ) ;
#4260 = FILL_AREA_STYLE_COLOUR ( '', #1852 ) ;
#4261 = FILL_AREA_STYLE ('',( #117 ) ) ;
#4262 = ORIENTED_EDGE ( 'NONE', *, *, #913, .T. ) ;
#4263 = UNCERTAINTY_MEASURE_WITH_UNIT (LENGTH_MEASURE( 1.000000000000000082E-05 ), #5319, 'distance_accuracy_value', 'NONE');
#4264 = PRESENTATION_LAYER_ASSIGNMENT (  '', '', ( #4851 ) ) ;
#4265 = DIRECTION ( 'NONE',  ( -0.0000000000000000000, -1.000000000000000000, 0.0000000000000000000 ) ) ;
#4266 = FILL_AREA_STYLE_COLOUR ( '', #4118 ) ;
#4267 = UNCERTAINTY_MEASURE_WITH_UNIT (LENGTH_MEASURE( 1.000000000000000082E-05 ), #3123, 'distance_accuracy_value', 'NONE');
#4268 =( NAMED_UNIT ( * ) PLANE_ANGLE_UNIT ( ) SI_UNIT ( $, .RADIAN. ) );
#4269 = PRESENTATION_LAYER_ASSIGNMENT (  '', '', ( #629 ) ) ;
#4270 = CARTESIAN_POINT ( 'NONE',  ( -0.1321151465519817825, -0.002058304932619998539, 0.02000000000000000042 ) ) ;
#4271 = ADVANCED_FACE ( 'NONE', ( #1139 ), #2409, .F. ) ;
#4272 = EDGE_CURVE ( 'NONE', #3924, #5109, #1164, .T. ) ;
#4273 = COLOUR_RGB ( '',1.000000000000000000, 1.000000000000000000, 1.000000000000000000 ) ;
#4274 = CARTESIAN_POINT ( 'NONE',  ( -0.1819459296137097282, 0.02936551449362471283, 0.0000000000000000000 ) ) ;
#4275 = DIRECTION ( 'NONE',  ( -1.000000000000000000, -0.0000000000000000000, -0.0000000000000000000 ) ) ;
#4276 = ORIENTED_EDGE ( 'NONE', *, *, #4171, .T. ) ;
#4277 = CARTESIAN_POINT ( 'NONE',  ( 0.008088369166778127534, 0.03759722181069789088, 0.0000000000000000000 ) ) ;
#4278 = CARTESIAN_POINT ( 'NONE',  ( 0.4099999999999999756, -0.7899999999999994804, -0.02000000000000000042 ) ) ;
#4279 = ORIENTED_EDGE ( 'NONE', *, *, #1103, .F. ) ;
#4280 = FILL_AREA_STYLE_COLOUR ( '', #4601 ) ;
#4281 = DIRECTION ( 'NONE',  ( -0.0000000000000000000, 0.0000000000000000000, 1.000000000000000000 ) ) ;
#4282 = CARTESIAN_POINT ( 'NONE',  ( 0.1751615398984854577, -0.05142716843320455783, 0.0000000000000000000 ) ) ;
#4283 = FILL_AREA_STYLE ('',( #639 ) ) ;
#4284 = CARTESIAN_POINT ( 'NONE',  ( 0.0000000000000000000, 0.03637770961557593857, 0.02000000000000000042 ) ) ;
#4285 = CARTESIAN_POINT ( 'NONE',  ( 0.1146791113156732517, -0.01384547478396850641, 0.02000000000000000042 ) ) ;
#4286 = STYLED_ITEM ( 'NONE', ( #482 ), #4655 ) ;
#4287 = SURFACE_STYLE_USAGE ( .BOTH. , #2618 ) ;
#4288 = DIRECTION ( 'NONE',  ( -1.000000000000000000, -0.0000000000000000000, -0.0000000000000000000 ) ) ;
#4289 = ORIENTED_EDGE ( 'NONE', *, *, #2495, .T. ) ;
#4290 = LINE ( 'NONE', #3345, #424 ) ;
#4291 = VECTOR ( 'NONE', #1340, 1000.000000000000000 ) ;
#4292 = SURFACE_STYLE_USAGE ( .BOTH. , #200 ) ;
#4293 = B_SPLINE_SURFACE_WITH_KNOTS ( 'NONE', 3, 1, ( 
 ( #4221, #569 ),
 ( #2531, #87 ),
 ( #1342, #5029 ),
 ( #972, #508 ),
 ( #1314, #2957 ),
 ( #4686, #4651 ),
 ( #1677, #2186 ),
 ( #3853, #1783 ),
 ( #2621, #2316 ),
 ( #646, #3570 ),
 ( #4337, #1887 ),
 ( #1840, #3458 ),
 ( #698, #1447 ),
 ( #5214, #4414 ),
 ( #4311, #1867 ),
 ( #3490, #2288 ),
 ( #669, #4386 ),
 ( #3076, #2719 ),
 ( #4735, #3991 ) ),
 .UNSPECIFIED., .F., .F., .F.,
 ( 4, 1, 1, 1, 1, 1, 1, 1, 1, 1, 1, 1, 1, 1, 1, 1, 4 ),
 ( 2, 2 ),
 ( 0.0000000000000000000, 0.06783324845577361206, 0.1326555365079041815, 0.1950508840508279329, 0.2555829330687772738, 0.3147998341472899586, 0.3736004728263744856, 0.4325455953267435261, 0.4924306292835653465, 0.5526712559629696209, 0.6125130441881164733, 0.6726102503570065005, 0.7338383693139460817, 0.7965942385677740045, 0.8614497992905733037, 0.9291989423509054991, 1.000000000000000000 ),
 ( 0.0000000000000000000, 1.000000000000000000 ),
 .UNSPECIFIED. ) ;
#4294 = AXIS2_PLACEMENT_3D ( 'NONE', #4559, #2139, #5009 ) ;
#4295 = PRESENTATION_STYLE_ASSIGNMENT (( #980 ) ) ;
#4296 = ORIENTED_EDGE ( 'NONE', *, *, #3362, .T. ) ;
#4297 = DIRECTION ( 'NONE',  ( -0.0000000000000000000, -0.0000000000000000000, -1.000000000000000000 ) ) ;
#4298 = B_SPLINE_CURVE_WITH_KNOTS ( 'NONE', 3,
 ( #5099, #5158, #3869, #3121, #1436, #2206, #3481, #5132, #2304, #3145, #635 ),
 .UNSPECIFIED., .F., .F.,
 ( 4, 1, 1, 1, 1, 1, 1, 1, 4 ),
 ( 0.0000000000000000000, 0.1124483899088010164, 0.2265276752126777204, 0.3444019493260284670, 0.4658649724874589504, 0.5916594493521171172, 0.7221684870248873400, 0.8586063875549265756, 1.000000000000000000 ),
 .UNSPECIFIED. ) ;
#4299 = FILL_AREA_STYLE_COLOUR ( '', #4785 ) ;
#4300 = SURFACE_STYLE_FILL_AREA ( #3475 ) ;
#4301 = CARTESIAN_POINT ( 'NONE',  ( -0.05166772839419750407, 0.04857283156679546160, 0.0000000000000000000 ) ) ;
#4302 = VERTEX_POINT ( 'NONE', #4084 ) ;
#4303 = CARTESIAN_POINT ( 'NONE',  ( -1.000000000000000000, -0.7999999999999994893, 0.0000000000000000000 ) ) ;
#4304 = PRODUCT_DEFINITION ( 'Î´Öª', '', #1432, #740 ) ;
#4305 = EDGE_CURVE ( 'NONE', #5051, #4996, #1595, .T. ) ;
#4306 = CARTESIAN_POINT ( 'NONE',  ( 0.4100000000000000866, 0.7900000000000003686, -0.02000000000000000042 ) ) ;
#4307 = ORIENTED_EDGE ( 'NONE', *, *, #3155, .F. ) ;
#4308 = CARTESIAN_POINT ( 'NONE',  ( -0.1852891269062487134, 0.02976449793893575640, 0.02000000000000000042 ) ) ;
#4309 = EDGE_CURVE ( 'NONE', #1407, #344, #1214, .T. ) ;
#4310 = CARTESIAN_POINT ( 'NONE',  ( 0.06443364355702201063, 0.03881673400581983624, 0.0000000000000000000 ) ) ;
#4311 = CARTESIAN_POINT ( 'NONE',  ( 0.1137036576331491439, -0.01875254642722214496, 0.0000000000000000000 ) ) ;
#4312 = ORIENTED_EDGE ( 'NONE', *, *, #4956, .T. ) ;
#4313 = CARTESIAN_POINT ( 'NONE',  ( -0.1173453456940118655, -0.01343148732641178192, 0.02000000000000000042 ) ) ;
#4314 = MECHANICAL_DESIGN_GEOMETRIC_PRESENTATION_REPRESENTATION (  '', ( #2230 ), #4055 ) ;
#4315 =( NAMED_UNIT ( * ) SI_UNIT ( $, .STERADIAN. ) SOLID_ANGLE_UNIT ( ) );
#4316 = CARTESIAN_POINT ( 'NONE',  ( -1.000000000000000000, 0.8000000000000003775, 0.7800000000000000266 ) ) ;
#4317 = VERTEX_POINT ( 'NONE', #2840 ) ;
#4318 = DIRECTION ( 'NONE',  ( -0.0000000000000000000, 0.0000000000000000000, 1.000000000000000000 ) ) ;
#4319 = ORIENTED_EDGE ( 'NONE', *, *, #3710, .T. ) ;
#4320 = VECTOR ( 'NONE', #4389, 1000.000000000000000 ) ;
#4321 = PRESENTATION_STYLE_ASSIGNMENT (( #2655 ) ) ;
#4322 = ORIENTED_EDGE ( 'NONE', *, *, #656, .T. ) ;
#4323 = AXIS2_PLACEMENT_3D ( 'NONE', #4611, #1388, #5121 ) ;
#4324 = AXIS2_PLACEMENT_3D ( 'NONE', #4640, #2602, #3863 ) ;
#4325 = PRESENTATION_LAYER_ASSIGNMENT (  '', '', ( #1893 ) ) ;
#4326 = CARTESIAN_POINT ( 'NONE',  ( 0.1074078274159683127, 0.02737346730674929118, 0.0000000000000000000 ) ) ;
#4327 = CARTESIAN_POINT ( 'NONE',  ( 0.06454797282531471447, 0.04979234376191740696, 0.02000000000000000042 ) ) ;
#4328 = VECTOR ( 'NONE', #3761, 1000.000000000000000 ) ;
#4329 = ORIENTED_EDGE ( 'NONE', *, *, #326, .F. ) ;
#4330 = EDGE_CURVE ( 'NONE', #2536, #747, #713, .T. ) ;
#4331 = VECTOR ( 'NONE', #5140, 1000.000000000000000 ) ;
#4332 = CARTESIAN_POINT ( 'NONE',  ( 0.3999999999999999667, -0.7899999999999990363, -0.02000000000000000042 ) ) ;
#4333 = PRESENTATION_STYLE_ASSIGNMENT (( #2691 ) ) ;
#4334 = MECHANICAL_DESIGN_GEOMETRIC_PRESENTATION_REPRESENTATION (  '', ( #1542 ), #1727 ) ;
#4335 = VECTOR ( 'NONE', #1826, 1000.000000000000000 ) ;
#4336 = CARTESIAN_POINT ( 'NONE',  ( -0.1854139174185877315, 0.02936551449362472671, 0.02000000000000000042 ) ) ;
#4337 = CARTESIAN_POINT ( 'NONE',  ( 0.1057056292512909695, -0.03564792269969140059, 0.0000000000000000000 ) ) ;
#4338 = EDGE_CURVE ( 'NONE', #2945, #408, #2199, .T. ) ;
#4339 =( NAMED_UNIT ( * ) SI_UNIT ( $, .STERADIAN. ) SOLID_ANGLE_UNIT ( ) );
#4340 = CARTESIAN_POINT ( 'NONE',  ( -0.07988800278444142811, 0.04857283156679546160, 0.02000000000000000042 ) ) ;
#4341 = SURFACE_SIDE_STYLE ('',( #3574 ) ) ;
#4342 = DIRECTION ( 'NONE',  ( -0.0000000000000000000, 0.0000000000000000000, 1.000000000000000000 ) ) ;
#4343 = CIRCLE ( 'NONE', #4937, 0.01000000000000002623 ) ;
#4344 = CARTESIAN_POINT ( 'NONE',  ( -0.09195255481482061954, 0.03633356115639694434, 0.0000000000000000000 ) ) ;
#4345 = SURFACE_STYLE_USAGE ( .BOTH. , #652 ) ;
#4346 = ORIENTED_EDGE ( 'NONE', *, *, #5048, .T. ) ;
#4347 = FACE_OUTER_BOUND ( 'NONE', #1177, .T. ) ;
#4348 = SURFACE_STYLE_USAGE ( .BOTH. , #182 ) ;
#4349 = STYLED_ITEM ( 'NONE', ( #2097 ), #2533 ) ;
#4350 = VERTEX_POINT ( 'NONE', #5060 ) ;
#4351 = DIRECTION ( 'NONE',  ( 0.0000000000000000000, 1.000000000000000000, 0.0000000000000000000 ) ) ;
#4352 = COLOUR_RGB ( '',1.000000000000000000, 1.000000000000000000, 1.000000000000000000 ) ;
#4353 = CARTESIAN_POINT ( 'NONE',  ( 0.1145991421934219601, 0.008007280745517920267, 0.0000000000000000000 ) ) ;
#4354 = CARTESIAN_POINT ( 'NONE',  ( 0.06111542047813296741, 0.04976773831188853470, 0.0000000000000000000 ) ) ;
#4355 = ORIENTED_EDGE ( 'NONE', *, *, #3389, .F. ) ;
#4356 = STYLED_ITEM ( 'NONE', ( #2828 ), #2397 ) ;
#4357 = PRESENTATION_STYLE_ASSIGNMENT (( #1061 ) ) ;
#4358 = CARTESIAN_POINT ( 'NONE',  ( 0.1105188921413042258, -0.02775078045520109823, 0.02000000000000000042 ) ) ;
#4359 = CARTESIAN_POINT ( 'NONE',  ( 0.09158621324189829271, 0.02767934171637870602, 0.0000000000000000000 ) ) ;
#4360 = LINE ( 'NONE', #5263, #2120 ) ;
#4361 = VERTEX_POINT ( 'NONE', #1351 ) ;
#4362 = COLOUR_RGB ( '',0.7529411764705882248, 0.7529411764705882248, 0.7529411764705882248 ) ;
#4363 = LINE ( 'NONE', #3961, #4078 ) ;
#4364 = SURFACE_STYLE_FILL_AREA ( #1916 ) ;
#4365 = MECHANICAL_DESIGN_GEOMETRIC_PRESENTATION_REPRESENTATION (  '', ( #4870 ), #3583 ) ;
#4366 = ORIENTED_EDGE ( 'NONE', *, *, #3709, .F. ) ;
#4367 = CARTESIAN_POINT ( 'NONE',  ( -0.1134692097666577248, 0.03848777963531620216, 0.0000000000000000000 ) ) ;
#4368 = EDGE_CURVE ( 'NONE', #4494, #5126, #650, .T. ) ;
#4369 = EDGE_CURVE ( 'NONE', #981, #3739, #4666, .T. ) ;
#4370 = MECHANICAL_DESIGN_GEOMETRIC_PRESENTATION_REPRESENTATION (  '', ( #4789 ), #3683 ) ;
#4371 = CARTESIAN_POINT ( 'NONE',  ( -0.1127740867112080464, 0.02271736655063532825, 0.02000000000000000042 ) ) ;
#4372 = DIRECTION ( 'NONE',  ( -1.000000000000000000, 0.0000000000000000000, 0.0000000000000000000 ) ) ;
#4373 = VECTOR ( 'NONE', #1504, 1000.000000000000000 ) ;
#4374 = SURFACE_STYLE_FILL_AREA ( #3968 ) ;
#4375 = CARTESIAN_POINT ( 'NONE',  ( -0.09001032846887320471, -0.05062682324193565342, 0.0000000000000000000 ) ) ;
#4376 = VECTOR ( 'NONE', #1268, 1000.000000000000000 ) ;
#4377 = ORIENTED_EDGE ( 'NONE', *, *, #4163, .T. ) ;
#4378 = PLANE ( 'NONE',  #3898 ) ;
#4379 = ORIENTED_EDGE ( 'NONE', *, *, #5020, .F. ) ;
#4380 = CARTESIAN_POINT ( 'NONE',  ( 0.04101519843507079460, -0.04624424160393626748, 0.02000000000000000042 ) ) ;
#4381 =( NAMED_UNIT ( * ) PLANE_ANGLE_UNIT ( ) SI_UNIT ( $, .RADIAN. ) );
#4382 = LINE ( 'NONE', #1859, #4169 ) ;
#4383 =( NAMED_UNIT ( * ) SI_UNIT ( $, .STERADIAN. ) SOLID_ANGLE_UNIT ( ) );
#4384 = LINE ( 'NONE', #2717, #416 ) ;
#4385 = MECHANICAL_DESIGN_GEOMETRIC_PRESENTATION_REPRESENTATION (  '', ( #1345 ), #2379 ) ;
#4386 = CARTESIAN_POINT ( 'NONE',  ( 0.1153130250456926992, -0.008671927595413150489, 0.01999999999999999695 ) ) ;
#4387 = CARTESIAN_POINT ( 'NONE',  ( -0.9999999999999995559, -0.7899999999999994804, 0.7699999999999999067 ) ) ;
#4388 = CARTESIAN_POINT ( 'NONE',  ( 0.1239420277033635165, -0.05142716843320455783, 0.0000000000000000000 ) ) ;
#4389 = DIRECTION ( 'NONE',  ( -2.710505431213761578E-16, 1.000000000000000000, -0.0000000000000000000 ) ) ;
#4390 = SURFACE_STYLE_USAGE ( .BOTH. , #2722 ) ;
#4391 = CARTESIAN_POINT ( 'NONE',  ( -0.08809941740489546369, 0.03706532125010574691, 0.0000000000000000000 ) ) ;
#4392 = DIRECTION ( 'NONE',  ( -0.0000000000000000000, -1.000000000000000000, -0.0000000000000000000 ) ) ;
#4393 = EDGE_LOOP ( 'NONE', ( #2297, #4165, #4485, #1856, #3893, #4855, #554, #3079, #2, #4968, #5202, #4663 ) ) ;
#4394 = ADVANCED_FACE ( 'NONE', ( #25 ), #2915, .F. ) ;
#4395 = SPHERICAL_SURFACE ( 'NONE', #5219, 0.01000000000000000021 ) ;
#4396 = UNCERTAINTY_MEASURE_WITH_UNIT (LENGTH_MEASURE( 1.000000000000000082E-05 ), #2783, 'distance_accuracy_value', 'NONE');
#4397 = STYLED_ITEM ( 'NONE', ( #2616 ), #1780 ) ;
#4398 = DIRECTION ( 'NONE',  ( 1.000000000000000000, 0.0000000000000000000, 0.0000000000000000000 ) ) ;
#4399 = ADVANCED_FACE ( 'NONE', ( #3303 ), #1764, .F. ) ;
#4400 =( LENGTH_UNIT ( ) NAMED_UNIT ( * ) SI_UNIT ( .MILLI., .METRE. ) );
#4401 = FILL_AREA_STYLE ('',( #260 ) ) ;
#4402 = ORIENTED_EDGE ( 'NONE', *, *, #2234, .F. ) ;
#4403 = STYLED_ITEM ( 'NONE', ( #4295 ), #682 ) ;
#4404 = DIRECTION ( 'NONE',  ( 0.0000000000000000000, 1.000000000000000000, 0.0000000000000000000 ) ) ;
#4405 = FACE_OUTER_BOUND ( 'NONE', #3998, .T. ) ;
#4406 =( GEOMETRIC_REPRESENTATION_CONTEXT ( 3 ) GLOBAL_UNCERTAINTY_ASSIGNED_CONTEXT ( ( #4239 ) ) GLOBAL_UNIT_ASSIGNED_CONTEXT ( ( #742, #1122, #5286 ) ) REPRESENTATION_CONTEXT ( 'NONE', 'WORKASPACE' ) );
#4407 = CARTESIAN_POINT ( 'NONE',  ( -0.1906921186380999556, 0.04857283156679546160, 0.0000000000000000000 ) ) ;
#4408 = MECHANICAL_DESIGN_GEOMETRIC_PRESENTATION_REPRESENTATION (  '', ( #769 ), #419 ) ;
#4409 = SURFACE_STYLE_FILL_AREA ( #4761 ) ;
#4410 = CARTESIAN_POINT ( 'NONE',  ( 0.1145991421934219601, 0.008007280745517920267, 0.0000000000000000000 ) ) ;
#4411 = VERTEX_POINT ( 'NONE', #71 ) ;
#4412 =( GEOMETRIC_REPRESENTATION_CONTEXT ( 3 ) GLOBAL_UNCERTAINTY_ASSIGNED_CONTEXT ( ( #3582 ) ) GLOBAL_UNIT_ASSIGNED_CONTEXT ( ( #1170, #774, #4090 ) ) REPRESENTATION_CONTEXT ( 'NONE', 'WORKASPACE' ) );
#4413 = VECTOR ( 'NONE', #5162, 1000.000000000000000 ) ;
#4414 = CARTESIAN_POINT ( 'NONE',  ( 0.1123087942912651405, -0.02338625798647066614, 0.01999999999999999695 ) ) ;
#4415 =( NAMED_UNIT ( * ) PLANE_ANGLE_UNIT ( ) SI_UNIT ( $, .RADIAN. ) );
#4416 = FACE_OUTER_BOUND ( 'NONE', #2046, .T. ) ;
#4417 = MECHANICAL_DESIGN_GEOMETRIC_PRESENTATION_REPRESENTATION (  '', ( #2582 ), #3453 ) ;
#4418 = STYLED_ITEM ( 'NONE', ( #1123 ), #3971 ) ;
#4419 = CARTESIAN_POINT ( 'NONE',  ( -0.1093678193611934274, 0.04118430849520685055, 0.0000000000000000000 ) ) ;
#4420 = LINE ( 'NONE', #2321, #1239 ) ;
#4421 = ORIENTED_EDGE ( 'NONE', *, *, #1382, .F. ) ;
#4422 = COLOUR_RGB ( '',0.2509803921568627416, 0.2509803921568627416, 0.2509803921568627416 ) ;
#4423 = EDGE_LOOP ( 'NONE', ( #5210, #2682, #4718, #3815 ) ) ;
#4424 = CARTESIAN_POINT ( 'NONE',  ( 1.000000000000000000, -0.7899999999999990363, -0.02000000000000000042 ) ) ;
#4425 = VECTOR ( 'NONE', #3315, 1000.000000000000000 ) ;
#4426 = CARTESIAN_POINT ( 'NONE',  ( -0.9899999999999999911, 0.8000000000000003775, 0.01000000000000002623 ) ) ;
#4427 = CARTESIAN_POINT ( 'NONE',  ( -0.1670259601015145756, -0.01240277818930211537, 0.0000000000000000000 ) ) ;
#4428 = SURFACE_SIDE_STYLE ('',( #1514 ) ) ;
#4429 = EDGE_LOOP ( 'NONE', ( #1111, #1451, #1322, #1678 ) ) ;
#4430 = EDGE_CURVE ( 'NONE', #2676, #5069, #1740, .T. ) ;
#4431 = EDGE_CURVE ( 'NONE', #1446, #2595, #1323, .T. ) ;
#4432 = SURFACE_SIDE_STYLE ('',( #2306 ) ) ;
#4433 = UNCERTAINTY_MEASURE_WITH_UNIT (LENGTH_MEASURE( 1.000000000000000082E-05 ), #2955, 'distance_accuracy_value', 'NONE');
#4434 = UNCERTAINTY_MEASURE_WITH_UNIT (LENGTH_MEASURE( 1.000000000000000082E-05 ), #1735, 'distance_accuracy_value', 'NONE');
#4435 = PRESENTATION_LAYER_ASSIGNMENT (  '', '', ( #4349 ) ) ;
#4436 = SURFACE_STYLE_FILL_AREA ( #1147 ) ;
#4437 = LINE ( 'NONE', #2038, #4238 ) ;
#4438 = LINE ( 'NONE', #1581, #4962 ) ;
#4439 = ORIENTED_EDGE ( 'NONE', *, *, #3389, .T. ) ;
#4440 =( GEOMETRIC_REPRESENTATION_CONTEXT ( 3 ) GLOBAL_UNCERTAINTY_ASSIGNED_CONTEXT ( ( #2315 ) ) GLOBAL_UNIT_ASSIGNED_CONTEXT ( ( #1049, #2698, #5142 ) ) REPRESENTATION_CONTEXT ( 'NONE', 'WORKASPACE' ) );
#4441 = UNCERTAINTY_MEASURE_WITH_UNIT (LENGTH_MEASURE( 1.000000000000000082E-05 ), #1068, 'distance_accuracy_value', 'NONE');
#4442 = CARTESIAN_POINT ( 'NONE',  ( 0.06718324297415062540, -0.05263088024728721642, 0.0000000000000000000 ) ) ;
#4443 = DIRECTION ( 'NONE',  ( 0.0000000000000000000, -1.000000000000000000, 0.0000000000000000000 ) ) ;
#4444 = LINE ( 'NONE', #649, #4320 ) ;
#4445 = CARTESIAN_POINT ( 'NONE',  ( 0.9899999999999999911, 0.7900000000000003686, -0.02000000000000000042 ) ) ;
#4446 = FACE_OUTER_BOUND ( 'NONE', #4429, .T. ) ;
#4447 = DIRECTION ( 'NONE',  ( -0.0000000000000000000, 0.0000000000000000000, 1.000000000000000000 ) ) ;
#4448 = SURFACE_STYLE_FILL_AREA ( #1920 ) ;
#4449 = DIRECTION ( 'NONE',  ( 0.0000000000000000000, -1.000000000000000000, 0.0000000000000000000 ) ) ;
#4450 = FACE_BOUND ( 'NONE', #1637, .T. ) ;
#4451 = CARTESIAN_POINT ( 'NONE',  ( -0.1173077827565763148, -0.03749386112162789164, 0.0000000000000000000 ) ) ;
#4452 = CARTESIAN_POINT ( 'NONE',  ( -0.1772774844917585080, 0.04857283156679546160, 0.02000000000000000042 ) ) ;
#4453 = VECTOR ( 'NONE', #4854, 1000.000000000000000 ) ;
#4454 = VERTEX_POINT ( 'NONE', #2564 ) ;
#4455 = PRESENTATION_STYLE_ASSIGNMENT (( #3680 ) ) ;
#4456 = STYLED_ITEM ( 'NONE', ( #1213 ), #3030 ) ;
#4457 = ORIENTED_EDGE ( 'NONE', *, *, #324, .T. ) ;
#4458 = CIRCLE ( 'NONE', #1583, 0.01000000000000002623 ) ;
#4459 = FACE_OUTER_BOUND ( 'NONE', #593, .T. ) ;
#4460 = EDGE_CURVE ( 'NONE', #2165, #144, #4458, .T. ) ;
#4461 = CARTESIAN_POINT ( 'NONE',  ( -0.1083532327981670401, -0.02997934922794803433, 0.0000000000000000000 ) ) ;
#4462 = VERTEX_POINT ( 'NONE', #2225 ) ;
#4463 = SURFACE_SIDE_STYLE ('',( #3151 ) ) ;
#4464 = ORIENTED_EDGE ( 'NONE', *, *, #3597, .F. ) ;
#4465 = SURFACE_SIDE_STYLE ('',( #3210 ) ) ;
#4466 = CARTESIAN_POINT ( 'NONE',  ( -0.1181488024692278482, 0.008372107518489088629, 0.02000000000000000042 ) ) ;
#4467 = LINE ( 'NONE', #3237, #1210 ) ;
#4468 = CARTESIAN_POINT ( 'NONE',  ( -0.1173077827565763148, -0.03749386112162789164, 0.02000000000000000042 ) ) ;
#4469 = CARTESIAN_POINT ( 'NONE',  ( -0.08800805235292732953, -0.03985086807317231999, 0.02000000000000000042 ) ) ;
#4470 = CARTESIAN_POINT ( 'NONE',  ( 0.05219405201708170877, 0.03724534652851265587, 0.02000000000000000042 ) ) ;
#4471 = CARTESIAN_POINT ( 'NONE',  ( 0.08409007586272043699, -0.03758719195508760519, 0.0000000000000000000 ) ) ;
#4472 = DIRECTION ( 'NONE',  ( 1.000000000000000000, 0.0000000000000000000, 0.0000000000000000000 ) ) ;
#4473 = CARTESIAN_POINT ( 'NONE',  ( -0.1238340427573265401, -0.02989705288505258712, 0.0000000000000000000 ) ) ;
#4474 =( NAMED_UNIT ( * ) SI_UNIT ( $, .STERADIAN. ) SOLID_ANGLE_UNIT ( ) );
#4475 =( NAMED_UNIT ( * ) PLANE_ANGLE_UNIT ( ) SI_UNIT ( $, .RADIAN. ) );
#4476 = CARTESIAN_POINT ( 'NONE',  ( 0.08003638292531038700, 0.04782570063483827794, 0.02000000000000000389 ) ) ;
#4477 =( NAMED_UNIT ( * ) SI_UNIT ( $, .STERADIAN. ) SOLID_ANGLE_UNIT ( ) );
#4478 = VERTEX_POINT ( 'NONE', #3892 ) ;
#4479 =( NAMED_UNIT ( * ) PLANE_ANGLE_UNIT ( ) SI_UNIT ( $, .RADIAN. ) );
#4480 = CARTESIAN_POINT ( 'NONE',  ( -0.1320375641534108913, 0.005187653600711915509, 0.02000000000000000042 ) ) ;
#4481 = SURFACE_STYLE_FILL_AREA ( #2813 ) ;
#4482 = ORIENTED_EDGE ( 'NONE', *, *, #4849, .T. ) ;
#4483 =( GEOMETRIC_REPRESENTATION_CONTEXT ( 3 ) GLOBAL_UNCERTAINTY_ASSIGNED_CONTEXT ( ( #5120 ) ) GLOBAL_UNIT_ASSIGNED_CONTEXT ( ( #5083, #5055, #3024 ) ) REPRESENTATION_CONTEXT ( 'NONE', 'WORKASPACE' ) );
#4484 = STYLED_ITEM ( 'NONE', ( #1279 ), #589 ) ;
#4485 = ORIENTED_EDGE ( 'NONE', *, *, #2298, .F. ) ;
#4486 = MECHANICAL_DESIGN_GEOMETRIC_PRESENTATION_REPRESENTATION (  '', ( #2833 ), #8 ) ;
#4487 = SURFACE_STYLE_USAGE ( .BOTH. , #4465 ) ;
#4488 = CARTESIAN_POINT ( 'NONE',  ( -0.1080594051631613151, 0.02810079546692825433, 0.02000000000000000042 ) ) ;
#4489 =( GEOMETRIC_REPRESENTATION_CONTEXT ( 3 ) GLOBAL_UNCERTAINTY_ASSIGNED_CONTEXT ( ( #845 ) ) GLOBAL_UNIT_ASSIGNED_CONTEXT ( ( #4533, #2487, #5338 ) ) REPRESENTATION_CONTEXT ( 'NONE', 'WORKASPACE' ) );
#4490 = CARTESIAN_POINT ( 'NONE',  ( 0.1751615398984854577, -0.05142716843320455783, 0.0000000000000000000 ) ) ;
#4491 = CARTESIAN_POINT ( 'NONE',  ( -0.09524146424215233775, -0.04956532539632807488, 0.02000000000000000042 ) ) ;
#4492 = MECHANICAL_DESIGN_GEOMETRIC_PRESENTATION_REPRESENTATION (  '', ( #183 ), #1717 ) ;
#4493 = LINE ( 'NONE', #2882, #506 ) ;
#4494 = VERTEX_POINT ( 'NONE', #4795 ) ;
#4495 = ADVANCED_FACE ( 'NONE', ( #209 ), #4744, .F. ) ;
#4496 = CARTESIAN_POINT ( 'NONE',  ( 0.05819045005052256303, 0.03844512424191864203, 0.0000000000000000000 ) ) ;
#4497 = ADVANCED_FACE ( 'NONE', ( #1079 ), #5151, .F. ) ;
#4498 = AXIS2_PLACEMENT_3D ( 'NONE', #2713, #3979, #266 ) ;
#4499 = DIRECTION ( 'NONE',  ( -1.000000000000000000, -0.0000000000000000000, -0.0000000000000000000 ) ) ;
#4500 = SURFACE_STYLE_USAGE ( .BOTH. , #2049 ) ;
#4501 = COLOUR_RGB ( '',1.000000000000000000, 1.000000000000000000, 1.000000000000000000 ) ;
#4502 = PLANE ( 'NONE',  #2707 ) ;
#4503 = VECTOR ( 'NONE', #5206, 1000.000000000000000 ) ;
#4504 = CARTESIAN_POINT ( 'NONE',  ( -0.9899999999999999911, 0.7900000000000003686, -0.02000000000000000042 ) ) ;
#4505 = COLOUR_RGB ( '',1.000000000000000000, 0.5019607843137254832, 0.0000000000000000000 ) ;
#4506 = CARTESIAN_POINT ( 'NONE',  ( -0.9899999999999999911, 0.7900000000000003686, 0.01000000000000000021 ) ) ;
#4507 = CARTESIAN_POINT ( 'NONE',  ( 0.08920969066867187602, 0.04416724870735824066, 0.02000000000000000042 ) ) ;
#4508 = VERTEX_POINT ( 'NONE', #3473 ) ;
#4509 = VECTOR ( 'NONE', #622, 999.9999999999998863 ) ;
#4510 = CARTESIAN_POINT ( 'NONE',  ( 0.1019630262061557158, -0.003956362173513383942, 0.0000000000000000000 ) ) ;
#4511 = CARTESIAN_POINT ( 'NONE',  ( 0.07862035414570935077, -0.05189539677738639473, 0.0000000000000000000 ) ) ;
#4512 = ORIENTED_EDGE ( 'NONE', *, *, #875, .T. ) ;
#4513 = DIRECTION ( 'NONE',  ( 0.0000000000000000000, 0.0000000000000000000, 1.000000000000000000 ) ) ;
#4514 = ORIENTED_EDGE ( 'NONE', *, *, #4758, .T. ) ;
#4515 = COLOUR_RGB ( '',0.2509803921568627416, 0.2509803921568627416, 0.2509803921568627416 ) ;
#4516 = CARTESIAN_POINT ( 'NONE',  ( 0.06853044233750983649, -0.05264668062832651013, 0.0000000000000000000 ) ) ;
#4517 = SURFACE_STYLE_FILL_AREA ( #1092 ) ;
#4518 = CARTESIAN_POINT ( 'NONE',  ( -0.1313124031290753280, -0.01116384586967388362, 0.02000000000000000042 ) ) ;
#4519 = DIRECTION ( 'NONE',  ( 6.776263578034403945E-17, -1.000000000000000000, 0.0000000000000000000 ) ) ;
#4520 = SURFACE_SIDE_STYLE ('',( #2856 ) ) ;
#4521 = CARTESIAN_POINT ( 'NONE',  ( 0.07953927403968082122, 0.03610181444497451847, 0.0000000000000000000 ) ) ;
#4522 = VERTEX_POINT ( 'NONE', #1057 ) ;
#4523 =( GEOMETRIC_REPRESENTATION_CONTEXT ( 3 ) GLOBAL_UNCERTAINTY_ASSIGNED_CONTEXT ( ( #5237 ) ) GLOBAL_UNIT_ASSIGNED_CONTEXT ( ( #1554, #4415, #1129 ) ) REPRESENTATION_CONTEXT ( 'NONE', 'WORKASPACE' ) );
#4524 = CARTESIAN_POINT ( 'NONE',  ( 0.06853044233750983649, -0.05264668062832651013, 0.02000000000000000042 ) ) ;
#4525 = FILL_AREA_STYLE_COLOUR ( '', #2163 ) ;
#4526 = ADVANCED_FACE ( 'NONE', ( #2631 ), #4395, .T. ) ;
#4527 = ADVANCED_FACE ( 'NONE', ( #2705 ), #4102, .F. ) ;
#4528 = PRESENTATION_STYLE_ASSIGNMENT (( #2108 ) ) ;
#4529 = DIRECTION ( 'NONE',  ( 0.0000000000000000000, -0.0000000000000000000, 1.000000000000000000 ) ) ;
#4530 = DIRECTION ( 'NONE',  ( 0.0000000000000000000, 0.0000000000000000000, 1.000000000000000000 ) ) ;
#4531 = EDGE_CURVE ( 'NONE', #5313, #3937, #4025, .T. ) ;
#4532 =( LENGTH_UNIT ( ) NAMED_UNIT ( * ) SI_UNIT ( .MILLI., .METRE. ) );
#4533 =( LENGTH_UNIT ( ) NAMED_UNIT ( * ) SI_UNIT ( .MILLI., .METRE. ) );
#4534 = CARTESIAN_POINT ( 'NONE',  ( -0.1181655734298176913, -0.009338651004267995576, 0.02000000000000000042 ) ) ;
#4535 = SURFACE_STYLE_FILL_AREA ( #900 ) ;
#4536 = COLOUR_RGB ( '',1.000000000000000000, 1.000000000000000000, 1.000000000000000000 ) ;
#4537 = CARTESIAN_POINT ( 'NONE',  ( -0.1050472205807122528, 0.04349497766773110369, 0.02000000000000000042 ) ) ;
#4538 = SURFACE_SIDE_STYLE ('',( #4481 ) ) ;
#4539 = CARTESIAN_POINT ( 'NONE',  ( -0.09933242882829983189, -0.03640099706804591356, 0.0000000000000000000 ) ) ;
#4540 = ORIENTED_EDGE ( 'NONE', *, *, #4042, .T. ) ;
#4541 = VECTOR ( 'NONE', #1524, 1000.000000000000000 ) ;
#4542 = ORIENTED_EDGE ( 'NONE', *, *, #4840, .F. ) ;
#4543 = UNCERTAINTY_MEASURE_WITH_UNIT (LENGTH_MEASURE( 1.000000000000000082E-05 ), #3012, 'distance_accuracy_value', 'NONE');
#4544 = LINE ( 'NONE', #3235, #2327 ) ;
#4545 = DIRECTION ( 'NONE',  ( 1.000000000000000000, 0.0000000000000000000, 0.0000000000000000000 ) ) ;
#4546 = DIRECTION ( 'NONE',  ( 0.0000000000000000000, 0.0000000000000000000, -1.000000000000000000 ) ) ;
#4547 = B_SPLINE_CURVE_WITH_KNOTS ( 'NONE', 3,
 ( #3476, #2780, #4775, #364, #681, #3554, #4000, #4473, #2356, #4451, #1974, #4796, #734, #1163, #2756, #4375, #2407, #660, #2300 ),
 .UNSPECIFIED., .F., .F.,
 ( 4, 1, 1, 1, 1, 1, 1, 1, 1, 1, 1, 1, 1, 1, 1, 1, 4 ),
 ( 0.0000000000000000000, 0.06806869584499403159, 0.1334274328189550551, 0.1961460338131564562, 0.2570485924493126073, 0.3168826631591618592, 0.3761872086663213821, 0.4359603353635462253, 0.4965352368627260482, 0.5574653434807329555, 0.6176868634101470024, 0.6779436406969059359, 0.7388052848060400191, 0.8009493367665837527, 0.8648146674702262837, 0.9310247810786568268, 1.000000000000000000 ),
 .UNSPECIFIED. ) ;
#4548 = CARTESIAN_POINT ( 'NONE',  ( -0.1321151465519817825, -0.002058304932619998539, 0.02000000000000000042 ) ) ;
#4549 = CARTESIAN_POINT ( 'NONE',  ( -0.1147330947897678977, -0.02084589227115225471, 0.02000000000000000042 ) ) ;
#4550 = CARTESIAN_POINT ( 'NONE',  ( 0.09158621324189829271, 0.02767934171637870602, 0.0000000000000000000 ) ) ;
#4551 = ORIENTED_EDGE ( 'NONE', *, *, #4727, .T. ) ;
#4552 = CARTESIAN_POINT ( 'NONE',  ( 0.06668211916677813100, -0.04167107087222894635, 0.02000000000000000042 ) ) ;
#4553 = DIRECTION ( 'NONE',  ( 0.3222024856061125875, -0.9466707760722534726, 0.0000000000000000000 ) ) ;
#4554 = SURFACE_SIDE_STYLE ('',( #3297 ) ) ;
#4555 = VERTEX_POINT ( 'NONE', #1565 ) ;
#4556 = CARTESIAN_POINT ( 'NONE',  ( 0.06338528676293260500, 0.04978400931835656046, 0.02000000000000000042 ) ) ;
#4557 = CARTESIAN_POINT ( 'NONE',  ( -0.4100000000000000866, 0.8000000000000003775, 0.0000000000000000000 ) ) ;
#4558 = SURFACE_STYLE_FILL_AREA ( #2890 ) ;
#4559 = CARTESIAN_POINT ( 'NONE',  ( -0.06508236254053897940, 0.03759722181069789088, 0.0000000000000000000 ) ) ;
#4560 = VERTEX_POINT ( 'NONE', #4817 ) ;
#4561 = ADVANCED_FACE ( 'NONE', ( #5246 ), #4502, .F. ) ;
#4562 = EDGE_CURVE ( 'NONE', #1664, #238, #3830, .T. ) ;
#4563 = PRESENTATION_STYLE_ASSIGNMENT (( #151 ) ) ;
#4564 = CARTESIAN_POINT ( 'NONE',  ( 0.1154054423375098365, -0.003313601360033818517, 0.0000000000000000000 ) ) ;
#4565 = ORIENTED_EDGE ( 'NONE', *, *, #3064, .T. ) ;
#4566 = VERTEX_POINT ( 'NONE', #2963 ) ;
#4567 = PRESENTATION_LAYER_ASSIGNMENT (  '', '', ( #4397 ) ) ;
#4568 = CARTESIAN_POINT ( 'NONE',  ( 0.06128889015730553530, 0.03876918760082434523, 0.02000000000000000042 ) ) ;
#4569 = CARTESIAN_POINT ( 'NONE',  ( -0.1772774844917585080, 0.04857283156679546160, 0.0000000000000000000 ) ) ;
#4570 = SURFACE_SIDE_STYLE ('',( #2901 ) ) ;
#4571 = DIRECTION ( 'NONE',  ( 0.0000000000000000000, -0.0000000000000000000, -1.000000000000000000 ) ) ;
#4572 = CARTESIAN_POINT ( 'NONE',  ( 0.07232805158964131231, 0.03816948009609098108, 0.02000000000000000042 ) ) ;
#4573 = VERTEX_POINT ( 'NONE', #1290 ) ;
#4574 = VECTOR ( 'NONE', #2653, 1000.000000000000000 ) ;
#4575 = COLOUR_RGB ( '',1.000000000000000000, 1.000000000000000000, 1.000000000000000000 ) ;
#4576 = AXIS2_PLACEMENT_3D ( 'NONE', #1508, #1100, #1076 ) ;
#4577 = CARTESIAN_POINT ( 'NONE',  ( -0.1820970720066905080, 0.02982130229430093177, 0.0000000000000000000 ) ) ;
#4578 = CARTESIAN_POINT ( 'NONE',  ( -0.1854139174185877315, 0.02936551449362472671, 0.0000000000000000000 ) ) ;
#4579 = CARTESIAN_POINT ( 'NONE',  ( -0.9899999999999999911, 0.7900000000000003686, 0.7699999999999999067 ) ) ;
#4580 = VECTOR ( 'NONE', #4571, 1000.000000000000000 ) ;
#4581 = PRESENTATION_LAYER_ASSIGNMENT (  '', '', ( #183 ) ) ;
#4582 = VERTEX_POINT ( 'NONE', #3755 ) ;
#4583 = STYLED_ITEM ( 'NONE', ( #748 ), #519 ) ;
#4584 = CARTESIAN_POINT ( 'NONE',  ( 0.05341434585850124428, -0.05108887305884075858, 0.0000000000000000000 ) ) ;
#4585 = ORIENTED_EDGE ( 'NONE', *, *, #1273, .T. ) ;
#4586 = PRESENTATION_LAYER_ASSIGNMENT (  '', '', ( #1542 ) ) ;
#4587 = DIRECTION ( 'NONE',  ( 0.0000000000000000000, -0.0000000000000000000, -1.000000000000000000 ) ) ;
#4588 = CARTESIAN_POINT ( 'NONE',  ( 0.1152766537620042442, 0.002439584907804642072, 0.02000000000000000042 ) ) ;
#4589 = SURFACE_STYLE_USAGE ( .BOTH. , #2088 ) ;
#4590 = AXIS2_PLACEMENT_3D ( 'NONE', #1235, #360, #3189 ) ;
#4591 = DIRECTION ( 'NONE',  ( 0.0000000000000000000, 0.0000000000000000000, -1.000000000000000000 ) ) ;
#4592 = EDGE_CURVE ( 'NONE', #415, #2524, #1842, .T. ) ;
#4593 = CIRCLE ( 'NONE', #2507, 0.01000000000000000021 ) ;
#4594 = EDGE_CURVE ( 'NONE', #2367, #347, #5307, .T. ) ;
#4595 = ORIENTED_EDGE ( 'NONE', *, *, #5247, .F. ) ;
#4596 = DIRECTION ( 'NONE',  ( -0.0000000000000000000, -0.0000000000000000000, -1.000000000000000000 ) ) ;
#4597 = SURFACE_SIDE_STYLE ('',( #1282 ) ) ;
#4598 = DIRECTION ( 'NONE',  ( 0.0000000000000000000, 0.0000000000000000000, -1.000000000000000000 ) ) ;
#4599 = CARTESIAN_POINT ( 'NONE',  ( 0.1019908081911683750, -0.002494241603936259415, 0.02000000000000000042 ) ) ;
#4600 = EDGE_LOOP ( 'NONE', ( #1412, #4565, #2241, #1102 ) ) ;
#4601 = COLOUR_RGB ( '',0.7529411764705882248, 0.7529411764705882248, 0.7529411764705882248 ) ;
#4602 = CARTESIAN_POINT ( 'NONE',  ( 0.08331198182371676864, -0.05083214528771197449, 0.02000000000000000042 ) ) ;
#4603 =( NAMED_UNIT ( * ) PLANE_ANGLE_UNIT ( ) SI_UNIT ( $, .RADIAN. ) );
#4604 = DIRECTION ( 'NONE',  ( -0.9466707760722535836, -0.3222024856061126430, 0.0000000000000000000 ) ) ;
#4605 = ORIENTED_EDGE ( 'NONE', *, *, #3920, .T. ) ;
#4606 = DIRECTION ( 'NONE',  ( 0.0000000000000000000, 0.0000000000000000000, -1.000000000000000000 ) ) ;
#4607 = PRESENTATION_LAYER_ASSIGNMENT (  '', '', ( #2434 ) ) ;
#4608 = CARTESIAN_POINT ( 'NONE',  ( 0.1239420277033635165, -0.04045155867710700098, 0.02000000000000000042 ) ) ;
#4609 = FACE_OUTER_BOUND ( 'NONE', #4737, .T. ) ;
#4610 = CARTESIAN_POINT ( 'NONE',  ( 0.1018887376631432556, 0.002058241044163147248, 0.02000000000000000042 ) ) ;
#4611 = CARTESIAN_POINT ( 'NONE',  ( -0.9899999999999999911, 0.7900000000000003686, 0.7699999999999999067 ) ) ;
#4612 = ORIENTED_EDGE ( 'NONE', *, *, #2891, .T. ) ;
#4613 = FILL_AREA_STYLE ('',( #2085 ) ) ;
#4614 = UNCERTAINTY_MEASURE_WITH_UNIT (LENGTH_MEASURE( 1.000000000000000082E-05 ), #2716, 'distance_accuracy_value', 'NONE');
#4615 = ORIENTED_EDGE ( 'NONE', *, *, #719, .F. ) ;
#4616 = VECTOR ( 'NONE', #4898, 1000.000000000000000 ) ;
#4617 = ORIENTED_EDGE ( 'NONE', *, *, #912, .T. ) ;
#4618 = SURFACE_SIDE_STYLE ('',( #466 ) ) ;
#4619 = ORIENTED_EDGE ( 'NONE', *, *, #324, .F. ) ;
#4620 =( GEOMETRIC_REPRESENTATION_CONTEXT ( 3 ) GLOBAL_UNCERTAINTY_ASSIGNED_CONTEXT ( ( #3618 ) ) GLOBAL_UNIT_ASSIGNED_CONTEXT ( ( #3925, #1162, #2406 ) ) REPRESENTATION_CONTEXT ( 'NONE', 'WORKASPACE' ) );
#4621 = CARTESIAN_POINT ( 'NONE',  ( 0.04367123738511444198, 0.03395765368552570995, 0.02000000000000000042 ) ) ;
#4622 =( NAMED_UNIT ( * ) SI_UNIT ( $, .STERADIAN. ) SOLID_ANGLE_UNIT ( ) );
#4623 = ADVANCED_FACE ( 'NONE', ( #2909 ), #2081, .T. ) ;
#4624 = CARTESIAN_POINT ( 'NONE',  ( -0.1835465393698072489, 0.03637770961557593857, 0.0000000000000000000 ) ) ;
#4625 = AXIS2_PLACEMENT_3D ( 'NONE', #223, #934, #4683 ) ;
#4626 = FILL_AREA_STYLE_COLOUR ( '', #2242 ) ;
#4627 = SURFACE_SIDE_STYLE ('',( #2903 ) ) ;
#4628 = VERTEX_POINT ( 'NONE', #1319 ) ;
#4629 = PRESENTATION_LAYER_ASSIGNMENT (  '', '', ( #211 ) ) ;
#4630 = VECTOR ( 'NONE', #2358, 1000.000000000000000 ) ;
#4631 =( NAMED_UNIT ( * ) SI_UNIT ( $, .STERADIAN. ) SOLID_ANGLE_UNIT ( ) );
#4632 = EDGE_CURVE ( 'NONE', #2595, #981, #3785, .T. ) ;
#4633 = ORIENTED_EDGE ( 'NONE', *, *, #885, .F. ) ;
#4634 = CARTESIAN_POINT ( 'NONE',  ( -0.1187408991259047975, -0.0004553696527167494751, 0.02000000000000000042 ) ) ;
#4635 = DIRECTION ( 'NONE',  ( -0.0000000000000000000, 0.0000000000000000000, 1.000000000000000000 ) ) ;
#4636 =( NAMED_UNIT ( * ) SI_UNIT ( $, .STERADIAN. ) SOLID_ANGLE_UNIT ( ) );
#4637 = LINE ( 'NONE', #5035, #3176 ) ;
#4638 = UNCERTAINTY_MEASURE_WITH_UNIT (LENGTH_MEASURE( 1.000000000000000082E-05 ), #4217, 'distance_accuracy_value', 'NONE');
#4639 = PRESENTATION_STYLE_ASSIGNMENT (( #1352 ) ) ;
#4640 = CARTESIAN_POINT ( 'NONE',  ( 0.0000000000000000000, 0.0000000000000000000, 0.02000000000000000042 ) ) ;
#4641 = CARTESIAN_POINT ( 'NONE',  ( -0.1636532466868804436, -0.02337838794539967568, 0.02000000000000000042 ) ) ;
#4642 = VERTEX_POINT ( 'NONE', #2510 ) ;
#4643 = DIRECTION ( 'NONE',  ( 0.3393303772748786362, 0.9406672605435402179, 0.0000000000000000000 ) ) ;
#4644 = VERTEX_POINT ( 'NONE', #4608 ) ;
#4645 = UNCERTAINTY_MEASURE_WITH_UNIT (LENGTH_MEASURE( 1.000000000000000082E-05 ), #2636, 'distance_accuracy_value', 'NONE');
#4646 = DIRECTION ( 'NONE',  ( 0.0000000000000000000, 1.000000000000000000, 0.0000000000000000000 ) ) ;
#4647 = LINE ( 'NONE', #930, #3555 ) ;
#4648 = CARTESIAN_POINT ( 'NONE',  ( -0.07885903936980724616, -0.05142716843320455783, 0.02000000000000000042 ) ) ;
#4649 =( NAMED_UNIT ( * ) PLANE_ANGLE_UNIT ( ) SI_UNIT ( $, .RADIAN. ) );
#4650 = ORIENTED_EDGE ( 'NONE', *, *, #1470, .F. ) ;
#4651 = CARTESIAN_POINT ( 'NONE',  ( 0.08773436144744634069, -0.04933823785651852284, 0.01999999999999999695 ) ) ;
#4652 =( GEOMETRIC_REPRESENTATION_CONTEXT ( 3 ) GLOBAL_UNCERTAINTY_ASSIGNED_CONTEXT ( ( #576 ) ) GLOBAL_UNIT_ASSIGNED_CONTEXT ( ( #3762, #2116, #1709 ) ) REPRESENTATION_CONTEXT ( 'NONE', 'WORKASPACE' ) );
#4653 = CARTESIAN_POINT ( 'NONE',  ( -0.0000000000000000000, -0.05142716843320455783, 0.02000000000000000042 ) ) ;
#4654 = CARTESIAN_POINT ( 'NONE',  ( -0.1394726064429779866, -0.05142716843320455783, 0.02000000000000000042 ) ) ;
#4655 = ADVANCED_FACE ( 'NONE', ( #4181 ), #5004, .F. ) ;
#4656 = EDGE_CURVE ( 'NONE', #1763, #238, #249, .T. ) ;
#4657 = VECTOR ( 'NONE', #2515, 1000.000000000000000 ) ;
#4658 =( GEOMETRIC_REPRESENTATION_CONTEXT ( 3 ) GLOBAL_UNCERTAINTY_ASSIGNED_CONTEXT ( ( #1900 ) ) GLOBAL_UNIT_ASSIGNED_CONTEXT ( ( #5033, #2164, #4636 ) ) REPRESENTATION_CONTEXT ( 'NONE', 'WORKASPACE' ) );
#4659 = DIRECTION ( 'NONE',  ( -1.000000000000000000, 0.0000000000000000000, 0.0000000000000000000 ) ) ;
#4660 = COLOUR_RGB ( '',0.2509803921568627416, 0.2509803921568627416, 0.2509803921568627416 ) ;
#4661 = CARTESIAN_POINT ( 'NONE',  ( 0.1019908081911683750, -0.002494241603936259415, 0.02000000000000000042 ) ) ;
#4662 = CARTESIAN_POINT ( 'NONE',  ( 0.05694439448979860680, -0.05180051463374942683, 0.0000000000000000000 ) ) ;
#4663 = ORIENTED_EDGE ( 'NONE', *, *, #4226, .F. ) ;
#4664 = PRESENTATION_LAYER_ASSIGNMENT (  '', '', ( #1374 ) ) ;
#4665 = AXIS2_PLACEMENT_3D ( 'NONE', #217, #2307, #1858 ) ;
#4666 = LINE ( 'NONE', #952, #4376 ) ;
#4667 = VECTOR ( 'NONE', #3537, 1000.000000000000114 ) ;
#4668 = CARTESIAN_POINT ( 'NONE',  ( 0.1044683972984716686, 0.03147759828547774114, 0.0000000000000000000 ) ) ;
#4669 = CARTESIAN_POINT ( 'NONE',  ( 0.06635409052228610771, 0.04975032126057207793, 0.02000000000000000042 ) ) ;
#4670 =( GEOMETRIC_REPRESENTATION_CONTEXT ( 3 ) GLOBAL_UNCERTAINTY_ASSIGNED_CONTEXT ( ( #4969 ) ) GLOBAL_UNIT_ASSIGNED_CONTEXT ( ( #297, #1225, #1198 ) ) REPRESENTATION_CONTEXT ( 'NONE', 'WORKASPACE' ) );
#4671 = CARTESIAN_POINT ( 'NONE',  ( -0.1001941553994982886, -0.04800625008999960530, 0.02000000000000000042 ) ) ;
#4672 = VECTOR ( 'NONE', #251, 1000.000000000000000 ) ;
#4673 = ORIENTED_EDGE ( 'NONE', *, *, #1607, .F. ) ;
#4674 =( NAMED_UNIT ( * ) SI_UNIT ( $, .STERADIAN. ) SOLID_ANGLE_UNIT ( ) );
#4675 = LINE ( 'NONE', #2117, #19 ) ;
#4676 = CARTESIAN_POINT ( 'NONE',  ( 0.05618140819851034223, -0.04082033733197418940, 0.02000000000000000042 ) ) ;
#4677 = ORIENTED_EDGE ( 'NONE', *, *, #3839, .F. ) ;
#4678 = PRESENTATION_LAYER_ASSIGNMENT (  '', '', ( #2499 ) ) ;
#4679 = DIRECTION ( 'NONE',  ( 0.0000000000000000000, -1.000000000000000000, 0.0000000000000000000 ) ) ;
#4680 = FILL_AREA_STYLE ('',( #2331 ) ) ;
#4681 = CARTESIAN_POINT ( 'NONE',  ( 1.000000000000000000, 0.8000000000000003775, 0.7699999999999999067 ) ) ;
#4682 = CYLINDRICAL_SURFACE ( 'NONE', #2560, 0.01000000000000002623 ) ;
#4683 = DIRECTION ( 'NONE',  ( 1.000000000000000000, 0.0000000000000000000, 0.0000000000000000000 ) ) ;
#4684 = ORIENTED_EDGE ( 'NONE', *, *, #2984, .T. ) ;
#4685 = AXIS2_PLACEMENT_3D ( 'NONE', #5024, #3015, #1669 ) ;
#4686 = CARTESIAN_POINT ( 'NONE',  ( 0.08773436144744634069, -0.04933823785651852284, 0.0000000000000000000 ) ) ;
#4687 = CARTESIAN_POINT ( 'NONE',  ( -0.02971650888200237303, 0.03759722181069789088, 0.0000000000000000000 ) ) ;
#4688 = DIRECTION ( 'NONE',  ( 1.000000000000000000, 0.0000000000000000000, 0.0000000000000000000 ) ) ;
#4689 =( NAMED_UNIT ( * ) PLANE_ANGLE_UNIT ( ) SI_UNIT ( $, .RADIAN. ) );
#4690 = UNCERTAINTY_MEASURE_WITH_UNIT (LENGTH_MEASURE( 1.000000000000000082E-05 ), #3706, 'distance_accuracy_value', 'NONE');
#4691 = AXIS2_PLACEMENT_3D ( 'NONE', #3796, #2270, #168 ) ;
#4692 = CARTESIAN_POINT ( 'NONE',  ( 0.1617469057521439824, -0.04045155867710700098, 0.02000000000000000042 ) ) ;
#4693 = PRODUCT_RELATED_PRODUCT_CATEGORY ( 'part', '', ( #1459 ) ) ;
#4694 = VERTEX_POINT ( 'NONE', #2189 ) ;
#4695 = EDGE_CURVE ( 'NONE', #4411, #2925, #3886, .T. ) ;
#4696 =( NAMED_UNIT ( * ) PLANE_ANGLE_UNIT ( ) SI_UNIT ( $, .RADIAN. ) );
#4697 = CARTESIAN_POINT ( 'NONE',  ( -0.1093203839717430820, -0.04363909876247907410, 0.02000000000000000042 ) ) ;
#4698 = EDGE_CURVE ( 'NONE', #3119, #1203, #1894, .T. ) ;
#4699 = FILL_AREA_STYLE_COLOUR ( '', #4061 ) ;
#4700 = EDGE_LOOP ( 'NONE', ( #1799, #206, #2688, #1830 ) ) ;
#4701 = CARTESIAN_POINT ( 'NONE',  ( 0.1134874563530763741, 0.01328668029103743063, 0.02000000000000000389 ) ) ;
#4702 = SURFACE_SIDE_STYLE ('',( #4800 ) ) ;
#4703 = ORIENTED_EDGE ( 'NONE', *, *, #362, .T. ) ;
#4704 = SURFACE_SIDE_STYLE ('',( #3845 ) ) ;
#4705 = DIRECTION ( 'NONE',  ( 2.710505431213761578E-16, -1.000000000000000000, 0.0000000000000000000 ) ) ;
#4706 = SURFACE_SIDE_STYLE ('',( #3449 ) ) ;
#4707 =( LENGTH_UNIT ( ) NAMED_UNIT ( * ) SI_UNIT ( .MILLI., .METRE. ) );
#4708 = CARTESIAN_POINT ( 'NONE',  ( -0.4000000000000000777, 0.7900000000000003686, -0.02000000000000000042 ) ) ;
#4709 = VERTEX_POINT ( 'NONE', #5056 ) ;
#4710 = CARTESIAN_POINT ( 'NONE',  ( 0.1751615398984854577, 0.04857283156679546160, 0.0000000000000000000 ) ) ;
#4711 =( GEOMETRIC_REPRESENTATION_CONTEXT ( 3 ) GLOBAL_UNCERTAINTY_ASSIGNED_CONTEXT ( ( #5284 ) ) GLOBAL_UNIT_ASSIGNED_CONTEXT ( ( #4889, #3214, #1997 ) ) REPRESENTATION_CONTEXT ( 'NONE', 'WORKASPACE' ) );
#4712 = DIRECTION ( 'NONE',  ( -0.0000000000000000000, -0.0000000000000000000, -1.000000000000000000 ) ) ;
#4713 = ORIENTED_EDGE ( 'NONE', *, *, #1640, .T. ) ;
#4714 = CARTESIAN_POINT ( 'NONE',  ( -0.9899999999999995470, -0.7899999999999994804, 0.7699999999999999067 ) ) ;
#4715 = MECHANICAL_DESIGN_GEOMETRIC_PRESENTATION_REPRESENTATION (  '', ( #1499 ), #2635 ) ;
#4716 = AXIS2_PLACEMENT_3D ( 'NONE', #1114, #3649, #1568 ) ;
#4717 = FACE_OUTER_BOUND ( 'NONE', #1267, .T. ) ;
#4718 = ORIENTED_EDGE ( 'NONE', *, *, #412, .T. ) ;
#4719 = EDGE_CURVE ( 'NONE', #4642, #4940, #3463, .T. ) ;
#4720 = CARTESIAN_POINT ( 'NONE',  ( -0.1134478675997599856, -0.04074641753648806236, 0.02000000000000000042 ) ) ;
#4721 = STYLED_ITEM ( 'NONE', ( #2227 ), #5172 ) ;
#4722 = FACE_OUTER_BOUND ( 'NONE', #668, .T. ) ;
#4723 = B_SPLINE_CURVE_WITH_KNOTS ( 'NONE', 3,
 ( #2820, #4885, #1992, #4466, #5239, #4017, #2392, #2017, #1521, #4488, #4119, #778, #319, #2370, #3178, #2422, #3693, #5216, #5325 ),
 .UNSPECIFIED., .F., .F.,
 ( 4, 1, 1, 1, 1, 1, 1, 1, 1, 1, 1, 1, 1, 1, 1, 1, 4 ),
 ( 0.0000000000000000000, 0.07430379644281594198, 0.1443936103644179736, 0.2104994961032796985, 0.2735426065034679555, 0.3338247445790732404, 0.3925296724085029498, 0.4500874545995855458, 0.5078206115557879485, 0.5654649127768468508, 0.6231487223336199532, 0.6812971927909358127, 0.7409134981565812517, 0.8018557521958583623, 0.8652412377209435235, 0.9309416570467442531, 1.000000000000000000 ),
 .UNSPECIFIED. ) ;
#4724 = LINE ( 'NONE', #3419, #5085 ) ;
#4725 = CARTESIAN_POINT ( 'NONE',  ( 0.06454797282531471447, 0.04979234376191740696, 0.0000000000000000000 ) ) ;
#4726 = EDGE_LOOP ( 'NONE', ( #4482, #878, #1914, #655 ) ) ;
#4727 = EDGE_CURVE ( 'NONE', #3035, #4560, #944, .T. ) ;
#4728 = EDGE_CURVE ( 'NONE', #529, #4709, #4192, .T. ) ;
#4729 = CARTESIAN_POINT ( 'NONE',  ( -0.1850042702159723496, 0.03067524909762595064, 0.0000000000000000000 ) ) ;
#4730 = FILL_AREA_STYLE ('',( #3069 ) ) ;
#4731 = LINE ( 'NONE', #1014, #4103 ) ;
#4732 = DIRECTION ( 'NONE',  ( 0.0000000000000000000, 1.000000000000000000, 0.0000000000000000000 ) ) ;
#4733 = CARTESIAN_POINT ( 'NONE',  ( 0.05618140819851034223, -0.04082033733197418940, 0.0000000000000000000 ) ) ;
#4734 = ORIENTED_EDGE ( 'NONE', *, *, #4460, .T. ) ;
#4735 = CARTESIAN_POINT ( 'NONE',  ( 0.1154054423375098365, -0.003313601360033818517, 0.0000000000000000000 ) ) ;
#4736 = SURFACE_STYLE_USAGE ( .BOTH. , #3460 ) ;
#4737 = EDGE_LOOP ( 'NONE', ( #2014, #1019, #316, #3690 ) ) ;
#4738 = CARTESIAN_POINT ( 'NONE',  ( -0.08532739575320043290, 0.04845159250038415244, 0.0000000000000000000 ) ) ;
#4739 = MECHANICAL_DESIGN_GEOMETRIC_PRESENTATION_REPRESENTATION (  '', ( #4990 ), #3615 ) ;
#4740 = DIRECTION ( 'NONE',  ( 0.0000000000000000000, 1.000000000000000000, -0.0000000000000000000 ) ) ;
#4741 = FILL_AREA_STYLE_COLOUR ( '', #255 ) ;
#4742 = ORIENTED_EDGE ( 'NONE', *, *, #3263, .F. ) ;
#4743 = CARTESIAN_POINT ( 'NONE',  ( -0.09560124209275640272, 0.03527930579974707798, 0.0000000000000000000 ) ) ;
#4744 = PLANE ( 'NONE',  #1073 ) ;
#4745 = PRESENTATION_LAYER_ASSIGNMENT (  '', '', ( #2833 ) ) ;
#4746 = PRESENTATION_LAYER_ASSIGNMENT (  '', '', ( #3896 ) ) ;
#4747 = CARTESIAN_POINT ( 'NONE',  ( -0.09001032846887320471, -0.05062682324193565342, 0.02000000000000000042 ) ) ;
#4748 = STYLED_ITEM ( 'NONE', ( #4005 ), #2275 ) ;
#4749 =( NAMED_UNIT ( * ) SI_UNIT ( $, .STERADIAN. ) SOLID_ANGLE_UNIT ( ) );
#4750 = CARTESIAN_POINT ( 'NONE',  ( 0.1153618899919935659, -0.001368050249054113916, 0.0000000000000000000 ) ) ;
#4751 = CARTESIAN_POINT ( 'NONE',  ( 0.06338528676293260500, 0.04978400931835656046, 0.02000000000000000042 ) ) ;
#4752 = ORIENTED_EDGE ( 'NONE', *, *, #1470, .T. ) ;
#4753 = B_SPLINE_SURFACE_WITH_KNOTS ( 'NONE', 3, 1, ( 
 ( #1929, #3224 ),
 ( #4875, #407 ),
 ( #4129, #2869 ),
 ( #818, #4534 ),
 ( #2463, #754 ),
 ( #4863, #1156 ),
 ( #423, #4549 ),
 ( #726, #4096 ),
 ( #38, #2374 ),
 ( #4973, #3719 ),
 ( #3634, #4122 ),
 ( #5298, #2802 ),
 ( #3747, #1613 ),
 ( #1229, #353 ),
 ( #2074, #3695 ),
 ( #1995, #4469 ),
 ( #2395, #2773 ),
 ( #2451, #3668 ),
 ( #1588, #3240 ) ),
 .UNSPECIFIED., .F., .F., .F.,
 ( 4, 1, 1, 1, 1, 1, 1, 1, 1, 1, 1, 1, 1, 1, 1, 1, 4 ),
 ( 2, 2 ),
 ( 0.0000000000000000000, 0.07231867454721008226, 0.1405177950206414339, 0.2057021883860468137, 0.2683442779098018649, 0.3284611636088275999, 0.3872581215078024774, 0.4453378303906296853, 0.5030972754540024017, 0.5606099254806109489, 0.6182023772868145972, 0.6766196794019628813, 0.7360262455864801101, 0.7975246684661577712, 0.8618309667201999869, 0.9291734274448365527, 1.000000000000000000 ),
 ( 0.0000000000000000000, 1.000000000000000000 ),
 .UNSPECIFIED. ) ;
#4754 = AXIS2_PLACEMENT_3D ( 'NONE', #1639, #5324, #1611 ) ;
#4755 = SURFACE_SIDE_STYLE ('',( #2264 ) ) ;
#4756 = CARTESIAN_POINT ( 'NONE',  ( -0.9899999999999995470, -0.7899999999999994804, 0.7800000000000000266 ) ) ;
#4757 = ADVANCED_FACE ( 'NONE', ( #5117 ), #2251, .T. ) ;
#4758 = EDGE_CURVE ( 'NONE', #3658, #467, #1870, .T. ) ;
#4759 = DIRECTION ( 'NONE',  ( 1.000000000000000000, 0.0000000000000000000, 0.0000000000000000000 ) ) ;
#4760 = STYLED_ITEM ( 'NONE', ( #3366 ), #4080 ) ;
#4761 = FILL_AREA_STYLE ('',( #3097 ) ) ;
#4762 = DIRECTION ( 'NONE',  ( 0.0000000000000000000, -0.0000000000000000000, 1.000000000000000000 ) ) ;
#4763 = ORIENTED_EDGE ( 'NONE', *, *, #3196, .F. ) ;
#4764 = DIRECTION ( 'NONE',  ( 0.0000000000000000000, -0.0000000000000000000, -1.000000000000000000 ) ) ;
#4765 = DIRECTION ( 'NONE',  ( 0.0000000000000000000, 0.0000000000000000000, 1.000000000000000000 ) ) ;
#4766 = CARTESIAN_POINT ( 'NONE',  ( 0.1154054423375098365, -0.003313601360033818517, 0.0000000000000000000 ) ) ;
#4767 = EDGE_LOOP ( 'NONE', ( #2983, #3319, #3087, #492, #4928, #2858, #3312, #3477, #359, #387, #4540, #76 ) ) ;
#4768 = DIRECTION ( 'NONE',  ( -0.0000000000000000000, -1.000000000000000000, 0.0000000000000000000 ) ) ;
#4769 =( NAMED_UNIT ( * ) PLANE_ANGLE_UNIT ( ) SI_UNIT ( $, .RADIAN. ) );
#4770 = STYLED_ITEM ( 'NONE', ( #3694 ), #3643 ) ;
#4771 = LINE ( 'NONE', #3997, #1461 ) ;
#4772 = DIRECTION ( 'NONE',  ( -0.0000000000000000000, -0.0000000000000000000, -1.000000000000000000 ) ) ;
#4773 = UNCERTAINTY_MEASURE_WITH_UNIT (LENGTH_MEASURE( 1.000000000000000082E-05 ), #252, 'distance_accuracy_value', 'NONE');
#4774 = COLOUR_RGB ( '',1.000000000000000000, 1.000000000000000000, 1.000000000000000000 ) ;
#4775 = CARTESIAN_POINT ( 'NONE',  ( -0.1320359809922780348, -0.005760626361801060059, 0.0000000000000000000 ) ) ;
#4776 = SURFACE_STYLE_USAGE ( .BOTH. , #662 ) ;
#4777 = FILL_AREA_STYLE ('',( #1141 ) ) ;
#4778 = VERTEX_POINT ( 'NONE', #3493 ) ;
#4779 = FILL_AREA_STYLE_COLOUR ( '', #4362 ) ;
#4780 = CARTESIAN_POINT ( 'NONE',  ( 0.1239420277033635165, -0.05142716843320455783, 0.0000000000000000000 ) ) ;
#4781 = DIRECTION ( 'NONE',  ( -0.0000000000000000000, -0.0000000000000000000, -1.000000000000000000 ) ) ;
#4782 = ORIENTED_EDGE ( 'NONE', *, *, #2892, .F. ) ;
#4783 = ADVANCED_FACE ( 'NONE', ( #5145 ), #232, .F. ) ;
#4784 = DIRECTION ( 'NONE',  ( -0.0000000000000000000, 0.0000000000000000000, 1.000000000000000000 ) ) ;
#4785 = COLOUR_RGB ( '',0.2509803921568627416, 0.2509803921568627416, 0.2509803921568627416 ) ;
#4786 = VERTEX_POINT ( 'NONE', #1071 ) ;
#4787 = CARTESIAN_POINT ( 'NONE',  ( -0.1238300606601930587, 0.02821025999184324090, 0.0000000000000000000 ) ) ;
#4788 = DIRECTION ( 'NONE',  ( 0.0000000000000000000, -1.000000000000000000, 0.0000000000000000000 ) ) ;
#4789 = STYLED_ITEM ( 'NONE', ( #2651 ), #4757 ) ;
#4790 = EDGE_CURVE ( 'NONE', #4167, #3131, #323, .T. ) ;
#4791 = CARTESIAN_POINT ( 'NONE',  ( -0.1105837600057915510, 0.02556983822715242285, 0.02000000000000000042 ) ) ;
#4792 = ORIENTED_EDGE ( 'NONE', *, *, #3642, .T. ) ;
#4793 = VECTOR ( 'NONE', #3610, 1000.000000000000000 ) ;
#4794 = AXIS2_PLACEMENT_3D ( 'NONE', #3635, #4864, #1157 ) ;
#4795 = CARTESIAN_POINT ( 'NONE',  ( -1.000000000000000000, 0.7900000000000003686, -0.02000000000000000042 ) ) ;
#4796 = CARTESIAN_POINT ( 'NONE',  ( -0.1093203839717430820, -0.04363909876247907410, 0.0000000000000000000 ) ) ;
#4797 = STYLED_ITEM ( 'NONE', ( #547 ), #4497 ) ;
#4798 = CARTESIAN_POINT ( 'NONE',  ( -0.1264346666940595887, 0.02418336953154876651, 0.0000000000000000000 ) ) ;
#4799 = EDGE_LOOP ( 'NONE', ( #2627, #2013, #4464, #5133 ) ) ;
#4800 = SURFACE_STYLE_FILL_AREA ( #3902 ) ;
#4801 = ORIENTED_EDGE ( 'NONE', *, *, #126, .F. ) ;
#4802 = CARTESIAN_POINT ( 'NONE',  ( -0.08172518919107638058, 0.04853188237153721607, 0.02000000000000000042 ) ) ;
#4803 = UNCERTAINTY_MEASURE_WITH_UNIT (LENGTH_MEASURE( 1.000000000000000082E-05 ), #4052, 'distance_accuracy_value', 'NONE');
#4804 = SURFACE_SIDE_STYLE ('',( #3380 ) ) ;
#4805 = CARTESIAN_POINT ( 'NONE',  ( -0.1835465393698072489, 0.03637770961557593857, 0.0000000000000000000 ) ) ;
#4806 = DIRECTION ( 'NONE',  ( 0.0000000000000000000, 0.0000000000000000000, 1.000000000000000000 ) ) ;
#4807 = UNCERTAINTY_MEASURE_WITH_UNIT (LENGTH_MEASURE( 1.000000000000000082E-05 ), #1683, 'distance_accuracy_value', 'NONE');
#4808 = DIRECTION ( 'NONE',  ( 0.0000000000000000000, -1.000000000000000000, 0.0000000000000000000 ) ) ;
#4809 = FILL_AREA_STYLE_COLOUR ( '', #3838 ) ;
#4810 = VERTEX_POINT ( 'NONE', #2747 ) ;
#4811 =( NAMED_UNIT ( * ) PLANE_ANGLE_UNIT ( ) SI_UNIT ( $, .RADIAN. ) );
#4812 = CARTESIAN_POINT ( 'NONE',  ( -0.1127740867112080464, 0.02271736655063532825, 0.0000000000000000000 ) ) ;
#4813 = FILL_AREA_STYLE_COLOUR ( '', #5260 ) ;
#4814 = CARTESIAN_POINT ( 'NONE',  ( -0.07983083815029506924, 0.03759722181069789088, 0.0000000000000000000 ) ) ;
#4815 = EDGE_CURVE ( 'NONE', #3708, #3529, #1557, .T. ) ;
#4816 = ADVANCED_FACE ( 'NONE', ( #4446 ), #5196, .F. ) ;
#4817 = CARTESIAN_POINT ( 'NONE',  ( -0.02971650888200237303, 0.04857283156679546160, 0.02000000000000000042 ) ) ;
#4818 = DIRECTION ( 'NONE',  ( -0.3536223923290756632, 0.9353882635801357148, 0.0000000000000000000 ) ) ;
#4819 = CARTESIAN_POINT ( 'NONE',  ( -0.09564939447279706408, 0.04678332999520852520, 0.0000000000000000000 ) ) ;
#4820 = EDGE_LOOP ( 'NONE', ( #3870, #4605, #3286, #5161 ) ) ;
#4821 =( GEOMETRIC_REPRESENTATION_CONTEXT ( 3 ) GLOBAL_UNCERTAINTY_ASSIGNED_CONTEXT ( ( #1819 ) ) GLOBAL_UNIT_ASSIGNED_CONTEXT ( ( #1734, #4689, #4207 ) ) REPRESENTATION_CONTEXT ( 'NONE', 'WORKASPACE' ) );
#4822 = CARTESIAN_POINT ( 'NONE',  ( 0.08474990705878564234, 0.04624197434836613968, 0.0000000000000000000 ) ) ;
#4823 = ORIENTED_EDGE ( 'NONE', *, *, #3464, .T. ) ;
#4824 = STYLED_ITEM ( 'NONE', ( #5280 ), #2274 ) ;
#4825 = VECTOR ( 'NONE', #2253, 1000.000000000000000 ) ;
#4826 = VECTOR ( 'NONE', #2266, 1000.000000000000000 ) ;
#4827 = CLOSED_SHELL ( 'NONE', ( #1, #2758, #714, #3388, #5080, #4172, #1048, #1143, #3361, #2337, #3030, #683, #1780, #3424, #2927, #4526, #2859, #2365, #4202, #4010, #265, #4757, #2459, #1674, #2604, #816, #2172, #1912, #4495, #2597, #3778, #1703, #1207, #1817, #4394, #41, #550, #293, #1943, #3771, #159, #3190, #2040, #1779, #3062, #4497, #1940, #4816, #844, #1505, #2533, #4399, #137, #4080, #1531, #749, #4527, #454, #5314, #2072, #1480, #682, #3912, #1244, #2372, #317, #2247, #1336, #3875, #2397, #4914, #203, #1606, #4271, #2696, #2275, #3432, #2643, #4561, #3325, #4783, #4982, #4655, #2558, #589 ) ) ;
#4828 = FILL_AREA_STYLE ('',( #4062 ) ) ;
#4829 = CARTESIAN_POINT ( 'NONE',  ( 0.1019087686448331004, -0.006811849152887187314, 0.0000000000000000000 ) ) ;
#4830 = PRESENTATION_STYLE_ASSIGNMENT (( #2700 ) ) ;
#4831 = CARTESIAN_POINT ( 'NONE',  ( -0.07885903936980724616, -0.05142716843320455783, 0.0000000000000000000 ) ) ;
#4832 = ORIENTED_EDGE ( 'NONE', *, *, #4042, .F. ) ;
#4833 = PRESENTATION_LAYER_ASSIGNMENT (  '', '', ( #4161 ) ) ;
#4834 =( NAMED_UNIT ( * ) SI_UNIT ( $, .STERADIAN. ) SOLID_ANGLE_UNIT ( ) );
#4835 = CARTESIAN_POINT ( 'NONE',  ( -0.1186444238893666486, 0.004054006731770695877, 0.0000000000000000000 ) ) ;
#4836 = LINE ( 'NONE', #758, #507 ) ;
#4837 = FACE_OUTER_BOUND ( 'NONE', #3841, .T. ) ;
#4838 = CIRCLE ( 'NONE', #1739, 0.01000000000000002623 ) ;
#4839 = CARTESIAN_POINT ( 'NONE',  ( 0.04190323699784667677, 0.03293031228057750198, 0.0000000000000000000 ) ) ;
#4840 = EDGE_CURVE ( 'NONE', #880, #2913, #4420, .T. ) ;
#4841 = MECHANICAL_DESIGN_GEOMETRIC_PRESENTATION_REPRESENTATION (  '', ( #3204 ), #5110 ) ;
#4842 = EDGE_CURVE ( 'NONE', #5181, #5313, #1482, .T. ) ;
#4843 = DIRECTION ( 'NONE',  ( 0.0000000000000000000, 0.0000000000000000000, -1.000000000000000000 ) ) ;
#4844 = SPHERICAL_SURFACE ( 'NONE', #4033, 0.01000000000000000021 ) ;
#4845 = SURFACE_STYLE_FILL_AREA ( #4401 ) ;
#4846 = LINE ( 'NONE', #2808, #4065 ) ;
#4847 = EDGE_LOOP ( 'NONE', ( #4402, #2789, #1510, #61 ) ) ;
#4848 = CARTESIAN_POINT ( 'NONE',  ( -0.1824237855702755540, 0.03080654577007748904, 0.02000000000000000042 ) ) ;
#4849 = EDGE_CURVE ( 'NONE', #4244, #1466, #279, .T. ) ;
#4850 = UNCERTAINTY_MEASURE_WITH_UNIT (LENGTH_MEASURE( 1.000000000000000082E-05 ), #721, 'distance_accuracy_value', 'NONE');
#4851 = STYLED_ITEM ( 'NONE', ( #3431 ), #2604 ) ;
#4852 = CARTESIAN_POINT ( 'NONE',  ( 0.07366110795916190612, -0.05253225200328061339, 0.0000000000000000000 ) ) ;
#4853 = ORIENTED_EDGE ( 'NONE', *, *, #3263, .T. ) ;
#4854 = DIRECTION ( 'NONE',  ( -0.0000000000000000000, 0.0000000000000000000, 1.000000000000000000 ) ) ;
#4855 = ORIENTED_EDGE ( 'NONE', *, *, #5012, .F. ) ;
#4856 = AXIS2_PLACEMENT_3D ( 'NONE', #3716, #4596, #2900 ) ;
#4857 = UNCERTAINTY_MEASURE_WITH_UNIT (LENGTH_MEASURE( 1.000000000000000082E-05 ), #2391, 'distance_accuracy_value', 'NONE');
#4858 = FACE_OUTER_BOUND ( 'NONE', #2937, .T. ) ;
#4859 = CARTESIAN_POINT ( 'NONE',  ( 1.000000000000000000, -0.7899999999999994804, 0.7800000000000000266 ) ) ;
#4860 = DIRECTION ( 'NONE',  ( 1.000000000000000000, -0.0000000000000000000, -0.0000000000000000000 ) ) ;
#4861 = CARTESIAN_POINT ( 'NONE',  ( -0.1238340427573265401, -0.02989705288505258712, 0.02000000000000000042 ) ) ;
#4862 = PRESENTATION_LAYER_ASSIGNMENT (  '', '', ( #4356 ) ) ;
#4863 = CARTESIAN_POINT ( 'NONE',  ( -0.1162138438112908373, -0.01727236333665209747, 0.0000000000000000000 ) ) ;
#4864 = DIRECTION ( 'NONE',  ( 0.0000000000000000000, 1.000000000000000000, 0.0000000000000000000 ) ) ;
#4865 = SURFACE_STYLE_USAGE ( .BOTH. , #1206 ) ;
#4866 = CARTESIAN_POINT ( 'NONE',  ( -0.07983083815029506924, 0.03759722181069789088, 0.02000000000000000042 ) ) ;
#4867 = DIRECTION ( 'NONE',  ( -1.000000000000000000, 0.0000000000000000000, 0.0000000000000000000 ) ) ;
#4868 =( NAMED_UNIT ( * ) SI_UNIT ( $, .STERADIAN. ) SOLID_ANGLE_UNIT ( ) );
#4869 = DIRECTION ( 'NONE',  ( 1.000000000000000000, 0.0000000000000000000, 0.0000000000000000000 ) ) ;
#4870 = STYLED_ITEM ( 'NONE', ( #4528 ), #4623 ) ;
#4871 = SURFACE_STYLE_FILL_AREA ( #5204 ) ;
#4872 =( NAMED_UNIT ( * ) SI_UNIT ( $, .STERADIAN. ) SOLID_ANGLE_UNIT ( ) );
#4873 = AXIS2_PLACEMENT_3D ( 'NONE', #4504, #3302, #792 ) ;
#4874 = CARTESIAN_POINT ( 'NONE',  ( 0.09343212865948773149, 0.04164717381839320304, 0.02000000000000000389 ) ) ;
#4875 = CARTESIAN_POINT ( 'NONE',  ( -0.1187063875238651423, -0.001993623803116041475, 0.0000000000000000000 ) ) ;
#4876 = ORIENTED_EDGE ( 'NONE', *, *, #4431, .F. ) ;
#4877 = VECTOR ( 'NONE', #3702, 1000.000000000000000 ) ;
#4878 = CARTESIAN_POINT ( 'NONE',  ( -0.1093678193611934274, 0.04118430849520685055, 0.02000000000000000042 ) ) ;
#4879 = SURFACE_SIDE_STYLE ('',( #4436 ) ) ;
#4880 = VERTEX_POINT ( 'NONE', #1946 ) ;
#4881 = EDGE_CURVE ( 'NONE', #5109, #776, #3602, .T. ) ;
#4882 = DIRECTION ( 'NONE',  ( 0.0000000000000000000, -0.0000000000000000000, 1.000000000000000000 ) ) ;
#4883 = ORIENTED_EDGE ( 'NONE', *, *, #443, .F. ) ;
#4884 = SURFACE_STYLE_FILL_AREA ( #1960 ) ;
#4885 = CARTESIAN_POINT ( 'NONE',  ( -0.1187081210676637216, 0.001076718861036553418, 0.02000000000000000042 ) ) ;
#4886 = CARTESIAN_POINT ( 'NONE',  ( 0.06796678666789982004, -0.04163796106384061446, 0.0000000000000000000 ) ) ;
#4887 = CARTESIAN_POINT ( 'NONE',  ( -0.1093203839717430820, -0.04363909876247907410, 0.0000000000000000000 ) ) ;
#4888 = DIRECTION ( 'NONE',  ( 0.0000000000000000000, 1.000000000000000000, 0.0000000000000000000 ) ) ;
#4889 =( LENGTH_UNIT ( ) NAMED_UNIT ( * ) SI_UNIT ( .MILLI., .METRE. ) );
#4890 = EDGE_LOOP ( 'NONE', ( #4322, #1434, #2956, #1590 ) ) ;
#4891 = CARTESIAN_POINT ( 'NONE',  ( 0.05819045005052256303, 0.03844512424191864203, 0.02000000000000000042 ) ) ;
#4892 = CARTESIAN_POINT ( 'NONE',  ( 0.08975769967044626430, -0.03360161323975825037, 0.0000000000000000000 ) ) ;
#4893 = ORIENTED_EDGE ( 'NONE', *, *, #2204, .T. ) ;
#4894 = CARTESIAN_POINT ( 'NONE',  ( 0.1617469057521439824, 0.04857283156679546160, 0.02000000000000000042 ) ) ;
#4895 = SURFACE_STYLE_USAGE ( .BOTH. , #4929 ) ;
#4896 =( LENGTH_UNIT ( ) NAMED_UNIT ( * ) SI_UNIT ( .MILLI., .METRE. ) );
#4897 = MECHANICAL_DESIGN_GEOMETRIC_PRESENTATION_REPRESENTATION (  '', ( #405 ), #4902 ) ;
#4898 = DIRECTION ( 'NONE',  ( 1.000000000000000000, 0.0000000000000000000, 0.0000000000000000000 ) ) ;
#4899 = CARTESIAN_POINT ( 'NONE',  ( 0.1044683972984716686, 0.03147759828547774114, 0.02000000000000000042 ) ) ;
#4900 = FILL_AREA_STYLE_COLOUR ( '', #176 ) ;
#4901 = EDGE_LOOP ( 'NONE', ( #1437, #3804, #2099, #2254 ) ) ;
#4902 =( GEOMETRIC_REPRESENTATION_CONTEXT ( 3 ) GLOBAL_UNCERTAINTY_ASSIGNED_CONTEXT ( ( #2993 ) ) GLOBAL_UNIT_ASSIGNED_CONTEXT ( ( #858, #4071, #5326 ) ) REPRESENTATION_CONTEXT ( 'NONE', 'WORKASPACE' ) );
#4903 = CARTESIAN_POINT ( 'NONE',  ( 0.1014426099825028321, -0.01097961694516943164, 0.0000000000000000000 ) ) ;
#4904 = SURFACE_STYLE_FILL_AREA ( #3257 ) ;
#4905 = DIRECTION ( 'NONE',  ( 0.0000000000000000000, -0.0000000000000000000, 1.000000000000000000 ) ) ;
#4906 = VERTEX_POINT ( 'NONE', #4831 ) ;
#4907 =( LENGTH_UNIT ( ) NAMED_UNIT ( * ) SI_UNIT ( .MILLI., .METRE. ) );
#4908 = FILL_AREA_STYLE_COLOUR ( '', #2033 ) ;
#4909 = VECTOR ( 'NONE', #2576, 999.9999999999998863 ) ;
#4910 = ORIENTED_EDGE ( 'NONE', *, *, #1304, .T. ) ;
#4911 = DIRECTION ( 'NONE',  ( 0.0000000000000000000, 0.0000000000000000000, -1.000000000000000000 ) ) ;
#4912 = EDGE_CURVE ( 'NONE', #3138, #3035, #1132, .T. ) ;
#4913 = CARTESIAN_POINT ( 'NONE',  ( 0.06065653541333340670, -0.05228253497242613818, 0.02000000000000000042 ) ) ;
#4914 = ADVANCED_FACE ( 'NONE', ( #5027 ), #4236, .F. ) ;
#4915 =( GEOMETRIC_REPRESENTATION_CONTEXT ( 3 ) GLOBAL_UNCERTAINTY_ASSIGNED_CONTEXT ( ( #490 ) ) GLOBAL_UNIT_ASSIGNED_CONTEXT ( ( #4032, #3588, #3655 ) ) REPRESENTATION_CONTEXT ( 'NONE', 'WORKASPACE' ) );
#4916 =( GEOMETRIC_REPRESENTATION_CONTEXT ( 3 ) GLOBAL_UNCERTAINTY_ASSIGNED_CONTEXT ( ( #3691 ) ) GLOBAL_UNIT_ASSIGNED_CONTEXT ( ( #2804, #4100, #3790 ) ) REPRESENTATION_CONTEXT ( 'NONE', 'WORKASPACE' ) );
#4917 =( LENGTH_UNIT ( ) NAMED_UNIT ( * ) SI_UNIT ( .MILLI., .METRE. ) );
#4918 = CARTESIAN_POINT ( 'NONE',  ( -0.1321555332722463005, -0.0001695464819850419041, 0.0000000000000000000 ) ) ;
#4919 = LINE ( 'NONE', #2825, #765 ) ;
#4920 = FILL_AREA_STYLE_COLOUR ( '', #625 ) ;
#4921 = CARTESIAN_POINT ( 'NONE',  ( 0.07603079090781862670, 0.03733018617286390506, 0.02000000000000000042 ) ) ;
#4922 = ORIENTED_EDGE ( 'NONE', *, *, #2819, .T. ) ;
#4923 = VECTOR ( 'NONE', #1047, 1000.000000000000000 ) ;
#4924 = CARTESIAN_POINT ( 'NONE',  ( 0.07366110795916190612, -0.05253225200328061339, 0.02000000000000000042 ) ) ;
#4925 =( GEOMETRIC_REPRESENTATION_CONTEXT ( 3 ) GLOBAL_UNCERTAINTY_ASSIGNED_CONTEXT ( ( #3392 ) ) GLOBAL_UNIT_ASSIGNED_CONTEXT ( ( #665, #3202, #1086 ) ) REPRESENTATION_CONTEXT ( 'NONE', 'WORKASPACE' ) );
#4926 = CARTESIAN_POINT ( 'NONE',  ( -0.9899999999999995470, -0.7899999999999994804, 0.0000000000000000000 ) ) ;
#4927 = EDGE_CURVE ( 'NONE', #1466, #3306, #887, .T. ) ;
#4928 = ORIENTED_EDGE ( 'NONE', *, *, #2666, .T. ) ;
#4929 = SURFACE_SIDE_STYLE ('',( #3273 ) ) ;
#4930 = CARTESIAN_POINT ( 'NONE',  ( -0.9899999999999999911, -0.7899999999999994804, -0.02000000000000000042 ) ) ;
#4931 = DIRECTION ( 'NONE',  ( 0.0000000000000000000, 0.0000000000000000000, -1.000000000000000000 ) ) ;
#4932 = COLOUR_RGB ( '',0.2509803921568627416, 0.2509803921568627416, 0.2509803921568627416 ) ;
#4933 = ORIENTED_EDGE ( 'NONE', *, *, #99, .F. ) ;
#4934 = LINE ( 'NONE', #735, #903 ) ;
#4935 = CARTESIAN_POINT ( 'NONE',  ( -0.9899999999999995470, -0.7899999999999994804, 0.7800000000000000266 ) ) ;
#4936 = EDGE_LOOP ( 'NONE', ( #2740, #4734, #5149, #210, #636, #584, #3126, #3560 ) ) ;
#4937 = AXIS2_PLACEMENT_3D ( 'NONE', #1778, #5045, #499 ) ;
#4938 = CARTESIAN_POINT ( 'NONE',  ( 0.1019087686448331004, -0.006811849152887187314, 0.0000000000000000000 ) ) ;
#4939 = CARTESIAN_POINT ( 'NONE',  ( 0.1057056292512909695, -0.03564792269969140059, 0.0000000000000000000 ) ) ;
#4940 = VERTEX_POINT ( 'NONE', #3375 ) ;
#4941 =( NAMED_UNIT ( * ) PLANE_ANGLE_UNIT ( ) SI_UNIT ( $, .RADIAN. ) );
#4942 = CARTESIAN_POINT ( 'NONE',  ( 0.08474990705878564234, 0.04624197434836613968, 0.0000000000000000000 ) ) ;
#4943 = ORIENTED_EDGE ( 'NONE', *, *, #588, .F. ) ;
#4944 = SURFACE_STYLE_FILL_AREA ( #3287 ) ;
#4945 = PRESENTATION_STYLE_ASSIGNMENT (( #2978 ) ) ;
#4946 = CARTESIAN_POINT ( 'NONE',  ( 0.1006874855581756101, -0.01492028912963643678, 0.0000000000000000000 ) ) ;
#4947 = DIRECTION ( 'NONE',  ( -0.0000000000000000000, -1.000000000000000000, 0.0000000000000000000 ) ) ;
#4948 = CARTESIAN_POINT ( 'NONE',  ( 0.4099999999999999756, -0.7999999999999994893, 0.0000000000000000000 ) ) ;
#4949 = SURFACE_STYLE_USAGE ( .BOTH. , #4520 ) ;
#4950 = CARTESIAN_POINT ( 'NONE',  ( 0.1014136893948977408, 0.006451885386078489576, 0.0000000000000000000 ) ) ;
#4951 = EDGE_LOOP ( 'NONE', ( #5122, #4366, #2440, #4933, #434, #3003, #3162, #67 ) ) ;
#4952 = VECTOR ( 'NONE', #1153, 1000.000000000000000 ) ;
#4953 = EDGE_CURVE ( 'NONE', #1203, #3074, #2195, .T. ) ;
#4954 = CARTESIAN_POINT ( 'NONE',  ( 0.0000000000000000000, 0.0000000000000000000, 0.02000000000000000042 ) ) ;
#4955 = FACE_OUTER_BOUND ( 'NONE', #497, .T. ) ;
#4956 = EDGE_CURVE ( 'NONE', #3922, #603, #3825, .T. ) ;
#4957 = EDGE_CURVE ( 'NONE', #4167, #3234, #618, .T. ) ;
#4958 = DIRECTION ( 'NONE',  ( -0.0000000000000000000, 0.0000000000000000000, 1.000000000000000000 ) ) ;
#4959 = CARTESIAN_POINT ( 'NONE',  ( -0.03215553327224628805, -0.04045155867710700098, 0.02000000000000000042 ) ) ;
#4960 = ORIENTED_EDGE ( 'NONE', *, *, #718, .F. ) ;
#4961 = CARTESIAN_POINT ( 'NONE',  ( -0.1321555332722463005, -0.0001695464819850419041, 0.02000000000000000042 ) ) ;
#4962 = VECTOR ( 'NONE', #3595, 1000.000000000000000 ) ;
#4963 = CARTESIAN_POINT ( 'NONE',  ( 0.1019908081911683750, -0.002494241603936259415, 0.0000000000000000000 ) ) ;
#4964 = CARTESIAN_POINT ( 'NONE',  ( 0.0000000000000000000, 0.0000000000000000000, 0.02000000000000000042 ) ) ;
#4965 = DIRECTION ( 'NONE',  ( 1.000000000000000000, -0.0000000000000000000, -0.0000000000000000000 ) ) ;
#4966 = ORIENTED_EDGE ( 'NONE', *, *, #4430, .T. ) ;
#4967 = FILL_AREA_STYLE ('',( #2065 ) ) ;
#4968 = ORIENTED_EDGE ( 'NONE', *, *, #4727, .F. ) ;
#4969 = UNCERTAINTY_MEASURE_WITH_UNIT (LENGTH_MEASURE( 1.000000000000000082E-05 ), #297, 'distance_accuracy_value', 'NONE');
#4970 = SURFACE_SIDE_STYLE ('',( #4944 ) ) ;
#4971 = CARTESIAN_POINT ( 'NONE',  ( 1.000000000000000000, 0.8000000000000003775, 0.7800000000000000266 ) ) ;
#4972 = CARTESIAN_POINT ( 'NONE',  ( -0.1238340427573265401, -0.02989705288505258712, 0.0000000000000000000 ) ) ;
#4973 = CARTESIAN_POINT ( 'NONE',  ( -0.1083532327981670401, -0.02997934922794803433, 0.0000000000000000000 ) ) ;
#4974 = CARTESIAN_POINT ( 'NONE',  ( 0.06578857974347304682, 0.03878760039722208702, 0.0000000000000000000 ) ) ;
#4975 = ORIENTED_EDGE ( 'NONE', *, *, #2984, .F. ) ;
#4976 = CARTESIAN_POINT ( 'NONE',  ( 0.09938829628862362597, -0.04231968250907963691, 0.02000000000000000042 ) ) ;
#4977 = CARTESIAN_POINT ( 'NONE',  ( -0.1828377996291895846, 0.03243552689241457204, 0.0000000000000000000 ) ) ;
#4978 = CARTESIAN_POINT ( 'NONE',  ( -1.000000000000000000, 0.8000000000000003775, -0.02000000000000000042 ) ) ;
#4979 = ORIENTED_EDGE ( 'NONE', *, *, #985, .F. ) ;
#4980 = LINE ( 'NONE', #1266, #5144 ) ;
#4981 = EDGE_CURVE ( 'NONE', #2676, #690, #3667, .T. ) ;
#4982 = ADVANCED_FACE ( 'NONE', ( #138 ), #5078, .F. ) ;
#4983 = DIRECTION ( 'NONE',  ( 0.0000000000000000000, 0.0000000000000000000, -1.000000000000000000 ) ) ;
#4984 = DIRECTION ( 'NONE',  ( -0.0000000000000000000, 0.0000000000000000000, 1.000000000000000000 ) ) ;
#4985 = FILL_AREA_STYLE ('',( #1248 ) ) ;
#4986 = CARTESIAN_POINT ( 'NONE',  ( -0.1238300606601930587, 0.02821025999184324090, 0.02000000000000000042 ) ) ;
#4987 = CARTESIAN_POINT ( 'NONE',  ( -0.0000000000000000000, -0.02337838794539967568, 0.02000000000000000042 ) ) ;
#4988 = CARTESIAN_POINT ( 'NONE',  ( -0.05166772839419750407, -0.05142716843320455783, 0.0000000000000000000 ) ) ;
#4989 = ORIENTED_EDGE ( 'NONE', *, *, #2070, .T. ) ;
#4990 = STYLED_ITEM ( 'NONE', ( #3000 ), #1674 ) ;
#4991 = LINE ( 'NONE', #3846, #4909 ) ;
#4992 = DIRECTION ( 'NONE',  ( -1.000000000000000000, 0.0000000000000000000, 0.0000000000000000000 ) ) ;
#4993 =( NAMED_UNIT ( * ) PLANE_ANGLE_UNIT ( ) SI_UNIT ( $, .RADIAN. ) );
#4994 = CARTESIAN_POINT ( 'NONE',  ( -0.08452452241533453536, -0.05132466510277362143, 0.02000000000000000042 ) ) ;
#4995 = CARTESIAN_POINT ( 'NONE',  ( 0.1018887376631432556, 0.002058241044163147248, 0.02000000000000000042 ) ) ;
#4996 = VERTEX_POINT ( 'NONE', #1865 ) ;
#4997 = COLOUR_RGB ( '',0.7529411764705882248, 0.7529411764705882248, 0.7529411764705882248 ) ;
#4998 =( GEOMETRIC_REPRESENTATION_CONTEXT ( 3 ) GLOBAL_UNCERTAINTY_ASSIGNED_CONTEXT ( ( #3889 ) ) GLOBAL_UNIT_ASSIGNED_CONTEXT ( ( #1428, #4811, #1945 ) ) REPRESENTATION_CONTEXT ( 'NONE', 'WORKASPACE' ) );
#4999 = MECHANICAL_DESIGN_GEOMETRIC_PRESENTATION_REPRESENTATION (  '', ( #2238 ), #3442 ) ;
#5000 =( NAMED_UNIT ( * ) SI_UNIT ( $, .STERADIAN. ) SOLID_ANGLE_UNIT ( ) );
#5001 = DIRECTION ( 'NONE',  ( 0.0000000000000000000, 1.000000000000000000, 0.0000000000000000000 ) ) ;
#5002 = VECTOR ( 'NONE', #2671, 1000.000000000000000 ) ;
#5003 = PRESENTATION_LAYER_ASSIGNMENT (  '', '', ( #1281 ) ) ;
#5004 = PLANE ( 'NONE',  #987 ) ;
#5005 = CARTESIAN_POINT ( 'NONE',  ( 0.04181121078613619230, 0.04615204809085841214, 0.02000000000000000042 ) ) ;
#5006 = CYLINDRICAL_SURFACE ( 'NONE', #4063, 0.01000000000000002623 ) ;
#5007 = CARTESIAN_POINT ( 'NONE',  ( 1.000000000000000000, -0.7999999999999994893, 0.7699999999999999067 ) ) ;
#5008 =( GEOMETRIC_REPRESENTATION_CONTEXT ( 3 ) GLOBAL_UNCERTAINTY_ASSIGNED_CONTEXT ( ( #2147 ) ) GLOBAL_UNIT_ASSIGNED_CONTEXT ( ( #1786, #3887, #4315 ) ) REPRESENTATION_CONTEXT ( 'NONE', 'WORKASPACE' ) );
#5009 = DIRECTION ( 'NONE',  ( 0.0000000000000000000, -1.000000000000000000, 0.0000000000000000000 ) ) ;
#5010 = CARTESIAN_POINT ( 'NONE',  ( 0.08003638292531038700, 0.04782570063483827794, 0.02000000000000000042 ) ) ;
#5011 = VERTEX_POINT ( 'NONE', #1018 ) ;
#5012 = EDGE_CURVE ( 'NONE', #1782, #4302, #3936, .T. ) ;
#5013 = LINE ( 'NONE', #3705, #2413 ) ;
#5014 = MECHANICAL_DESIGN_GEOMETRIC_PRESENTATION_REPRESENTATION (  '', ( #956 ), #355 ) ;
#5015 = ORIENTED_EDGE ( 'NONE', *, *, #127, .F. ) ;
#5016 =( LENGTH_UNIT ( ) NAMED_UNIT ( * ) SI_UNIT ( .MILLI., .METRE. ) );
#5017 = MECHANICAL_DESIGN_GEOMETRIC_PRESENTATION_REPRESENTATION (  '', ( #1991 ), #3376 ) ;
#5018 =( LENGTH_UNIT ( ) NAMED_UNIT ( * ) SI_UNIT ( .MILLI., .METRE. ) );
#5019 = ORIENTED_EDGE ( 'NONE', *, *, #2432, .F. ) ;
#5020 = EDGE_CURVE ( 'NONE', #1407, #139, #1423, .T. ) ;
#5021 = DIRECTION ( 'NONE',  ( 1.000000000000000000, 0.0000000000000000000, 0.0000000000000000000 ) ) ;
#5022 = CARTESIAN_POINT ( 'NONE',  ( 0.9899999999999999911, -0.7899999999999994804, 0.7699999999999999067 ) ) ;
#5023 = CARTESIAN_POINT ( 'NONE',  ( -0.1852891269062487134, 0.02976449793893575640, 0.0000000000000000000 ) ) ;
#5024 = CARTESIAN_POINT ( 'NONE',  ( 0.4000000000000000777, 0.8000000000000003775, -0.02000000000000000042 ) ) ;
#5025 = CARTESIAN_POINT ( 'NONE',  ( 0.09962625138840433547, -0.01863039224759559589, 0.02000000000000000042 ) ) ;
#5026 = PRESENTATION_STYLE_ASSIGNMENT (( #3374 ) ) ;
#5027 = FACE_OUTER_BOUND ( 'NONE', #2087, .T. ) ;
#5028 = ORIENTED_EDGE ( 'NONE', *, *, #885, .T. ) ;
#5029 = CARTESIAN_POINT ( 'NONE',  ( 0.07366110795916190612, -0.05253225200328061339, 0.01999999999999999695 ) ) ;
#5030 = CARTESIAN_POINT ( 'NONE',  ( -0.1181655734298176913, -0.009338651004267995576, 0.02000000000000000042 ) ) ;
#5031 = COLOUR_RGB ( '',0.2509803921568627416, 0.2509803921568627416, 0.2509803921568627416 ) ;
#5032 = CIRCLE ( 'NONE', #3386, 0.01000000000000002623 ) ;
#5033 =( LENGTH_UNIT ( ) NAMED_UNIT ( * ) SI_UNIT ( .MILLI., .METRE. ) );
#5034 = ORIENTED_EDGE ( 'NONE', *, *, #3156, .F. ) ;
#5035 = CARTESIAN_POINT ( 'NONE',  ( -0.9899999999999995470, -0.7999999999999994893, 0.7800000000000000266 ) ) ;
#5036 =( GEOMETRIC_REPRESENTATION_CONTEXT ( 3 ) GLOBAL_UNCERTAINTY_ASSIGNED_CONTEXT ( ( #4614 ) ) GLOBAL_UNIT_ASSIGNED_CONTEXT ( ( #2716, #2284, #3485 ) ) REPRESENTATION_CONTEXT ( 'NONE', 'WORKASPACE' ) );
#5037 = UNCERTAINTY_MEASURE_WITH_UNIT (LENGTH_MEASURE( 1.000000000000000082E-05 ), #1756, 'distance_accuracy_value', 'NONE');
#5038 = LINE ( 'NONE', #4987, #2829 ) ;
#5039 = B_SPLINE_CURVE_WITH_KNOTS ( 'NONE', 3,
 ( #2112, #1788, #948, #1410, #2629, #4584, #4662, #68, #4209, #2596, #895 ),
 .UNSPECIFIED., .F., .F.,
 ( 4, 1, 1, 1, 1, 1, 1, 1, 4 ),
 ( 0.0000000000000000000, 0.1124483899088010164, 0.2265276752126777204, 0.3444019493260284670, 0.4658649724874589504, 0.5916594493521171172, 0.7221684870248873400, 0.8586063875549265756, 1.000000000000000000 ),
 .UNSPECIFIED. ) ;
#5040 = ORIENTED_EDGE ( 'NONE', *, *, #5153, .F. ) ;
#5041 = AXIS2_PLACEMENT_3D ( 'NONE', #174, #3943, #3918 ) ;
#5042 = FILL_AREA_STYLE ('',( #442 ) ) ;
#5043 = SURFACE_SIDE_STYLE ('',( #444 ) ) ;
#5044 = CARTESIAN_POINT ( 'NONE',  ( -0.1854139174185877870, 0.02936551449362471630, 0.0000000000000000000 ) ) ;
#5045 = DIRECTION ( 'NONE',  ( 0.0000000000000000000, 0.0000000000000000000, -1.000000000000000000 ) ) ;
#5046 = EDGE_CURVE ( 'NONE', #4048, #505, #536, .T. ) ;
#5047 = MECHANICAL_DESIGN_GEOMETRIC_PRESENTATION_REPRESENTATION (  '', ( #1067 ), #301 ) ;
#5048 = EDGE_CURVE ( 'NONE', #1446, #1077, #4180, .T. ) ;
#5049 = SURFACE_STYLE_FILL_AREA ( #3398 ) ;
#5050 = CARTESIAN_POINT ( 'NONE',  ( 0.1239420277033635165, -0.05142716843320455783, 0.02000000000000000042 ) ) ;
#5051 = VERTEX_POINT ( 'NONE', #999 ) ;
#5052 = B_SPLINE_CURVE_WITH_KNOTS ( 'NONE', 3,
 ( #5072, #417, #4621, #1363, #3394, #3742, #3314, #3819, #4568, #1254, #1719 ),
 .UNSPECIFIED., .F., .F.,
 ( 4, 1, 1, 1, 1, 1, 1, 1, 4 ),
 ( 0.0000000000000000000, 0.1252796967356259727, 0.2494199707420513001, 0.3733567994928199130, 0.4966812787822861286, 0.6202029157439825635, 0.7450863201614565945, 0.8712691950190978307, 1.000000000000000000 ),
 .UNSPECIFIED. ) ;
#5053 = SURFACE_STYLE_FILL_AREA ( #1288 ) ;
#5054 = VERTEX_POINT ( 'NONE', #3880 ) ;
#5055 =( NAMED_UNIT ( * ) PLANE_ANGLE_UNIT ( ) SI_UNIT ( $, .RADIAN. ) );
#5056 = CARTESIAN_POINT ( 'NONE',  ( -0.9899999999999999911, 0.7900000000000003686, 0.7800000000000000266 ) ) ;
#5057 = LINE ( 'NONE', #3467, #1638 ) ;
#5058 = FILL_AREA_STYLE ('',( #2191 ) ) ;
#5059 = FILL_AREA_STYLE ('',( #1321 ) ) ;
#5060 = CARTESIAN_POINT ( 'NONE',  ( -0.03215553327224628805, -0.05142716843320455783, 0.0000000000000000000 ) ) ;
#5061 = UNCERTAINTY_MEASURE_WITH_UNIT (LENGTH_MEASURE( 1.000000000000000082E-05 ), #1528, 'distance_accuracy_value', 'NONE');
#5062 = VECTOR ( 'NONE', #2739, 1000.000000000000000 ) ;
#5063 = CARTESIAN_POINT ( 'NONE',  ( 0.09741124437714691886, 0.03866513153763358884, 0.0000000000000000000 ) ) ;
#5064 = SURFACE_STYLE_FILL_AREA ( #3415 ) ;
#5065 = VERTEX_POINT ( 'NONE', #164 ) ;
#5066 = CARTESIAN_POINT ( 'NONE',  ( 0.1153741874883294632, -0.005125747929719369142, 0.0000000000000000000 ) ) ;
#5067 = CARTESIAN_POINT ( 'NONE',  ( 0.1074078274159683127, 0.02737346730674929118, 0.02000000000000000389 ) ) ;
#5068 = DIRECTION ( 'NONE',  ( 1.000000000000000000, 0.0000000000000000000, 0.0000000000000000000 ) ) ;
#5069 = VERTEX_POINT ( 'NONE', #1805 ) ;
#5070 = UNCERTAINTY_MEASURE_WITH_UNIT (LENGTH_MEASURE( 1.000000000000000082E-05 ), #2898, 'distance_accuracy_value', 'NONE');
#5071 = FACE_OUTER_BOUND ( 'NONE', #2262, .T. ) ;
#5072 = CARTESIAN_POINT ( 'NONE',  ( 0.04101519843507079460, 0.03241429498142959359, 0.02000000000000000042 ) ) ;
#5073 = CARTESIAN_POINT ( 'NONE',  ( -0.1238300606601930587, 0.02821025999184324090, 0.0000000000000000000 ) ) ;
#5074 = CARTESIAN_POINT ( 'NONE',  ( -0.0000000000000000000, -0.05142716843320455783, 0.02000000000000000042 ) ) ;
#5075 = LINE ( 'NONE', #2150, #4087 ) ;
#5076 = VECTOR ( 'NONE', #4947, 1000.000000000000000 ) ;
#5077 = FILL_AREA_STYLE_COLOUR ( '', #4660 ) ;
#5078 = PLANE ( 'NONE',  #4625 ) ;
#5079 = EDGE_CURVE ( 'NONE', #1774, #1479, #2768, .T. ) ;
#5080 = ADVANCED_FACE ( 'NONE', ( #296 ), #5235, .F. ) ;
#5081 = PLANE ( 'NONE',  #4092 ) ;
#5082 = DIRECTION ( 'NONE',  ( 1.000000000000000000, 0.0000000000000000000, 0.0000000000000000000 ) ) ;
#5083 =( LENGTH_UNIT ( ) NAMED_UNIT ( * ) SI_UNIT ( .MILLI., .METRE. ) );
#5084 = CARTESIAN_POINT ( 'NONE',  ( 0.0000000000000000000, 0.0000000000000000000, 0.02000000000000000042 ) ) ;
#5085 = VECTOR ( 'NONE', #2175, 1000.000000000000000 ) ;
#5086 = VECTOR ( 'NONE', #2977, 1000.000000000000000 ) ;
#5087 = AXIS2_PLACEMENT_3D ( 'NONE', #688, #2335, #3199 ) ;
#5088 = SURFACE_STYLE_USAGE ( .BOTH. , #2540 ) ;
#5089 = ORIENTED_EDGE ( 'NONE', *, *, #3090, .F. ) ;
#5090 = EDGE_LOOP ( 'NONE', ( #399, #1694, #2155, #2640, #2609, #5252 ) ) ;
#5091 = FILL_AREA_STYLE ('',( #2998 ) ) ;
#5092 = ORIENTED_EDGE ( 'NONE', *, *, #169, .F. ) ;
#5093 = VECTOR ( 'NONE', #3728, 1000.000000000000000 ) ;
#5094 = COLOUR_RGB ( '',0.7529411764705882248, 0.7529411764705882248, 0.7529411764705882248 ) ;
#5095 = ORIENTED_EDGE ( 'NONE', *, *, #3226, .F. ) ;
#5096 = FILL_AREA_STYLE ('',( #4699 ) ) ;
#5097 = CARTESIAN_POINT ( 'NONE',  ( -0.1819459296137097282, 0.02936551449362471283, 0.0000000000000000000 ) ) ;
#5098 = CARTESIAN_POINT ( 'NONE',  ( 0.06547457711020247817, -0.04165521681748689947, 0.02000000000000000042 ) ) ;
#5099 = CARTESIAN_POINT ( 'NONE',  ( 0.04101519843507079460, -0.04624424160393626748, 0.02000000000000000042 ) ) ;
#5100 = ORIENTED_EDGE ( 'NONE', *, *, #362, .F. ) ;
#5101 = MECHANICAL_DESIGN_GEOMETRIC_PRESENTATION_REPRESENTATION (  '', ( #4161 ), #1909 ) ;
#5102 =( NAMED_UNIT ( * ) SI_UNIT ( $, .STERADIAN. ) SOLID_ANGLE_UNIT ( ) );
#5103 = CARTESIAN_POINT ( 'NONE',  ( -0.1846309894190474310, 0.03224715505501151575, 0.0000000000000000000 ) ) ;
#5104 = DIRECTION ( 'NONE',  ( 1.000000000000000000, 0.0000000000000000000, 0.0000000000000000000 ) ) ;
#5105 = AXIS2_PLACEMENT_3D ( 'NONE', #595, #1812, #2248 ) ;
#5106 = CARTESIAN_POINT ( 'NONE',  ( 0.0000000000000000000, 0.7900000000000003686, 0.7699999999999999067 ) ) ;
#5107 = CARTESIAN_POINT ( 'NONE',  ( -0.9899999999999995470, -0.7899999999999994804, 0.7699999999999999067 ) ) ;
#5108 = CARTESIAN_POINT ( 'NONE',  ( 0.05958243107669197042, -0.04130315926347703781, 0.0000000000000000000 ) ) ;
#5109 = VERTEX_POINT ( 'NONE', #3987 ) ;
#5110 =( GEOMETRIC_REPRESENTATION_CONTEXT ( 3 ) GLOBAL_UNCERTAINTY_ASSIGNED_CONTEXT ( ( #1765 ) ) GLOBAL_UNIT_ASSIGNED_CONTEXT ( ( #4707, #2282, #243 ) ) REPRESENTATION_CONTEXT ( 'NONE', 'WORKASPACE' ) );
#5111 = LINE ( 'NONE', #1425, #4923 ) ;
#5112 = CARTESIAN_POINT ( 'NONE',  ( 0.04101519843507079460, -0.04624424160393626748, 0.02000000000000000042 ) ) ;
#5113 = CARTESIAN_POINT ( 'NONE',  ( -0.9899999999999999911, 0.7900000000000003686, 0.7800000000000000266 ) ) ;
#5114 = ORIENTED_EDGE ( 'NONE', *, *, #2790, .F. ) ;
#5115 = SURFACE_STYLE_USAGE ( .BOTH. , #113 ) ;
#5116 = EDGE_CURVE ( 'NONE', #2961, #808, #4438, .T. ) ;
#5117 = FACE_OUTER_BOUND ( 'NONE', #1886, .T. ) ;
#5118 = FILL_AREA_STYLE ('',( #2966 ) ) ;
#5119 = ORIENTED_EDGE ( 'NONE', *, *, #413, .T. ) ;
#5120 = UNCERTAINTY_MEASURE_WITH_UNIT (LENGTH_MEASURE( 1.000000000000000082E-05 ), #5083, 'distance_accuracy_value', 'NONE');
#5121 = DIRECTION ( 'NONE',  ( 0.0000000000000000000, 0.0000000000000000000, 1.000000000000000000 ) ) ;
#5122 = ORIENTED_EDGE ( 'NONE', *, *, #3752, .F. ) ;
#5123 = EDGE_CURVE ( 'NONE', #603, #4642, #1501, .T. ) ;
#5124 = EDGE_CURVE ( 'NONE', #4248, #5200, #1126, .T. ) ;
#5125 = DIRECTION ( 'NONE',  ( 0.0000000000000000000, 1.000000000000000000, 0.0000000000000000000 ) ) ;
#5126 = VERTEX_POINT ( 'NONE', #4039 ) ;
#5127 = CIRCLE ( 'NONE', #2777, 0.01000000000000002623 ) ;
#5128 = SURFACE_SIDE_STYLE ('',( #5064 ) ) ;
#5129 = ORIENTED_EDGE ( 'NONE', *, *, #1204, .F. ) ;
#5130 = LINE ( 'NONE', #3089, #4158 ) ;
#5131 = CARTESIAN_POINT ( 'NONE',  ( 0.05958243107669197042, -0.04130315926347703781, 0.02000000000000000042 ) ) ;
#5132 = CARTESIAN_POINT ( 'NONE',  ( 0.06065653541333340670, -0.05228253497242613818, 0.02000000000000000042 ) ) ;
#5133 = ORIENTED_EDGE ( 'NONE', *, *, #3164, .F. ) ;
#5134 = LINE ( 'NONE', #1777, #3185 ) ;
#5135 = CARTESIAN_POINT ( 'NONE',  ( 1.000000000000000000, -0.7899999999999994804, 0.01000000000000002623 ) ) ;
#5136 = DIRECTION ( 'NONE',  ( -1.000000000000000000, 0.0000000000000000000, 0.0000000000000000000 ) ) ;
#5137 = VECTOR ( 'NONE', #3026, 999.9999999999998863 ) ;
#5138 = DIRECTION ( 'NONE',  ( -1.000000000000000000, 0.0000000000000000000, 0.0000000000000000000 ) ) ;
#5139 = EDGE_LOOP ( 'NONE', ( #4212, #3551, #2007, #2784 ) ) ;
#5140 = DIRECTION ( 'NONE',  ( -1.000000000000000000, 0.0000000000000000000, 0.0000000000000000000 ) ) ;
#5141 = VECTOR ( 'NONE', #271, 1000.000000000000000 ) ;
#5142 =( NAMED_UNIT ( * ) SI_UNIT ( $, .STERADIAN. ) SOLID_ANGLE_UNIT ( ) );
#5143 = DIRECTION ( 'NONE',  ( 1.000000000000000000, 0.0000000000000000000, 0.0000000000000000000 ) ) ;
#5144 = VECTOR ( 'NONE', #5309, 1000.000000000000000 ) ;
#5145 = FACE_OUTER_BOUND ( 'NONE', #4600, .T. ) ;
#5146 =( GEOMETRIC_REPRESENTATION_CONTEXT ( 3 ) GLOBAL_UNCERTAINTY_ASSIGNED_CONTEXT ( ( #4803 ) ) GLOBAL_UNIT_ASSIGNED_CONTEXT ( ( #4052, #332, #4872 ) ) REPRESENTATION_CONTEXT ( 'NONE', 'WORKASPACE' ) );
#5147 = CARTESIAN_POINT ( 'NONE',  ( -0.1854139174185877315, 0.02936551449362472671, 0.02000000000000000042 ) ) ;
#5148 = CARTESIAN_POINT ( 'NONE',  ( 0.1019908081911683750, -0.002494241603936259415, 0.0000000000000000000 ) ) ;
#5149 = ORIENTED_EDGE ( 'NONE', *, *, #5242, .T. ) ;
#5150 =( NAMED_UNIT ( * ) SI_UNIT ( $, .STERADIAN. ) SOLID_ANGLE_UNIT ( ) );
#5151 = PLANE ( 'NONE',  #2953 ) ;
#5152 = CARTESIAN_POINT ( 'NONE',  ( -0.1313124031290753280, -0.01116384586967388362, 0.02000000000000000042 ) ) ;
#5153 = EDGE_CURVE ( 'NONE', #2842, #2165, #1064, .T. ) ;
#5154 = ORIENTED_EDGE ( 'NONE', *, *, #5046, .T. ) ;
#5155 = VECTOR ( 'NONE', #2997, 1000.000000000000000 ) ;
#5156 = PRESENTATION_STYLE_ASSIGNMENT (( #1853 ) ) ;
#5157 = CARTESIAN_POINT ( 'NONE',  ( 0.04671225841693495140, -0.03810265946404272491, 0.02000000000000000042 ) ) ;
#5158 = CARTESIAN_POINT ( 'NONE',  ( 0.04195353751256972880, -0.04676216657092556461, 0.02000000000000000042 ) ) ;
#5159 = DIRECTION ( 'NONE',  ( -0.0000000000000000000, 0.0000000000000000000, -1.000000000000000000 ) ) ;
#5160 = FILL_AREA_STYLE ('',( #3073 ) ) ;
#5161 = ORIENTED_EDGE ( 'NONE', *, *, #2005, .T. ) ;
#5162 = DIRECTION ( 'NONE',  ( 1.000000000000000000, 0.0000000000000000000, 0.0000000000000000000 ) ) ;
#5163 = CARTESIAN_POINT ( 'NONE',  ( 0.1751615398984854577, 0.04857283156679546160, 0.0000000000000000000 ) ) ;
#5164 = VERTEX_POINT ( 'NONE', #5189 ) ;
#5165 = CARTESIAN_POINT ( 'NONE',  ( -0.1134692097666577248, 0.03848777963531620216, 0.02000000000000000042 ) ) ;
#5166 = FILL_AREA_STYLE_COLOUR ( '', #4111 ) ;
#5167 = PRESENTATION_LAYER_ASSIGNMENT (  '', '', ( #405 ) ) ;
#5168 = CARTESIAN_POINT ( 'NONE',  ( -0.08125476577093905528, 0.03756792239378845683, 0.02000000000000000042 ) ) ;
#5169 = ORIENTED_EDGE ( 'NONE', *, *, #5020, .T. ) ;
#5170 = SURFACE_STYLE_USAGE ( .BOTH. , #2726 ) ;
#5171 = VERTEX_POINT ( 'NONE', #346 ) ;
#5172 = ADVANCED_BREP_SHAPE_REPRESENTATION ( 'IND-SMD_L2.0-W1.6-B', ( #1621, #1574, #3405, #3783 ), #1600 ) ;
#5173 = FACE_OUTER_BOUND ( 'NONE', #2815, .T. ) ;
#5174 = MECHANICAL_DESIGN_GEOMETRIC_PRESENTATION_REPRESENTATION (  '', ( #3903 ), #3359 ) ;
#5175 = VERTEX_POINT ( 'NONE', #3173 ) ;
#5176 = COLOUR_RGB ( '',1.000000000000000000, 1.000000000000000000, 1.000000000000000000 ) ;
#5177 = SURFACE_STYLE_FILL_AREA ( #1877 ) ;
#5178 = DIRECTION ( 'NONE',  ( -1.000000000000000000, 0.0000000000000000000, 0.0000000000000000000 ) ) ;
#5179 = CARTESIAN_POINT ( 'NONE',  ( 0.9899999999999999911, 0.7900000000000003686, 0.01000000000000002623 ) ) ;
#5180 = PRESENTATION_LAYER_ASSIGNMENT (  '', '', ( #2062 ) ) ;
#5181 = VERTEX_POINT ( 'NONE', #2718 ) ;
#5182 =( GEOMETRIC_REPRESENTATION_CONTEXT ( 3 ) GLOBAL_UNCERTAINTY_ASSIGNED_CONTEXT ( ( #961 ) ) GLOBAL_UNIT_ASSIGNED_CONTEXT ( ( #4896, #791, #2940 ) ) REPRESENTATION_CONTEXT ( 'NONE', 'WORKASPACE' ) );
#5183 =( NAMED_UNIT ( * ) PLANE_ANGLE_UNIT ( ) SI_UNIT ( $, .RADIAN. ) );
#5184 =( NAMED_UNIT ( * ) PLANE_ANGLE_UNIT ( ) SI_UNIT ( $, .RADIAN. ) );
#5185 = FILL_AREA_STYLE ('',( #4779 ) ) ;
#5186 = COLOUR_RGB ( '',1.000000000000000000, 0.5019607843137254832, 0.0000000000000000000 ) ;
#5187 = VECTOR ( 'NONE', #4275, 1000.000000000000000 ) ;
#5188 = EDGE_CURVE ( 'NONE', #4906, #3658, #315, .T. ) ;
#5189 = CARTESIAN_POINT ( 'NONE',  ( -0.1394726064429779866, -0.05142716843320455783, 0.0000000000000000000 ) ) ;
#5190 = ORIENTED_EDGE ( 'NONE', *, *, #2398, .F. ) ;
#5191 = LINE ( 'NONE', #1476, #16 ) ;
#5192 =( GEOMETRIC_REPRESENTATION_CONTEXT ( 3 ) GLOBAL_UNCERTAINTY_ASSIGNED_CONTEXT ( ( #5061 ) ) GLOBAL_UNIT_ASSIGNED_CONTEXT ( ( #1528, #2622, #112 ) ) REPRESENTATION_CONTEXT ( 'NONE', 'WORKASPACE' ) );
#5193 = CARTESIAN_POINT ( 'NONE',  ( 0.04101519843507079460, -0.04624424160393626748, 0.0000000000000000000 ) ) ;
#5194 = CARTESIAN_POINT ( 'NONE',  ( 0.9899999999999999911, 0.7900000000000003686, 0.0000000000000000000 ) ) ;
#5195 = ORIENTED_EDGE ( 'NONE', *, *, #3466, .F. ) ;
#5196 = PLANE ( 'NONE',  #4794 ) ;
#5197 = MECHANICAL_DESIGN_GEOMETRIC_PRESENTATION_REPRESENTATION (  '', ( #3827 ), #2598 ) ;
#5198 = PLANE ( 'NONE',  #4157 ) ;
#5199 = CARTESIAN_POINT ( 'NONE',  ( 0.04101519843507079460, 0.03241429498142959359, 0.02000000000000000042 ) ) ;
#5200 = VERTEX_POINT ( 'NONE', #1989 ) ;
#5201 = CARTESIAN_POINT ( 'NONE',  ( -0.08809941740489546369, 0.03706532125010574691, 0.0000000000000000000 ) ) ;
#5202 = ORIENTED_EDGE ( 'NONE', *, *, #4912, .F. ) ;
#5203 = UNCERTAINTY_MEASURE_WITH_UNIT (LENGTH_MEASURE( 1.000000000000000082E-05 ), #2954, 'distance_accuracy_value', 'NONE');
#5204 = FILL_AREA_STYLE ('',( #1926 ) ) ;
#5205 = CARTESIAN_POINT ( 'NONE',  ( -0.09060981017181361785, 0.04784169697608967042, 0.0000000000000000000 ) ) ;
#5206 = DIRECTION ( 'NONE',  ( 0.0000000000000000000, -0.0000000000000000000, -1.000000000000000000 ) ) ;
#5207 = CIRCLE ( 'NONE', #2865, 0.01000000000000002623 ) ;
#5208 = CARTESIAN_POINT ( 'NONE',  ( 0.06635409052228610771, 0.04975032126057207793, 0.02000000000000000389 ) ) ;
#5209 = CARTESIAN_POINT ( 'NONE',  ( 0.05461076826846225640, 0.04927532751349340129, 0.0000000000000000000 ) ) ;
#5210 = ORIENTED_EDGE ( 'NONE', *, *, #2467, .F. ) ;
#5211 = FACE_OUTER_BOUND ( 'NONE', #1520, .T. ) ;
#5212 = COLOUR_RGB ( '',1.000000000000000000, 1.000000000000000000, 1.000000000000000000 ) ;
#5213 = LINE ( 'NONE', #746, #3249 ) ;
#5214 = CARTESIAN_POINT ( 'NONE',  ( 0.1123087942912651405, -0.02338625798647066614, 0.0000000000000000000 ) ) ;
#5215 = EDGE_CURVE ( 'NONE', #801, #4582, #5213, .T. ) ;
#5216 = CARTESIAN_POINT ( 'NONE',  ( -0.08125476577093905528, 0.03756792239378845683, 0.02000000000000000042 ) ) ;
#5217 = EDGE_CURVE ( 'NONE', #1838, #596, #1497, .T. ) ;
#5218 = SURFACE_STYLE_FILL_AREA ( #2649 ) ;
#5219 = AXIS2_PLACEMENT_3D ( 'NONE', #1620, #3999, #4869 ) ;
#5220 = CARTESIAN_POINT ( 'NONE',  ( -0.1313106693833304972, 0.01035645370940384974, 0.0000000000000000000 ) ) ;
#5221 = PRESENTATION_LAYER_ASSIGNMENT (  '', '', ( #3231 ) ) ;
#5222 = FACE_OUTER_BOUND ( 'NONE', #1040, .T. ) ;
#5223 = FACE_BOUND ( 'NONE', #2084, .T. ) ;
#5224 = CARTESIAN_POINT ( 'NONE',  ( -0.07927824668688041032, -0.04045155867710700098, 0.02000000000000000042 ) ) ;
#5225 = ORIENTED_EDGE ( 'NONE', *, *, #2031, .F. ) ;
#5226 =( NAMED_UNIT ( * ) SI_UNIT ( $, .STERADIAN. ) SOLID_ANGLE_UNIT ( ) );
#5227 = DIRECTION ( 'NONE',  ( 0.9353882635801357148, 0.3536223923290756632, 0.0000000000000000000 ) ) ;
#5228 = CARTESIAN_POINT ( 'NONE',  ( -0.9899999999999999911, 0.7900000000000003686, 0.0000000000000000000 ) ) ;
#5229 = CARTESIAN_POINT ( 'NONE',  ( 0.08003638292531038700, 0.04782570063483827794, 0.0000000000000000000 ) ) ;
#5230 = PRESENTATION_STYLE_ASSIGNMENT (( #3589 ) ) ;
#5231 = PRESENTATION_STYLE_ASSIGNMENT (( #3561 ) ) ;
#5232 = UNCERTAINTY_MEASURE_WITH_UNIT (LENGTH_MEASURE( 1.000000000000000082E-05 ), #3406, 'distance_accuracy_value', 'NONE');
#5233 = CARTESIAN_POINT ( 'NONE',  ( 0.9899999999999999911, 0.8000000000000003775, 0.7800000000000000266 ) ) ;
#5234 = CARTESIAN_POINT ( 'NONE',  ( 0.0000000000000000000, 0.0000000000000000000, -0.02000000000000000042 ) ) ;
#5235 = PLANE ( 'NONE',  #3147 ) ;
#5236 = ORIENTED_EDGE ( 'NONE', *, *, #1472, .F. ) ;
#5237 = UNCERTAINTY_MEASURE_WITH_UNIT (LENGTH_MEASURE( 1.000000000000000082E-05 ), #1554, 'distance_accuracy_value', 'NONE');
#5238 = LINE ( 'NONE', #3260, #777 ) ;
#5239 = CARTESIAN_POINT ( 'NONE',  ( -0.1173182039646163410, 0.01240080503207129786, 0.02000000000000000042 ) ) ;
#5240 = CARTESIAN_POINT ( 'NONE',  ( 0.1019908081911683750, -0.002494241603936259415, 0.0000000000000000000 ) ) ;
#5241 = CARTESIAN_POINT ( 'NONE',  ( 0.02150300331311958205, 0.04857283156679546160, 0.0000000000000000000 ) ) ;
#5242 = EDGE_CURVE ( 'NONE', #144, #4940, #4360, .T. ) ;
#5243 = EDGE_CURVE ( 'NONE', #5126, #4130, #5291, .T. ) ;
#5244 = CARTESIAN_POINT ( 'NONE',  ( -0.09195255481482061954, 0.03633356115639694434, 0.02000000000000000042 ) ) ;
#5245 = FILL_AREA_STYLE_COLOUR ( '', #1706 ) ;
#5246 = FACE_OUTER_BOUND ( 'NONE', #580, .T. ) ;
#5247 = EDGE_CURVE ( 'NONE', #3495, #3243, #171, .T. ) ;
#5248 = PRESENTATION_LAYER_ASSIGNMENT (  '', '', ( #2230 ) ) ;
#5249 = CARTESIAN_POINT ( 'NONE',  ( 0.05819045005052256303, 0.03844512424191864203, 0.0000000000000000000 ) ) ;
#5250 = CARTESIAN_POINT ( 'NONE',  ( 0.04101519843507079460, -0.04624424160393626748, 0.0000000000000000000 ) ) ;
#5251 = PRESENTATION_LAYER_ASSIGNMENT (  '', '', ( #1525 ) ) ;
#5252 = ORIENTED_EDGE ( 'NONE', *, *, #5048, .F. ) ;
#5253 = STYLED_ITEM ( 'NONE', ( #2114 ), #2072 ) ;
#5254 = MECHANICAL_DESIGN_GEOMETRIC_PRESENTATION_REPRESENTATION (  '', ( #6 ), #82 ) ;
#5255 = SURFACE_STYLE_FILL_AREA ( #2340 ) ;
#5256 = COLOUR_RGB ( '',0.2509803921568627416, 0.2509803921568627416, 0.2509803921568627416 ) ;
#5257 = CARTESIAN_POINT ( 'NONE',  ( -0.4099999999999999756, -0.7999999999999994893, -0.02000000000000000042 ) ) ;
#5258 = DIRECTION ( 'NONE',  ( -1.000000000000000000, 0.0000000000000000000, 0.0000000000000000000 ) ) ;
#5259 = CARTESIAN_POINT ( 'NONE',  ( 0.04600143149020351208, 0.04759263154817294089, 0.0000000000000000000 ) ) ;
#5260 = COLOUR_RGB ( '',1.000000000000000000, 1.000000000000000000, 1.000000000000000000 ) ;
#5261 = CARTESIAN_POINT ( 'NONE',  ( -0.1186393302353901252, -0.004982507141324255852, 0.0000000000000000000 ) ) ;
#5262 = EDGE_LOOP ( 'NONE', ( #1558, #3904, #3956, #450 ) ) ;
#5263 = CARTESIAN_POINT ( 'NONE',  ( -1.000000000000000000, -0.7999999999999994893, -0.02000000000000000042 ) ) ;
#5264 = ORIENTED_EDGE ( 'NONE', *, *, #3949, .T. ) ;
#5265 = DIRECTION ( 'NONE',  ( 0.0000000000000000000, 0.0000000000000000000, 1.000000000000000000 ) ) ;
#5266 = DIRECTION ( 'NONE',  ( 0.0000000000000000000, 1.000000000000000000, 0.0000000000000000000 ) ) ;
#5267 = CARTESIAN_POINT ( 'NONE',  ( -0.1820970720066905080, 0.02982130229430093177, 0.0000000000000000000 ) ) ;
#5268 = CARTESIAN_POINT ( 'NONE',  ( 0.9899999999999999911, -0.7899999999999994804, 0.0000000000000000000 ) ) ;
#5269 = CARTESIAN_POINT ( 'NONE',  ( 0.1239420277033635165, -0.04045155867710700098, 0.0000000000000000000 ) ) ;
#5270 = PRESENTATION_LAYER_ASSIGNMENT (  '', '', ( #2071 ) ) ;
#5271 = CARTESIAN_POINT ( 'NONE',  ( 0.04367123738511444198, 0.03395765368552570995, 0.02000000000000000042 ) ) ;
#5272 = CARTESIAN_POINT ( 'NONE',  ( -0.1187408991259047975, -0.0004553696527167494751, 0.02000000000000000042 ) ) ;
#5273 =( NAMED_UNIT ( * ) SI_UNIT ( $, .STERADIAN. ) SOLID_ANGLE_UNIT ( ) );
#5274 =( NAMED_UNIT ( * ) PLANE_ANGLE_UNIT ( ) SI_UNIT ( $, .RADIAN. ) );
#5275 = EDGE_CURVE ( 'NONE', #144, #165, #920, .T. ) ;
#5276 = CIRCLE ( 'NONE', #1653, 0.01000000000000002623 ) ;
#5277 = CARTESIAN_POINT ( 'NONE',  ( -0.1835465393698072489, 0.03637770961557593857, 0.0000000000000000000 ) ) ;
#5278 = EDGE_CURVE ( 'NONE', #3488, #5289, #120, .T. ) ;
#5279 = DIRECTION ( 'NONE',  ( 1.000000000000000000, 0.0000000000000000000, 0.0000000000000000000 ) ) ;
#5280 = PRESENTATION_STYLE_ASSIGNMENT (( #291 ) ) ;
#5281 = ORIENTED_EDGE ( 'NONE', *, *, #413, .F. ) ;
#5282 = AXIS2_PLACEMENT_3D ( 'NONE', #3041, #2208, #3011 ) ;
#5283 = CARTESIAN_POINT ( 'NONE',  ( -0.02971650888200237303, 0.04857283156679546160, 0.0000000000000000000 ) ) ;
#5284 = UNCERTAINTY_MEASURE_WITH_UNIT (LENGTH_MEASURE( 1.000000000000000082E-05 ), #4889, 'distance_accuracy_value', 'NONE');
#5285 = FILL_AREA_STYLE_COLOUR ( '', #3726 ) ;
#5286 =( NAMED_UNIT ( * ) SI_UNIT ( $, .STERADIAN. ) SOLID_ANGLE_UNIT ( ) );
#5287 = CARTESIAN_POINT ( 'NONE',  ( -0.9999999999999995559, -0.7899999999999994804, 0.01000000000000002623 ) ) ;
#5288 = DIRECTION ( 'NONE',  ( 2.710505431213761578E-16, -1.000000000000000000, 0.0000000000000000000 ) ) ;
#5289 = VERTEX_POINT ( 'NONE', #2566 ) ;
#5290 = PRESENTATION_STYLE_ASSIGNMENT (( #1988 ) ) ;
#5291 = LINE ( 'NONE', #3208, #5062 ) ;
#5292 = ORIENTED_EDGE ( 'NONE', *, *, #790, .F. ) ;
#5293 = AXIS2_PLACEMENT_3D ( 'NONE', #4954, #4447, #2456 ) ;
#5294 =( NAMED_UNIT ( * ) SI_UNIT ( $, .STERADIAN. ) SOLID_ANGLE_UNIT ( ) );
#5295 = CARTESIAN_POINT ( 'NONE',  ( 0.05341434585850124428, -0.05108887305884075858, 0.0000000000000000000 ) ) ;
#5296 = CARTESIAN_POINT ( 'NONE',  ( 0.09457224448562219499, -0.02836971210405437455, 0.0000000000000000000 ) ) ;
#5297 = MECHANICAL_DESIGN_GEOMETRIC_PRESENTATION_REPRESENTATION (  '', ( #1666 ), #1755 ) ;
#5298 = CARTESIAN_POINT ( 'NONE',  ( -0.1026053901210610964, -0.03459543722041618502, 0.0000000000000000000 ) ) ;
#5299 = PLANE ( 'NONE',  #3929 ) ;
#5300 = DIRECTION ( 'NONE',  ( 0.0000000000000000000, -1.000000000000000000, 0.0000000000000000000 ) ) ;
#5301 = ORIENTED_EDGE ( 'NONE', *, *, #1809, .T. ) ;
#5302 = CARTESIAN_POINT ( 'NONE',  ( 0.04101519843507079460, 0.03241429498142959359, 0.0000000000000000000 ) ) ;
#5303 = COLOUR_RGB ( '',1.000000000000000000, 1.000000000000000000, 1.000000000000000000 ) ;
#5304 = SURFACE_STYLE_USAGE ( .BOTH. , #3672 ) ;
#5305 = SURFACE_STYLE_FILL_AREA ( #1208 ) ;
#5306 = FACE_OUTER_BOUND ( 'NONE', #3200, .T. ) ;
#5307 = CIRCLE ( 'NONE', #642, 0.01000000000000002623 ) ;
#5308 = FILL_AREA_STYLE ('',( #2866 ) ) ;
#5309 = DIRECTION ( 'NONE',  ( 0.0000000000000000000, -1.000000000000000000, 0.0000000000000000000 ) ) ;
#5310 = PRESENTATION_LAYER_ASSIGNMENT (  '', '', ( #3767 ) ) ;
#5311 = CARTESIAN_POINT ( 'NONE',  ( 0.02150300331311958205, -0.05142716843320455783, 0.0000000000000000000 ) ) ;
#5312 = CARTESIAN_POINT ( 'NONE',  ( 0.06989724173477566971, 0.04966788362273530377, 0.02000000000000000389 ) ) ;
#5313 = VERTEX_POINT ( 'NONE', #147 ) ;
#5314 = ADVANCED_FACE ( 'NONE', ( #2601 ), #3712, .F. ) ;
#5315 = MECHANICAL_DESIGN_GEOMETRIC_PRESENTATION_REPRESENTATION (  '', ( #4203 ), #3410 ) ;
#5316 = EDGE_CURVE ( 'NONE', #2524, #703, #1223, .T. ) ;
#5317 = CARTESIAN_POINT ( 'NONE',  ( 0.008088369166778127534, 0.004670392542405204725, 0.0000000000000000000 ) ) ;
#5318 = PLANE ( 'NONE',  #2322 ) ;
#5319 =( LENGTH_UNIT ( ) NAMED_UNIT ( * ) SI_UNIT ( .MILLI., .METRE. ) );
#5320 = CARTESIAN_POINT ( 'NONE',  ( 0.1239420277033635165, -0.04045155867710700098, 0.0000000000000000000 ) ) ;
#5321 = ORIENTED_EDGE ( 'NONE', *, *, #5247, .T. ) ;
#5322 = SURFACE_SIDE_STYLE ('',( #2446 ) ) ;
#5323 =( NAMED_UNIT ( * ) SI_UNIT ( $, .STERADIAN. ) SOLID_ANGLE_UNIT ( ) );
#5324 = DIRECTION ( 'NONE',  ( -1.000000000000000000, 0.0000000000000000000, -0.0000000000000000000 ) ) ;
#5325 = CARTESIAN_POINT ( 'NONE',  ( -0.07983083815029506924, 0.03759722181069789088, 0.02000000000000000042 ) ) ;
#5326 =( NAMED_UNIT ( * ) SI_UNIT ( $, .STERADIAN. ) SOLID_ANGLE_UNIT ( ) );
#5327 = VECTOR ( 'NONE', #4513, 1000.000000000000000 ) ;
#5328 = LINE ( 'NONE', #1201, #854 ) ;
#5329 = CARTESIAN_POINT ( 'NONE',  ( 0.06443364355702201063, 0.03881673400581983624, 0.02000000000000000042 ) ) ;
#5330 = ORIENTED_EDGE ( 'NONE', *, *, #2100, .T. ) ;
#5331 = SURFACE_SIDE_STYLE ('',( #786 ) ) ;
#5332 = ORIENTED_EDGE ( 'NONE', *, *, #3684, .F. ) ;
#5333 = SURFACE_STYLE_FILL_AREA ( #1563 ) ;
#5334 = CARTESIAN_POINT ( 'NONE',  ( 0.1617469057521439824, -0.04045155867710700098, 0.0000000000000000000 ) ) ;
#5335 =( NAMED_UNIT ( * ) PLANE_ANGLE_UNIT ( ) SI_UNIT ( $, .RADIAN. ) );
#5336 = VERTEX_POINT ( 'NONE', #2816 ) ;
#5337 = VECTOR ( 'NONE', #212, 1000.000000000000000 ) ;
#5338 =( NAMED_UNIT ( * ) SI_UNIT ( $, .STERADIAN. ) SOLID_ANGLE_UNIT ( ) );
#5339 = FILL_AREA_STYLE_COLOUR ( '', #763 ) ;
#5340 = ORIENTED_EDGE ( 'NONE', *, *, #2667, .F. ) ;
#5341 = COLOUR_RGB ( '',0.7529411764705882248, 0.7529411764705882248, 0.7529411764705882248 ) ;
ENDSEC;
END-ISO-10303-21;
