ISO-10303-21;
HEADER;
FILE_DESCRIPTION (( 'STEP AP214' ),
    '1' );
FILE_NAME ('零件1.STEP',
    '2021-11-11T03:20:22',
    ( '' ),
    ( '' ),
    'SwSTEP 2.0',
    'SolidWorks 2020',
    '' );
FILE_SCHEMA (( 'AUTOMOTIVE_DESIGN' ));
ENDSEC;

DATA;
#1 = LINE ( 'NONE', #2156, #2961 ) ;
#2 = FACE_OUTER_BOUND ( 'NONE', #2289, .T. ) ;
#3 = CARTESIAN_POINT ( 'NONE',  ( -0.2469169690381632642, 0.05989637654016203433, 6.776263578034402713E-18 ) ) ;
#4 = AXIS2_PLACEMENT_3D ( 'NONE', #4169, #3374, #3147 ) ;
#5 = EDGE_LOOP ( 'NONE', ( #1072, #3958, #557, #275 ) ) ;
#6 = MECHANICAL_DESIGN_GEOMETRIC_PRESENTATION_REPRESENTATION (  '', ( #2542 ), #2614 ) ;
#7 = DIRECTION ( 'NONE',  ( -1.000000000000000000, -1.807003620809172610E-15, 0.000000000000000000 ) ) ;
#8 = CARTESIAN_POINT ( 'NONE',  ( 0.04122929755731759294, 0.01348850702605500218, 0.01000000000000000021 ) ) ;
#9 = VECTOR ( 'NONE', #900, 1000.000000000000000 ) ;
#10 = ORIENTED_EDGE ( 'NONE', *, *, #3141, .T. ) ;
#11 = VECTOR ( 'NONE', #226, 1000.000000000000000 ) ;
#12 = CARTESIAN_POINT ( 'NONE',  ( 0.5999999999999989786, -0.9999999999999991118, -0.02500000000000000139 ) ) ;
#13 = CARTESIAN_POINT ( 'NONE',  ( 0.1375888211916123371, 0.06373713835658362248, 0.01000000000000000021 ) ) ;
#14 = CARTESIAN_POINT ( 'NONE',  ( -0.2467089646378043122, 0.06104948263581110729, 0.01000000000000000021 ) ) ;
#15 = VERTEX_POINT ( 'NONE', #3506 ) ;
#16 = ORIENTED_EDGE ( 'NONE', *, *, #4280, .T. ) ;
#17 =( GEOMETRIC_REPRESENTATION_CONTEXT ( 3 ) GLOBAL_UNCERTAINTY_ASSIGNED_CONTEXT ( ( #4112 ) ) GLOBAL_UNIT_ASSIGNED_CONTEXT ( ( #2039, #3979, #3882 ) ) REPRESENTATION_CONTEXT ( 'NONE', 'WORKASPACE' ) );
#18 = CARTESIAN_POINT ( 'NONE',  ( -0.09278540484925811016, 0.06283480180312984997, -0.000000000000000000 ) ) ;
#19 = DIRECTION ( 'NONE',  ( 0.000000000000000000, -0.000000000000000000, 1.000000000000000000 ) ) ;
#20 = CARTESIAN_POINT ( 'NONE',  ( -0.2440488642028851296, 0.05121487165389858320, -0.000000000000000000 ) ) ;
#21 = MECHANICAL_DESIGN_GEOMETRIC_PRESENTATION_REPRESENTATION (  '', ( #2626 ), #1271 ) ;
#22 = DIRECTION ( 'NONE',  ( -1.807003620809175125E-16, -1.000000000000000000, 0.000000000000000000 ) ) ;
#23 = DIRECTION ( 'NONE',  ( 0.000000000000000000, 1.000000000000000000, 0.000000000000000000 ) ) ;
#24 = DIRECTION ( 'NONE',  ( -0.000000000000000000, -0.000000000000000000, 1.000000000000000000 ) ) ;
#25 = CARTESIAN_POINT ( 'NONE',  ( -0.2451599556366338972, 0.05513620855106900892, 0.01000000000000000021 ) ) ;
#26 = EDGE_CURVE ( 'NONE', #3798, #3646, #3121, .T. ) ;
#27 = CARTESIAN_POINT ( 'NONE',  ( -0.2569414341499994814, 0.07934216556264037101, 0.01000000000000000021 ) ) ;
#28 = SURFACE_STYLE_USAGE ( .BOTH. , #2909 ) ;
#29 = VERTEX_POINT ( 'NONE', #4179 ) ;
#30 = CARTESIAN_POINT ( 'NONE',  ( -0.9999999999999991118, 0.9999999999999995559, 0.6999999999999999556 ) ) ;
#31 = CARTESIAN_POINT ( 'NONE',  ( -0.2716041628085359982, -0.01212124907150596842, 0.01000000000000000021 ) ) ;
#32 = ORIENTED_EDGE ( 'NONE', *, *, #2945, .T. ) ;
#33 = CARTESIAN_POINT ( 'NONE',  ( -0.1143773479020451650, 0.07665791320525996988, 0.01000000000000000021 ) ) ;
#34 = CARTESIAN_POINT ( 'NONE',  ( 0.2717171024353663977, 0.07934216556264037101, 0.01000000000000000021 ) ) ;
#35 = CARTESIAN_POINT ( 'NONE',  ( -0.9999999999999991118, -0.9999999999999995559, 0.2000000000000000111 ) ) ;
#36 = ORIENTED_EDGE ( 'NONE', *, *, #2051, .F. ) ;
#37 = ORIENTED_EDGE ( 'NONE', *, *, #338, .T. ) ;
#38 = PLANE ( 'NONE',  #472 ) ;
#39 = CARTESIAN_POINT ( 'NONE',  ( 0.1084547434768734081, -0.05368158057722197118, 0.000000000000000000 ) ) ;
#40 = CARTESIAN_POINT ( 'NONE',  ( -0.2214421963451214392, -0.01212124907150596842, 0.000000000000000000 ) ) ;
#41 = DIRECTION ( 'NONE',  ( -0.3363908276654480889, 0.9417224702971437322, 0.000000000000000000 ) ) ;
#42 = DIRECTION ( 'NONE',  ( -0.000000000000000000, -0.000000000000000000, 1.000000000000000000 ) ) ;
#43 = CARTESIAN_POINT ( 'NONE',  ( 0.1540647165427256049, -0.06976529971912073802, 0.01000000000000000021 ) ) ;
#44 = ORIENTED_EDGE ( 'NONE', *, *, #671, .F. ) ;
#45 = CARTESIAN_POINT ( 'NONE',  ( 0.1210300790431086543, 0.06463669961368369299, 0.000000000000000000 ) ) ;
#46 = SURFACE_STYLE_FILL_AREA ( #1431 ) ;
#47 = CARTESIAN_POINT ( 'NONE',  ( 0.09061954145975663344, -0.06288344419345719138, 0.000000000000000000 ) ) ;
#48 = DIRECTION ( 'NONE',  ( 0.000000000000000000, 0.000000000000000000, 1.000000000000000000 ) ) ;
#49 = ADVANCED_FACE ( 'NONE', ( #3181 ), #987, .F. ) ;
#50 = EDGE_LOOP ( 'NONE', ( #351, #4402, #532, #3576 ) ) ;
#51 = EDGE_CURVE ( 'NONE', #3256, #1367, #1428, .T. ) ;
#52 = CARTESIAN_POINT ( 'NONE',  ( -0.01181948293048725590, 0.01348850702605500218, 0.01000000000000000021 ) ) ;
#53 = CARTESIAN_POINT ( 'NONE',  ( 0.1273086094724541206, -0.05599990701378313590, 0.01000000000000000021 ) ) ;
#54 =( GEOMETRIC_REPRESENTATION_CONTEXT ( 3 ) GLOBAL_UNCERTAINTY_ASSIGNED_CONTEXT ( ( #1643 ) ) GLOBAL_UNIT_ASSIGNED_CONTEXT ( ( #2488, #742, #1805 ) ) REPRESENTATION_CONTEXT ( 'NONE', 'WORKASPACE' ) );
#55 = ORIENTED_EDGE ( 'NONE', *, *, #3481, .T. ) ;
#56 = AXIS2_PLACEMENT_3D ( 'NONE', #918, #3813, #2760 ) ;
#57 = CARTESIAN_POINT ( 'NONE',  ( -0.1468502877129970186, 0.05958223242284002574, 0.01000000000000000021 ) ) ;
#58 = CARTESIAN_POINT ( 'NONE',  ( -0.1490146048817067859, 0.005799863733372073726, 0.000000000000000000 ) ) ;
#59 = DIRECTION ( 'NONE',  ( 1.000000000000000000, 3.614007241618349757E-16, 0.000000000000000000 ) ) ;
#60 = VECTOR ( 'NONE', #2965, 1000.000000000000000 ) ;
#61 = VECTOR ( 'NONE', #1898, 1000.000000000000000 ) ;
#62 = CARTESIAN_POINT ( 'NONE',  ( -0.1605552562339389866, 0.04275797250977034919, 0.000000000000000000 ) ) ;
#63 = CARTESIAN_POINT ( 'NONE',  ( 0.1812606587809045822, -0.009986507205306933282, 6.776263578034402713E-18 ) ) ;
#64 = EDGE_CURVE ( 'NONE', #1859, #1886, #1085, .T. ) ;
#65 = DIRECTION ( 'NONE',  ( 0.000000000000000000, 0.000000000000000000, 1.000000000000000000 ) ) ;
#66 =( LENGTH_UNIT ( ) NAMED_UNIT ( * ) SI_UNIT ( .MILLI., .METRE. ) );
#67 = ORIENTED_EDGE ( 'NONE', *, *, #541, .T. ) ;
#68 = LINE ( 'NONE', #1804, #1598 ) ;
#69 = CARTESIAN_POINT ( 'NONE',  ( 0.1200815469271505065, -0.07194088424619199396, 6.776263578034402713E-18 ) ) ;
#70 = VERTEX_POINT ( 'NONE', #3923 ) ;
#71 = CARTESIAN_POINT ( 'NONE',  ( -0.2462230652475604631, 0.06104948263581110729, 0.000000000000000000 ) ) ;
#72 = VECTOR ( 'NONE', #1877, 1000.000000000000227 ) ;
#73 = PLANE ( 'NONE',  #2594 ) ;
#74 = LINE ( 'NONE', #3997, #4021 ) ;
#75 = DIRECTION ( 'NONE',  ( 1.000000000000000000, 0.000000000000000000, 0.000000000000000000 ) ) ;
#76 = DIRECTION ( 'NONE',  ( 0.000000000000000000, 0.000000000000000000, 1.000000000000000000 ) ) ;
#77 = ORIENTED_EDGE ( 'NONE', *, *, #2914, .T. ) ;
#78 = VECTOR ( 'NONE', #2041, 1000.000000000000000 ) ;
#79 = EDGE_CURVE ( 'NONE', #4127, #4516, #3246, .T. ) ;
#80 = ADVANCED_FACE ( 'NONE', ( #791 ), #2190, .T. ) ;
#81 = LINE ( 'NONE', #2817, #4028 ) ;
#82 = ORIENTED_EDGE ( 'NONE', *, *, #2702, .F. ) ;
#83 = CARTESIAN_POINT ( 'NONE',  ( 0.1456056916419300740, -0.05389697863136090616, 0.000000000000000000 ) ) ;
#84 = STYLED_ITEM ( 'NONE', ( #3808 ), #2665 ) ;
#85 = DIRECTION ( 'NONE',  ( -0.000000000000000000, 0.000000000000000000, -1.000000000000000000 ) ) ;
#86 = ORIENTED_EDGE ( 'NONE', *, *, #3366, .T. ) ;
#87 = VECTOR ( 'NONE', #1922, 1000.000000000000000 ) ;
#88 = LINE ( 'NONE', #2478, #3717 ) ;
#89 = B_SPLINE_SURFACE_WITH_KNOTS ( 'NONE', 3, 1, ( 
 ( #3867, #3219 ),
 ( #4558, #685 ),
 ( #3537, #136 ),
 ( #13, #342 ),
 ( #1442, #3305 ),
 ( #3911, #1745 ),
 ( #2077, #2101 ),
 ( #2803, #3169 ),
 ( #4580, #4262 ),
 ( #759, #3520 ),
 ( #1771, #2169 ),
 ( #2479, #1076 ),
 ( #2501, #730 ),
 ( #3939, #1394 ),
 ( #2530, #2824 ),
 ( #391, #1528 ),
 ( #2142, #4215 ),
 ( #3652, #2867 ),
 ( #705, #4240 ) ),
 .UNSPECIFIED., .F., .F., .F.,
 ( 4, 1, 1, 1, 1, 1, 1, 1, 1, 1, 1, 1, 1, 1, 1, 1, 4 ),
 ( 2, 2 ),
 ( 0.000000000000000000, 0.06460397028839207079, 0.1267024139629471247, 0.1867568140356180850, 0.2455056873654374028, 0.3036520244499753551, 0.3615030739706253105, 0.4202402229284672996, 0.4800333407766963489, 0.5406781347755159617, 0.6011918063807816237, 0.6623335024774423818, 0.7247395102972316039, 0.7894677361728865694, 0.8565048600438305293, 0.9263120958391900528, 1.000000000000000000 ),
 ( 0.000000000000000000, 1.000000000000000000 ),
 .UNSPECIFIED. ) ;
#90 = CARTESIAN_POINT ( 'NONE',  ( 0.1375888211916123371, 0.06373713835658362248, 0.000000000000000000 ) ) ;
#91 = AXIS2_PLACEMENT_3D ( 'NONE', #2517, #772, #1858 ) ;
#92 = EDGE_CURVE ( 'NONE', #4306, #2695, #4503, .T. ) ;
#93 = EDGE_CURVE ( 'NONE', #427, #932, #527, .T. ) ;
#94 = CARTESIAN_POINT ( 'NONE',  ( -0.1215932669566169022, 0.07449213839581793339, 0.000000000000000000 ) ) ;
#95 = EDGE_CURVE ( 'NONE', #511, #3408, #2253, .T. ) ;
#96 =( GEOMETRIC_REPRESENTATION_CONTEXT ( 3 ) GLOBAL_UNCERTAINTY_ASSIGNED_CONTEXT ( ( #2300 ) ) GLOBAL_UNIT_ASSIGNED_CONTEXT ( ( #2469, #694, #1808 ) ) REPRESENTATION_CONTEXT ( 'NONE', 'WORKASPACE' ) );
#97 = CARTESIAN_POINT ( 'NONE',  ( 0.1505621444997833347, -0.05215325485239487302, 0.01000000000000000021 ) ) ;
#98 = CARTESIAN_POINT ( 'NONE',  ( -0.1690759760208221663, 0.003395460813517202706, 0.01000000000000000021 ) ) ;
#99 = FILL_AREA_STYLE_COLOUR ( '', #1833 ) ;
#100 = CARTESIAN_POINT ( 'NONE',  ( 0.09486248111187087217, -0.06522537413323567512, 0.01000000000000000021 ) ) ;
#101 = MECHANICAL_DESIGN_GEOMETRIC_PRESENTATION_REPRESENTATION (  '', ( #4459 ), #1051 ) ;
#102 = EDGE_LOOP ( 'NONE', ( #846, #1398, #622, #2850 ) ) ;
#103 = SURFACE_STYLE_FILL_AREA ( #4320 ) ;
#104 = DIRECTION ( 'NONE',  ( 0.000000000000000000, -1.000000000000000000, 0.000000000000000000 ) ) ;
#105 = CARTESIAN_POINT ( 'NONE',  ( 0.1241643896862700824, 0.06468408813172613070, 0.01000000000000000021 ) ) ;
#106 = LINE ( 'NONE', #1523, #3260 ) ;
#107 = COLOUR_RGB ( '',0.9686274509803921573, 0.8784313725490195957, 0.5999999999999999778 ) ;
#108 = CARTESIAN_POINT ( 'NONE',  ( 0.1344962665461403584, -0.07242902916731486229, -0.000000000000000000 ) ) ;
#109 = PRESENTATION_STYLE_ASSIGNMENT (( #747 ) ) ;
#110 = ORIENTED_EDGE ( 'NONE', *, *, #3722, .T. ) ;
#111 = FILL_AREA_STYLE ('',( #4065 ) ) ;
#112 = ORIENTED_EDGE ( 'NONE', *, *, #3815, .F. ) ;
#113 = EDGE_CURVE ( 'NONE', #3092, #4104, #2589, .T. ) ;
#114 = CARTESIAN_POINT ( 'NONE',  ( 0.06135124877682977124, 0.07934216556264037101, 0.01000000000000000021 ) ) ;
#115 =( NAMED_UNIT ( * ) SI_UNIT ( $, .STERADIAN. ) SOLID_ANGLE_UNIT ( ) );
#116 = ORIENTED_EDGE ( 'NONE', *, *, #3709, .T. ) ;
#117 = CARTESIAN_POINT ( 'NONE',  ( -0.1636992898776020167, 0.03626274183177422006, 0.01000000000000000021 ) ) ;
#118 =( GEOMETRIC_REPRESENTATION_CONTEXT ( 3 ) GLOBAL_UNCERTAINTY_ASSIGNED_CONTEXT ( ( #2679 ) ) GLOBAL_UNIT_ASSIGNED_CONTEXT ( ( #4172, #277, #3095 ) ) REPRESENTATION_CONTEXT ( 'NONE', 'WORKASPACE' ) );
#119 = CARTESIAN_POINT ( 'NONE',  ( 0.1317655995348870068, 0.06457861280940027648, 0.000000000000000000 ) ) ;
#120 = FACE_OUTER_BOUND ( 'NONE', #3375, .T. ) ;
#121 = CARTESIAN_POINT ( 'NONE',  ( 0.1637332933128197721, -0.04391950164719013450, 0.01000000000000000021 ) ) ;
#122 = LINE ( 'NONE', #1108, #1458 ) ;
#123 = VERTEX_POINT ( 'NONE', #3251 ) ;
#124 = LINE ( 'NONE', #1175, #61 ) ;
#125 = CARTESIAN_POINT ( 'NONE',  ( 0.1831869349388442481, -0.05227348189625161817, 0.01000000000000000021 ) ) ;
#126 = FILL_AREA_STYLE_COLOUR ( '', #3786 ) ;
#127 = DIRECTION ( 'NONE',  ( -0.000000000000000000, 0.000000000000000000, -1.000000000000000000 ) ) ;
#128 =( NAMED_UNIT ( * ) SI_UNIT ( $, .STERADIAN. ) SOLID_ANGLE_UNIT ( ) );
#129 = FILL_AREA_STYLE ('',( #1882 ) ) ;
#130 = ORIENTED_EDGE ( 'NONE', *, *, #3340, .F. ) ;
#131 = B_SPLINE_SURFACE_WITH_KNOTS ( 'NONE', 3, 1, ( 
 ( #2682, #3013 ),
 ( #1576, #3739 ),
 ( #4113, #1996 ),
 ( #3413, #1294 ),
 ( #4183, #2472 ),
 ( #645, #3 ),
 ( #3083, #992 ) ),
 .UNSPECIFIED., .F., .F., .F.,
 ( 4, 1, 1, 1, 4 ),
 ( 2, 2 ),
 ( 0.000000000000000000, 0.1744817153170506174, 0.3982857591281120935, 0.6738978473986667606, 1.000000000000000000 ),
 ( 0.000000000000000000, 1.000000000000000000 ),
 .UNSPECIFIED. ) ;
#132 = SURFACE_SIDE_STYLE ('',( #853 ) ) ;
#133 = ORIENTED_EDGE ( 'NONE', *, *, #4163, .T. ) ;
#134 = UNCERTAINTY_MEASURE_WITH_UNIT (LENGTH_MEASURE( 1.000000000000000082E-05 ), #3681, 'distance_accuracy_value', 'NONE');
#135 = DIRECTION ( 'NONE',  ( 0.000000000000000000, -1.000000000000000000, 0.000000000000000000 ) ) ;
#136 = CARTESIAN_POINT ( 'NONE',  ( 0.1317655995348870068, 0.06457861280940027648, 6.776263578034402713E-18 ) ) ;
#137 = PRESENTATION_STYLE_ASSIGNMENT (( #4354 ) ) ;
#138 = ORIENTED_EDGE ( 'NONE', *, *, #3135, .T. ) ;
#139 = DIRECTION ( 'NONE',  ( 0.000000000000000000, 0.000000000000000000, -1.000000000000000000 ) ) ;
#140 = CARTESIAN_POINT ( 'NONE',  ( -0.1248113413744411787, -0.04541023761817704341, 6.776263578034402713E-18 ) ) ;
#141 = DIRECTION ( 'NONE',  ( -1.000000000000000000, 0.000000000000000000, 0.000000000000000000 ) ) ;
#142 = ADVANCED_FACE ( 'NONE', ( #3300 ), #3643, .T. ) ;
#143 = VECTOR ( 'NONE', #1942, 1000.000000000000000 ) ;
#144 = ORIENTED_EDGE ( 'NONE', *, *, #481, .T. ) ;
#145 = CARTESIAN_POINT ( 'NONE',  ( 0.1073878218327730116, 0.06235093800521622487, 0.000000000000000000 ) ) ;
#146 = CARTESIAN_POINT ( 'NONE',  ( -0.3154780195158531364, -0.07065783443735962344, 0.01000000000000000021 ) ) ;
#147 = AXIS2_PLACEMENT_3D ( 'NONE', #1065, #3507, #1733 ) ;
#148 = PRESENTATION_LAYER_ASSIGNMENT (  '', '', ( #1911 ) ) ;
#149 = FACE_OUTER_BOUND ( 'NONE', #2991, .T. ) ;
#150 = DIRECTION ( 'NONE',  ( -1.000000000000000000, 0.000000000000000000, 0.000000000000000000 ) ) ;
#151 = VERTEX_POINT ( 'NONE', #487 ) ;
#152 = PRESENTATION_LAYER_ASSIGNMENT (  '', '', ( #2246 ) ) ;
#153 = SURFACE_SIDE_STYLE ('',( #2677 ) ) ;
#154 = CARTESIAN_POINT ( 'NONE',  ( -0.01913655610121900441, -0.05419441980321328123, 0.01000000000000000021 ) ) ;
#155 = CARTESIAN_POINT ( 'NONE',  ( 0.1969414756858688387, 0.03388757255091990467, 0.01000000000000000021 ) ) ;
#156 = DIRECTION ( 'NONE',  ( 1.000000000000000000, 0.000000000000000000, -0.000000000000000000 ) ) ;
#157 = COLOUR_RGB ( '',0.9686274509803921573, 0.8784313725490195957, 0.5999999999999999778 ) ;
#158 = CARTESIAN_POINT ( 'NONE',  ( 0.1819298503018652036, 0.009570279778691914013, 0.000000000000000000 ) ) ;
#159 = STYLED_ITEM ( 'NONE', ( #1420 ), #2742 ) ;
#160 = VECTOR ( 'NONE', #904, 1000.000000000000114 ) ;
#161 = DIRECTION ( 'NONE',  ( 1.000000000000000000, 0.000000000000000000, 0.000000000000000000 ) ) ;
#162 = STYLED_ITEM ( 'NONE', ( #2538 ), #3015 ) ;
#163 = CARTESIAN_POINT ( 'NONE',  ( 0.1807453035812596753, 0.05935458954371227586, 0.000000000000000000 ) ) ;
#164 = ADVANCED_FACE ( 'NONE', ( #3679 ), #1920, .T. ) ;
#165 = LINE ( 'NONE', #866, #60 ) ;
#166 = VERTEX_POINT ( 'NONE', #3337 ) ;
#167 = VECTOR ( 'NONE', #3744, 1000.000000000000000 ) ;
#168 = CARTESIAN_POINT ( 'NONE',  ( -0.1521002377629695757, -0.04430663987978127050, 1.016439536705160407E-17 ) ) ;
#169 = CARTESIAN_POINT ( 'NONE',  ( -0.2163831262231701580, -0.02858466370565231063, 0.000000000000000000 ) ) ;
#170 = PRESENTATION_STYLE_ASSIGNMENT (( #3665 ) ) ;
#171 = PRESENTATION_LAYER_ASSIGNMENT (  '', '', ( #2160 ) ) ;
#172 = CARTESIAN_POINT ( 'NONE',  ( 0.1291199225573175791, -0.05602368809589620968, 6.776263578034402713E-18 ) ) ;
#173 = ORIENTED_EDGE ( 'NONE', *, *, #4535, .T. ) ;
#174 = LINE ( 'NONE', #1291, #944 ) ;
#175 = UNCERTAINTY_MEASURE_WITH_UNIT (LENGTH_MEASURE( 1.000000000000000082E-05 ), #1502, 'distance_accuracy_value', 'NONE');
#176 = CARTESIAN_POINT ( 'NONE',  ( -0.2163831262231701580, -0.02858466370565231063, 0.01000000000000000021 ) ) ;
#177 = CARTESIAN_POINT ( 'NONE',  ( 0.9999999999999991118, 0.3999999999999999667, -0.02500000000000000139 ) ) ;
#178 =( NAMED_UNIT ( * ) SI_UNIT ( $, .STERADIAN. ) SOLID_ANGLE_UNIT ( ) );
#179 = FACE_OUTER_BOUND ( 'NONE', #358, .T. ) ;
#180 = DIRECTION ( 'NONE',  ( -0.000000000000000000, 0.000000000000000000, -1.000000000000000000 ) ) ;
#181 = B_SPLINE_CURVE_WITH_KNOTS ( 'NONE', 3,
 ( #668, #2468, #1680, #693, #3878, #2110, #3547 ),
 .UNSPECIFIED., .F., .F.,
 ( 4, 1, 1, 1, 4 ),
 ( 0.000000000000000000, 0.1744817153170506174, 0.3982857591281120935, 0.6738978473986667606, 1.000000000000000000 ),
 .UNSPECIFIED. ) ;
#182 = ORIENTED_EDGE ( 'NONE', *, *, #4551, .F. ) ;
#183 = CARTESIAN_POINT ( 'NONE',  ( -0.1410750575924895334, -0.05463670809228486636, 1.016439536705160407E-17 ) ) ;
#184 = EDGE_CURVE ( 'NONE', #4141, #3907, #2610, .T. ) ;
#185 = CARTESIAN_POINT ( 'NONE',  ( 0.5999999999999989786, -0.3999999999999995226, 0.000000000000000000 ) ) ;
#186 =( NAMED_UNIT ( * ) SI_UNIT ( $, .STERADIAN. ) SOLID_ANGLE_UNIT ( ) );
#187 = CARTESIAN_POINT ( 'NONE',  ( 0.2021580250396445566, -0.001205703682131851898, 0.01000000000000000021 ) ) ;
#188 = CARTESIAN_POINT ( 'NONE',  ( 0.1021666580866318202, 0.07891850231351620060, 6.776263578034402713E-18 ) ) ;
#189 = ORIENTED_EDGE ( 'NONE', *, *, #3370, .T. ) ;
#190 = PRESENTATION_STYLE_ASSIGNMENT (( #1967 ) ) ;
#191 = FILL_AREA_STYLE_COLOUR ( '', #4247 ) ;
#192 = CARTESIAN_POINT ( 'NONE',  ( -0.1367788962015368537, 0.04483767555317581116, 6.776263578034402713E-18 ) ) ;
#193 = FACE_OUTER_BOUND ( 'NONE', #568, .T. ) ;
#194 = EDGE_CURVE ( 'NONE', #1725, #4341, #2291, .T. ) ;
#195 = EDGE_CURVE ( 'NONE', #981, #3798, #4018, .T. ) ;
#196 = SURFACE_STYLE_FILL_AREA ( #906 ) ;
#197 = DIRECTION ( 'NONE',  ( 0.000000000000000000, 0.000000000000000000, -1.000000000000000000 ) ) ;
#198 = DIRECTION ( 'NONE',  ( -0.000000000000000000, 1.000000000000000000, -0.000000000000000000 ) ) ;
#199 = CARTESIAN_POINT ( 'NONE',  ( 0.1580347180364998771, 0.05533496423131320507, 0.01000000000000000021 ) ) ;
#200 = FILL_AREA_STYLE_COLOUR ( '', #4444 ) ;
#201 = ORIENTED_EDGE ( 'NONE', *, *, #1238, .T. ) ;
#202 = VERTEX_POINT ( 'NONE', #794 ) ;
#203 = ORIENTED_EDGE ( 'NONE', *, *, #1284, .T. ) ;
#204 = ADVANCED_FACE ( 'NONE', ( #1878 ), #835, .T. ) ;
#205 = CARTESIAN_POINT ( 'NONE',  ( -0.1211944892920969602, -0.06552645692255215648, 1.016439536705160407E-17 ) ) ;
#206 = CARTESIAN_POINT ( 'NONE',  ( -0.2000000000000000944, 0.9999999999999995559, -0.02500000000000000139 ) ) ;
#207 = VECTOR ( 'NONE', #2536, 1000.000000000000114 ) ;
#208 = CARTESIAN_POINT ( 'NONE',  ( -0.09889434982265020435, 0.07916030696302339686, 0.01000000000000000021 ) ) ;
#209 = SURFACE_STYLE_FILL_AREA ( #1220 ) ;
#210 = ORIENTED_EDGE ( 'NONE', *, *, #948, .F. ) ;
#211 = VECTOR ( 'NONE', #3218, 1000.000000000000000 ) ;
#212 = CARTESIAN_POINT ( 'NONE',  ( -0.09064951341829213805, 0.06287875092849402880, 6.776263578034402713E-18 ) ) ;
#213 = DIRECTION ( 'NONE',  ( -0.000000000000000000, -0.000000000000000000, -1.000000000000000000 ) ) ;
#214 = LINE ( 'NONE', #1712, #2136 ) ;
#215 = UNCERTAINTY_MEASURE_WITH_UNIT (LENGTH_MEASURE( 1.000000000000000082E-05 ), #2598, 'distance_accuracy_value', 'NONE');
#216 = CARTESIAN_POINT ( 'NONE',  ( -0.1400643862596616385, 0.04055896803840020742, 6.776263578034402713E-18 ) ) ;
#217 = CARTESIAN_POINT ( 'NONE',  ( 0.1339426064093138802, 0.08098474364655010305, 0.01000000000000000021 ) ) ;
#218 = MECHANICAL_DESIGN_GEOMETRIC_PRESENTATION_REPRESENTATION (  '', ( #4583 ), #813 ) ;
#219 = EDGE_CURVE ( 'NONE', #1098, #4276, #1476, .T. ) ;
#220 = SURFACE_SIDE_STYLE ('',( #1950 ) ) ;
#221 = VECTOR ( 'NONE', #2126, 1000.000000000000000 ) ;
#222 = DIRECTION ( 'NONE',  ( 1.807003620809172610E-15, -1.000000000000000000, -0.000000000000000000 ) ) ;
#223 = VECTOR ( 'NONE', #2416, 1000.000000000000000 ) ;
#224 = AXIS2_PLACEMENT_3D ( 'NONE', #114, #385, #3214 ) ;
#225 = FILL_AREA_STYLE_COLOUR ( '', #1112 ) ;
#226 = DIRECTION ( 'NONE',  ( -1.000000000000000000, 0.000000000000000000, 0.000000000000000000 ) ) ;
#227 = SURFACE_STYLE_FILL_AREA ( #3395 ) ;
#228 = CARTESIAN_POINT ( 'NONE',  ( -0.1348838321504641780, -0.05897572993127142560, 0.01000000000000000021 ) ) ;
#229 = FILL_AREA_STYLE ('',( #200 ) ) ;
#230 = VERTEX_POINT ( 'NONE', #146 ) ;
#231 = PRESENTATION_LAYER_ASSIGNMENT (  '', '', ( #1699 ) ) ;
#232 = ORIENTED_EDGE ( 'NONE', *, *, #1686, .F. ) ;
#233 = ORIENTED_EDGE ( 'NONE', *, *, #3494, .T. ) ;
#234 = LINE ( 'NONE', #4492, #3669 ) ;
#235 = PRESENTATION_LAYER_ASSIGNMENT (  '', '', ( #3637 ) ) ;
#236 = DIRECTION ( 'NONE',  ( -1.000000000000000000, 0.000000000000000000, 0.000000000000000000 ) ) ;
#237 = CARTESIAN_POINT ( 'NONE',  ( -0.1215932669566169022, 0.07449213839581793339, 1.016439536705160407E-17 ) ) ;
#238 = CARTESIAN_POINT ( 'NONE',  ( 0.1237371726983402254, -0.05595301692509740965, 0.01000000000000000021 ) ) ;
#239 = VERTEX_POINT ( 'NONE', #4385 ) ;
#240 = CARTESIAN_POINT ( 'NONE',  ( 0.1310469238090001542, -0.05597402338331369798, 0.01000000000000000021 ) ) ;
#241 = ORIENTED_EDGE ( 'NONE', *, *, #4357, .F. ) ;
#242 = COLOUR_RGB ( '',0.9686274509803921573, 0.8784313725490195957, 0.5999999999999999778 ) ;
#243 = CARTESIAN_POINT ( 'NONE',  ( -0.1029153347222405979, -0.05329338389731126668, 0.01000000000000000021 ) ) ;
#244 = CARTESIAN_POINT ( 'NONE',  ( 0.06135124877682977124, -0.07065783443735962344, 0.01000000000000000021 ) ) ;
#245 = VECTOR ( 'NONE', #378, 1000.000000000000000 ) ;
#246 = CARTESIAN_POINT ( 'NONE',  ( 0.1969414756858688387, 0.03388757255091990467, 1.355252715606880543E-17 ) ) ;
#247 = STYLED_ITEM ( 'NONE', ( #2499 ), #3856 ) ;
#248 = ADVANCED_FACE ( 'NONE', ( #1855 ), #73, .F. ) ;
#249 =( NAMED_UNIT ( * ) PLANE_ANGLE_UNIT ( ) SI_UNIT ( $, .RADIAN. ) );
#250 = CARTESIAN_POINT ( 'NONE',  ( -0.1451092405387025275, 0.03067893778190088072, 0.01000000000000000021 ) ) ;
#251 = PRESENTATION_STYLE_ASSIGNMENT (( #4485 ) ) ;
#252 = LINE ( 'NONE', #3831, #461 ) ;
#253 = CARTESIAN_POINT ( 'NONE',  ( 0.1760832817198366984, 0.03376453160682916371, 0.01000000000000000021 ) ) ;
#254 = DIRECTION ( 'NONE',  ( 1.000000000000000000, 1.355252715606880543E-16, 0.000000000000000000 ) ) ;
#255 = SURFACE_SIDE_STYLE ('',( #2357 ) ) ;
#256 = EDGE_LOOP ( 'NONE', ( #2098, #3381, #3746, #2788 ) ) ;
#257 = ORIENTED_EDGE ( 'NONE', *, *, #883, .T. ) ;
#258 = DIRECTION ( 'NONE',  ( 0.000000000000000000, -1.000000000000000000, 0.000000000000000000 ) ) ;
#259 = FILL_AREA_STYLE_COLOUR ( '', #4208 ) ;
#260 = CARTESIAN_POINT ( 'NONE',  ( -0.1520850290467666566, 0.05443150924966363297, 0.01000000000000000021 ) ) ;
#261 = CARTESIAN_POINT ( 'NONE',  ( 0.1291199225573175791, -0.05602368809589620968, 0.01000000000000000021 ) ) ;
#262 = EDGE_LOOP ( 'NONE', ( #2849, #2474, #3199, #1958 ) ) ;
#263 = CARTESIAN_POINT ( 'NONE',  ( 0.1291199225573175791, -0.05602368809589620968, 0.01000000000000000021 ) ) ;
#264 = VERTEX_POINT ( 'NONE', #3794 ) ;
#265 = CARTESIAN_POINT ( 'NONE',  ( -0.1469212747338673741, -0.01366431277717045784, 0.01000000000000000021 ) ) ;
#266 = UNCERTAINTY_MEASURE_WITH_UNIT (LENGTH_MEASURE( 1.000000000000000082E-05 ), #3489, 'distance_accuracy_value', 'NONE');
#267 = FILL_AREA_STYLE ('',( #3439 ) ) ;
#268 = EDGE_CURVE ( 'NONE', #1367, #3302, #2732, .T. ) ;
#269 = CARTESIAN_POINT ( 'NONE',  ( -0.01913655610121900441, -0.07065783443735962344, 0.01000000000000000021 ) ) ;
#270 = CARTESIAN_POINT ( 'NONE',  ( -0.2214421963451214392, -0.01212124907150596842, 0.01000000000000000021 ) ) ;
#271 = CARTESIAN_POINT ( 'NONE',  ( 0.9999999999999991118, -0.9999999999999995559, 0.6999999999999999556 ) ) ;
#272 = FACE_OUTER_BOUND ( 'NONE', #914, .T. ) ;
#273 = CARTESIAN_POINT ( 'NONE',  ( 0.2918390536548785552, -0.07065783443735962344, 0.01000000000000000021 ) ) ;
#274 = DIRECTION ( 'NONE',  ( 0.000000000000000000, 0.000000000000000000, -1.000000000000000000 ) ) ;
#275 = ORIENTED_EDGE ( 'NONE', *, *, #2662, .T. ) ;
#276 = VERTEX_POINT ( 'NONE', #4448 ) ;
#277 =( NAMED_UNIT ( * ) PLANE_ANGLE_UNIT ( ) SI_UNIT ( $, .RADIAN. ) );
#278 = PLANE ( 'NONE',  #56 ) ;
#279 = CARTESIAN_POINT ( 'NONE',  ( -0.1691365561012189711, 0.006228598489469635083, 0.01000000000000000021 ) ) ;
#280 = PRESENTATION_LAYER_ASSIGNMENT (  '', '', ( #1297 ) ) ;
#281 = ORIENTED_EDGE ( 'NONE', *, *, #3250, .F. ) ;
#282 = EDGE_CURVE ( 'NONE', #166, #2828, #4124, .T. ) ;
#283 = CARTESIAN_POINT ( 'NONE',  ( 0.1785361208897568441, -0.02146267015894617880, 0.01000000000000000021 ) ) ;
#284 = VERTEX_POINT ( 'NONE', #185 ) ;
#285 = VECTOR ( 'NONE', #2058, 1000.000000000000000 ) ;
#286 = FILL_AREA_STYLE_COLOUR ( '', #4292 ) ;
#287 = DIRECTION ( 'NONE',  ( 0.000000000000000000, -0.000000000000000000, 1.000000000000000000 ) ) ;
#288 =( NAMED_UNIT ( * ) SI_UNIT ( $, .STERADIAN. ) SOLID_ANGLE_UNIT ( ) );
#289 = SURFACE_STYLE_FILL_AREA ( #2771 ) ;
#290 = VECTOR ( 'NONE', #4048, 1000.000000000000227 ) ;
#291 = ADVANCED_FACE ( 'NONE', ( #936 ), #278, .F. ) ;
#292 = EDGE_CURVE ( 'NONE', #29, #2973, #4173, .T. ) ;
#293 = VERTEX_POINT ( 'NONE', #4472 ) ;
#294 = COLOUR_RGB ( '',1.000000000000000000, 1.000000000000000000, 1.000000000000000000 ) ;
#295 = CARTESIAN_POINT ( 'NONE',  ( -0.1329923639375914513, 0.04863411141283954797, 0.01000000000000000021 ) ) ;
#296 = CARTESIAN_POINT ( 'NONE',  ( -0.1211944892920969602, -0.06552645692255215648, 0.000000000000000000 ) ) ;
#297 = CARTESIAN_POINT ( 'NONE',  ( -0.09064951341829213805, 0.06287875092849402880, 0.01000000000000000021 ) ) ;
#298 = DIRECTION ( 'NONE',  ( 0.000000000000000000, 1.000000000000000000, 0.000000000000000000 ) ) ;
#299 = DIRECTION ( 'NONE',  ( -0.000000000000000000, -0.000000000000000000, 1.000000000000000000 ) ) ;
#300 = ORIENTED_EDGE ( 'NONE', *, *, #2265, .T. ) ;
#301 = AXIS2_PLACEMENT_3D ( 'NONE', #1120, #85, #2261 ) ;
#302 = ORIENTED_EDGE ( 'NONE', *, *, #601, .F. ) ;
#303 = DIRECTION ( 'NONE',  ( 0.000000000000000000, 0.000000000000000000, -1.000000000000000000 ) ) ;
#304 = CARTESIAN_POINT ( 'NONE',  ( 0.1969414756858688387, 0.03388757255091990467, 0.01000000000000000021 ) ) ;
#305 = CARTESIAN_POINT ( 'NONE',  ( -0.09073526036951164164, 0.07934216556264037101, 0.01000000000000000021 ) ) ;
#306 = EDGE_CURVE ( 'NONE', #1676, #1859, #3356, .T. ) ;
#307 = VECTOR ( 'NONE', #1790, 1000.000000000000000 ) ;
#308 = VECTOR ( 'NONE', #2366, 1000.000000000000000 ) ;
#309 = ORIENTED_EDGE ( 'NONE', *, *, #3711, .T. ) ;
#310 = CARTESIAN_POINT ( 'NONE',  ( 0.1403532210952609383, -0.05511939015338256781, 0.01000000000000000021 ) ) ;
#311 = EDGE_LOOP ( 'NONE', ( #133, #597, #3859, #1052 ) ) ;
#312 = AXIS2_PLACEMENT_3D ( 'NONE', #3099, #3124, #3033 ) ;
#313 = UNCERTAINTY_MEASURE_WITH_UNIT (LENGTH_MEASURE( 1.000000000000000082E-05 ), #2282, 'distance_accuracy_value', 'NONE');
#314 =( LENGTH_UNIT ( ) NAMED_UNIT ( * ) SI_UNIT ( .MILLI., .METRE. ) );
#315 = LINE ( 'NONE', #269, #2916 ) ;
#316 = EDGE_LOOP ( 'NONE', ( #201, #4408, #4382, #4249 ) ) ;
#317 = CARTESIAN_POINT ( 'NONE',  ( 0.9999999999999991118, 0.9999999999999995559, 0.2000000000000000111 ) ) ;
#318 = CARTESIAN_POINT ( 'NONE',  ( -0.1282380555614738293, -0.06258087878059273579, 0.000000000000000000 ) ) ;
#319 = COLOUR_RGB ( '',0.2235294117647058654, 0.2235294117647058654, 0.2235294117647058654 ) ;
#320 = VERTEX_POINT ( 'NONE', #206 ) ;
#321 =( LENGTH_UNIT ( ) NAMED_UNIT ( * ) SI_UNIT ( .MILLI., .METRE. ) );
#322 = DIRECTION ( 'NONE',  ( -0.000000000000000000, -0.000000000000000000, 1.000000000000000000 ) ) ;
#323 = VERTEX_POINT ( 'NONE', #4420 ) ;
#324 = ORIENTED_EDGE ( 'NONE', *, *, #1429, .T. ) ;
#325 = CARTESIAN_POINT ( 'NONE',  ( -0.1801121658573165418, -0.07065783443735962344, 0.01000000000000000021 ) ) ;
#326 = CARTESIAN_POINT ( 'NONE',  ( 0.09061954145975661956, 0.07522631190410378199, 0.01000000000000000021 ) ) ;
#327 = FILL_AREA_STYLE ('',( #3074 ) ) ;
#328 = ORIENTED_EDGE ( 'NONE', *, *, #3624, .T. ) ;
#329 = CARTESIAN_POINT ( 'NONE',  ( -0.2445389345482626986, 0.05269273686756346248, 6.776263578034402713E-18 ) ) ;
#330 = FILL_AREA_STYLE_COLOUR ( '', #4279 ) ;
#331 = EDGE_CURVE ( 'NONE', #2973, #1153, #2636, .T. ) ;
#332 = CARTESIAN_POINT ( 'NONE',  ( 0.06135124877682977124, 0.07934216556264037101, 0.01000000000000000021 ) ) ;
#333 = DIRECTION ( 'NONE',  ( -1.807003620809175125E-16, -1.000000000000000000, 0.000000000000000000 ) ) ;
#334 = LINE ( 'NONE', #1337, #1692 ) ;
#335 = EDGE_CURVE ( 'NONE', #3262, #166, #636, .T. ) ;
#336 = ORIENTED_EDGE ( 'NONE', *, *, #2281, .T. ) ;
#337 = CARTESIAN_POINT ( 'NONE',  ( -0.1143051193319842146, 0.05940187691206784415, 0.01000000000000000021 ) ) ;
#338 = EDGE_CURVE ( 'NONE', #3028, #3825, #2125, .T. ) ;
#339 = ORIENTED_EDGE ( 'NONE', *, *, #1912, .T. ) ;
#340 = SURFACE_STYLE_FILL_AREA ( #4238 ) ;
#341 = SURFACE_STYLE_USAGE ( .BOTH. , #2753 ) ;
#342 = CARTESIAN_POINT ( 'NONE',  ( 0.1375888211916123371, 0.06373713835658362248, 6.776263578034402713E-18 ) ) ;
#343 = SURFACE_SIDE_STYLE ('',( #2502 ) ) ;
#344 = EDGE_LOOP ( 'NONE', ( #702, #3583, #4368, #233 ) ) ;
#345 = EDGE_LOOP ( 'NONE', ( #4148, #349, #2188, #368 ) ) ;
#346 = CARTESIAN_POINT ( 'NONE',  ( 0.2717171024353663977, -0.05419441980321328123, 0.000000000000000000 ) ) ;
#347 =( NAMED_UNIT ( * ) PLANE_ANGLE_UNIT ( ) SI_UNIT ( $, .RADIAN. ) );
#348 = FILL_AREA_STYLE ('',( #789 ) ) ;
#349 = ORIENTED_EDGE ( 'NONE', *, *, #1118, .F. ) ;
#350 = CARTESIAN_POINT ( 'NONE',  ( -0.2457177288678047689, 0.05796355516965249338, 6.776263578034402713E-18 ) ) ;
#351 = ORIENTED_EDGE ( 'NONE', *, *, #2689, .F. ) ;
#352 = DIRECTION ( 'NONE',  ( -1.000000000000000000, 1.355252715606880789E-16, -0.000000000000000000 ) ) ;
#353 = PLANE ( 'NONE',  #3645 ) ;
#354 = DIRECTION ( 'NONE',  ( 1.000000000000000000, 0.000000000000000000, -0.000000000000000000 ) ) ;
#355 = CARTESIAN_POINT ( 'NONE',  ( -0.09064951341829213805, 0.06287875092849402880, 0.01000000000000000021 ) ) ;
#356 = AXIS2_PLACEMENT_3D ( 'NONE', #817, #2230, #1521 ) ;
#357 =( LENGTH_UNIT ( ) NAMED_UNIT ( * ) SI_UNIT ( .MILLI., .METRE. ) );
#358 = EDGE_LOOP ( 'NONE', ( #2885, #281, #232, #3994 ) ) ;
#359 = AXIS2_PLACEMENT_3D ( 'NONE', #986, #3847, #3153 ) ;
#360 = DIRECTION ( 'NONE',  ( 2.168404344971003346E-15, 1.000000000000000000, 0.000000000000000000 ) ) ;
#361 = VECTOR ( 'NONE', #4261, 1000.000000000000000 ) ;
#362 = ORIENTED_EDGE ( 'NONE', *, *, #865, .T. ) ;
#363 = DIRECTION ( 'NONE',  ( -1.000000000000000000, 0.000000000000000000, 0.000000000000000000 ) ) ;
#364 = DIRECTION ( 'NONE',  ( 1.000000000000000000, 0.000000000000000000, 0.000000000000000000 ) ) ;
#365 = CARTESIAN_POINT ( 'NONE',  ( -1.000000000000000000, 1.000000000000000000, 0.000000000000000000 ) ) ;
#366 = VERTEX_POINT ( 'NONE', #2433 ) ;
#367 = COLOUR_RGB ( '',0.9686274509803921573, 0.8784313725490195957, 0.5999999999999999778 ) ;
#368 = ORIENTED_EDGE ( 'NONE', *, *, #773, .T. ) ;
#369 =( LENGTH_UNIT ( ) NAMED_UNIT ( * ) SI_UNIT ( .MILLI., .METRE. ) );
#370 = CARTESIAN_POINT ( 'NONE',  ( 0.1273086094724541206, -0.05599990701378313590, -0.000000000000000000 ) ) ;
#371 = CARTESIAN_POINT ( 'NONE',  ( -0.06852680000365800328, -0.05419441980321328123, 0.01000000000000000021 ) ) ;
#372 = PLANE ( 'NONE',  #456 ) ;
#373 = CARTESIAN_POINT ( 'NONE',  ( 0.09061954145975661956, -0.04642002955931084224, 0.01000000000000000021 ) ) ;
#374 = CARTESIAN_POINT ( 'NONE',  ( -0.2467089646378043122, 0.06104948263581110729, 0.000000000000000000 ) ) ;
#375 = CARTESIAN_POINT ( 'NONE',  ( -0.2935268000036579394, -0.07065783443735962344, 0.01000000000000000021 ) ) ;
#376 =( GEOMETRIC_REPRESENTATION_CONTEXT ( 3 ) GLOBAL_UNCERTAINTY_ASSIGNED_CONTEXT ( ( #2258 ) ) GLOBAL_UNIT_ASSIGNED_CONTEXT ( ( #3420, #1693, #2450 ) ) REPRESENTATION_CONTEXT ( 'NONE', 'WORKASPACE' ) );
#377 = VECTOR ( 'NONE', #1437, 1000.000000000000000 ) ;
#378 = DIRECTION ( 'NONE',  ( -0.000000000000000000, -0.000000000000000000, 1.000000000000000000 ) ) ;
#379 = DIRECTION ( 'NONE',  ( 0.000000000000000000, 1.000000000000000000, 0.000000000000000000 ) ) ;
#380 = FACE_BOUND ( 'NONE', #2756, .T. ) ;
#381 = PLANE ( 'NONE',  #3778 ) ;
#382 = DIRECTION ( 'NONE',  ( -0.000000000000000000, -0.000000000000000000, -1.000000000000000000 ) ) ;
#383 = ORIENTED_EDGE ( 'NONE', *, *, #4551, .T. ) ;
#384 = VECTOR ( 'NONE', #3405, 1000.000000000000000 ) ;
#385 = DIRECTION ( 'NONE',  ( 0.000000000000000000, -1.000000000000000000, 0.000000000000000000 ) ) ;
#386 = DIRECTION ( 'NONE',  ( -0.000000000000000000, -0.000000000000000000, 1.000000000000000000 ) ) ;
#387 = AXIS2_PLACEMENT_3D ( 'NONE', #4032, #3352, #2287 ) ;
#388 = ORIENTED_EDGE ( 'NONE', *, *, #4440, .T. ) ;
#389 = MECHANICAL_DESIGN_GEOMETRIC_PRESENTATION_REPRESENTATION (  '', ( #3715 ), #96 ) ;
#390 = LINE ( 'NONE', #1418, #3914 ) ;
#391 = CARTESIAN_POINT ( 'NONE',  ( 0.1812172778994969868, 0.01616074629156493206, 0.01000000000000000021 ) ) ;
#392 = CARTESIAN_POINT ( 'NONE',  ( -0.1801121658573165418, -0.07065783443735962344, 0.000000000000000000 ) ) ;
#393 = ORIENTED_EDGE ( 'NONE', *, *, #3382, .T. ) ;
#394 = VERTEX_POINT ( 'NONE', #1447 ) ;
#395 = STYLED_ITEM ( 'NONE', ( #1254 ), #3875 ) ;
#396 = CARTESIAN_POINT ( 'NONE',  ( -0.1490146048817067859, 0.005799863733372073726, 0.000000000000000000 ) ) ;
#397 = CARTESIAN_POINT ( 'NONE',  ( -0.2716041628085359982, -0.01212124907150596842, 0.01000000000000000021 ) ) ;
#398 = FILL_AREA_STYLE_COLOUR ( '', #4157 ) ;
#399 = LINE ( 'NONE', #2854, #3245 ) ;
#400 = CARTESIAN_POINT ( 'NONE',  ( -0.2484096615168078503, 0.05249579185888610111, 0.000000000000000000 ) ) ;
#401 = ORIENTED_EDGE ( 'NONE', *, *, #1838, .T. ) ;
#402 = EDGE_CURVE ( 'NONE', #1122, #1859, #3732, .T. ) ;
#403 =( NAMED_UNIT ( * ) PLANE_ANGLE_UNIT ( ) SI_UNIT ( $, .RADIAN. ) );
#404 = CARTESIAN_POINT ( 'NONE',  ( 0.000000000000000000, 0.000000000000000000, 0.01000000000000000021 ) ) ;
#405 = CARTESIAN_POINT ( 'NONE',  ( 0.1975599352440480516, -0.02859646876725879458, 0.000000000000000000 ) ) ;
#406 =( NAMED_UNIT ( * ) SI_UNIT ( $, .STERADIAN. ) SOLID_ANGLE_UNIT ( ) );
#407 = VERTEX_POINT ( 'NONE', #4289 ) ;
#408 = CARTESIAN_POINT ( 'NONE',  ( 0.1820829560939029590, 0.002741555806542805319, 0.000000000000000000 ) ) ;
#409 = SURFACE_SIDE_STYLE ('',( #4372 ) ) ;
#410 = ADVANCED_FACE ( 'NONE', ( #2052 ), #4587, .T. ) ;
#411 = VERTEX_POINT ( 'NONE', #397 ) ;
#412 = SURFACE_SIDE_STYLE ('',( #1492 ) ) ;
#413 = CARTESIAN_POINT ( 'NONE',  ( -0.1489628374786472753, 0.003492482507773138518, 6.776263578034402713E-18 ) ) ;
#414 =( LENGTH_UNIT ( ) NAMED_UNIT ( * ) SI_UNIT ( .MILLI., .METRE. ) );
#415 = CARTESIAN_POINT ( 'NONE',  ( -0.1284740870639178856, 0.07172538471404379945, 0.000000000000000000 ) ) ;
#416 = CARTESIAN_POINT ( 'NONE',  ( 0.1456056916419300740, -0.05389697863136090616, 0.01000000000000000021 ) ) ;
#417 = SURFACE_STYLE_FILL_AREA ( #3572 ) ;
#418 = CARTESIAN_POINT ( 'NONE',  ( 0.09202705007600500697, -0.06366033164394113708, 6.776263578034402713E-18 ) ) ;
#419 = EDGE_LOOP ( 'NONE', ( #2460, #1181, #2237, #934 ) ) ;
#420 = EDGE_CURVE ( 'NONE', #3948, #1742, #3122, .T. ) ;
#421 = DIRECTION ( 'NONE',  ( -0.000000000000000000, -0.000000000000000000, -1.000000000000000000 ) ) ;
#422 = DIRECTION ( 'NONE',  ( -0.000000000000000000, -0.000000000000000000, -1.000000000000000000 ) ) ;
#423 = PLANE ( 'NONE',  #1387 ) ;
#424 =( NAMED_UNIT ( * ) SI_UNIT ( $, .STERADIAN. ) SOLID_ANGLE_UNIT ( ) );
#425 = ADVANCED_FACE ( 'NONE', ( #2507 ), #1060, .T. ) ;
#426 = VERTEX_POINT ( 'NONE', #346 ) ;
#427 = VERTEX_POINT ( 'NONE', #1704 ) ;
#428 = EDGE_CURVE ( 'NONE', #2695, #407, #957, .T. ) ;
#429 = CARTESIAN_POINT ( 'NONE',  ( 0.1820412831163839285, 0.0005483749521771235161, -0.000000000000000000 ) ) ;
#430 = CARTESIAN_POINT ( 'NONE',  ( 0.1184703904221883625, -0.05547182068276833994, 0.01000000000000000021 ) ) ;
#431 = STYLED_ITEM ( 'NONE', ( #1379 ), #49 ) ;
#432 = ADVANCED_FACE ( 'NONE', ( #3224 ), #3635, .T. ) ;
#433 = ADVANCED_FACE ( 'NONE', ( #3943 ), #3601, .T. ) ;
#434 = ORIENTED_EDGE ( 'NONE', *, *, #760, .F. ) ;
#435 = DIRECTION ( 'NONE',  ( 0.000000000000000000, 0.000000000000000000, 1.000000000000000000 ) ) ;
#436 = DIRECTION ( 'NONE',  ( 0.000000000000000000, 1.000000000000000000, 0.000000000000000000 ) ) ;
#437 =( GEOMETRIC_REPRESENTATION_CONTEXT ( 3 ) GLOBAL_UNCERTAINTY_ASSIGNED_CONTEXT ( ( #1593 ) ) GLOBAL_UNIT_ASSIGNED_CONTEXT ( ( #3573, #3897, #1825 ) ) REPRESENTATION_CONTEXT ( 'NONE', 'WORKASPACE' ) );
#438 = CARTESIAN_POINT ( 'NONE',  ( -0.1489654377943450958, 0.008097996504002023810, -0.000000000000000000 ) ) ;
#439 = CARTESIAN_POINT ( 'NONE',  ( 0.1675328755659732383, -0.04020915383066799714, 0.01000000000000000021 ) ) ;
#440 = CARTESIAN_POINT ( 'NONE',  ( 0.1417335011279685641, 0.07992755438785445476, 0.000000000000000000 ) ) ;
#441 = CARTESIAN_POINT ( 'NONE',  ( -0.01547801951585310240, 0.06287875092849402880, 0.01000000000000000021 ) ) ;
#442 = CARTESIAN_POINT ( 'NONE',  ( 0.1200815469271505065, -0.07194088424619199396, 0.01000000000000000021 ) ) ;
#443 = ORIENTED_EDGE ( 'NONE', *, *, #1215, .T. ) ;
#444 = CARTESIAN_POINT ( 'NONE',  ( 0.000000000000000000, 0.000000000000000000, 0.000000000000000000 ) ) ;
#445 = EDGE_CURVE ( 'NONE', #3747, #3752, #3359, .T. ) ;
#446 = LINE ( 'NONE', #2906, #757 ) ;
#447 = CARTESIAN_POINT ( 'NONE',  ( 0.5999999999999992006, 0.9999999999999995559, -0.02500000000000000139 ) ) ;
#448 = CARTESIAN_POINT ( 'NONE',  ( -0.1463217869245579394, 0.05988727062704352067, 0.01000000000000000021 ) ) ;
#449 = PRESENTATION_STYLE_ASSIGNMENT (( #28 ) ) ;
#450 = EDGE_LOOP ( 'NONE', ( #3497, #1755, #336, #1917 ) ) ;
#451 = ORIENTED_EDGE ( 'NONE', *, *, #1182, .F. ) ;
#452 = CARTESIAN_POINT ( 'NONE',  ( -0.2783495896378043177, -0.02858466370565231063, 0.01000000000000000021 ) ) ;
#453 = PRESENTATION_LAYER_ASSIGNMENT (  '', '', ( #2371 ) ) ;
#454 = CARTESIAN_POINT ( 'NONE',  ( -1.000000000000000000, 1.000000000000000000, 0.2000000000000000111 ) ) ;
#455 = ORIENTED_EDGE ( 'NONE', *, *, #2187, .F. ) ;
#456 = AXIS2_PLACEMENT_3D ( 'NONE', #3204, #2874, #4316 ) ;
#457 = CARTESIAN_POINT ( 'NONE',  ( -0.1411070708428360521, 0.06421458766542147145, 0.01000000000000000021 ) ) ;
#458 = B_SPLINE_SURFACE_WITH_KNOTS ( 'NONE', 3, 1, ( 
 ( #1754, #666 ),
 ( #4149, #966 ),
 ( #1677, #350 ),
 ( #2088, #641 ),
 ( #3527, #329 ),
 ( #3776, #598 ),
 ( #3101, #2411 ) ),
 .UNSPECIFIED., .F., .F., .F.,
 ( 4, 1, 1, 1, 4 ),
 ( 2, 2 ),
 ( 0.000000000000000000, 0.3005411131585108975, 0.5677471464836001402, 0.8000336137369825629, 0.9999999999999998890 ),
 ( 0.000000000000000000, 1.000000000000000000 ),
 .UNSPECIFIED. ) ;
#459 = CARTESIAN_POINT ( 'NONE',  ( -0.1490146048817067859, 0.005799863733372073726, 6.776263578034402713E-18 ) ) ;
#460 = PRESENTATION_LAYER_ASSIGNMENT (  '', '', ( #3041 ) ) ;
#461 = VECTOR ( 'NONE', #588, 1000.000000000000000 ) ;
#462 = CARTESIAN_POINT ( 'NONE',  ( 0.1819598967744000539, -0.003734855516883579373, 0.01000000000000000021 ) ) ;
#463 = CARTESIAN_POINT ( 'NONE',  ( -0.1605583792783887298, -0.03200737456163762346, 0.01000000000000000021 ) ) ;
#464 = CARTESIAN_POINT ( 'NONE',  ( -0.2020633853695116278, -0.07065783443735962344, 0.01000000000000000021 ) ) ;
#465 = PRESENTATION_LAYER_ASSIGNMENT (  '', '', ( #4166 ) ) ;
#466 = B_SPLINE_CURVE_WITH_KNOTS ( 'NONE', 3,
 ( #1255, #586, #562, #1276, #3764, #250, #996, #1388, #2396, #295, #4234, #3803, #3861, #337, #2746, #678, #3534, #2096, #4185 ),
 .UNSPECIFIED., .F., .F.,
 ( 4, 1, 1, 1, 1, 1, 1, 1, 1, 1, 1, 1, 1, 1, 1, 1, 4 ),
 ( 0.000000000000000000, 0.07430379644281587259, 0.1443936103644179736, 0.2104994961032798373, 0.2735426065034681775, 0.3338247445790735735, 0.3925296724085028388, 0.4500874545995854348, 0.5078206115557880596, 0.5654649127768465178, 0.6231487223336197312, 0.6812971927909353687, 0.7409134981565806966, 0.8018557521958579182, 0.8652412377209434124, 0.9309416570467443641, 1.000000000000000000 ),
 .UNSPECIFIED. ) ;
#467 = ORIENTED_EDGE ( 'NONE', *, *, #51, .T. ) ;
#468 = CARTESIAN_POINT ( 'NONE',  ( -0.2783495896378043177, -0.02858466370565231063, 0.01000000000000000021 ) ) ;
#469 = PRESENTATION_STYLE_ASSIGNMENT (( #2926 ) ) ;
#470 = PLANE ( 'NONE',  #2229 ) ;
#471 = ORIENTED_EDGE ( 'NONE', *, *, #194, .T. ) ;
#472 = AXIS2_PLACEMENT_3D ( 'NONE', #3610, #3267, #761 ) ;
#473 = ORIENTED_EDGE ( 'NONE', *, *, #2067, .T. ) ;
#474 = PLANE ( 'NONE',  #1548 ) ;
#475 = LINE ( 'NONE', #2427, #3273 ) ;
#476 = CARTESIAN_POINT ( 'NONE',  ( 0.09916513143255287210, -0.05067107098361687406, 0.01000000000000000021 ) ) ;
#477 = EDGE_LOOP ( 'NONE', ( #3154, #2696, #362, #1412, #4000, #3522, #4451, #1546 ) ) ;
#478 = ADVANCED_FACE ( 'NONE', ( #4040 ), #3640, .T. ) ;
#479 = SURFACE_STYLE_USAGE ( .BOTH. , #3389 ) ;
#480 = CARTESIAN_POINT ( 'NONE',  ( -0.1089628644935190099, -0.05207799471984182055, 6.776263578034402713E-18 ) ) ;
#481 = EDGE_CURVE ( 'NONE', #916, #4243, #4390, .T. ) ;
#482 = CARTESIAN_POINT ( 'NONE',  ( -0.09889434982265020435, 0.07916030696302339686, 0.000000000000000000 ) ) ;
#483 = CARTESIAN_POINT ( 'NONE',  ( 0.2150097853621956434, -0.05419441980321328123, 0.01000000000000000021 ) ) ;
#484 = LINE ( 'NONE', #1562, #3017 ) ;
#485 = EDGE_LOOP ( 'NONE', ( #2959, #4191, #1590, #1346 ) ) ;
#486 = CARTESIAN_POINT ( 'NONE',  ( 0.1118321260819006568, 0.06342811296840300539, 0.000000000000000000 ) ) ;
#487 = CARTESIAN_POINT ( 'NONE',  ( -0.9999999999999991118, -0.9999999999999995559, 0.2000000000000000111 ) ) ;
#488 = DIRECTION ( 'NONE',  ( 1.000000000000000000, 0.000000000000000000, 0.000000000000000000 ) ) ;
#489 = DIRECTION ( 'NONE',  ( 1.000000000000000000, 1.807003620809175125E-16, 0.000000000000000000 ) ) ;
#490 = CARTESIAN_POINT ( 'NONE',  ( 0.2000000000000000944, 0.9999999999999995559, 0.000000000000000000 ) ) ;
#491 = VERTEX_POINT ( 'NONE', #1202 ) ;
#492 =( NAMED_UNIT ( * ) PLANE_ANGLE_UNIT ( ) SI_UNIT ( $, .RADIAN. ) );
#493 = UNCERTAINTY_MEASURE_WITH_UNIT (LENGTH_MEASURE( 1.000000000000000082E-05 ), #357, 'distance_accuracy_value', 'NONE');
#494 = CARTESIAN_POINT ( 'NONE',  ( -0.2214421963451214392, -0.01212124907150596842, 0.000000000000000000 ) ) ;
#495 = CARTESIAN_POINT ( 'NONE',  ( 0.1237371726983402254, -0.05595301692509740965, 0.01000000000000000021 ) ) ;
#496 = CARTESIAN_POINT ( 'NONE',  ( -0.08982062622317016354, -0.05419441980321328123, 6.776263578034402713E-18 ) ) ;
#497 = CARTESIAN_POINT ( 'NONE',  ( -0.5999999999999999778, 0.9999999999999995559, -0.02500000000000000139 ) ) ;
#498 = VECTOR ( 'NONE', #4308, 1000.000000000000000 ) ;
#499 = CARTESIAN_POINT ( 'NONE',  ( -0.9999999999999997780, -0.9999999999999993339, -0.02500000000000000139 ) ) ;
#500 = CARTESIAN_POINT ( 'NONE',  ( -0.2716041628085359982, -0.01212124907150596842, 0.01000000000000000021 ) ) ;
#501 = EDGE_CURVE ( 'NONE', #230, #1656, #871, .T. ) ;
#502 = ORIENTED_EDGE ( 'NONE', *, *, #306, .F. ) ;
#503 = VECTOR ( 'NONE', #1691, 1000.000000000000000 ) ;
#504 = DIRECTION ( 'NONE',  ( -0.000000000000000000, -0.000000000000000000, -1.000000000000000000 ) ) ;
#505 = CARTESIAN_POINT ( 'NONE',  ( 0.2022049073134151442, 0.001512516172396473390, 0.01000000000000000021 ) ) ;
#506 = PRESENTATION_LAYER_ASSIGNMENT (  '', '', ( #4577 ) ) ;
#507 = DIRECTION ( 'NONE',  ( -0.000000000000000000, 0.000000000000000000, -1.000000000000000000 ) ) ;
#508 = PRESENTATION_LAYER_ASSIGNMENT (  '', '', ( #4583 ) ) ;
#509 = B_SPLINE_CURVE_WITH_KNOTS ( 'NONE', 3,
 ( #261, #4197, #238, #2699, #596, #572, #1706, #4175, #2055, #663, #4126 ),
 .UNSPECIFIED., .F., .F.,
 ( 4, 1, 1, 1, 1, 1, 1, 1, 4 ),
 ( 0.000000000000000000, 0.1352946047634291660, 0.2667656579247484339, 0.3948160188358723621, 0.5200516544342456138, 0.6421757029708219378, 0.7626518205584231769, 0.8818340043805017459, 1.000000000000000000 ),
 .UNSPECIFIED. ) ;
#510 = LINE ( 'NONE', #4060, #1703 ) ;
#511 = VERTEX_POINT ( 'NONE', #490 ) ;
#512 = AXIS2_PLACEMENT_3D ( 'NONE', #1470, #65, #2901 ) ;
#513 =( NAMED_UNIT ( * ) PLANE_ANGLE_UNIT ( ) SI_UNIT ( $, .RADIAN. ) );
#514 = CARTESIAN_POINT ( 'NONE',  ( -0.1468805621397740457, 0.02508412576055414275, 6.776263578034402713E-18 ) ) ;
#515 = CARTESIAN_POINT ( 'NONE',  ( 0.1339426064093138802, 0.08098474364655010305, 1.355252715606880543E-17 ) ) ;
#516 = DIRECTION ( 'NONE',  ( -0.000000000000000000, 0.000000000000000000, -1.000000000000000000 ) ) ;
#517 = MECHANICAL_DESIGN_GEOMETRIC_PRESENTATION_REPRESENTATION (  '', ( #3772 ), #2449 ) ;
#518 = PLANE ( 'NONE',  #2280 ) ;
#519 = B_SPLINE_CURVE_WITH_KNOTS ( 'NONE', 3,
 ( #3797, #1039, #4201, #2013, #2033, #283, #1378, #4517, #2787, #3877, #1332, #1014, #3434, #2439, #3818, #310, #1356, #1708, #263 ),
 .UNSPECIFIED., .F., .F.,
 ( 4, 1, 1, 1, 1, 1, 1, 1, 1, 1, 1, 1, 1, 1, 1, 1, 4 ),
 ( 0.000000000000000000, 0.07377411937406347375, 0.1440791147260412630, 0.2113485183089114094, 0.2760768857398837040, 0.3385209158196765267, 0.3998851166931335355, 0.4602540674652130792, 0.5205889643912476883, 0.5802076845630441682, 0.6386329085525456195, 0.6963645494905237321, 0.7540017746600127246, 0.8128056813744977127, 0.8727544255255601513, 0.9351819969782668718, 1.000000000000000000 ),
 .UNSPECIFIED. ) ;
#520 = CARTESIAN_POINT ( 'NONE',  ( 0.04122929755731759294, -0.002974907608091332655, 0.01000000000000000021 ) ) ;
#521 = CARTESIAN_POINT ( 'NONE',  ( -0.2716041628085359427, -0.01212124907150596148, 0.000000000000000000 ) ) ;
#522 = ADVANCED_FACE ( 'NONE', ( #921 ), #1901, .F. ) ;
#523 = CARTESIAN_POINT ( 'NONE',  ( 0.09061954145975663344, -0.06288344419345719138, 0.01000000000000000021 ) ) ;
#524 = CARTESIAN_POINT ( 'NONE',  ( -0.01913655610121900441, -0.07065783443735962344, 0.01000000000000000021 ) ) ;
#525 = ORIENTED_EDGE ( 'NONE', *, *, #3511, .F. ) ;
#526 = SURFACE_STYLE_USAGE ( .BOTH. , #917 ) ;
#527 = LINE ( 'NONE', #2271, #2651 ) ;
#528 = FILL_AREA_STYLE ('',( #3318 ) ) ;
#529 = CARTESIAN_POINT ( 'NONE',  ( 0.2011154107806602809, -0.01428529396350554544, 6.776263578034402713E-18 ) ) ;
#530 = PRESENTATION_LAYER_ASSIGNMENT (  '', '', ( #1633 ) ) ;
#531 = EDGE_CURVE ( 'NONE', #1057, #1282, #2465, .T. ) ;
#532 = ORIENTED_EDGE ( 'NONE', *, *, #2057, .F. ) ;
#533 = EDGE_CURVE ( 'NONE', #202, #4341, #1310, .T. ) ;
#534 = FILL_AREA_STYLE ('',( #2992 ) ) ;
#535 = MECHANICAL_DESIGN_GEOMETRIC_PRESENTATION_REPRESENTATION (  '', ( #3647 ), #3871 ) ;
#536 = DIRECTION ( 'NONE',  ( 0.000000000000000000, 0.000000000000000000, -1.000000000000000000 ) ) ;
#537 = UNCERTAINTY_MEASURE_WITH_UNIT (LENGTH_MEASURE( 1.000000000000000082E-05 ), #1146, 'distance_accuracy_value', 'NONE');
#538 = CARTESIAN_POINT ( 'NONE',  ( -0.1400643862596616385, 0.04055896803840020742, 0.01000000000000000021 ) ) ;
#539 = CARTESIAN_POINT ( 'NONE',  ( 0.1807453035812596753, 0.05935458954371227586, 0.01000000000000000021 ) ) ;
#540 = CARTESIAN_POINT ( 'NONE',  ( 1.000000000000000000, -1.000000000000000000, -0.02500000000000000139 ) ) ;
#541 = EDGE_CURVE ( 'NONE', #2440, #1371, #4226, .T. ) ;
#542 = DIRECTION ( 'NONE',  ( -0.000000000000000000, -0.000000000000000000, 1.000000000000000000 ) ) ;
#543 = CARTESIAN_POINT ( 'NONE',  ( 0.09460359988482212878, 0.05741939874073574007, 6.776263578034402713E-18 ) ) ;
#544 = FILL_AREA_STYLE_COLOUR ( '', #1233 ) ;
#545 = CARTESIAN_POINT ( 'NONE',  ( -0.1059187488961593482, -0.06945731665045629111, 0.01000000000000000021 ) ) ;
#546 = DIRECTION ( 'NONE',  ( 0.000000000000000000, -1.000000000000000000, -0.000000000000000000 ) ) ;
#547 = ORIENTED_EDGE ( 'NONE', *, *, #1235, .F. ) ;
#548 = ORIENTED_EDGE ( 'NONE', *, *, #4203, .T. ) ;
#549 = CARTESIAN_POINT ( 'NONE',  ( -0.1211944892920969602, -0.06552645692255215648, 0.01000000000000000021 ) ) ;
#550 =( NAMED_UNIT ( * ) SI_UNIT ( $, .STERADIAN. ) SOLID_ANGLE_UNIT ( ) );
#551 = CARTESIAN_POINT ( 'NONE',  ( 0.1021666580866318202, 0.07891850231351620060, 0.000000000000000000 ) ) ;
#552 = SURFACE_SIDE_STYLE ('',( #837 ) ) ;
#553 = VECTOR ( 'NONE', #709, 1000.000000000000000 ) ;
#554 = EDGE_CURVE ( 'NONE', #4490, #1501, #4547, .T. ) ;
#555 = EDGE_CURVE ( 'NONE', #2667, #1832, #2832, .T. ) ;
#556 = CARTESIAN_POINT ( 'NONE',  ( 0.1064767085087575532, 0.07972141622229832192, 6.776263578034402713E-18 ) ) ;
#557 = ORIENTED_EDGE ( 'NONE', *, *, #445, .T. ) ;
#558 = SURFACE_SIDE_STYLE ('',( #1946 ) ) ;
#559 = PLANE ( 'NONE',  #2150 ) ;
#560 = CARTESIAN_POINT ( 'NONE',  ( 0.1807453035812596753, 0.05935458954371227586, 1.355252715606880543E-17 ) ) ;
#561 = ADVANCED_FACE ( 'NONE', ( #3077 ), #2363, .T. ) ;
#562 = CARTESIAN_POINT ( 'NONE',  ( -0.1488698920268994308, 0.01256392831010323154, 0.01000000000000000021 ) ) ;
#563 = CARTESIAN_POINT ( 'NONE',  ( 0.1781791882400857729, -0.05699660555117222471, 0.01000000000000000021 ) ) ;
#564 = LINE ( 'NONE', #2706, #3120 ) ;
#565 = CARTESIAN_POINT ( 'NONE',  ( -0.1490146048817067859, 0.005799863733372073726, 0.01000000000000000021 ) ) ;
#566 = CARTESIAN_POINT ( 'NONE',  ( 0.1064767085087575532, 0.07972141622229832192, 0.01000000000000000021 ) ) ;
#567 = ORIENTED_EDGE ( 'NONE', *, *, #1737, .T. ) ;
#568 = EDGE_LOOP ( 'NONE', ( #434, #2526, #941, #3791, #2095, #3320, #852, #4302, #1452, #1281 ) ) ;
#569 = EDGE_LOOP ( 'NONE', ( #1013, #980, #1160, #1386, #1390, #3341 ) ) ;
#570 = PLANE ( 'NONE',  #2257 ) ;
#571 = VECTOR ( 'NONE', #1875, 1000.000000000000000 ) ;
#572 = CARTESIAN_POINT ( 'NONE',  ( 0.1084547434768734081, -0.05368158057722197118, 0.01000000000000000021 ) ) ;
#573 = VERTEX_POINT ( 'NONE', #4591 ) ;
#574 = SURFACE_STYLE_USAGE ( .BOTH. , #851 ) ;
#575 = VERTEX_POINT ( 'NONE', #691 ) ;
#576 = VECTOR ( 'NONE', #1978, 1000.000000000000000 ) ;
#577 = ADVANCED_FACE ( 'NONE', ( #4496 ), #458, .T. ) ;
#578 = DIRECTION ( 'NONE',  ( -0.000000000000000000, -0.000000000000000000, -1.000000000000000000 ) ) ;
#579 = VECTOR ( 'NONE', #1785, 1000.000000000000000 ) ;
#580 = DIRECTION ( 'NONE',  ( -0.000000000000000000, -0.000000000000000000, -1.000000000000000000 ) ) ;
#581 = SURFACE_SIDE_STYLE ('',( #1272 ) ) ;
#582 = UNCERTAINTY_MEASURE_WITH_UNIT (LENGTH_MEASURE( 1.000000000000000082E-05 ), #4453, 'distance_accuracy_value', 'NONE');
#583 = CARTESIAN_POINT ( 'NONE',  ( 0.2918390536548785552, -0.07065783443735962344, 0.01000000000000000021 ) ) ;
#584 = MECHANICAL_DESIGN_GEOMETRIC_PRESENTATION_REPRESENTATION (  '', ( #728 ), #2442 ) ;
#585 = FILL_AREA_STYLE_COLOUR ( '', #899 ) ;
#586 = CARTESIAN_POINT ( 'NONE',  ( -0.1489654377943450958, 0.008097996504002023810, 0.01000000000000000021 ) ) ;
#587 = CARTESIAN_POINT ( 'NONE',  ( -0.1661405381450021812, 0.02934761246862650427, 0.000000000000000000 ) ) ;
#588 = DIRECTION ( 'NONE',  ( 0.000000000000000000, -1.000000000000000000, 0.000000000000000000 ) ) ;
#589 = DIRECTION ( 'NONE',  ( -1.355252715606880543E-16, 1.000000000000000000, 0.000000000000000000 ) ) ;
#590 =( NAMED_UNIT ( * ) SI_UNIT ( $, .STERADIAN. ) SOLID_ANGLE_UNIT ( ) );
#591 = ORIENTED_EDGE ( 'NONE', *, *, #3098, .T. ) ;
#592 = VECTOR ( 'NONE', #1030, 1000.000000000000000 ) ;
#593 = ORIENTED_EDGE ( 'NONE', *, *, #3788, .F. ) ;
#594 = COLOUR_RGB ( '',0.9686274509803921573, 0.8784313725490195957, 0.5999999999999999778 ) ;
#595 = CARTESIAN_POINT ( 'NONE',  ( -0.1690766809171528606, 0.008947643475117268361, 0.01000000000000000021 ) ) ;
#596 = CARTESIAN_POINT ( 'NONE',  ( 0.1133688561049159271, -0.05474758778551409855, 0.01000000000000000021 ) ) ;
#597 = ORIENTED_EDGE ( 'NONE', *, *, #2772, .F. ) ;
#598 = CARTESIAN_POINT ( 'NONE',  ( -0.2440488642028851296, 0.05121487165389858320, 6.776263578034402713E-18 ) ) ;
#599 = ORIENTED_EDGE ( 'NONE', *, *, #3141, .F. ) ;
#600 = VECTOR ( 'NONE', #3780, 1000.000000000000000 ) ;
#601 = EDGE_CURVE ( 'NONE', #239, #3646, #1731, .T. ) ;
#602 = CARTESIAN_POINT ( 'NONE',  ( -0.09695333117489036978, 0.06274904055424884719, 0.01000000000000000021 ) ) ;
#603 = FILL_AREA_STYLE ('',( #2367 ) ) ;
#604 = STYLED_ITEM ( 'NONE', ( #970 ), #3518 ) ;
#605 = CARTESIAN_POINT ( 'NONE',  ( 0.1417335011279685641, 0.07992755438785445476, 1.355252715606880543E-17 ) ) ;
#606 = VECTOR ( 'NONE', #1813, 1000.000000000000000 ) ;
#607 = SURFACE_STYLE_FILL_AREA ( #4136 ) ;
#608 = CARTESIAN_POINT ( 'NONE',  ( 0.1701673521363755992, 0.04365746522053321615, 0.000000000000000000 ) ) ;
#609 = EDGE_CURVE ( 'NONE', #1832, #2440, #2766, .T. ) ;
#610 = EDGE_CURVE ( 'NONE', #427, #1678, #519, .T. ) ;
#611 = FILL_AREA_STYLE_COLOUR ( '', #2133 ) ;
#612 = CARTESIAN_POINT ( 'NONE',  ( -0.1521002377629695757, -0.04430663987978127050, 0.01000000000000000021 ) ) ;
#613 =( LENGTH_UNIT ( ) NAMED_UNIT ( * ) SI_UNIT ( .MILLI., .METRE. ) );
#614 = EDGE_LOOP ( 'NONE', ( #1377, #1004, #2135, #3498 ) ) ;
#615 = ORIENTED_EDGE ( 'NONE', *, *, #3510, .T. ) ;
#616 = SURFACE_STYLE_FILL_AREA ( #2759 ) ;
#617 =( NAMED_UNIT ( * ) PLANE_ANGLE_UNIT ( ) SI_UNIT ( $, .RADIAN. ) );
#618 = CARTESIAN_POINT ( 'NONE',  ( -0.2569414341499994814, 0.07934216556264037101, 0.01000000000000000021 ) ) ;
#619 = AXIS2_PLACEMENT_3D ( 'NONE', #1080, #4358, #4336 ) ;
#620 = ORIENTED_EDGE ( 'NONE', *, *, #2323, .T. ) ;
#621 = CARTESIAN_POINT ( 'NONE',  ( -1.000000000000000000, 1.000000000000000000, 0.000000000000000000 ) ) ;
#622 = ORIENTED_EDGE ( 'NONE', *, *, #3568, .F. ) ;
#623 = CARTESIAN_POINT ( 'NONE',  ( -0.2368194829304872406, 0.07934216556264037101, 0.01000000000000000021 ) ) ;
#624 = CARTESIAN_POINT ( 'NONE',  ( -0.2935268000036579394, -0.07065783443735962344, 0.000000000000000000 ) ) ;
#625 = UNCERTAINTY_MEASURE_WITH_UNIT (LENGTH_MEASURE( 1.000000000000000082E-05 ), #66, 'distance_accuracy_value', 'NONE');
#626 = LINE ( 'NONE', #2792, #223 ) ;
#627 = CARTESIAN_POINT ( 'NONE',  ( -0.2163831262231701580, -0.02858466370565231063, 0.01000000000000000021 ) ) ;
#628 = LINE ( 'NONE', #2138, #3404 ) ;
#629 = EDGE_CURVE ( 'NONE', #3408, #1221, #3128, .T. ) ;
#630 =( LENGTH_UNIT ( ) NAMED_UNIT ( * ) SI_UNIT ( .MILLI., .METRE. ) );
#631 = CARTESIAN_POINT ( 'NONE',  ( 0.9999999999999988898, -0.3999999999999995226, 0.000000000000000000 ) ) ;
#632 = CARTESIAN_POINT ( 'NONE',  ( -0.09206292279441162518, -0.07060588863093626710, 0.01000000000000000021 ) ) ;
#633 = DIRECTION ( 'NONE',  ( -1.000000000000000000, -4.336808689942019215E-16, 0.000000000000000000 ) ) ;
#634 = ORIENTED_EDGE ( 'NONE', *, *, #3636, .T. ) ;
#635 = EDGE_LOOP ( 'NONE', ( #1659, #2522, #1092, #2503 ) ) ;
#636 = LINE ( 'NONE', #4266, #3761 ) ;
#637 = VECTOR ( 'NONE', #4321, 1000.000000000000114 ) ;
#638 = DIRECTION ( 'NONE',  ( 0.000000000000000000, -1.000000000000000000, 0.000000000000000000 ) ) ;
#639 = FACE_OUTER_BOUND ( 'NONE', #614, .T. ) ;
#640 = ORIENTED_EDGE ( 'NONE', *, *, #4393, .T. ) ;
#641 = CARTESIAN_POINT ( 'NONE',  ( -0.2451599556366338972, 0.05513620855106900892, 6.776263578034402713E-18 ) ) ;
#642 = VECTOR ( 'NONE', #3005, 1000.000000000000000 ) ;
#643 = LINE ( 'NONE', #4154, #600 ) ;
#644 =( NAMED_UNIT ( * ) PLANE_ANGLE_UNIT ( ) SI_UNIT ( $, .RADIAN. ) );
#645 = CARTESIAN_POINT ( 'NONE',  ( -0.2469169690381632642, 0.05989637654016203433, 0.01000000000000000021 ) ) ;
#646 = VECTOR ( 'NONE', #4360, 1000.000000000000000 ) ;
#647 = SURFACE_STYLE_FILL_AREA ( #2370 ) ;
#648 = EDGE_LOOP ( 'NONE', ( #3883, #3213, #203, #3630 ) ) ;
#649 = LINE ( 'NONE', #3461, #3089 ) ;
#650 = ORIENTED_EDGE ( 'NONE', *, *, #1487, .F. ) ;
#651 = DIRECTION ( 'NONE',  ( 1.000000000000000000, 0.000000000000000000, -0.000000000000000000 ) ) ;
#652 = FILL_AREA_STYLE_COLOUR ( '', #942 ) ;
#653 = EDGE_CURVE ( 'NONE', #426, #3984, #4317, .T. ) ;
#654 = DIRECTION ( 'NONE',  ( 1.000000000000000000, 0.000000000000000000, 0.000000000000000000 ) ) ;
#655 = ORIENTED_EDGE ( 'NONE', *, *, #4586, .F. ) ;
#656 = AXIS2_PLACEMENT_3D ( 'NONE', #972, #1687, #2037 ) ;
#657 = VERTEX_POINT ( 'NONE', #3614 ) ;
#658 = PLANE ( 'NONE',  #3973 ) ;
#659 = CARTESIAN_POINT ( 'NONE',  ( 0.1857993397548579340, 0.05369931564066379726, 0.01000000000000000021 ) ) ;
#660 = EDGE_CURVE ( 'NONE', #3907, #2773, #3922, .T. ) ;
#661 = DIRECTION ( 'NONE',  ( 0.000000000000000000, -1.000000000000000000, 0.000000000000000000 ) ) ;
#662 = MECHANICAL_DESIGN_GEOMETRIC_PRESENTATION_REPRESENTATION (  '', ( #1699 ), #2302 ) ;
#663 = CARTESIAN_POINT ( 'NONE',  ( 0.09199839097908210639, -0.04719666268601647313, 0.01000000000000000021 ) ) ;
#664 = CARTESIAN_POINT ( 'NONE',  ( -0.1194546841145145283, 0.05737523800670613766, 0.01000000000000000021 ) ) ;
#665 = ORIENTED_EDGE ( 'NONE', *, *, #1737, .F. ) ;
#666 = CARTESIAN_POINT ( 'NONE',  ( -0.2462230652475604631, 0.06104948263581110729, 6.776263578034402713E-18 ) ) ;
#667 = VERTEX_POINT ( 'NONE', #464 ) ;
#668 = CARTESIAN_POINT ( 'NONE',  ( -0.2490241323207310620, 0.05053118995288427562, 0.01000000000000000021 ) ) ;
#669 =( NAMED_UNIT ( * ) PLANE_ANGLE_UNIT ( ) SI_UNIT ( $, .RADIAN. ) );
#670 = LINE ( 'NONE', #3509, #1987 ) ;
#671 = EDGE_CURVE ( 'NONE', #2402, #4207, #68, .T. ) ;
#672 = VECTOR ( 'NONE', #1583, 1000.000000000000000 ) ;
#673 = FACE_OUTER_BOUND ( 'NONE', #1719, .T. ) ;
#674 = EDGE_CURVE ( 'NONE', #3668, #151, #3991, .T. ) ;
#675 =( GEOMETRIC_REPRESENTATION_CONTEXT ( 3 ) GLOBAL_UNCERTAINTY_ASSIGNED_CONTEXT ( ( #2392 ) ) GLOBAL_UNIT_ASSIGNED_CONTEXT ( ( #1600, #4486, #1320 ) ) REPRESENTATION_CONTEXT ( 'NONE', 'WORKASPACE' ) );
#676 = DIRECTION ( 'NONE',  ( 0.000000000000000000, -1.000000000000000000, -0.000000000000000000 ) ) ;
#677 = ORIENTED_EDGE ( 'NONE', *, *, #531, .T. ) ;
#678 = CARTESIAN_POINT ( 'NONE',  ( -0.1030523823001928130, 0.06208090008760584755, 0.01000000000000000021 ) ) ;
#679 = DIRECTION ( 'NONE',  ( -0.9407669869669987861, 0.3390537954853694580, 0.000000000000000000 ) ) ;
#680 = PRESENTATION_LAYER_ASSIGNMENT (  '', '', ( #247 ) ) ;
#681 = ORIENTED_EDGE ( 'NONE', *, *, #1834, .F. ) ;
#682 = CARTESIAN_POINT ( 'NONE',  ( 0.5999999999999989786, -0.3999999999999995226, -0.02500000000000000139 ) ) ;
#683 = DIRECTION ( 'NONE',  ( 1.000000000000000000, -4.336808689942017736E-16, 0.000000000000000000 ) ) ;
#684 = EDGE_CURVE ( 'NONE', #1031, #2226, #122, .T. ) ;
#685 = CARTESIAN_POINT ( 'NONE',  ( 0.1277796134223599667, 0.06466431880828030221, 6.776263578034402713E-18 ) ) ;
#686 =( NAMED_UNIT ( * ) PLANE_ANGLE_UNIT ( ) SI_UNIT ( $, .RADIAN. ) );
#687 = VERTEX_POINT ( 'NONE', #790 ) ;
#688 = ORIENTED_EDGE ( 'NONE', *, *, #501, .T. ) ;
#689 = CARTESIAN_POINT ( 'NONE',  ( 0.2021395787951407175, 0.004430842838866031266, 0.01000000000000000021 ) ) ;
#690 = CARTESIAN_POINT ( 'NONE',  ( -1.000000000000000000, 1.000000000000000000, -0.02500000000000000139 ) ) ;
#691 = CARTESIAN_POINT ( 'NONE',  ( 0.04122929755731759294, -0.002974907608091332655, 0.000000000000000000 ) ) ;
#692 = EDGE_LOOP ( 'NONE', ( #3470, #3148, #1806, #1331 ) ) ;
#693 = CARTESIAN_POINT ( 'NONE',  ( -0.2478497403214207084, 0.05485365079496448693, 0.01000000000000000021 ) ) ;
#694 =( NAMED_UNIT ( * ) PLANE_ANGLE_UNIT ( ) SI_UNIT ( $, .RADIAN. ) );
#695 = CARTESIAN_POINT ( 'NONE',  ( 0.1092182625949022351, -0.07015039137581392803, 0.000000000000000000 ) ) ;
#696 = EDGE_CURVE ( 'NONE', #3034, #3890, #765, .T. ) ;
#697 = FACE_OUTER_BOUND ( 'NONE', #256, .T. ) ;
#698 = PRESENTATION_STYLE_ASSIGNMENT (( #1384 ) ) ;
#699 = FACE_OUTER_BOUND ( 'NONE', #4572, .T. ) ;
#700 = ORIENTED_EDGE ( 'NONE', *, *, #2321, .F. ) ;
#701 = CARTESIAN_POINT ( 'NONE',  ( -0.09769003981585140661, -0.07050407944171321883, 0.000000000000000000 ) ) ;
#702 = ORIENTED_EDGE ( 'NONE', *, *, #865, .F. ) ;
#703 =( NAMED_UNIT ( * ) SI_UNIT ( $, .STERADIAN. ) SOLID_ANGLE_UNIT ( ) );
#704 = LINE ( 'NONE', #3115, #4210 ) ;
#705 = CARTESIAN_POINT ( 'NONE',  ( 0.1820829560939029590, 0.002741555806542805319, 0.01000000000000000021 ) ) ;
#706 = CARTESIAN_POINT ( 'NONE',  ( -0.2783495896378043177, -0.02858466370565231063, 0.01000000000000000021 ) ) ;
#707 = ORIENTED_EDGE ( 'NONE', *, *, #1559, .T. ) ;
#708 = ORIENTED_EDGE ( 'NONE', *, *, #629, .T. ) ;
#709 = DIRECTION ( 'NONE',  ( -1.000000000000000000, 0.000000000000000000, 0.000000000000000000 ) ) ;
#710 = CARTESIAN_POINT ( 'NONE',  ( 0.1692449367963819451, 0.06895367894003699705, 0.01000000000000000021 ) ) ;
#711 = CARTESIAN_POINT ( 'NONE',  ( -0.06852680000365800328, 0.06287875092849402880, 0.000000000000000000 ) ) ;
#712 = CARTESIAN_POINT ( 'NONE',  ( -0.2469169690381632642, 0.05989637654016203433, -0.000000000000000000 ) ) ;
#713 = DIRECTION ( 'NONE',  ( -0.000000000000000000, -0.000000000000000000, -1.000000000000000000 ) ) ;
#714 =( LENGTH_UNIT ( ) NAMED_UNIT ( * ) SI_UNIT ( .MILLI., .METRE. ) );
#715 = CARTESIAN_POINT ( 'NONE',  ( 0.1318924073134151720, -0.07248710273004253801, 0.01000000000000000021 ) ) ;
#716 = CARTESIAN_POINT ( 'NONE',  ( 0.1915662997325456585, -0.04127296311445588506, 0.000000000000000000 ) ) ;
#717 = CARTESIAN_POINT ( 'NONE',  ( 0.1727910399393495777, -0.06119278735822131221, 6.776263578034402713E-18 ) ) ;
#718 = EDGE_CURVE ( 'NONE', #687, #2346, #399, .T. ) ;
#719 = CARTESIAN_POINT ( 'NONE',  ( 0.2000000000000000944, 0.9999999999999995559, -0.02500000000000000139 ) ) ;
#720 = ORIENTED_EDGE ( 'NONE', *, *, #2251, .T. ) ;
#721 = VECTOR ( 'NONE', #1427, 1000.000000000000000 ) ;
#722 = DIRECTION ( 'NONE',  ( 0.000000000000000000, -1.000000000000000000, 0.000000000000000000 ) ) ;
#723 = CARTESIAN_POINT ( 'NONE',  ( -0.1137654525560780200, -0.06786506988204488167, 0.000000000000000000 ) ) ;
#724 = AXIS2_PLACEMENT_3D ( 'NONE', #524, #3660, #1915 ) ;
#725 = ORIENTED_EDGE ( 'NONE', *, *, #2057, .T. ) ;
#726 = VECTOR ( 'NONE', #2789, 1000.000000000000000 ) ;
#727 = CARTESIAN_POINT ( 'NONE',  ( -0.1661405381450021812, 0.02934761246862650427, 0.01000000000000000021 ) ) ;
#728 = STYLED_ITEM ( 'NONE', ( #990 ), #4142 ) ;
#729 = LINE ( 'NONE', #3866, #1908 ) ;
#730 = CARTESIAN_POINT ( 'NONE',  ( 0.1760832817198366984, 0.03376453160682916371, 6.776263578034402713E-18 ) ) ;
#731 = LINE ( 'NONE', #14, #1551 ) ;
#732 = ORIENTED_EDGE ( 'NONE', *, *, #4055, .F. ) ;
#733 = AXIS2_PLACEMENT_3D ( 'NONE', #919, #2010, #4125 ) ;
#734 = EDGE_LOOP ( 'NONE', ( #110, #2869, #1764, #3026 ) ) ;
#735 = CARTESIAN_POINT ( 'NONE',  ( -0.1349549852346396961, 0.06825938095525750648, 0.000000000000000000 ) ) ;
#736 = CARTESIAN_POINT ( 'NONE',  ( -0.06852680000365800328, -0.05419441980321328123, 0.01000000000000000021 ) ) ;
#737 = COLOUR_RGB ( '',0.2235294117647058654, 0.2235294117647058654, 0.2235294117647058654 ) ;
#738 =( LENGTH_UNIT ( ) NAMED_UNIT ( * ) SI_UNIT ( .MILLI., .METRE. ) );
#739 = MECHANICAL_DESIGN_GEOMETRIC_PRESENTATION_REPRESENTATION (  '', ( #2886 ), #2220 ) ;
#740 = FACE_OUTER_BOUND ( 'NONE', #4062, .T. ) ;
#741 = SURFACE_SIDE_STYLE ('',( #2151 ) ) ;
#742 =( NAMED_UNIT ( * ) PLANE_ANGLE_UNIT ( ) SI_UNIT ( $, .RADIAN. ) );
#743 = ORIENTED_EDGE ( 'NONE', *, *, #748, .T. ) ;
#744 = MECHANICAL_DESIGN_GEOMETRIC_PRESENTATION_REPRESENTATION (  '', ( #4300 ), #1553 ) ;
#745 = DIRECTION ( 'NONE',  ( 0.000000000000000000, 0.000000000000000000, -1.000000000000000000 ) ) ;
#746 = DIRECTION ( 'NONE',  ( -0.000000000000000000, -1.000000000000000000, -0.000000000000000000 ) ) ;
#747 = SURFACE_STYLE_USAGE ( .BOTH. , #3211 ) ;
#748 = EDGE_CURVE ( 'NONE', #2757, #323, #1518, .T. ) ;
#749 = COLOUR_RGB ( '',0.2235294117647058654, 0.2235294117647058654, 0.2235294117647058654 ) ;
#750 =( NAMED_UNIT ( * ) PLANE_ANGLE_UNIT ( ) SI_UNIT ( $, .RADIAN. ) );
#751 = EDGE_LOOP ( 'NONE', ( #2183, #82, #2765, #677 ) ) ;
#752 = LINE ( 'NONE', #2887, #3104 ) ;
#753 = CARTESIAN_POINT ( 'NONE',  ( 0.2022049073134151442, 0.001512516172396473390, 0.01000000000000000021 ) ) ;
#754 = VECTOR ( 'NONE', #4488, 1000.000000000000000 ) ;
#755 = ORIENTED_EDGE ( 'NONE', *, *, #282, .F. ) ;
#756 = LINE ( 'NONE', #4333, #2007 ) ;
#757 = VECTOR ( 'NONE', #4322, 1000.000000000000000 ) ;
#758 = CARTESIAN_POINT ( 'NONE',  ( -0.1403206718537142461, -0.02976881451795135650, 0.01000000000000000021 ) ) ;
#759 = CARTESIAN_POINT ( 'NONE',  ( 0.1664760636699978147, 0.04800193078701524979, 0.01000000000000000021 ) ) ;
#760 = EDGE_CURVE ( 'NONE', #1676, #3118, #1850, .T. ) ;
#761 = DIRECTION ( 'NONE',  ( -0.000000000000000000, 0.000000000000000000, -1.000000000000000000 ) ) ;
#762 = EDGE_CURVE ( 'NONE', #1221, #4351, #3226, .T. ) ;
#763 = CARTESIAN_POINT ( 'NONE',  ( 0.1785361208897568441, -0.02146267015894617880, 6.776263578034402713E-18 ) ) ;
#764 = CARTESIAN_POINT ( 'NONE',  ( -0.2451599556366338972, 0.05513620855106900892, 0.000000000000000000 ) ) ;
#765 = LINE ( 'NONE', #441, #721 ) ;
#766 = CARTESIAN_POINT ( 'NONE',  ( 0.1318924073134151720, -0.07248710273004253801, 0.01000000000000000021 ) ) ;
#767 = ORIENTED_EDGE ( 'NONE', *, *, #3969, .F. ) ;
#768 = EDGE_CURVE ( 'NONE', #573, #4584, #2127, .T. ) ;
#769 = CARTESIAN_POINT ( 'NONE',  ( 0.09061954145975661956, 0.05510436068459157594, 6.776263578034402713E-18 ) ) ;
#770 = CARTESIAN_POINT ( 'NONE',  ( 0.1041682707229979604, -0.06882216394160835249, 0.000000000000000000 ) ) ;
#771 = EDGE_CURVE ( 'NONE', #1324, #1326, #2225, .T. ) ;
#772 = DIRECTION ( 'NONE',  ( 0.000000000000000000, 1.000000000000000000, 0.000000000000000000 ) ) ;
#773 = EDGE_CURVE ( 'NONE', #3775, #284, #2510, .T. ) ;
#774 = CARTESIAN_POINT ( 'NONE',  ( -1.000000000000000000, 1.000000000000000000, -0.02500000000000000139 ) ) ;
#775 = EDGE_LOOP ( 'NONE', ( #3654, #4177, #4109, #300 ) ) ;
#776 = DIRECTION ( 'NONE',  ( -0.000000000000000000, -1.000000000000000000, -0.000000000000000000 ) ) ;
#777 = VECTOR ( 'NONE', #421, 1000.000000000000000 ) ;
#778 = VERTEX_POINT ( 'NONE', #3639 ) ;
#779 = DIRECTION ( 'NONE',  ( 0.000000000000000000, -0.000000000000000000, -1.000000000000000000 ) ) ;
#780 = CARTESIAN_POINT ( 'NONE',  ( 0.09199839097908210639, -0.04719666268601647313, 0.01000000000000000021 ) ) ;
#781 = EDGE_LOOP ( 'NONE', ( #3684, #3930, #1777, #2026 ) ) ;
#782 = CARTESIAN_POINT ( 'NONE',  ( -0.1349549852346396961, 0.06825938095525750648, 0.01000000000000000021 ) ) ;
#783 = CARTESIAN_POINT ( 'NONE',  ( -0.1370923169740203285, -0.03432489102166941253, 6.776263578034402713E-18 ) ) ;
#784 = CARTESIAN_POINT ( 'NONE',  ( 0.1540647165427256049, -0.06976529971912073802, 6.776263578034402713E-18 ) ) ;
#785 = ADVANCED_FACE ( 'NONE', ( #1063 ), #2487, .F. ) ;
#786 =( GEOMETRIC_REPRESENTATION_CONTEXT ( 3 ) GLOBAL_UNCERTAINTY_ASSIGNED_CONTEXT ( ( #3412 ) ) GLOBAL_UNIT_ASSIGNED_CONTEXT ( ( #369, #2432, #4585 ) ) REPRESENTATION_CONTEXT ( 'NONE', 'WORKASPACE' ) );
#787 = CARTESIAN_POINT ( 'NONE',  ( -0.1030523823001928130, 0.06208090008760584755, 0.000000000000000000 ) ) ;
#788 = DIRECTION ( 'NONE',  ( 0.000000000000000000, -1.000000000000000000, 0.000000000000000000 ) ) ;
#789 = FILL_AREA_STYLE_COLOUR ( '', #594 ) ;
#790 = CARTESIAN_POINT ( 'NONE',  ( 0.1999999999999999833, -0.1999999999999991229, -0.02500000000000000139 ) ) ;
#791 = FACE_OUTER_BOUND ( 'NONE', #4446, .T. ) ;
#792 = VERTEX_POINT ( 'NONE', #4381 ) ;
#793 = CARTESIAN_POINT ( 'NONE',  ( -0.6000000000000000888, 0.4000000000000000222, -0.02500000000000000139 ) ) ;
#794 = CARTESIAN_POINT ( 'NONE',  ( -0.08919181524756045198, -0.07065783443735962344, 3.388131789017201356E-18 ) ) ;
#795 = CARTESIAN_POINT ( 'NONE',  ( 0.1118321260819006568, 0.06342811296840300539, 0.01000000000000000021 ) ) ;
#796 = LINE ( 'NONE', #447, #2523 ) ;
#797 = CARTESIAN_POINT ( 'NONE',  ( -0.04840484878414582498, 0.07934216556264037101, 0.01000000000000000021 ) ) ;
#798 = FILL_AREA_STYLE_COLOUR ( '', #1187 ) ;
#799 = ORIENTED_EDGE ( 'NONE', *, *, #1347, .T. ) ;
#800 = DIRECTION ( 'NONE',  ( -0.000000000000000000, -0.000000000000000000, 1.000000000000000000 ) ) ;
#801 = ORIENTED_EDGE ( 'NONE', *, *, #4280, .F. ) ;
#802 = LINE ( 'NONE', #30, #1107 ) ;
#803 = CARTESIAN_POINT ( 'NONE',  ( 0.09476794766432018735, -0.04875660772562975115, 0.01000000000000000021 ) ) ;
#804 = VECTOR ( 'NONE', #869, 1000.000000000000000 ) ;
#805 = ORIENTED_EDGE ( 'NONE', *, *, #1480, .F. ) ;
#806 = VECTOR ( 'NONE', #4407, 1000.000000000000000 ) ;
#807 = CARTESIAN_POINT ( 'NONE',  ( -0.1293278461622001663, -0.04218736473629212946, 6.776263578034402713E-18 ) ) ;
#808 = VECTOR ( 'NONE', #1232, 1000.000000000000000 ) ;
#809 = CARTESIAN_POINT ( 'NONE',  ( -0.1143051193319842146, 0.05940187691206784415, 0.000000000000000000 ) ) ;
#810 = CARTESIAN_POINT ( 'NONE',  ( 0.1764604051114162797, -0.02667682107042593925, 0.01000000000000000021 ) ) ;
#811 = EDGE_CURVE ( 'NONE', #3661, #1584, #3676, .T. ) ;
#812 = CARTESIAN_POINT ( 'NONE',  ( -0.1661392564739384847, -0.01794240553340393021, 0.01000000000000000021 ) ) ;
#813 =( GEOMETRIC_REPRESENTATION_CONTEXT ( 3 ) GLOBAL_UNCERTAINTY_ASSIGNED_CONTEXT ( ( #134 ) ) GLOBAL_UNIT_ASSIGNED_CONTEXT ( ( #3681, #4386, #186 ) ) REPRESENTATION_CONTEXT ( 'NONE', 'WORKASPACE' ) );
#814 = CARTESIAN_POINT ( 'NONE',  ( -0.2000000000000000944, 0.9999999999999995559, 0.000000000000000000 ) ) ;
#815 = ORIENTED_EDGE ( 'NONE', *, *, #1495, .T. ) ;
#816 = DIRECTION ( 'NONE',  ( 1.000000000000000000, 0.000000000000000000, -0.000000000000000000 ) ) ;
#817 = CARTESIAN_POINT ( 'NONE',  ( -0.2467089646378043122, 0.06104948263581110729, 0.01000000000000000021 ) ) ;
#818 = CARTESIAN_POINT ( 'NONE',  ( -0.9999999999999991118, -0.9999999999999995559, 0.6999999999999999556 ) ) ;
#819 = PRESENTATION_STYLE_ASSIGNMENT (( #3998 ) ) ;
#820 = CARTESIAN_POINT ( 'NONE',  ( -0.04840484878414582498, 0.07934216556264037101, 0.01000000000000000021 ) ) ;
#821 = EDGE_LOOP ( 'NONE', ( #4034, #3581, #3564, #2207 ) ) ;
#822 =( GEOMETRIC_REPRESENTATION_CONTEXT ( 3 ) GLOBAL_UNCERTAINTY_ASSIGNED_CONTEXT ( ( #1685 ) ) GLOBAL_UNIT_ASSIGNED_CONTEXT ( ( #2097, #1343, #115 ) ) REPRESENTATION_CONTEXT ( 'NONE', 'WORKASPACE' ) );
#823 = ADVANCED_FACE ( 'NONE', ( #2249 ), #1539, .T. ) ;
#824 = EDGE_LOOP ( 'NONE', ( #833, #4006, #388, #1311 ) ) ;
#825 = UNCERTAINTY_MEASURE_WITH_UNIT (LENGTH_MEASURE( 1.000000000000000082E-05 ), #738, 'distance_accuracy_value', 'NONE');
#826 = DIRECTION ( 'NONE',  ( -0.000000000000000000, -0.000000000000000000, -1.000000000000000000 ) ) ;
#827 = ORIENTED_EDGE ( 'NONE', *, *, #3155, .T. ) ;
#828 = CARTESIAN_POINT ( 'NONE',  ( 0.9999999999999988898, -0.3999999999999995226, -0.02500000000000000139 ) ) ;
#829 = CARTESIAN_POINT ( 'NONE',  ( -0.1287977602113476727, 0.05197172643136865194, 0.000000000000000000 ) ) ;
#830 = CARTESIAN_POINT ( 'NONE',  ( 0.1857993397548579340, 0.05369931564066379726, 0.000000000000000000 ) ) ;
#831 = CARTESIAN_POINT ( 'NONE',  ( 0.1484056548666715936, 0.06063563987990895632, 0.01000000000000000021 ) ) ;
#832 =( GEOMETRIC_REPRESENTATION_CONTEXT ( 3 ) GLOBAL_UNCERTAINTY_ASSIGNED_CONTEXT ( ( #3037 ) ) GLOBAL_UNIT_ASSIGNED_CONTEXT ( ( #2960, #1973, #2622 ) ) REPRESENTATION_CONTEXT ( 'NONE', 'WORKASPACE' ) );
#833 = ORIENTED_EDGE ( 'NONE', *, *, #2793, .T. ) ;
#834 = LINE ( 'NONE', #3315, #72 ) ;
#835 = PLANE ( 'NONE',  #3311 ) ;
#836 = SURFACE_STYLE_FILL_AREA ( #528 ) ;
#837 = SURFACE_STYLE_FILL_AREA ( #2233 ) ;
#838 = ORIENTED_EDGE ( 'NONE', *, *, #3722, .F. ) ;
#839 = LINE ( 'NONE', #1205, #3876 ) ;
#840 = LINE ( 'NONE', #2409, #4146 ) ;
#841 = CARTESIAN_POINT ( 'NONE',  ( -0.1489628374786472753, 0.003492482507773138518, 0.01000000000000000021 ) ) ;
#842 = B_SPLINE_CURVE_WITH_KNOTS ( 'NONE', 3,
 ( #396, #438, #3962, #2920, #3916, #2583, #1801, #3292, #1821, #2192, #829, #2870, #1468, #809, #2603, #787, #2940, #18, #4010 ),
 .UNSPECIFIED., .F., .F.,
 ( 4, 1, 1, 1, 1, 1, 1, 1, 1, 1, 1, 1, 1, 1, 1, 1, 4 ),
 ( 0.000000000000000000, 0.07430379644281587259, 0.1443936103644179736, 0.2104994961032798373, 0.2735426065034681775, 0.3338247445790735735, 0.3925296724085028388, 0.4500874545995854348, 0.5078206115557880596, 0.5654649127768465178, 0.6231487223336197312, 0.6812971927909353687, 0.7409134981565806966, 0.8018557521958579182, 0.8652412377209434124, 0.9309416570467443641, 1.000000000000000000 ),
 .UNSPECIFIED. ) ;
#843 = CARTESIAN_POINT ( 'NONE',  ( -0.2214421963451214392, -0.01212124907150596842, 0.01000000000000000021 ) ) ;
#844 = CARTESIAN_POINT ( 'NONE',  ( 0.5999999999999992006, 0.9999999999999995559, -0.02500000000000000139 ) ) ;
#845 = CARTESIAN_POINT ( 'NONE',  ( 0.2918390536548785552, 0.07934216556264037101, 0.01000000000000000021 ) ) ;
#846 = ORIENTED_EDGE ( 'NONE', *, *, #3762, .T. ) ;
#847 = CARTESIAN_POINT ( 'NONE',  ( -0.1678718608864626094, -0.01026285059206362080, 1.016439536705160407E-17 ) ) ;
#848 = CARTESIAN_POINT ( 'NONE',  ( 0.2021580250396445566, -0.001205703682131851898, 0.01000000000000000021 ) ) ;
#849 = DIRECTION ( 'NONE',  ( -1.000000000000000000, -5.421010862427527100E-16, 0.000000000000000000 ) ) ;
#850 = CARTESIAN_POINT ( 'NONE',  ( 0.1996522302568740914, -0.02164590142838602321, 6.776263578034402713E-18 ) ) ;
#851 = SURFACE_SIDE_STYLE ('',( #209 ) ) ;
#852 = ORIENTED_EDGE ( 'NONE', *, *, #3155, .F. ) ;
#853 = SURFACE_STYLE_FILL_AREA ( #3362 ) ;
#854 = UNCERTAINTY_MEASURE_WITH_UNIT (LENGTH_MEASURE( 1.000000000000000082E-05 ), #2044, 'distance_accuracy_value', 'NONE');
#855 = CARTESIAN_POINT ( 'NONE',  ( -0.1481264598966914314, 0.01904107949018084278, 6.776263578034402713E-18 ) ) ;
#856 = DIRECTION ( 'NONE',  ( 0.000000000000000000, 1.000000000000000000, 0.000000000000000000 ) ) ;
#857 = DIRECTION ( 'NONE',  ( -0.000000000000000000, -0.000000000000000000, 1.000000000000000000 ) ) ;
#858 = MECHANICAL_DESIGN_GEOMETRIC_PRESENTATION_REPRESENTATION (  '', ( #2208 ), #2048 ) ;
#859 = CARTESIAN_POINT ( 'NONE',  ( 0.2717171024353663977, -0.05419441980321328123, 0.01000000000000000021 ) ) ;
#860 = EDGE_CURVE ( 'NONE', #411, #981, #4053, .T. ) ;
#861 =( NAMED_UNIT ( * ) SI_UNIT ( $, .STERADIAN. ) SOLID_ANGLE_UNIT ( ) );
#862 = AXIS2_PLACEMENT_3D ( 'NONE', #4072, #4398, #1210 ) ;
#863 = CARTESIAN_POINT ( 'NONE',  ( 0.04122929755731759294, 0.01348850702605500218, 0.01000000000000000021 ) ) ;
#864 = B_SPLINE_CURVE_WITH_KNOTS ( 'NONE', 3,
 ( #4593, #1786, #1360, #2515, #4550, #2790, #1407, #3207, #1113, #3157, #1758 ),
 .UNSPECIFIED., .F., .F.,
 ( 4, 1, 1, 1, 1, 1, 1, 1, 4 ),
 ( 0.000000000000000000, 0.1124483899088008915, 0.2265276752126775817, 0.3444019493260279674, 0.4658649724874582843, 0.5916594493521163400, 0.7221684870248873400, 0.8586063875549263535, 1.000000000000000000 ),
 .UNSPECIFIED. ) ;
#865 = EDGE_CURVE ( 'NONE', #3377, #2322, #484, .T. ) ;
#866 = CARTESIAN_POINT ( 'NONE',  ( -0.01547801951585310240, 0.06287875092849402880, 0.000000000000000000 ) ) ;
#867 = EDGE_LOOP ( 'NONE', ( #743, #3216, #3112, #3559 ) ) ;
#868 = VECTOR ( 'NONE', #1342, 1000.000000000000000 ) ;
#869 = DIRECTION ( 'NONE',  ( -3.614007241618349264E-16, 1.000000000000000000, 0.000000000000000000 ) ) ;
#870 = DIRECTION ( 'NONE',  ( -0.000000000000000000, -0.000000000000000000, -1.000000000000000000 ) ) ;
#871 = LINE ( 'NONE', #2295, #3085 ) ;
#872 = ORIENTED_EDGE ( 'NONE', *, *, #811, .F. ) ;
#873 = CARTESIAN_POINT ( 'NONE',  ( -0.09695333117489036978, 0.06274904055424884719, 6.776263578034402713E-18 ) ) ;
#874 = ADVANCED_FACE ( 'NONE', ( #2643 ), #1895, .T. ) ;
#875 =( NAMED_UNIT ( * ) SI_UNIT ( $, .STERADIAN. ) SOLID_ANGLE_UNIT ( ) );
#876 = CARTESIAN_POINT ( 'NONE',  ( 0.1562216043953288114, 0.07584587973499638813, 1.355252715606880543E-17 ) ) ;
#877 = PRESENTATION_LAYER_ASSIGNMENT (  '', '', ( #4300 ) ) ;
#878 = CARTESIAN_POINT ( 'NONE',  ( -0.2020633853695116278, -0.07065783443735962344, 0.000000000000000000 ) ) ;
#879 =( GEOMETRIC_REPRESENTATION_CONTEXT ( 3 ) GLOBAL_UNCERTAINTY_ASSIGNED_CONTEXT ( ( #4523 ) ) GLOBAL_UNIT_ASSIGNED_CONTEXT ( ( #314, #2839, #1046 ) ) REPRESENTATION_CONTEXT ( 'NONE', 'WORKASPACE' ) );
#880 = DIRECTION ( 'NONE',  ( 0.000000000000000000, -0.000000000000000000, 1.000000000000000000 ) ) ;
#881 = CARTESIAN_POINT ( 'NONE',  ( 0.04122929755731759294, -0.05419441980321328123, 0.000000000000000000 ) ) ;
#882 = SURFACE_STYLE_FILL_AREA ( #2567 ) ;
#883 = EDGE_CURVE ( 'NONE', #4237, #1716, #165, .T. ) ;
#884 = EDGE_CURVE ( 'NONE', #2014, #427, #1507, .T. ) ;
#885 = COLOUR_RGB ( '',0.9686274509803921573, 0.8784313725490195957, 0.5999999999999999778 ) ;
#886 = CARTESIAN_POINT ( 'NONE',  ( 0.1733357766866929495, 0.03886845861999659035, 0.01000000000000000021 ) ) ;
#887 = CARTESIAN_POINT ( 'NONE',  ( 0.1969414756858688387, 0.03388757255091990467, 0.000000000000000000 ) ) ;
#888 = ORIENTED_EDGE ( 'NONE', *, *, #1904, .T. ) ;
#889 = CARTESIAN_POINT ( 'NONE',  ( -0.1282380555614738293, -0.06258087878059273579, 0.01000000000000000021 ) ) ;
#890 = CARTESIAN_POINT ( 'NONE',  ( -0.1293278461622001663, -0.04218736473629212946, 0.000000000000000000 ) ) ;
#891 = CARTESIAN_POINT ( 'NONE',  ( -0.1284740870639178856, 0.07172538471404379945, 1.016439536705160407E-17 ) ) ;
#892 = CARTESIAN_POINT ( 'NONE',  ( 0.1996522302568740914, -0.02164590142838602321, 0.01000000000000000021 ) ) ;
#893 = VECTOR ( 'NONE', #1829, 1000.000000000000000 ) ;
#894 = CARTESIAN_POINT ( 'NONE',  ( 0.1403532210952609383, -0.05511939015338256781, 0.01000000000000000021 ) ) ;
#895 = VERTEX_POINT ( 'NONE', #1648 ) ;
#896 = EDGE_CURVE ( 'NONE', #667, #3907, #2335, .T. ) ;
#897 = CARTESIAN_POINT ( 'NONE',  ( 0.2150097853621956434, -0.07065783443735962344, 0.000000000000000000 ) ) ;
#898 = EDGE_CURVE ( 'NONE', #4207, #2767, #958, .T. ) ;
#899 = COLOUR_RGB ( '',1.000000000000000000, 1.000000000000000000, 1.000000000000000000 ) ;
#900 = DIRECTION ( 'NONE',  ( 1.807003620809175125E-16, -1.000000000000000000, -0.000000000000000000 ) ) ;
#901 =( NAMED_UNIT ( * ) PLANE_ANGLE_UNIT ( ) SI_UNIT ( $, .RADIAN. ) );
#902 = ADVANCED_FACE ( 'NONE', ( #272 ), #2376, .T. ) ;
#903 = UNCERTAINTY_MEASURE_WITH_UNIT (LENGTH_MEASURE( 1.000000000000000082E-05 ), #3025, 'distance_accuracy_value', 'NONE');
#904 = DIRECTION ( 'NONE',  ( 0.3222024856061132536, -0.9466707760722532505, 0.000000000000000000 ) ) ;
#905 = FACE_OUTER_BOUND ( 'NONE', #2910, .T. ) ;
#906 = FILL_AREA_STYLE ('',( #3655 ) ) ;
#907 = CARTESIAN_POINT ( 'NONE',  ( -0.01547801951585310240, 0.06287875092849402880, 0.01000000000000000021 ) ) ;
#908 = MECHANICAL_DESIGN_GEOMETRIC_PRESENTATION_REPRESENTATION (  '', ( #4332 ), #4256 ) ;
#909 = DIRECTION ( 'NONE',  ( -0.000000000000000000, -0.000000000000000000, 1.000000000000000000 ) ) ;
#910 = CARTESIAN_POINT ( 'NONE',  ( 0.1030262010995349892, 0.06101698788076358876, 0.01000000000000000021 ) ) ;
#911 = PRESENTATION_STYLE_ASSIGNMENT (( #1321 ) ) ;
#912 =( NAMED_UNIT ( * ) PLANE_ANGLE_UNIT ( ) SI_UNIT ( $, .RADIAN. ) );
#913 = EDGE_CURVE ( 'NONE', #3256, #1098, #1299, .T. ) ;
#914 = EDGE_LOOP ( 'NONE', ( #2576, #2338, #309, #2177 ) ) ;
#915 = VERTEX_POINT ( 'NONE', #1953 ) ;
#916 = VERTEX_POINT ( 'NONE', #2663 ) ;
#917 = SURFACE_SIDE_STYLE ('',( #4105 ) ) ;
#918 = CARTESIAN_POINT ( 'NONE',  ( -0.9999999999999991118, -0.9999999999999995559, 0.6999999999999999556 ) ) ;
#919 = CARTESIAN_POINT ( 'NONE',  ( -0.9999999999999991118, -0.9999999999999995559, 0.6999999999999999556 ) ) ;
#920 = DIRECTION ( 'NONE',  ( -0.000000000000000000, 0.000000000000000000, -1.000000000000000000 ) ) ;
#921 = FACE_OUTER_BOUND ( 'NONE', #2929, .T. ) ;
#922 = ORIENTED_EDGE ( 'NONE', *, *, #1688, .T. ) ;
#923 = B_SPLINE_CURVE_WITH_KNOTS ( 'NONE', 3,
 ( #1265, #2407, #4422, #4473, #1286, #3814, #551, #3379, #4449, #2698, #3843 ),
 .UNSPECIFIED., .F., .F.,
 ( 4, 1, 1, 1, 1, 1, 1, 1, 4 ),
 ( 0.000000000000000000, 0.1451868664724697833, 0.2834426109197299426, 0.4165243659288289657, 0.5431811235350828548, 0.6651530826377138883, 0.7813602063127152997, 0.8927566556418089494, 1.000000000000000000 ),
 .UNSPECIFIED. ) ;
#924 = CARTESIAN_POINT ( 'NONE',  ( 0.2717171024353663977, -0.05419441980321328123, 0.01000000000000000021 ) ) ;
#925 = PRESENTATION_LAYER_ASSIGNMENT (  '', '', ( #4556 ) ) ;
#926 = CARTESIAN_POINT ( 'NONE',  ( -0.6000000000000001998, -0.9999999999999991118, 0.000000000000000000 ) ) ;
#927 = CARTESIAN_POINT ( 'NONE',  ( 0.1286278795905795580, 0.08110840010330529204, 0.01000000000000000021 ) ) ;
#928 = DIRECTION ( 'NONE',  ( 0.000000000000000000, 1.000000000000000000, 0.000000000000000000 ) ) ;
#929 = CARTESIAN_POINT ( 'NONE',  ( -0.2368194829304872406, 0.07934216556264037101, 0.000000000000000000 ) ) ;
#930 = LINE ( 'NONE', #1477, #4533 ) ;
#931 = CARTESIAN_POINT ( 'NONE',  ( 0.1812172778994969868, 0.01616074629156493206, 0.01000000000000000021 ) ) ;
#932 = VERTEX_POINT ( 'NONE', #3022 ) ;
#933 = CLOSED_SHELL ( 'NONE', ( #1082, #3016, #2742, #2068, #3368, #3015 ) ) ;
#934 = ORIENTED_EDGE ( 'NONE', *, *, #1118, .T. ) ;
#935 =( NAMED_UNIT ( * ) PLANE_ANGLE_UNIT ( ) SI_UNIT ( $, .RADIAN. ) );
#936 = FACE_OUTER_BOUND ( 'NONE', #4370, .T. ) ;
#937 = VECTOR ( 'NONE', #1373, 1000.000000000000000 ) ;
#938 = DIRECTION ( 'NONE',  ( 0.9315776194850602376, -0.3635424856527064708, 0.000000000000000000 ) ) ;
#939 = EDGE_LOOP ( 'NONE', ( #1883, #1955, #189, #1174, #1022, #1396, #339, #443, #324, #4373 ) ) ;
#940 = CARTESIAN_POINT ( 'NONE',  ( 0.1207698745243498267, 0.08113452568027995637, 6.776263578034402713E-18 ) ) ;
#941 = ORIENTED_EDGE ( 'NONE', *, *, #610, .F. ) ;
#942 = COLOUR_RGB ( '',0.9686274509803921573, 0.8784313725490195957, 0.5999999999999999778 ) ;
#943 = CARTESIAN_POINT ( 'NONE',  ( -0.1248113413744411787, -0.04541023761817704341, 0.01000000000000000021 ) ) ;
#944 = VECTOR ( 'NONE', #1993, 1000.000000000000000 ) ;
#945 = FACE_OUTER_BOUND ( 'NONE', #867, .T. ) ;
#946 =( NAMED_UNIT ( * ) PLANE_ANGLE_UNIT ( ) SI_UNIT ( $, .RADIAN. ) );
#947 = UNCERTAINTY_MEASURE_WITH_UNIT (LENGTH_MEASURE( 1.000000000000000082E-05 ), #2274, 'distance_accuracy_value', 'NONE');
#948 = EDGE_CURVE ( 'NONE', #4530, #1367, #1582, .T. ) ;
#949 = CARTESIAN_POINT ( 'NONE',  ( 0.1105977479981177236, -0.07040620276309685066, 0.01000000000000000021 ) ) ;
#950 = STYLED_ITEM ( 'NONE', ( #4002 ), #4137 ) ;
#951 = CARTESIAN_POINT ( 'NONE',  ( 0.9999999999999988898, -0.3999999999999995226, -0.02500000000000000139 ) ) ;
#952 = VECTOR ( 'NONE', #1448, 1000.000000000000000 ) ;
#953 = CARTESIAN_POINT ( 'NONE',  ( 0.1812172778994969868, 0.01616074629156493206, 0.000000000000000000 ) ) ;
#954 = VECTOR ( 'NONE', #3742, 1000.000000000000000 ) ;
#955 = VECTOR ( 'NONE', #2212, 1000.000000000000000 ) ;
#956 = LINE ( 'NONE', #1743, #4162 ) ;
#957 = B_SPLINE_CURVE_WITH_KNOTS ( 'NONE', 3,
 ( #2462, #689, #2831, #2105, #1008, #304, #3525, #4245, #659, #1400, #2082, #710, #1750, #1779, #3203, #3917, #1424, #2148, #1802 ),
 .UNSPECIFIED., .F., .F.,
 ( 4, 1, 1, 1, 1, 1, 1, 1, 1, 1, 1, 1, 1, 1, 1, 1, 4 ),
 ( 0.000000000000000000, 0.07064371857535416133, 0.1382567155089047262, 0.2033641242175800445, 0.2663240938030567717, 0.3279047615429894758, 0.3887377151730921909, 0.4494235281093024170, 0.5108610114593156171, 0.5720793960475146767, 0.6317344287314453632, 0.6911172105788376818, 0.7503600294901704437, 0.8100329005312620900, 0.8713624508287363124, 0.9344271412311533354, 1.000000000000000000 ),
 .UNSPECIFIED. ) ;
#958 = LINE ( 'NONE', #3789, #1534 ) ;
#959 = LINE ( 'NONE', #3790, #4016 ) ;
#960 = ORIENTED_EDGE ( 'NONE', *, *, #4052, .T. ) ;
#961 = PRESENTATION_LAYER_ASSIGNMENT (  '', '', ( #84 ) ) ;
#962 = VERTEX_POINT ( 'NONE', #4118 ) ;
#963 = STYLED_ITEM ( 'NONE', ( #1329 ), #2996 ) ;
#964 = CARTESIAN_POINT ( 'NONE',  ( -0.1661405381450021812, 0.02934761246862650427, 0.01000000000000000021 ) ) ;
#965 = VERTEX_POINT ( 'NONE', #4487 ) ;
#966 = CARTESIAN_POINT ( 'NONE',  ( -0.2460481528766919612, 0.05998134879257797231, 6.776263578034402713E-18 ) ) ;
#967 = ORIENTED_EDGE ( 'NONE', *, *, #1034, .F. ) ;
#968 = VECTOR ( 'NONE', #1603, 1000.000000000000000 ) ;
#969 = CARTESIAN_POINT ( 'NONE',  ( -0.1334331053901000874, -0.03848610562947483299, 0.01000000000000000021 ) ) ;
#970 = PRESENTATION_STYLE_ASSIGNMENT (( #4499 ) ) ;
#971 = VECTOR ( 'NONE', #3088, 1000.000000000000000 ) ;
#972 = CARTESIAN_POINT ( 'NONE',  ( 0.000000000000000000, 0.000000000000000000, 0.01000000000000000021 ) ) ;
#973 = B_SPLINE_CURVE_WITH_KNOTS ( 'NONE', 3,
 ( #1695, #2777, #3113, #2374, #33, #2937, #2527, #782, #457, #57, #1440, #1465, #1867, #117, #727, #3937, #2865, #4283, #3536 ),
 .UNSPECIFIED., .F., .F.,
 ( 4, 1, 1, 1, 1, 1, 1, 1, 1, 1, 1, 1, 1, 1, 1, 1, 4 ),
 ( 0.000000000000000000, 0.06863117867660142868, 0.1345664660386773626, 0.1983281540108812191, 0.2607897666408453552, 0.3219991514841584745, 0.3827217465030195442, 0.4435374740357288514, 0.5051334294849251227, 0.5662138747646719983, 0.6261058646175456932, 0.6853493221605165830, 0.7449958703477973510, 0.8054158418145627163, 0.8676362663459531444, 0.9323077823023293575, 1.000000000000000000 ),
 .UNSPECIFIED. ) ;
#974 = SURFACE_STYLE_FILL_AREA ( #2496 ) ;
#975 = FILL_AREA_STYLE_COLOUR ( '', #157 ) ;
#976 = VECTOR ( 'NONE', #542, 1000.000000000000000 ) ;
#977 = MANIFOLD_SOLID_BREP ( '凸台-拉伸3[4]', #3242 ) ;
#978 = CARTESIAN_POINT ( 'NONE',  ( 0.1241746739515493109, 0.08115893218998203318, 0.01000000000000000021 ) ) ;
#979 = SURFACE_SIDE_STYLE ('',( #2727 ) ) ;
#980 = ORIENTED_EDGE ( 'NONE', *, *, #2344, .F. ) ;
#981 = VERTEX_POINT ( 'NONE', #521 ) ;
#982 = CARTESIAN_POINT ( 'NONE',  ( -0.06852680000365800328, -0.05419441980321328123, 0.000000000000000000 ) ) ;
#983 = CARTESIAN_POINT ( 'NONE',  ( -0.1689596024229659266, 0.01426439861351509221, 1.016439536705160407E-17 ) ) ;
#984 = CARTESIAN_POINT ( 'NONE',  ( -0.1242982110435537080, 0.05490899195408623784, 0.01000000000000000021 ) ) ;
#985 = VERTEX_POINT ( 'NONE', #565 ) ;
#986 = CARTESIAN_POINT ( 'NONE',  ( -0.01181948293048725590, -0.002974907608091332655, 0.01000000000000000021 ) ) ;
#987 = PLANE ( 'NONE',  #3609 ) ;
#988 = CARTESIAN_POINT ( 'NONE',  ( 1.000000000000000000, -1.000000000000000000, 0.000000000000000000 ) ) ;
#989 = DIRECTION ( 'NONE',  ( -0.000000000000000000, -0.000000000000000000, -1.000000000000000000 ) ) ;
#990 = PRESENTATION_STYLE_ASSIGNMENT (( #3036 ) ) ;
#991 = UNCERTAINTY_MEASURE_WITH_UNIT (LENGTH_MEASURE( 1.000000000000000082E-05 ), #2189, 'distance_accuracy_value', 'NONE');
#992 = CARTESIAN_POINT ( 'NONE',  ( -0.2467089646378043122, 0.06104948263581110729, 6.776263578034402713E-18 ) ) ;
#993 = EDGE_CURVE ( 'NONE', #4306, #2242, #1937, .T. ) ;
#994 =( LENGTH_UNIT ( ) NAMED_UNIT ( * ) SI_UNIT ( .MILLI., .METRE. ) );
#995 = ORIENTED_EDGE ( 'NONE', *, *, #884, .T. ) ;
#996 = CARTESIAN_POINT ( 'NONE',  ( -0.1428483609846913083, 0.03584708877403599420, 0.01000000000000000021 ) ) ;
#997 = ADVANCED_FACE ( 'NONE', ( #179 ), #3720, .T. ) ;
#998 = ORIENTED_EDGE ( 'NONE', *, *, #219, .F. ) ;
#999 = LINE ( 'NONE', #4578, #2090 ) ;
#1000 = B_SPLINE_CURVE_WITH_KNOTS ( 'NONE', 3,
 ( #2738, #3009, #4153, #243, #2389, #4427, #3733, #943, #1246, #969, #2298, #1641, #1615, #3436, #265, #3059, #3361, #3079, #1660 ),
 .UNSPECIFIED., .F., .F.,
 ( 4, 1, 1, 1, 1, 1, 1, 1, 1, 1, 1, 1, 1, 1, 1, 1, 4 ),
 ( 0.000000000000000000, 0.07082657255516286443, 0.1381690332798000409, 0.2024753315338425896, 0.2639737544135197234, 0.3233803205980374518, 0.3817976227131853473, 0.4393900745193891622, 0.4969027245459973763, 0.5546621696093698706, 0.6127418784921973005, 0.6715388363911721781, 0.7316557220901981351, 0.7942978116139530753, 0.8594822049793584551, 0.9276813254527899177, 1.000000000000000000 ),
 .UNSPECIFIED. ) ;
#1001 = CARTESIAN_POINT ( 'NONE',  ( -0.01547801951585310240, 0.07934216556264037101, 0.01000000000000000021 ) ) ;
#1002 = CARTESIAN_POINT ( 'NONE',  ( -0.1211944892920969602, -0.06552645692255215648, 0.01000000000000000021 ) ) ;
#1003 = CARTESIAN_POINT ( 'NONE',  ( 0.9999999999999991118, 0.9999999999999995559, -0.02500000000000000139 ) ) ;
#1004 = ORIENTED_EDGE ( 'NONE', *, *, #1838, .F. ) ;
#1005 = ORIENTED_EDGE ( 'NONE', *, *, #3812, .F. ) ;
#1006 = CARTESIAN_POINT ( 'NONE',  ( 0.04122929755731759294, 0.01348850702605500218, 0.000000000000000000 ) ) ;
#1007 = EDGE_CURVE ( 'NONE', #284, #1768, #4540, .T. ) ;
#1008 = CARTESIAN_POINT ( 'NONE',  ( 0.1993279283367649368, 0.02641293864900335145, 0.01000000000000000021 ) ) ;
#1009 = SURFACE_STYLE_FILL_AREA ( #2508 ) ;
#1010 = EDGE_CURVE ( 'NONE', #323, #3408, #704, .T. ) ;
#1011 = CARTESIAN_POINT ( 'NONE',  ( -0.01181948293048725590, 0.01348850702605500218, 0.01000000000000000021 ) ) ;
#1012 = CARTESIAN_POINT ( 'NONE',  ( -0.1088320884150804496, 0.06098325994704258124, 0.01000000000000000021 ) ) ;
#1013 = ORIENTED_EDGE ( 'NONE', *, *, #2251, .F. ) ;
#1014 = CARTESIAN_POINT ( 'NONE',  ( 0.1596359296218436141, -0.04717802069556794459, 0.01000000000000000021 ) ) ;
#1015 = DIRECTION ( 'NONE',  ( 0.000000000000000000, -0.000000000000000000, 1.000000000000000000 ) ) ;
#1016 = VECTOR ( 'NONE', #236, 1000.000000000000000 ) ;
#1017 = PRESENTATION_STYLE_ASSIGNMENT (( #3820 ) ) ;
#1018 = DIRECTION ( 'NONE',  ( 1.000000000000000000, -0.000000000000000000, -0.000000000000000000 ) ) ;
#1019 =( NAMED_UNIT ( * ) SI_UNIT ( $, .STERADIAN. ) SOLID_ANGLE_UNIT ( ) );
#1020 = AXIS2_PLACEMENT_3D ( 'NONE', #3424, #4507, #3066 ) ;
#1021 = EDGE_CURVE ( 'NONE', #3752, #3034, #3463, .T. ) ;
#1022 = ORIENTED_EDGE ( 'NONE', *, *, #4508, .T. ) ;
#1023 = PRESENTATION_LAYER_ASSIGNMENT (  '', '', ( #950 ) ) ;
#1024 = CARTESIAN_POINT ( 'NONE',  ( -0.1059187488961593482, -0.06945731665045629111, 0.000000000000000000 ) ) ;
#1025 = ORIENTED_EDGE ( 'NONE', *, *, #2281, .F. ) ;
#1026 = VECTOR ( 'NONE', #2318, 1000.000000000000000 ) ;
#1027 = CARTESIAN_POINT ( 'NONE',  ( -0.1691365561012189711, 0.006228598489469635083, 0.000000000000000000 ) ) ;
#1028 = DIRECTION ( 'NONE',  ( -1.000000000000000000, -1.807003620809175125E-16, 0.000000000000000000 ) ) ;
#1029 = LINE ( 'NONE', #35, #4528 ) ;
#1030 = DIRECTION ( 'NONE',  ( -0.000000000000000000, -0.000000000000000000, -1.000000000000000000 ) ) ;
#1031 = VERTEX_POINT ( 'NONE', #3146 ) ;
#1032 = MECHANICAL_DESIGN_GEOMETRIC_PRESENTATION_REPRESENTATION (  '', ( #4073 ), #1471 ) ;
#1033 = ORIENTED_EDGE ( 'NONE', *, *, #2001, .T. ) ;
#1034 = EDGE_CURVE ( 'NONE', #2049, #3775, #3168, .T. ) ;
#1035 = SURFACE_STYLE_USAGE ( .BOTH. , #3839 ) ;
#1036 = DIRECTION ( 'NONE',  ( 0.000000000000000000, -0.000000000000000000, -1.000000000000000000 ) ) ;
#1037 = STYLED_ITEM ( 'NONE', ( #1323 ), #2678 ) ;
#1038 = ORIENTED_EDGE ( 'NONE', *, *, #948, .T. ) ;
#1039 = CARTESIAN_POINT ( 'NONE',  ( 0.1820412831163839285, 0.0005483749521771235161, 0.01000000000000000021 ) ) ;
#1040 = CARTESIAN_POINT ( 'NONE',  ( 0.1456056916419300740, -0.05389697863136090616, 6.776263578034402713E-18 ) ) ;
#1041 = B_SPLINE_SURFACE_WITH_KNOTS ( 'NONE', 3, 1, ( 
 ( #1891, #3670 ),
 ( #53, #3629 ),
 ( #495, #2552 ),
 ( #430, #4330 ),
 ( #2240, #2863 ),
 ( #3933, #1188 ),
 ( #2620, #4278 ),
 ( #476, #4027 ),
 ( #803, #1906 ),
 ( #780, #3325 ),
 ( #2888, #4305 ) ),
 .UNSPECIFIED., .F., .F., .F.,
 ( 4, 1, 1, 1, 1, 1, 1, 1, 4 ),
 ( 2, 2 ),
 ( 0.000000000000000000, 0.1352946047634291660, 0.2667656579247484339, 0.3948160188358723621, 0.5200516544342456138, 0.6421757029708219378, 0.7626518205584231769, 0.8818340043805017459, 1.000000000000000000 ),
 ( 0.000000000000000000, 1.000000000000000000 ),
 .UNSPECIFIED. ) ;
#1042 = CARTESIAN_POINT ( 'NONE',  ( -0.09064951341829213805, 0.06287875092849402880, 0.000000000000000000 ) ) ;
#1043 = DIRECTION ( 'NONE',  ( 1.000000000000000000, 0.000000000000000000, 0.000000000000000000 ) ) ;
#1044 = DIRECTION ( 'NONE',  ( 1.000000000000000000, 0.000000000000000000, -0.000000000000000000 ) ) ;
#1045 = STYLED_ITEM ( 'NONE', ( #4454 ), #3423 ) ;
#1046 =( NAMED_UNIT ( * ) SI_UNIT ( $, .STERADIAN. ) SOLID_ANGLE_UNIT ( ) );
#1047 = FILL_AREA_STYLE_COLOUR ( '', #2016 ) ;
#1048 = ORIENTED_EDGE ( 'NONE', *, *, #2640, .T. ) ;
#1049 = DIRECTION ( 'NONE',  ( 0.000000000000000000, -1.000000000000000000, 0.000000000000000000 ) ) ;
#1050 = CARTESIAN_POINT ( 'NONE',  ( -0.1468649303277140272, -0.04975787346999463456, 0.000000000000000000 ) ) ;
#1051 =( GEOMETRIC_REPRESENTATION_CONTEXT ( 3 ) GLOBAL_UNCERTAINTY_ASSIGNED_CONTEXT ( ( #1510 ) ) GLOBAL_UNIT_ASSIGNED_CONTEXT ( ( #2794, #1646, #3824 ) ) REPRESENTATION_CONTEXT ( 'NONE', 'WORKASPACE' ) );
#1052 = ORIENTED_EDGE ( 'NONE', *, *, #1236, .T. ) ;
#1053 = LINE ( 'NONE', #3217, #2621 ) ;
#1054 = STYLED_ITEM ( 'NONE', ( #3344 ), #4095 ) ;
#1055 = CARTESIAN_POINT ( 'NONE',  ( 0.2918390536548785552, 0.07934216556264037101, 0.01000000000000000021 ) ) ;
#1056 = CARTESIAN_POINT ( 'NONE',  ( 0.1540647165427256049, -0.06976529971912073802, 0.01000000000000000021 ) ) ;
#1057 = VERTEX_POINT ( 'NONE', #3493 ) ;
#1058 = ORIENTED_EDGE ( 'NONE', *, *, #2899, .T. ) ;
#1059 = CARTESIAN_POINT ( 'NONE',  ( -0.1059187488961593482, -0.06945731665045629111, 0.01000000000000000021 ) ) ;
#1060 = PLANE ( 'NONE',  #2806 ) ;
#1061 = EDGE_CURVE ( 'NONE', #276, #1350, #390, .T. ) ;
#1062 = SURFACE_SIDE_STYLE ('',( #2464 ) ) ;
#1063 = FACE_OUTER_BOUND ( 'NONE', #316, .T. ) ;
#1064 = ORIENTED_EDGE ( 'NONE', *, *, #338, .F. ) ;
#1065 = CARTESIAN_POINT ( 'NONE',  ( 0.000000000000000000, 0.000000000000000000, -0.02500000000000000139 ) ) ;
#1066 = CARTESIAN_POINT ( 'NONE',  ( 0.09195159930392045322, 0.05587838663331342465, 6.776263578034402713E-18 ) ) ;
#1067 = DIRECTION ( 'NONE',  ( -1.000000000000000000, 0.000000000000000000, 0.000000000000000000 ) ) ;
#1068 = CARTESIAN_POINT ( 'NONE',  ( 0.1831869349388442481, -0.05227348189625161817, 0.000000000000000000 ) ) ;
#1069 = B_SPLINE_CURVE_WITH_KNOTS ( 'NONE', 3,
 ( #408, #429, #3286, #3304, #3261, #4004, #2137, #1511, #4026, #3956, #3628, #4353, #2597, #1839, #83, #1527, #3582, #2185, #3557 ),
 .UNSPECIFIED., .F., .F.,
 ( 4, 1, 1, 1, 1, 1, 1, 1, 1, 1, 1, 1, 1, 1, 1, 1, 4 ),
 ( 0.000000000000000000, 0.07377411937406347375, 0.1440791147260412630, 0.2113485183089114094, 0.2760768857398837040, 0.3385209158196765267, 0.3998851166931335355, 0.4602540674652130792, 0.5205889643912476883, 0.5802076845630441682, 0.6386329085525456195, 0.6963645494905237321, 0.7540017746600127246, 0.8128056813744977127, 0.8727544255255601513, 0.9351819969782668718, 1.000000000000000000 ),
 .UNSPECIFIED. ) ;
#1070 = DIRECTION ( 'NONE',  ( 1.000000000000000000, 0.000000000000000000, -0.000000000000000000 ) ) ;
#1071 = CARTESIAN_POINT ( 'NONE',  ( -0.1999999999999999833, -0.9999999999999991118, -0.02500000000000000139 ) ) ;
#1072 = ORIENTED_EDGE ( 'NONE', *, *, #1569, .F. ) ;
#1073 = PLANE ( 'NONE',  #1621 ) ;
#1074 = CARTESIAN_POINT ( 'NONE',  ( -0.1690759760208221663, 0.003395460813517202706, -0.000000000000000000 ) ) ;
#1075 = ORIENTED_EDGE ( 'NONE', *, *, #1810, .F. ) ;
#1076 = CARTESIAN_POINT ( 'NONE',  ( 0.1733357766866929495, 0.03886845861999659035, 6.776263578034402713E-18 ) ) ;
#1077 = FACE_OUTER_BOUND ( 'NONE', #2074, .T. ) ;
#1078 = ORIENTED_EDGE ( 'NONE', *, *, #3076, .F. ) ;
#1079 = EDGE_LOOP ( 'NONE', ( #3641, #3142, #2595, #3835 ) ) ;
#1080 = CARTESIAN_POINT ( 'NONE',  ( -0.6000000000000003109, -0.3999999999999995226, -0.02500000000000000139 ) ) ;
#1081 = CARTESIAN_POINT ( 'NONE',  ( 0.1237371726983402254, -0.05595301692509740965, 0.000000000000000000 ) ) ;
#1082 = ADVANCED_FACE ( 'NONE', ( #1744 ), #4214, .F. ) ;
#1083 = FILL_AREA_STYLE_COLOUR ( '', #3554 ) ;
#1084 = DIRECTION ( 'NONE',  ( -0.000000000000000000, -0.000000000000000000, 1.000000000000000000 ) ) ;
#1085 = LINE ( 'NONE', #4227, #2800 ) ;
#1086 = VERTEX_POINT ( 'NONE', #2454 ) ;
#1087 = LINE ( 'NONE', #4520, #2882 ) ;
#1088 = CARTESIAN_POINT ( 'NONE',  ( 0.000000000000000000, 0.000000000000000000, -0.02500000000000000139 ) ) ;
#1089 = CARTESIAN_POINT ( 'NONE',  ( -0.2440488642028851296, 0.05121487165389858320, 0.01000000000000000021 ) ) ;
#1090 =( LENGTH_UNIT ( ) NAMED_UNIT ( * ) SI_UNIT ( .MILLI., .METRE. ) );
#1091 = PRESENTATION_STYLE_ASSIGNMENT (( #2912 ) ) ;
#1092 = ORIENTED_EDGE ( 'NONE', *, *, #898, .T. ) ;
#1093 = AXIS2_PLACEMENT_3D ( 'NONE', #845, #3333, #4033 ) ;
#1094 = LINE ( 'NONE', #2862, #1926 ) ;
#1095 = FACE_OUTER_BOUND ( 'NONE', #821, .T. ) ;
#1096 = EDGE_CURVE ( 'NONE', #4553, #1324, #729, .T. ) ;
#1097 = VECTOR ( 'NONE', #722, 1000.000000000000000 ) ;
#1098 = VERTEX_POINT ( 'NONE', #34 ) ;
#1099 = DIRECTION ( 'NONE',  ( 1.000000000000000000, 0.000000000000000000, 0.000000000000000000 ) ) ;
#1100 = MECHANICAL_DESIGN_GEOMETRIC_PRESENTATION_REPRESENTATION (  '', ( #2246 ), #4218 ) ;
#1101 = CARTESIAN_POINT ( 'NONE',  ( -0.1481516163375760642, -0.007525058293954786995, 0.01000000000000000021 ) ) ;
#1102 = FILL_AREA_STYLE_COLOUR ( '', #1193 ) ;
#1103 = CARTESIAN_POINT ( 'NONE',  ( -0.1520850290467666566, 0.05443150924966363297, 0.000000000000000000 ) ) ;
#1104 = EDGE_CURVE ( 'NONE', #3863, #320, #2100, .T. ) ;
#1105 = CARTESIAN_POINT ( 'NONE',  ( -0.1469212747338673741, -0.01366431277717045784, 0.000000000000000000 ) ) ;
#1106 = APPLICATION_PROTOCOL_DEFINITION ( 'draft international standard', 'automotive_design', 1998, #1700 ) ;
#1107 = VECTOR ( 'NONE', #3932, 1000.000000000000000 ) ;
#1108 = CARTESIAN_POINT ( 'NONE',  ( 0.04122929755731759294, -0.05419441980321328123, 0.01000000000000000021 ) ) ;
#1109 = CARTESIAN_POINT ( 'NONE',  ( 0.1145133355418483379, -0.07121785373817692000, 6.776263578034402713E-18 ) ) ;
#1110 = ORIENTED_EDGE ( 'NONE', *, *, #402, .F. ) ;
#1111 = CARTESIAN_POINT ( 'NONE',  ( 0.09061954145975661956, 0.05510436068459157594, 0.000000000000000000 ) ) ;
#1112 = COLOUR_RGB ( '',0.9686274509803921573, 0.8784313725490195957, 0.5999999999999999778 ) ;
#1113 = CARTESIAN_POINT ( 'NONE',  ( 0.1259008372668228848, -0.07241683169790388841, 0.01000000000000000021 ) ) ;
#1114 = FACE_OUTER_BOUND ( 'NONE', #1817, .T. ) ;
#1115 = FILL_AREA_STYLE_COLOUR ( '', #4519 ) ;
#1116 = CARTESIAN_POINT ( 'NONE',  ( 0.06135124877682977124, 0.07934216556264037101, 0.000000000000000000 ) ) ;
#1117 = VERTEX_POINT ( 'NONE', #2264 ) ;
#1118 = EDGE_CURVE ( 'NONE', #293, #1768, #2602, .T. ) ;
#1119 = PLANE ( 'NONE',  #224 ) ;
#1120 = CARTESIAN_POINT ( 'NONE',  ( 0.000000000000000000, 0.000000000000000000, 0.000000000000000000 ) ) ;
#1121 = PRESENTATION_LAYER_ASSIGNMENT (  '', '', ( #2830 ) ) ;
#1122 = VERTEX_POINT ( 'NONE', #1819 ) ;
#1123 = SURFACE_STYLE_FILL_AREA ( #3195 ) ;
#1124 =( GEOMETRIC_REPRESENTATION_CONTEXT ( 3 ) GLOBAL_UNCERTAINTY_ASSIGNED_CONTEXT ( ( #3457 ) ) GLOBAL_UNIT_ASSIGNED_CONTEXT ( ( #630, #2022, #2398 ) ) REPRESENTATION_CONTEXT ( 'NONE', 'WORKASPACE' ) );
#1125 = CARTESIAN_POINT ( 'NONE',  ( -0.1370923169740203285, -0.03432489102166941253, 0.01000000000000000021 ) ) ;
#1126 = CARTESIAN_POINT ( 'NONE',  ( 0.1606982859783198936, -0.06752443857233056401, 0.01000000000000000021 ) ) ;
#1127 = COLOUR_RGB ( '',0.9686274509803921573, 0.8784313725490195957, 0.5999999999999999778 ) ;
#1128 = LINE ( 'NONE', #3987, #3297 ) ;
#1129 = CARTESIAN_POINT ( 'NONE',  ( 0.1637332933128197721, -0.04391950164719013450, 6.776263578034402713E-18 ) ) ;
#1130 =( NAMED_UNIT ( * ) PLANE_ANGLE_UNIT ( ) SI_UNIT ( $, .RADIAN. ) );
#1131 =( NAMED_UNIT ( * ) PLANE_ANGLE_UNIT ( ) SI_UNIT ( $, .RADIAN. ) );
#1132 = CARTESIAN_POINT ( 'NONE',  ( 0.2717171024353663977, -0.05419441980321328123, 0.000000000000000000 ) ) ;
#1133 = CARTESIAN_POINT ( 'NONE',  ( 0.09061954145975663344, -0.06288344419345719138, 6.776263578034402713E-18 ) ) ;
#1134 = ORIENTED_EDGE ( 'NONE', *, *, #4524, .T. ) ;
#1135 = DIRECTION ( 'NONE',  ( -0.000000000000000000, -0.000000000000000000, 1.000000000000000000 ) ) ;
#1136 = CARTESIAN_POINT ( 'NONE',  ( 0.1948750820191068045, -0.03514325247035442190, 0.01000000000000000021 ) ) ;
#1137 = FACE_OUTER_BOUND ( 'NONE', #3235, .T. ) ;
#1138 = FILL_AREA_STYLE ('',( #2881 ) ) ;
#1139 = FACE_OUTER_BOUND ( 'NONE', #3924, .T. ) ;
#1140 = EDGE_LOOP ( 'NONE', ( #2109, #3514, #2693, #2209 ) ) ;
#1141 =( GEOMETRIC_REPRESENTATION_CONTEXT ( 3 ) GLOBAL_UNCERTAINTY_ASSIGNED_CONTEXT ( ( #3082 ) ) GLOBAL_UNIT_ASSIGNED_CONTEXT ( ( #1453, #403, #2227 ) ) REPRESENTATION_CONTEXT ( 'NONE', 'WORKASPACE' ) );
#1142 = ORIENTED_EDGE ( 'NONE', *, *, #2662, .F. ) ;
#1143 = CARTESIAN_POINT ( 'NONE',  ( -1.000000000000000000, 1.000000000000000000, -0.02500000000000000139 ) ) ;
#1144 = ORIENTED_EDGE ( 'NONE', *, *, #1696, .T. ) ;
#1145 = EDGE_CURVE ( 'NONE', #4361, #4127, #3938, .T. ) ;
#1146 =( LENGTH_UNIT ( ) NAMED_UNIT ( * ) SI_UNIT ( .MILLI., .METRE. ) );
#1147 = CARTESIAN_POINT ( 'NONE',  ( -0.1089628644935190099, -0.05207799471984182055, 0.01000000000000000021 ) ) ;
#1148 = ADVANCED_FACE ( 'NONE', ( #2919 ), #1556, .T. ) ;
#1149 = CARTESIAN_POINT ( 'NONE',  ( 0.2150097853621956434, -0.07065783443735962344, 0.01000000000000000021 ) ) ;
#1150 = CARTESIAN_POINT ( 'NONE',  ( 0.1785361208897568441, -0.02146267015894617880, 0.01000000000000000021 ) ) ;
#1151 = CARTESIAN_POINT ( 'NONE',  ( 0.09061954145975663344, -0.06288344419345719138, 0.01000000000000000021 ) ) ;
#1152 = B_SPLINE_SURFACE_WITH_KNOTS ( 'NONE', 3, 1, ( 
 ( #2340, #4403 ),
 ( #4123, #2668 ),
 ( #1652, #2290 ),
 ( #1634, #847 ),
 ( #4470, #2270 ),
 ( #3678, #4079 ),
 ( #3053, #1918 ),
 ( #3725, #3335 ),
 ( #3030, #168 ),
 ( #3355, #1608 ),
 ( #4056, #183 ),
 ( #1585, #3004 ),
 ( #889, #2316 ),
 ( #549, #205 ),
 ( #1264, #2027 ),
 ( #1059, #2404 ),
 ( #2381, #1749 ),
 ( #1352, #1672 ),
 ( #2781, #3811 ) ),
 .UNSPECIFIED., .F., .F., .F.,
 ( 4, 1, 1, 1, 1, 1, 1, 1, 1, 1, 1, 1, 1, 1, 1, 1, 4 ),
 ( 2, 2 ),
 ( 0.000000000000000000, 0.06806869584499398995, 0.1334274328189550829, 0.1961460338131565395, 0.2570485924493127738, 0.3168826631591620813, 0.3761872086663216042, 0.4359603353635461143, 0.4965352368627262702, 0.5574653434807333996, 0.6176868634101471134, 0.6779436406969063800, 0.7388052848060405742, 0.8009493367665843078, 0.8648146674702267278, 0.9310247810786573819, 1.000000000000000000 ),
 ( 0.000000000000000000, 1.000000000000000000 ),
 .UNSPECIFIED. ) ;
#1153 = VERTEX_POINT ( 'NONE', #58 ) ;
#1154 = EDGE_CURVE ( 'NONE', #2322, #4141, #1869, .T. ) ;
#1155 = CARTESIAN_POINT ( 'NONE',  ( 0.09877471462689203785, 0.05934596715465027122, 0.000000000000000000 ) ) ;
#1156 = DIRECTION ( 'NONE',  ( -0.000000000000000000, -0.000000000000000000, -1.000000000000000000 ) ) ;
#1157 = CARTESIAN_POINT ( 'NONE',  ( 0.1241643896862700824, 0.06468408813172613070, 0.01000000000000000021 ) ) ;
#1158 = FILL_AREA_STYLE ('',( #4345 ) ) ;
#1159 = CARTESIAN_POINT ( 'NONE',  ( 0.04122929755731759294, -0.05419441980321328123, 0.01000000000000000021 ) ) ;
#1160 = ORIENTED_EDGE ( 'NONE', *, *, #4203, .F. ) ;
#1161 = FILL_AREA_STYLE_COLOUR ( '', #2218 ) ;
#1162 = ORIENTED_EDGE ( 'NONE', *, *, #1289, .T. ) ;
#1163 = CARTESIAN_POINT ( 'NONE',  ( 0.9999999999999991118, -0.9999999999999995559, 0.2000000000000000111 ) ) ;
#1164 = MECHANICAL_DESIGN_GEOMETRIC_PRESENTATION_REPRESENTATION (  '', ( #431 ), #54 ) ;
#1165 = ORIENTED_EDGE ( 'NONE', *, *, #1580, .T. ) ;
#1166 = VECTOR ( 'NONE', #22, 1000.000000000000000 ) ;
#1167 = CARTESIAN_POINT ( 'NONE',  ( 0.1431429301688784128, 0.06247819747174305355, 0.000000000000000000 ) ) ;
#1168 = PRESENTATION_LAYER_ASSIGNMENT (  '', '', ( #2434 ) ) ;
#1169 = VECTOR ( 'NONE', #352, 1000.000000000000000 ) ;
#1170 = CARTESIAN_POINT ( 'NONE',  ( -0.04840484878414582498, 0.07934216556264037101, 0.01000000000000000021 ) ) ;
#1171 = CARTESIAN_POINT ( 'NONE',  ( 0.2150097853621956434, -0.05419441980321328123, 0.01000000000000000021 ) ) ;
#1172 =( GEOMETRIC_REPRESENTATION_CONTEXT ( 3 ) GLOBAL_UNCERTAINTY_ASSIGNED_CONTEXT ( ( #4395 ) ) GLOBAL_UNIT_ASSIGNED_CONTEXT ( ( #1183, #492, #1903 ) ) REPRESENTATION_CONTEXT ( 'NONE', 'WORKASPACE' ) );
#1173 = CARTESIAN_POINT ( 'NONE',  ( 0.1317655995348870068, 0.06457861280940027648, 0.01000000000000000021 ) ) ;
#1174 = ORIENTED_EDGE ( 'NONE', *, *, #3063, .T. ) ;
#1175 = CARTESIAN_POINT ( 'NONE',  ( -0.01181948293048725590, 0.01348850702605500218, 0.000000000000000000 ) ) ;
#1176 = VECTOR ( 'NONE', #1729, 1000.000000000000000 ) ;
#1177 = DIRECTION ( 'NONE',  ( 0.000000000000000000, 1.000000000000000000, 0.000000000000000000 ) ) ;
#1178 = DIRECTION ( 'NONE',  ( -0.000000000000000000, -0.000000000000000000, -1.000000000000000000 ) ) ;
#1179 = CARTESIAN_POINT ( 'NONE',  ( 0.2022049073134151442, 0.001512516172396473390, 6.776263578034402713E-18 ) ) ;
#1180 = FILL_AREA_STYLE ('',( #1115 ) ) ;
#1181 = ORIENTED_EDGE ( 'NONE', *, *, #2323, .F. ) ;
#1182 = EDGE_CURVE ( 'NONE', #4294, #2953, #2556, .T. ) ;
#1183 =( LENGTH_UNIT ( ) NAMED_UNIT ( * ) SI_UNIT ( .MILLI., .METRE. ) );
#1184 = ORIENTED_EDGE ( 'NONE', *, *, #718, .F. ) ;
#1185 = UNCERTAINTY_MEASURE_WITH_UNIT (LENGTH_MEASURE( 1.000000000000000082E-05 ), #321, 'distance_accuracy_value', 'NONE');
#1186 = CARTESIAN_POINT ( 'NONE',  ( -0.3154780195158531364, -0.07065783443735962344, 0.01000000000000000021 ) ) ;
#1187 = COLOUR_RGB ( '',1.000000000000000000, 1.000000000000000000, 1.000000000000000000 ) ;
#1188 = CARTESIAN_POINT ( 'NONE',  ( 0.1084547434768734081, -0.05368158057722197118, 6.776263578034402713E-18 ) ) ;
#1189 = VECTOR ( 'NONE', #4286, 1000.000000000000000 ) ;
#1190 = STYLED_ITEM ( 'NONE', ( #4531 ), #1358 ) ;
#1191 = PRODUCT_DEFINITION_SHAPE ( 'NONE', 'NONE',  #1772 ) ;
#1192 = CARTESIAN_POINT ( 'NONE',  ( -0.1488622515459346873, -0.0009908424995391793607, 0.01000000000000000021 ) ) ;
#1193 = COLOUR_RGB ( '',0.9686274509803921573, 0.8784313725490195957, 0.5999999999999999778 ) ;
#1194 = DIRECTION ( 'NONE',  ( -0.000000000000000000, -0.000000000000000000, -1.000000000000000000 ) ) ;
#1195 = CARTESIAN_POINT ( 'NONE',  ( 0.1277796134223599667, 0.06466431880828030221, 0.01000000000000000021 ) ) ;
#1196 = VECTOR ( 'NONE', #800, 1000.000000000000000 ) ;
#1197 = ORIENTED_EDGE ( 'NONE', *, *, #3024, .T. ) ;
#1198 = DIRECTION ( 'NONE',  ( -0.3393303772748775815, -0.9406672605435404400, 0.000000000000000000 ) ) ;
#1199 = CARTESIAN_POINT ( 'NONE',  ( 0.1781791882400857729, -0.05699660555117222471, 0.01000000000000000021 ) ) ;
#1200 = CARTESIAN_POINT ( 'NONE',  ( -0.2000000000000000944, 0.9999999999999995559, 0.000000000000000000 ) ) ;
#1201 = CARTESIAN_POINT ( 'NONE',  ( 0.1975599352440480516, -0.02859646876725879458, 6.776263578034402713E-18 ) ) ;
#1202 = CARTESIAN_POINT ( 'NONE',  ( 0.2918390536548785552, -0.07065783443735962344, 0.01000000000000000021 ) ) ;
#1203 = EDGE_LOOP ( 'NONE', ( #3165, #2403, #1341, #3540 ) ) ;
#1204 = APPLICATION_PROTOCOL_DEFINITION ( 'draft international standard', 'automotive_design', 1998, #4233 ) ;
#1205 = CARTESIAN_POINT ( 'NONE',  ( 0.5999999999999992006, 0.9999999999999995559, 0.000000000000000000 ) ) ;
#1206 = CARTESIAN_POINT ( 'NONE',  ( -0.1488698920268994308, 0.01256392831010323154, 0.01000000000000000021 ) ) ;
#1207 = CARTESIAN_POINT ( 'NONE',  ( -0.2569414341499994814, 0.07934216556264037101, 0.000000000000000000 ) ) ;
#1208 = EDGE_CURVE ( 'NONE', #4490, #3477, #2191, .T. ) ;
#1209 = CARTESIAN_POINT ( 'NONE',  ( 0.04122929755731759294, -0.002974907608091332655, 0.01000000000000000021 ) ) ;
#1210 = DIRECTION ( 'NONE',  ( 0.3536223923290754967, -0.9353882635801357148, 0.000000000000000000 ) ) ;
#1211 = FACE_OUTER_BOUND ( 'NONE', #1866, .T. ) ;
#1212 = CARTESIAN_POINT ( 'NONE',  ( 0.1259187030451224820, 0.08117143385532328559, 0.000000000000000000 ) ) ;
#1213 = CARTESIAN_POINT ( 'NONE',  ( 0.000000000000000000, 0.000000000000000000, -0.02500000000000000139 ) ) ;
#1214 = VERTEX_POINT ( 'NONE', #3290 ) ;
#1215 = EDGE_CURVE ( 'NONE', #895, #932, #2848, .T. ) ;
#1216 = FILL_AREA_STYLE_COLOUR ( '', #3726 ) ;
#1217 = PRESENTATION_STYLE_ASSIGNMENT (( #4404 ) ) ;
#1218 = CARTESIAN_POINT ( 'NONE',  ( -0.9999999999999997780, -0.9999999999999991118, 0.2000000000000000111 ) ) ;
#1219 = CARTESIAN_POINT ( 'NONE',  ( 0.2020662813756894105, -0.006524973180672519364, 6.776263578034402713E-18 ) ) ;
#1220 = FILL_AREA_STYLE ('',( #2633 ) ) ;
#1221 = VERTEX_POINT ( 'NONE', #4115 ) ;
#1222 = CARTESIAN_POINT ( 'NONE',  ( -0.9999999999999991118, -0.9999999999999995559, 0.2000000000000000111 ) ) ;
#1223 = UNCERTAINTY_MEASURE_WITH_UNIT (LENGTH_MEASURE( 1.000000000000000082E-05 ), #2986, 'distance_accuracy_value', 'NONE');
#1224 = CARTESIAN_POINT ( 'NONE',  ( -0.1490146048817067859, 0.005799863733372073726, 6.776263578034402713E-18 ) ) ;
#1225 = CARTESIAN_POINT ( 'NONE',  ( 0.1752136103728707539, 0.06448061551889758269, 1.355252715606880543E-17 ) ) ;
#1226 = ADVANCED_FACE ( 'NONE', ( #2372 ), #518, .T. ) ;
#1227 = CARTESIAN_POINT ( 'NONE',  ( -0.1999999999999999833, 0.3999999999999999667, -0.02500000000000000139 ) ) ;
#1228 = CARTESIAN_POINT ( 'NONE',  ( 0.1760832817198366984, 0.03376453160682916371, 0.000000000000000000 ) ) ;
#1229 = ADVANCED_FACE ( 'NONE', ( #3785 ), #1557, .T. ) ;
#1230 = VECTOR ( 'NONE', #4339, 1000.000000000000000 ) ;
#1231 = LINE ( 'NONE', #2660, #2071 ) ;
#1232 = DIRECTION ( 'NONE',  ( -1.000000000000000000, 0.000000000000000000, 0.000000000000000000 ) ) ;
#1233 = COLOUR_RGB ( '',1.000000000000000000, 1.000000000000000000, 1.000000000000000000 ) ;
#1234 = FACE_OUTER_BOUND ( 'NONE', #3127, .T. ) ;
#1235 = EDGE_CURVE ( 'NONE', #1656, #1464, #1974, .T. ) ;
#1236 = EDGE_CURVE ( 'NONE', #3069, #2337, #2659, .T. ) ;
#1237 = ORIENTED_EDGE ( 'NONE', *, *, #4163, .F. ) ;
#1238 = EDGE_CURVE ( 'NONE', #293, #70, #3417, .T. ) ;
#1239 = LINE ( 'NONE', #2645, #3438 ) ;
#1240 = CARTESIAN_POINT ( 'NONE',  ( -0.09208076153890612514, -0.05414556346569490003, -0.000000000000000000 ) ) ;
#1241 = CARTESIAN_POINT ( 'NONE',  ( -0.1605552562339389866, 0.04275797250977034919, 0.01000000000000000021 ) ) ;
#1242 = MECHANICAL_DESIGN_GEOMETRIC_PRESENTATION_REPRESENTATION (  '', ( #1911 ), #3921 ) ;
#1243 = LINE ( 'NONE', #1159, #87 ) ;
#1244 = DIRECTION ( 'NONE',  ( -1.000000000000000000, 1.807003620809175125E-16, 0.000000000000000000 ) ) ;
#1245 = EDGE_LOOP ( 'NONE', ( #2564, #4534, #44, #1989 ) ) ;
#1246 = CARTESIAN_POINT ( 'NONE',  ( -0.1293278461622001663, -0.04218736473629212946, 0.01000000000000000021 ) ) ;
#1247 = CARTESIAN_POINT ( 'NONE',  ( 0.2020662813756894105, -0.006524973180672519364, 0.000000000000000000 ) ) ;
#1248 = FACE_OUTER_BOUND ( 'NONE', #4560, .T. ) ;
#1249 =( LENGTH_UNIT ( ) NAMED_UNIT ( * ) SI_UNIT ( .MILLI., .METRE. ) );
#1250 = LINE ( 'NONE', #2704, #1694 ) ;
#1251 = VECTOR ( 'NONE', #2351, 1000.000000000000227 ) ;
#1252 = B_SPLINE_CURVE_WITH_KNOTS ( 'NONE', 3,
 ( #2045, #978, #3049, #4466, #2754, #566, #2024, #1954, #2708, #1668, #3396 ),
 .UNSPECIFIED., .F., .F.,
 ( 4, 1, 1, 1, 1, 1, 1, 1, 4 ),
 ( 0.000000000000000000, 0.1451868664724697833, 0.2834426109197299426, 0.4165243659288289657, 0.5431811235350828548, 0.6651530826377138883, 0.7813602063127152997, 0.8927566556418089494, 1.000000000000000000 ),
 .UNSPECIFIED. ) ;
#1253 = ADVANCED_FACE ( 'NONE', ( #2721 ), #1999, .F. ) ;
#1254 = PRESENTATION_STYLE_ASSIGNMENT (( #479 ) ) ;
#1255 = CARTESIAN_POINT ( 'NONE',  ( -0.1490146048817067859, 0.005799863733372073726, 0.01000000000000000021 ) ) ;
#1256 = AXIS2_PLACEMENT_3D ( 'NONE', #3613, #2509, #1403 ) ;
#1257 = CARTESIAN_POINT ( 'NONE',  ( 0.1073878218327730116, 0.06235093800521622487, 0.01000000000000000021 ) ) ;
#1258 =( GEOMETRIC_REPRESENTATION_CONTEXT ( 3 ) GLOBAL_UNCERTAINTY_ASSIGNED_CONTEXT ( ( #1273 ) ) GLOBAL_UNIT_ASSIGNED_CONTEXT ( ( #4100, #912, #590 ) ) REPRESENTATION_CONTEXT ( 'NONE', 'WORKASPACE' ) );
#1259 = CARTESIAN_POINT ( 'NONE',  ( 0.2918390536548785552, 0.07934216556264037101, 0.01000000000000000021 ) ) ;
#1260 = CARTESIAN_POINT ( 'NONE',  ( 0.1999999999999999833, -0.1999999999999991229, 0.000000000000000000 ) ) ;
#1261 = EDGE_LOOP ( 'NONE', ( #2856, #1287, #1038, #2234, #1892, #3200 ) ) ;
#1262 = EDGE_LOOP ( 'NONE', ( #1355, #1142, #4469, #1422 ) ) ;
#1263 = EDGE_LOOP ( 'NONE', ( #2256, #55, #4150, #1862 ) ) ;
#1264 = CARTESIAN_POINT ( 'NONE',  ( -0.1137654525560780200, -0.06786506988204488167, 0.01000000000000000021 ) ) ;
#1265 = CARTESIAN_POINT ( 'NONE',  ( 0.1259187030451224820, 0.08117143385532328559, 0.000000000000000000 ) ) ;
#1266 = PLANE ( 'NONE',  #1256 ) ;
#1267 = COLOUR_RGB ( '',0.9686274509803921573, 0.8784313725490195957, 0.5999999999999999778 ) ;
#1268 = CARTESIAN_POINT ( 'NONE',  ( 0.1291199225573175791, -0.05602368809589620968, 0.01000000000000000021 ) ) ;
#1269 = EDGE_LOOP ( 'NONE', ( #2012, #1184, #1800, #2422 ) ) ;
#1270 = LINE ( 'NONE', #1222, #2958 ) ;
#1271 =( GEOMETRIC_REPRESENTATION_CONTEXT ( 3 ) GLOBAL_UNCERTAINTY_ASSIGNED_CONTEXT ( ( #493 ) ) GLOBAL_UNIT_ASSIGNED_CONTEXT ( ( #357, #750, #406 ) ) REPRESENTATION_CONTEXT ( 'NONE', 'WORKASPACE' ) );
#1272 = SURFACE_STYLE_FILL_AREA ( #2769 ) ;
#1273 = UNCERTAINTY_MEASURE_WITH_UNIT (LENGTH_MEASURE( 1.000000000000000082E-05 ), #4100, 'distance_accuracy_value', 'NONE');
#1274 = CARTESIAN_POINT ( 'NONE',  ( 0.2009954570972832533, 0.01849383933072406422, 0.01000000000000000021 ) ) ;
#1275 = FILL_AREA_STYLE_COLOUR ( '', #1267 ) ;
#1276 = CARTESIAN_POINT ( 'NONE',  ( -0.1481264598966914314, 0.01904107949018084278, 0.01000000000000000021 ) ) ;
#1277 = CARTESIAN_POINT ( 'NONE',  ( 0.2000000000000000944, 0.9999999999999995559, -0.02500000000000000139 ) ) ;
#1278 = CARTESIAN_POINT ( 'NONE',  ( 0.09061954145975661956, 0.05510436068459157594, 0.01000000000000000021 ) ) ;
#1279 = CARTESIAN_POINT ( 'NONE',  ( 0.1820310089219862593, 0.005058469447965557343, 0.01000000000000000021 ) ) ;
#1280 = CARTESIAN_POINT ( 'NONE',  ( -0.08919181524756045198, -0.07065783443735962344, 0.01000000000000000021 ) ) ;
#1281 = ORIENTED_EDGE ( 'NONE', *, *, #3553, .F. ) ;
#1282 = VERTEX_POINT ( 'NONE', #1597 ) ;
#1283 = DIRECTION ( 'NONE',  ( 1.000000000000000000, -0.000000000000000000, 0.000000000000000000 ) ) ;
#1284 = EDGE_CURVE ( 'NONE', #985, #3770, #466, .T. ) ;
#1285 = CARTESIAN_POINT ( 'NONE',  ( 0.2918390536548785552, 0.07934216556264037101, 0.000000000000000000 ) ) ;
#1286 = CARTESIAN_POINT ( 'NONE',  ( 0.1110128962098437394, 0.08039590948268725279, 0.000000000000000000 ) ) ;
#1287 = ORIENTED_EDGE ( 'NONE', *, *, #3840, .T. ) ;
#1288 = CARTESIAN_POINT ( 'NONE',  ( 0.09061954145975661956, 0.07522631190410378199, 6.776263578034402713E-18 ) ) ;
#1289 = EDGE_CURVE ( 'NONE', #3955, #1350, #1740, .T. ) ;
#1290 = ORIENTED_EDGE ( 'NONE', *, *, #1870, .T. ) ;
#1291 = CARTESIAN_POINT ( 'NONE',  ( -0.2163831262231701580, -0.02858466370565231063, 0.01000000000000000021 ) ) ;
#1292 =( NAMED_UNIT ( * ) SI_UNIT ( $, .STERADIAN. ) SOLID_ANGLE_UNIT ( ) );
#1293 =( LENGTH_UNIT ( ) NAMED_UNIT ( * ) SI_UNIT ( .MILLI., .METRE. ) );
#1294 = CARTESIAN_POINT ( 'NONE',  ( -0.2478497403214207084, 0.05485365079496448693, 6.776263578034402713E-18 ) ) ;
#1295 = CARTESIAN_POINT ( 'NONE',  ( -0.01913655610121900441, -0.07065783443735962344, 0.01000000000000000021 ) ) ;
#1296 = SURFACE_STYLE_FILL_AREA ( #1951 ) ;
#1297 = STYLED_ITEM ( 'NONE', ( #1217 ), #248 ) ;
#1298 = DIRECTION ( 'NONE',  ( 0.000000000000000000, 0.000000000000000000, 1.000000000000000000 ) ) ;
#1299 = LINE ( 'NONE', #1259, #808 ) ;
#1300 = LINE ( 'NONE', #3807, #2976 ) ;
#1301 = ORIENTED_EDGE ( 'NONE', *, *, #1104, .F. ) ;
#1302 = PRESENTATION_LAYER_ASSIGNMENT (  '', '', ( #1907 ) ) ;
#1303 = ORIENTED_EDGE ( 'NONE', *, *, #2084, .T. ) ;
#1304 = SURFACE_SIDE_STYLE ('',( #1702 ) ) ;
#1305 =( NAMED_UNIT ( * ) PLANE_ANGLE_UNIT ( ) SI_UNIT ( $, .RADIAN. ) );
#1306 =( GEOMETRIC_REPRESENTATION_CONTEXT ( 3 ) GLOBAL_UNCERTAINTY_ASSIGNED_CONTEXT ( ( #175 ) ) GLOBAL_UNIT_ASSIGNED_CONTEXT ( ( #1502, #2317, #3431 ) ) REPRESENTATION_CONTEXT ( 'NONE', 'WORKASPACE' ) );
#1307 = CARTESIAN_POINT ( 'NONE',  ( -0.09889434982265020435, 0.07916030696302339686, 1.016439536705160407E-17 ) ) ;
#1308 = PLANE ( 'NONE',  #312 ) ;
#1309 = ORIENTED_EDGE ( 'NONE', *, *, #335, .F. ) ;
#1310 = LINE ( 'NONE', #3180, #285 ) ;
#1311 = ORIENTED_EDGE ( 'NONE', *, *, #1626, .T. ) ;
#1312 = VECTOR ( 'NONE', #3656, 1000.000000000000000 ) ;
#1313 = CARTESIAN_POINT ( 'NONE',  ( -0.1088320884150804496, 0.06098325994704258124, 6.776263578034402713E-18 ) ) ;
#1314 = PLANE ( 'NONE',  #1486 ) ;
#1315 = UNCERTAINTY_MEASURE_WITH_UNIT (LENGTH_MEASURE( 1.000000000000000082E-05 ), #414, 'distance_accuracy_value', 'NONE');
#1316 = SURFACE_STYLE_USAGE ( .BOTH. , #4501 ) ;
#1317 = ADVANCED_FACE ( 'NONE', ( #1766 ), #3162, .T. ) ;
#1318 = CARTESIAN_POINT ( 'NONE',  ( -0.9999999999999991118, 0.9999999999999995559, 0.2000000000000000111 ) ) ;
#1319 = MECHANICAL_DESIGN_GEOMETRIC_PRESENTATION_REPRESENTATION (  '', ( #2820 ), #822 ) ;
#1320 =( NAMED_UNIT ( * ) SI_UNIT ( $, .STERADIAN. ) SOLID_ANGLE_UNIT ( ) );
#1321 = SURFACE_STYLE_USAGE ( .BOTH. , #4098 ) ;
#1322 = CARTESIAN_POINT ( 'NONE',  ( -0.1282380555614738293, -0.06258087878059273579, 0.01000000000000000021 ) ) ;
#1323 = PRESENTATION_STYLE_ASSIGNMENT (( #1349 ) ) ;
#1324 = VERTEX_POINT ( 'NONE', #2475 ) ;
#1325 = MECHANICAL_DESIGN_GEOMETRIC_PRESENTATION_REPRESENTATION (  '', ( #3194 ), #2968 ) ;
#1326 = VERTEX_POINT ( 'NONE', #317 ) ;
#1327 =( GEOMETRIC_REPRESENTATION_CONTEXT ( 3 ) GLOBAL_UNCERTAINTY_ASSIGNED_CONTEXT ( ( #625 ) ) GLOBAL_UNIT_ASSIGNED_CONTEXT ( ( #66, #1131, #2604 ) ) REPRESENTATION_CONTEXT ( 'NONE', 'WORKASPACE' ) );
#1328 = FACE_OUTER_BOUND ( 'NONE', #2550, .T. ) ;
#1329 = PRESENTATION_STYLE_ASSIGNMENT (( #2343 ) ) ;
#1330 = PRESENTATION_STYLE_ASSIGNMENT (( #2994 ) ) ;
#1331 = ORIENTED_EDGE ( 'NONE', *, *, #3532, .T. ) ;
#1332 = CARTESIAN_POINT ( 'NONE',  ( 0.1637332933128197721, -0.04391950164719013450, 0.01000000000000000021 ) ) ;
#1333 = ORIENTED_EDGE ( 'NONE', *, *, #2899, .F. ) ;
#1334 = SURFACE_STYLE_FILL_AREA ( #1381 ) ;
#1335 = FILL_AREA_STYLE ('',( #1683 ) ) ;
#1336 = PRESENTATION_LAYER_ASSIGNMENT (  '', '', ( #3715 ) ) ;
#1337 = CARTESIAN_POINT ( 'NONE',  ( 0.06135124877682977124, -0.07065783443735962344, 0.000000000000000000 ) ) ;
#1338 = EDGE_CURVE ( 'NONE', #575, #2226, #649, .T. ) ;
#1339 = VECTOR ( 'NONE', #3107, 1000.000000000000000 ) ;
#1340 = SURFACE_SIDE_STYLE ('',( #3858 ) ) ;
#1341 = ORIENTED_EDGE ( 'NONE', *, *, #4017, .F. ) ;
#1342 = DIRECTION ( 'NONE',  ( -0.000000000000000000, -0.000000000000000000, -1.000000000000000000 ) ) ;
#1343 =( NAMED_UNIT ( * ) PLANE_ANGLE_UNIT ( ) SI_UNIT ( $, .RADIAN. ) );
#1344 = EDGE_CURVE ( 'NONE', #4263, #3661, #2420, .T. ) ;
#1345 = VECTOR ( 'NONE', #909, 1000.000000000000000 ) ;
#1346 = ORIENTED_EDGE ( 'NONE', *, *, #1972, .T. ) ;
#1347 = EDGE_CURVE ( 'NONE', #965, #4243, #3827, .T. ) ;
#1348 = FILL_AREA_STYLE ('',( #652 ) ) ;
#1349 = SURFACE_STYLE_USAGE ( .BOTH. , #255 ) ;
#1350 = VERTEX_POINT ( 'NONE', #2448 ) ;
#1351 = ORIENTED_EDGE ( 'NONE', *, *, #195, .F. ) ;
#1352 = CARTESIAN_POINT ( 'NONE',  ( -0.09206292279441162518, -0.07060588863093626710, 0.01000000000000000021 ) ) ;
#1353 = CARTESIAN_POINT ( 'NONE',  ( -0.1403206718537142461, -0.02976881451795135650, 0.000000000000000000 ) ) ;
#1354 = DIRECTION ( 'NONE',  ( -1.000000000000000000, 0.000000000000000000, 0.000000000000000000 ) ) ;
#1355 = ORIENTED_EDGE ( 'NONE', *, *, #2001, .F. ) ;
#1356 = CARTESIAN_POINT ( 'NONE',  ( 0.1348298601824192977, -0.05587652554954750800, 0.01000000000000000021 ) ) ;
#1357 = SURFACE_SIDE_STYLE ('',( #3819 ) ) ;
#1358 = ADVANCED_FACE ( 'NONE', ( #4160 ), #2070, .F. ) ;
#1359 = LINE ( 'NONE', #988, #726 ) ;
#1360 = CARTESIAN_POINT ( 'NONE',  ( 0.09486248111187087217, -0.06522537413323567512, 0.01000000000000000021 ) ) ;
#1361 = UNCERTAINTY_MEASURE_WITH_UNIT (LENGTH_MEASURE( 1.000000000000000082E-05 ), #1090, 'distance_accuracy_value', 'NONE');
#1362 = LINE ( 'NONE', #1714, #1397 ) ;
#1363 = VERTEX_POINT ( 'NONE', #3904 ) ;
#1364 = FILL_AREA_STYLE ('',( #975 ) ) ;
#1365 = ADVANCED_FACE ( 'NONE', ( #2843 ), #1073, .T. ) ;
#1366 = EDGE_CURVE ( 'NONE', #1571, #366, #4505, .T. ) ;
#1367 = VERTEX_POINT ( 'NONE', #2577 ) ;
#1368 =( NAMED_UNIT ( * ) PLANE_ANGLE_UNIT ( ) SI_UNIT ( $, .RADIAN. ) );
#1369 = CARTESIAN_POINT ( 'NONE',  ( 0.9999999999999991118, 0.9999999999999995559, -0.02500000000000000139 ) ) ;
#1370 = ORIENTED_EDGE ( 'NONE', *, *, #4099, .T. ) ;
#1371 = VERTEX_POINT ( 'NONE', #3604 ) ;
#1372 = DIRECTION ( 'NONE',  ( -0.000000000000000000, -0.000000000000000000, 1.000000000000000000 ) ) ;
#1373 = DIRECTION ( 'NONE',  ( 0.000000000000000000, -1.000000000000000000, 0.000000000000000000 ) ) ;
#1374 = EDGE_CURVE ( 'NONE', #230, #2122, #4329, .T. ) ;
#1375 =( NAMED_UNIT ( * ) SI_UNIT ( $, .STERADIAN. ) SOLID_ANGLE_UNIT ( ) );
#1376 = EDGE_CURVE ( 'NONE', #3890, #1716, #1094, .T. ) ;
#1377 = ORIENTED_EDGE ( 'NONE', *, *, #2689, .T. ) ;
#1378 = CARTESIAN_POINT ( 'NONE',  ( 0.1764604051114162797, -0.02667682107042593925, 0.01000000000000000021 ) ) ;
#1379 = PRESENTATION_STYLE_ASSIGNMENT (( #3574 ) ) ;
#1380 = VECTOR ( 'NONE', #2736, 1000.000000000000000 ) ;
#1381 = FILL_AREA_STYLE ('',( #286 ) ) ;
#1382 = LINE ( 'NONE', #3879, #4093 ) ;
#1383 = LINE ( 'NONE', #1218, #3765 ) ;
#1384 = SURFACE_STYLE_USAGE ( .BOTH. , #4569 ) ;
#1385 = CARTESIAN_POINT ( 'NONE',  ( -0.6000000000000000888, 0.4000000000000000222, -0.02500000000000000139 ) ) ;
#1386 = ORIENTED_EDGE ( 'NONE', *, *, #2725, .F. ) ;
#1387 = AXIS2_PLACEMENT_3D ( 'NONE', #3530, #354, #3208 ) ;
#1388 = CARTESIAN_POINT ( 'NONE',  ( -0.1400643862596616385, 0.04055896803840020742, 0.01000000000000000021 ) ) ;
#1389 = CARTESIAN_POINT ( 'NONE',  ( -0.1521002377629695757, -0.04430663987978127050, 0.000000000000000000 ) ) ;
#1390 = ORIENTED_EDGE ( 'NONE', *, *, #1721, .F. ) ;
#1391 = EDGE_CURVE ( 'NONE', #3646, #1945, #1461, .T. ) ;
#1392 = CARTESIAN_POINT ( 'NONE',  ( -0.2490241323207310620, 0.05053118995288427562, 0.000000000000000000 ) ) ;
#1393 = DIRECTION ( 'NONE',  ( 0.000000000000000000, 0.000000000000000000, -1.000000000000000000 ) ) ;
#1394 = CARTESIAN_POINT ( 'NONE',  ( 0.1782834784084160740, 0.02825613707184408338, 6.776263578034402713E-18 ) ) ;
#1395 = CARTESIAN_POINT ( 'NONE',  ( 0.2022049073134151442, 0.001512516172396473390, 0.01000000000000000021 ) ) ;
#1396 = ORIENTED_EDGE ( 'NONE', *, *, #1516, .T. ) ;
#1397 = VECTOR ( 'NONE', #2816, 1000.000000000000114 ) ;
#1398 = ORIENTED_EDGE ( 'NONE', *, *, #4389, .F. ) ;
#1399 = LINE ( 'NONE', #2829, #1514 ) ;
#1400 = CARTESIAN_POINT ( 'NONE',  ( 0.1807453035812596753, 0.05935458954371227586, 0.01000000000000000021 ) ) ;
#1401 = LINE ( 'NONE', #371, #952 ) ;
#1402 = MECHANICAL_DESIGN_GEOMETRIC_PRESENTATION_REPRESENTATION (  '', ( #3935 ), #2823 ) ;
#1403 = DIRECTION ( 'NONE',  ( 0.000000000000000000, -0.000000000000000000, 1.000000000000000000 ) ) ;
#1404 = CARTESIAN_POINT ( 'NONE',  ( 0.9999999999999991118, -0.9999999999999995559, 0.6999999999999999556 ) ) ;
#1405 = CARTESIAN_POINT ( 'NONE',  ( -0.2473007727293121683, 0.05776869859184608630, 0.000000000000000000 ) ) ;
#1406 = VECTOR ( 'NONE', #4189, 1000.000000000000000 ) ;
#1407 = CARTESIAN_POINT ( 'NONE',  ( 0.1145133355418483379, -0.07121785373817692000, 0.01000000000000000021 ) ) ;
#1408 = CARTESIAN_POINT ( 'NONE',  ( 0.1298716082683762929, -0.07246340215848358357, -0.000000000000000000 ) ) ;
#1409 = VECTOR ( 'NONE', #1788, 1000.000000000000000 ) ;
#1410 = AXIS2_PLACEMENT_3D ( 'NONE', #1796, #435, #3263 ) ;
#1411 = PLANE ( 'NONE',  #4461 ) ;
#1412 = ORIENTED_EDGE ( 'NONE', *, *, #1154, .T. ) ;
#1413 = DIRECTION ( 'NONE',  ( 1.807003620809172610E-15, -1.000000000000000000, 0.000000000000000000 ) ) ;
#1414 = SURFACE_SIDE_STYLE ('',( #4532 ) ) ;
#1415 = EDGE_CURVE ( 'NONE', #4263, #2541, #3981, .T. ) ;
#1416 = VERTEX_POINT ( 'NONE', #2524 ) ;
#1417 = SURFACE_STYLE_USAGE ( .BOTH. , #412 ) ;
#1418 = CARTESIAN_POINT ( 'NONE',  ( -0.01913655610121900441, -0.05419441980321328123, 0.000000000000000000 ) ) ;
#1419 = DIRECTION ( 'NONE',  ( -0.000000000000000000, -0.000000000000000000, -1.000000000000000000 ) ) ;
#1420 = PRESENTATION_STYLE_ASSIGNMENT (( #2480 ) ) ;
#1421 = ORIENTED_EDGE ( 'NONE', *, *, #629, .F. ) ;
#1422 = ORIENTED_EDGE ( 'NONE', *, *, #3483, .T. ) ;
#1423 = CARTESIAN_POINT ( 'NONE',  ( 0.9999999999999991118, 0.3999999999999999667, 0.000000000000000000 ) ) ;
#1424 = CARTESIAN_POINT ( 'NONE',  ( 0.1339426064093138802, 0.08098474364655010305, 0.01000000000000000021 ) ) ;
#1425 = FACE_OUTER_BOUND ( 'NONE', #4555, .T. ) ;
#1426 = FACE_OUTER_BOUND ( 'NONE', #775, .T. ) ;
#1427 = DIRECTION ( 'NONE',  ( 1.000000000000000000, 0.000000000000000000, 0.000000000000000000 ) ) ;
#1428 = LINE ( 'NONE', #3848, #2203 ) ;
#1429 = EDGE_CURVE ( 'NONE', #932, #1122, #1069, .T. ) ;
#1430 =( NAMED_UNIT ( * ) SI_UNIT ( $, .STERADIAN. ) SOLID_ANGLE_UNIT ( ) );
#1431 = FILL_AREA_STYLE ('',( #3131 ) ) ;
#1432 = DIRECTION ( 'NONE',  ( -0.000000000000000000, -0.000000000000000000, -1.000000000000000000 ) ) ;
#1433 = CARTESIAN_POINT ( 'NONE',  ( 0.1470272750257143879, -0.07136017695363236490, 0.000000000000000000 ) ) ;
#1434 = EDGE_CURVE ( 'NONE', #1742, #3354, #752, .T. ) ;
#1435 = CARTESIAN_POINT ( 'NONE',  ( -0.2000000000000000944, 0.9999999999999995559, -0.02500000000000000139 ) ) ;
#1436 = ORIENTED_EDGE ( 'NONE', *, *, #748, .F. ) ;
#1437 = DIRECTION ( 'NONE',  ( -0.000000000000000000, -0.000000000000000000, -1.000000000000000000 ) ) ;
#1438 =( NAMED_UNIT ( * ) PLANE_ANGLE_UNIT ( ) SI_UNIT ( $, .RADIAN. ) );
#1439 = VERTEX_POINT ( 'NONE', #4277 ) ;
#1440 = CARTESIAN_POINT ( 'NONE',  ( -0.1520850290467666566, 0.05443150924966363297, 0.01000000000000000021 ) ) ;
#1441 = CARTESIAN_POINT ( 'NONE',  ( -0.1029153347222405979, -0.05329338389731126668, 0.01000000000000000021 ) ) ;
#1442 = CARTESIAN_POINT ( 'NONE',  ( 0.1431429301688784128, 0.06247819747174305355, 0.01000000000000000021 ) ) ;
#1443 = CARTESIAN_POINT ( 'NONE',  ( 0.1291199225573175791, -0.05602368809589620968, 0.01000000000000000021 ) ) ;
#1444 = ORIENTED_EDGE ( 'NONE', *, *, #3280, .F. ) ;
#1445 = CARTESIAN_POINT ( 'NONE',  ( -0.09073526036951164164, 0.07934216556264037101, 0.000000000000000000 ) ) ;
#1446 = B_SPLINE_CURVE_WITH_KNOTS ( 'NONE', 3,
 ( #3905, #1074, #1741, #3490, #2797, #4574, #3804, #4235, #1389, #1050, #4258, #1767, #318, #296, #723, #1024, #701, #3558, #2775 ),
 .UNSPECIFIED., .F., .F.,
 ( 4, 1, 1, 1, 1, 1, 1, 1, 1, 1, 1, 1, 1, 1, 1, 1, 4 ),
 ( 0.000000000000000000, 0.06806869584499398995, 0.1334274328189550829, 0.1961460338131565395, 0.2570485924493127738, 0.3168826631591620813, 0.3761872086663216042, 0.4359603353635461143, 0.4965352368627262702, 0.5574653434807333996, 0.6176868634101471134, 0.6779436406969063800, 0.7388052848060405742, 0.8009493367665843078, 0.8648146674702267278, 0.9310247810786573819, 1.000000000000000000 ),
 .UNSPECIFIED. ) ;
#1447 = CARTESIAN_POINT ( 'NONE',  ( -0.2214421963451214392, -0.01212124907150596842, 0.01000000000000000021 ) ) ;
#1448 = DIRECTION ( 'NONE',  ( -0.000000000000000000, -0.000000000000000000, -1.000000000000000000 ) ) ;
#1449 =( NAMED_UNIT ( * ) PLANE_ANGLE_UNIT ( ) SI_UNIT ( $, .RADIAN. ) );
#1450 = DIRECTION ( 'NONE',  ( -0.000000000000000000, -0.000000000000000000, -1.000000000000000000 ) ) ;
#1451 = CARTESIAN_POINT ( 'NONE',  ( 0.1145133355418483379, -0.07121785373817692000, 0.01000000000000000021 ) ) ;
#1452 = ORIENTED_EDGE ( 'NONE', *, *, #92, .F. ) ;
#1453 =( LENGTH_UNIT ( ) NAMED_UNIT ( * ) SI_UNIT ( .MILLI., .METRE. ) );
#1454 = ADVANCED_FACE ( 'NONE', ( #4371 ), #1119, .T. ) ;
#1455 = CARTESIAN_POINT ( 'NONE',  ( -0.5999999999999999778, 0.9999999999999995559, -0.02500000000000000139 ) ) ;
#1456 = LINE ( 'NONE', #4297, #3691 ) ;
#1457 = LINE ( 'NONE', #355, #1558 ) ;
#1458 = VECTOR ( 'NONE', #1450, 1000.000000000000000 ) ;
#1459 = ORIENTED_EDGE ( 'NONE', *, *, #306, .T. ) ;
#1460 = VECTOR ( 'NONE', #857, 1000.000000000000000 ) ;
#1461 = LINE ( 'NONE', #4303, #3773 ) ;
#1462 =( NAMED_UNIT ( * ) SI_UNIT ( $, .STERADIAN. ) SOLID_ANGLE_UNIT ( ) );
#1463 = VECTOR ( 'NONE', #578, 1000.000000000000000 ) ;
#1464 = VERTEX_POINT ( 'NONE', #452 ) ;
#1465 = CARTESIAN_POINT ( 'NONE',  ( -0.1566483471831390251, 0.04879830820021203303, 0.01000000000000000021 ) ) ;
#1466 = CARTESIAN_POINT ( 'NONE',  ( -0.2783495896378043177, -0.02858466370565231063, 0.000000000000000000 ) ) ;
#1467 = DIRECTION ( 'NONE',  ( 1.000000000000000000, 0.000000000000000000, 0.000000000000000000 ) ) ;
#1468 = CARTESIAN_POINT ( 'NONE',  ( -0.1194546841145145283, 0.05737523800670613766, 0.000000000000000000 ) ) ;
#1469 = CARTESIAN_POINT ( 'NONE',  ( 0.1801279721444138393, -0.01589751548200745573, 6.776263578034402713E-18 ) ) ;
#1470 = CARTESIAN_POINT ( 'NONE',  ( 0.000000000000000000, 0.000000000000000000, 0.000000000000000000 ) ) ;
#1471 =( GEOMETRIC_REPRESENTATION_CONTEXT ( 3 ) GLOBAL_UNCERTAINTY_ASSIGNED_CONTEXT ( ( #1887 ) ) GLOBAL_UNIT_ASSIGNED_CONTEXT ( ( #2308, #3045, #178 ) ) REPRESENTATION_CONTEXT ( 'NONE', 'WORKASPACE' ) );
#1472 = CARTESIAN_POINT ( 'NONE',  ( 0.9999999999999991118, 0.9999999999999995559, 0.2000000000000000111 ) ) ;
#1473 = CARTESIAN_POINT ( 'NONE',  ( 0.1298716082683762929, -0.07246340215848358357, 6.776263578034402713E-18 ) ) ;
#1474 = ORIENTED_EDGE ( 'NONE', *, *, #4440, .F. ) ;
#1475 = CARTESIAN_POINT ( 'NONE',  ( -0.2935268000036579394, -0.07065783443735962344, 0.01000000000000000021 ) ) ;
#1476 = LINE ( 'NONE', #3316, #1529 ) ;
#1477 = CARTESIAN_POINT ( 'NONE',  ( -1.000000000000000000, 1.000000000000000000, -0.02500000000000000139 ) ) ;
#1478 = CARTESIAN_POINT ( 'NONE',  ( 0.1999999999999999833, -0.9999999999999991118, 0.000000000000000000 ) ) ;
#1479 = CARTESIAN_POINT ( 'NONE',  ( 0.1318924073134151720, -0.07248710273004253801, 0.000000000000000000 ) ) ;
#1480 = EDGE_CURVE ( 'NONE', #2049, #4355, #2955, .T. ) ;
#1481 = ORIENTED_EDGE ( 'NONE', *, *, #292, .T. ) ;
#1482 = VECTOR ( 'NONE', #4406, 1000.000000000000000 ) ;
#1483 = B_SPLINE_SURFACE_WITH_KNOTS ( 'NONE', 3, 1, ( 
 ( #753, #2164 ),
 ( #3957, #2186 ),
 ( #3605, #1840 ),
 ( #1274, #2019 ),
 ( #4411, #3365 ),
 ( #155, #246 ),
 ( #2328, #4433 ),
 ( #3714, #1552 ),
 ( #4458, #4133 ),
 ( #539, #560 ),
 ( #3782, #1225 ),
 ( #2368, #4092 ),
 ( #4045, #1971 ),
 ( #3387, #876 ),
 ( #2978, #4482 ),
 ( #3062, #605 ),
 ( #217, #515 ),
 ( #927, #4396 ),
 ( #2995, #3346 ) ),
 .UNSPECIFIED., .F., .F., .F.,
 ( 4, 1, 1, 1, 1, 1, 1, 1, 1, 1, 1, 1, 1, 1, 1, 1, 4 ),
 ( 2, 2 ),
 ( 0.000000000000000000, 0.07064371857535416133, 0.1382567155089047262, 0.2033641242175800445, 0.2663240938030567717, 0.3279047615429894758, 0.3887377151730921909, 0.4494235281093024170, 0.5108610114593156171, 0.5720793960475146767, 0.6317344287314453632, 0.6911172105788376818, 0.7503600294901704437, 0.8100329005312620900, 0.8713624508287363124, 0.9344271412311533354, 1.000000000000000000 ),
 ( 0.000000000000000000, 1.000000000000000000 ),
 .UNSPECIFIED. ) ;
#1484 = FILL_AREA_STYLE ('',( #1047 ) ) ;
#1485 = VERTEX_POINT ( 'NONE', #1143 ) ;
#1486 = AXIS2_PLACEMENT_3D ( 'NONE', #4111, #3455, #287 ) ;
#1487 = EDGE_CURVE ( 'NONE', #2812, #366, #802, .T. ) ;
#1488 = LINE ( 'NONE', #2915, #2073 ) ;
#1489 = LINE ( 'NONE', #454, #3631 ) ;
#1490 = PRESENTATION_LAYER_ASSIGNMENT (  '', '', ( #2979 ) ) ;
#1491 = ORIENTED_EDGE ( 'NONE', *, *, #896, .T. ) ;
#1492 = SURFACE_STYLE_FILL_AREA ( #3607 ) ;
#1493 = AXIS2_PLACEMENT_3D ( 'NONE', #3145, #1298, #651 ) ;
#1494 = DIRECTION ( 'NONE',  ( -1.807003620809175125E-16, 1.000000000000000000, -0.000000000000000000 ) ) ;
#1495 = EDGE_CURVE ( 'NONE', #4294, #962, #1889, .T. ) ;
#1496 = CARTESIAN_POINT ( 'NONE',  ( 0.2150097853621956434, -0.05419441980321328123, 0.000000000000000000 ) ) ;
#1497 = CARTESIAN_POINT ( 'NONE',  ( 0.1820829560939029590, 0.002741555806542805319, 0.01000000000000000021 ) ) ;
#1498 = CARTESIAN_POINT ( 'NONE',  ( -0.1689572276812665863, -0.002158021330254386323, 0.01000000000000000021 ) ) ;
#1499 = PRESENTATION_STYLE_ASSIGNMENT (( #3965 ) ) ;
#1500 = CARTESIAN_POINT ( 'NONE',  ( 0.1606982859783198936, -0.06752443857233056401, 0.01000000000000000021 ) ) ;
#1501 = VERTEX_POINT ( 'NONE', #1163 ) ;
#1502 =( LENGTH_UNIT ( ) NAMED_UNIT ( * ) SI_UNIT ( .MILLI., .METRE. ) );
#1503 = CARTESIAN_POINT ( 'NONE',  ( 0.09460359988482212878, 0.05741939874073574007, 0.01000000000000000021 ) ) ;
#1504 = DIRECTION ( 'NONE',  ( -1.000000000000000000, 0.000000000000000000, -0.000000000000000000 ) ) ;
#1505 = ADVANCED_FACE ( 'NONE', ( #3651 ), #474, .T. ) ;
#1506 = ORIENTED_EDGE ( 'NONE', *, *, #1904, .F. ) ;
#1507 = B_SPLINE_CURVE_WITH_KNOTS ( 'NONE', 3,
 ( #2288, #1195, #1173, #3698, #2606, #831, #2628, #199, #1601, #2003, #3000, #886, #253, #4415, #4465, #931, #3351, #1279, #4140 ),
 .UNSPECIFIED., .F., .F.,
 ( 4, 1, 1, 1, 1, 1, 1, 1, 1, 1, 1, 1, 1, 1, 1, 1, 4 ),
 ( 0.000000000000000000, 0.06460397028839207079, 0.1267024139629471247, 0.1867568140356180850, 0.2455056873654374028, 0.3036520244499753551, 0.3615030739706253105, 0.4202402229284672996, 0.4800333407766963489, 0.5406781347755159617, 0.6011918063807816237, 0.6623335024774423818, 0.7247395102972316039, 0.7894677361728865694, 0.8565048600438305293, 0.9263120958391900528, 1.000000000000000000 ),
 .UNSPECIFIED. ) ;
#1508 = LINE ( 'NONE', #4024, #2473 ) ;
#1509 = ORIENTED_EDGE ( 'NONE', *, *, #1688, .F. ) ;
#1510 = UNCERTAINTY_MEASURE_WITH_UNIT (LENGTH_MEASURE( 1.000000000000000082E-05 ), #2794, 'distance_accuracy_value', 'NONE');
#1511 = CARTESIAN_POINT ( 'NONE',  ( 0.1739530131985547179, -0.03155382219847635561, 0.000000000000000000 ) ) ;
#1512 = DIRECTION ( 'NONE',  ( -1.000000000000000000, 0.000000000000000000, -0.000000000000000000 ) ) ;
#1513 = ORIENTED_EDGE ( 'NONE', *, *, #1480, .T. ) ;
#1514 = VECTOR ( 'NONE', #3892, 1000.000000000000000 ) ;
#1515 = DIRECTION ( 'NONE',  ( 0.000000000000000000, -1.000000000000000000, 0.000000000000000000 ) ) ;
#1516 = EDGE_CURVE ( 'NONE', #2779, #1282, #1488, .T. ) ;
#1517 = DIRECTION ( 'NONE',  ( 0.000000000000000000, 1.000000000000000000, 0.000000000000000000 ) ) ;
#1518 = LINE ( 'NONE', #3946, #1166 ) ;
#1519 = ORIENTED_EDGE ( 'NONE', *, *, #3711, .F. ) ;
#1520 = CARTESIAN_POINT ( 'NONE',  ( 0.5999999999999992006, 0.3999999999999999667, -0.02500000000000000139 ) ) ;
#1521 = DIRECTION ( 'NONE',  ( 0.000000000000000000, -0.000000000000000000, 1.000000000000000000 ) ) ;
#1522 = CARTESIAN_POINT ( 'NONE',  ( 0.1210300790431086543, 0.06463669961368369299, 0.01000000000000000021 ) ) ;
#1523 = CARTESIAN_POINT ( 'NONE',  ( -0.2020633853695116278, -0.07065783443735962344, 0.01000000000000000021 ) ) ;
#1524 = SURFACE_SIDE_STYLE ('',( #4022 ) ) ;
#1525 = ORIENTED_EDGE ( 'NONE', *, *, #4586, .T. ) ;
#1526 = ORIENTED_EDGE ( 'NONE', *, *, #718, .T. ) ;
#1527 = CARTESIAN_POINT ( 'NONE',  ( 0.1403532210952609383, -0.05511939015338256781, 0.000000000000000000 ) ) ;
#1528 = CARTESIAN_POINT ( 'NONE',  ( 0.1812172778994969868, 0.01616074629156493206, 6.776263578034402713E-18 ) ) ;
#1529 = VECTOR ( 'NONE', #104, 1000.000000000000000 ) ;
#1530 = ORIENTED_EDGE ( 'NONE', *, *, #282, .T. ) ;
#1531 = VECTOR ( 'NONE', #2539, 1000.000000000000000 ) ;
#1532 = DIRECTION ( 'NONE',  ( 0.000000000000000000, -1.000000000000000000, -0.000000000000000000 ) ) ;
#1533 = CARTESIAN_POINT ( 'NONE',  ( -0.1403206718537142461, -0.02976881451795135650, 6.776263578034402713E-18 ) ) ;
#1534 = VECTOR ( 'NONE', #589, 1000.000000000000000 ) ;
#1535 = EDGE_CURVE ( 'NONE', #1117, #2876, #840, .T. ) ;
#1536 = PRESENTATION_STYLE_ASSIGNMENT (( #2286 ) ) ;
#1537 = CARTESIAN_POINT ( 'NONE',  ( -0.04840484878414582498, -0.07065783443735962344, 0.000000000000000000 ) ) ;
#1538 = VECTOR ( 'NONE', #379, 1000.000000000000000 ) ;
#1539 = PLANE ( 'NONE',  #724 ) ;
#1540 = ORIENTED_EDGE ( 'NONE', *, *, #1888, .F. ) ;
#1541 = DIRECTION ( 'NONE',  ( 0.000000000000000000, 0.000000000000000000, 1.000000000000000000 ) ) ;
#1542 = DIRECTION ( 'NONE',  ( 0.000000000000000000, -0.000000000000000000, 1.000000000000000000 ) ) ;
#1543 = CARTESIAN_POINT ( 'NONE',  ( -0.6000000000000003109, -0.3999999999999995226, -0.02500000000000000139 ) ) ;
#1544 = CARTESIAN_POINT ( 'NONE',  ( 0.2020662813756894105, -0.006524973180672519364, 0.01000000000000000021 ) ) ;
#1545 = CARTESIAN_POINT ( 'NONE',  ( 0.1259187030451224820, 0.08117143385532328559, 0.01000000000000000021 ) ) ;
#1546 = ORIENTED_EDGE ( 'NONE', *, *, #2228, .T. ) ;
#1547 = PRESENTATION_LAYER_ASSIGNMENT (  '', '', ( #4592 ) ) ;
#1548 = AXIS2_PLACEMENT_3D ( 'NONE', #1815, #2551, #779 ) ;
#1549 =( LENGTH_UNIT ( ) NAMED_UNIT ( * ) SI_UNIT ( .MILLI., .METRE. ) );
#1550 = UNCERTAINTY_MEASURE_WITH_UNIT (LENGTH_MEASURE( 1.000000000000000082E-05 ), #4590, 'distance_accuracy_value', 'NONE');
#1551 = VECTOR ( 'NONE', #654, 1000.000000000000000 ) ;
#1552 = CARTESIAN_POINT ( 'NONE',  ( 0.1902084849311027892, 0.04754311917257111192, 1.355252715606880543E-17 ) ) ;
#1553 =( GEOMETRIC_REPRESENTATION_CONTEXT ( 3 ) GLOBAL_UNCERTAINTY_ASSIGNED_CONTEXT ( ( #2993 ) ) GLOBAL_UNIT_ASSIGNED_CONTEXT ( ( #1249, #2259, #875 ) ) REPRESENTATION_CONTEXT ( 'NONE', 'WORKASPACE' ) );
#1554 = AXIS2_PLACEMENT_3D ( 'NONE', #1011, #3055, #920 ) ;
#1555 = PRESENTATION_STYLE_ASSIGNMENT (( #1596 ) ) ;
#1556 = B_SPLINE_SURFACE_WITH_KNOTS ( 'NONE', 3, 1, ( 
 ( #4009, #496 ),
 ( #2939, #2529 ),
 ( #4334, #2245 ),
 ( #1441, #1910 ),
 ( #1147, #480 ),
 ( #2581, #3308 ),
 ( #1893, #3329 ),
 ( #4356, #140 ),
 ( #3985, #807 ),
 ( #2892, #2219 ),
 ( #1125, #783 ),
 ( #758, #1533 ),
 ( #3632, #2962 ),
 ( #2168, #2866 ),
 ( #4375, #4284 ),
 ( #1101, #3585 ),
 ( #1192, #4030 ),
 ( #841, #413 ),
 ( #3241, #459 ) ),
 .UNSPECIFIED., .F., .F., .F.,
 ( 4, 1, 1, 1, 1, 1, 1, 1, 1, 1, 1, 1, 1, 1, 1, 1, 4 ),
 ( 2, 2 ),
 ( 0.000000000000000000, 0.07082657255516286443, 0.1381690332798000409, 0.2024753315338425896, 0.2639737544135197234, 0.3233803205980374518, 0.3817976227131853473, 0.4393900745193891622, 0.4969027245459973763, 0.5546621696093698706, 0.6127418784921973005, 0.6715388363911721781, 0.7316557220901981351, 0.7942978116139530753, 0.8594822049793584551, 0.9276813254527899177, 1.000000000000000000 ),
 ( 0.000000000000000000, 1.000000000000000000 ),
 .UNSPECIFIED. ) ;
#1557 = PLANE ( 'NONE',  #862 ) ;
#1558 = VECTOR ( 'NONE', #3233, 1000.000000000000000 ) ;
#1559 = EDGE_CURVE ( 'NONE', #3306, #276, #1970, .T. ) ;
#1560 = DIRECTION ( 'NONE',  ( -0.000000000000000000, -0.000000000000000000, -1.000000000000000000 ) ) ;
#1561 = CARTESIAN_POINT ( 'NONE',  ( 0.1491513181951160116, 0.07822146916470459899, 0.000000000000000000 ) ) ;
#1562 = CARTESIAN_POINT ( 'NONE',  ( -0.2935268000036579394, -0.07065783443735962344, 0.000000000000000000 ) ) ;
#1563 = AXIS2_PLACEMENT_3D ( 'NONE', #3328, #4007, #3307 ) ;
#1564 = EDGE_LOOP ( 'NONE', ( #383, #1650, #2166, #1841 ) ) ;
#1565 = CARTESIAN_POINT ( 'NONE',  ( 0.5999999999999989786, -0.9999999999999991118, -0.02500000000000000139 ) ) ;
#1566 = CARTESIAN_POINT ( 'NONE',  ( -0.04840484878414582498, -0.07065783443735962344, 0.01000000000000000021 ) ) ;
#1567 = DIRECTION ( 'NONE',  ( -1.000000000000000000, 0.000000000000000000, 0.000000000000000000 ) ) ;
#1568 = CARTESIAN_POINT ( 'NONE',  ( -0.01913655610121900441, -0.05419441980321328123, 0.01000000000000000021 ) ) ;
#1569 = EDGE_CURVE ( 'NONE', #4085, #3649, #1575, .T. ) ;
#1570 = CARTESIAN_POINT ( 'NONE',  ( 0.1021666580866318202, 0.07891850231351620060, 0.01000000000000000021 ) ) ;
#1571 = VERTEX_POINT ( 'NONE', #4432 ) ;
#1572 = PLANE ( 'NONE',  #147 ) ;
#1573 = ADVANCED_FACE ( 'NONE', ( #639 ), #559, .F. ) ;
#1574 =( LENGTH_UNIT ( ) NAMED_UNIT ( * ) SI_UNIT ( .MILLI., .METRE. ) );
#1575 = LINE ( 'NONE', #3816, #2144 ) ;
#1576 = CARTESIAN_POINT ( 'NONE',  ( -0.2488369465522224100, 0.05112966512085080628, 0.01000000000000000021 ) ) ;
#1577 = EDGE_CURVE ( 'NONE', #1214, #667, #4176, .T. ) ;
#1578 = LINE ( 'NONE', #1932, #3282 ) ;
#1579 = FILL_AREA_STYLE_COLOUR ( '', #2053 ) ;
#1580 = EDGE_CURVE ( 'NONE', #4516, #981, #3476, .T. ) ;
#1581 = LINE ( 'NONE', #520, #954 ) ;
#1582 = LINE ( 'NONE', #3767, #2356 ) ;
#1583 = DIRECTION ( 'NONE',  ( -0.000000000000000000, -0.000000000000000000, -1.000000000000000000 ) ) ;
#1584 = VERTEX_POINT ( 'NONE', #1618 ) ;
#1585 = CARTESIAN_POINT ( 'NONE',  ( -0.1348838321504641780, -0.05897572993127142560, 0.01000000000000000021 ) ) ;
#1586 = CARTESIAN_POINT ( 'NONE',  ( 0.09061954145975661956, -0.04642002955931084224, 0.01000000000000000021 ) ) ;
#1587 = LINE ( 'NONE', #4038, #2361 ) ;
#1588 = DIRECTION ( 'NONE',  ( 0.000000000000000000, -0.000000000000000000, -1.000000000000000000 ) ) ;
#1589 = CARTESIAN_POINT ( 'NONE',  ( -0.09073526036951164164, 0.07934216556264037101, 0.01000000000000000021 ) ) ;
#1590 = ORIENTED_EDGE ( 'NONE', *, *, #3098, .F. ) ;
#1591 = ADVANCED_FACE ( 'NONE', ( #2977 ), #2580, .T. ) ;
#1592 = CARTESIAN_POINT ( 'NONE',  ( 0.2021580250396445566, -0.001205703682131851898, -0.000000000000000000 ) ) ;
#1593 = UNCERTAINTY_MEASURE_WITH_UNIT (LENGTH_MEASURE( 1.000000000000000082E-05 ), #3573, 'distance_accuracy_value', 'NONE');
#1594 = CARTESIAN_POINT ( 'NONE',  ( -0.1329923639375914513, 0.04863411141283954797, 0.01000000000000000021 ) ) ;
#1595 = PLANE ( 'NONE',  #2671 ) ;
#1596 = SURFACE_STYLE_USAGE ( .BOTH. , #220 ) ;
#1597 = CARTESIAN_POINT ( 'NONE',  ( 0.09061954145975661956, 0.05510436068459157594, 0.000000000000000000 ) ) ;
#1598 = VECTOR ( 'NONE', #3296, 1000.000000000000000 ) ;
#1599 = DIRECTION ( 'NONE',  ( 0.000000000000000000, -1.000000000000000000, 0.000000000000000000 ) ) ;
#1600 =( LENGTH_UNIT ( ) NAMED_UNIT ( * ) SI_UNIT ( .MILLI., .METRE. ) );
#1601 = CARTESIAN_POINT ( 'NONE',  ( 0.1624253921950582769, 0.05193058637513109366, 0.01000000000000000021 ) ) ;
#1602 = AXIS2_PLACEMENT_3D ( 'NONE', #2500, #1028, #3910 ) ;
#1603 = DIRECTION ( 'NONE',  ( -0.000000000000000000, -0.000000000000000000, -1.000000000000000000 ) ) ;
#1604 =( NAMED_UNIT ( * ) PLANE_ANGLE_UNIT ( ) SI_UNIT ( $, .RADIAN. ) );
#1605 = VERTEX_POINT ( 'NONE', #897 ) ;
#1606 = ORIENTED_EDGE ( 'NONE', *, *, #3969, .T. ) ;
#1607 = ORIENTED_EDGE ( 'NONE', *, *, #554, .F. ) ;
#1608 = CARTESIAN_POINT ( 'NONE',  ( -0.1468649303277140272, -0.04975787346999463456, 1.016439536705160407E-17 ) ) ;
#1609 = CARTESIAN_POINT ( 'NONE',  ( -0.1199018994352993306, -0.04811857738962169867, 0.000000000000000000 ) ) ;
#1610 = CARTESIAN_POINT ( 'NONE',  ( -0.1411070708428360521, 0.06421458766542147145, 0.01000000000000000021 ) ) ;
#1611 = VECTOR ( 'NONE', #1067, 1000.000000000000000 ) ;
#1612 = CARTESIAN_POINT ( 'NONE',  ( -0.2000000000000000944, -0.1999999999999991229, 0.000000000000000000 ) ) ;
#1613 = EDGE_LOOP ( 'NONE', ( #1726, #3240, #922, #1902 ) ) ;
#1614 = VECTOR ( 'NONE', #4246, 1000.000000000000000 ) ;
#1615 = CARTESIAN_POINT ( 'NONE',  ( -0.1430028983775013807, -0.02478592019428117049, 0.01000000000000000021 ) ) ;
#1616 = LINE ( 'NONE', #3035, #4383 ) ;
#1617 = EDGE_CURVE ( 'NONE', #1768, #3283, #3799, .T. ) ;
#1618 = CARTESIAN_POINT ( 'NONE',  ( 0.04122929755731759294, -0.002974907608091332655, 0.01000000000000000021 ) ) ;
#1619 = LINE ( 'NONE', #2303, #4374 ) ;
#1620 = VECTOR ( 'NONE', #4438, 1000.000000000000000 ) ;
#1621 = AXIS2_PLACEMENT_3D ( 'NONE', #270, #1664, #3086 ) ;
#1622 = MECHANICAL_DESIGN_GEOMETRIC_PRESENTATION_REPRESENTATION (  '', ( #1037 ), #1998 ) ;
#1623 = PRESENTATION_LAYER_ASSIGNMENT (  '', '', ( #1784 ) ) ;
#1624 = LINE ( 'NONE', #2687, #3264 ) ;
#1625 = CARTESIAN_POINT ( 'NONE',  ( 0.09877471462689203785, 0.05934596715465027122, 0.01000000000000000021 ) ) ;
#1626 = EDGE_CURVE ( 'NONE', #3069, #2795, #2652, .T. ) ;
#1627 = SURFACE_SIDE_STYLE ('',( #227 ) ) ;
#1628 = CARTESIAN_POINT ( 'NONE',  ( -0.1410750575924895334, -0.05463670809228486636, 0.01000000000000000021 ) ) ;
#1629 = FILL_AREA_STYLE_COLOUR ( '', #2675 ) ;
#1630 = ORIENTED_EDGE ( 'NONE', *, *, #3970, .F. ) ;
#1631 = ORIENTED_EDGE ( 'NONE', *, *, #4326, .T. ) ;
#1632 = ORIENTED_EDGE ( 'NONE', *, *, #4309, .T. ) ;
#1633 = STYLED_ITEM ( 'NONE', ( #4165 ), #3759 ) ;
#1634 = CARTESIAN_POINT ( 'NONE',  ( -0.1678718608864626094, -0.01026285059206362080, 0.01000000000000000021 ) ) ;
#1635 =( LENGTH_UNIT ( ) NAMED_UNIT ( * ) SI_UNIT ( .MILLI., .METRE. ) );
#1636 = CARTESIAN_POINT ( 'NONE',  ( -0.1678692602678453216, 0.02201759877655294628, 1.016439536705160407E-17 ) ) ;
#1637 = CARTESIAN_POINT ( 'NONE',  ( 0.5999999999999992006, 0.3999999999999999667, -0.02500000000000000139 ) ) ;
#1638 = MECHANICAL_DESIGN_GEOMETRIC_PRESENTATION_REPRESENTATION (  '', ( #395 ), #832 ) ;
#1639 = ORIENTED_EDGE ( 'NONE', *, *, #762, .F. ) ;
#1640 = ORIENTED_EDGE ( 'NONE', *, *, #696, .T. ) ;
#1641 = CARTESIAN_POINT ( 'NONE',  ( -0.1403206718537142461, -0.02976881451795135650, 0.01000000000000000021 ) ) ;
#1642 = FILL_AREA_STYLE_COLOUR ( '', #2061 ) ;
#1643 = UNCERTAINTY_MEASURE_WITH_UNIT (LENGTH_MEASURE( 1.000000000000000082E-05 ), #2488, 'distance_accuracy_value', 'NONE');
#1644 = DIRECTION ( 'NONE',  ( -1.000000000000000000, 0.000000000000000000, -0.000000000000000000 ) ) ;
#1645 = VECTOR ( 'NONE', #2147, 1000.000000000000000 ) ;
#1646 =( NAMED_UNIT ( * ) PLANE_ANGLE_UNIT ( ) SI_UNIT ( $, .RADIAN. ) );
#1647 = MECHANICAL_DESIGN_GEOMETRIC_PRESENTATION_REPRESENTATION (  '', ( #3294 ), #1141 ) ;
#1648 = CARTESIAN_POINT ( 'NONE',  ( 0.1257472091426834471, 0.06470801922117695726, 0.000000000000000000 ) ) ;
#1649 = CARTESIAN_POINT ( 'NONE',  ( -0.6000000000000001998, -0.9999999999999991118, -0.02500000000000000139 ) ) ;
#1650 = ORIENTED_EDGE ( 'NONE', *, *, #3709, .F. ) ;
#1651 = ORIENTED_EDGE ( 'NONE', *, *, #3494, .F. ) ;
#1652 = CARTESIAN_POINT ( 'NONE',  ( -0.1689572276812665863, -0.002158021330254386323, 0.01000000000000000021 ) ) ;
#1653 = SURFACE_SIDE_STYLE ('',( #2697 ) ) ;
#1654 = CARTESIAN_POINT ( 'NONE',  ( -0.1284740870639178856, 0.07172538471404379945, 0.01000000000000000021 ) ) ;
#1655 = PLANE ( 'NONE',  #1554 ) ;
#1656 = VERTEX_POINT ( 'NONE', #2015 ) ;
#1657 = EDGE_CURVE ( 'NONE', #2695, #2451, #1927, .T. ) ;
#1658 = DIRECTION ( 'NONE',  ( -0.000000000000000000, -0.000000000000000000, -1.000000000000000000 ) ) ;
#1659 = ORIENTED_EDGE ( 'NONE', *, *, #2065, .T. ) ;
#1660 = CARTESIAN_POINT ( 'NONE',  ( -0.1490146048817067859, 0.005799863733372073726, 0.01000000000000000021 ) ) ;
#1661 =( NAMED_UNIT ( * ) SI_UNIT ( $, .STERADIAN. ) SOLID_ANGLE_UNIT ( ) );
#1662 = SURFACE_STYLE_FILL_AREA ( #267 ) ;
#1663 = SURFACE_STYLE_USAGE ( .BOTH. , #3440 ) ;
#1664 = DIRECTION ( 'NONE',  ( 0.000000000000000000, -1.000000000000000000, 0.000000000000000000 ) ) ;
#1665 = CLOSED_SHELL ( 'NONE', ( #4070, #3423, #3164, #2665, #1720, #3857 ) ) ;
#1666 = CARTESIAN_POINT ( 'NONE',  ( -0.9999999999999997780, -0.9999999999999993339, -0.02500000000000000139 ) ) ;
#1667 = CARTESIAN_POINT ( 'NONE',  ( -0.2020633853695116278, -0.07065783443735962344, 0.01000000000000000021 ) ) ;
#1668 = CARTESIAN_POINT ( 'NONE',  ( 0.09181355998635473692, 0.07571099034873479683, 0.01000000000000000021 ) ) ;
#1669 = CARTESIAN_POINT ( 'NONE',  ( 0.9999999999999991118, 0.9999999999999995559, 0.000000000000000000 ) ) ;
#1670 = ORIENTED_EDGE ( 'NONE', *, *, #1376, .T. ) ;
#1671 = ORIENTED_EDGE ( 'NONE', *, *, #2896, .F. ) ;
#1672 = CARTESIAN_POINT ( 'NONE',  ( -0.09206292279441162518, -0.07060588863093626710, 1.016439536705160407E-17 ) ) ;
#1673 = FILL_AREA_STYLE ('',( #259 ) ) ;
#1674 = CARTESIAN_POINT ( 'NONE',  ( -0.1691365561012189711, 0.006228598489469635083, 1.016439536705160407E-17 ) ) ;
#1675 = FACE_BOUND ( 'NONE', #2807, .T. ) ;
#1676 = VERTEX_POINT ( 'NONE', #2324 ) ;
#1677 = CARTESIAN_POINT ( 'NONE',  ( -0.2457177288678047689, 0.05796355516965249338, 0.01000000000000000021 ) ) ;
#1678 = VERTEX_POINT ( 'NONE', #4087 ) ;
#1679 = COLOUR_RGB ( '',0.9686274509803921573, 0.8784313725490195957, 0.5999999999999999778 ) ;
#1680 = CARTESIAN_POINT ( 'NONE',  ( -0.2484096615168078503, 0.05249579185888610111, 0.01000000000000000021 ) ) ;
#1681 = VECTOR ( 'NONE', #24, 1000.000000000000000 ) ;
#1682 = VECTOR ( 'NONE', #3702, 1000.000000000000000 ) ;
#1683 = FILL_AREA_STYLE_COLOUR ( '', #242 ) ;
#1684 = SURFACE_SIDE_STYLE ('',( #3132 ) ) ;
#1685 = UNCERTAINTY_MEASURE_WITH_UNIT (LENGTH_MEASURE( 1.000000000000000082E-05 ), #2097, 'distance_accuracy_value', 'NONE');
#1686 = EDGE_CURVE ( 'NONE', #366, #151, #1270, .T. ) ;
#1687 = DIRECTION ( 'NONE',  ( -0.000000000000000000, 0.000000000000000000, 1.000000000000000000 ) ) ;
#1688 = EDGE_CURVE ( 'NONE', #3953, #985, #1000, .T. ) ;
#1689 = DIRECTION ( 'NONE',  ( 0.000000000000000000, 0.000000000000000000, -1.000000000000000000 ) ) ;
#1690 = ORIENTED_EDGE ( 'NONE', *, *, #773, .F. ) ;
#1691 = DIRECTION ( 'NONE',  ( -1.000000000000000000, 0.000000000000000000, 0.000000000000000000 ) ) ;
#1692 = VECTOR ( 'NONE', #4526, 1000.000000000000000 ) ;
#1693 =( NAMED_UNIT ( * ) PLANE_ANGLE_UNIT ( ) SI_UNIT ( $, .RADIAN. ) );
#1694 = VECTOR ( 'NONE', #856, 1000.000000000000000 ) ;
#1695 = CARTESIAN_POINT ( 'NONE',  ( -0.09073526036951164164, 0.07934216556264037101, 0.01000000000000000021 ) ) ;
#1696 = EDGE_CURVE ( 'NONE', #4276, #426, #4478, .T. ) ;
#1697 = FILL_AREA_STYLE ('',( #2726 ) ) ;
#1698 = VERTEX_POINT ( 'NONE', #3343 ) ;
#1699 = STYLED_ITEM ( 'NONE', ( #3552 ), #2657 ) ;
#1700 = APPLICATION_CONTEXT ( 'automotive_design' ) ;
#1701 = ORIENTED_EDGE ( 'NONE', *, *, #4456, .F. ) ;
#1702 = SURFACE_STYLE_FILL_AREA ( #3872 ) ;
#1703 = VECTOR ( 'NONE', #2672, 1000.000000000000000 ) ;
#1704 = CARTESIAN_POINT ( 'NONE',  ( 0.1820829560939029590, 0.002741555806542805319, 0.01000000000000000021 ) ) ;
#1705 = CARTESIAN_POINT ( 'NONE',  ( -0.1411070708428360521, 0.06421458766542147145, 1.016439536705160407E-17 ) ) ;
#1706 = CARTESIAN_POINT ( 'NONE',  ( 0.1037112043802230210, -0.05234718014972269268, 0.01000000000000000021 ) ) ;
#1707 = EDGE_LOOP ( 'NONE', ( #2512, #2629, #995, #4242 ) ) ;
#1708 = CARTESIAN_POINT ( 'NONE',  ( 0.1310469238090001542, -0.05597402338331369798, 0.01000000000000000021 ) ) ;
#1709 = ORIENTED_EDGE ( 'NONE', *, *, #1434, .F. ) ;
#1710 = MECHANICAL_DESIGN_GEOMETRIC_PRESENTATION_REPRESENTATION (  '', ( #1045 ), #2683 ) ;
#1711 = DIRECTION ( 'NONE',  ( -0.000000000000000000, -0.000000000000000000, -1.000000000000000000 ) ) ;
#1712 = CARTESIAN_POINT ( 'NONE',  ( 0.9999999999999991118, 0.9999999999999995559, 0.000000000000000000 ) ) ;
#1713 = EDGE_CURVE ( 'NONE', #1214, #4141, #174, .T. ) ;
#1714 = CARTESIAN_POINT ( 'NONE',  ( -0.1801121658573165418, -0.07065783443735962344, 0.000000000000000000 ) ) ;
#1715 = LINE ( 'NONE', #951, #1339 ) ;
#1716 = VERTEX_POINT ( 'NONE', #3708 ) ;
#1717 =( NAMED_UNIT ( * ) PLANE_ANGLE_UNIT ( ) SI_UNIT ( $, .RADIAN. ) );
#1718 = DIRECTION ( 'NONE',  ( 0.3363908276654480889, -0.9417224702971437322, 0.000000000000000000 ) ) ;
#1719 = EDGE_LOOP ( 'NONE', ( #1064, #2275, #998, #2842, #4445, #2674 ) ) ;
#1720 = ADVANCED_FACE ( 'NONE', ( #3779 ), #1572, .F. ) ;
#1721 = EDGE_CURVE ( 'NONE', #657, #239, #181, .T. ) ;
#1722 = EDGE_CURVE ( 'NONE', #1656, #3377, #2814, .T. ) ;
#1723 =( NAMED_UNIT ( * ) PLANE_ANGLE_UNIT ( ) SI_UNIT ( $, .RADIAN. ) );
#1724 = LINE ( 'NONE', #1003, #1189 ) ;
#1725 = VERTEX_POINT ( 'NONE', #2489 ) ;
#1726 = ORIENTED_EDGE ( 'NONE', *, *, #331, .F. ) ;
#1727 = FACE_OUTER_BOUND ( 'NONE', #1957, .T. ) ;
#1728 = CARTESIAN_POINT ( 'NONE',  ( -0.1488622515459346873, -0.0009908424995391793607, 0.000000000000000000 ) ) ;
#1729 = DIRECTION ( 'NONE',  ( 1.000000000000000000, -1.084202172485504237E-15, 0.000000000000000000 ) ) ;
#1730 = ORIENTED_EDGE ( 'NONE', *, *, #1713, .F. ) ;
#1731 = LINE ( 'NONE', #2386, #2279 ) ;
#1732 = CARTESIAN_POINT ( 'NONE',  ( -0.2478497403214207084, 0.05485365079496448693, 0.000000000000000000 ) ) ;
#1733 = DIRECTION ( 'NONE',  ( 1.000000000000000000, 0.000000000000000000, -0.000000000000000000 ) ) ;
#1734 = LINE ( 'NONE', #332, #3279 ) ;
#1735 = LINE ( 'NONE', #3158, #1538 ) ;
#1736 = DIRECTION ( 'NONE',  ( 1.000000000000000000, 0.000000000000000000, 0.000000000000000000 ) ) ;
#1737 = EDGE_CURVE ( 'NONE', #264, #962, #4549, .T. ) ;
#1738 = CARTESIAN_POINT ( 'NONE',  ( 0.2150097853621956434, -0.05419441980321328123, 0.000000000000000000 ) ) ;
#1739 = EDGE_LOOP ( 'NONE', ( #3259, #1690, #967, #1513 ) ) ;
#1740 = LINE ( 'NONE', #3515, #868 ) ;
#1741 = CARTESIAN_POINT ( 'NONE',  ( -0.1689572276812665863, -0.002158021330254386323, 0.000000000000000000 ) ) ;
#1742 = VERTEX_POINT ( 'NONE', #623 ) ;
#1743 = CARTESIAN_POINT ( 'NONE',  ( -0.6000000000000003109, -0.3999999999999995226, 0.000000000000000000 ) ) ;
#1744 = FACE_OUTER_BOUND ( 'NONE', #781, .T. ) ;
#1745 = CARTESIAN_POINT ( 'NONE',  ( 0.1484056548666715936, 0.06063563987990895632, 6.776263578034402713E-18 ) ) ;
#1746 = CARTESIAN_POINT ( 'NONE',  ( 0.1318924073134151720, -0.07248710273004253801, 6.776263578034402713E-18 ) ) ;
#1747 = ORIENTED_EDGE ( 'NONE', *, *, #1154, .F. ) ;
#1748 = ORIENTED_EDGE ( 'NONE', *, *, #1284, .F. ) ;
#1749 = CARTESIAN_POINT ( 'NONE',  ( -0.09769003981585140661, -0.07050407944171321883, 1.016439536705160407E-17 ) ) ;
#1750 = CARTESIAN_POINT ( 'NONE',  ( 0.1629112798101582105, 0.07273379127348453266, 0.01000000000000000021 ) ) ;
#1751 = VECTOR ( 'NONE', #3701, 1000.000000000000000 ) ;
#1752 =( NAMED_UNIT ( * ) SI_UNIT ( $, .STERADIAN. ) SOLID_ANGLE_UNIT ( ) );
#1753 = EDGE_LOOP ( 'NONE', ( #1774, #599, #112, #4475, #767 ) ) ;
#1754 = CARTESIAN_POINT ( 'NONE',  ( -0.2462230652475604631, 0.06104948263581110729, 0.01000000000000000021 ) ) ;
#1755 = ORIENTED_EDGE ( 'NONE', *, *, #2710, .F. ) ;
#1756 = AXIS2_PLACEMENT_3D ( 'NONE', #3175, #2809, #19 ) ;
#1757 = DIRECTION ( 'NONE',  ( 1.000000000000000000, 0.000000000000000000, -0.000000000000000000 ) ) ;
#1758 = CARTESIAN_POINT ( 'NONE',  ( 0.1318924073134151720, -0.07248710273004253801, 0.01000000000000000021 ) ) ;
#1759 = CARTESIAN_POINT ( 'NONE',  ( -0.2457177288678047689, 0.05796355516965249338, 0.01000000000000000021 ) ) ;
#1760 = CARTESIAN_POINT ( 'NONE',  ( 0.1540647165427256049, -0.06976529971912073802, 0.000000000000000000 ) ) ;
#1761 = CARTESIAN_POINT ( 'NONE',  ( 0.000000000000000000, 0.000000000000000000, -0.02500000000000000139 ) ) ;
#1762 = STYLED_ITEM ( 'NONE', ( #911 ), #977 ) ;
#1763 = PLANE ( 'NONE',  #3051 ) ;
#1764 = ORIENTED_EDGE ( 'NONE', *, *, #2793, .F. ) ;
#1765 = VECTOR ( 'NONE', #746, 1000.000000000000000 ) ;
#1766 = FACE_OUTER_BOUND ( 'NONE', #2364, .T. ) ;
#1767 = CARTESIAN_POINT ( 'NONE',  ( -0.1348838321504641780, -0.05897572993127142560, 0.000000000000000000 ) ) ;
#1768 = VERTEX_POINT ( 'NONE', #3206 ) ;
#1769 = FILL_AREA_STYLE_COLOUR ( '', #3044 ) ;
#1770 =( NAMED_UNIT ( * ) SI_UNIT ( $, .STERADIAN. ) SOLID_ANGLE_UNIT ( ) );
#1771 = CARTESIAN_POINT ( 'NONE',  ( 0.1701673521363755992, 0.04365746522053321615, 0.01000000000000000021 ) ) ;
#1772 = PRODUCT_DEFINITION ( '未知', '', #3330, #3650 ) ;
#1773 = CARTESIAN_POINT ( 'NONE',  ( 0.04122929755731759294, -0.002974907608091332655, 0.01000000000000000021 ) ) ;
#1774 = ORIENTED_EDGE ( 'NONE', *, *, #3382, .F. ) ;
#1775 = COLOUR_RGB ( '',0.9686274509803921573, 0.8784313725490195957, 0.5999999999999999778 ) ;
#1776 = AXIS2_PLACEMENT_3D ( 'NONE', #3189, #7, #1413 ) ;
#1777 = ORIENTED_EDGE ( 'NONE', *, *, #1535, .F. ) ;
#1778 = DIRECTION ( 'NONE',  ( -1.000000000000000000, 0.000000000000000000, 0.000000000000000000 ) ) ;
#1779 = CARTESIAN_POINT ( 'NONE',  ( 0.1562216043953288114, 0.07584587973499638813, 0.01000000000000000021 ) ) ;
#1780 = CARTESIAN_POINT ( 'NONE',  ( -0.5999999999999999778, 0.9999999999999995559, 0.000000000000000000 ) ) ;
#1781 = VECTOR ( 'NONE', #3586, 1000.000000000000000 ) ;
#1782 = FACE_OUTER_BOUND ( 'NONE', #1564, .T. ) ;
#1783 = CARTESIAN_POINT ( 'NONE',  ( -0.2020633853695116278, -0.07065783443735962344, 0.000000000000000000 ) ) ;
#1784 = STYLED_ITEM ( 'NONE', ( #170 ), #2889 ) ;
#1785 = DIRECTION ( 'NONE',  ( 1.000000000000000000, 0.000000000000000000, 0.000000000000000000 ) ) ;
#1786 = CARTESIAN_POINT ( 'NONE',  ( 0.09202705007600500697, -0.06366033164394113708, 0.01000000000000000021 ) ) ;
#1787 = CARTESIAN_POINT ( 'NONE',  ( 0.1200815469271505065, -0.07194088424619199396, 0.000000000000000000 ) ) ;
#1788 = DIRECTION ( 'NONE',  ( -0.000000000000000000, -0.000000000000000000, -1.000000000000000000 ) ) ;
#1789 = VECTOR ( 'NONE', #213, 1000.000000000000000 ) ;
#1790 = DIRECTION ( 'NONE',  ( 1.000000000000000000, 0.000000000000000000, 0.000000000000000000 ) ) ;
#1791 = MECHANICAL_DESIGN_GEOMETRIC_PRESENTATION_REPRESENTATION (  '', ( #604 ), #1936 ) ;
#1792 = CARTESIAN_POINT ( 'NONE',  ( -0.04840484878414582498, -0.07065783443735962344, 0.01000000000000000021 ) ) ;
#1793 = ORIENTED_EDGE ( 'NONE', *, *, #1972, .F. ) ;
#1794 = DIRECTION ( 'NONE',  ( -0.000000000000000000, -0.000000000000000000, 1.000000000000000000 ) ) ;
#1795 = ORIENTED_EDGE ( 'NONE', *, *, #1096, .F. ) ;
#1796 = CARTESIAN_POINT ( 'NONE',  ( 0.000000000000000000, 0.000000000000000000, 0.000000000000000000 ) ) ;
#1797 = DIRECTION ( 'NONE',  ( -0.000000000000000000, -0.000000000000000000, -1.000000000000000000 ) ) ;
#1798 = FILL_AREA_STYLE ('',( #4559 ) ) ;
#1799 = ORIENTED_EDGE ( 'NONE', *, *, #2798, .T. ) ;
#1800 = ORIENTED_EDGE ( 'NONE', *, *, #3699, .F. ) ;
#1801 = CARTESIAN_POINT ( 'NONE',  ( -0.1428483609846913083, 0.03584708877403599420, 0.000000000000000000 ) ) ;
#1802 = CARTESIAN_POINT ( 'NONE',  ( 0.1259187030451224820, 0.08117143385532328559, 0.01000000000000000021 ) ) ;
#1803 = SURFACE_SIDE_STYLE ('',( #417 ) ) ;
#1804 = CARTESIAN_POINT ( 'NONE',  ( 0.1999999999999999833, -0.9999999999999991118, -0.02500000000000000139 ) ) ;
#1805 =( NAMED_UNIT ( * ) SI_UNIT ( $, .STERADIAN. ) SOLID_ANGLE_UNIT ( ) );
#1806 = ORIENTED_EDGE ( 'NONE', *, *, #3511, .T. ) ;
#1807 = CARTESIAN_POINT ( 'NONE',  ( 0.1257472091426834471, 0.06470801922117695726, 0.000000000000000000 ) ) ;
#1808 =( NAMED_UNIT ( * ) SI_UNIT ( $, .STERADIAN. ) SOLID_ANGLE_UNIT ( ) );
#1809 = FACE_OUTER_BOUND ( 'NONE', #751, .T. ) ;
#1810 = EDGE_CURVE ( 'NONE', #1716, #3754, #3103, .T. ) ;
#1811 = CARTESIAN_POINT ( 'NONE',  ( 0.1996522302568740914, -0.02164590142838602321, 0.000000000000000000 ) ) ;
#1812 =( LENGTH_UNIT ( ) NAMED_UNIT ( * ) SI_UNIT ( .MILLI., .METRE. ) );
#1813 = DIRECTION ( 'NONE',  ( -0.000000000000000000, -0.000000000000000000, 1.000000000000000000 ) ) ;
#1814 = EDGE_LOOP ( 'NONE', ( #3528, #4327, #3731, #3626 ) ) ;
#1815 = CARTESIAN_POINT ( 'NONE',  ( 0.2717171024353663977, -0.05419441980321328123, 0.01000000000000000021 ) ) ;
#1816 = FILL_AREA_STYLE_COLOUR ( '', #1775 ) ;
#1817 = EDGE_LOOP ( 'NONE', ( #1540, #1709, #3161, #1701, #3556, #2904, #547, #3360 ) ) ;
#1818 = DIRECTION ( 'NONE',  ( -4.336808689942018722E-16, 1.000000000000000000, -0.000000000000000000 ) ) ;
#1819 = CARTESIAN_POINT ( 'NONE',  ( 0.1291199225573175791, -0.05602368809589620968, 0.000000000000000000 ) ) ;
#1820 = DIRECTION ( 'NONE',  ( -0.000000000000000000, 1.000000000000000000, -0.000000000000000000 ) ) ;
#1821 = CARTESIAN_POINT ( 'NONE',  ( -0.1367788962015368537, 0.04483767555317581116, 0.000000000000000000 ) ) ;
#1822 = DIRECTION ( 'NONE',  ( 0.000000000000000000, -0.000000000000000000, -1.000000000000000000 ) ) ;
#1823 = EDGE_CURVE ( 'NONE', #1086, #2123, #2833, .T. ) ;
#1824 = SURFACE_STYLE_USAGE ( .BOTH. , #1803 ) ;
#1825 =( NAMED_UNIT ( * ) SI_UNIT ( $, .STERADIAN. ) SOLID_ANGLE_UNIT ( ) );
#1826 = CARTESIAN_POINT ( 'NONE',  ( 0.09939693078456024455, -0.06715648765006448917, 6.776263578034402713E-18 ) ) ;
#1827 = EDGE_LOOP ( 'NONE', ( #16, #2162, #3435, #1526 ) ) ;
#1828 = ADVANCED_FACE ( 'NONE', ( #3849 ), #3156, .T. ) ;
#1829 = DIRECTION ( 'NONE',  ( -0.000000000000000000, -0.000000000000000000, -1.000000000000000000 ) ) ;
#1830 = LINE ( 'NONE', #2444, #1611 ) ;
#1831 = FACE_OUTER_BOUND ( 'NONE', #2573, .T. ) ;
#1832 = VERTEX_POINT ( 'NONE', #3130 ) ;
#1833 = COLOUR_RGB ( '',0.9686274509803921573, 0.8784313725490195957, 0.5999999999999999778 ) ;
#1834 = EDGE_CURVE ( 'NONE', #3283, #4355, #1359, .T. ) ;
#1835 = LINE ( 'NONE', #1071, #606 ) ;
#1836 = EDGE_LOOP ( 'NONE', ( #1165, #3179, #2103, #3934, #3769, #3517 ) ) ;
#1837 = STYLED_ITEM ( 'NONE', ( #4138 ), #1253 ) ;
#1838 = EDGE_CURVE ( 'NONE', #1485, #573, #4204, .T. ) ;
#1839 = CARTESIAN_POINT ( 'NONE',  ( 0.1505621444997833347, -0.05215325485239487302, 0.000000000000000000 ) ) ;
#1840 = CARTESIAN_POINT ( 'NONE',  ( 0.2020117244501568043, 0.01014229557415417121, 1.355252715606880543E-17 ) ) ;
#1841 = ORIENTED_EDGE ( 'NONE', *, *, #3215, .T. ) ;
#1842 = FACE_OUTER_BOUND ( 'NONE', #50, .T. ) ;
#1843 = CARTESIAN_POINT ( 'NONE',  ( 0.1257472091426834471, 0.06470801922117695726, 0.000000000000000000 ) ) ;
#1844 = DIRECTION ( 'NONE',  ( 0.000000000000000000, -1.000000000000000000, 0.000000000000000000 ) ) ;
#1845 = CARTESIAN_POINT ( 'NONE',  ( 0.1596359296218436141, -0.04717802069556794459, 6.776263578034402713E-18 ) ) ;
#1846 = EDGE_CURVE ( 'NONE', #407, #1924, #1087, .T. ) ;
#1847 = CARTESIAN_POINT ( 'NONE',  ( 0.1257472091426834471, 0.06470801922117695726, 0.01000000000000000021 ) ) ;
#1848 = AXIS2_PLACEMENT_3D ( 'NONE', #3331, #1599, #3695 ) ;
#1849 = VECTOR ( 'NONE', #1794, 1000.000000000000000 ) ;
#1850 = LINE ( 'NONE', #373, #3680 ) ;
#1851 = CARTESIAN_POINT ( 'NONE',  ( 0.1470272750257143879, -0.07136017695363236490, 0.01000000000000000021 ) ) ;
#1852 = ORIENTED_EDGE ( 'NONE', *, *, #555, .F. ) ;
#1853 = PLANE ( 'NONE',  #1949 ) ;
#1854 = AXIS2_PLACEMENT_3D ( 'NONE', #2755, #546, #274 ) ;
#1855 = FACE_OUTER_BOUND ( 'NONE', #4217, .T. ) ;
#1856 = CARTESIAN_POINT ( 'NONE',  ( 0.1163824188829342549, 0.06415060457532516247, 0.01000000000000000021 ) ) ;
#1857 = DIRECTION ( 'NONE',  ( -0.000000000000000000, 1.000000000000000000, -0.000000000000000000 ) ) ;
#1858 = DIRECTION ( 'NONE',  ( 0.000000000000000000, -0.000000000000000000, 1.000000000000000000 ) ) ;
#1859 = VERTEX_POINT ( 'NONE', #2514 ) ;
#1860 = ADVANCED_FACE ( 'NONE', ( #3454 ), #2091, .F. ) ;
#1861 = DIRECTION ( 'NONE',  ( 1.000000000000000000, 0.000000000000000000, 0.000000000000000000 ) ) ;
#1862 = ORIENTED_EDGE ( 'NONE', *, *, #4195, .T. ) ;
#1863 = AXIS2_PLACEMENT_3D ( 'NONE', #2336, #254, #4188 ) ;
#1864 = CARTESIAN_POINT ( 'NONE',  ( 0.5999999999999989786, -0.9999999999999991118, -0.02500000000000000139 ) ) ;
#1865 = CARTESIAN_POINT ( 'NONE',  ( 0.1999999999999999833, -0.9999999999999991118, -0.02500000000000000139 ) ) ;
#1866 = EDGE_LOOP ( 'NONE', ( #3837, #650, #2296, #3445 ) ) ;
#1867 = CARTESIAN_POINT ( 'NONE',  ( -0.1605552562339389866, 0.04275797250977034919, 0.01000000000000000021 ) ) ;
#1868 = STYLED_ITEM ( 'NONE', ( #3084 ), #3983 ) ;
#1869 = LINE ( 'NONE', #1466, #498 ) ;
#1870 = EDGE_CURVE ( 'NONE', #2541, #123, #124, .T. ) ;
#1871 = PRESENTATION_LAYER_ASSIGNMENT (  '', '', ( #2626 ) ) ;
#1872 = LINE ( 'NONE', #1496, #3801 ) ;
#1873 = CARTESIAN_POINT ( 'NONE',  ( 0.1675328755659732383, -0.04020915383066799714, 6.776263578034402713E-18 ) ) ;
#1874 = CARTESIAN_POINT ( 'NONE',  ( -0.1566543203288393582, -0.03836266111513166044, 0.01000000000000000021 ) ) ;
#1875 = DIRECTION ( 'NONE',  ( -1.000000000000000000, 0.000000000000000000, 0.000000000000000000 ) ) ;
#1876 = VERTEX_POINT ( 'NONE', #793 ) ;
#1877 = DIRECTION ( 'NONE',  ( -0.3635424856527064152, -0.9315776194850602376, 0.000000000000000000 ) ) ;
#1878 = FACE_OUTER_BOUND ( 'NONE', #2548, .T. ) ;
#1879 = PLANE ( 'NONE',  #4090 ) ;
#1880 = CARTESIAN_POINT ( 'NONE',  ( -0.2438221506134140848, 0.05053118995288426868, 0.01000000000000000021 ) ) ;
#1881 =( LENGTH_UNIT ( ) NAMED_UNIT ( * ) SI_UNIT ( .MILLI., .METRE. ) );
#1882 = FILL_AREA_STYLE_COLOUR ( '', #749 ) ;
#1883 = ORIENTED_EDGE ( 'NONE', *, *, #64, .T. ) ;
#1884 = VECTOR ( 'NONE', #4313, 1000.000000000000000 ) ;
#1885 = SURFACE_SIDE_STYLE ('',( #2326 ) ) ;
#1886 = VERTEX_POINT ( 'NONE', #2154 ) ;
#1887 = UNCERTAINTY_MEASURE_WITH_UNIT (LENGTH_MEASURE( 1.000000000000000082E-05 ), #2308, 'distance_accuracy_value', 'NONE');
#1888 = EDGE_CURVE ( 'NONE', #3354, #230, #834, .T. ) ;
#1889 = LINE ( 'NONE', #2163, #2821 ) ;
#1890 = SURFACE_SIDE_STYLE ('',( #3833 ) ) ;
#1891 = CARTESIAN_POINT ( 'NONE',  ( 0.1291199225573175791, -0.05602368809589620968, 0.01000000000000000021 ) ) ;
#1892 = ORIENTED_EDGE ( 'NONE', *, *, #2941, .T. ) ;
#1893 = CARTESIAN_POINT ( 'NONE',  ( -0.1199018994352993306, -0.04811857738962169867, 0.01000000000000000021 ) ) ;
#1894 = CARTESIAN_POINT ( 'NONE',  ( 0.1286278795905795580, 0.08110840010330529204, -0.000000000000000000 ) ) ;
#1895 = PLANE ( 'NONE',  #1093 ) ;
#1896 = B_SPLINE_SURFACE_WITH_KNOTS ( 'NONE', 3, 1, ( 
 ( #305, #2342 ),
 ( #2029, #3750 ),
 ( #208, #1307 ),
 ( #4513, #2761 ),
 ( #3473, #1986 ),
 ( #2670, #237 ),
 ( #1654, #891 ),
 ( #3073, #2733 ),
 ( #1610, #1705 ),
 ( #2360, #2714 ),
 ( #260, #3771 ),
 ( #3032, #4174 ),
 ( #1241, #4493 ),
 ( #4082, #4144 ),
 ( #964, #3728 ),
 ( #2382, #1636 ),
 ( #3054, #983 ),
 ( #595, #3448 ),
 ( #279, #1674 ) ),
 .UNSPECIFIED., .F., .F., .F.,
 ( 4, 1, 1, 1, 1, 1, 1, 1, 1, 1, 1, 1, 1, 1, 1, 1, 4 ),
 ( 2, 2 ),
 ( 0.000000000000000000, 0.06863117867660142868, 0.1345664660386773626, 0.1983281540108812191, 0.2607897666408453552, 0.3219991514841584745, 0.3827217465030195442, 0.4435374740357288514, 0.5051334294849251227, 0.5662138747646719983, 0.6261058646175456932, 0.6853493221605165830, 0.7449958703477973510, 0.8054158418145627163, 0.8676362663459531444, 0.9323077823023293575, 1.000000000000000000 ),
 ( 0.000000000000000000, 1.000000000000000000 ),
 .UNSPECIFIED. ) ;
#1897 = ORIENTED_EDGE ( 'NONE', *, *, #1374, .F. ) ;
#1898 = DIRECTION ( 'NONE',  ( 0.000000000000000000, -1.000000000000000000, 0.000000000000000000 ) ) ;
#1899 = CARTESIAN_POINT ( 'NONE',  ( -0.09064951341829213805, 0.06287875092849402880, 0.01000000000000000021 ) ) ;
#1900 = DIRECTION ( 'NONE',  ( -1.807003620809175125E-16, 1.000000000000000000, 0.000000000000000000 ) ) ;
#1901 = PLANE ( 'NONE',  #3388 ) ;
#1902 = ORIENTED_EDGE ( 'NONE', *, *, #3284, .T. ) ;
#1903 =( NAMED_UNIT ( * ) SI_UNIT ( $, .STERADIAN. ) SOLID_ANGLE_UNIT ( ) );
#1904 = EDGE_CURVE ( 'NONE', #2944, #4548, #3299, .T. ) ;
#1905 = CARTESIAN_POINT ( 'NONE',  ( -0.1490146048817067859, 0.005799863733372073726, 0.01000000000000000021 ) ) ;
#1906 = CARTESIAN_POINT ( 'NONE',  ( 0.09476794766432018735, -0.04875660772562975115, 6.776263578034402713E-18 ) ) ;
#1907 = STYLED_ITEM ( 'NONE', ( #1499 ), #785 ) ;
#1908 = VECTOR ( 'NONE', #683, 1000.000000000000000 ) ;
#1909 = CARTESIAN_POINT ( 'NONE',  ( 0.04122929755731759294, 0.06287875092849402880, 0.01000000000000000021 ) ) ;
#1910 = CARTESIAN_POINT ( 'NONE',  ( -0.1029153347222405979, -0.05329338389731126668, 6.776263578034402713E-18 ) ) ;
#1911 = STYLED_ITEM ( 'NONE', ( #3456 ), #4151 ) ;
#1912 = EDGE_CURVE ( 'NONE', #1282, #895, #2898, .T. ) ;
#1913 = DIRECTION ( 'NONE',  ( -5.421010862427527100E-16, 1.000000000000000000, 0.000000000000000000 ) ) ;
#1914 = VECTOR ( 'NONE', #661, 1000.000000000000000 ) ;
#1915 = DIRECTION ( 'NONE',  ( 0.000000000000000000, -0.000000000000000000, 1.000000000000000000 ) ) ;
#1916 = ADVANCED_FACE ( 'NONE', ( #2200 ), #4362, .T. ) ;
#1917 = ORIENTED_EDGE ( 'NONE', *, *, #684, .T. ) ;
#1918 = CARTESIAN_POINT ( 'NONE',  ( -0.1605583792783887298, -0.03200737456163762346, 1.016439536705160407E-17 ) ) ;
#1919 = ADVANCED_BREP_SHAPE_REPRESENTATION ( '零件1', ( #2619, #4137, #2625, #4142, #977, #4151, #4121, #3978, #512 ), #3397 ) ;
#1920 = PLANE ( 'NONE',  #3755 ) ;
#1921 = LINE ( 'NONE', #2988, #1682 ) ;
#1922 = DIRECTION ( 'NONE',  ( -1.000000000000000000, 0.000000000000000000, 0.000000000000000000 ) ) ;
#1923 = CARTESIAN_POINT ( 'NONE',  ( 0.1348298601824192977, -0.05587652554954750800, 0.01000000000000000021 ) ) ;
#1924 = VERTEX_POINT ( 'NONE', #2967 ) ;
#1925 = B_SPLINE_CURVE_WITH_KNOTS ( 'NONE', 3,
 ( #1278, #3371, #1503, #2688, #2334, #3619, #795, #4364, #1522, #1157, #3021 ),
 .UNSPECIFIED., .F., .F.,
 ( 4, 1, 1, 1, 1, 1, 1, 1, 4 ),
 ( 0.000000000000000000, 0.1252796967356261115, 0.2494199707420509948, 0.3733567994928191913, 0.4966812787822861841, 0.6202029157439823415, 0.7450863201614561504, 0.8712691950190973866, 1.000000000000000000 ),
 .UNSPECIFIED. ) ;
#1926 = VECTOR ( 'NONE', #2933, 1000.000000000000000 ) ;
#1927 = LINE ( 'NONE', #4110, #308 ) ;
#1928 = ADVANCED_FACE ( 'NONE', ( #4384 ), #1853, .F. ) ;
#1929 = UNCERTAINTY_MEASURE_WITH_UNIT (LENGTH_MEASURE( 1.000000000000000082E-05 ), #4474, 'distance_accuracy_value', 'NONE');
#1930 = CARTESIAN_POINT ( 'NONE',  ( 0.2022049073134151442, 0.001512516172396473390, 0.000000000000000000 ) ) ;
#1931 = MECHANICAL_DESIGN_GEOMETRIC_PRESENTATION_REPRESENTATION (  '', ( #963 ), #3565 ) ;
#1932 = CARTESIAN_POINT ( 'NONE',  ( 0.04122929755731759294, 0.06287875092849402880, 0.01000000000000000021 ) ) ;
#1933 =( NAMED_UNIT ( * ) PLANE_ANGLE_UNIT ( ) SI_UNIT ( $, .RADIAN. ) );
#1934 = VECTOR ( 'NONE', #2983, 1000.000000000000000 ) ;
#1935 = CARTESIAN_POINT ( 'NONE',  ( -0.1690766809171528606, 0.008947643475117268361, -0.000000000000000000 ) ) ;
#1936 =( GEOMETRIC_REPRESENTATION_CONTEXT ( 3 ) GLOBAL_UNCERTAINTY_ASSIGNED_CONTEXT ( ( #3737 ) ) GLOBAL_UNIT_ASSIGNED_CONTEXT ( ( #714, #669, #3851 ) ) REPRESENTATION_CONTEXT ( 'NONE', 'WORKASPACE' ) );
#1937 = LINE ( 'NONE', #3372, #576 ) ;
#1938 = LINE ( 'NONE', #1847, #672 ) ;
#1939 = EDGE_CURVE ( 'NONE', #3953, #2973, #2878, .T. ) ;
#1940 = MECHANICAL_DESIGN_GEOMETRIC_PRESENTATION_REPRESENTATION (  '', ( #4166 ), #4538 ) ;
#1941 = VERTEX_POINT ( 'NONE', #3249 ) ;
#1942 = DIRECTION ( 'NONE',  ( -1.000000000000000000, 0.000000000000000000, 0.000000000000000000 ) ) ;
#1943 = SURFACE_SIDE_STYLE ('',( #836 ) ) ;
#1944 = CARTESIAN_POINT ( 'NONE',  ( 0.2022049073134151442, 0.001512516172396473390, 0.01000000000000000021 ) ) ;
#1945 = VERTEX_POINT ( 'NONE', #71 ) ;
#1946 = SURFACE_STYLE_FILL_AREA ( #534 ) ;
#1947 = DIRECTION ( 'NONE',  ( -0.000000000000000000, -0.000000000000000000, -1.000000000000000000 ) ) ;
#1948 = PLANE ( 'NONE',  #2224 ) ;
#1949 = AXIS2_PLACEMENT_3D ( 'NONE', #3577, #2179, #2608 ) ;
#1950 = SURFACE_STYLE_FILL_AREA ( #3716 ) ;
#1951 = FILL_AREA_STYLE ('',( #1579 ) ) ;
#1952 = CARTESIAN_POINT ( 'NONE',  ( -0.2368194829304872406, 0.07934216556264037101, 0.01000000000000000021 ) ) ;
#1953 = CARTESIAN_POINT ( 'NONE',  ( -0.6000000000000001998, -0.9999999999999991118, 0.000000000000000000 ) ) ;
#1954 = CARTESIAN_POINT ( 'NONE',  ( 0.09809889104245565761, 0.07787186553470662465, 0.01000000000000000021 ) ) ;
#1955 = ORIENTED_EDGE ( 'NONE', *, *, #4180, .T. ) ;
#1956 = VECTOR ( 'NONE', #1372, 1000.000000000000000 ) ;
#1957 = EDGE_LOOP ( 'NONE', ( #4023, #241, #1639, #1421 ) ) ;
#1958 = ORIENTED_EDGE ( 'NONE', *, *, #2884, .T. ) ;
#1959 =( NAMED_UNIT ( * ) SI_UNIT ( $, .STERADIAN. ) SOLID_ANGLE_UNIT ( ) );
#1960 = ADVANCED_FACE ( 'NONE', ( #3748 ), #570, .F. ) ;
#1961 = CARTESIAN_POINT ( 'NONE',  ( -0.09648985124056509710, -0.05405025413925178268, 0.000000000000000000 ) ) ;
#1962 = CARTESIAN_POINT ( 'NONE',  ( -0.2569414341499994814, 0.07934216556264037101, 0.000000000000000000 ) ) ;
#1963 = FACE_OUTER_BOUND ( 'NONE', #3830, .T. ) ;
#1964 = DIRECTION ( 'NONE',  ( 1.000000000000000000, 0.000000000000000000, 0.000000000000000000 ) ) ;
#1965 = ORIENTED_EDGE ( 'NONE', *, *, #1236, .F. ) ;
#1966 = EDGE_CURVE ( 'NONE', #70, #2049, #1239, .T. ) ;
#1967 = SURFACE_STYLE_USAGE ( .BOTH. , #558 ) ;
#1968 = DIRECTION ( 'NONE',  ( -1.000000000000000000, 0.000000000000000000, 0.000000000000000000 ) ) ;
#1969 =( LENGTH_UNIT ( ) NAMED_UNIT ( * ) SI_UNIT ( .MILLI., .METRE. ) );
#1970 = LINE ( 'NONE', #154, #3694 ) ;
#1971 = CARTESIAN_POINT ( 'NONE',  ( 0.1629112798101582105, 0.07273379127348453266, 1.355252715606880543E-17 ) ) ;
#1972 = EDGE_CURVE ( 'NONE', #1326, #2667, #234, .T. ) ;
#1973 =( NAMED_UNIT ( * ) PLANE_ANGLE_UNIT ( ) SI_UNIT ( $, .RADIAN. ) );
#1974 = LINE ( 'NONE', #2305, #290 ) ;
#1975 = VECTOR ( 'NONE', #2562, 1000.000000000000000 ) ;
#1976 = FILL_AREA_STYLE ('',( #225 ) ) ;
#1977 = CARTESIAN_POINT ( 'NONE',  ( 0.1118321260819006568, 0.06342811296840300539, 6.776263578034402713E-18 ) ) ;
#1978 = DIRECTION ( 'NONE',  ( -0.000000000000000000, -0.000000000000000000, -1.000000000000000000 ) ) ;
#1979 = VECTOR ( 'NONE', #2707, 1000.000000000000000 ) ;
#1980 = PLANE ( 'NONE',  #1863 ) ;
#1981 = ORIENTED_EDGE ( 'NONE', *, *, #771, .F. ) ;
#1982 = ORIENTED_EDGE ( 'NONE', *, *, #1182, .T. ) ;
#1983 = ORIENTED_EDGE ( 'NONE', *, *, #4508, .F. ) ;
#1984 = CARTESIAN_POINT ( 'NONE',  ( -0.1691365561012189711, 0.006228598489469635083, 0.01000000000000000021 ) ) ;
#1985 = CARTESIAN_POINT ( 'NONE',  ( -0.1334331053901000874, -0.03848610562947483299, 0.000000000000000000 ) ) ;
#1986 = CARTESIAN_POINT ( 'NONE',  ( -0.1143773479020451650, 0.07665791320525996988, 1.016439536705160407E-17 ) ) ;
#1987 = VECTOR ( 'NONE', #333, 1000.000000000000000 ) ;
#1988 = CARTESIAN_POINT ( 'NONE',  ( 0.04122929755731759294, -0.05419441980321328123, 0.000000000000000000 ) ) ;
#1989 = ORIENTED_EDGE ( 'NONE', *, *, #4536, .T. ) ;
#1990 = PRESENTATION_STYLE_ASSIGNMENT (( #574 ) ) ;
#1991 = EDGE_LOOP ( 'NONE', ( #567, #1134, #1481, #3603, #2215 ) ) ;
#1992 = MECHANICAL_DESIGN_GEOMETRIC_PRESENTATION_REPRESENTATION (  '', ( #4295 ), #2066 ) ;
#1993 = DIRECTION ( 'NONE',  ( -0.000000000000000000, -0.000000000000000000, -1.000000000000000000 ) ) ;
#1994 = LINE ( 'NONE', #244, #3865 ) ;
#1995 = FILL_AREA_STYLE ('',( #1642 ) ) ;
#1996 = CARTESIAN_POINT ( 'NONE',  ( -0.2484096615168078503, 0.05249579185888610111, 6.776263578034402713E-18 ) ) ;
#1997 = VECTOR ( 'NONE', #3853, 1000.000000000000000 ) ;
#1998 =( GEOMETRIC_REPRESENTATION_CONTEXT ( 3 ) GLOBAL_UNCERTAINTY_ASSIGNED_CONTEXT ( ( #2445 ) ) GLOBAL_UNIT_ASSIGNED_CONTEXT ( ( #613, #2692, #3444 ) ) REPRESENTATION_CONTEXT ( 'NONE', 'WORKASPACE' ) );
#1999 = PLANE ( 'NONE',  #3686 ) ;
#2000 = VECTOR ( 'NONE', #638, 1000.000000000000000 ) ;
#2001 = EDGE_CURVE ( 'NONE', #3649, #4237, #3430, .T. ) ;
#2002 = AXIS2_PLACEMENT_3D ( 'NONE', #3010, #1968, #3105 ) ;
#2003 = CARTESIAN_POINT ( 'NONE',  ( 0.1664760636699978147, 0.04800193078701524979, 0.01000000000000000021 ) ) ;
#2004 = PLANE ( 'NONE',  #1854 ) ;
#2005 = ORIENTED_EDGE ( 'NONE', *, *, #1888, .T. ) ;
#2006 = VERTEX_POINT ( 'NONE', #1984 ) ;
#2007 = VECTOR ( 'NONE', #363, 1000.000000000000000 ) ;
#2008 = FILL_AREA_STYLE ('',( #1216 ) ) ;
#2009 = CARTESIAN_POINT ( 'NONE',  ( -0.1999999999999999833, -0.9999999999999991118, 0.000000000000000000 ) ) ;
#2010 = DIRECTION ( 'NONE',  ( 1.000000000000000000, 0.000000000000000000, 0.000000000000000000 ) ) ;
#2011 = LINE ( 'NONE', #3774, #2000 ) ;
#2012 = ORIENTED_EDGE ( 'NONE', *, *, #3236, .T. ) ;
#2013 = CARTESIAN_POINT ( 'NONE',  ( 0.1812606587809045822, -0.009986507205306933282, 0.01000000000000000021 ) ) ;
#2014 = VERTEX_POINT ( 'NONE', #3378 ) ;
#2015 = CARTESIAN_POINT ( 'NONE',  ( -0.2935268000036579394, -0.07065783443735962344, 0.01000000000000000021 ) ) ;
#2016 = COLOUR_RGB ( '',0.9686274509803921573, 0.8784313725490195957, 0.5999999999999999778 ) ;
#2017 = PLANE ( 'NONE',  #4455 ) ;
#2018 = UNCERTAINTY_MEASURE_WITH_UNIT (LENGTH_MEASURE( 1.000000000000000082E-05 ), #3736, 'distance_accuracy_value', 'NONE');
#2019 = CARTESIAN_POINT ( 'NONE',  ( 0.2009954570972832533, 0.01849383933072406422, 1.355252715606880543E-17 ) ) ;
#2020 = SURFACE_SIDE_STYLE ('',( #607 ) ) ;
#2021 = CARTESIAN_POINT ( 'NONE',  ( 0.1820310089219862593, 0.005058469447965557343, -0.000000000000000000 ) ) ;
#2022 =( NAMED_UNIT ( * ) PLANE_ANGLE_UNIT ( ) SI_UNIT ( $, .RADIAN. ) );
#2023 =( LENGTH_UNIT ( ) NAMED_UNIT ( * ) SI_UNIT ( .MILLI., .METRE. ) );
#2024 = CARTESIAN_POINT ( 'NONE',  ( 0.1021666580866318202, 0.07891850231351620060, 0.01000000000000000021 ) ) ;
#2025 = ORIENTED_EDGE ( 'NONE', *, *, #4195, .F. ) ;
#2026 = ORIENTED_EDGE ( 'NONE', *, *, #4389, .T. ) ;
#2027 = CARTESIAN_POINT ( 'NONE',  ( -0.1137654525560780200, -0.06786506988204488167, 1.016439536705160407E-17 ) ) ;
#2028 = ADVANCED_FACE ( 'NONE', ( #4036 ), #1152, .T. ) ;
#2029 = CARTESIAN_POINT ( 'NONE',  ( -0.09349103997946410505, 0.07928074176975301313, 0.01000000000000000021 ) ) ;
#2030 = FACE_BOUND ( 'NONE', #1261, .T. ) ;
#2031 = PRESENTATION_LAYER_ASSIGNMENT (  '', '', ( #3441 ) ) ;
#2032 = ORIENTED_EDGE ( 'NONE', *, *, #1939, .T. ) ;
#2033 = CARTESIAN_POINT ( 'NONE',  ( 0.1801279721444138393, -0.01589751548200745573, 0.01000000000000000021 ) ) ;
#2034 = ORIENTED_EDGE ( 'NONE', *, *, #2872, .F. ) ;
#2035 = DIRECTION ( 'NONE',  ( 0.000000000000000000, -1.000000000000000000, 0.000000000000000000 ) ) ;
#2036 =( LENGTH_UNIT ( ) NAMED_UNIT ( * ) SI_UNIT ( .MILLI., .METRE. ) );
#2037 = DIRECTION ( 'NONE',  ( 1.000000000000000000, 0.000000000000000000, 0.000000000000000000 ) ) ;
#2038 = ADVANCED_FACE ( 'NONE', ( #1727 ), #658, .F. ) ;
#2039 =( LENGTH_UNIT ( ) NAMED_UNIT ( * ) SI_UNIT ( .MILLI., .METRE. ) );
#2040 = CARTESIAN_POINT ( 'NONE',  ( -0.04840484878414582498, 0.07934216556264037101, 0.000000000000000000 ) ) ;
#2041 = DIRECTION ( 'NONE',  ( -0.000000000000000000, -0.000000000000000000, -1.000000000000000000 ) ) ;
#2042 = CLOSED_SHELL ( 'NONE', ( #3707, #2262, #4464, #291, #1253, #997 ) ) ;
#2043 = DIRECTION ( 'NONE',  ( 1.000000000000000000, -0.000000000000000000, -0.000000000000000000 ) ) ;
#2044 =( LENGTH_UNIT ( ) NAMED_UNIT ( * ) SI_UNIT ( .MILLI., .METRE. ) );
#2045 = CARTESIAN_POINT ( 'NONE',  ( 0.1259187030451224820, 0.08117143385532328559, 0.01000000000000000021 ) ) ;
#2046 = SURFACE_STYLE_USAGE ( .BOTH. , #979 ) ;
#2047 = EDGE_LOOP ( 'NONE', ( #3052, #3303, #2728, #4582 ) ) ;
#2048 =( GEOMETRIC_REPRESENTATION_CONTEXT ( 3 ) GLOBAL_UNCERTAINTY_ASSIGNED_CONTEXT ( ( #4431 ) ) GLOBAL_UNIT_ASSIGNED_CONTEXT ( ( #1635, #1305, #550 ) ) REPRESENTATION_CONTEXT ( 'NONE', 'WORKASPACE' ) );
#2049 = VERTEX_POINT ( 'NONE', #3174 ) ;
#2050 = CARTESIAN_POINT ( 'NONE',  ( -0.6000000000000003109, -0.3999999999999995226, 0.000000000000000000 ) ) ;
#2051 = EDGE_CURVE ( 'NONE', #4104, #1439, #2124, .T. ) ;
#2052 = FACE_OUTER_BOUND ( 'NONE', #2358, .T. ) ;
#2053 = COLOUR_RGB ( '',1.000000000000000000, 1.000000000000000000, 1.000000000000000000 ) ;
#2054 = CARTESIAN_POINT ( 'NONE',  ( -0.3154780195158531364, -0.07065783443735962344, 0.000000000000000000 ) ) ;
#2055 = CARTESIAN_POINT ( 'NONE',  ( 0.09476794766432018735, -0.04875660772562975115, 0.01000000000000000021 ) ) ;
#2056 = VERTEX_POINT ( 'NONE', #2050 ) ;
#2057 = EDGE_CURVE ( 'NONE', #4584, #1086, #1399, .T. ) ;
#2058 = DIRECTION ( 'NONE',  ( 1.000000000000000000, 0.000000000000000000, 0.000000000000000000 ) ) ;
#2059 = ORIENTED_EDGE ( 'NONE', *, *, #3788, .T. ) ;
#2060 =( LENGTH_UNIT ( ) NAMED_UNIT ( * ) SI_UNIT ( .MILLI., .METRE. ) );
#2061 = COLOUR_RGB ( '',0.2235294117647058654, 0.2235294117647058654, 0.2235294117647058654 ) ;
#2062 = SURFACE_SIDE_STYLE ('',( #4480 ) ) ;
#2063 = UNCERTAINTY_MEASURE_WITH_UNIT (LENGTH_MEASURE( 1.000000000000000082E-05 ), #1293, 'distance_accuracy_value', 'NONE');
#2064 = PLANE ( 'NONE',  #4299 ) ;
#2065 = EDGE_CURVE ( 'NONE', #687, #2402, #3201, .T. ) ;
#2066 =( GEOMETRIC_REPRESENTATION_CONTEXT ( 3 ) GLOBAL_UNCERTAINTY_ASSIGNED_CONTEXT ( ( #4352 ) ) GLOBAL_UNIT_ASSIGNED_CONTEXT ( ( #3664, #617, #3795 ) ) REPRESENTATION_CONTEXT ( 'NONE', 'WORKASPACE' ) );
#2067 = EDGE_CURVE ( 'NONE', #3754, #2541, #4193, .T. ) ;
#2068 = ADVANCED_FACE ( 'NONE', ( #3471 ), #3541, .F. ) ;
#2069 = ORIENTED_EDGE ( 'NONE', *, *, #4346, .F. ) ;
#2070 = PLANE ( 'NONE',  #1776 ) ;
#2071 = VECTOR ( 'NONE', #161, 1000.000000000000000 ) ;
#2072 = DIRECTION ( 'NONE',  ( -1.000000000000000000, 2.168404344971003346E-15, 0.000000000000000000 ) ) ;
#2073 = VECTOR ( 'NONE', #135, 1000.000000000000000 ) ;
#2074 = EDGE_LOOP ( 'NONE', ( #2607, #36, #2143, #116 ) ) ;
#2075 = PRESENTATION_LAYER_ASSIGNMENT (  '', '', ( #3194 ) ) ;
#2076 =( LENGTH_UNIT ( ) NAMED_UNIT ( * ) SI_UNIT ( .MILLI., .METRE. ) );
#2077 = CARTESIAN_POINT ( 'NONE',  ( 0.1533710194366915691, 0.05825753532812969621, 0.01000000000000000021 ) ) ;
#2078 = PLANE ( 'NONE',  #3111 ) ;
#2079 = EDGE_LOOP ( 'NONE', ( #3486, #3622, #2104, #1144 ) ) ;
#2080 = PRESENTATION_LAYER_ASSIGNMENT (  '', '', ( #963 ) ) ;
#2081 = ORIENTED_EDGE ( 'NONE', *, *, #533, .F. ) ;
#2082 = CARTESIAN_POINT ( 'NONE',  ( 0.1752136103728707539, 0.06448061551889758269, 0.01000000000000000021 ) ) ;
#2083 = CARTESIAN_POINT ( 'NONE',  ( -0.2462230652475604631, 0.06104948263581110729, 0.000000000000000000 ) ) ;
#2084 = EDGE_CURVE ( 'NONE', #3948, #2773, #1128, .T. ) ;
#2085 = FACE_OUTER_BOUND ( 'NONE', #4319, .T. ) ;
#2086 = CARTESIAN_POINT ( 'NONE',  ( -0.1194546841145145283, 0.05737523800670613766, 6.776263578034402713E-18 ) ) ;
#2087 = ORIENTED_EDGE ( 'NONE', *, *, #3250, .T. ) ;
#2088 = CARTESIAN_POINT ( 'NONE',  ( -0.2451599556366338972, 0.05513620855106900892, 0.01000000000000000021 ) ) ;
#2089 = ORIENTED_EDGE ( 'NONE', *, *, #4052, .F. ) ;
#2090 = VECTOR ( 'NONE', #3864, 1000.000000000000000 ) ;
#2091 = PLANE ( 'NONE',  #4069 ) ;
#2092 = CARTESIAN_POINT ( 'NONE',  ( -0.9999999999999991118, -0.9999999999999995559, 0.6999999999999999556 ) ) ;
#2093 = CARTESIAN_POINT ( 'NONE',  ( -0.01181948293048725590, 0.01348850702605500218, 0.000000000000000000 ) ) ;
#2094 = COLOUR_RGB ( '',0.9686274509803921573, 0.8784313725490195957, 0.5999999999999999778 ) ;
#2095 = ORIENTED_EDGE ( 'NONE', *, *, #3624, .F. ) ;
#2096 = CARTESIAN_POINT ( 'NONE',  ( -0.09278540484925811016, 0.06283480180312984997, 0.01000000000000000021 ) ) ;
#2097 =( LENGTH_UNIT ( ) NAMED_UNIT ( * ) SI_UNIT ( .MILLI., .METRE. ) );
#2098 = ORIENTED_EDGE ( 'NONE', *, *, #1535, .T. ) ;
#2099 = DIRECTION ( 'NONE',  ( -1.000000000000000000, 0.000000000000000000, 0.000000000000000000 ) ) ;
#2100 = LINE ( 'NONE', #3519, #4502 ) ;
#2101 = CARTESIAN_POINT ( 'NONE',  ( 0.1533710194366915691, 0.05825753532812969621, 6.776263578034402713E-18 ) ) ;
#2102 = LINE ( 'NONE', #3170, #2905 ) ;
#2103 = ORIENTED_EDGE ( 'NONE', *, *, #26, .T. ) ;
#2104 = ORIENTED_EDGE ( 'NONE', *, *, #219, .T. ) ;
#2105 = CARTESIAN_POINT ( 'NONE',  ( 0.2009954570972832533, 0.01849383933072406422, 0.01000000000000000021 ) ) ;
#2106 = CARTESIAN_POINT ( 'NONE',  ( 0.5999999999999992006, 0.3999999999999999667, 0.000000000000000000 ) ) ;
#2107 = SURFACE_STYLE_USAGE ( .BOTH. , #2811 ) ;
#2108 = CARTESIAN_POINT ( 'NONE',  ( 0.09061954145975661956, 0.05510436068459157594, 0.01000000000000000021 ) ) ;
#2109 = ORIENTED_EDGE ( 'NONE', *, *, #1823, .T. ) ;
#2110 = CARTESIAN_POINT ( 'NONE',  ( -0.2469169690381632642, 0.05989637654016203433, 0.01000000000000000021 ) ) ;
#2111 = CARTESIAN_POINT ( 'NONE',  ( 0.1145133355418483379, -0.07121785373817692000, 0.000000000000000000 ) ) ;
#2112 = CARTESIAN_POINT ( 'NONE',  ( 0.2717171024353663977, 0.07934216556264037101, 0.000000000000000000 ) ) ;
#2113 = FILL_AREA_STYLE_COLOUR ( '', #2964 ) ;
#2114 = ADVANCED_FACE ( 'NONE', ( #120 ), #2535, .T. ) ;
#2115 = DIRECTION ( 'NONE',  ( -1.000000000000000000, 0.000000000000000000, 0.000000000000000000 ) ) ;
#2116 = VERTEX_POINT ( 'NONE', #1170 ) ;
#2117 = LINE ( 'NONE', #8, #78 ) ;
#2118 = EDGE_CURVE ( 'NONE', #3825, #491, #2560, .T. ) ;
#2119 = ORIENTED_EDGE ( 'NONE', *, *, #1434, .T. ) ;
#2120 = PRESENTATION_STYLE_ASSIGNMENT (( #2956 ) ) ;
#2121 = CARTESIAN_POINT ( 'NONE',  ( 0.2000000000000000944, 0.9999999999999995559, -0.02500000000000000139 ) ) ;
#2122 = VERTEX_POINT ( 'NONE', #3634 ) ;
#2123 = VERTEX_POINT ( 'NONE', #3223 ) ;
#2124 = LINE ( 'NONE', #4562, #1956 ) ;
#2125 = LINE ( 'NONE', #2782, #937 ) ;
#2126 = DIRECTION ( 'NONE',  ( -1.000000000000000000, -5.421010862427527100E-16, 0.000000000000000000 ) ) ;
#2127 = LINE ( 'NONE', #3593, #4134 ) ;
#2128 = EDGE_LOOP ( 'NONE', ( #708, #2735, #4211, #4102 ) ) ;
#2129 = STYLED_ITEM ( 'NONE', ( #1990 ), #522 ) ;
#2130 = CARTESIAN_POINT ( 'NONE',  ( -0.2445389345482626986, 0.05269273686756346248, 0.01000000000000000021 ) ) ;
#2131 = PLANE ( 'NONE',  #4452 ) ;
#2132 = SURFACE_STYLE_USAGE ( .BOTH. , #1524 ) ;
#2133 = COLOUR_RGB ( '',1.000000000000000000, 1.000000000000000000, 1.000000000000000000 ) ;
#2134 = LINE ( 'NONE', #2494, #3209 ) ;
#2135 = ORIENTED_EDGE ( 'NONE', *, *, #3657, .F. ) ;
#2136 = VECTOR ( 'NONE', #2349, 1000.000000000000000 ) ;
#2137 = CARTESIAN_POINT ( 'NONE',  ( 0.1764604051114162797, -0.02667682107042593925, 0.000000000000000000 ) ) ;
#2138 = CARTESIAN_POINT ( 'NONE',  ( 1.000000000000000000, -1.000000000000000000, -0.02500000000000000139 ) ) ;
#2139 = EDGE_LOOP ( 'NONE', ( #2913, #2613, #3173, #4391, #1033, #257, #4270, #473, #1290, #1048, #2936, #1058 ) ) ;
#2140 = PRESENTATION_LAYER_ASSIGNMENT (  '', '', ( #2886 ) ) ;
#2141 = PRESENTATION_STYLE_ASSIGNMENT (( #3560 ) ) ;
#2142 = CARTESIAN_POINT ( 'NONE',  ( 0.1819298503018652036, 0.009570279778691914013, 0.01000000000000000021 ) ) ;
#2143 = ORIENTED_EDGE ( 'NONE', *, *, #113, .F. ) ;
#2144 = VECTOR ( 'NONE', #2654, 1000.000000000000000 ) ;
#2145 = ORIENTED_EDGE ( 'NONE', *, *, #3687, .F. ) ;
#2146 = EDGE_CURVE ( 'NONE', #3984, #1605, #1872, .T. ) ;
#2147 = DIRECTION ( 'NONE',  ( -0.000000000000000000, -0.000000000000000000, -1.000000000000000000 ) ) ;
#2148 = CARTESIAN_POINT ( 'NONE',  ( 0.1286278795905795580, 0.08110840010330529204, 0.01000000000000000021 ) ) ;
#2149 = COLOUR_RGB ( '',0.9686274509803921573, 0.8784313725490195957, 0.5999999999999999778 ) ;
#2150 = AXIS2_PLACEMENT_3D ( 'NONE', #3345, #3386, #3125 ) ;
#2151 = SURFACE_STYLE_FILL_AREA ( #2902 ) ;
#2152 = ORIENTED_EDGE ( 'NONE', *, *, #1722, .T. ) ;
#2153 = ORIENTED_EDGE ( 'NONE', *, *, #2423, .F. ) ;
#2154 = CARTESIAN_POINT ( 'NONE',  ( 0.09061954145975663344, -0.06288344419345719138, 0.000000000000000000 ) ) ;
#2155 = SURFACE_STYLE_USAGE ( .BOTH. , #3508 ) ;
#2156 = CARTESIAN_POINT ( 'NONE',  ( -0.2490241323207311175, 0.05053118995288426868, 0.01000000000000000021 ) ) ;
#2157 = LINE ( 'NONE', #3927, #2158 ) ;
#2158 = VECTOR ( 'NONE', #3951, 1000.000000000000000 ) ;
#2159 =( LENGTH_UNIT ( ) NAMED_UNIT ( * ) SI_UNIT ( .MILLI., .METRE. ) );
#2160 = STYLED_ITEM ( 'NONE', ( #4260 ), #3823 ) ;
#2161 = DIRECTION ( 'NONE',  ( -0.000000000000000000, -0.000000000000000000, 1.000000000000000000 ) ) ;
#2162 = ORIENTED_EDGE ( 'NONE', *, *, #4536, .F. ) ;
#2163 = CARTESIAN_POINT ( 'NONE',  ( -0.06852680000365800328, 0.06287875092849402880, 0.01000000000000000021 ) ) ;
#2164 = CARTESIAN_POINT ( 'NONE',  ( 0.2022049073134151442, 0.001512516172396473390, 1.355252715606880543E-17 ) ) ;
#2165 =( GEOMETRIC_REPRESENTATION_CONTEXT ( 3 ) GLOBAL_UNCERTAINTY_ASSIGNED_CONTEXT ( ( #537 ) ) GLOBAL_UNIT_ASSIGNED_CONTEXT ( ( #1146, #2217, #2684 ) ) REPRESENTATION_CONTEXT ( 'NONE', 'WORKASPACE' ) );
#2166 = ORIENTED_EDGE ( 'NONE', *, *, #4409, .F. ) ;
#2167 = PLANE ( 'NONE',  #3787 ) ;
#2168 = CARTESIAN_POINT ( 'NONE',  ( -0.1452240219097857277, -0.01942562679253094851, 0.01000000000000000021 ) ) ;
#2169 = CARTESIAN_POINT ( 'NONE',  ( 0.1701673521363755992, 0.04365746522053321615, 6.776263578034402713E-18 ) ) ;
#2170 = LINE ( 'NONE', #706, #4311 ) ;
#2171 = EDGE_CURVE ( 'NONE', #1153, #264, #842, .T. ) ;
#2172 = LINE ( 'NONE', #3588, #1645 ) ;
#2173 = CARTESIAN_POINT ( 'NONE',  ( 0.1596359296218436141, -0.04717802069556794459, 0.01000000000000000021 ) ) ;
#2174 = LINE ( 'NONE', #4267, #221 ) ;
#2175 = DIRECTION ( 'NONE',  ( 0.000000000000000000, -1.000000000000000000, 0.000000000000000000 ) ) ;
#2176 = DIRECTION ( 'NONE',  ( 0.3363908276654480889, -0.9417224702971437322, 0.000000000000000000 ) ) ;
#2177 = ORIENTED_EDGE ( 'NONE', *, *, #1415, .T. ) ;
#2178 = ADVANCED_FACE ( 'NONE', ( #2247 ), #38, .T. ) ;
#2179 = DIRECTION ( 'NONE',  ( -2.168404344971009854E-16, -1.000000000000000000, 0.000000000000000000 ) ) ;
#2180 = EDGE_CURVE ( 'NONE', #1698, #1941, #2172, .T. ) ;
#2181 = CARTESIAN_POINT ( 'NONE',  ( 0.09939693078456024455, -0.06715648765006448917, 0.000000000000000000 ) ) ;
#2182 = PRESENTATION_STYLE_ASSIGNMENT (( #3278 ) ) ;
#2183 = ORIENTED_EDGE ( 'NONE', *, *, #1516, .F. ) ;
#2184 = VERTEX_POINT ( 'NONE', #1423 ) ;
#2185 = CARTESIAN_POINT ( 'NONE',  ( 0.1310469238090001542, -0.05597402338331369798, -0.000000000000000000 ) ) ;
#2186 = CARTESIAN_POINT ( 'NONE',  ( 0.2021395787951407175, 0.004430842838866031266, 1.355252715606880543E-17 ) ) ;
#2187 = EDGE_CURVE ( 'NONE', #4243, #3724, #2453, .T. ) ;
#2188 = ORIENTED_EDGE ( 'NONE', *, *, #3931, .F. ) ;
#2189 =( LENGTH_UNIT ( ) NAMED_UNIT ( * ) SI_UNIT ( .MILLI., .METRE. ) );
#2190 = B_SPLINE_SURFACE_WITH_KNOTS ( 'NONE', 3, 1, ( 
 ( #1151, #1133 ),
 ( #3594, #418 ),
 ( #100, #3947 ),
 ( #4293, #1826 ),
 ( #3227, #2563 ),
 ( #4340, #3615 ),
 ( #1451, #1109 ),
 ( #442, #69 ),
 ( #3992, #2540 ),
 ( #2586, #1473 ),
 ( #766, #3966 ) ),
 .UNSPECIFIED., .F., .F., .F.,
 ( 4, 1, 1, 1, 1, 1, 1, 1, 4 ),
 ( 2, 2 ),
 ( 0.000000000000000000, 0.1124483899088008915, 0.2265276752126775817, 0.3444019493260279674, 0.4658649724874582843, 0.5916594493521163400, 0.7221684870248873400, 0.8586063875549263535, 1.000000000000000000 ),
 ( 0.000000000000000000, 1.000000000000000000 ),
 .UNSPECIFIED. ) ;
#2191 = LINE ( 'NONE', #3608, #3829 ) ;
#2192 = CARTESIAN_POINT ( 'NONE',  ( -0.1329923639375914513, 0.04863411141283954797, 0.000000000000000000 ) ) ;
#2193 = CARTESIAN_POINT ( 'NONE',  ( 0.1819598967744000539, -0.003734855516883579373, 6.776263578034402713E-18 ) ) ;
#2194 =( LENGTH_UNIT ( ) NAMED_UNIT ( * ) SI_UNIT ( .MILLI., .METRE. ) );
#2195 = DIRECTION ( 'NONE',  ( 1.000000000000000000, 0.000000000000000000, 0.000000000000000000 ) ) ;
#2196 = CARTESIAN_POINT ( 'NONE',  ( 0.1669511906671511392, -0.06469287691739891710, 0.01000000000000000021 ) ) ;
#2197 = EDGE_CURVE ( 'NONE', #2767, #2828, #2266, .T. ) ;
#2198 = ORIENTED_EDGE ( 'NONE', *, *, #4099, .F. ) ;
#2199 = EDGE_CURVE ( 'NONE', #4276, #3028, #2641, .T. ) ;
#2200 = FACE_OUTER_BOUND ( 'NONE', #344, .T. ) ;
#2201 = DIRECTION ( 'NONE',  ( 0.000000000000000000, 1.000000000000000000, 0.000000000000000000 ) ) ;
#2202 = CARTESIAN_POINT ( 'NONE',  ( -0.2467089646378043122, 0.06104948263581110729, 0.000000000000000000 ) ) ;
#2203 = VECTOR ( 'NONE', #2855, 1000.000000000000000 ) ;
#2204 = FACE_OUTER_BOUND ( 'NONE', #824, .T. ) ;
#2205 = SURFACE_STYLE_FILL_AREA ( #1138 ) ;
#2206 = DIRECTION ( 'NONE',  ( 1.000000000000000000, -1.084202172485504237E-15, 0.000000000000000000 ) ) ;
#2207 = ORIENTED_EDGE ( 'NONE', *, *, #1846, .T. ) ;
#2208 = STYLED_ITEM ( 'NONE', ( #3096 ), #291 ) ;
#2209 = ORIENTED_EDGE ( 'NONE', *, *, #4035, .T. ) ;
#2210 = VECTOR ( 'NONE', #3671, 1000.000000000000000 ) ;
#2211 = EDGE_CURVE ( 'NONE', #2757, #511, #3672, .T. ) ;
#2212 = DIRECTION ( 'NONE',  ( -0.000000000000000000, -0.000000000000000000, -1.000000000000000000 ) ) ;
#2213 = DIRECTION ( 'NONE',  ( 1.084202172485504927E-16, -1.000000000000000000, 0.000000000000000000 ) ) ;
#2214 = EDGE_CURVE ( 'NONE', #3863, #1221, #3309, .T. ) ;
#2215 = ORIENTED_EDGE ( 'NONE', *, *, #2171, .T. ) ;
#2216 = VECTOR ( 'NONE', #1135, 1000.000000000000000 ) ;
#2217 =( NAMED_UNIT ( * ) PLANE_ANGLE_UNIT ( ) SI_UNIT ( $, .RADIAN. ) );
#2218 = COLOUR_RGB ( '',1.000000000000000000, 1.000000000000000000, 1.000000000000000000 ) ;
#2219 = CARTESIAN_POINT ( 'NONE',  ( -0.1334331053901000874, -0.03848610562947483299, 6.776263578034402713E-18 ) ) ;
#2220 =( GEOMETRIC_REPRESENTATION_CONTEXT ( 3 ) GLOBAL_UNCERTAINTY_ASSIGNED_CONTEXT ( ( #825 ) ) GLOBAL_UNIT_ASSIGNED_CONTEXT ( ( #738, #1130, #4315 ) ) REPRESENTATION_CONTEXT ( 'NONE', 'WORKASPACE' ) );
#2221 = DIRECTION ( 'NONE',  ( -0.000000000000000000, -0.000000000000000000, -1.000000000000000000 ) ) ;
#2222 = CARTESIAN_POINT ( 'NONE',  ( 0.1764604051114162797, -0.02667682107042593925, 6.776263578034402713E-18 ) ) ;
#2223 = CARTESIAN_POINT ( 'NONE',  ( -0.1637071921949252440, -0.02519232325921996057, 0.01000000000000000021 ) ) ;
#2224 = AXIS2_PLACEMENT_3D ( 'NONE', #583, #4068, #2719 ) ;
#2225 = LINE ( 'NONE', #1472, #3826 ) ;
#2226 = VERTEX_POINT ( 'NONE', #881 ) ;
#2227 =( NAMED_UNIT ( * ) SI_UNIT ( $, .STERADIAN. ) SOLID_ANGLE_UNIT ( ) );
#2228 = EDGE_CURVE ( 'NONE', #2431, #4495, #4414, .T. ) ;
#2229 = AXIS2_PLACEMENT_3D ( 'NONE', #774, #3599, #2206 ) ;
#2230 = DIRECTION ( 'NONE',  ( 0.000000000000000000, 1.000000000000000000, 0.000000000000000000 ) ) ;
#2231 = LINE ( 'NONE', #3644, #11 ) ;
#2232 = CARTESIAN_POINT ( 'NONE',  ( 0.5999999999999989786, -0.9999999999999991118, 0.000000000000000000 ) ) ;
#2233 = FILL_AREA_STYLE ('',( #4387 ) ) ;
#2234 = ORIENTED_EDGE ( 'NONE', *, *, #268, .T. ) ;
#2235 = AXIS2_PLACEMENT_3D ( 'NONE', #3964, #3920, #41 ) ;
#2236 = CARTESIAN_POINT ( 'NONE',  ( -1.000000000000000000, -0.3999999999999995226, -0.02500000000000000139 ) ) ;
#2237 = ORIENTED_EDGE ( 'NONE', *, *, #1238, .F. ) ;
#2238 = VECTOR ( 'NONE', #1797, 1000.000000000000000 ) ;
#2239 = DIRECTION ( 'NONE',  ( -1.000000000000000000, 0.000000000000000000, 0.000000000000000000 ) ) ;
#2240 = CARTESIAN_POINT ( 'NONE',  ( 0.1133688561049159271, -0.05474758778551409855, 0.01000000000000000021 ) ) ;
#2241 = VECTOR ( 'NONE', #422, 1000.000000000000000 ) ;
#2242 = VERTEX_POINT ( 'NONE', #4050 ) ;
#2243 =( NAMED_UNIT ( * ) SI_UNIT ( $, .STERADIAN. ) SOLID_ANGLE_UNIT ( ) );
#2244 = PRESENTATION_LAYER_ASSIGNMENT (  '', '', ( #4459 ) ) ;
#2245 = CARTESIAN_POINT ( 'NONE',  ( -0.09648985124056509710, -0.05405025413925178268, 6.776263578034402713E-18 ) ) ;
#2246 = STYLED_ITEM ( 'NONE', ( #3710 ), #4121 ) ;
#2247 = FACE_OUTER_BOUND ( 'NONE', #3247, .T. ) ;
#2248 = CARTESIAN_POINT ( 'NONE',  ( 0.1629112798101582105, 0.07273379127348453266, 0.000000000000000000 ) ) ;
#2249 = FACE_OUTER_BOUND ( 'NONE', #1814, .T. ) ;
#2250 = EDGE_LOOP ( 'NONE', ( #4192, #3891, #3221, #3192 ) ) ;
#2251 = EDGE_CURVE ( 'NONE', #394, #411, #2332, .T. ) ;
#2252 = CARTESIAN_POINT ( 'NONE',  ( 0.09460359988482212878, 0.05741939874073574007, 0.000000000000000000 ) ) ;
#2253 = LINE ( 'NONE', #3618, #3675 ) ;
#2254 = FACE_OUTER_BOUND ( 'NONE', #2412, .T. ) ;
#2255 = CARTESIAN_POINT ( 'NONE',  ( -0.2000000000000000944, 0.9999999999999995559, -0.02500000000000000139 ) ) ;
#2256 = ORIENTED_EDGE ( 'NONE', *, *, #1208, .T. ) ;
#2257 = AXIS2_PLACEMENT_3D ( 'NONE', #1565, #1283, #4419 ) ;
#2258 = UNCERTAINTY_MEASURE_WITH_UNIT (LENGTH_MEASURE( 1.000000000000000082E-05 ), #3420, 'distance_accuracy_value', 'NONE');
#2259 =( NAMED_UNIT ( * ) PLANE_ANGLE_UNIT ( ) SI_UNIT ( $, .RADIAN. ) );
#2260 =( NAMED_UNIT ( * ) SI_UNIT ( $, .STERADIAN. ) SOLID_ANGLE_UNIT ( ) );
#2261 = DIRECTION ( 'NONE',  ( -1.000000000000000000, 0.000000000000000000, 0.000000000000000000 ) ) ;
#2262 = ADVANCED_FACE ( 'NONE', ( #1211 ), #4031, .F. ) ;
#2263 = FILL_AREA_STYLE_COLOUR ( '', #1127 ) ;
#2264 = CARTESIAN_POINT ( 'NONE',  ( -0.6000000000000003109, -0.3999999999999995226, -0.02500000000000000139 ) ) ;
#2265 = EDGE_CURVE ( 'NONE', #394, #4516, #1624, .T. ) ;
#2266 = LINE ( 'NONE', #4399, #2394 ) ;
#2267 = DIRECTION ( 'NONE',  ( 1.000000000000000000, 0.000000000000000000, -0.000000000000000000 ) ) ;
#2268 = DIRECTION ( 'NONE',  ( 1.000000000000000000, 0.000000000000000000, -0.000000000000000000 ) ) ;
#2269 = VERTEX_POINT ( 'NONE', #497 ) ;
#2270 = CARTESIAN_POINT ( 'NONE',  ( -0.1661392564739384847, -0.01794240553340393021, 1.016439536705160407E-17 ) ) ;
#2271 = CARTESIAN_POINT ( 'NONE',  ( 0.1820829560939029590, 0.002741555806542805319, 0.01000000000000000021 ) ) ;
#2272 = CARTESIAN_POINT ( 'NONE',  ( 0.09061954145975661956, -0.04642002955931084224, 0.01000000000000000021 ) ) ;
#2273 = CARTESIAN_POINT ( 'NONE',  ( 0.2021580250396445566, -0.001205703682131851898, 6.776263578034402713E-18 ) ) ;
#2274 =( LENGTH_UNIT ( ) NAMED_UNIT ( * ) SI_UNIT ( .MILLI., .METRE. ) );
#2275 = ORIENTED_EDGE ( 'NONE', *, *, #2199, .F. ) ;
#2276 = CLOSED_SHELL ( 'NONE', ( #1573, #2653, #3587, #3875, #2612, #3823 ) ) ;
#2277 = DIRECTION ( 'NONE',  ( -1.000000000000000000, 0.000000000000000000, 0.000000000000000000 ) ) ;
#2278 = DIRECTION ( 'NONE',  ( 0.000000000000000000, 0.000000000000000000, -1.000000000000000000 ) ) ;
#2279 = VECTOR ( 'NONE', #4565, 1000.000000000000000 ) ;
#2280 = AXIS2_PLACEMENT_3D ( 'NONE', #907, #2685, #880 ) ;
#2281 = EDGE_CURVE ( 'NONE', #1584, #1031, #1581, .T. ) ;
#2282 =( LENGTH_UNIT ( ) NAMED_UNIT ( * ) SI_UNIT ( .MILLI., .METRE. ) );
#2283 = MECHANICAL_DESIGN_GEOMETRIC_PRESENTATION_REPRESENTATION (  '', ( #1837 ), #4504 ) ;
#2284 = PRESENTATION_LAYER_ASSIGNMENT (  '', '', ( #3326 ) ) ;
#2285 = MECHANICAL_DESIGN_GEOMETRIC_PRESENTATION_REPRESENTATION (  '', ( #3327 ), #3623 ) ;
#2286 = SURFACE_STYLE_USAGE ( .BOTH. , #2705 ) ;
#2287 = DIRECTION ( 'NONE',  ( -0.000000000000000000, 0.000000000000000000, -1.000000000000000000 ) ) ;
#2288 = CARTESIAN_POINT ( 'NONE',  ( 0.1257472091426834471, 0.06470801922117695726, 0.01000000000000000021 ) ) ;
#2289 = EDGE_LOOP ( 'NONE', ( #4054, #1897, #688, #2152 ) ) ;
#2290 = CARTESIAN_POINT ( 'NONE',  ( -0.1689572276812665863, -0.002158021330254386323, 1.016439536705160407E-17 ) ) ;
#2291 = LINE ( 'NONE', #1566, #1751 ) ;
#2292 = CARTESIAN_POINT ( 'NONE',  ( -1.000000000000000000, 0.4000000000000000777, -0.02500000000000000139 ) ) ;
#2293 = AXIS2_PLACEMENT_3D ( 'NONE', #4554, #360, #2072 ) ;
#2294 = CARTESIAN_POINT ( 'NONE',  ( 0.1831869349388442481, -0.05227348189625161817, 6.776263578034402713E-18 ) ) ;
#2295 = CARTESIAN_POINT ( 'NONE',  ( -0.3154780195158531364, -0.07065783443735962344, 0.01000000000000000021 ) ) ;
#2296 = ORIENTED_EDGE ( 'NONE', *, *, #3481, .F. ) ;
#2297 = VECTOR ( 'NONE', #4410, 1000.000000000000000 ) ;
#2298 = CARTESIAN_POINT ( 'NONE',  ( -0.1370923169740203285, -0.03432489102166941253, 0.01000000000000000021 ) ) ;
#2299 = DIRECTION ( 'NONE',  ( -0.000000000000000000, 1.000000000000000000, -0.000000000000000000 ) ) ;
#2300 = UNCERTAINTY_MEASURE_WITH_UNIT (LENGTH_MEASURE( 1.000000000000000082E-05 ), #2469, 'distance_accuracy_value', 'NONE');
#2301 = CARTESIAN_POINT ( 'NONE',  ( -0.1451092405387025275, 0.03067893778190088072, 0.01000000000000000021 ) ) ;
#2302 =( GEOMETRIC_REPRESENTATION_CONTEXT ( 3 ) GLOBAL_UNCERTAINTY_ASSIGNED_CONTEXT ( ( #903 ) ) GLOBAL_UNIT_ASSIGNED_CONTEXT ( ( #3025, #1604, #4467 ) ) REPRESENTATION_CONTEXT ( 'NONE', 'WORKASPACE' ) );
#2303 = CARTESIAN_POINT ( 'NONE',  ( 0.9999999999999991118, 0.9999999999999995559, 0.6999999999999999556 ) ) ;
#2304 = VECTOR ( 'NONE', #2734, 1000.000000000000000 ) ;
#2305 = CARTESIAN_POINT ( 'NONE',  ( -0.2935268000036579394, -0.07065783443735962344, 0.01000000000000000021 ) ) ;
#2306 = STYLED_ITEM ( 'NONE', ( #2120 ), #3291 ) ;
#2307 = EDGE_CURVE ( 'NONE', #1350, #1941, #1231, .T. ) ;
#2308 =( LENGTH_UNIT ( ) NAMED_UNIT ( * ) SI_UNIT ( .MILLI., .METRE. ) );
#2309 = CARTESIAN_POINT ( 'NONE',  ( 0.1241643896862700824, 0.06468408813172613070, 6.776263578034402713E-18 ) ) ;
#2310 = MECHANICAL_DESIGN_GEOMETRIC_PRESENTATION_REPRESENTATION (  '', ( #1633 ), #1124 ) ;
#2311 = ADVANCED_FACE ( 'NONE', ( #3020 ), #3828, .F. ) ;
#2312 = CARTESIAN_POINT ( 'NONE',  ( 0.1692449367963819451, 0.06895367894003699705, 0.000000000000000000 ) ) ;
#2313 = COLOUR_RGB ( '',0.9686274509803921573, 0.8784313725490195957, 0.5999999999999999778 ) ;
#2314 = ORIENTED_EDGE ( 'NONE', *, *, #2702, .T. ) ;
#2315 = EDGE_LOOP ( 'NONE', ( #3446, #2924, #4511, #3723 ) ) ;
#2316 = CARTESIAN_POINT ( 'NONE',  ( -0.1282380555614738293, -0.06258087878059273579, 1.016439536705160407E-17 ) ) ;
#2317 =( NAMED_UNIT ( * ) PLANE_ANGLE_UNIT ( ) SI_UNIT ( $, .RADIAN. ) );
#2318 = DIRECTION ( 'NONE',  ( 1.000000000000000000, 0.000000000000000000, 0.000000000000000000 ) ) ;
#2319 = PLANE ( 'NONE',  #3039 ) ;
#2320 = CARTESIAN_POINT ( 'NONE',  ( 0.06135124877682977124, 0.07934216556264037101, 0.01000000000000000021 ) ) ;
#2321 = EDGE_CURVE ( 'NONE', #3724, #202, #1446, .T. ) ;
#2322 = VERTEX_POINT ( 'NONE', #2476 ) ;
#2323 = EDGE_CURVE ( 'NONE', #70, #3283, #628, .T. ) ;
#2324 = CARTESIAN_POINT ( 'NONE',  ( 0.09061954145975661956, -0.04642002955931084224, 0.01000000000000000021 ) ) ;
#2325 = CARTESIAN_POINT ( 'NONE',  ( 0.2022049073134151442, 0.001512516172396473390, 0.000000000000000000 ) ) ;
#2326 = SURFACE_STYLE_FILL_AREA ( #4369 ) ;
#2327 = CARTESIAN_POINT ( 'NONE',  ( -0.1428483609846913083, 0.03584708877403599420, 0.01000000000000000021 ) ) ;
#2328 = CARTESIAN_POINT ( 'NONE',  ( 0.1939025221530849830, 0.04092784348848220455, 0.01000000000000000021 ) ) ;
#2329 = PLANE ( 'NONE',  #1563 ) ;
#2330 = SURFACE_SIDE_STYLE ('',( #1296 ) ) ;
#2331 = ADVANCED_FACE ( 'NONE', ( #3191 ), #3885, .T. ) ;
#2332 = LINE ( 'NONE', #843, #1620 ) ;
#2333 = MECHANICAL_DESIGN_GEOMETRIC_PRESENTATION_REPRESENTATION (  '', ( #3441 ), #786 ) ;
#2334 = CARTESIAN_POINT ( 'NONE',  ( 0.1030262010995349892, 0.06101698788076358876, 0.01000000000000000021 ) ) ;
#2335 = LINE ( 'NONE', #1667, #1979 ) ;
#2336 = CARTESIAN_POINT ( 'NONE',  ( -0.1999999999999999833, -0.9999999999999991118, -0.02500000000000000139 ) ) ;
#2337 = VERTEX_POINT ( 'NONE', #2747 ) ;
#2338 = ORIENTED_EDGE ( 'NONE', *, *, #2365, .F. ) ;
#2339 = ORIENTED_EDGE ( 'NONE', *, *, #2365, .T. ) ;
#2340 = CARTESIAN_POINT ( 'NONE',  ( -0.1691365561012189711, 0.006228598489469635083, 0.01000000000000000021 ) ) ;
#2341 = CARTESIAN_POINT ( 'NONE',  ( -0.08982062622317016354, -0.05419441980321328123, 0.000000000000000000 ) ) ;
#2342 = CARTESIAN_POINT ( 'NONE',  ( -0.09073526036951164164, 0.07934216556264037101, 1.016439536705160407E-17 ) ) ;
#2343 = SURFACE_STYLE_USAGE ( .BOTH. , #2383 ) ;
#2344 = EDGE_CURVE ( 'NONE', #4361, #394, #3516, .T. ) ;
#2345 = CARTESIAN_POINT ( 'NONE',  ( 0.1259187030451224820, 0.08117143385532328559, 6.776263578034402713E-18 ) ) ;
#2346 = VERTEX_POINT ( 'NONE', #3110 ) ;
#2347 = CARTESIAN_POINT ( 'NONE',  ( -0.1030523823001928130, 0.06208090008760584755, 0.01000000000000000021 ) ) ;
#2348 = FACE_OUTER_BOUND ( 'NONE', #692, .T. ) ;
#2349 = DIRECTION ( 'NONE',  ( 1.000000000000000000, -0.000000000000000000, -0.000000000000000000 ) ) ;
#2350 = UNCERTAINTY_MEASURE_WITH_UNIT (LENGTH_MEASURE( 1.000000000000000082E-05 ), #2709, 'distance_accuracy_value', 'NONE');
#2351 = DIRECTION ( 'NONE',  ( -0.3635424856527064152, -0.9315776194850602376, 0.000000000000000000 ) ) ;
#2352 = FILL_AREA_STYLE_COLOUR ( '', #2094 ) ;
#2353 = CARTESIAN_POINT ( 'NONE',  ( 0.1733357766866929495, 0.03886845861999659035, 0.000000000000000000 ) ) ;
#2354 = VECTOR ( 'NONE', #1658, 1000.000000000000000 ) ;
#2355 = CARTESIAN_POINT ( 'NONE',  ( -0.1678692602678453216, 0.02201759877655294628, 0.000000000000000000 ) ) ;
#2356 = VECTOR ( 'NONE', #4441, 1000.000000000000000 ) ;
#2357 = SURFACE_STYLE_FILL_AREA ( #229 ) ;
#2358 = EDGE_LOOP ( 'NONE', ( #2081, #2966, #393, #471 ) ) ;
#2359 = EDGE_LOOP ( 'NONE', ( #2616, #302, #3220, #960 ) ) ;
#2360 = CARTESIAN_POINT ( 'NONE',  ( -0.1468502877129970186, 0.05958223242284002574, 0.01000000000000000021 ) ) ;
#2361 = VECTOR ( 'NONE', #849, 1000.000000000000000 ) ;
#2362 = ORIENTED_EDGE ( 'NONE', *, *, #2399, .F. ) ;
#2363 = PLANE ( 'NONE',  #359 ) ;
#2364 = EDGE_LOOP ( 'NONE', ( #3869, #1730, #4015, #1491 ) ) ;
#2365 = EDGE_CURVE ( 'NONE', #3075, #3754, #2117, .T. ) ;
#2366 = DIRECTION ( 'NONE',  ( -0.000000000000000000, -0.000000000000000000, -1.000000000000000000 ) ) ;
#2367 = FILL_AREA_STYLE_COLOUR ( '', #4388 ) ;
#2368 = CARTESIAN_POINT ( 'NONE',  ( 0.1692449367963819451, 0.06895367894003699705, 0.01000000000000000021 ) ) ;
#2369 = AXIS2_PLACEMENT_3D ( 'NONE', #3458, #3512, #1736 ) ;
#2370 = FILL_AREA_STYLE ('',( #2352 ) ) ;
#2371 = STYLED_ITEM ( 'NONE', ( #2741 ), #2619 ) ;
#2372 = FACE_OUTER_BOUND ( 'NONE', #2498, .T. ) ;
#2373 = AXIS2_PLACEMENT_3D ( 'NONE', #618, #938, #2762 ) ;
#2374 = CARTESIAN_POINT ( 'NONE',  ( -0.1068179714505699540, 0.07824546367658169466, 0.01000000000000000021 ) ) ;
#2375 = VECTOR ( 'NONE', #2664, 1000.000000000000000 ) ;
#2376 = PLANE ( 'NONE',  #1020 ) ;
#2377 = SURFACE_STYLE_USAGE ( .BOTH. , #3116 ) ;
#2378 =( NAMED_UNIT ( * ) PLANE_ANGLE_UNIT ( ) SI_UNIT ( $, .RADIAN. ) );
#2379 = ORIENTED_EDGE ( 'NONE', *, *, #1344, .F. ) ;
#2380 = ORIENTED_EDGE ( 'NONE', *, *, #2945, .F. ) ;
#2381 = CARTESIAN_POINT ( 'NONE',  ( -0.09769003981585140661, -0.07050407944171321883, 0.01000000000000000021 ) ) ;
#2382 = CARTESIAN_POINT ( 'NONE',  ( -0.1678692602678453216, 0.02201759877655294628, 0.01000000000000000021 ) ) ;
#2383 = SURFACE_SIDE_STYLE ('',( #4147 ) ) ;
#2384 = AXIS2_PLACEMENT_3D ( 'NONE', #1792, #2115, #2521 ) ;
#2385 = EDGE_LOOP ( 'NONE', ( #3100, #805, #3288, #620 ) ) ;
#2386 = CARTESIAN_POINT ( 'NONE',  ( -0.2467089646378043122, 0.06104948263581110729, 0.01000000000000000021 ) ) ;
#2387 = ORIENTED_EDGE ( 'NONE', *, *, #771, .T. ) ;
#2388 = ADVANCED_FACE ( 'NONE', ( #4161 ), #3140, .F. ) ;
#2389 = CARTESIAN_POINT ( 'NONE',  ( -0.1089628644935190099, -0.05207799471984182055, 0.01000000000000000021 ) ) ;
#2390 = LINE ( 'NONE', #3800, #3862 ) ;
#2391 = B_SPLINE_CURVE_WITH_KNOTS ( 'NONE', 3,
 ( #4077, #2585, #3295, #3638, #2963, #887, #3332, #2627, #830, #163, #4051, #2312, #2248, #4416, #1561, #440, #3659, #1894, #1212 ),
 .UNSPECIFIED., .F., .F.,
 ( 4, 1, 1, 1, 1, 1, 1, 1, 1, 1, 1, 1, 1, 1, 1, 1, 4 ),
 ( 0.000000000000000000, 0.07064371857535416133, 0.1382567155089047262, 0.2033641242175800445, 0.2663240938030567717, 0.3279047615429894758, 0.3887377151730921909, 0.4494235281093024170, 0.5108610114593156171, 0.5720793960475146767, 0.6317344287314453632, 0.6911172105788376818, 0.7503600294901704437, 0.8100329005312620900, 0.8713624508287363124, 0.9344271412311533354, 1.000000000000000000 ),
 .UNSPECIFIED. ) ;
#2392 = UNCERTAINTY_MEASURE_WITH_UNIT (LENGTH_MEASURE( 1.000000000000000082E-05 ), #1600, 'distance_accuracy_value', 'NONE');
#2393 = FACE_OUTER_BOUND ( 'NONE', #3846, .T. ) ;
#2394 = VECTOR ( 'NONE', #4378, 1000.000000000000000 ) ;
#2395 = FACE_OUTER_BOUND ( 'NONE', #345, .T. ) ;
#2396 = CARTESIAN_POINT ( 'NONE',  ( -0.1367788962015368537, 0.04483767555317581116, 0.01000000000000000021 ) ) ;
#2397 = ADVANCED_FACE ( 'NONE', ( #2957 ), #3982, .F. ) ;
#2398 =( NAMED_UNIT ( * ) SI_UNIT ( $, .STERADIAN. ) SOLID_ANGLE_UNIT ( ) );
#2399 = EDGE_CURVE ( 'NONE', #2818, #4553, #1489, .T. ) ;
#2400 =( NAMED_UNIT ( * ) SI_UNIT ( $, .STERADIAN. ) SOLID_ANGLE_UNIT ( ) );
#2401 = FACE_OUTER_BOUND ( 'NONE', #1707, .T. ) ;
#2402 = VERTEX_POINT ( 'NONE', #1865 ) ;
#2403 = ORIENTED_EDGE ( 'NONE', *, *, #674, .F. ) ;
#2404 = CARTESIAN_POINT ( 'NONE',  ( -0.1059187488961593482, -0.06945731665045629111, 1.016439536705160407E-17 ) ) ;
#2405 = DIRECTION ( 'NONE',  ( -1.084202172485504927E-16, 1.000000000000000000, 0.000000000000000000 ) ) ;
#2406 = ADVANCED_FACE ( 'NONE', ( #3238 ), #1041, .T. ) ;
#2407 = CARTESIAN_POINT ( 'NONE',  ( 0.1241746739515493109, 0.08115893218998203318, -0.000000000000000000 ) ) ;
#2408 = FACE_OUTER_BOUND ( 'NONE', #2315, .T. ) ;
#2409 = CARTESIAN_POINT ( 'NONE',  ( -0.6000000000000001998, -0.9999999999999991118, -0.02500000000000000139 ) ) ;
#2410 = ORIENTED_EDGE ( 'NONE', *, *, #653, .F. ) ;
#2411 = CARTESIAN_POINT ( 'NONE',  ( -0.2438221506134140848, 0.05053118995288426868, 6.776263578034402713E-18 ) ) ;
#2412 = EDGE_LOOP ( 'NONE', ( #4281, #502, #3870, #615 ) ) ;
#2413 = ADVANCED_FACE ( 'NONE', ( #1095 ), #1483, .T. ) ;
#2414 = SURFACE_SIDE_STYLE ('',( #1334 ) ) ;
#2415 =( NAMED_UNIT ( * ) PLANE_ANGLE_UNIT ( ) SI_UNIT ( $, .RADIAN. ) );
#2416 = DIRECTION ( 'NONE',  ( -0.000000000000000000, -0.000000000000000000, 1.000000000000000000 ) ) ;
#2417 = B_SPLINE_CURVE_WITH_KNOTS ( 'NONE', 3,
 ( #47, #3184, #4272, #2181, #770, #695, #2111, #1787, #3598, #1408, #2907 ),
 .UNSPECIFIED., .F., .F.,
 ( 4, 1, 1, 1, 1, 1, 1, 1, 4 ),
 ( 0.000000000000000000, 0.1124483899088008915, 0.2265276752126775817, 0.3444019493260279674, 0.4658649724874582843, 0.5916594493521163400, 0.7221684870248873400, 0.8586063875549263535, 1.000000000000000000 ),
 .UNSPECIFIED. ) ;
#2418 = CARTESIAN_POINT ( 'NONE',  ( -0.04840484878414582498, -0.07065783443735962344, 0.01000000000000000021 ) ) ;
#2419 = ORIENTED_EDGE ( 'NONE', *, *, #541, .F. ) ;
#2420 = LINE ( 'NONE', #2774, #1097 ) ;
#2421 = DIRECTION ( 'NONE',  ( -0.3390537954853694580, -0.9407669869669987861, 0.000000000000000000 ) ) ;
#2422 = ORIENTED_EDGE ( 'NONE', *, *, #2197, .T. ) ;
#2423 = EDGE_CURVE ( 'NONE', #4495, #2122, #2655, .T. ) ;
#2424 = CLOSED_SHELL ( 'NONE', ( #2996, #2657, #1928, #248, #4164, #2678, #2894, #3342, #1916, #164, #1317, #2114, #1229, #432, #4312, #1365, #3003, #577, #142, #2533, #2331, #410, #4049, #2860, #4489, #2028, #3313, #204, #1591, #1148, #425, #1828, #3042, #823, #3451, #1454, #4255, #1226, #2178, #902, #2975, #561, #3894, #4570, #2582, #4430, #80, #2808, #2413, #478, #4199, #3612, #3239, #433, #2406, #2531, #3027, #4046, #2456, #874, #2565, #1505, #2557, #3759, #1860 ) ) ;
#2425 = CARTESIAN_POINT ( 'NONE',  ( 0.06135124877682977124, 0.07934216556264037101, 0.01000000000000000021 ) ) ;
#2426 = SURFACE_STYLE_FILL_AREA ( #1348 ) ;
#2427 = CARTESIAN_POINT ( 'NONE',  ( -0.1691365561012189711, 0.006228598489469635083, 0.01000000000000000021 ) ) ;
#2428 = CARTESIAN_POINT ( 'NONE',  ( 0.1318924073134151720, -0.07248710273004253801, 0.01000000000000000021 ) ) ;
#2429 = ORIENTED_EDGE ( 'NONE', *, *, #1007, .F. ) ;
#2430 = PRESENTATION_LAYER_ASSIGNMENT (  '', '', ( #2129 ) ) ;
#2431 = VERTEX_POINT ( 'NONE', #2638 ) ;
#2432 =( NAMED_UNIT ( * ) PLANE_ANGLE_UNIT ( ) SI_UNIT ( $, .RADIAN. ) );
#2433 = CARTESIAN_POINT ( 'NONE',  ( -0.9999999999999991118, 0.9999999999999995559, 0.2000000000000000111 ) ) ;
#2434 = STYLED_ITEM ( 'NONE', ( #2141 ), #997 ) ;
#2435 = CARTESIAN_POINT ( 'NONE',  ( -0.2438221506134140848, 0.05053118995288426868, 0.000000000000000000 ) ) ;
#2436 = CARTESIAN_POINT ( 'NONE',  ( -0.9999999999999997780, -0.9999999999999993339, 0.000000000000000000 ) ) ;
#2437 = CARTESIAN_POINT ( 'NONE',  ( -0.1242982110435537080, 0.05490899195408623784, 6.776263578034402713E-18 ) ) ;
#2438 = EDGE_LOOP ( 'NONE', ( #3108, #2380, #37, #4143 ) ) ;
#2439 = CARTESIAN_POINT ( 'NONE',  ( 0.1505621444997833347, -0.05215325485239487302, 0.01000000000000000021 ) ) ;
#2440 = VERTEX_POINT ( 'NONE', #3760 ) ;
#2441 =( NAMED_UNIT ( * ) PLANE_ANGLE_UNIT ( ) SI_UNIT ( $, .RADIAN. ) );
#2442 =( GEOMETRIC_REPRESENTATION_CONTEXT ( 3 ) GLOBAL_UNCERTAINTY_ASSIGNED_CONTEXT ( ( #2018 ) ) GLOBAL_UNIT_ASSIGNED_CONTEXT ( ( #3736, #946, #288 ) ) REPRESENTATION_CONTEXT ( 'NONE', 'WORKASPACE' ) );
#2443 = PRESENTATION_STYLE_ASSIGNMENT (( #2155 ) ) ;
#2444 = CARTESIAN_POINT ( 'NONE',  ( -0.04840484878414582498, 0.07934216556264037101, 0.01000000000000000021 ) ) ;
#2445 = UNCERTAINTY_MEASURE_WITH_UNIT (LENGTH_MEASURE( 1.000000000000000082E-05 ), #613, 'distance_accuracy_value', 'NONE');
#2446 = LINE ( 'NONE', #3802, #1997 ) ;
#2447 = ORIENTED_EDGE ( 'NONE', *, *, #2751, .F. ) ;
#2448 = CARTESIAN_POINT ( 'NONE',  ( -0.01913655610121900441, -0.07065783443735962344, 0.000000000000000000 ) ) ;
#2449 =( GEOMETRIC_REPRESENTATION_CONTEXT ( 3 ) GLOBAL_UNCERTAINTY_ASSIGNED_CONTEXT ( ( #215 ) ) GLOBAL_UNIT_ASSIGNED_CONTEXT ( ( #2598, #1438, #1462 ) ) REPRESENTATION_CONTEXT ( 'NONE', 'WORKASPACE' ) );
#2450 =( NAMED_UNIT ( * ) SI_UNIT ( $, .STERADIAN. ) SOLID_ANGLE_UNIT ( ) );
#2451 = VERTEX_POINT ( 'NONE', #1930 ) ;
#2452 = FACE_OUTER_BOUND ( 'NONE', #1836, .T. ) ;
#2453 = B_SPLINE_CURVE_WITH_KNOTS ( 'NONE', 3,
 ( #1445, #3658, #482, #2851, #4265, #94, #415, #735, #4288, #3243, #1103, #3941, #62, #2897, #587, #2355, #2982, #1935, #4116 ),
 .UNSPECIFIED., .F., .F.,
 ( 4, 1, 1, 1, 1, 1, 1, 1, 1, 1, 1, 1, 1, 1, 1, 1, 4 ),
 ( 0.000000000000000000, 0.06863117867660142868, 0.1345664660386773626, 0.1983281540108812191, 0.2607897666408453552, 0.3219991514841584745, 0.3827217465030195442, 0.4435374740357288514, 0.5051334294849251227, 0.5662138747646719983, 0.6261058646175456932, 0.6853493221605165830, 0.7449958703477973510, 0.8054158418145627163, 0.8676362663459531444, 0.9323077823023293575, 1.000000000000000000 ),
 .UNSPECIFIED. ) ;
#2454 = CARTESIAN_POINT ( 'NONE',  ( -0.6000000000000000888, 0.4000000000000000222, 0.000000000000000000 ) ) ;
#2455 = FACE_OUTER_BOUND ( 'NONE', #3056, .T. ) ;
#2456 = ADVANCED_FACE ( 'NONE', ( #905 ), #1948, .T. ) ;
#2457 = CARTESIAN_POINT ( 'NONE',  ( 0.1395884057458932626, -0.07231545979247373801, 6.776263578034402713E-18 ) ) ;
#2458 = ORIENTED_EDGE ( 'NONE', *, *, #3483, .F. ) ;
#2459 = MECHANICAL_DESIGN_GEOMETRIC_PRESENTATION_REPRESENTATION (  '', ( #162 ), #4447 ) ;
#2460 = ORIENTED_EDGE ( 'NONE', *, *, #1617, .T. ) ;
#2461 = FILL_AREA_STYLE_COLOUR ( '', #2935 ) ;
#2462 = CARTESIAN_POINT ( 'NONE',  ( 0.2022049073134151442, 0.001512516172396473390, 0.01000000000000000021 ) ) ;
#2463 = CARTESIAN_POINT ( 'NONE',  ( -0.9999999999999997780, -0.9999999999999991118, 0.2000000000000000111 ) ) ;
#2464 = SURFACE_STYLE_FILL_AREA ( #348 ) ;
#2465 = LINE ( 'NONE', #2108, #3539 ) ;
#2466 = FILL_AREA_STYLE ('',( #330 ) ) ;
#2467 = COLOUR_RGB ( '',0.9686274509803921573, 0.8784313725490195957, 0.5999999999999999778 ) ;
#2468 = CARTESIAN_POINT ( 'NONE',  ( -0.2488369465522224100, 0.05112966512085080628, 0.01000000000000000021 ) ) ;
#2469 =( LENGTH_UNIT ( ) NAMED_UNIT ( * ) SI_UNIT ( .MILLI., .METRE. ) );
#2470 = PLANE ( 'NONE',  #3019 ) ;
#2471 = EDGE_CURVE ( 'NONE', #3477, #1571, #1619, .T. ) ;
#2472 = CARTESIAN_POINT ( 'NONE',  ( -0.2473007727293121683, 0.05776869859184608630, 6.776263578034402713E-18 ) ) ;
#2473 = VECTOR ( 'NONE', #2635, 999.9999999999998863 ) ;
#2474 = ORIENTED_EDGE ( 'NONE', *, *, #3673, .F. ) ;
#2475 = CARTESIAN_POINT ( 'NONE',  ( 1.000000000000000000, -1.000000000000000000, 0.2000000000000000111 ) ) ;
#2476 = CARTESIAN_POINT ( 'NONE',  ( -0.2783495896378043177, -0.02858466370565231063, 0.000000000000000000 ) ) ;
#2477 = ORIENTED_EDGE ( 'NONE', *, *, #1096, .T. ) ;
#2478 = CARTESIAN_POINT ( 'NONE',  ( 0.9999999999999991118, 0.9999999999999995559, 0.000000000000000000 ) ) ;
#2479 = CARTESIAN_POINT ( 'NONE',  ( 0.1733357766866929495, 0.03886845861999659035, 0.01000000000000000021 ) ) ;
#2480 = SURFACE_STYLE_USAGE ( .BOTH. , #343 ) ;
#2481 = VERTEX_POINT ( 'NONE', #177 ) ;
#2482 = ORIENTED_EDGE ( 'NONE', *, *, #3562, .T. ) ;
#2483 = CARTESIAN_POINT ( 'NONE',  ( 0.000000000000000000, 0.000000000000000000, 0.000000000000000000 ) ) ;
#2484 = DIRECTION ( 'NONE',  ( 0.000000000000000000, -1.000000000000000000, 0.000000000000000000 ) ) ;
#2485 = B_SPLINE_CURVE_WITH_KNOTS ( 'NONE', 3,
 ( #3001, #98, #1498, #3990, #812, #2223, #463, #1874, #612, #3721, #1628, #228, #1322, #1002, #3373, #545, #4442, #632, #3464 ),
 .UNSPECIFIED., .F., .F.,
 ( 4, 1, 1, 1, 1, 1, 1, 1, 1, 1, 1, 1, 1, 1, 1, 1, 4 ),
 ( 0.000000000000000000, 0.06806869584499398995, 0.1334274328189550829, 0.1961460338131565395, 0.2570485924493127738, 0.3168826631591620813, 0.3761872086663216042, 0.4359603353635461143, 0.4965352368627262702, 0.5574653434807333996, 0.6176868634101471134, 0.6779436406969063800, 0.7388052848060405742, 0.8009493367665843078, 0.8648146674702267278, 0.9310247810786573819, 1.000000000000000000 ),
 .UNSPECIFIED. ) ;
#2486 = CARTESIAN_POINT ( 'NONE',  ( -0.2445389345482626986, 0.05269273686756346248, 0.000000000000000000 ) ) ;
#2487 = PLANE ( 'NONE',  #2513 ) ;
#2488 =( LENGTH_UNIT ( ) NAMED_UNIT ( * ) SI_UNIT ( .MILLI., .METRE. ) );
#2489 = CARTESIAN_POINT ( 'NONE',  ( -0.04840484878414582498, -0.07065783443735962344, 0.01000000000000000021 ) ) ;
#2490 = CARTESIAN_POINT ( 'NONE',  ( 0.09460359988482212878, 0.05741939874073574007, 0.01000000000000000021 ) ) ;
#2491 = DIRECTION ( 'NONE',  ( 1.000000000000000000, 0.000000000000000000, -0.000000000000000000 ) ) ;
#2492 = CARTESIAN_POINT ( 'NONE',  ( 0.1876551876840869271, -0.04698896583708987718, 0.000000000000000000 ) ) ;
#2493 = PLANE ( 'NONE',  #656 ) ;
#2494 = CARTESIAN_POINT ( 'NONE',  ( -0.9999999999999991118, -0.9999999999999995559, 0.6999999999999999556 ) ) ;
#2495 = ORIENTED_EDGE ( 'NONE', *, *, #1559, .F. ) ;
#2496 = FILL_AREA_STYLE ('',( #3884 ) ) ;
#2497 = EDGE_CURVE ( 'NONE', #4355, #284, #1250, .T. ) ;
#2498 = EDGE_LOOP ( 'NONE', ( #4576, #2458, #1640, #1670 ) ) ;
#2499 = PRESENTATION_STYLE_ASSIGNMENT (( #1417 ) ) ;
#2500 = CARTESIAN_POINT ( 'NONE',  ( -0.6000000000000001998, -0.9999999999999991118, -0.02500000000000000139 ) ) ;
#2501 = CARTESIAN_POINT ( 'NONE',  ( 0.1760832817198366984, 0.03376453160682916371, 0.01000000000000000021 ) ) ;
#2502 = SURFACE_STYLE_FILL_AREA ( #1798 ) ;
#2503 = ORIENTED_EDGE ( 'NONE', *, *, #3699, .T. ) ;
#2504 = ORIENTED_EDGE ( 'NONE', *, *, #3648, .F. ) ;
#2505 = VECTOR ( 'NONE', #2176, 1000.000000000000227 ) ;
#2506 = DIRECTION ( 'NONE',  ( 0.000000000000000000, -0.000000000000000000, 1.000000000000000000 ) ) ;
#2507 = FACE_OUTER_BOUND ( 'NONE', #4561, .T. ) ;
#2508 = FILL_AREA_STYLE ('',( #1083 ) ) ;
#2509 = DIRECTION ( 'NONE',  ( 0.000000000000000000, 1.000000000000000000, 0.000000000000000000 ) ) ;
#2510 = LINE ( 'NONE', #3270, #3321 ) ;
#2511 = DIRECTION ( 'NONE',  ( 0.000000000000000000, -1.000000000000000000, 0.000000000000000000 ) ) ;
#2512 = ORIENTED_EDGE ( 'NONE', *, *, #1215, .F. ) ;
#2513 = AXIS2_PLACEMENT_3D ( 'NONE', #1213, #3312, #2268 ) ;
#2514 = CARTESIAN_POINT ( 'NONE',  ( 0.09061954145975661956, -0.04642002955931084224, 3.388131789017201356E-18 ) ) ;
#2515 = CARTESIAN_POINT ( 'NONE',  ( 0.09939693078456024455, -0.06715648765006448917, 0.01000000000000000021 ) ) ;
#2516 = CARTESIAN_POINT ( 'NONE',  ( -0.01181948293048725590, 0.01348850702605500218, 0.01000000000000000021 ) ) ;
#2517 = CARTESIAN_POINT ( 'NONE',  ( -0.3154780195158531364, -0.07065783443735962344, 0.01000000000000000021 ) ) ;
#2518 =( LENGTH_UNIT ( ) NAMED_UNIT ( * ) SI_UNIT ( .MILLI., .METRE. ) );
#2519 = AXIS2_PLACEMENT_3D ( 'NONE', #627, #4573, #3139 ) ;
#2520 = VECTOR ( 'NONE', #75, 1000.000000000000000 ) ;
#2521 = DIRECTION ( 'NONE',  ( 0.000000000000000000, 0.000000000000000000, 1.000000000000000000 ) ) ;
#2522 = ORIENTED_EDGE ( 'NONE', *, *, #671, .T. ) ;
#2523 = VECTOR ( 'NONE', #1857, 1000.000000000000000 ) ;
#2524 = CARTESIAN_POINT ( 'NONE',  ( 0.9999999999999991118, 0.9999999999999995559, 0.000000000000000000 ) ) ;
#2525 = CARTESIAN_POINT ( 'NONE',  ( 0.9999999999999991118, 0.9999999999999995559, -0.02500000000000000139 ) ) ;
#2526 = ORIENTED_EDGE ( 'NONE', *, *, #2914, .F. ) ;
#2527 = CARTESIAN_POINT ( 'NONE',  ( -0.1284740870639178856, 0.07172538471404379945, 0.01000000000000000021 ) ) ;
#2528 = VECTOR ( 'NONE', #3237, 1000.000000000000000 ) ;
#2529 = CARTESIAN_POINT ( 'NONE',  ( -0.09208076153890612514, -0.05414556346569490003, 6.776263578034402713E-18 ) ) ;
#2530 = CARTESIAN_POINT ( 'NONE',  ( 0.1799874032950719016, 0.02238553849147353544, 0.01000000000000000021 ) ) ;
#2531 = ADVANCED_FACE ( 'NONE', ( #193 ), #1595, .T. ) ;
#2532 = LINE ( 'NONE', #3940, #592 ) ;
#2533 = ADVANCED_FACE ( 'NONE', ( #3690 ), #131, .T. ) ;
#2534 = VECTOR ( 'NONE', #1718, 1000.000000000000227 ) ;
#2535 = PLANE ( 'NONE',  #3222 ) ;
#2536 = DIRECTION ( 'NONE',  ( -0.3536223923290754967, 0.9353882635801357148, 0.000000000000000000 ) ) ;
#2537 = DIRECTION ( 'NONE',  ( -0.000000000000000000, -0.000000000000000000, 1.000000000000000000 ) ) ;
#2538 = PRESENTATION_STYLE_ASSIGNMENT (( #3896 ) ) ;
#2539 = DIRECTION ( 'NONE',  ( -0.000000000000000000, -0.000000000000000000, -1.000000000000000000 ) ) ;
#2540 = CARTESIAN_POINT ( 'NONE',  ( 0.1259008372668228848, -0.07241683169790388841, 6.776263578034402713E-18 ) ) ;
#2541 = VERTEX_POINT ( 'NONE', #2093 ) ;
#2542 = STYLED_ITEM ( 'NONE', ( #4291 ), #2997 ) ;
#2543 = CARTESIAN_POINT ( 'NONE',  ( 0.09195159930392045322, 0.05587838663331342465, -0.000000000000000000 ) ) ;
#2544 = CARTESIAN_POINT ( 'NONE',  ( -0.2460481528766919612, 0.05998134879257797231, 0.01000000000000000021 ) ) ;
#2545 = DIRECTION ( 'NONE',  ( 0.000000000000000000, 0.000000000000000000, -1.000000000000000000 ) ) ;
#2546 =( GEOMETRIC_REPRESENTATION_CONTEXT ( 3 ) GLOBAL_UNCERTAINTY_ASSIGNED_CONTEXT ( ( #1185 ) ) GLOBAL_UNIT_ASSIGNED_CONTEXT ( ( #321, #1368, #2260 ) ) REPRESENTATION_CONTEXT ( 'NONE', 'WORKASPACE' ) );
#2547 = EDGE_CURVE ( 'NONE', #2818, #1832, #2446, .T. ) ;
#2548 = EDGE_LOOP ( 'NONE', ( #665, #4468, #3968, #815 ) ) ;
#2549 = FACE_OUTER_BOUND ( 'NONE', #4120, .T. ) ;
#2550 = EDGE_LOOP ( 'NONE', ( #455, #4041, #2864, #4546 ) ) ;
#2551 = DIRECTION ( 'NONE',  ( 0.000000000000000000, -1.000000000000000000, 0.000000000000000000 ) ) ;
#2552 = CARTESIAN_POINT ( 'NONE',  ( 0.1237371726983402254, -0.05595301692509740965, 6.776263578034402713E-18 ) ) ;
#2553 = AXIS2_PLACEMENT_3D ( 'NONE', #3459, #676, #1689 ) ;
#2554 = ORIENTED_EDGE ( 'NONE', *, *, #3906, .T. ) ;
#2555 = FACE_OUTER_BOUND ( 'NONE', #311, .T. ) ;
#2556 = LINE ( 'NONE', #3959, #3087 ) ;
#2557 = ADVANCED_FACE ( 'NONE', ( #673 ), #2493, .F. ) ;
#2558 = EDGE_CURVE ( 'NONE', #1941, #4085, #334, .T. ) ;
#2559 = CARTESIAN_POINT ( 'NONE',  ( 0.1669511906671511392, -0.06469287691739891710, 0.01000000000000000021 ) ) ;
#2560 = LINE ( 'NONE', #1149, #1884 ) ;
#2561 = CARTESIAN_POINT ( 'NONE',  ( 0.1820412831163839285, 0.0005483749521771235161, 6.776263578034402713E-18 ) ) ;
#2562 = DIRECTION ( 'NONE',  ( -1.000000000000000000, 0.000000000000000000, 0.000000000000000000 ) ) ;
#2563 = CARTESIAN_POINT ( 'NONE',  ( 0.1041682707229979604, -0.06882216394160835249, 6.776263578034402713E-18 ) ) ;
#2564 = ORIENTED_EDGE ( 'NONE', *, *, #335, .T. ) ;
#2565 = ADVANCED_FACE ( 'NONE', ( #3106 ), #2064, .T. ) ;
#2566 = CARTESIAN_POINT ( 'NONE',  ( 0.1975599352440480516, -0.02859646876725879458, 0.01000000000000000021 ) ) ;
#2567 = FILL_AREA_STYLE ('',( #126 ) ) ;
#2568 = PLANE ( 'NONE',  #4589 ) ;
#2569 = EDGE_CURVE ( 'NONE', #2773, #2431, #1362, .T. ) ;
#2570 = CARTESIAN_POINT ( 'NONE',  ( 0.1395884057458932626, -0.07231545979247373801, 0.000000000000000000 ) ) ;
#2571 = EDGE_CURVE ( 'NONE', #1363, #2123, #626, .T. ) ;
#2572 =( NAMED_UNIT ( * ) SI_UNIT ( $, .STERADIAN. ) SOLID_ANGLE_UNIT ( ) );
#2573 = EDGE_LOOP ( 'NONE', ( #3535, #1793, #1981, #2786 ) ) ;
#2574 = COLOUR_RGB ( '',0.9686274509803921573, 0.8784313725490195957, 0.5999999999999999778 ) ;
#2575 = PLANE ( 'NONE',  #2384 ) ;
#2576 = ORIENTED_EDGE ( 'NONE', *, *, #2067, .F. ) ;
#2577 = CARTESIAN_POINT ( 'NONE',  ( 0.2918390536548785552, 0.07934216556264037101, 0.000000000000000000 ) ) ;
#2578 = MECHANICAL_DESIGN_GEOMETRIC_PRESENTATION_REPRESENTATION (  '', ( #4556 ), #118 ) ;
#2579 = ORIENTED_EDGE ( 'NONE', *, *, #1021, .F. ) ;
#2580 = B_SPLINE_SURFACE_WITH_KNOTS ( 'NONE', 3, 1, ( 
 ( #1905, #1224 ),
 ( #3038, #4067 ),
 ( #1206, #2637 ),
 ( #4044, #855 ),
 ( #4457, #514 ),
 ( #2301, #2680 ),
 ( #2327, #3713 ),
 ( #538, #216 ),
 ( #3364, #192 ),
 ( #1594, #4091 ),
 ( #3738, #2763 ),
 ( #984, #2437 ),
 ( #664, #2086 ),
 ( #3845, #4198 ),
 ( #1012, #1313 ),
 ( #2347, #2676 ),
 ( #602, #873 ),
 ( #4131, #4498 ),
 ( #3410, #212 ) ),
 .UNSPECIFIED., .F., .F., .F.,
 ( 4, 1, 1, 1, 1, 1, 1, 1, 1, 1, 1, 1, 1, 1, 1, 1, 4 ),
 ( 2, 2 ),
 ( 0.000000000000000000, 0.07430379644281587259, 0.1443936103644179736, 0.2104994961032798373, 0.2735426065034681775, 0.3338247445790735735, 0.3925296724085028388, 0.4500874545995854348, 0.5078206115557880596, 0.5654649127768465178, 0.6231487223336197312, 0.6812971927909353687, 0.7409134981565806966, 0.8018557521958579182, 0.8652412377209434124, 0.9309416570467443641, 1.000000000000000000 ),
 ( 0.000000000000000000, 1.000000000000000000 ),
 .UNSPECIFIED. ) ;
#2581 = CARTESIAN_POINT ( 'NONE',  ( -0.1146332413880750689, -0.05037542049599038479, 0.01000000000000000021 ) ) ;
#2582 = ADVANCED_FACE ( 'NONE', ( #3822 ), #3482, .F. ) ;
#2583 = CARTESIAN_POINT ( 'NONE',  ( -0.1451092405387025275, 0.03067893778190088072, 0.000000000000000000 ) ) ;
#2584 = CARTESIAN_POINT ( 'NONE',  ( 0.1820412831163839285, 0.0005483749521771235161, 0.01000000000000000021 ) ) ;
#2585 = CARTESIAN_POINT ( 'NONE',  ( 0.2021395787951407175, 0.004430842838866031266, -0.000000000000000000 ) ) ;
#2586 = CARTESIAN_POINT ( 'NONE',  ( 0.1298716082683762929, -0.07246340215848358357, 0.01000000000000000021 ) ) ;
#2587 = ORIENTED_EDGE ( 'NONE', *, *, #292, .F. ) ;
#2588 = CARTESIAN_POINT ( 'NONE',  ( 0.1030262010995349892, 0.06101698788076358876, 0.000000000000000000 ) ) ;
#2589 = LINE ( 'NONE', #4363, #804 ) ;
#2590 = CARTESIAN_POINT ( 'NONE',  ( 0.1210300790431086543, 0.06463669961368369299, 0.01000000000000000021 ) ) ;
#2591 = SURFACE_SIDE_STYLE ('',( #4365 ) ) ;
#2592 = CARTESIAN_POINT ( 'NONE',  ( -0.9999999999999991118, 0.9999999999999995559, 0.6999999999999999556 ) ) ;
#2593 = ORIENTED_EDGE ( 'NONE', *, *, #896, .F. ) ;
#2594 = AXIS2_PLACEMENT_3D ( 'NONE', #3447, #3072, #2405 ) ;
#2595 = ORIENTED_EDGE ( 'NONE', *, *, #420, .T. ) ;
#2596 = UNCERTAINTY_MEASURE_WITH_UNIT (LENGTH_MEASURE( 1.000000000000000082E-05 ), #3895, 'distance_accuracy_value', 'NONE');
#2597 = CARTESIAN_POINT ( 'NONE',  ( 0.1552318576012311213, -0.04989786972018422223, 0.000000000000000000 ) ) ;
#2598 =( LENGTH_UNIT ( ) NAMED_UNIT ( * ) SI_UNIT ( .MILLI., .METRE. ) );
#2599 =( GEOMETRIC_REPRESENTATION_CONTEXT ( 3 ) GLOBAL_UNCERTAINTY_ASSIGNED_CONTEXT ( ( #582 ) ) GLOBAL_UNIT_ASSIGNED_CONTEXT ( ( #4453, #4251, #1430 ) ) REPRESENTATION_CONTEXT ( 'NONE', 'WORKASPACE' ) );
#2600 = EDGE_LOOP ( 'NONE', ( #2861, #2951, #1982, #173 ) ) ;
#2601 = VECTOR ( 'NONE', #3277, 1000.000000000000000 ) ;
#2602 = LINE ( 'NONE', #828, #1312 ) ;
#2603 = CARTESIAN_POINT ( 'NONE',  ( -0.1088320884150804496, 0.06098325994704258124, 0.000000000000000000 ) ) ;
#2604 =( NAMED_UNIT ( * ) SI_UNIT ( $, .STERADIAN. ) SOLID_ANGLE_UNIT ( ) );
#2605 = COLOUR_RGB ( '',1.000000000000000000, 1.000000000000000000, 1.000000000000000000 ) ;
#2606 = CARTESIAN_POINT ( 'NONE',  ( 0.1431429301688784128, 0.06247819747174305355, 0.01000000000000000021 ) ) ;
#2607 = ORIENTED_EDGE ( 'NONE', *, *, #2896, .T. ) ;
#2608 = DIRECTION ( 'NONE',  ( 1.000000000000000000, -2.168404344971009854E-16, 0.000000000000000000 ) ) ;
#2609 = VECTOR ( 'NONE', #1820, 1000.000000000000000 ) ;
#2610 = LINE ( 'NONE', #169, #637 ) ;
#2611 = CARTESIAN_POINT ( 'NONE',  ( 0.1975599352440480516, -0.02859646876725879458, 0.01000000000000000021 ) ) ;
#2612 = ADVANCED_FACE ( 'NONE', ( #2393 ), #3159, .F. ) ;
#2613 = ORIENTED_EDGE ( 'NONE', *, *, #2307, .T. ) ;
#2614 =( GEOMETRIC_REPRESENTATION_CONTEXT ( 3 ) GLOBAL_UNCERTAINTY_ASSIGNED_CONTEXT ( ( #1550 ) ) GLOBAL_UNIT_ASSIGNED_CONTEXT ( ( #4590, #2853, #3945 ) ) REPRESENTATION_CONTEXT ( 'NONE', 'WORKASPACE' ) );
#2615 = SURFACE_STYLE_USAGE ( .BOTH. , #1885 ) ;
#2616 = ORIENTED_EDGE ( 'NONE', *, *, #1391, .F. ) ;
#2617 = VECTOR ( 'NONE', #1194, 1000.000000000000000 ) ;
#2618 = DIRECTION ( 'NONE',  ( 1.000000000000000000, 0.000000000000000000, 0.000000000000000000 ) ) ;
#2619 = MANIFOLD_SOLID_BREP ( '凸台-拉伸2', #2042 ) ;
#2620 = CARTESIAN_POINT ( 'NONE',  ( 0.1037112043802230210, -0.05234718014972269268, 0.01000000000000000021 ) ) ;
#2621 = VECTOR ( 'NONE', #1099, 1000.000000000000000 ) ;
#2622 =( NAMED_UNIT ( * ) SI_UNIT ( $, .STERADIAN. ) SOLID_ANGLE_UNIT ( ) );
#2623 = AXIS2_PLACEMENT_3D ( 'NONE', #719, #3625, #3954 ) ;
#2624 = CARTESIAN_POINT ( 'NONE',  ( -0.2438221506134140848, 0.05053118995288426868, 0.01000000000000000021 ) ) ;
#2625 = MANIFOLD_SOLID_BREP ( '凸台-拉伸3[2]', #4417 ) ;
#2626 = STYLED_ITEM ( 'NONE', ( #1091 ), #4070 ) ;
#2627 = CARTESIAN_POINT ( 'NONE',  ( 0.1902084849311027892, 0.04754311917257111192, 0.000000000000000000 ) ) ;
#2628 = CARTESIAN_POINT ( 'NONE',  ( 0.1533710194366915691, 0.05825753532812969621, 0.01000000000000000021 ) ) ;
#2629 = ORIENTED_EDGE ( 'NONE', *, *, #3135, .F. ) ;
#2630 = CARTESIAN_POINT ( 'NONE',  ( -0.01547801951585310240, 0.07934216556264037101, 0.000000000000000000 ) ) ;
#2631 = FILL_AREA_STYLE_COLOUR ( '', #4130 ) ;
#2632 = CARTESIAN_POINT ( 'NONE',  ( 0.1831869349388442481, -0.05227348189625161817, 0.01000000000000000021 ) ) ;
#2633 = FILL_AREA_STYLE_COLOUR ( '', #2952 ) ;
#2634 = ORIENTED_EDGE ( 'NONE', *, *, #2710, .T. ) ;
#2635 = DIRECTION ( 'NONE',  ( 0.3390537954853695135, 0.9407669869669987861, 0.000000000000000000 ) ) ;
#2636 = B_SPLINE_CURVE_WITH_KNOTS ( 'NONE', 3,
 ( #2341, #1240, #1961, #3749, #2669, #4081, #1609, #3031, #890, #1985, #3402, #1353, #3570, #4221, #1105, #2852, #1728, #3893, #3472 ),
 .UNSPECIFIED., .F., .F.,
 ( 4, 1, 1, 1, 1, 1, 1, 1, 1, 1, 1, 1, 1, 1, 1, 1, 4 ),
 ( 0.000000000000000000, 0.07082657255516286443, 0.1381690332798000409, 0.2024753315338425896, 0.2639737544135197234, 0.3233803205980374518, 0.3817976227131853473, 0.4393900745193891622, 0.4969027245459973763, 0.5546621696093698706, 0.6127418784921973005, 0.6715388363911721781, 0.7316557220901981351, 0.7942978116139530753, 0.8594822049793584551, 0.9276813254527899177, 1.000000000000000000 ),
 .UNSPECIFIED. ) ;
#2637 = CARTESIAN_POINT ( 'NONE',  ( -0.1488698920268994308, 0.01256392831010323154, 6.776263578034402713E-18 ) ) ;
#2638 = CARTESIAN_POINT ( 'NONE',  ( -0.2368194829304872406, 0.07934216556264037101, 0.000000000000000000 ) ) ;
#2639 = CARTESIAN_POINT ( 'NONE',  ( 0.1820829560939029590, 0.002741555806542805319, 0.000000000000000000 ) ) ;
#2640 = EDGE_CURVE ( 'NONE', #123, #575, #4274, .T. ) ;
#2641 = LINE ( 'NONE', #859, #3353 ) ;
#2642 = PLANE ( 'NONE',  #3569 ) ;
#2643 = FACE_OUTER_BOUND ( 'NONE', #3980, .T. ) ;
#2644 = EDGE_LOOP ( 'NONE', ( #2410, #3406, #2712, #32 ) ) ;
#2645 = CARTESIAN_POINT ( 'NONE',  ( 1.000000000000000000, -1.000000000000000000, -0.02500000000000000139 ) ) ;
#2646 = SURFACE_STYLE_FILL_AREA ( #3275 ) ;
#2647 = LINE ( 'NONE', #1543, #2601 ) ;
#2648 = CARTESIAN_POINT ( 'NONE',  ( 0.1948750820191068045, -0.03514325247035442190, 6.776263578034402713E-18 ) ) ;
#2649 = CARTESIAN_POINT ( 'NONE',  ( 0.1310469238090001542, -0.05597402338331369798, 6.776263578034402713E-18 ) ) ;
#2650 = EDGE_LOOP ( 'NONE', ( #1110, #2447, #77, #1459 ) ) ;
#2651 = VECTOR ( 'NONE', #1156, 1000.000000000000000 ) ;
#2652 = LINE ( 'NONE', #3383, #2297 ) ;
#2653 = ADVANCED_FACE ( 'NONE', ( #1139 ), #470, .F. ) ;
#2654 = DIRECTION ( 'NONE',  ( -1.000000000000000000, 0.000000000000000000, 0.000000000000000000 ) ) ;
#2655 = LINE ( 'NONE', #1207, #1251 ) ;
#2656 =( GEOMETRIC_REPRESENTATION_CONTEXT ( 3 ) GLOBAL_UNCERTAINTY_ASSIGNED_CONTEXT ( ( #854 ) ) GLOBAL_UNIT_ASSIGNED_CONTEXT ( ( #2044, #4579, #1770 ) ) REPRESENTATION_CONTEXT ( 'NONE', 'WORKASPACE' ) );
#2657 = ADVANCED_FACE ( 'NONE', ( #1831 ), #381, .F. ) ;
#2658 =( GEOMETRIC_REPRESENTATION_CONTEXT ( 3 ) GLOBAL_UNCERTAINTY_ASSIGNED_CONTEXT ( ( #4156 ) ) GLOBAL_UNIT_ASSIGNED_CONTEXT ( ( #2060, #2441, #3662 ) ) REPRESENTATION_CONTEXT ( 'NONE', 'WORKASPACE' ) );
#2659 = LINE ( 'NONE', #4435, #1460 ) ;
#2660 = CARTESIAN_POINT ( 'NONE',  ( -0.01913655610121900441, -0.07065783443735962344, 0.000000000000000000 ) ) ;
#2661 = CARTESIAN_POINT ( 'NONE',  ( -0.01181948293048725590, -0.002974907608091332655, 0.01000000000000000021 ) ) ;
#2662 = EDGE_CURVE ( 'NONE', #3752, #3649, #4101, .T. ) ;
#2663 = CARTESIAN_POINT ( 'NONE',  ( -0.09073526036951164164, 0.07934216556264037101, 0.01000000000000000021 ) ) ;
#2664 = DIRECTION ( 'NONE',  ( 0.000000000000000000, 1.000000000000000000, 0.000000000000000000 ) ) ;
#2665 = ADVANCED_FACE ( 'NONE', ( #3466 ), #2004, .F. ) ;
#2666 = COLOUR_RGB ( '',1.000000000000000000, 1.000000000000000000, 1.000000000000000000 ) ;
#2667 = VERTEX_POINT ( 'NONE', #1669 ) ;
#2668 = CARTESIAN_POINT ( 'NONE',  ( -0.1690759760208221663, 0.003395460813517202706, 1.016439536705160407E-17 ) ) ;
#2669 = CARTESIAN_POINT ( 'NONE',  ( -0.1089628644935190099, -0.05207799471984182055, 0.000000000000000000 ) ) ;
#2670 = CARTESIAN_POINT ( 'NONE',  ( -0.1215932669566169022, 0.07449213839581793339, 0.01000000000000000021 ) ) ;
#2671 = AXIS2_PLACEMENT_3D ( 'NONE', #949, #2278, #1644 ) ;
#2672 = DIRECTION ( 'NONE',  ( -0.000000000000000000, -0.000000000000000000, -1.000000000000000000 ) ) ;
#2673 = CARTESIAN_POINT ( 'NONE',  ( 0.1110128962098437394, 0.08039590948268725279, 0.01000000000000000021 ) ) ;
#2674 = ORIENTED_EDGE ( 'NONE', *, *, #2118, .F. ) ;
#2675 = COLOUR_RGB ( '',0.9686274509803921573, 0.8784313725490195957, 0.5999999999999999778 ) ;
#2676 = CARTESIAN_POINT ( 'NONE',  ( -0.1030523823001928130, 0.06208090008760584755, 6.776263578034402713E-18 ) ) ;
#2677 = SURFACE_STYLE_FILL_AREA ( #111 ) ;
#2678 = ADVANCED_FACE ( 'NONE', ( #3426 ), #3091, .T. ) ;
#2679 = UNCERTAINTY_MEASURE_WITH_UNIT (LENGTH_MEASURE( 1.000000000000000082E-05 ), #4172, 'distance_accuracy_value', 'NONE');
#2680 = CARTESIAN_POINT ( 'NONE',  ( -0.1451092405387025275, 0.03067893778190088072, 6.776263578034402713E-18 ) ) ;
#2681 = PRESENTATION_LAYER_ASSIGNMENT (  '', '', ( #2542 ) ) ;
#2682 = CARTESIAN_POINT ( 'NONE',  ( -0.2490241323207311175, 0.05053118995288426868, 0.01000000000000000021 ) ) ;
#2683 =( GEOMETRIC_REPRESENTATION_CONTEXT ( 3 ) GLOBAL_UNCERTAINTY_ASSIGNED_CONTEXT ( ( #4066 ) ) GLOBAL_UNIT_ASSIGNED_CONTEXT ( ( #2036, #2415, #1292 ) ) REPRESENTATION_CONTEXT ( 'NONE', 'WORKASPACE' ) );
#2684 =( NAMED_UNIT ( * ) SI_UNIT ( $, .STERADIAN. ) SOLID_ANGLE_UNIT ( ) );
#2685 = DIRECTION ( 'NONE',  ( 0.000000000000000000, 1.000000000000000000, 0.000000000000000000 ) ) ;
#2686 = PRESENTATION_LAYER_ASSIGNMENT (  '', '', ( #604 ) ) ;
#2687 = CARTESIAN_POINT ( 'NONE',  ( -0.2214421963451214392, -0.01212124907150596842, 0.01000000000000000021 ) ) ;
#2688 = CARTESIAN_POINT ( 'NONE',  ( 0.09877471462689203785, 0.05934596715465027122, 0.01000000000000000021 ) ) ;
#2689 = EDGE_CURVE ( 'NONE', #2123, #573, #2804, .T. ) ;
#2690 = SURFACE_STYLE_FILL_AREA ( #3048 ) ;
#2691 = FACE_OUTER_BOUND ( 'NONE', #2799, .T. ) ;
#2692 =( NAMED_UNIT ( * ) PLANE_ANGLE_UNIT ( ) SI_UNIT ( $, .RADIAN. ) );
#2693 = ORIENTED_EDGE ( 'NONE', *, *, #4393, .F. ) ;
#2694 = PRESENTATION_LAYER_ASSIGNMENT (  '', '', ( #1054 ) ) ;
#2695 = VERTEX_POINT ( 'NONE', #1395 ) ;
#2696 = ORIENTED_EDGE ( 'NONE', *, *, #4476, .T. ) ;
#2697 = SURFACE_STYLE_FILL_AREA ( #1673 ) ;
#2698 = CARTESIAN_POINT ( 'NONE',  ( 0.09181355998635473692, 0.07571099034873479683, -0.000000000000000000 ) ) ;
#2699 = CARTESIAN_POINT ( 'NONE',  ( 0.1184703904221883625, -0.05547182068276833994, 0.01000000000000000021 ) ) ;
#2700 = CARTESIAN_POINT ( 'NONE',  ( 0.1241746739515493109, 0.08115893218998203318, 6.776263578034402713E-18 ) ) ;
#2701 = ORIENTED_EDGE ( 'NONE', *, *, #3636, .F. ) ;
#2702 = EDGE_CURVE ( 'NONE', #15, #2779, #2532, .T. ) ;
#2703 = CARTESIAN_POINT ( 'NONE',  ( 0.1999999999999999833, 0.3999999999999999667, 0.000000000000000000 ) ) ;
#2704 = CARTESIAN_POINT ( 'NONE',  ( 0.5999999999999989786, -0.9999999999999991118, 0.000000000000000000 ) ) ;
#2705 = SURFACE_SIDE_STYLE ('',( #3350 ) ) ;
#2706 = CARTESIAN_POINT ( 'NONE',  ( 0.2150097853621956434, -0.07065783443735962344, 0.01000000000000000021 ) ) ;
#2707 = DIRECTION ( 'NONE',  ( -0.000000000000000000, -0.000000000000000000, -1.000000000000000000 ) ) ;
#2708 = CARTESIAN_POINT ( 'NONE',  ( 0.09424783659229746258, 0.07669911689190619941, 0.01000000000000000021 ) ) ;
#2709 =( LENGTH_UNIT ( ) NAMED_UNIT ( * ) SI_UNIT ( .MILLI., .METRE. ) );
#2710 = EDGE_CURVE ( 'NONE', #1584, #575, #4581, .T. ) ;
#2711 = ORIENTED_EDGE ( 'NONE', *, *, #533, .T. ) ;
#2712 = ORIENTED_EDGE ( 'NONE', *, *, #2199, .T. ) ;
#2713 = DIRECTION ( 'NONE',  ( -1.355252715606880543E-16, 1.000000000000000000, 0.000000000000000000 ) ) ;
#2714 = CARTESIAN_POINT ( 'NONE',  ( -0.1468502877129970186, 0.05958223242284002574, 1.016439536705160407E-17 ) ) ;
#2715 = ORIENTED_EDGE ( 'NONE', *, *, #4335, .T. ) ;
#2716 = ORIENTED_EDGE ( 'NONE', *, *, #4055, .T. ) ;
#2717 = CARTESIAN_POINT ( 'NONE',  ( 1.000000000000000000, -1.000000000000000000, 0.000000000000000000 ) ) ;
#2718 = UNCERTAINTY_MEASURE_WITH_UNIT (LENGTH_MEASURE( 1.000000000000000082E-05 ), #994, 'distance_accuracy_value', 'NONE');
#2719 = DIRECTION ( 'NONE',  ( 0.000000000000000000, 0.000000000000000000, 1.000000000000000000 ) ) ;
#2720 = PLANE ( 'NONE',  #2623 ) ;
#2721 = FACE_OUTER_BOUND ( 'NONE', #1263, .T. ) ;
#2722 = MECHANICAL_DESIGN_GEOMETRIC_PRESENTATION_REPRESENTATION (  '', ( #2129 ), #3172 ) ;
#2723 = LINE ( 'NONE', #2801, #4239 ) ;
#2724 =( GEOMETRIC_REPRESENTATION_CONTEXT ( 3 ) GLOBAL_UNCERTAINTY_ASSIGNED_CONTEXT ( ( #4025 ) ) GLOBAL_UNIT_ASSIGNED_CONTEXT ( ( #2076, #1723, #2400 ) ) REPRESENTATION_CONTEXT ( 'NONE', 'WORKASPACE' ) );
#2725 = EDGE_CURVE ( 'NONE', #239, #778, #731, .T. ) ;
#2726 = FILL_AREA_STYLE_COLOUR ( '', #885 ) ;
#2727 = SURFACE_STYLE_FILL_AREA ( #3768 ) ;
#2728 = ORIENTED_EDGE ( 'NONE', *, *, #92, .T. ) ;
#2729 = AXIS2_PLACEMENT_3D ( 'NONE', #2857, #1757, #4228 ) ;
#2730 = ORIENTED_EDGE ( 'NONE', *, *, #4456, .T. ) ;
#2731 = PRESENTATION_STYLE_ASSIGNMENT (( #3793 ) ) ;
#2732 = LINE ( 'NONE', #1285, #1016 ) ;
#2733 = CARTESIAN_POINT ( 'NONE',  ( -0.1349549852346396961, 0.06825938095525750648, 1.016439536705160407E-17 ) ) ;
#2734 = DIRECTION ( 'NONE',  ( -0.000000000000000000, -0.000000000000000000, -1.000000000000000000 ) ) ;
#2735 = ORIENTED_EDGE ( 'NONE', *, *, #2214, .F. ) ;
#2736 = DIRECTION ( 'NONE',  ( 1.000000000000000000, -4.336808689942017736E-16, 0.000000000000000000 ) ) ;
#2737 = ORIENTED_EDGE ( 'NONE', *, *, #3366, .F. ) ;
#2738 = CARTESIAN_POINT ( 'NONE',  ( -0.08982062622317016354, -0.05419441980321328123, 0.01000000000000000021 ) ) ;
#2739 = SURFACE_STYLE_USAGE ( .BOTH. , #2768 ) ;
#2740 = FILL_AREA_STYLE ('',( #4155 ) ) ;
#2741 = PRESENTATION_STYLE_ASSIGNMENT (( #1316 ) ) ;
#2742 = ADVANCED_FACE ( 'NONE', ( #1077 ), #2078, .F. ) ;
#2743 = LINE ( 'NONE', #2418, #3047 ) ;
#2744 = PRESENTATION_LAYER_ASSIGNMENT (  '', '', ( #159 ) ) ;
#2745 = VECTOR ( 'NONE', #2277, 1000.000000000000000 ) ;
#2746 = CARTESIAN_POINT ( 'NONE',  ( -0.1088320884150804496, 0.06098325994704258124, 0.01000000000000000021 ) ) ;
#2747 = CARTESIAN_POINT ( 'NONE',  ( 0.5999999999999992006, 0.9999999999999995559, 0.000000000000000000 ) ) ;
#2748 = COLOUR_RGB ( '',0.9686274509803921573, 0.8784313725490195957, 0.5999999999999999778 ) ;
#2749 = PRESENTATION_LAYER_ASSIGNMENT (  '', '', ( #1190 ) ) ;
#2750 = SURFACE_SIDE_STYLE ('',( #340 ) ) ;
#2751 = EDGE_CURVE ( 'NONE', #1678, #1122, #3889, .T. ) ;
#2752 = VECTOR ( 'NONE', #4509, 1000.000000000000000 ) ;
#2753 = SURFACE_SIDE_STYLE ('',( #2426 ) ) ;
#2754 = CARTESIAN_POINT ( 'NONE',  ( 0.1110128962098437394, 0.08039590948268725279, 0.01000000000000000021 ) ) ;
#2755 = CARTESIAN_POINT ( 'NONE',  ( 0.1999999999999999833, -0.1999999999999991229, -0.02500000000000000139 ) ) ;
#2756 = EDGE_LOOP ( 'NONE', ( #1748, #1509, #2737, #451, #3398 ) ) ;
#2757 = VERTEX_POINT ( 'NONE', #2121 ) ;
#2758 = MECHANICAL_DESIGN_GEOMETRIC_PRESENTATION_REPRESENTATION (  '', ( #2160 ), #3418 ) ;
#2759 = FILL_AREA_STYLE ('',( #3524 ) ) ;
#2760 = DIRECTION ( 'NONE',  ( 0.000000000000000000, -0.000000000000000000, 1.000000000000000000 ) ) ;
#2761 = CARTESIAN_POINT ( 'NONE',  ( -0.1068179714505699540, 0.07824546367658169466, 1.016439536705160407E-17 ) ) ;
#2762 = DIRECTION ( 'NONE',  ( 0.3635424856527064708, 0.9315776194850602376, 0.000000000000000000 ) ) ;
#2763 = CARTESIAN_POINT ( 'NONE',  ( -0.1287977602113476727, 0.05197172643136865194, 6.776263578034402713E-18 ) ) ;
#2764 = PRESENTATION_LAYER_ASSIGNMENT (  '', '', ( #3647 ) ) ;
#2765 = ORIENTED_EDGE ( 'NONE', *, *, #4527, .T. ) ;
#2766 = LINE ( 'NONE', #2813, #3989 ) ;
#2767 = VERTEX_POINT ( 'NONE', #2868 ) ;
#2768 = SURFACE_SIDE_STYLE ('',( #4521 ) ) ;
#2769 = FILL_AREA_STYLE ('',( #4205 ) ) ;
#2770 = UNCERTAINTY_MEASURE_WITH_UNIT (LENGTH_MEASURE( 1.000000000000000082E-05 ), #2518, 'distance_accuracy_value', 'NONE');
#2771 = FILL_AREA_STYLE ('',( #2113 ) ) ;
#2772 = EDGE_CURVE ( 'NONE', #2795, #1416, #2102, .T. ) ;
#2773 = VERTEX_POINT ( 'NONE', #392 ) ;
#2774 = CARTESIAN_POINT ( 'NONE',  ( -0.01181948293048725590, 0.01348850702605500218, 0.01000000000000000021 ) ) ;
#2775 = CARTESIAN_POINT ( 'NONE',  ( -0.08919181524756045198, -0.07065783443735962344, 3.388131789017201356E-18 ) ) ;
#2776 = ORIENTED_EDGE ( 'NONE', *, *, #1208, .F. ) ;
#2777 = CARTESIAN_POINT ( 'NONE',  ( -0.09349103997946410505, 0.07928074176975301313, 0.01000000000000000021 ) ) ;
#2778 =( NAMED_UNIT ( * ) SI_UNIT ( $, .STERADIAN. ) SOLID_ANGLE_UNIT ( ) );
#2779 = VERTEX_POINT ( 'NONE', #3198 ) ;
#2780 = ORIENTED_EDGE ( 'NONE', *, *, #2837, .T. ) ;
#2781 = CARTESIAN_POINT ( 'NONE',  ( -0.08919181524756045198, -0.07065783443735962344, 0.01000000000000000021 ) ) ;
#2782 = CARTESIAN_POINT ( 'NONE',  ( 0.2150097853621956434, -0.05419441980321328123, 0.01000000000000000021 ) ) ;
#2783 = DIRECTION ( 'NONE',  ( 0.000000000000000000, -1.000000000000000000, 0.000000000000000000 ) ) ;
#2784 = LINE ( 'NONE', #1988, #4080 ) ;
#2785 = FILL_AREA_STYLE ('',( #3689 ) ) ;
#2786 = ORIENTED_EDGE ( 'NONE', *, *, #3076, .T. ) ;
#2787 = CARTESIAN_POINT ( 'NONE',  ( 0.1709551105355836820, -0.03607164994363434851, 0.01000000000000000021 ) ) ;
#2788 = ORIENTED_EDGE ( 'NONE', *, *, #3568, .T. ) ;
#2789 = DIRECTION ( 'NONE',  ( -1.000000000000000000, 2.168404344971003346E-15, 0.000000000000000000 ) ) ;
#2790 = CARTESIAN_POINT ( 'NONE',  ( 0.1092182625949022351, -0.07015039137581392803, 0.01000000000000000021 ) ) ;
#2791 = CARTESIAN_POINT ( 'NONE',  ( -0.9999999999999997780, -0.9999999999999991118, 0.2000000000000000111 ) ) ;
#2792 = CARTESIAN_POINT ( 'NONE',  ( -1.000000000000000000, 0.4000000000000000777, -0.02500000000000000139 ) ) ;
#2793 = EDGE_CURVE ( 'NONE', #2795, #2481, #1724, .T. ) ;
#2794 =( LENGTH_UNIT ( ) NAMED_UNIT ( * ) SI_UNIT ( .MILLI., .METRE. ) );
#2795 = VERTEX_POINT ( 'NONE', #1369 ) ;
#2796 =( NAMED_UNIT ( * ) SI_UNIT ( $, .STERADIAN. ) SOLID_ANGLE_UNIT ( ) );
#2797 = CARTESIAN_POINT ( 'NONE',  ( -0.1661392564739384847, -0.01794240553340393021, 0.000000000000000000 ) ) ;
#2798 = EDGE_CURVE ( 'NONE', #1464, #1214, #2170, .T. ) ;
#2799 = EDGE_LOOP ( 'NONE', ( #1530, #3467, #3094, #3606 ) ) ;
#2800 = VECTOR ( 'NONE', #2511, 1000.000000000000000 ) ;
#2801 = CARTESIAN_POINT ( 'NONE',  ( 0.2000000000000000944, 0.9999999999999995559, -0.02500000000000000139 ) ) ;
#2802 = CARTESIAN_POINT ( 'NONE',  ( 0.000000000000000000, 0.000000000000000000, 0.2000000000000000111 ) ) ;
#2803 = CARTESIAN_POINT ( 'NONE',  ( 0.1580347180364998771, 0.05533496423131320507, 0.01000000000000000021 ) ) ;
#2804 = LINE ( 'NONE', #365, #2609 ) ;
#2805 = EDGE_LOOP ( 'NONE', ( #2059, #1506, #4328, #2482 ) ) ;
#2806 = AXIS2_PLACEMENT_3D ( 'NONE', #736, #2484, #1036 ) ;
#2807 = EDGE_LOOP ( 'NONE', ( #2711, #1197, #799, #4542, #3809 ) ) ;
#2808 = ADVANCED_FACE ( 'NONE', ( #3521 ), #4014, .T. ) ;
#2809 = DIRECTION ( 'NONE',  ( 0.000000000000000000, 1.000000000000000000, 0.000000000000000000 ) ) ;
#2810 = VECTOR ( 'NONE', #4013, 1000.000000000000000 ) ;
#2811 = SURFACE_SIDE_STYLE ('',( #3526 ) ) ;
#2812 = VERTEX_POINT ( 'NONE', #2592 ) ;
#2813 = CARTESIAN_POINT ( 'NONE',  ( -1.000000000000000000, 1.000000000000000000, 0.000000000000000000 ) ) ;
#2814 = LINE ( 'NONE', #375, #3093 ) ;
#2815 = DIRECTION ( 'NONE',  ( -0.000000000000000000, 0.000000000000000000, -1.000000000000000000 ) ) ;
#2816 = DIRECTION ( 'NONE',  ( -0.3536223923290754967, 0.9353882635801357148, 0.000000000000000000 ) ) ;
#2817 = CARTESIAN_POINT ( 'NONE',  ( -0.2462230652475604631, 0.06104948263581110729, 0.01000000000000000021 ) ) ;
#2818 = VERTEX_POINT ( 'NONE', #3358 ) ;
#2819 = SURFACE_STYLE_USAGE ( .BOTH. , #3109 ) ;
#2820 = STYLED_ITEM ( 'NONE', ( #4209 ), #2388 ) ;
#2821 = VECTOR ( 'NONE', #826, 1000.000000000000000 ) ;
#2822 = EDGE_LOOP ( 'NONE', ( #1747, #1651, #1799, #3600 ) ) ;
#2823 =( GEOMETRIC_REPRESENTATION_CONTEXT ( 3 ) GLOBAL_UNCERTAINTY_ASSIGNED_CONTEXT ( ( #3323 ) ) GLOBAL_UNIT_ASSIGNED_CONTEXT ( ( #1812, #3255, #4348 ) ) REPRESENTATION_CONTEXT ( 'NONE', 'WORKASPACE' ) );
#2824 = CARTESIAN_POINT ( 'NONE',  ( 0.1799874032950719016, 0.02238553849147353544, 6.776263578034402713E-18 ) ) ;
#2825 = CARTESIAN_POINT ( 'NONE',  ( 0.1344962665461403584, -0.07242902916731486229, 6.776263578034402713E-18 ) ) ;
#2826 = ORIENTED_EDGE ( 'NONE', *, *, #2547, .T. ) ;
#2827 = MECHANICAL_DESIGN_GEOMETRIC_PRESENTATION_REPRESENTATION (  '', ( #3637 ), #1327 ) ;
#2828 = VERTEX_POINT ( 'NONE', #1612 ) ;
#2829 = CARTESIAN_POINT ( 'NONE',  ( -0.5999999999999999778, 0.9999999999999995559, 0.000000000000000000 ) ) ;
#2830 = STYLED_ITEM ( 'NONE', ( #4119 ), #3164 ) ;
#2831 = CARTESIAN_POINT ( 'NONE',  ( 0.2020117244501568043, 0.01014229557415417121, 0.01000000000000000021 ) ) ;
#2832 = LINE ( 'NONE', #621, #3460 ) ;
#2833 = LINE ( 'NONE', #4271, #1169 ) ;
#2834 = FACE_OUTER_BOUND ( 'NONE', #4171, .T. ) ;
#2835 = CARTESIAN_POINT ( 'NONE',  ( -0.2438221506134140848, 0.05053118995288426868, 0.01000000000000000021 ) ) ;
#2836 = PRESENTATION_LAYER_ASSIGNMENT (  '', '', ( #1868 ) ) ;
#2837 = EDGE_CURVE ( 'NONE', #1031, #3306, #1243, .T. ) ;
#2838 = CARTESIAN_POINT ( 'NONE',  ( 0.1727910399393495777, -0.06119278735822131221, 0.000000000000000000 ) ) ;
#2839 =( NAMED_UNIT ( * ) PLANE_ANGLE_UNIT ( ) SI_UNIT ( $, .RADIAN. ) );
#2840 = VECTOR ( 'NONE', #2161, 1000.000000000000000 ) ;
#2841 = DIRECTION ( 'NONE',  ( -1.000000000000000000, 0.000000000000000000, 0.000000000000000000 ) ) ;
#2842 = ORIENTED_EDGE ( 'NONE', *, *, #913, .F. ) ;
#2843 = FACE_OUTER_BOUND ( 'NONE', #3119, .T. ) ;
#2844 = SURFACE_STYLE_USAGE ( .BOTH. , #1414 ) ;
#2845 = ORIENTED_EDGE ( 'NONE', *, *, #1721, .T. ) ;
#2846 = SURFACE_STYLE_USAGE ( .BOTH. , #3909 ) ;
#2847 = CARTESIAN_POINT ( 'NONE',  ( -0.1490146048817067859, 0.005799863733372073726, 0.01000000000000000021 ) ) ;
#2848 = B_SPLINE_CURVE_WITH_KNOTS ( 'NONE', 3,
 ( #1843, #3265, #119, #90, #1167, #2999, #4413, #4094, #4484, #3718, #608, #2353, #1228, #3391, #2981, #953, #158, #2021, #2639 ),
 .UNSPECIFIED., .F., .F.,
 ( 4, 1, 1, 1, 1, 1, 1, 1, 1, 1, 1, 1, 1, 1, 1, 1, 4 ),
 ( 0.000000000000000000, 0.06460397028839207079, 0.1267024139629471247, 0.1867568140356180850, 0.2455056873654374028, 0.3036520244499753551, 0.3615030739706253105, 0.4202402229284672996, 0.4800333407766963489, 0.5406781347755159617, 0.6011918063807816237, 0.6623335024774423818, 0.7247395102972316039, 0.7894677361728865694, 0.8565048600438305293, 0.9263120958391900528, 1.000000000000000000 ),
 .UNSPECIFIED. ) ;
#2849 = ORIENTED_EDGE ( 'NONE', *, *, #3840, .F. ) ;
#2850 = ORIENTED_EDGE ( 'NONE', *, *, #2051, .T. ) ;
#2851 = CARTESIAN_POINT ( 'NONE',  ( -0.1068179714505699540, 0.07824546367658169466, 0.000000000000000000 ) ) ;
#2852 = CARTESIAN_POINT ( 'NONE',  ( -0.1481516163375760642, -0.007525058293954786995, 0.000000000000000000 ) ) ;
#2853 =( NAMED_UNIT ( * ) PLANE_ANGLE_UNIT ( ) SI_UNIT ( $, .RADIAN. ) );
#2854 = CARTESIAN_POINT ( 'NONE',  ( 0.1999999999999999833, -0.1999999999999991229, -0.02500000000000000139 ) ) ;
#2855 = DIRECTION ( 'NONE',  ( -0.000000000000000000, -0.000000000000000000, -1.000000000000000000 ) ) ;
#2856 = ORIENTED_EDGE ( 'NONE', *, *, #2146, .T. ) ;
#2857 = CARTESIAN_POINT ( 'NONE',  ( -0.06852680000365800328, 0.06287875092849402880, 0.01000000000000000021 ) ) ;
#2858 = CARTESIAN_POINT ( 'NONE',  ( -0.01547801951585310240, 0.06287875092849402880, 0.000000000000000000 ) ) ;
#2859 =( NAMED_UNIT ( * ) PLANE_ANGLE_UNIT ( ) SI_UNIT ( $, .RADIAN. ) );
#2860 = ADVANCED_FACE ( 'NONE', ( #1963 ), #2319, .T. ) ;
#2861 = ORIENTED_EDGE ( 'NONE', *, *, #4524, .F. ) ;
#2862 = CARTESIAN_POINT ( 'NONE',  ( 0.04122929755731759294, 0.06287875092849402880, 0.01000000000000000021 ) ) ;
#2863 = CARTESIAN_POINT ( 'NONE',  ( 0.1133688561049159271, -0.05474758778551409855, 6.776263578034402713E-18 ) ) ;
#2864 = ORIENTED_EDGE ( 'NONE', *, *, #3815, .T. ) ;
#2865 = CARTESIAN_POINT ( 'NONE',  ( -0.1689596024229659266, 0.01426439861351509221, 0.01000000000000000021 ) ) ;
#2866 = CARTESIAN_POINT ( 'NONE',  ( -0.1452240219097857277, -0.01942562679253094851, 6.776263578034402713E-18 ) ) ;
#2867 = CARTESIAN_POINT ( 'NONE',  ( 0.1820310089219862593, 0.005058469447965557343, 6.776263578034402713E-18 ) ) ;
#2868 = CARTESIAN_POINT ( 'NONE',  ( -0.2000000000000000944, -0.1999999999999991229, -0.02500000000000000139 ) ) ;
#2869 = ORIENTED_EDGE ( 'NONE', *, *, #3562, .F. ) ;
#2870 = CARTESIAN_POINT ( 'NONE',  ( -0.1242982110435537080, 0.05490899195408623784, 0.000000000000000000 ) ) ;
#2871 = CARTESIAN_POINT ( 'NONE',  ( 0.1184703904221883625, -0.05547182068276833994, 0.000000000000000000 ) ) ;
#2872 = EDGE_CURVE ( 'NONE', #3306, #3955, #3006, .T. ) ;
#2873 = LINE ( 'NONE', #3590, #4223 ) ;
#2874 = DIRECTION ( 'NONE',  ( 0.000000000000000000, 0.000000000000000000, 1.000000000000000000 ) ) ;
#2875 = CARTESIAN_POINT ( 'NONE',  ( -0.2438221506134140848, 0.05053118995288426868, 0.000000000000000000 ) ) ;
#2876 = VERTEX_POINT ( 'NONE', #3682 ) ;
#2877 = MECHANICAL_DESIGN_GEOMETRIC_PRESENTATION_REPRESENTATION (  '', ( #3248 ), #2724 ) ;
#2878 = LINE ( 'NONE', #3596, #777 ) ;
#2879 = DIRECTION ( 'NONE',  ( -1.807003620809175125E-16, -1.000000000000000000, 0.000000000000000000 ) ) ;
#2880 = PLANE ( 'NONE',  #3392 ) ;
#2881 = FILL_AREA_STYLE_COLOUR ( '', #4159 ) ;
#2882 = VECTOR ( 'NONE', #713, 1000.000000000000000 ) ;
#2883 = PRESENTATION_LAYER_ASSIGNMENT (  '', '', ( #728 ) ) ;
#2884 = EDGE_CURVE ( 'NONE', #491, #4530, #510, .T. ) ;
#2885 = ORIENTED_EDGE ( 'NONE', *, *, #4335, .F. ) ;
#2886 = STYLED_ITEM ( 'NONE', ( #3919 ), #1919 ) ;
#2887 = CARTESIAN_POINT ( 'NONE',  ( -0.2368194829304872406, 0.07934216556264037101, 0.01000000000000000021 ) ) ;
#2888 = CARTESIAN_POINT ( 'NONE',  ( 0.09061954145975661956, -0.04642002955931084224, 0.01000000000000000021 ) ) ;
#2889 = ADVANCED_FACE ( 'NONE', ( #4083 ), #3729, .F. ) ;
#2890 = ORIENTED_EDGE ( 'NONE', *, *, #2471, .F. ) ;
#2891 = PRESENTATION_LAYER_ASSIGNMENT (  '', '', ( #4008 ) ) ;
#2892 = CARTESIAN_POINT ( 'NONE',  ( -0.1334331053901000874, -0.03848610562947483299, 0.01000000000000000021 ) ) ;
#2893 = CARTESIAN_POINT ( 'NONE',  ( 0.1606982859783198936, -0.06752443857233056401, 6.776263578034402713E-18 ) ) ;
#2894 = ADVANCED_FACE ( 'NONE', ( #149 ), #2971, .T. ) ;
#2895 = MECHANICAL_DESIGN_GEOMETRIC_PRESENTATION_REPRESENTATION (  '', ( #2371 ), #4304 ) ;
#2896 = EDGE_CURVE ( 'NONE', #3102, #1439, #3844, .T. ) ;
#2897 = CARTESIAN_POINT ( 'NONE',  ( -0.1636992898776020167, 0.03626274183177422006, 0.000000000000000000 ) ) ;
#2898 = B_SPLINE_CURVE_WITH_KNOTS ( 'NONE', 3,
 ( #1111, #2543, #2252, #1155, #2588, #145, #486, #2946, #45, #3617, #1807 ),
 .UNSPECIFIED., .F., .F.,
 ( 4, 1, 1, 1, 1, 1, 1, 1, 4 ),
 ( 0.000000000000000000, 0.1252796967356261115, 0.2494199707420509948, 0.3733567994928191913, 0.4966812787822861841, 0.6202029157439823415, 0.7450863201614561504, 0.8712691950190973866, 1.000000000000000000 ),
 .UNSPECIFIED. ) ;
#2899 = EDGE_CURVE ( 'NONE', #2226, #276, #2784, .T. ) ;
#2900 = CARTESIAN_POINT ( 'NONE',  ( 0.1709551105355836820, -0.03607164994363434851, 6.776263578034402713E-18 ) ) ;
#2901 = DIRECTION ( 'NONE',  ( 1.000000000000000000, 0.000000000000000000, 0.000000000000000000 ) ) ;
#2902 = FILL_AREA_STYLE ('',( #99 ) ) ;
#2903 = CARTESIAN_POINT ( 'NONE',  ( 0.1318924073134151720, -0.07248710273004253801, 0.01000000000000000021 ) ) ;
#2904 = ORIENTED_EDGE ( 'NONE', *, *, #2798, .F. ) ;
#2905 = VECTOR ( 'NONE', #322, 1000.000000000000000 ) ;
#2906 = CARTESIAN_POINT ( 'NONE',  ( 0.1999999999999999833, -0.1999999999999991229, -0.02500000000000000139 ) ) ;
#2907 = CARTESIAN_POINT ( 'NONE',  ( 0.1318924073134151720, -0.07248710273004253801, 0.000000000000000000 ) ) ;
#2908 = CARTESIAN_POINT ( 'NONE',  ( -0.01913655610121900441, -0.05419441980321328123, 0.01000000000000000021 ) ) ;
#2909 = SURFACE_SIDE_STYLE ('',( #3952 ) ) ;
#2910 = EDGE_LOOP ( 'NONE', ( #210, #4425, #4349, #467 ) ) ;
#2911 = MECHANICAL_DESIGN_GEOMETRIC_PRESENTATION_REPRESENTATION (  '', ( #2979 ), #675 ) ;
#2912 = SURFACE_STYLE_USAGE ( .BOTH. , #3602 ) ;
#2913 = ORIENTED_EDGE ( 'NONE', *, *, #1061, .T. ) ;
#2914 = EDGE_CURVE ( 'NONE', #1678, #1676, #509, .T. ) ;
#2915 = CARTESIAN_POINT ( 'NONE',  ( 0.09061954145975661956, 0.07522631190410378199, 0.000000000000000000 ) ) ;
#2916 = VECTOR ( 'NONE', #3416, 1000.000000000000000 ) ;
#2917 = EDGE_LOOP ( 'NONE', ( #1351, #3566, #3523, #4184 ) ) ;
#2918 = CARTESIAN_POINT ( 'NONE',  ( 0.2150097853621956434, -0.07065783443735962344, 0.01000000000000000021 ) ) ;
#2919 = FACE_OUTER_BOUND ( 'NONE', #1613, .T. ) ;
#2920 = CARTESIAN_POINT ( 'NONE',  ( -0.1481264598966914314, 0.01904107949018084278, 0.000000000000000000 ) ) ;
#2921 = CARTESIAN_POINT ( 'NONE',  ( 0.1820829560939029590, 0.002741555806542805319, 6.776263578034402713E-18 ) ) ;
#2922 = CARTESIAN_POINT ( 'NONE',  ( -0.9999999999999997780, -0.9999999999999993339, 0.000000000000000000 ) ) ;
#2923 = CARTESIAN_POINT ( 'NONE',  ( 0.1344962665461403584, -0.07242902916731486229, 0.01000000000000000021 ) ) ;
#2924 = ORIENTED_EDGE ( 'NONE', *, *, #1415, .F. ) ;
#2925 = DIRECTION ( 'NONE',  ( 0.3390537954853695135, 0.9407669869669987861, 0.000000000000000000 ) ) ;
#2926 = SURFACE_STYLE_USAGE ( .BOTH. , #3276 ) ;
#2927 = FACE_OUTER_BOUND ( 'NONE', #1203, .T. ) ;
#2928 = PLANE ( 'NONE',  #91 ) ;
#2929 = EDGE_LOOP ( 'NONE', ( #3281, #3429, #1436, #4287 ) ) ;
#2930 = VECTOR ( 'NONE', #258, 1000.000000000000000 ) ;
#2931 = CARTESIAN_POINT ( 'NONE',  ( -0.2438221506134140848, 0.05053118995288426868, 0.000000000000000000 ) ) ;
#2932 = ORIENTED_EDGE ( 'NONE', *, *, #3144, .F. ) ;
#2933 = DIRECTION ( 'NONE',  ( -0.000000000000000000, -0.000000000000000000, -1.000000000000000000 ) ) ;
#2934 = DIRECTION ( 'NONE',  ( -0.000000000000000000, 0.000000000000000000, 1.000000000000000000 ) ) ;
#2935 = COLOUR_RGB ( '',0.9686274509803921573, 0.8784313725490195957, 0.5999999999999999778 ) ;
#2936 = ORIENTED_EDGE ( 'NONE', *, *, #1338, .T. ) ;
#2937 = CARTESIAN_POINT ( 'NONE',  ( -0.1215932669566169022, 0.07449213839581793339, 0.01000000000000000021 ) ) ;
#2938 = B_SPLINE_SURFACE_WITH_KNOTS ( 'NONE', 3, 1, ( 
 ( #4296, #769 ),
 ( #4252, #1066 ),
 ( #2490, #543 ),
 ( #1625, #3252 ),
 ( #910, #3972 ),
 ( #1257, #4344 ),
 ( #3394, #1977 ),
 ( #1856, #2948 ),
 ( #2590, #4117 ),
 ( #105, #2309 ),
 ( #4463, #3597 ) ),
 .UNSPECIFIED., .F., .F., .F.,
 ( 4, 1, 1, 1, 1, 1, 1, 1, 4 ),
 ( 2, 2 ),
 ( 0.000000000000000000, 0.1252796967356261115, 0.2494199707420509948, 0.3733567994928191913, 0.4966812787822861841, 0.6202029157439823415, 0.7450863201614561504, 0.8712691950190973866, 1.000000000000000000 ),
 ( 0.000000000000000000, 1.000000000000000000 ),
 .UNSPECIFIED. ) ;
#2939 = CARTESIAN_POINT ( 'NONE',  ( -0.09208076153890612514, -0.05414556346569490003, 0.01000000000000000021 ) ) ;
#2940 = CARTESIAN_POINT ( 'NONE',  ( -0.09695333117489036978, 0.06274904055424884719, 0.000000000000000000 ) ) ;
#2941 = EDGE_CURVE ( 'NONE', #3302, #426, #2011, .T. ) ;
#2942 = LINE ( 'NONE', #1537, #2375 ) ;
#2943 = DIRECTION ( 'NONE',  ( 1.000000000000000000, -1.084202172485504237E-15, 0.000000000000000000 ) ) ;
#2944 = VERTEX_POINT ( 'NONE', #1637 ) ;
#2945 = EDGE_CURVE ( 'NONE', #3028, #3984, #4106, .T. ) ;
#2946 = CARTESIAN_POINT ( 'NONE',  ( 0.1163824188829342549, 0.06415060457532516247, 0.000000000000000000 ) ) ;
#2947 = CARTESIAN_POINT ( 'NONE',  ( 0.1915662997325456585, -0.04127296311445588506, 0.01000000000000000021 ) ) ;
#2948 = CARTESIAN_POINT ( 'NONE',  ( 0.1163824188829342549, 0.06415060457532516247, 6.776263578034402713E-18 ) ) ;
#2949 = VECTOR ( 'NONE', #2925, 999.9999999999998863 ) ;
#2950 = PLANE ( 'NONE',  #733 ) ;
#2951 = ORIENTED_EDGE ( 'NONE', *, *, #1495, .F. ) ;
#2952 = COLOUR_RGB ( '',0.9686274509803921573, 0.8784313725490195957, 0.5999999999999999778 ) ;
#2953 = VERTEX_POINT ( 'NONE', #4515 ) ;
#2954 = VECTOR ( 'NONE', #298, 1000.000000000000000 ) ;
#2955 = LINE ( 'NONE', #1864, #1849 ) ;
#2956 = SURFACE_STYLE_USAGE ( .BOTH. , #1890 ) ;
#2957 = FACE_OUTER_BOUND ( 'NONE', #4186, .T. ) ;
#2958 = VECTOR ( 'NONE', #4064, 1000.000000000000000 ) ;
#2959 = ORIENTED_EDGE ( 'NONE', *, *, #555, .T. ) ;
#2960 =( LENGTH_UNIT ( ) NAMED_UNIT ( * ) SI_UNIT ( .MILLI., .METRE. ) );
#2961 = VECTOR ( 'NONE', #1432, 1000.000000000000000 ) ;
#2962 = CARTESIAN_POINT ( 'NONE',  ( -0.1430028983775013807, -0.02478592019428117049, 6.776263578034402713E-18 ) ) ;
#2963 = CARTESIAN_POINT ( 'NONE',  ( 0.1993279283367649368, 0.02641293864900335145, 0.000000000000000000 ) ) ;
#2964 = COLOUR_RGB ( '',0.9686274509803921573, 0.8784313725490195957, 0.5999999999999999778 ) ;
#2965 = DIRECTION ( 'NONE',  ( 1.000000000000000000, 0.000000000000000000, 0.000000000000000000 ) ) ;
#2966 = ORIENTED_EDGE ( 'NONE', *, *, #3193, .F. ) ;
#2967 = CARTESIAN_POINT ( 'NONE',  ( 0.1259187030451224820, 0.08117143385532328559, 0.000000000000000000 ) ) ;
#2968 =( GEOMETRIC_REPRESENTATION_CONTEXT ( 3 ) GLOBAL_UNCERTAINTY_ASSIGNED_CONTEXT ( ( #3133 ) ) GLOBAL_UNIT_ASSIGNED_CONTEXT ( ( #2159, #2859, #2572 ) ) REPRESENTATION_CONTEXT ( 'NONE', 'WORKASPACE' ) );
#2969 = CARTESIAN_POINT ( 'NONE',  ( 0.2011154107806602809, -0.01428529396350554544, 0.01000000000000000021 ) ) ;
#2970 = PRESENTATION_STYLE_ASSIGNMENT (( #4019 ) ) ;
#2971 = PLANE ( 'NONE',  #2373 ) ;
#2972 = CARTESIAN_POINT ( 'NONE',  ( 0.1207698745243498267, 0.08113452568027995637, 0.01000000000000000021 ) ) ;
#2973 = VERTEX_POINT ( 'NONE', #3432 ) ;
#2974 =( GEOMETRIC_REPRESENTATION_CONTEXT ( 3 ) GLOBAL_UNCERTAINTY_ASSIGNED_CONTEXT ( ( #1315 ) ) GLOBAL_UNIT_ASSIGNED_CONTEXT ( ( #414, #686, #3912 ) ) REPRESENTATION_CONTEXT ( 'NONE', 'WORKASPACE' ) );
#2975 = ADVANCED_FACE ( 'NONE', ( #2408 ), #1655, .T. ) ;
#2976 = VECTOR ( 'NONE', #299, 1000.000000000000000 ) ;
#2977 = FACE_OUTER_BOUND ( 'NONE', #648, .T. ) ;
#2978 = CARTESIAN_POINT ( 'NONE',  ( 0.1491513181951160116, 0.07822146916470459899, 0.01000000000000000021 ) ) ;
#2979 = STYLED_ITEM ( 'NONE', ( #469 ), #3707 ) ;
#2980 = FACE_OUTER_BOUND ( 'NONE', #450, .T. ) ;
#2981 = CARTESIAN_POINT ( 'NONE',  ( 0.1799874032950719016, 0.02238553849147353544, 0.000000000000000000 ) ) ;
#2982 = CARTESIAN_POINT ( 'NONE',  ( -0.1689596024229659266, 0.01426439861351509221, 0.000000000000000000 ) ) ;
#2983 = DIRECTION ( 'NONE',  ( -1.000000000000000000, 2.168404344971009854E-16, -0.000000000000000000 ) ) ;
#2984 = CARTESIAN_POINT ( 'NONE',  ( -0.01181948293048725590, -0.002974907608091332655, 0.01000000000000000021 ) ) ;
#2985 = ORIENTED_EDGE ( 'NONE', *, *, #4035, .F. ) ;
#2986 =( LENGTH_UNIT ( ) NAMED_UNIT ( * ) SI_UNIT ( .MILLI., .METRE. ) );
#2987 = DIRECTION ( 'NONE',  ( 0.000000000000000000, -0.000000000000000000, 1.000000000000000000 ) ) ;
#2988 = CARTESIAN_POINT ( 'NONE',  ( 0.2000000000000000944, 0.9999999999999995559, 0.000000000000000000 ) ) ;
#2989 = CARTESIAN_POINT ( 'NONE',  ( 0.1876551876840869271, -0.04698896583708987718, 6.776263578034402713E-18 ) ) ;
#2990 = CARTESIAN_POINT ( 'NONE',  ( 0.09181355998635473692, 0.07571099034873479683, 6.776263578034402713E-18 ) ) ;
#2991 = EDGE_LOOP ( 'NONE', ( #2153, #2701, #2005, #3029 ) ) ;
#2992 = FILL_AREA_STYLE_COLOUR ( '', #3390 ) ;
#2993 = UNCERTAINTY_MEASURE_WITH_UNIT (LENGTH_MEASURE( 1.000000000000000082E-05 ), #1249, 'distance_accuracy_value', 'NONE');
#2994 = SURFACE_STYLE_USAGE ( .BOTH. , #4545 ) ;
#2995 = CARTESIAN_POINT ( 'NONE',  ( 0.1259187030451224820, 0.08117143385532328559, 0.01000000000000000021 ) ) ;
#2996 = ADVANCED_FACE ( 'NONE', ( #4544, #1675, #2085, #4494, #3502, #2030 ), #1308, .F. ) ;
#2997 = ADVANCED_FACE ( 'NONE', ( #4450 ), #1266, .F. ) ;
#2998 = CARTESIAN_POINT ( 'NONE',  ( 0.9999999999999991118, 0.9999999999999995559, -0.02500000000000000139 ) ) ;
#2999 = CARTESIAN_POINT ( 'NONE',  ( 0.1484056548666715936, 0.06063563987990895632, 0.000000000000000000 ) ) ;
#3000 = CARTESIAN_POINT ( 'NONE',  ( 0.1701673521363755992, 0.04365746522053321615, 0.01000000000000000021 ) ) ;
#3001 = CARTESIAN_POINT ( 'NONE',  ( -0.1691365561012189711, 0.006228598489469635083, 0.01000000000000000021 ) ) ;
#3002 = ORIENTED_EDGE ( 'NONE', *, *, #3193, .T. ) ;
#3003 = ADVANCED_FACE ( 'NONE', ( #1426 ), #4224, .T. ) ;
#3004 = CARTESIAN_POINT ( 'NONE',  ( -0.1348838321504641780, -0.05897572993127142560, 1.016439536705160407E-17 ) ) ;
#3005 = DIRECTION ( 'NONE',  ( -0.000000000000000000, -0.000000000000000000, -1.000000000000000000 ) ) ;
#3006 = LINE ( 'NONE', #1568, #1482 ) ;
#3007 = CARTESIAN_POINT ( 'NONE',  ( 0.2000000000000000944, 0.9999999999999995559, -0.02500000000000000139 ) ) ;
#3008 = ORIENTED_EDGE ( 'NONE', *, *, #660, .F. ) ;
#3009 = CARTESIAN_POINT ( 'NONE',  ( -0.09208076153890612514, -0.05414556346569490003, 0.01000000000000000021 ) ) ;
#3010 = CARTESIAN_POINT ( 'NONE',  ( 0.06135124877682977124, -0.07065783443735962344, 0.01000000000000000021 ) ) ;
#3011 = SURFACE_STYLE_USAGE ( .BOTH. , #132 ) ;
#3012 = SURFACE_STYLE_FILL_AREA ( #2785 ) ;
#3013 = CARTESIAN_POINT ( 'NONE',  ( -0.2490241323207311175, 0.05053118995288426868, 6.776263578034402713E-18 ) ) ;
#3014 = VECTOR ( 'NONE', #2195, 1000.000000000000000 ) ;
#3015 = ADVANCED_FACE ( 'NONE', ( #740 ), #372, .T. ) ;
#3016 = ADVANCED_FACE ( 'NONE', ( #1782 ), #3591, .F. ) ;
#3017 = VECTOR ( 'NONE', #4401, 1000.000000000000227 ) ;
#3018 =( NAMED_UNIT ( * ) SI_UNIT ( $, .STERADIAN. ) SOLID_ANGLE_UNIT ( ) );
#3019 = AXIS2_PLACEMENT_3D ( 'NONE', #404, #4230, #1043 ) ;
#3020 = FACE_OUTER_BOUND ( 'NONE', #2385, .T. ) ;
#3021 = CARTESIAN_POINT ( 'NONE',  ( 0.1257472091426834471, 0.06470801922117695726, 0.01000000000000000021 ) ) ;
#3022 = CARTESIAN_POINT ( 'NONE',  ( 0.1820829560939029590, 0.002741555806542805319, 0.000000000000000000 ) ) ;
#3023 = LINE ( 'NONE', #1649, #167 ) ;
#3024 = EDGE_CURVE ( 'NONE', #4341, #965, #2942, .T. ) ;
#3025 =( LENGTH_UNIT ( ) NAMED_UNIT ( * ) SI_UNIT ( .MILLI., .METRE. ) );
#3026 = ORIENTED_EDGE ( 'NONE', *, *, #2772, .T. ) ;
#3027 = ADVANCED_FACE ( 'NONE', ( #4359 ), #2642, .T. ) ;
#3028 = VERTEX_POINT ( 'NONE', #483 ) ;
#3029 = ORIENTED_EDGE ( 'NONE', *, *, #1374, .T. ) ;
#3030 = CARTESIAN_POINT ( 'NONE',  ( -0.1521002377629695757, -0.04430663987978127050, 0.01000000000000000021 ) ) ;
#3031 = CARTESIAN_POINT ( 'NONE',  ( -0.1248113413744411787, -0.04541023761817704341, 0.000000000000000000 ) ) ;
#3032 = CARTESIAN_POINT ( 'NONE',  ( -0.1566483471831390251, 0.04879830820021203303, 0.01000000000000000021 ) ) ;
#3033 = DIRECTION ( 'NONE',  ( 1.000000000000000000, 0.000000000000000000, -0.000000000000000000 ) ) ;
#3034 = VERTEX_POINT ( 'NONE', #3269 ) ;
#3035 = CARTESIAN_POINT ( 'NONE',  ( 0.09061954145975663344, -0.06288344419345719138, 0.01000000000000000021 ) ) ;
#3036 = SURFACE_STYLE_USAGE ( .BOTH. , #2062 ) ;
#3037 = UNCERTAINTY_MEASURE_WITH_UNIT (LENGTH_MEASURE( 1.000000000000000082E-05 ), #2960, 'distance_accuracy_value', 'NONE');
#3038 = CARTESIAN_POINT ( 'NONE',  ( -0.1489654377943450958, 0.008097996504002023810, 0.01000000000000000021 ) ) ;
#3039 = AXIS2_PLACEMENT_3D ( 'NONE', #820, #4020, #1588 ) ;
#3040 = DIRECTION ( 'NONE',  ( -0.000000000000000000, -0.000000000000000000, -1.000000000000000000 ) ) ;
#3041 = STYLED_ITEM ( 'NONE', ( #2182 ), #3368 ) ;
#3042 = ADVANCED_FACE ( 'NONE', ( #1234 ), #4012, .T. ) ;
#3043 = SURFACE_STYLE_USAGE ( .BOTH. , #1340 ) ;
#3044 = COLOUR_RGB ( '',0.9686274509803921573, 0.8784313725490195957, 0.5999999999999999778 ) ;
#3045 =( NAMED_UNIT ( * ) PLANE_ANGLE_UNIT ( ) SI_UNIT ( $, .RADIAN. ) );
#3046 = LINE ( 'NONE', #1952, #2241 ) ;
#3047 = VECTOR ( 'NONE', #928, 1000.000000000000000 ) ;
#3048 = FILL_AREA_STYLE ('',( #611 ) ) ;
#3049 = CARTESIAN_POINT ( 'NONE',  ( 0.1207698745243498267, 0.08113452568027995637, 0.01000000000000000021 ) ) ;
#3050 = ORIENTED_EDGE ( 'NONE', *, *, #811, .T. ) ;
#3051 = AXIS2_PLACEMENT_3D ( 'NONE', #3187, #2841, #4301 ) ;
#3052 = ORIENTED_EDGE ( 'NONE', *, *, #3370, .F. ) ;
#3053 = CARTESIAN_POINT ( 'NONE',  ( -0.1605583792783887298, -0.03200737456163762346, 0.01000000000000000021 ) ) ;
#3054 = CARTESIAN_POINT ( 'NONE',  ( -0.1689596024229659266, 0.01426439861351509221, 0.01000000000000000021 ) ) ;
#3055 = DIRECTION ( 'NONE',  ( 1.000000000000000000, 0.000000000000000000, -0.000000000000000000 ) ) ;
#3056 = EDGE_LOOP ( 'NONE', ( #3538, #2429, #3977, #681 ) ) ;
#3057 = CARTESIAN_POINT ( 'NONE',  ( 0.09809889104245565761, 0.07787186553470662465, 6.776263578034402713E-18 ) ) ;
#3058 = EDGE_LOOP ( 'NONE', ( #3314, #4232, #1005, #2716 ) ) ;
#3059 = CARTESIAN_POINT ( 'NONE',  ( -0.1481516163375760642, -0.007525058293954786995, 0.01000000000000000021 ) ) ;
#3060 = DIRECTION ( 'NONE',  ( 0.000000000000000000, 1.000000000000000000, 0.000000000000000000 ) ) ;
#3061 = PRESENTATION_STYLE_ASSIGNMENT (( #4522 ) ) ;
#3062 = CARTESIAN_POINT ( 'NONE',  ( 0.1417335011279685641, 0.07992755438785445476, 0.01000000000000000021 ) ) ;
#3063 = EDGE_CURVE ( 'NONE', #2451, #1924, #2391, .T. ) ;
#3064 = SURFACE_STYLE_USAGE ( .BOTH. , #2330 ) ;
#3065 = LINE ( 'NONE', #4537, #3575 ) ;
#3066 = DIRECTION ( 'NONE',  ( 0.000000000000000000, -0.000000000000000000, -1.000000000000000000 ) ) ;
#3067 = LINE ( 'NONE', #273, #754 ) ;
#3068 = CARTESIAN_POINT ( 'NONE',  ( -0.01547801951585310240, 0.07934216556264037101, 0.01000000000000000021 ) ) ;
#3069 = VERTEX_POINT ( 'NONE', #844 ) ;
#3070 = EDGE_LOOP ( 'NONE', ( #2387, #591, #4122, #2477 ) ) ;
#3071 = PRESENTATION_STYLE_ASSIGNMENT (( #526 ) ) ;
#3072 = DIRECTION ( 'NONE',  ( 1.000000000000000000, 1.084202172485504927E-16, -0.000000000000000000 ) ) ;
#3073 = CARTESIAN_POINT ( 'NONE',  ( -0.1349549852346396961, 0.06825938095525750648, 0.01000000000000000021 ) ) ;
#3074 = FILL_AREA_STYLE_COLOUR ( '', #4525 ) ;
#3075 = VERTEX_POINT ( 'NONE', #863 ) ;
#3076 = EDGE_CURVE ( 'NONE', #1324, #1371, #3674, .T. ) ;
#3077 = FACE_OUTER_BOUND ( 'NONE', #3228, .T. ) ;
#3078 = ORIENTED_EDGE ( 'NONE', *, *, #1912, .F. ) ;
#3079 = CARTESIAN_POINT ( 'NONE',  ( -0.1489628374786472753, 0.003492482507773138518, 0.01000000000000000021 ) ) ;
#3080 = SURFACE_SIDE_STYLE ('',( #3437 ) ) ;
#3081 = PLANE ( 'NONE',  #4001 ) ;
#3082 = UNCERTAINTY_MEASURE_WITH_UNIT (LENGTH_MEASURE( 1.000000000000000082E-05 ), #1453, 'distance_accuracy_value', 'NONE');
#3083 = CARTESIAN_POINT ( 'NONE',  ( -0.2467089646378043122, 0.06104948263581110729, 0.01000000000000000021 ) ) ;
#3084 = PRESENTATION_STYLE_ASSIGNMENT (( #1663 ) ) ;
#3085 = VECTOR ( 'NONE', #1964, 1000.000000000000000 ) ;
#3086 = DIRECTION ( 'NONE',  ( 0.000000000000000000, -0.000000000000000000, -1.000000000000000000 ) ) ;
#3087 = VECTOR ( 'NONE', #1515, 1000.000000000000000 ) ;
#3088 = DIRECTION ( 'NONE',  ( -0.000000000000000000, -0.000000000000000000, 1.000000000000000000 ) ) ;
#3089 = VECTOR ( 'NONE', #1049, 1000.000000000000000 ) ;
#3090 = LINE ( 'NONE', #1260, #2752 ) ;
#3091 = PLANE ( 'NONE',  #4 ) ;
#3092 = VERTEX_POINT ( 'NONE', #499 ) ;
#3093 = VECTOR ( 'NONE', #3479, 1000.000000000000000 ) ;
#3094 = ORIENTED_EDGE ( 'NONE', *, *, #898, .F. ) ;
#3095 =( NAMED_UNIT ( * ) SI_UNIT ( $, .STERADIAN. ) SOLID_ANGLE_UNIT ( ) );
#3096 = PRESENTATION_STYLE_ASSIGNMENT (( #3727 ) ) ;
#3097 = CARTESIAN_POINT ( 'NONE',  ( 0.9999999999999991118, -0.9999999999999995559, 0.6999999999999999556 ) ) ;
#3098 = EDGE_CURVE ( 'NONE', #1326, #2818, #4400, .T. ) ;
#3099 = CARTESIAN_POINT ( 'NONE',  ( 0.000000000000000000, 0.000000000000000000, 0.000000000000000000 ) ) ;
#3100 = ORIENTED_EDGE ( 'NONE', *, *, #1834, .T. ) ;
#3101 = CARTESIAN_POINT ( 'NONE',  ( -0.2438221506134140848, 0.05053118995288426868, 0.01000000000000000021 ) ) ;
#3102 = VERTEX_POINT ( 'NONE', #2922 ) ;
#3103 = LINE ( 'NONE', #3529, #3178 ) ;
#3104 = VECTOR ( 'NONE', #2239, 1000.000000000000000 ) ;
#3105 = DIRECTION ( 'NONE',  ( 0.000000000000000000, 0.000000000000000000, 1.000000000000000000 ) ) ;
#3106 = FACE_OUTER_BOUND ( 'NONE', #2079, .T. ) ;
#3107 = DIRECTION ( 'NONE',  ( 1.000000000000000000, -0.000000000000000000, -0.000000000000000000 ) ) ;
#3108 = ORIENTED_EDGE ( 'NONE', *, *, #2146, .F. ) ;
#3109 = SURFACE_SIDE_STYLE ('',( #974 ) ) ;
#3110 = CARTESIAN_POINT ( 'NONE',  ( 0.1999999999999999833, -0.1999999999999991229, 0.000000000000000000 ) ) ;
#3111 = AXIS2_PLACEMENT_3D ( 'NONE', #3496, #59, #3563 ) ;
#3112 = ORIENTED_EDGE ( 'NONE', *, *, #1104, .T. ) ;
#3113 = CARTESIAN_POINT ( 'NONE',  ( -0.09889434982265020435, 0.07916030696302339686, 0.01000000000000000021 ) ) ;
#3114 = MECHANICAL_DESIGN_GEOMETRIC_PRESENTATION_REPRESENTATION (  '', ( #2306 ), #2546 ) ;
#3115 = CARTESIAN_POINT ( 'NONE',  ( 0.1999999999999999833, 0.3999999999999999667, -0.02500000000000000139 ) ) ;
#3116 = SURFACE_SIDE_STYLE ('',( #3425 ) ) ;
#3117 = DIRECTION ( 'NONE',  ( -0.000000000000000000, -0.000000000000000000, -1.000000000000000000 ) ) ;
#3118 = VERTEX_POINT ( 'NONE', #523 ) ;
#3119 = EDGE_LOOP ( 'NONE', ( #3453, #3796, #720, #3915 ) ) ;
#3120 = VECTOR ( 'NONE', #4076, 1000.000000000000000 ) ;
#3121 = B_SPLINE_CURVE_WITH_KNOTS ( 'NONE', 3,
 ( #4518, #3898, #400, #1732, #1405, #712, #374 ),
 .UNSPECIFIED., .F., .F.,
 ( 4, 1, 1, 1, 4 ),
 ( 0.000000000000000000, 0.1744817153170506174, 0.3982857591281120935, 0.6738978473986667606, 1.000000000000000000 ),
 .UNSPECIFIED. ) ;
#3122 = LINE ( 'NONE', #325, #207 ) ;
#3123 = PLANE ( 'NONE',  #3474 ) ;
#3124 = DIRECTION ( 'NONE',  ( 0.000000000000000000, 0.000000000000000000, 1.000000000000000000 ) ) ;
#3125 = DIRECTION ( 'NONE',  ( 0.000000000000000000, 0.000000000000000000, -1.000000000000000000 ) ) ;
#3126 = MECHANICAL_DESIGN_GEOMETRIC_PRESENTATION_REPRESENTATION (  '', ( #247 ), #2165 ) ;
#3127 = EDGE_LOOP ( 'NONE', ( #3595, #2495, #4418, #1162 ) ) ;
#3128 = LINE ( 'NONE', #4268, #1975 ) ;
#3129 = ORIENTED_EDGE ( 'NONE', *, *, #768, .T. ) ;
#3130 = CARTESIAN_POINT ( 'NONE',  ( -1.000000000000000000, 1.000000000000000000, 0.000000000000000000 ) ) ;
#3131 = FILL_AREA_STYLE_COLOUR ( '', #2467 ) ;
#3132 = SURFACE_STYLE_FILL_AREA ( #1995 ) ;
#3133 = UNCERTAINTY_MEASURE_WITH_UNIT (LENGTH_MEASURE( 1.000000000000000082E-05 ), #2159, 'distance_accuracy_value', 'NONE');
#3134 = DIRECTION ( 'NONE',  ( -0.000000000000000000, 0.000000000000000000, -1.000000000000000000 ) ) ;
#3135 = EDGE_CURVE ( 'NONE', #2014, #895, #1938, .T. ) ;
#3136 = CARTESIAN_POINT ( 'NONE',  ( -0.08982062622317016354, -0.05419441980321328123, 0.01000000000000000021 ) ) ;
#3137 = PRESENTATION_LAYER_ASSIGNMENT (  '', '', ( #3294 ) ) ;
#3138 = ORIENTED_EDGE ( 'NONE', *, *, #268, .F. ) ;
#3139 = DIRECTION ( 'NONE',  ( -0.3222024856061132536, 0.9466707760722532505, 0.000000000000000000 ) ) ;
#3140 = PLANE ( 'NONE',  #4436 ) ;
#3141 = EDGE_CURVE ( 'NONE', #2006, #792, #2485, .T. ) ;
#3142 = ORIENTED_EDGE ( 'NONE', *, *, #2084, .F. ) ;
#3143 = B_SPLINE_CURVE_WITH_KNOTS ( 'NONE', 3,
 ( #1479, #108, #2570, #1433, #1760, #3185, #4273, #2838, #4254, #1068, #2492, #716, #3579, #405, #1811, #4428, #1247, #1592, #2325 ),
 .UNSPECIFIED., .F., .F.,
 ( 4, 1, 1, 1, 1, 1, 1, 1, 1, 1, 1, 1, 1, 1, 1, 1, 4 ),
 ( 0.000000000000000000, 0.06783324845577354267, 0.1326555365079041537, 0.1950508840508276553, 0.2555829330687771073, 0.3147998341472897366, 0.3736004728263744856, 0.4325455953267434706, 0.4924306292835652910, 0.5526712559629693988, 0.6125130441881163623, 0.6726102503570062785, 0.7338383693139458597, 0.7965942385677737825, 0.8614497992905730817, 0.9291989423509052770, 0.9999999999999998890 ),
 .UNSPECIFIED. ) ;
#3144 = EDGE_CURVE ( 'NONE', #2269, #4584, #1300, .T. ) ;
#3145 = CARTESIAN_POINT ( 'NONE',  ( 0.000000000000000000, 0.000000000000000000, 0.000000000000000000 ) ) ;
#3146 = CARTESIAN_POINT ( 'NONE',  ( 0.04122929755731759294, -0.05419441980321328123, 0.01000000000000000021 ) ) ;
#3147 = DIRECTION ( 'NONE',  ( 1.000000000000000000, 0.000000000000000000, -0.000000000000000000 ) ) ;
#3148 = ORIENTED_EDGE ( 'NONE', *, *, #2180, .F. ) ;
#3149 = EDGE_LOOP ( 'NONE', ( #1983, #3450, #827, #2314 ) ) ;
#3150 = CARTESIAN_POINT ( 'NONE',  ( 0.1291199225573175791, -0.05602368809589620968, 0.000000000000000000 ) ) ;
#3151 = PRESENTATION_STYLE_ASSIGNMENT (( #1824 ) ) ;
#3152 = EDGE_LOOP ( 'NONE', ( #3745, #2089, #548, #3334 ) ) ;
#3153 = DIRECTION ( 'NONE',  ( 0.000000000000000000, -0.000000000000000000, 1.000000000000000000 ) ) ;
#3154 = ORIENTED_EDGE ( 'NONE', *, *, #2423, .T. ) ;
#3155 = EDGE_CURVE ( 'NONE', #407, #15, #1252, .T. ) ;
#3156 = PLANE ( 'NONE',  #2729 ) ;
#3157 = CARTESIAN_POINT ( 'NONE',  ( 0.1298716082683762929, -0.07246340215848358357, 0.01000000000000000021 ) ) ;
#3158 = CARTESIAN_POINT ( 'NONE',  ( 0.9999999999999991118, -0.9999999999999995559, 0.2000000000000000111 ) ) ;
#3159 = PLANE ( 'NONE',  #4152 ) ;
#3160 = FACE_OUTER_BOUND ( 'NONE', #262, .T. ) ;
#3161 = ORIENTED_EDGE ( 'NONE', *, *, #420, .F. ) ;
#3162 = PLANE ( 'NONE',  #2519 ) ;
#3163 = CARTESIAN_POINT ( 'NONE',  ( -0.2438221506134140848, 0.05053118995288426868, 0.01000000000000000021 ) ) ;
#3164 = ADVANCED_FACE ( 'NONE', ( #2691 ), #1980, .F. ) ;
#3165 = ORIENTED_EDGE ( 'NONE', *, *, #1686, .T. ) ;
#3166 = CLOSED_SHELL ( 'NONE', ( #1358, #2311, #1960, #3961, #785, #3291 ) ) ;
#3167 = LINE ( 'NONE', #1666, #971 ) ;
#3168 = LINE ( 'NONE', #12, #2954 ) ;
#3169 = CARTESIAN_POINT ( 'NONE',  ( 0.1580347180364998771, 0.05533496423131320507, 6.776263578034402713E-18 ) ) ;
#3170 = CARTESIAN_POINT ( 'NONE',  ( 0.9999999999999991118, 0.9999999999999995559, -0.02500000000000000139 ) ) ;
#3171 = ORIENTED_EDGE ( 'NONE', *, *, #51, .F. ) ;
#3172 =( GEOMETRIC_REPRESENTATION_CONTEXT ( 3 ) GLOBAL_UNCERTAINTY_ASSIGNED_CONTEXT ( ( #947 ) ) GLOBAL_UNIT_ASSIGNED_CONTEXT ( ( #2274, #3319, #3704 ) ) REPRESENTATION_CONTEXT ( 'NONE', 'WORKASPACE' ) );
#3173 = ORIENTED_EDGE ( 'NONE', *, *, #2558, .T. ) ;
#3174 = CARTESIAN_POINT ( 'NONE',  ( 0.5999999999999989786, -0.9999999999999991118, -0.02500000000000000139 ) ) ;
#3175 = CARTESIAN_POINT ( 'NONE',  ( -0.08919181524756045198, -0.07065783443735962344, 0.01000000000000000021 ) ) ;
#3176 = SURFACE_SIDE_STYLE ('',( #1009 ) ) ;
#3177 = FILL_AREA_STYLE_COLOUR ( '', #2748 ) ;
#3178 = VECTOR ( 'NONE', #2035, 1000.000000000000000 ) ;
#3179 = ORIENTED_EDGE ( 'NONE', *, *, #195, .T. ) ;
#3180 = CARTESIAN_POINT ( 'NONE',  ( -0.08919181524756045198, -0.07065783443735962344, 0.000000000000000000 ) ) ;
#3181 = FACE_OUTER_BOUND ( 'NONE', #2805, .T. ) ;
#3182 = VECTOR ( 'NONE', #3357, 1000.000000000000000 ) ;
#3183 = DIRECTION ( 'NONE',  ( -1.000000000000000000, 0.000000000000000000, 0.000000000000000000 ) ) ;
#3184 = CARTESIAN_POINT ( 'NONE',  ( 0.09202705007600500697, -0.06366033164394113708, -0.000000000000000000 ) ) ;
#3185 = CARTESIAN_POINT ( 'NONE',  ( 0.1606982859783198936, -0.06752443857233056401, 0.000000000000000000 ) ) ;
#3186 = DIRECTION ( 'NONE',  ( 0.000000000000000000, 0.000000000000000000, 1.000000000000000000 ) ) ;
#3187 = CARTESIAN_POINT ( 'NONE',  ( 0.1999999999999999833, -0.9999999999999991118, -0.02500000000000000139 ) ) ;
#3188 = ORIENTED_EDGE ( 'NONE', *, *, #762, .T. ) ;
#3189 = CARTESIAN_POINT ( 'NONE',  ( 1.000000000000000000, -1.000000000000000000, -0.02500000000000000139 ) ) ;
#3190 = PRESENTATION_LAYER_ASSIGNMENT (  '', '', ( #2820 ) ) ;
#3191 = FACE_OUTER_BOUND ( 'NONE', #2917, .T. ) ;
#3192 = ORIENTED_EDGE ( 'NONE', *, *, #2751, .T. ) ;
#3193 = EDGE_CURVE ( 'NONE', #792, #202, #3443, .T. ) ;
#3194 = STYLED_ITEM ( 'NONE', ( #449 ), #2653 ) ;
#3195 = FILL_AREA_STYLE ('',( #1769 ) ) ;
#3196 = DIRECTION ( 'NONE',  ( -0.000000000000000000, -0.000000000000000000, 1.000000000000000000 ) ) ;
#3197 = FILL_AREA_STYLE ('',( #1102 ) ) ;
#3198 = CARTESIAN_POINT ( 'NONE',  ( 0.09061954145975661956, 0.07522631190410378199, 0.000000000000000000 ) ) ;
#3199 = ORIENTED_EDGE ( 'NONE', *, *, #2118, .T. ) ;
#3200 = ORIENTED_EDGE ( 'NONE', *, *, #653, .T. ) ;
#3201 = LINE ( 'NONE', #4244, #3967 ) ;
#3202 = VECTOR ( 'NONE', #989, 1000.000000000000000 ) ;
#3203 = CARTESIAN_POINT ( 'NONE',  ( 0.1491513181951160116, 0.07822146916470459899, 0.01000000000000000021 ) ) ;
#3204 = CARTESIAN_POINT ( 'NONE',  ( 0.000000000000000000, 0.000000000000000000, 0.000000000000000000 ) ) ;
#3205 = DIRECTION ( 'NONE',  ( -4.336808689942018722E-16, 1.000000000000000000, -0.000000000000000000 ) ) ;
#3206 = CARTESIAN_POINT ( 'NONE',  ( 0.9999999999999988898, -0.3999999999999995226, 0.000000000000000000 ) ) ;
#3207 = CARTESIAN_POINT ( 'NONE',  ( 0.1200815469271505065, -0.07194088424619199396, 0.01000000000000000021 ) ) ;
#3208 = DIRECTION ( 'NONE',  ( -0.000000000000000000, 0.000000000000000000, -1.000000000000000000 ) ) ;
#3209 = VECTOR ( 'NONE', #776, 1000.000000000000000 ) ;
#3210 = FACE_OUTER_BOUND ( 'NONE', #1753, .T. ) ;
#3211 = SURFACE_SIDE_STYLE ('',( #3928 ) ) ;
#3212 = FACE_OUTER_BOUND ( 'NONE', #1827, .T. ) ;
#3213 = ORIENTED_EDGE ( 'NONE', *, *, #3284, .F. ) ;
#3214 = DIRECTION ( 'NONE',  ( 0.000000000000000000, -0.000000000000000000, -1.000000000000000000 ) ) ;
#3215 = EDGE_CURVE ( 'NONE', #2876, #915, #3023, .T. ) ;
#3216 = ORIENTED_EDGE ( 'NONE', *, *, #3696, .T. ) ;
#3217 = CARTESIAN_POINT ( 'NONE',  ( 0.2150097853621956434, -0.07065783443735962344, 0.000000000000000000 ) ) ;
#3218 = DIRECTION ( 'NONE',  ( 0.000000000000000000, -1.000000000000000000, 0.000000000000000000 ) ) ;
#3219 = CARTESIAN_POINT ( 'NONE',  ( 0.1257472091426834471, 0.06470801922117695726, 6.776263578034402713E-18 ) ) ;
#3220 = ORIENTED_EDGE ( 'NONE', *, *, #2725, .T. ) ;
#3221 = ORIENTED_EDGE ( 'NONE', *, *, #610, .T. ) ;
#3222 = AXIS2_PLACEMENT_3D ( 'NONE', #3567, #1517, #2506 ) ;
#3223 = CARTESIAN_POINT ( 'NONE',  ( -1.000000000000000000, 0.4000000000000000777, 0.000000000000000000 ) ) ;
#3224 = FACE_OUTER_BOUND ( 'NONE', #3592, .T. ) ;
#3225 = FILL_AREA_STYLE ('',( #398 ) ) ;
#3226 = LINE ( 'NONE', #814, #1230 ) ;
#3227 = CARTESIAN_POINT ( 'NONE',  ( 0.1041682707229979604, -0.06882216394160835249, 0.01000000000000000021 ) ) ;
#3228 = EDGE_LOOP ( 'NONE', ( #3817, #2504, #3050, #2634 ) ) ;
#3229 = EDGE_CURVE ( 'NONE', #491, #3256, #3067, .T. ) ;
#3230 = DIRECTION ( 'NONE',  ( -0.9406672605435405510, 0.3393303772748776370, 0.000000000000000000 ) ) ;
#3231 = DIRECTION ( 'NONE',  ( -1.000000000000000000, 1.807003620809175125E-16, 0.000000000000000000 ) ) ;
#3232 = LINE ( 'NONE', #1478, #1765 ) ;
#3233 = DIRECTION ( 'NONE',  ( 1.000000000000000000, 0.000000000000000000, 0.000000000000000000 ) ) ;
#3234 = EDGE_CURVE ( 'NONE', #3770, #264, #959, .T. ) ;
#3235 = EDGE_LOOP ( 'NONE', ( #2715, #2890, #2776, #3272 ) ) ;
#3236 = EDGE_CURVE ( 'NONE', #2828, #2346, #3090, .T. ) ;
#3237 = DIRECTION ( 'NONE',  ( -1.000000000000000000, -0.000000000000000000, -0.000000000000000000 ) ) ;
#3238 = FACE_OUTER_BOUND ( 'NONE', #2650, .T. ) ;
#3239 = ADVANCED_FACE ( 'NONE', ( #2401 ), #89, .T. ) ;
#3240 = ORIENTED_EDGE ( 'NONE', *, *, #1939, .F. ) ;
#3241 = CARTESIAN_POINT ( 'NONE',  ( -0.1490146048817067859, 0.005799863733372073726, 0.01000000000000000021 ) ) ;
#3242 = CLOSED_SHELL ( 'NONE', ( #522, #2997, #2889, #3983, #3518, #2038 ) ) ;
#3243 = CARTESIAN_POINT ( 'NONE',  ( -0.1468502877129970186, 0.05958223242284002574, 0.000000000000000000 ) ) ;
#3244 = CARTESIAN_POINT ( 'NONE',  ( 0.1801279721444138393, -0.01589751548200745573, 0.01000000000000000021 ) ) ;
#3245 = VECTOR ( 'NONE', #1084, 1000.000000000000000 ) ;
#3246 = LINE ( 'NONE', #2875, #2505 ) ;
#3247 = EDGE_LOOP ( 'NONE', ( #1075, #4566, #2554, #2339 ) ) ;
#3248 = STYLED_ITEM ( 'NONE', ( #4167 ), #1082 ) ;
#3249 = CARTESIAN_POINT ( 'NONE',  ( 0.06135124877682977124, -0.07065783443735962344, 0.000000000000000000 ) ) ;
#3250 = EDGE_CURVE ( 'NONE', #151, #1501, #1029, .T. ) ;
#3251 = CARTESIAN_POINT ( 'NONE',  ( -0.01181948293048725590, -0.002974907608091332655, 0.000000000000000000 ) ) ;
#3252 = CARTESIAN_POINT ( 'NONE',  ( 0.09877471462689203785, 0.05934596715465027122, 6.776263578034402713E-18 ) ) ;
#3253 = CARTESIAN_POINT ( 'NONE',  ( -0.01547801951585310240, 0.07934216556264037101, 0.01000000000000000021 ) ) ;
#3254 = PLANE ( 'NONE',  #3491 ) ;
#3255 =( NAMED_UNIT ( * ) PLANE_ANGLE_UNIT ( ) SI_UNIT ( $, .RADIAN. ) );
#3256 = VERTEX_POINT ( 'NONE', #1055 ) ;
#3257 = AXIS2_PLACEMENT_3D ( 'NONE', #3301, #127, #1567 ) ;
#3258 = LINE ( 'NONE', #1385, #1196 ) ;
#3259 = ORIENTED_EDGE ( 'NONE', *, *, #2497, .T. ) ;
#3260 = VECTOR ( 'NONE', #488, 1000.000000000000000 ) ;
#3261 = CARTESIAN_POINT ( 'NONE',  ( 0.1801279721444138393, -0.01589751548200745573, 0.000000000000000000 ) ) ;
#3262 = VERTEX_POINT ( 'NONE', #3561 ) ;
#3263 = DIRECTION ( 'NONE',  ( 1.000000000000000000, 0.000000000000000000, -0.000000000000000000 ) ) ;
#3264 = VECTOR ( 'NONE', #1560, 1000.000000000000000 ) ;
#3265 = CARTESIAN_POINT ( 'NONE',  ( 0.1277796134223599667, 0.06466431880828030221, -0.000000000000000000 ) ) ;
#3266 = MECHANICAL_DESIGN_GEOMETRIC_PRESENTATION_REPRESENTATION (  '', ( #84 ), #3855 ) ;
#3267 = DIRECTION ( 'NONE',  ( 1.000000000000000000, 0.000000000000000000, -0.000000000000000000 ) ) ;
#3268 = CARTESIAN_POINT ( 'NONE',  ( 0.1552318576012311213, -0.04989786972018422223, 6.776263578034402713E-18 ) ) ;
#3269 = CARTESIAN_POINT ( 'NONE',  ( -0.01547801951585310240, 0.06287875092849402880, 0.01000000000000000021 ) ) ;
#3270 = CARTESIAN_POINT ( 'NONE',  ( 0.5999999999999989786, -0.3999999999999995226, -0.02500000000000000139 ) ) ;
#3271 = CARTESIAN_POINT ( 'NONE',  ( 0.1727910399393495777, -0.06119278735822131221, 0.01000000000000000021 ) ) ;
#3272 = ORIENTED_EDGE ( 'NONE', *, *, #554, .T. ) ;
#3273 = VECTOR ( 'NONE', #1419, 1000.000000000000000 ) ;
#3274 = SURFACE_STYLE_USAGE ( .BOTH. , #4342 ) ;
#3275 = FILL_AREA_STYLE ('',( #2631 ) ) ;
#3276 = SURFACE_SIDE_STYLE ('',( #882 ) ) ;
#3277 = DIRECTION ( 'NONE',  ( -0.000000000000000000, -0.000000000000000000, 1.000000000000000000 ) ) ;
#3278 = SURFACE_STYLE_USAGE ( .BOTH. , #3620 ) ;
#3279 = VECTOR ( 'NONE', #1711, 1000.000000000000000 ) ;
#3280 = EDGE_CURVE ( 'NONE', #2006, #3724, #475, .T. ) ;
#3281 = ORIENTED_EDGE ( 'NONE', *, *, #95, .T. ) ;
#3282 = VECTOR ( 'NONE', #4412, 1000.000000000000000 ) ;
#3283 = VERTEX_POINT ( 'NONE', #3888 ) ;
#3284 = EDGE_CURVE ( 'NONE', #985, #1153, #3495, .T. ) ;
#3285 = UNCERTAINTY_MEASURE_WITH_UNIT (LENGTH_MEASURE( 1.000000000000000082E-05 ), #1881, 'distance_accuracy_value', 'NONE');
#3286 = CARTESIAN_POINT ( 'NONE',  ( 0.1819598967744000539, -0.003734855516883579373, 0.000000000000000000 ) ) ;
#3287 =( GEOMETRIC_REPRESENTATION_CONTEXT ( 3 ) GLOBAL_UNCERTAINTY_ASSIGNED_CONTEXT ( ( #3781 ) ) GLOBAL_UNIT_ASSIGNED_CONTEXT ( ( #1549, #901, #4394 ) ) REPRESENTATION_CONTEXT ( 'NONE', 'WORKASPACE' ) );
#3288 = ORIENTED_EDGE ( 'NONE', *, *, #1966, .F. ) ;
#3289 =( NAMED_UNIT ( * ) PLANE_ANGLE_UNIT ( ) SI_UNIT ( $, .RADIAN. ) );
#3290 = CARTESIAN_POINT ( 'NONE',  ( -0.2163831262231701580, -0.02858466370565231063, 0.01000000000000000021 ) ) ;
#3291 = ADVANCED_FACE ( 'NONE', ( #2455 ), #4285, .T. ) ;
#3292 = CARTESIAN_POINT ( 'NONE',  ( -0.1400643862596616385, 0.04055896803840020742, 0.000000000000000000 ) ) ;
#3293 = CARTESIAN_POINT ( 'NONE',  ( 0.1812606587809045822, -0.009986507205306933282, 0.01000000000000000021 ) ) ;
#3294 = STYLED_ITEM ( 'NONE', ( #3925 ), #1928 ) ;
#3295 = CARTESIAN_POINT ( 'NONE',  ( 0.2020117244501568043, 0.01014229557415417121, 0.000000000000000000 ) ) ;
#3296 = DIRECTION ( 'NONE',  ( -1.000000000000000000, 0.000000000000000000, 0.000000000000000000 ) ) ;
#3297 = VECTOR ( 'NONE', #2221, 1000.000000000000000 ) ;
#3298 = ORIENTED_EDGE ( 'NONE', *, *, #993, .T. ) ;
#3299 = LINE ( 'NONE', #1520, #2216 ) ;
#3300 = FACE_OUTER_BOUND ( 'NONE', #2359, .T. ) ;
#3301 = CARTESIAN_POINT ( 'NONE',  ( 0.000000000000000000, 0.000000000000000000, -0.02500000000000000139 ) ) ;
#3302 = VERTEX_POINT ( 'NONE', #2112 ) ;
#3303 = ORIENTED_EDGE ( 'NONE', *, *, #993, .F. ) ;
#3304 = CARTESIAN_POINT ( 'NONE',  ( 0.1812606587809045822, -0.009986507205306933282, 0.000000000000000000 ) ) ;
#3305 = CARTESIAN_POINT ( 'NONE',  ( 0.1431429301688784128, 0.06247819747174305355, 6.776263578034402713E-18 ) ) ;
#3306 = VERTEX_POINT ( 'NONE', #2908 ) ;
#3307 = DIRECTION ( 'NONE',  ( -1.000000000000000000, 1.355252715606880789E-16, 0.000000000000000000 ) ) ;
#3308 = CARTESIAN_POINT ( 'NONE',  ( -0.1146332413880750689, -0.05037542049599038479, 6.776263578034402713E-18 ) ) ;
#3309 = LINE ( 'NONE', #4096, #976 ) ;
#3310 = CARTESIAN_POINT ( 'NONE',  ( 1.000000000000000000, -1.000000000000000000, 0.2000000000000000111 ) ) ;
#3311 = AXIS2_PLACEMENT_3D ( 'NONE', #1899, #2201, #2987 ) ;
#3312 = DIRECTION ( 'NONE',  ( 0.000000000000000000, 0.000000000000000000, 1.000000000000000000 ) ) ;
#3313 = ADVANCED_FACE ( 'NONE', ( #380, #3210 ), #2131, .T. ) ;
#3314 = ORIENTED_EDGE ( 'NONE', *, *, #4357, .T. ) ;
#3315 = CARTESIAN_POINT ( 'NONE',  ( -0.2569414341499994814, 0.07934216556264037101, 0.01000000000000000021 ) ) ;
#3316 = CARTESIAN_POINT ( 'NONE',  ( 0.2717171024353663977, 0.07934216556264037101, 0.01000000000000000021 ) ) ;
#3317 = AXIS2_PLACEMENT_3D ( 'NONE', #4314, #788, #1822 ) ;
#3318 = FILL_AREA_STYLE_COLOUR ( '', #367 ) ;
#3319 =( NAMED_UNIT ( * ) PLANE_ANGLE_UNIT ( ) SI_UNIT ( $, .RADIAN. ) );
#3320 = ORIENTED_EDGE ( 'NONE', *, *, #4527, .F. ) ;
#3321 = VECTOR ( 'NONE', #42, 1000.000000000000000 ) ;
#3322 = SURFACE_STYLE_USAGE ( .BOTH. , #153 ) ;
#3323 = UNCERTAINTY_MEASURE_WITH_UNIT (LENGTH_MEASURE( 1.000000000000000082E-05 ), #1812, 'distance_accuracy_value', 'NONE');
#3324 = DIRECTION ( 'NONE',  ( 1.807003620809175125E-16, -1.000000000000000000, -0.000000000000000000 ) ) ;
#3325 = CARTESIAN_POINT ( 'NONE',  ( 0.09199839097908210639, -0.04719666268601647313, 6.776263578034402713E-18 ) ) ;
#3326 = STYLED_ITEM ( 'NONE', ( #1017 ), #1860 ) ;
#3327 = STYLED_ITEM ( 'NONE', ( #3061 ), #4164 ) ;
#3328 = CARTESIAN_POINT ( 'NONE',  ( -1.000000000000000000, 0.4000000000000000777, -0.02500000000000000139 ) ) ;
#3329 = CARTESIAN_POINT ( 'NONE',  ( -0.1199018994352993306, -0.04811857738962169867, 6.776263578034402713E-18 ) ) ;
#3330 = PRODUCT_DEFINITION_FORMATION_WITH_SPECIFIED_SOURCE ( '任何', '', #4350, .NOT_KNOWN. ) ;
#3331 = CARTESIAN_POINT ( 'NONE',  ( -0.9999999999999991118, 0.9999999999999995559, 0.6999999999999999556 ) ) ;
#3332 = CARTESIAN_POINT ( 'NONE',  ( 0.1939025221530849830, 0.04092784348848220455, 0.000000000000000000 ) ) ;
#3333 = DIRECTION ( 'NONE',  ( 0.000000000000000000, -1.000000000000000000, 0.000000000000000000 ) ) ;
#3334 = ORIENTED_EDGE ( 'NONE', *, *, #1145, .T. ) ;
#3335 = CARTESIAN_POINT ( 'NONE',  ( -0.1566543203288393582, -0.03836266111513166044, 1.016439536705160407E-17 ) ) ;
#3336 = MECHANICAL_DESIGN_GEOMETRIC_PRESENTATION_REPRESENTATION (  '', ( #159 ), #2974 ) ;
#3337 = CARTESIAN_POINT ( 'NONE',  ( -0.1999999999999999833, -0.9999999999999991118, 0.000000000000000000 ) ) ;
#3338 =( NAMED_UNIT ( * ) PLANE_ANGLE_UNIT ( ) SI_UNIT ( $, .RADIAN. ) );
#3339 = CARTESIAN_POINT ( 'NONE',  ( 0.1348298601824192977, -0.05587652554954750800, 6.776263578034402713E-18 ) ) ;
#3340 = EDGE_CURVE ( 'NONE', #2116, #965, #3975, .T. ) ;
#3341 = ORIENTED_EDGE ( 'NONE', *, *, #4108, .F. ) ;
#3342 = ADVANCED_FACE ( 'NONE', ( #2 ), #2928, .T. ) ;
#3343 = CARTESIAN_POINT ( 'NONE',  ( 0.06135124877682977124, -0.07065783443735962344, 0.01000000000000000021 ) ) ;
#3344 = PRESENTATION_STYLE_ASSIGNMENT (( #3322 ) ) ;
#3345 = CARTESIAN_POINT ( 'NONE',  ( -1.000000000000000000, 1.000000000000000000, -0.02500000000000000139 ) ) ;
#3346 = CARTESIAN_POINT ( 'NONE',  ( 0.1259187030451224820, 0.08117143385532328559, 1.355252715606880543E-17 ) ) ;
#3347 = DIRECTION ( 'NONE',  ( 0.000000000000000000, -0.000000000000000000, 1.000000000000000000 ) ) ;
#3348 = AXIS2_PLACEMENT_3D ( 'NONE', #1209, #4047, #516 ) ;
#3349 = EDGE_CURVE ( 'NONE', #3770, #4294, #1457, .T. ) ;
#3350 = SURFACE_STYLE_FILL_AREA ( #3719 ) ;
#3351 = CARTESIAN_POINT ( 'NONE',  ( 0.1819298503018652036, 0.009570279778691914013, 0.01000000000000000021 ) ) ;
#3352 = DIRECTION ( 'NONE',  ( 1.000000000000000000, 0.000000000000000000, -0.000000000000000000 ) ) ;
#3353 = VECTOR ( 'NONE', #3766, 1000.000000000000000 ) ;
#3354 = VERTEX_POINT ( 'NONE', #27 ) ;
#3355 = CARTESIAN_POINT ( 'NONE',  ( -0.1468649303277140272, -0.04975787346999463456, 0.01000000000000000021 ) ) ;
#3356 = LINE ( 'NONE', #1586, #642 ) ;
#3357 = DIRECTION ( 'NONE',  ( -1.000000000000000000, 1.355252715606880789E-16, -0.000000000000000000 ) ) ;
#3358 = CARTESIAN_POINT ( 'NONE',  ( -1.000000000000000000, 1.000000000000000000, 0.2000000000000000111 ) ) ;
#3359 = LINE ( 'NONE', #2320, #4282 ) ;
#3360 = ORIENTED_EDGE ( 'NONE', *, *, #501, .F. ) ;
#3361 = CARTESIAN_POINT ( 'NONE',  ( -0.1488622515459346873, -0.0009908424995391793607, 0.01000000000000000021 ) ) ;
#3362 = FILL_AREA_STYLE ('',( #1161 ) ) ;
#3363 = UNCERTAINTY_MEASURE_WITH_UNIT (LENGTH_MEASURE( 1.000000000000000082E-05 ), #3692, 'distance_accuracy_value', 'NONE');
#3364 = CARTESIAN_POINT ( 'NONE',  ( -0.1367788962015368537, 0.04483767555317581116, 0.01000000000000000021 ) ) ;
#3365 = CARTESIAN_POINT ( 'NONE',  ( 0.1993279283367649368, 0.02641293864900335145, 1.355252715606880543E-17 ) ) ;
#3366 = EDGE_CURVE ( 'NONE', #2953, #3953, #2157, .T. ) ;
#3367 = FACE_OUTER_BOUND ( 'NONE', #3533, .T. ) ;
#3368 = ADVANCED_FACE ( 'NONE', ( #697 ), #3254, .F. ) ;
#3369 = CARTESIAN_POINT ( 'NONE',  ( 0.000000000000000000, 0.000000000000000000, 0.6999999999999999556 ) ) ;
#3370 = EDGE_CURVE ( 'NONE', #2242, #2451, #3143, .T. ) ;
#3371 = CARTESIAN_POINT ( 'NONE',  ( 0.09195159930392045322, 0.05587838663331342465, 0.01000000000000000021 ) ) ;
#3372 = CARTESIAN_POINT ( 'NONE',  ( 0.1318924073134151720, -0.07248710273004253801, 0.01000000000000000021 ) ) ;
#3373 = CARTESIAN_POINT ( 'NONE',  ( -0.1137654525560780200, -0.06786506988204488167, 0.01000000000000000021 ) ) ;
#3374 = DIRECTION ( 'NONE',  ( 0.000000000000000000, 0.000000000000000000, 1.000000000000000000 ) ) ;
#3375 = EDGE_LOOP ( 'NONE', ( #3008, #2593, #2730, #1303 ) ) ;
#3376 = ORIENTED_EDGE ( 'NONE', *, *, #3236, .F. ) ;
#3377 = VERTEX_POINT ( 'NONE', #624 ) ;
#3378 = CARTESIAN_POINT ( 'NONE',  ( 0.1257472091426834471, 0.06470801922117695726, 0.01000000000000000021 ) ) ;
#3379 = CARTESIAN_POINT ( 'NONE',  ( 0.09809889104245565761, 0.07787186553470662465, 0.000000000000000000 ) ) ;
#3380 = CARTESIAN_POINT ( 'NONE',  ( 0.09809889104245565761, 0.07787186553470662465, 0.01000000000000000021 ) ) ;
#3381 = ORIENTED_EDGE ( 'NONE', *, *, #4409, .T. ) ;
#3382 = EDGE_CURVE ( 'NONE', #792, #1725, #2390, .T. ) ;
#3383 = CARTESIAN_POINT ( 'NONE',  ( 0.9999999999999991118, 0.9999999999999995559, -0.02500000000000000139 ) ) ;
#3384 = LINE ( 'NONE', #926, #9 ) ;
#3385 =( NAMED_UNIT ( * ) PLANE_ANGLE_UNIT ( ) SI_UNIT ( $, .RADIAN. ) );
#3386 = DIRECTION ( 'NONE',  ( 1.000000000000000000, 0.000000000000000000, 0.000000000000000000 ) ) ;
#3387 = CARTESIAN_POINT ( 'NONE',  ( 0.1562216043953288114, 0.07584587973499638813, 0.01000000000000000021 ) ) ;
#3388 = AXIS2_PLACEMENT_3D ( 'NONE', #3007, #1244, #3452 ) ;
#3389 = SURFACE_SIDE_STYLE ('',( #196 ) ) ;
#3390 = COLOUR_RGB ( '',0.9686274509803921573, 0.8784313725490195957, 0.5999999999999999778 ) ;
#3391 = CARTESIAN_POINT ( 'NONE',  ( 0.1782834784084160740, 0.02825613707184408338, 0.000000000000000000 ) ) ;
#3392 = AXIS2_PLACEMENT_3D ( 'NONE', #3253, #2491, #2815 ) ;
#3393 = SURFACE_STYLE_FILL_AREA ( #1976 ) ;
#3394 = CARTESIAN_POINT ( 'NONE',  ( 0.1118321260819006568, 0.06342811296840300539, 0.01000000000000000021 ) ) ;
#3395 = FILL_AREA_STYLE ('',( #544 ) ) ;
#3396 = CARTESIAN_POINT ( 'NONE',  ( 0.09061954145975661956, 0.07522631190410378199, 0.01000000000000000021 ) ) ;
#3397 =( GEOMETRIC_REPRESENTATION_CONTEXT ( 3 ) GLOBAL_UNCERTAINTY_ASSIGNED_CONTEXT ( ( #2596 ) ) GLOBAL_UNIT_ASSIGNED_CONTEXT ( ( #3895, #347, #1375 ) ) REPRESENTATION_CONTEXT ( 'NONE', 'WORKASPACE' ) );
#3398 = ORIENTED_EDGE ( 'NONE', *, *, #3349, .F. ) ;
#3399 = EDGE_LOOP ( 'NONE', ( #2034, #3504, #1025, #872, #2379, #1519, #4497, #4264, #2579, #4259, #525, #1630 ) ) ;
#3400 = ORIENTED_EDGE ( 'NONE', *, *, #684, .F. ) ;
#3401 = DIRECTION ( 'NONE',  ( -1.000000000000000000, 2.168404344971003346E-15, 0.000000000000000000 ) ) ;
#3402 = CARTESIAN_POINT ( 'NONE',  ( -0.1370923169740203285, -0.03432489102166941253, 0.000000000000000000 ) ) ;
#3403 = LINE ( 'NONE', #2054, #1026 ) ;
#3404 = VECTOR ( 'NONE', #386, 1000.000000000000000 ) ;
#3405 = DIRECTION ( 'NONE',  ( -3.614007241618349264E-16, 1.000000000000000000, 0.000000000000000000 ) ) ;
#3406 = ORIENTED_EDGE ( 'NONE', *, *, #1696, .F. ) ;
#3407 = CARTESIAN_POINT ( 'NONE',  ( 0.1403532210952609383, -0.05511939015338256781, 6.776263578034402713E-18 ) ) ;
#3408 = VERTEX_POINT ( 'NONE', #2703 ) ;
#3409 = VECTOR ( 'NONE', #3117, 1000.000000000000000 ) ;
#3410 = CARTESIAN_POINT ( 'NONE',  ( -0.09064951341829213805, 0.06287875092849402880, 0.01000000000000000021 ) ) ;
#3411 = FACE_OUTER_BOUND ( 'NONE', #1245, .T. ) ;
#3412 = UNCERTAINTY_MEASURE_WITH_UNIT (LENGTH_MEASURE( 1.000000000000000082E-05 ), #369, 'distance_accuracy_value', 'NONE');
#3413 = CARTESIAN_POINT ( 'NONE',  ( -0.2478497403214207084, 0.05485365079496448693, 0.01000000000000000021 ) ) ;
#3414 = VECTOR ( 'NONE', #141, 1000.000000000000000 ) ;
#3415 = AXIS2_PLACEMENT_3D ( 'NONE', #4380, #1913, #4338 ) ;
#3416 = DIRECTION ( 'NONE',  ( 1.000000000000000000, 0.000000000000000000, 0.000000000000000000 ) ) ;
#3417 = LINE ( 'NONE', #540, #4063 ) ;
#3418 =( GEOMETRIC_REPRESENTATION_CONTEXT ( 3 ) GLOBAL_UNCERTAINTY_ASSIGNED_CONTEXT ( ( #991 ) ) GLOBAL_UNIT_ASSIGNED_CONTEXT ( ( #2189, #3289, #703 ) ) REPRESENTATION_CONTEXT ( 'NONE', 'WORKASPACE' ) );
#3419 = PRODUCT_RELATED_PRODUCT_CATEGORY ( 'part', '', ( #4350 ) ) ;
#3420 =( LENGTH_UNIT ( ) NAMED_UNIT ( * ) SI_UNIT ( .MILLI., .METRE. ) );
#3421 = SURFACE_STYLE_USAGE ( .BOTH. , #2750 ) ;
#3422 = MECHANICAL_DESIGN_GEOMETRIC_PRESENTATION_REPRESENTATION (  '', ( #1868 ), #17 ) ;
#3423 = ADVANCED_FACE ( 'NONE', ( #3411 ), #1314, .F. ) ;
#3424 = CARTESIAN_POINT ( 'NONE',  ( 0.04122929755731759294, 0.01348850702605500218, 0.01000000000000000021 ) ) ;
#3425 = SURFACE_STYLE_FILL_AREA ( #1697 ) ;
#3426 = FACE_OUTER_BOUND ( 'NONE', #3070, .T. ) ;
#3427 = ORIENTED_EDGE ( 'NONE', *, *, #4326, .F. ) ;
#3428 = COLOUR_RGB ( '',0.9686274509803921573, 0.8784313725490195957, 0.5999999999999999778 ) ;
#3429 = ORIENTED_EDGE ( 'NONE', *, *, #1010, .F. ) ;
#3430 = LINE ( 'NONE', #2630, #2930 ) ;
#3431 =( NAMED_UNIT ( * ) SI_UNIT ( $, .STERADIAN. ) SOLID_ANGLE_UNIT ( ) );
#3432 = CARTESIAN_POINT ( 'NONE',  ( -0.08982062622317016354, -0.05419441980321328123, 0.000000000000000000 ) ) ;
#3433 = ORIENTED_EDGE ( 'NONE', *, *, #26, .F. ) ;
#3434 = CARTESIAN_POINT ( 'NONE',  ( 0.1552318576012311213, -0.04989786972018422223, 0.01000000000000000021 ) ) ;
#3435 = ORIENTED_EDGE ( 'NONE', *, *, #2065, .F. ) ;
#3436 = CARTESIAN_POINT ( 'NONE',  ( -0.1452240219097857277, -0.01942562679253094851, 0.01000000000000000021 ) ) ;
#3437 = SURFACE_STYLE_FILL_AREA ( #603 ) ;
#3438 = VECTOR ( 'NONE', #3401, 1000.000000000000000 ) ;
#3439 = FILL_AREA_STYLE_COLOUR ( '', #4377 ) ;
#3440 = SURFACE_SIDE_STYLE ('',( #647 ) ) ;
#3441 = STYLED_ITEM ( 'NONE', ( #3499 ), #2038 ) ;
#3442 =( NAMED_UNIT ( * ) PLANE_ANGLE_UNIT ( ) SI_UNIT ( $, .RADIAN. ) );
#3443 = LINE ( 'NONE', #1280, #968 ) ;
#3444 =( NAMED_UNIT ( * ) SI_UNIT ( $, .STERADIAN. ) SOLID_ANGLE_UNIT ( ) );
#3445 = ORIENTED_EDGE ( 'NONE', *, *, #2471, .T. ) ;
#3446 = ORIENTED_EDGE ( 'NONE', *, *, #1870, .F. ) ;
#3447 = CARTESIAN_POINT ( 'NONE',  ( -1.000000000000000000, 1.000000000000000000, 0.2000000000000000111 ) ) ;
#3448 = CARTESIAN_POINT ( 'NONE',  ( -0.1690766809171528606, 0.008947643475117268361, 1.016439536705160407E-17 ) ) ;
#3449 =( NAMED_UNIT ( * ) SI_UNIT ( $, .STERADIAN. ) SOLID_ANGLE_UNIT ( ) );
#3450 = ORIENTED_EDGE ( 'NONE', *, *, #1846, .F. ) ;
#3451 = ADVANCED_FACE ( 'NONE', ( #2348 ), #4088, .T. ) ;
#3452 = DIRECTION ( 'NONE',  ( -1.807003620809175125E-16, -1.000000000000000000, 0.000000000000000000 ) ) ;
#3453 = ORIENTED_EDGE ( 'NONE', *, *, #1580, .F. ) ;
#3454 = FACE_OUTER_BOUND ( 'NONE', #1991, .T. ) ;
#3455 = DIRECTION ( 'NONE',  ( 0.000000000000000000, 1.000000000000000000, 0.000000000000000000 ) ) ;
#3456 = PRESENTATION_STYLE_ASSIGNMENT (( #3758 ) ) ;
#3457 = UNCERTAINTY_MEASURE_WITH_UNIT (LENGTH_MEASURE( 1.000000000000000082E-05 ), #630, 'distance_accuracy_value', 'NONE');
#3458 = CARTESIAN_POINT ( 'NONE',  ( 0.000000000000000000, 0.000000000000000000, 0.01000000000000000021 ) ) ;
#3459 = CARTESIAN_POINT ( 'NONE',  ( 0.9999999999999988898, -0.3999999999999995226, -0.02500000000000000139 ) ) ;
#3460 = VECTOR ( 'NONE', #4248, 1000.000000000000000 ) ;
#3461 = CARTESIAN_POINT ( 'NONE',  ( 0.04122929755731759294, -0.002974907608091332655, 0.000000000000000000 ) ) ;
#3462 = CARTESIAN_POINT ( 'NONE',  ( -0.01547801951585310240, 0.07934216556264037101, 0.01000000000000000021 ) ) ;
#3463 = LINE ( 'NONE', #1001, #211 ) ;
#3464 = CARTESIAN_POINT ( 'NONE',  ( -0.08919181524756045198, -0.07065783443735962344, 0.01000000000000000021 ) ) ;
#3465 = EDGE_CURVE ( 'NONE', #2056, #915, #3384, .T. ) ;
#3466 = FACE_OUTER_BOUND ( 'NONE', #1269, .T. ) ;
#3467 = ORIENTED_EDGE ( 'NONE', *, *, #2197, .F. ) ;
#3468 = MECHANICAL_DESIGN_GEOMETRIC_PRESENTATION_REPRESENTATION (  '', ( #3326 ), #2658 ) ;
#3469 = COLOUR_RGB ( '',1.000000000000000000, 1.000000000000000000, 1.000000000000000000 ) ;
#3470 = ORIENTED_EDGE ( 'NONE', *, *, #2558, .F. ) ;
#3471 = FACE_OUTER_BOUND ( 'NONE', #102, .T. ) ;
#3472 = CARTESIAN_POINT ( 'NONE',  ( -0.1490146048817067859, 0.005799863733372073726, 0.000000000000000000 ) ) ;
#3473 = CARTESIAN_POINT ( 'NONE',  ( -0.1143773479020451650, 0.07665791320525996988, 0.01000000000000000021 ) ) ;
#3474 = AXIS2_PLACEMENT_3D ( 'NONE', #3571, #2783, #3501 ) ;
#3475 = CARTESIAN_POINT ( 'NONE',  ( 0.2150097853621956434, -0.05419441980321328123, 0.01000000000000000021 ) ) ;
#3476 = LINE ( 'NONE', #494, #2745 ) ;
#3477 = VERTEX_POINT ( 'NONE', #4181 ) ;
#3478 = DIRECTION ( 'NONE',  ( 1.084202172485504927E-16, -1.000000000000000000, 0.000000000000000000 ) ) ;
#3479 = DIRECTION ( 'NONE',  ( -0.000000000000000000, -0.000000000000000000, -1.000000000000000000 ) ) ;
#3480 = LINE ( 'NONE', #4132, #1789 ) ;
#3481 = EDGE_CURVE ( 'NONE', #3477, #2812, #643, .T. ) ;
#3482 = PLANE ( 'NONE',  #2369 ) ;
#3483 = EDGE_CURVE ( 'NONE', #3034, #4237, #3757, .T. ) ;
#3484 = PRESENTATION_LAYER_ASSIGNMENT (  '', '', ( #3935 ) ) ;
#3485 = PRESENTATION_STYLE_ASSIGNMENT (( #3513 ) ) ;
#3486 = ORIENTED_EDGE ( 'NONE', *, *, #2941, .F. ) ;
#3487 = MECHANICAL_DESIGN_GEOMETRIC_PRESENTATION_REPRESENTATION (  '', ( #1784 ), #3706 ) ;
#3488 = MECHANICAL_DESIGN_GEOMETRIC_PRESENTATION_REPRESENTATION (  '', ( #1190 ), #4074 ) ;
#3489 =( LENGTH_UNIT ( ) NAMED_UNIT ( * ) SI_UNIT ( .MILLI., .METRE. ) );
#3490 = CARTESIAN_POINT ( 'NONE',  ( -0.1678718608864626094, -0.01026285059206362080, 0.000000000000000000 ) ) ;
#3491 = AXIS2_PLACEMENT_3D ( 'NONE', #3551, #76, #4325 ) ;
#3492 = ORIENTED_EDGE ( 'NONE', *, *, #609, .F. ) ;
#3493 = CARTESIAN_POINT ( 'NONE',  ( 0.09061954145975661956, 0.05510436068459157594, 0.01000000000000000021 ) ) ;
#3494 = EDGE_CURVE ( 'NONE', #1464, #2322, #3480, .T. ) ;
#3495 = LINE ( 'NONE', #2847, #2238 ) ;
#3496 = CARTESIAN_POINT ( 'NONE',  ( -0.9999999999999997780, -0.9999999999999993339, -0.02500000000000000139 ) ) ;
#3497 = ORIENTED_EDGE ( 'NONE', *, *, #1338, .F. ) ;
#3498 = ORIENTED_EDGE ( 'NONE', *, *, #2571, .T. ) ;
#3499 = PRESENTATION_STYLE_ASSIGNMENT (( #1035 ) ) ;
#3500 = DIRECTION ( 'NONE',  ( -1.000000000000000000, 0.000000000000000000, 0.000000000000000000 ) ) ;
#3501 = DIRECTION ( 'NONE',  ( 0.000000000000000000, -0.000000000000000000, -1.000000000000000000 ) ) ;
#3502 = FACE_BOUND ( 'NONE', #2139, .T. ) ;
#3503 = AXIS2_PLACEMENT_3D ( 'NONE', #3740, #3347, #156 ) ;
#3504 = ORIENTED_EDGE ( 'NONE', *, *, #2837, .F. ) ;
#3505 = DIRECTION ( 'NONE',  ( -0.000000000000000000, -0.000000000000000000, -1.000000000000000000 ) ) ;
#3506 = CARTESIAN_POINT ( 'NONE',  ( 0.09061954145975661956, 0.07522631190410378199, 0.01000000000000000021 ) ) ;
#3507 = DIRECTION ( 'NONE',  ( 0.000000000000000000, -0.000000000000000000, 1.000000000000000000 ) ) ;
#3508 = SURFACE_SIDE_STYLE ('',( #46 ) ) ;
#3509 = CARTESIAN_POINT ( 'NONE',  ( -0.5999999999999999778, 0.9999999999999995559, -0.02500000000000000139 ) ) ;
#3510 = EDGE_CURVE ( 'NONE', #3118, #1886, #1616, .T. ) ;
#3511 = EDGE_CURVE ( 'NONE', #1698, #3747, #1994, .T. ) ;
#3512 = DIRECTION ( 'NONE',  ( -0.000000000000000000, 0.000000000000000000, 1.000000000000000000 ) ) ;
#3513 = SURFACE_STYLE_USAGE ( .BOTH. , #2020 ) ;
#3514 = ORIENTED_EDGE ( 'NONE', *, *, #2571, .F. ) ;
#3515 = CARTESIAN_POINT ( 'NONE',  ( -0.01913655610121900441, -0.07065783443735962344, 0.01000000000000000021 ) ) ;
#3516 = LINE ( 'NONE', #3163, #2534 ) ;
#3517 = ORIENTED_EDGE ( 'NONE', *, *, #79, .T. ) ;
#3518 = ADVANCED_FACE ( 'NONE', ( #945 ), #2017, .T. ) ;
#3519 = CARTESIAN_POINT ( 'NONE',  ( -0.2000000000000000944, 0.9999999999999995559, -0.02500000000000000139 ) ) ;
#3520 = CARTESIAN_POINT ( 'NONE',  ( 0.1664760636699978147, 0.04800193078701524979, 6.776263578034402713E-18 ) ) ;
#3521 = FACE_OUTER_BOUND ( 'NONE', #2047, .T. ) ;
#3522 = ORIENTED_EDGE ( 'NONE', *, *, #660, .T. ) ;
#3523 = ORIENTED_EDGE ( 'NONE', *, *, #4108, .T. ) ;
#3524 = FILL_AREA_STYLE_COLOUR ( '', #2574 ) ;
#3525 = CARTESIAN_POINT ( 'NONE',  ( 0.1939025221530849830, 0.04092784348848220455, 0.01000000000000000021 ) ) ;
#3526 = SURFACE_STYLE_FILL_AREA ( #3225 ) ;
#3527 = CARTESIAN_POINT ( 'NONE',  ( -0.2445389345482626986, 0.05269273686756346248, 0.01000000000000000021 ) ) ;
#3528 = ORIENTED_EDGE ( 'NONE', *, *, #2307, .F. ) ;
#3529 = CARTESIAN_POINT ( 'NONE',  ( 0.04122929755731759294, 0.06287875092849402880, 0.000000000000000000 ) ) ;
#3530 = CARTESIAN_POINT ( 'NONE',  ( 0.09061954145975661956, 0.07522631190410378199, 0.01000000000000000021 ) ) ;
#3531 = CARTESIAN_POINT ( 'NONE',  ( 0.000000000000000000, 0.000000000000000000, 0.000000000000000000 ) ) ;
#3532 = EDGE_CURVE ( 'NONE', #3747, #4085, #1734, .T. ) ;
#3533 = EDGE_LOOP ( 'NONE', ( #801, #3376, #755, #1309 ) ) ;
#3534 = CARTESIAN_POINT ( 'NONE',  ( -0.09695333117489036978, 0.06274904055424884719, 0.01000000000000000021 ) ) ;
#3535 = ORIENTED_EDGE ( 'NONE', *, *, #3854, .T. ) ;
#3536 = CARTESIAN_POINT ( 'NONE',  ( -0.1691365561012189711, 0.006228598489469635083, 0.01000000000000000021 ) ) ;
#3537 = CARTESIAN_POINT ( 'NONE',  ( 0.1317655995348870068, 0.06457861280940027648, 0.01000000000000000021 ) ) ;
#3538 = ORIENTED_EDGE ( 'NONE', *, *, #1617, .F. ) ;
#3539 = VECTOR ( 'NONE', #3505, 1000.000000000000000 ) ;
#3540 = ORIENTED_EDGE ( 'NONE', *, *, #1487, .T. ) ;
#3541 = PLANE ( 'NONE',  #619 ) ;
#3542 = CARTESIAN_POINT ( 'NONE',  ( 0.1037112043802230210, -0.05234718014972269268, 0.000000000000000000 ) ) ;
#3543 = MECHANICAL_DESIGN_GEOMETRIC_PRESENTATION_REPRESENTATION (  '', ( #1907 ), #437 ) ;
#3544 = LINE ( 'NONE', #711, #1914 ) ;
#3545 = MECHANICAL_DESIGN_GEOMETRIC_PRESENTATION_REPRESENTATION (  '', ( #4577 ), #2599 ) ;
#3546 = CARTESIAN_POINT ( 'NONE',  ( -0.9999999999999991118, -0.9999999999999995559, 0.6999999999999999556 ) ) ;
#3547 = CARTESIAN_POINT ( 'NONE',  ( -0.2467089646378043122, 0.06104948263581110729, 0.01000000000000000021 ) ) ;
#3548 = PRESENTATION_LAYER_ASSIGNMENT (  '', '', ( #3327 ) ) ;
#3549 = LINE ( 'NONE', #4567, #245 ) ;
#3550 = FACE_BOUND ( 'NONE', #569, .T. ) ;
#3551 = CARTESIAN_POINT ( 'NONE',  ( 0.000000000000000000, 0.000000000000000000, -0.02500000000000000139 ) ) ;
#3552 = PRESENTATION_STYLE_ASSIGNMENT (( #2132 ) ) ;
#3553 = EDGE_CURVE ( 'NONE', #3118, #4306, #864, .T. ) ;
#3554 = COLOUR_RGB ( '',1.000000000000000000, 1.000000000000000000, 1.000000000000000000 ) ;
#3555 = DIRECTION ( 'NONE',  ( 0.000000000000000000, -0.000000000000000000, 1.000000000000000000 ) ) ;
#3556 = ORIENTED_EDGE ( 'NONE', *, *, #1577, .F. ) ;
#3557 = CARTESIAN_POINT ( 'NONE',  ( 0.1291199225573175791, -0.05602368809589620968, 0.000000000000000000 ) ) ;
#3558 = CARTESIAN_POINT ( 'NONE',  ( -0.09206292279441162518, -0.07060588863093626710, -0.000000000000000000 ) ) ;
#3559 = ORIENTED_EDGE ( 'NONE', *, *, #3812, .T. ) ;
#3560 = SURFACE_STYLE_USAGE ( .BOTH. , #1627 ) ;
#3561 = CARTESIAN_POINT ( 'NONE',  ( 0.1999999999999999833, -0.9999999999999991118, 0.000000000000000000 ) ) ;
#3562 = EDGE_CURVE ( 'NONE', #2481, #2184, #3549, .T. ) ;
#3563 = DIRECTION ( 'NONE',  ( -3.614007241618349757E-16, 1.000000000000000000, 0.000000000000000000 ) ) ;
#3564 = ORIENTED_EDGE ( 'NONE', *, *, #428, .T. ) ;
#3565 =( GEOMETRIC_REPRESENTATION_CONTEXT ( 3 ) GLOBAL_UNCERTAINTY_ASSIGNED_CONTEXT ( ( #1929 ) ) GLOBAL_UNIT_ASSIGNED_CONTEXT ( ( #4474, #3751, #3449 ) ) REPRESENTATION_CONTEXT ( 'NONE', 'WORKASPACE' ) );
#3566 = ORIENTED_EDGE ( 'NONE', *, *, #860, .F. ) ;
#3567 = CARTESIAN_POINT ( 'NONE',  ( -0.2020633853695116278, -0.07065783443735962344, 0.01000000000000000021 ) ) ;
#3568 = EDGE_CURVE ( 'NONE', #4104, #1117, #1382, .T. ) ;
#3569 = AXIS2_PLACEMENT_3D ( 'NONE', #1171, #2267, #180 ) ;
#3570 = CARTESIAN_POINT ( 'NONE',  ( -0.1430028983775013807, -0.02478592019428117049, 0.000000000000000000 ) ) ;
#3571 = CARTESIAN_POINT ( 'NONE',  ( 0.04122929755731759294, -0.05419441980321328123, 0.01000000000000000021 ) ) ;
#3572 = FILL_AREA_STYLE ('',( #3177 ) ) ;
#3573 =( LENGTH_UNIT ( ) NAMED_UNIT ( * ) SI_UNIT ( .MILLI., .METRE. ) );
#3574 = SURFACE_STYLE_USAGE ( .BOTH. , #1357 ) ;
#3575 = VECTOR ( 'NONE', #2099, 1000.000000000000000 ) ;
#3576 = ORIENTED_EDGE ( 'NONE', *, *, #768, .F. ) ;
#3577 = CARTESIAN_POINT ( 'NONE',  ( -1.000000000000000000, 1.000000000000000000, 0.2000000000000000111 ) ) ;
#3578 = CARTESIAN_POINT ( 'NONE',  ( -0.06852680000365800328, 0.06287875092849402880, 0.01000000000000000021 ) ) ;
#3579 = CARTESIAN_POINT ( 'NONE',  ( 0.1948750820191068045, -0.03514325247035442190, 0.000000000000000000 ) ) ;
#3580 =( NAMED_UNIT ( * ) SI_UNIT ( $, .STERADIAN. ) SOLID_ANGLE_UNIT ( ) );
#3581 = ORIENTED_EDGE ( 'NONE', *, *, #1657, .F. ) ;
#3582 = CARTESIAN_POINT ( 'NONE',  ( 0.1348298601824192977, -0.05587652554954750800, 0.000000000000000000 ) ) ;
#3583 = ORIENTED_EDGE ( 'NONE', *, *, #1722, .F. ) ;
#3584 = PLANE ( 'NONE',  #1410 ) ;
#3585 = CARTESIAN_POINT ( 'NONE',  ( -0.1481516163375760642, -0.007525058293954786995, 6.776263578034402713E-18 ) ) ;
#3586 = DIRECTION ( 'NONE',  ( -0.000000000000000000, -0.000000000000000000, -1.000000000000000000 ) ) ;
#3587 = ADVANCED_FACE ( 'NONE', ( #3900 ), #353, .F. ) ;
#3588 = CARTESIAN_POINT ( 'NONE',  ( 0.06135124877682977124, -0.07065783443735962344, 0.01000000000000000021 ) ) ;
#3589 = CARTESIAN_POINT ( 'NONE',  ( 0.1552318576012311213, -0.04989786972018422223, 0.01000000000000000021 ) ) ;
#3590 = CARTESIAN_POINT ( 'NONE',  ( 0.1999999999999999833, -0.9999999999999991118, -0.02500000000000000139 ) ) ;
#3591 = PLANE ( 'NONE',  #3415 ) ;
#3592 = EDGE_LOOP ( 'NONE', ( #4564, #2145, #2119, #634 ) ) ;
#3593 = CARTESIAN_POINT ( 'NONE',  ( -1.000000000000000000, 1.000000000000000000, 0.000000000000000000 ) ) ;
#3594 = CARTESIAN_POINT ( 'NONE',  ( 0.09202705007600500697, -0.06366033164394113708, 0.01000000000000000021 ) ) ;
#3595 = ORIENTED_EDGE ( 'NONE', *, *, #1061, .F. ) ;
#3596 = CARTESIAN_POINT ( 'NONE',  ( -0.08982062622317016354, -0.05419441980321328123, 0.01000000000000000021 ) ) ;
#3597 = CARTESIAN_POINT ( 'NONE',  ( 0.1257472091426834471, 0.06470801922117695726, 6.776263578034402713E-18 ) ) ;
#3598 = CARTESIAN_POINT ( 'NONE',  ( 0.1259008372668228848, -0.07241683169790388841, 0.000000000000000000 ) ) ;
#3599 = DIRECTION ( 'NONE',  ( -1.084202172485504237E-15, -1.000000000000000000, 0.000000000000000000 ) ) ;
#3600 = ORIENTED_EDGE ( 'NONE', *, *, #1713, .T. ) ;
#3601 = B_SPLINE_SURFACE_WITH_KNOTS ( 'NONE', 3, 1, ( 
 ( #1497, #2921 ),
 ( #2584, #2561 ),
 ( #462, #2193 ),
 ( #3293, #63 ),
 ( #3244, #1469 ),
 ( #1150, #763 ),
 ( #810, #2222 ),
 ( #3963, #3988 ),
 ( #3611, #2900 ),
 ( #439, #1873 ),
 ( #121, #1129 ),
 ( #2173, #1845 ),
 ( #3589, #3268 ),
 ( #97, #4337 ),
 ( #416, #1040 ),
 ( #894, #3407 ),
 ( #1923, #3339 ),
 ( #240, #2649 ),
 ( #1268, #172 ) ),
 .UNSPECIFIED., .F., .F., .F.,
 ( 4, 1, 1, 1, 1, 1, 1, 1, 1, 1, 1, 1, 1, 1, 1, 1, 4 ),
 ( 2, 2 ),
 ( 0.000000000000000000, 0.07377411937406347375, 0.1440791147260412630, 0.2113485183089114094, 0.2760768857398837040, 0.3385209158196765267, 0.3998851166931335355, 0.4602540674652130792, 0.5205889643912476883, 0.5802076845630441682, 0.6386329085525456195, 0.6963645494905237321, 0.7540017746600127246, 0.8128056813744977127, 0.8727544255255601513, 0.9351819969782668718, 1.000000000000000000 ),
 ( 0.000000000000000000, 1.000000000000000000 ),
 .UNSPECIFIED. ) ;
#3602 = SURFACE_SIDE_STYLE ('',( #3929 ) ) ;
#3603 = ORIENTED_EDGE ( 'NONE', *, *, #331, .T. ) ;
#3604 = CARTESIAN_POINT ( 'NONE',  ( 1.000000000000000000, -1.000000000000000000, 0.000000000000000000 ) ) ;
#3605 = CARTESIAN_POINT ( 'NONE',  ( 0.2020117244501568043, 0.01014229557415417121, 0.01000000000000000021 ) ) ;
#3606 = ORIENTED_EDGE ( 'NONE', *, *, #3993, .T. ) ;
#3607 = FILL_AREA_STYLE ('',( #3887 ) ) ;
#3608 = CARTESIAN_POINT ( 'NONE',  ( 0.9999999999999991118, -0.9999999999999995559, 0.6999999999999999556 ) ) ;
#3609 = AXIS2_PLACEMENT_3D ( 'NONE', #4202, #23, #1015 ) ;
#3610 = CARTESIAN_POINT ( 'NONE',  ( 0.04122929755731759294, 0.06287875092849402880, 0.01000000000000000021 ) ) ;
#3611 = CARTESIAN_POINT ( 'NONE',  ( 0.1709551105355836820, -0.03607164994363434851, 0.01000000000000000021 ) ) ;
#3612 = ADVANCED_FACE ( 'NONE', ( #2834 ), #2938, .T. ) ;
#3613 = CARTESIAN_POINT ( 'NONE',  ( 0.1999999999999999833, 0.3999999999999999667, -0.02500000000000000139 ) ) ;
#3614 = CARTESIAN_POINT ( 'NONE',  ( -0.2490241323207310620, 0.05053118995288427562, 0.01000000000000000021 ) ) ;
#3615 = CARTESIAN_POINT ( 'NONE',  ( 0.1092182625949022351, -0.07015039137581392803, 6.776263578034402713E-18 ) ) ;
#3616 = EDGE_LOOP ( 'NONE', ( #700, #1444, #10, #3002 ) ) ;
#3617 = CARTESIAN_POINT ( 'NONE',  ( 0.1241643896862700824, 0.06468408813172613070, -0.000000000000000000 ) ) ;
#3618 = CARTESIAN_POINT ( 'NONE',  ( 0.2000000000000000944, 0.9999999999999995559, 0.000000000000000000 ) ) ;
#3619 = CARTESIAN_POINT ( 'NONE',  ( 0.1073878218327730116, 0.06235093800521622487, 0.01000000000000000021 ) ) ;
#3620 = SURFACE_SIDE_STYLE ('',( #2205 ) ) ;
#3621 = FILL_AREA_STYLE ('',( #798 ) ) ;
#3622 = ORIENTED_EDGE ( 'NONE', *, *, #4309, .F. ) ;
#3623 =( GEOMETRIC_REPRESENTATION_CONTEXT ( 3 ) GLOBAL_UNCERTAINTY_ASSIGNED_CONTEXT ( ( #2063 ) ) GLOBAL_UNIT_ASSIGNED_CONTEXT ( ( #1293, #3385, #1661 ) ) REPRESENTATION_CONTEXT ( 'NONE', 'WORKASPACE' ) );
#3624 = EDGE_CURVE ( 'NONE', #1057, #2014, #1925, .T. ) ;
#3625 = DIRECTION ( 'NONE',  ( 0.000000000000000000, -1.000000000000000000, -0.000000000000000000 ) ) ;
#3626 = ORIENTED_EDGE ( 'NONE', *, *, #2180, .T. ) ;
#3627 = PRESENTATION_LAYER_ASSIGNMENT (  '', '', ( #4295 ) ) ;
#3628 = CARTESIAN_POINT ( 'NONE',  ( 0.1637332933128197721, -0.04391950164719013450, 0.000000000000000000 ) ) ;
#3629 = CARTESIAN_POINT ( 'NONE',  ( 0.1273086094724541206, -0.05599990701378313590, 6.776263578034402713E-18 ) ) ;
#3630 = ORIENTED_EDGE ( 'NONE', *, *, #3234, .T. ) ;
#3631 = VECTOR ( 'NONE', #2213, 1000.000000000000000 ) ;
#3632 = CARTESIAN_POINT ( 'NONE',  ( -0.1430028983775013807, -0.02478592019428117049, 0.01000000000000000021 ) ) ;
#3633 = PRESENTATION_LAYER_ASSIGNMENT (  '', '', ( #1037 ) ) ;
#3634 = CARTESIAN_POINT ( 'NONE',  ( -0.3154780195158531364, -0.07065783443735962344, 0.000000000000000000 ) ) ;
#3635 = PLANE ( 'NONE',  #3317 ) ;
#3636 = EDGE_CURVE ( 'NONE', #3354, #4495, #3743, .T. ) ;
#3637 = STYLED_ITEM ( 'NONE', ( #3151 ), #3016 ) ;
#3638 = CARTESIAN_POINT ( 'NONE',  ( 0.2009954570972832533, 0.01849383933072406422, 0.000000000000000000 ) ) ;
#3639 = CARTESIAN_POINT ( 'NONE',  ( -0.2462230652475604631, 0.06104948263581110729, 0.01000000000000000021 ) ) ;
#3640 = B_SPLINE_SURFACE_WITH_KNOTS ( 'NONE', 3, 1, ( 
 ( #1545, #2345 ),
 ( #4424, #2700 ),
 ( #2972, #940 ),
 ( #4107, #3667 ),
 ( #2673, #3730 ),
 ( #3753, #556 ),
 ( #1570, #188 ),
 ( #3380, #3057 ),
 ( #4061, #3683 ),
 ( #4128, #2990 ),
 ( #4084, #1288 ) ),
 .UNSPECIFIED., .F., .F., .F.,
 ( 4, 1, 1, 1, 1, 1, 1, 1, 4 ),
 ( 2, 2 ),
 ( 0.000000000000000000, 0.1451868664724697833, 0.2834426109197299426, 0.4165243659288289657, 0.5431811235350828548, 0.6651530826377138883, 0.7813602063127152997, 0.8927566556418089494, 1.000000000000000000 ),
 ( 0.000000000000000000, 1.000000000000000000 ),
 .UNSPECIFIED. ) ;
#3641 = ORIENTED_EDGE ( 'NONE', *, *, #2569, .F. ) ;
#3642 = PRESENTATION_LAYER_ASSIGNMENT (  '', '', ( #1045 ) ) ;
#3643 = PLANE ( 'NONE',  #356 ) ;
#3644 = CARTESIAN_POINT ( 'NONE',  ( 0.1999999999999999833, 0.3999999999999999667, -0.02500000000000000139 ) ) ;
#3645 = AXIS2_PLACEMENT_3D ( 'NONE', #1455, #3231, #2879 ) ;
#3646 = VERTEX_POINT ( 'NONE', #2202 ) ;
#3647 = STYLED_ITEM ( 'NONE', ( #1555 ), #3857 ) ;
#3648 = EDGE_CURVE ( 'NONE', #3661, #123, #74, .T. ) ;
#3649 = VERTEX_POINT ( 'NONE', #4097 ) ;
#3650 = PRODUCT_DEFINITION_CONTEXT ( 'detailed design', #4233, 'design' ) ;
#3651 = FACE_OUTER_BOUND ( 'NONE', #2644, .T. ) ;
#3652 = CARTESIAN_POINT ( 'NONE',  ( 0.1820310089219862593, 0.005058469447965557343, 0.01000000000000000021 ) ) ;
#3653 = MECHANICAL_DESIGN_GEOMETRIC_PRESENTATION_REPRESENTATION (  '', ( #1054 ), #3287 ) ;
#3654 = ORIENTED_EDGE ( 'NONE', *, *, #79, .F. ) ;
#3655 = FILL_AREA_STYLE_COLOUR ( '', #2313 ) ;
#3656 = DIRECTION ( 'NONE',  ( -0.000000000000000000, -0.000000000000000000, 1.000000000000000000 ) ) ;
#3657 = EDGE_CURVE ( 'NONE', #1363, #1485, #930, .T. ) ;
#3658 = CARTESIAN_POINT ( 'NONE',  ( -0.09349103997946410505, 0.07928074176975301313, -0.000000000000000000 ) ) ;
#3659 = CARTESIAN_POINT ( 'NONE',  ( 0.1339426064093138802, 0.08098474364655010305, 0.000000000000000000 ) ) ;
#3660 = DIRECTION ( 'NONE',  ( 0.000000000000000000, 1.000000000000000000, 0.000000000000000000 ) ) ;
#3661 = VERTEX_POINT ( 'NONE', #2661 ) ;
#3662 =( NAMED_UNIT ( * ) SI_UNIT ( $, .STERADIAN. ) SOLID_ANGLE_UNIT ( ) );
#3663 = CARTESIAN_POINT ( 'NONE',  ( -0.2716041628085359982, -0.01212124907150596842, 0.000000000000000000 ) ) ;
#3664 =( LENGTH_UNIT ( ) NAMED_UNIT ( * ) SI_UNIT ( .MILLI., .METRE. ) );
#3665 = SURFACE_STYLE_USAGE ( .BOTH. , #552 ) ;
#3666 = CARTESIAN_POINT ( 'NONE',  ( 0.9999999999999991118, 0.9999999999999995559, 0.2000000000000000111 ) ) ;
#3667 = CARTESIAN_POINT ( 'NONE',  ( 0.1157749877790491960, 0.08082846579041116919, 6.776263578034402713E-18 ) ) ;
#3668 = VERTEX_POINT ( 'NONE', #818 ) ;
#3669 = VECTOR ( 'NONE', #504, 1000.000000000000000 ) ;
#3670 = CARTESIAN_POINT ( 'NONE',  ( 0.1291199225573175791, -0.05602368809589620968, 6.776263578034402713E-18 ) ) ;
#3671 = DIRECTION ( 'NONE',  ( -0.000000000000000000, -0.000000000000000000, -1.000000000000000000 ) ) ;
#3672 = LINE ( 'NONE', #1277, #1345 ) ;
#3673 = EDGE_CURVE ( 'NONE', #3825, #1605, #564, .T. ) ;
#3674 = LINE ( 'NONE', #3310, #2617 ) ;
#3675 = VECTOR ( 'NONE', #3996, 1000.000000000000000 ) ;
#3676 = LINE ( 'NONE', #2984, #2810 ) ;
#3677 = ORIENTED_EDGE ( 'NONE', *, *, #4346, .T. ) ;
#3678 = CARTESIAN_POINT ( 'NONE',  ( -0.1637071921949252440, -0.02519232325921996057, 0.01000000000000000021 ) ) ;
#3679 = FACE_OUTER_BOUND ( 'NONE', #2822, .T. ) ;
#3680 = VECTOR ( 'NONE', #2175, 1000.000000000000000 ) ;
#3681 =( LENGTH_UNIT ( ) NAMED_UNIT ( * ) SI_UNIT ( .MILLI., .METRE. ) );
#3682 = CARTESIAN_POINT ( 'NONE',  ( -0.6000000000000001998, -0.9999999999999991118, -0.02500000000000000139 ) ) ;
#3683 = CARTESIAN_POINT ( 'NONE',  ( 0.09424783659229746258, 0.07669911689190619941, 6.776263578034402713E-18 ) ) ;
#3684 = ORIENTED_EDGE ( 'NONE', *, *, #3465, .T. ) ;
#3685 =( GEOMETRIC_REPRESENTATION_CONTEXT ( 3 ) GLOBAL_UNCERTAINTY_ASSIGNED_CONTEXT ( ( #4481 ) ) GLOBAL_UNIT_ASSIGNED_CONTEXT ( ( #2023, #3442, #861 ) ) REPRESENTATION_CONTEXT ( 'NONE', 'WORKASPACE' ) );
#3686 = AXIS2_PLACEMENT_3D ( 'NONE', #3369, #197, #3741 ) ;
#3687 = EDGE_CURVE ( 'NONE', #1742, #2431, #3046, .T. ) ;
#3688 = UNCERTAINTY_MEASURE_WITH_UNIT (LENGTH_MEASURE( 1.000000000000000082E-05 ), #2194, 'distance_accuracy_value', 'NONE');
#3689 = FILL_AREA_STYLE_COLOUR ( '', #4437 ) ;
#3690 = FACE_OUTER_BOUND ( 'NONE', #3903, .T. ) ;
#3691 = VECTOR ( 'NONE', #4323, 1000.000000000000000 ) ;
#3692 =( LENGTH_UNIT ( ) NAMED_UNIT ( * ) SI_UNIT ( .MILLI., .METRE. ) );
#3693 = MECHANICAL_DESIGN_GEOMETRIC_PRESENTATION_REPRESENTATION (  '', ( #4008 ), #376 ) ;
#3694 = VECTOR ( 'NONE', #1947, 1000.000000000000000 ) ;
#3695 = DIRECTION ( 'NONE',  ( 0.000000000000000000, -0.000000000000000000, -1.000000000000000000 ) ) ;
#3696 = EDGE_CURVE ( 'NONE', #323, #3863, #2231, .T. ) ;
#3697 = CARTESIAN_POINT ( 'NONE',  ( -1.000000000000000000, 1.000000000000000000, 0.2000000000000000111 ) ) ;
#3698 = CARTESIAN_POINT ( 'NONE',  ( 0.1375888211916123371, 0.06373713835658362248, 0.01000000000000000021 ) ) ;
#3699 = EDGE_CURVE ( 'NONE', #2767, #687, #446, .T. ) ;
#3700 = ORIENTED_EDGE ( 'NONE', *, *, #1347, .F. ) ;
#3701 = DIRECTION ( 'NONE',  ( -0.000000000000000000, -0.000000000000000000, -1.000000000000000000 ) ) ;
#3702 = DIRECTION ( 'NONE',  ( 1.000000000000000000, -0.000000000000000000, -0.000000000000000000 ) ) ;
#3703 = CARTESIAN_POINT ( 'NONE',  ( 0.1915662997325456585, -0.04127296311445588506, 0.01000000000000000021 ) ) ;
#3704 =( NAMED_UNIT ( * ) SI_UNIT ( $, .STERADIAN. ) SOLID_ANGLE_UNIT ( ) );
#3705 = ORIENTED_EDGE ( 'NONE', *, *, #3144, .T. ) ;
#3706 =( GEOMETRIC_REPRESENTATION_CONTEXT ( 3 ) GLOBAL_UNCERTAINTY_ASSIGNED_CONTEXT ( ( #3285 ) ) GLOBAL_UNIT_ASSIGNED_CONTEXT ( ( #1881, #3338, #128 ) ) REPRESENTATION_CONTEXT ( 'NONE', 'WORKASPACE' ) );
#3707 = ADVANCED_FACE ( 'NONE', ( #1137 ), #1879, .F. ) ;
#3708 = CARTESIAN_POINT ( 'NONE',  ( 0.04122929755731759294, 0.06287875092849402880, 0.000000000000000000 ) ) ;
#3709 = EDGE_CURVE ( 'NONE', #3092, #3102, #3167, .T. ) ;
#3710 = PRESENTATION_STYLE_ASSIGNMENT (( #2615 ) ) ;
#3711 = EDGE_CURVE ( 'NONE', #3075, #4263, #3065, .T. ) ;
#3712 = MECHANICAL_DESIGN_GEOMETRIC_PRESENTATION_REPRESENTATION (  '', ( #3041 ), #4086 ) ;
#3713 = CARTESIAN_POINT ( 'NONE',  ( -0.1428483609846913083, 0.03584708877403599420, 6.776263578034402713E-18 ) ) ;
#3714 = CARTESIAN_POINT ( 'NONE',  ( 0.1902084849311027892, 0.04754311917257111192, 0.01000000000000000021 ) ) ;
#3715 = STYLED_ITEM ( 'NONE', ( #2443 ), #3587 ) ;
#3716 = FILL_AREA_STYLE ('',( #2263 ) ) ;
#3717 = VECTOR ( 'NONE', #1818, 1000.000000000000000 ) ;
#3718 = CARTESIAN_POINT ( 'NONE',  ( 0.1664760636699978147, 0.04800193078701524979, 0.000000000000000000 ) ) ;
#3719 = FILL_AREA_STYLE ('',( #4075 ) ) ;
#3720 = PLANE ( 'NONE',  #3918 ) ;
#3721 = CARTESIAN_POINT ( 'NONE',  ( -0.1468649303277140272, -0.04975787346999463456, 0.01000000000000000021 ) ) ;
#3722 = EDGE_CURVE ( 'NONE', #1416, #2184, #252, .T. ) ;
#3723 = ORIENTED_EDGE ( 'NONE', *, *, #3648, .T. ) ;
#3724 = VERTEX_POINT ( 'NONE', #1027 ) ;
#3725 = CARTESIAN_POINT ( 'NONE',  ( -0.1566543203288393582, -0.03836266111513166044, 0.01000000000000000021 ) ) ;
#3726 = COLOUR_RGB ( '',0.9686274509803921573, 0.8784313725490195957, 0.5999999999999999778 ) ;
#3727 = SURFACE_STYLE_USAGE ( .BOTH. , #1653 ) ;
#3728 = CARTESIAN_POINT ( 'NONE',  ( -0.1661405381450021812, 0.02934761246862650427, 1.016439536705160407E-17 ) ) ;
#3729 = PLANE ( 'NONE',  #4379 ) ;
#3730 = CARTESIAN_POINT ( 'NONE',  ( 0.1110128962098437394, 0.08039590948268725279, 6.776263578034402713E-18 ) ) ;
#3731 = ORIENTED_EDGE ( 'NONE', *, *, #3970, .T. ) ;
#3732 = B_SPLINE_CURVE_WITH_KNOTS ( 'NONE', 3,
 ( #3150, #370, #1081, #2871, #4563, #39, #3542, #3873, #4194, #4543, #3841 ),
 .UNSPECIFIED., .F., .F.,
 ( 4, 1, 1, 1, 1, 1, 1, 1, 4 ),
 ( 0.000000000000000000, 0.1352946047634291660, 0.2667656579247484339, 0.3948160188358723621, 0.5200516544342456138, 0.6421757029708219378, 0.7626518205584231769, 0.8818340043805017459, 1.000000000000000000 ),
 .UNSPECIFIED. ) ;
#3733 = CARTESIAN_POINT ( 'NONE',  ( -0.1199018994352993306, -0.04811857738962169867, 0.01000000000000000021 ) ) ;
#3734 = SHAPE_DEFINITION_REPRESENTATION ( #1191, #1919 ) ;
#3735 = DIRECTION ( 'NONE',  ( 1.000000000000000000, 0.000000000000000000, 0.000000000000000000 ) ) ;
#3736 =( LENGTH_UNIT ( ) NAMED_UNIT ( * ) SI_UNIT ( .MILLI., .METRE. ) );
#3737 = UNCERTAINTY_MEASURE_WITH_UNIT (LENGTH_MEASURE( 1.000000000000000082E-05 ), #714, 'distance_accuracy_value', 'NONE');
#3738 = CARTESIAN_POINT ( 'NONE',  ( -0.1287977602113476727, 0.05197172643136865194, 0.01000000000000000021 ) ) ;
#3739 = CARTESIAN_POINT ( 'NONE',  ( -0.2488369465522224100, 0.05112966512085080628, 6.776263578034402713E-18 ) ) ;
#3740 = CARTESIAN_POINT ( 'NONE',  ( 0.000000000000000000, 0.000000000000000000, 0.000000000000000000 ) ) ;
#3741 = DIRECTION ( 'NONE',  ( -1.000000000000000000, 0.000000000000000000, -0.000000000000000000 ) ) ;
#3742 = DIRECTION ( 'NONE',  ( 0.000000000000000000, -1.000000000000000000, 0.000000000000000000 ) ) ;
#3743 = LINE ( 'NONE', #4439, #893 ) ;
#3744 = DIRECTION ( 'NONE',  ( -0.000000000000000000, -0.000000000000000000, 1.000000000000000000 ) ) ;
#3745 = ORIENTED_EDGE ( 'NONE', *, *, #4539, .F. ) ;
#3746 = ORIENTED_EDGE ( 'NONE', *, *, #113, .T. ) ;
#3747 = VERTEX_POINT ( 'NONE', #2425 ) ;
#3748 = FACE_OUTER_BOUND ( 'NONE', #1739, .T. ) ;
#3749 = CARTESIAN_POINT ( 'NONE',  ( -0.1029153347222405979, -0.05329338389731126668, 0.000000000000000000 ) ) ;
#3750 = CARTESIAN_POINT ( 'NONE',  ( -0.09349103997946410505, 0.07928074176975301313, 1.016439536705160407E-17 ) ) ;
#3751 =( NAMED_UNIT ( * ) PLANE_ANGLE_UNIT ( ) SI_UNIT ( $, .RADIAN. ) );
#3752 = VERTEX_POINT ( 'NONE', #3462 ) ;
#3753 = CARTESIAN_POINT ( 'NONE',  ( 0.1064767085087575532, 0.07972141622229832192, 0.01000000000000000021 ) ) ;
#3754 = VERTEX_POINT ( 'NONE', #4187 ) ;
#3755 = AXIS2_PLACEMENT_3D ( 'NONE', #468, #1177, #1542 ) ;
#3756 = DIRECTION ( 'NONE',  ( 1.807003620809172610E-15, -1.000000000000000000, -0.000000000000000000 ) ) ;
#3757 = LINE ( 'NONE', #4479, #3202 ) ;
#3758 = SURFACE_STYLE_USAGE ( .BOTH. , #581 ) ;
#3759 = ADVANCED_FACE ( 'NONE', ( #2452 ), #3805, .F. ) ;
#3760 = CARTESIAN_POINT ( 'NONE',  ( -0.9999999999999997780, -0.9999999999999991118, 0.000000000000000000 ) ) ;
#3761 = VECTOR ( 'NONE', #3500, 1000.000000000000000 ) ;
#3762 = EDGE_CURVE ( 'NONE', #1439, #2056, #956, .T. ) ;
#3763 = MECHANICAL_DESIGN_GEOMETRIC_PRESENTATION_REPRESENTATION (  '', ( #2434 ), #2656 ) ;
#3764 = CARTESIAN_POINT ( 'NONE',  ( -0.1468805621397740457, 0.02508412576055414275, 0.01000000000000000021 ) ) ;
#3765 = VECTOR ( 'NONE', #870, 1000.000000000000000 ) ;
#3766 = DIRECTION ( 'NONE',  ( -1.000000000000000000, 0.000000000000000000, 0.000000000000000000 ) ) ;
#3767 = CARTESIAN_POINT ( 'NONE',  ( 0.2918390536548785552, -0.07065783443735962344, 0.000000000000000000 ) ) ;
#3768 = FILL_AREA_STYLE ('',( #1629 ) ) ;
#3769 = ORIENTED_EDGE ( 'NONE', *, *, #4539, .T. ) ;
#3770 = VERTEX_POINT ( 'NONE', #297 ) ;
#3771 = CARTESIAN_POINT ( 'NONE',  ( -0.1520850290467666566, 0.05443150924966363297, 1.016439536705160407E-17 ) ) ;
#3772 = STYLED_ITEM ( 'NONE', ( #137 ), #2397 ) ;
#3773 = VECTOR ( 'NONE', #2618, 1000.000000000000000 ) ;
#3774 = CARTESIAN_POINT ( 'NONE',  ( 0.2717171024353663977, 0.07934216556264037101, 0.000000000000000000 ) ) ;
#3775 = VERTEX_POINT ( 'NONE', #682 ) ;
#3776 = CARTESIAN_POINT ( 'NONE',  ( -0.2440488642028851296, 0.05121487165389858320, 0.01000000000000000021 ) ) ;
#3777 = ORIENTED_EDGE ( 'NONE', *, *, #674, .T. ) ;
#3778 = AXIS2_PLACEMENT_3D ( 'NONE', #3666, #633, #4510 ) ;
#3779 = FACE_OUTER_BOUND ( 'NONE', #635, .T. ) ;
#3780 = DIRECTION ( 'NONE',  ( -1.000000000000000000, -0.000000000000000000, -0.000000000000000000 ) ) ;
#3781 = UNCERTAINTY_MEASURE_WITH_UNIT (LENGTH_MEASURE( 1.000000000000000082E-05 ), #1549, 'distance_accuracy_value', 'NONE');
#3782 = CARTESIAN_POINT ( 'NONE',  ( 0.1752136103728707539, 0.06448061551889758269, 0.01000000000000000021 ) ) ;
#3783 = AXIS2_PLACEMENT_3D ( 'NONE', #3531, #48, #1044 ) ;
#3784 = CARTESIAN_POINT ( 'NONE',  ( -0.1801121658573165418, -0.07065783443735962344, 0.01000000000000000021 ) ) ;
#3785 = FACE_OUTER_BOUND ( 'NONE', #1079, .T. ) ;
#3786 = COLOUR_RGB ( '',1.000000000000000000, 1.000000000000000000, 1.000000000000000000 ) ;
#3787 = AXIS2_PLACEMENT_3D ( 'NONE', #2998, #1532, #139 ) ;
#3788 = EDGE_CURVE ( 'NONE', #2184, #4548, #999, .T. ) ;
#3789 = CARTESIAN_POINT ( 'NONE',  ( -0.1999999999999999833, -0.9999999999999991118, -0.02500000000000000139 ) ) ;
#3790 = CARTESIAN_POINT ( 'NONE',  ( -0.09064951341829213805, 0.06287875092849402880, 0.01000000000000000021 ) ) ;
#3791 = ORIENTED_EDGE ( 'NONE', *, *, #884, .F. ) ;
#3792 = ORIENTED_EDGE ( 'NONE', *, *, #194, .F. ) ;
#3793 = SURFACE_STYLE_USAGE ( .BOTH. , #1304 ) ;
#3794 = CARTESIAN_POINT ( 'NONE',  ( -0.09064951341829213805, 0.06287875092849402880, 0.000000000000000000 ) ) ;
#3795 =( NAMED_UNIT ( * ) SI_UNIT ( $, .STERADIAN. ) SOLID_ANGLE_UNIT ( ) );
#3796 = ORIENTED_EDGE ( 'NONE', *, *, #2265, .F. ) ;
#3797 = CARTESIAN_POINT ( 'NONE',  ( 0.1820829560939029590, 0.002741555806542805319, 0.01000000000000000021 ) ) ;
#3798 = VERTEX_POINT ( 'NONE', #1392 ) ;
#3799 = LINE ( 'NONE', #2717, #3936 ) ;
#3800 = CARTESIAN_POINT ( 'NONE',  ( -0.08919181524756045198, -0.07065783443735962344, 0.01000000000000000021 ) ) ;
#3801 = VECTOR ( 'NONE', #1844, 1000.000000000000000 ) ;
#3802 = CARTESIAN_POINT ( 'NONE',  ( -1.000000000000000000, 1.000000000000000000, 0.2000000000000000111 ) ) ;
#3803 = CARTESIAN_POINT ( 'NONE',  ( -0.1242982110435537080, 0.05490899195408623784, 0.01000000000000000021 ) ) ;
#3804 = CARTESIAN_POINT ( 'NONE',  ( -0.1605583792783887298, -0.03200737456163762346, 0.000000000000000000 ) ) ;
#3805 = PLANE ( 'NONE',  #1493 ) ;
#3806 = DIRECTION ( 'NONE',  ( -1.000000000000000000, 0.000000000000000000, -0.000000000000000000 ) ) ;
#3807 = CARTESIAN_POINT ( 'NONE',  ( -0.5999999999999999778, 0.9999999999999995559, -0.02500000000000000139 ) ) ;
#3808 = PRESENTATION_STYLE_ASSIGNMENT (( #2046 ) ) ;
#3809 = ORIENTED_EDGE ( 'NONE', *, *, #2321, .T. ) ;
#3810 = ORIENTED_EDGE ( 'NONE', *, *, #3854, .F. ) ;
#3811 = CARTESIAN_POINT ( 'NONE',  ( -0.08919181524756045198, -0.07065783443735962344, 1.016439536705160407E-17 ) ) ;
#3812 = EDGE_CURVE ( 'NONE', #320, #2757, #2723, .T. ) ;
#3813 = DIRECTION ( 'NONE',  ( 0.000000000000000000, 1.000000000000000000, 0.000000000000000000 ) ) ;
#3814 = CARTESIAN_POINT ( 'NONE',  ( 0.1064767085087575532, 0.07972141622229832192, 0.000000000000000000 ) ) ;
#3815 = EDGE_CURVE ( 'NONE', #916, #2006, #973, .T. ) ;
#3816 = CARTESIAN_POINT ( 'NONE',  ( 0.06135124877682977124, 0.07934216556264037101, 0.000000000000000000 ) ) ;
#3817 = ORIENTED_EDGE ( 'NONE', *, *, #2640, .F. ) ;
#3818 = CARTESIAN_POINT ( 'NONE',  ( 0.1456056916419300740, -0.05389697863136090616, 0.01000000000000000021 ) ) ;
#3819 = SURFACE_STYLE_FILL_AREA ( #2466 ) ;
#3820 = SURFACE_STYLE_USAGE ( .BOTH. , #2414 ) ;
#3821 = UNCERTAINTY_MEASURE_WITH_UNIT (LENGTH_MEASURE( 1.000000000000000082E-05 ), #1969, 'distance_accuracy_value', 'NONE');
#3822 = FACE_OUTER_BOUND ( 'NONE', #3399, .T. ) ;
#3823 = ADVANCED_FACE ( 'NONE', ( #1842 ), #3584, .T. ) ;
#3824 =( NAMED_UNIT ( * ) SI_UNIT ( $, .STERADIAN. ) SOLID_ANGLE_UNIT ( ) );
#3825 = VERTEX_POINT ( 'NONE', #2918 ) ;
#3826 = VECTOR ( 'NONE', #3205, 1000.000000000000000 ) ;
#3827 = LINE ( 'NONE', #2040, #503 ) ;
#3828 = PLANE ( 'NONE',  #2293 ) ;
#3829 = VECTOR ( 'NONE', #436, 1000.000000000000000 ) ;
#3830 = EDGE_LOOP ( 'NONE', ( #3700, #130, #4129, #144 ) ) ;
#3831 = CARTESIAN_POINT ( 'NONE',  ( 0.9999999999999991118, 0.9999999999999995559, 0.000000000000000000 ) ) ;
#3832 = DIRECTION ( 'NONE',  ( 0.000000000000000000, -1.000000000000000000, 0.000000000000000000 ) ) ;
#3833 = SURFACE_STYLE_FILL_AREA ( #3197 ) ;
#3834 = CARTESIAN_POINT ( 'NONE',  ( 0.1344962665461403584, -0.07242902916731486229, 0.01000000000000000021 ) ) ;
#3835 = ORIENTED_EDGE ( 'NONE', *, *, #3687, .T. ) ;
#3836 = MECHANICAL_DESIGN_GEOMETRIC_PRESENTATION_REPRESENTATION (  '', ( #950 ), #1172 ) ;
#3837 = ORIENTED_EDGE ( 'NONE', *, *, #1366, .T. ) ;
#3838 = EDGE_CURVE ( 'NONE', #2481, #2944, #756, .T. ) ;
#3839 = SURFACE_SIDE_STYLE ('',( #616 ) ) ;
#3840 = EDGE_CURVE ( 'NONE', #1605, #4530, #1053, .T. ) ;
#3841 = CARTESIAN_POINT ( 'NONE',  ( 0.09061954145975661956, -0.04642002955931084224, 3.388131789017201356E-18 ) ) ;
#3842 = AXIS2_PLACEMENT_3D ( 'NONE', #1475, #3230, #1198 ) ;
#3843 = CARTESIAN_POINT ( 'NONE',  ( 0.09061954145975661956, 0.07522631190410378199, 0.000000000000000000 ) ) ;
#3844 = LINE ( 'NONE', #2436, #384 ) ;
#3845 = CARTESIAN_POINT ( 'NONE',  ( -0.1143051193319842146, 0.05940187691206784415, 0.01000000000000000021 ) ) ;
#3846 = EDGE_LOOP ( 'NONE', ( #4512, #1525, #1631, #640 ) ) ;
#3847 = DIRECTION ( 'NONE',  ( 0.000000000000000000, 1.000000000000000000, 0.000000000000000000 ) ) ;
#3848 = CARTESIAN_POINT ( 'NONE',  ( 0.2918390536548785552, 0.07934216556264037101, 0.01000000000000000021 ) ) ;
#3849 = FACE_OUTER_BOUND ( 'NONE', #2600, .T. ) ;
#3850 = PRESENTATION_LAYER_ASSIGNMENT (  '', '', ( #4073 ) ) ;
#3851 =( NAMED_UNIT ( * ) SI_UNIT ( $, .STERADIAN. ) SOLID_ANGLE_UNIT ( ) );
#3852 = CARTESIAN_POINT ( 'NONE',  ( -0.2462230652475604631, 0.06104948263581110729, 0.01000000000000000021 ) ) ;
#3853 = DIRECTION ( 'NONE',  ( -0.000000000000000000, -0.000000000000000000, -1.000000000000000000 ) ) ;
#3854 = EDGE_CURVE ( 'NONE', #1371, #2667, #88, .T. ) ;
#3855 =( GEOMETRIC_REPRESENTATION_CONTEXT ( 3 ) GLOBAL_UNCERTAINTY_ASSIGNED_CONTEXT ( ( #2350 ) ) GLOBAL_UNIT_ASSIGNED_CONTEXT ( ( #2709, #2378, #2778 ) ) REPRESENTATION_CONTEXT ( 'NONE', 'WORKASPACE' ) );
#3856 = ADVANCED_FACE ( 'NONE', ( #2555 ), #2167, .F. ) ;
#3857 = ADVANCED_FACE ( 'NONE', ( #3367 ), #4071, .T. ) ;
#3858 = SURFACE_STYLE_FILL_AREA ( #4529 ) ;
#3859 = ORIENTED_EDGE ( 'NONE', *, *, #1626, .F. ) ;
#3860 = PRESENTATION_LAYER_ASSIGNMENT (  '', '', ( #162 ) ) ;
#3861 = CARTESIAN_POINT ( 'NONE',  ( -0.1194546841145145283, 0.05737523800670613766, 0.01000000000000000021 ) ) ;
#3862 = VECTOR ( 'NONE', #3735, 1000.000000000000000 ) ;
#3863 = VERTEX_POINT ( 'NONE', #1227 ) ;
#3864 = DIRECTION ( 'NONE',  ( -1.000000000000000000, 0.000000000000000000, 0.000000000000000000 ) ) ;
#3865 = VECTOR ( 'NONE', #3060, 1000.000000000000000 ) ;
#3866 = CARTESIAN_POINT ( 'NONE',  ( -0.9999999999999997780, -0.9999999999999991118, 0.2000000000000000111 ) ) ;
#3867 = CARTESIAN_POINT ( 'NONE',  ( 0.1257472091426834471, 0.06470801922117695726, 0.01000000000000000021 ) ) ;
#3868 = CARTESIAN_POINT ( 'NONE',  ( 0.1470272750257143879, -0.07136017695363236490, 0.01000000000000000021 ) ) ;
#3869 = ORIENTED_EDGE ( 'NONE', *, *, #184, .F. ) ;
#3870 = ORIENTED_EDGE ( 'NONE', *, *, #760, .T. ) ;
#3871 =( GEOMETRIC_REPRESENTATION_CONTEXT ( 3 ) GLOBAL_UNCERTAINTY_ASSIGNED_CONTEXT ( ( #3363 ) ) GLOBAL_UNIT_ASSIGNED_CONTEXT ( ( #3692, #4029, #2243 ) ) REPRESENTATION_CONTEXT ( 'NONE', 'WORKASPACE' ) );
#3872 = FILL_AREA_STYLE ('',( #2461 ) ) ;
#3873 = CARTESIAN_POINT ( 'NONE',  ( 0.09916513143255287210, -0.05067107098361687406, 0.000000000000000000 ) ) ;
#3874 = LINE ( 'NONE', #690, #1176 ) ;
#3875 = ADVANCED_FACE ( 'NONE', ( #4434 ), #2329, .F. ) ;
#3876 = VECTOR ( 'NONE', #2299, 1000.000000000000000 ) ;
#3877 = CARTESIAN_POINT ( 'NONE',  ( 0.1675328755659732383, -0.04020915383066799714, 0.01000000000000000021 ) ) ;
#3878 = CARTESIAN_POINT ( 'NONE',  ( -0.2473007727293121683, 0.05776869859184608630, 0.01000000000000000021 ) ) ;
#3879 = CARTESIAN_POINT ( 'NONE',  ( -0.6000000000000003109, -0.3999999999999995226, -0.02500000000000000139 ) ) ;
#3880 = FACE_OUTER_BOUND ( 'NONE', #1262, .T. ) ;
#3881 = CARTESIAN_POINT ( 'NONE',  ( 0.2717171024353663977, 0.07934216556264037101, 0.01000000000000000021 ) ) ;
#3882 =( NAMED_UNIT ( * ) SI_UNIT ( $, .STERADIAN. ) SOLID_ANGLE_UNIT ( ) );
#3883 = ORIENTED_EDGE ( 'NONE', *, *, #2171, .F. ) ;
#3884 = FILL_AREA_STYLE_COLOUR ( '', #1679 ) ;
#3885 = PLANE ( 'NONE',  #4514 ) ;
#3886 = ORIENTED_EDGE ( 'NONE', *, *, #609, .T. ) ;
#3887 = FILL_AREA_STYLE_COLOUR ( '', #107 ) ;
#3888 = CARTESIAN_POINT ( 'NONE',  ( 1.000000000000000000, -1.000000000000000000, 0.000000000000000000 ) ) ;
#3889 = LINE ( 'NONE', #1443, #1406 ) ;
#3890 = VERTEX_POINT ( 'NONE', #1909 ) ;
#3891 = ORIENTED_EDGE ( 'NONE', *, *, #93, .F. ) ;
#3892 = DIRECTION ( 'NONE',  ( -1.807003620809175125E-16, -1.000000000000000000, 0.000000000000000000 ) ) ;
#3893 = CARTESIAN_POINT ( 'NONE',  ( -0.1489628374786472753, 0.003492482507773138518, -0.000000000000000000 ) ) ;
#3894 = ADVANCED_FACE ( 'NONE', ( #2980 ), #4397, .T. ) ;
#3895 =( LENGTH_UNIT ( ) NAMED_UNIT ( * ) SI_UNIT ( .MILLI., .METRE. ) );
#3896 = SURFACE_STYLE_USAGE ( .BOTH. , #1062 ) ;
#3897 =( NAMED_UNIT ( * ) PLANE_ANGLE_UNIT ( ) SI_UNIT ( $, .RADIAN. ) );
#3898 = CARTESIAN_POINT ( 'NONE',  ( -0.2488369465522224100, 0.05112966512085080628, -0.000000000000000000 ) ) ;
#3899 = CARTESIAN_POINT ( 'NONE',  ( -1.000000000000000000, 1.000000000000000000, -0.02500000000000000139 ) ) ;
#3900 = FACE_OUTER_BOUND ( 'NONE', #4219, .T. ) ;
#3901 = CARTESIAN_POINT ( 'NONE',  ( 0.2717171024353663977, -0.05419441980321328123, 0.01000000000000000021 ) ) ;
#3902 = PLANE ( 'NONE',  #4392 ) ;
#3903 = EDGE_LOOP ( 'NONE', ( #3433, #4103, #2845, #4331 ) ) ;
#3904 = CARTESIAN_POINT ( 'NONE',  ( -1.000000000000000000, 0.4000000000000000777, -0.02500000000000000139 ) ) ;
#3905 = CARTESIAN_POINT ( 'NONE',  ( -0.1691365561012189711, 0.006228598489469635083, 0.000000000000000000 ) ) ;
#3906 = EDGE_CURVE ( 'NONE', #3890, #3075, #1578, .T. ) ;
#3907 = VERTEX_POINT ( 'NONE', #878 ) ;
#3908 = PRESENTATION_LAYER_ASSIGNMENT (  '', '', ( #2208 ) ) ;
#3909 = SURFACE_SIDE_STYLE ('',( #1123 ) ) ;
#3910 = DIRECTION ( 'NONE',  ( 1.807003620809175125E-16, -1.000000000000000000, 0.000000000000000000 ) ) ;
#3911 = CARTESIAN_POINT ( 'NONE',  ( 0.1484056548666715936, 0.06063563987990895632, 0.01000000000000000021 ) ) ;
#3912 =( NAMED_UNIT ( * ) SI_UNIT ( $, .STERADIAN. ) SOLID_ANGLE_UNIT ( ) );
#3913 = ORIENTED_EDGE ( 'NONE', *, *, #531, .F. ) ;
#3914 = VECTOR ( 'NONE', #3832, 1000.000000000000000 ) ;
#3915 = ORIENTED_EDGE ( 'NONE', *, *, #860, .T. ) ;
#3916 = CARTESIAN_POINT ( 'NONE',  ( -0.1468805621397740457, 0.02508412576055414275, 0.000000000000000000 ) ) ;
#3917 = CARTESIAN_POINT ( 'NONE',  ( 0.1417335011279685641, 0.07992755438785445476, 0.01000000000000000021 ) ) ;
#3918 = AXIS2_PLACEMENT_3D ( 'NONE', #2802, #1393, #3806 ) ;
#3919 = PRESENTATION_STYLE_ASSIGNMENT (( #4588 ) ) ;
#3920 = DIRECTION ( 'NONE',  ( 0.9417224702971437322, 0.3363908276654480889, -0.000000000000000000 ) ) ;
#3921 =( GEOMETRIC_REPRESENTATION_CONTEXT ( 3 ) GLOBAL_UNCERTAINTY_ASSIGNED_CONTEXT ( ( #3821 ) ) GLOBAL_UNIT_ASSIGNED_CONTEXT ( ( #1969, #644, #1019 ) ) REPRESENTATION_CONTEXT ( 'NONE', 'WORKASPACE' ) );
#3922 = LINE ( 'NONE', #1783, #3014 ) ;
#3923 = CARTESIAN_POINT ( 'NONE',  ( 1.000000000000000000, -1.000000000000000000, -0.02500000000000000139 ) ) ;
#3924 = EDGE_LOOP ( 'NONE', ( #3129, #2932, #655, #401 ) ) ;
#3925 = PRESENTATION_STYLE_ASSIGNMENT (( #3274 ) ) ;
#3926 = CARTESIAN_POINT ( 'NONE',  ( -0.09073526036951164164, 0.07934216556264037101, 0.000000000000000000 ) ) ;
#3927 = CARTESIAN_POINT ( 'NONE',  ( -0.06852680000365800328, -0.05419441980321328123, 0.01000000000000000021 ) ) ;
#3928 = SURFACE_STYLE_FILL_AREA ( #3621 ) ;
#3929 = SURFACE_STYLE_FILL_AREA ( #1484 ) ;
#3930 = ORIENTED_EDGE ( 'NONE', *, *, #3215, .F. ) ;
#3931 = EDGE_CURVE ( 'NONE', #3775, #293, #1715, .T. ) ;
#3932 = DIRECTION ( 'NONE',  ( -0.000000000000000000, -0.000000000000000000, -1.000000000000000000 ) ) ;
#3933 = CARTESIAN_POINT ( 'NONE',  ( 0.1084547434768734081, -0.05368158057722197118, 0.01000000000000000021 ) ) ;
#3934 = ORIENTED_EDGE ( 'NONE', *, *, #1391, .T. ) ;
#3935 = STYLED_ITEM ( 'NONE', ( #109 ), #2625 ) ;
#3936 = VECTOR ( 'NONE', #3756, 1000.000000000000000 ) ;
#3937 = CARTESIAN_POINT ( 'NONE',  ( -0.1678692602678453216, 0.02201759877655294628, 0.01000000000000000021 ) ) ;
#3938 = LINE ( 'NONE', #2624, #2210 ) ;
#3939 = CARTESIAN_POINT ( 'NONE',  ( 0.1782834784084160740, 0.02825613707184408338, 0.01000000000000000021 ) ) ;
#3940 = CARTESIAN_POINT ( 'NONE',  ( 0.09061954145975661956, 0.07522631190410378199, 0.01000000000000000021 ) ) ;
#3941 = CARTESIAN_POINT ( 'NONE',  ( -0.1566483471831390251, 0.04879830820021203303, 0.000000000000000000 ) ) ;
#3942 = MECHANICAL_DESIGN_GEOMETRIC_PRESENTATION_REPRESENTATION (  '', ( #2830 ), #1258 ) ;
#3943 = FACE_OUTER_BOUND ( 'NONE', #2250, .T. ) ;
#3944 = LINE ( 'NONE', #326, #1614 ) ;
#3945 =( NAMED_UNIT ( * ) SI_UNIT ( $, .STERADIAN. ) SOLID_ANGLE_UNIT ( ) );
#3946 = CARTESIAN_POINT ( 'NONE',  ( 0.2000000000000000944, 0.9999999999999995559, -0.02500000000000000139 ) ) ;
#3947 = CARTESIAN_POINT ( 'NONE',  ( 0.09486248111187087217, -0.06522537413323567512, 6.776263578034402713E-18 ) ) ;
#3948 = VERTEX_POINT ( 'NONE', #3784 ) ;
#3949 = FILL_AREA_STYLE_COLOUR ( '', #737 ) ;
#3950 = LINE ( 'NONE', #2092, #2520 ) ;
#3951 = DIRECTION ( 'NONE',  ( -1.000000000000000000, 0.000000000000000000, 0.000000000000000000 ) ) ;
#3952 = SURFACE_STYLE_FILL_AREA ( #1180 ) ;
#3953 = VERTEX_POINT ( 'NONE', #3136 ) ;
#3954 = DIRECTION ( 'NONE',  ( 0.000000000000000000, 0.000000000000000000, -1.000000000000000000 ) ) ;
#3955 = VERTEX_POINT ( 'NONE', #1295 ) ;
#3956 = CARTESIAN_POINT ( 'NONE',  ( 0.1675328755659732383, -0.04020915383066799714, 0.000000000000000000 ) ) ;
#3957 = CARTESIAN_POINT ( 'NONE',  ( 0.2021395787951407175, 0.004430842838866031266, 0.01000000000000000021 ) ) ;
#3958 = ORIENTED_EDGE ( 'NONE', *, *, #3532, .F. ) ;
#3959 = CARTESIAN_POINT ( 'NONE',  ( -0.06852680000365800328, 0.06287875092849402880, 0.01000000000000000021 ) ) ;
#3960 = CARTESIAN_POINT ( 'NONE',  ( 0.1669511906671511392, -0.06469287691739891710, 6.776263578034402713E-18 ) ) ;
#3961 = ADVANCED_FACE ( 'NONE', ( #2395 ), #4460, .F. ) ;
#3962 = CARTESIAN_POINT ( 'NONE',  ( -0.1488698920268994308, 0.01256392831010323154, 0.000000000000000000 ) ) ;
#3963 = CARTESIAN_POINT ( 'NONE',  ( 0.1739530131985547179, -0.03155382219847635561, 0.01000000000000000021 ) ) ;
#3964 = CARTESIAN_POINT ( 'NONE',  ( -0.2438221506134140848, 0.05053118995288426868, 0.01000000000000000021 ) ) ;
#3965 = SURFACE_STYLE_USAGE ( .BOTH. , #741 ) ;
#3966 = CARTESIAN_POINT ( 'NONE',  ( 0.1318924073134151720, -0.07248710273004253801, 6.776263578034402713E-18 ) ) ;
#3967 = VECTOR ( 'NONE', #4220, 1000.000000000000000 ) ;
#3968 = ORIENTED_EDGE ( 'NONE', *, *, #3349, .T. ) ;
#3969 = EDGE_CURVE ( 'NONE', #1725, #2116, #2743, .T. ) ;
#3970 = EDGE_CURVE ( 'NONE', #3955, #1698, #315, .T. ) ;
#3971 = CARTESIAN_POINT ( 'NONE',  ( 0.1876551876840869271, -0.04698896583708987718, 0.01000000000000000021 ) ) ;
#3972 = CARTESIAN_POINT ( 'NONE',  ( 0.1030262010995349892, 0.06101698788076358876, 6.776263578034402713E-18 ) ) ;
#3973 = AXIS2_PLACEMENT_3D ( 'NONE', #2483, #303, #1778 ) ;
#3974 = DIRECTION ( 'NONE',  ( 1.000000000000000000, 0.000000000000000000, -0.000000000000000000 ) ) ;
#3975 = LINE ( 'NONE', #797, #1409 ) ;
#3976 =( NAMED_UNIT ( * ) PLANE_ANGLE_UNIT ( ) SI_UNIT ( $, .RADIAN. ) );
#3977 = ORIENTED_EDGE ( 'NONE', *, *, #2497, .F. ) ;
#3978 = MANIFOLD_SOLID_BREP ( '切除-拉伸1', #2424 ) ;
#3979 =( NAMED_UNIT ( * ) PLANE_ANGLE_UNIT ( ) SI_UNIT ( $, .RADIAN. ) );
#3980 = EDGE_LOOP ( 'NONE', ( #3138, #3171, #4078, #1632 ) ) ;
#3981 = LINE ( 'NONE', #52, #955 ) ;
#3982 = PLANE ( 'NONE',  #301 ) ;
#3983 = ADVANCED_FACE ( 'NONE', ( #4483 ), #2720, .F. ) ;
#3984 = VERTEX_POINT ( 'NONE', #1738 ) ;
#3985 = CARTESIAN_POINT ( 'NONE',  ( -0.1293278461622001663, -0.04218736473629212946, 0.01000000000000000021 ) ) ;
#3986 = PRESENTATION_LAYER_ASSIGNMENT (  '', '', ( #431 ) ) ;
#3987 = CARTESIAN_POINT ( 'NONE',  ( -0.1801121658573165418, -0.07065783443735962344, 0.01000000000000000021 ) ) ;
#3988 = CARTESIAN_POINT ( 'NONE',  ( 0.1739530131985547179, -0.03155382219847635561, 6.776263578034402713E-18 ) ) ;
#3989 = VECTOR ( 'NONE', #3478, 1000.000000000000000 ) ;
#3990 = CARTESIAN_POINT ( 'NONE',  ( -0.1678718608864626094, -0.01026285059206362080, 0.01000000000000000021 ) ) ;
#3991 = LINE ( 'NONE', #3546, #1531 ) ;
#3992 = CARTESIAN_POINT ( 'NONE',  ( 0.1259008372668228848, -0.07241683169790388841, 0.01000000000000000021 ) ) ;
#3993 = EDGE_CURVE ( 'NONE', #4207, #166, #1835, .T. ) ;
#3994 = ORIENTED_EDGE ( 'NONE', *, *, #1366, .F. ) ;
#3995 = PRESENTATION_LAYER_ASSIGNMENT (  '', '', ( #1762 ) ) ;
#3996 = DIRECTION ( 'NONE',  ( -1.807003620809175125E-16, -1.000000000000000000, 0.000000000000000000 ) ) ;
#3997 = CARTESIAN_POINT ( 'NONE',  ( -0.01181948293048725590, -0.002974907608091332655, 0.01000000000000000021 ) ) ;
#3998 = SURFACE_STYLE_USAGE ( .BOTH. , #2591 ) ;
#3999 = CARTESIAN_POINT ( 'NONE',  ( 0.1915662997325456585, -0.04127296311445588506, 6.776263578034402713E-18 ) ) ;
#4000 = ORIENTED_EDGE ( 'NONE', *, *, #184, .T. ) ;
#4001 = AXIS2_PLACEMENT_3D ( 'NONE', #2791, #4182, #4500 ) ;
#4002 = PRESENTATION_STYLE_ASSIGNMENT (( #3011 ) ) ;
#4003 = ORIENTED_EDGE ( 'NONE', *, *, #3340, .T. ) ;
#4004 = CARTESIAN_POINT ( 'NONE',  ( 0.1785361208897568441, -0.02146267015894617880, 0.000000000000000000 ) ) ;
#4005 = FILL_AREA_STYLE ('',( #1816 ) ) ;
#4006 = ORIENTED_EDGE ( 'NONE', *, *, #3838, .T. ) ;
#4007 = DIRECTION ( 'NONE',  ( 1.355252715606880789E-16, 1.000000000000000000, 0.000000000000000000 ) ) ;
#4008 = STYLED_ITEM ( 'NONE', ( #251 ), #2311 ) ;
#4009 = CARTESIAN_POINT ( 'NONE',  ( -0.08982062622317016354, -0.05419441980321328123, 0.01000000000000000021 ) ) ;
#4010 = CARTESIAN_POINT ( 'NONE',  ( -0.09064951341829213805, 0.06287875092849402880, 0.000000000000000000 ) ) ;
#4011 = COLOUR_RGB ( '',0.9686274509803921573, 0.8784313725490195957, 0.5999999999999999778 ) ;
#4012 = PLANE ( 'NONE',  #387 ) ;
#4013 = DIRECTION ( 'NONE',  ( 1.000000000000000000, 0.000000000000000000, 0.000000000000000000 ) ) ;
#4014 = B_SPLINE_SURFACE_WITH_KNOTS ( 'NONE', 3, 1, ( 
 ( #2428, #1746 ),
 ( #3834, #2825 ),
 ( #4216, #2457 ),
 ( #3868, #4241 ),
 ( #1056, #784 ),
 ( #1126, #2893 ),
 ( #2559, #3960 ),
 ( #4310, #717 ),
 ( #563, #4423 ),
 ( #2632, #2294 ),
 ( #4366, #2989 ),
 ( #3703, #3999 ),
 ( #4039, #2648 ),
 ( #2611, #1201 ),
 ( #892, #850 ),
 ( #4347, #529 ),
 ( #1544, #1219 ),
 ( #187, #2273 ),
 ( #1944, #1179 ) ),
 .UNSPECIFIED., .F., .F., .F.,
 ( 4, 1, 1, 1, 1, 1, 1, 1, 1, 1, 1, 1, 1, 1, 1, 1, 4 ),
 ( 2, 2 ),
 ( 0.000000000000000000, 0.06783324845577354267, 0.1326555365079041537, 0.1950508840508276553, 0.2555829330687771073, 0.3147998341472897366, 0.3736004728263744856, 0.4325455953267434706, 0.4924306292835652910, 0.5526712559629693988, 0.6125130441881163623, 0.6726102503570062785, 0.7338383693139458597, 0.7965942385677737825, 0.8614497992905730817, 0.9291989423509052770, 0.9999999999999998890 ),
 ( 0.000000000000000000, 1.000000000000000000 ),
 .UNSPECIFIED. ) ;
#4015 = ORIENTED_EDGE ( 'NONE', *, *, #1577, .T. ) ;
#4016 = VECTOR ( 'NONE', #4168, 1000.000000000000000 ) ;
#4017 = EDGE_CURVE ( 'NONE', #2812, #3668, #2134, .T. ) ;
#4018 = LINE ( 'NONE', #3663, #2949 ) ;
#4019 = SURFACE_STYLE_USAGE ( .BOTH. , #1943 ) ;
#4020 = DIRECTION ( 'NONE',  ( 0.000000000000000000, -1.000000000000000000, 0.000000000000000000 ) ) ;
#4021 = VECTOR ( 'NONE', #1178, 1000.000000000000000 ) ;
#4022 = SURFACE_STYLE_FILL_AREA ( #129 ) ;
#4023 = ORIENTED_EDGE ( 'NONE', *, *, #95, .F. ) ;
#4024 = CARTESIAN_POINT ( 'NONE',  ( -0.2716041628085359982, -0.01212124907150596842, 0.01000000000000000021 ) ) ;
#4025 = UNCERTAINTY_MEASURE_WITH_UNIT (LENGTH_MEASURE( 1.000000000000000082E-05 ), #2076, 'distance_accuracy_value', 'NONE');
#4026 = CARTESIAN_POINT ( 'NONE',  ( 0.1709551105355836820, -0.03607164994363434851, 0.000000000000000000 ) ) ;
#4027 = CARTESIAN_POINT ( 'NONE',  ( 0.09916513143255287210, -0.05067107098361687406, 6.776263578034402713E-18 ) ) ;
#4028 = VECTOR ( 'NONE', #382, 1000.000000000000000 ) ;
#4029 =( NAMED_UNIT ( * ) PLANE_ANGLE_UNIT ( ) SI_UNIT ( $, .RADIAN. ) );
#4030 = CARTESIAN_POINT ( 'NONE',  ( -0.1488622515459346873, -0.0009908424995391793607, 6.776263578034402713E-18 ) ) ;
#4031 = PLANE ( 'NONE',  #1848 ) ;
#4032 = CARTESIAN_POINT ( 'NONE',  ( -0.01913655610121900441, -0.05419441980321328123, 0.01000000000000000021 ) ) ;
#4033 = DIRECTION ( 'NONE',  ( 0.000000000000000000, -0.000000000000000000, -1.000000000000000000 ) ) ;
#4034 = ORIENTED_EDGE ( 'NONE', *, *, #3063, .F. ) ;
#4035 = EDGE_CURVE ( 'NONE', #1876, #1086, #3258, .T. ) ;
#4036 = FACE_OUTER_BOUND ( 'NONE', #3616, .T. ) ;
#4037 = SURFACE_SIDE_STYLE ('',( #2646 ) ) ;
#4038 = CARTESIAN_POINT ( 'NONE',  ( -0.6000000000000001998, -0.9999999999999991118, -0.02500000000000000139 ) ) ;
#4039 = CARTESIAN_POINT ( 'NONE',  ( 0.1948750820191068045, -0.03514325247035442190, 0.01000000000000000021 ) ) ;
#4040 = FACE_OUTER_BOUND ( 'NONE', #3149, .T. ) ;
#4041 = ORIENTED_EDGE ( 'NONE', *, *, #481, .F. ) ;
#4042 = PRODUCT_CONTEXT ( 'NONE', #1700, 'mechanical' ) ;
#4043 = CARTESIAN_POINT ( 'NONE',  ( -0.2163831262231701580, -0.02858466370565231063, 0.000000000000000000 ) ) ;
#4044 = CARTESIAN_POINT ( 'NONE',  ( -0.1481264598966914314, 0.01904107949018084278, 0.01000000000000000021 ) ) ;
#4045 = CARTESIAN_POINT ( 'NONE',  ( 0.1629112798101582105, 0.07273379127348453266, 0.01000000000000000021 ) ) ;
#4046 = ADVANCED_FACE ( 'NONE', ( #3160 ), #3902, .T. ) ;
#4047 = DIRECTION ( 'NONE',  ( 1.000000000000000000, 0.000000000000000000, -0.000000000000000000 ) ) ;
#4048 = DIRECTION ( 'NONE',  ( 0.3393303772748775815, 0.9406672605435404400, 0.000000000000000000 ) ) ;
#4049 = ADVANCED_FACE ( 'NONE', ( #699 ), #2575, .T. ) ;
#4050 = CARTESIAN_POINT ( 'NONE',  ( 0.1318924073134151720, -0.07248710273004253801, 0.000000000000000000 ) ) ;
#4051 = CARTESIAN_POINT ( 'NONE',  ( 0.1752136103728707539, 0.06448061551889758269, 0.000000000000000000 ) ) ;
#4052 = EDGE_CURVE ( 'NONE', #778, #1945, #81, .T. ) ;
#4053 = LINE ( 'NONE', #500, #646 ) ;
#4054 = ORIENTED_EDGE ( 'NONE', *, *, #4476, .F. ) ;
#4055 = EDGE_CURVE ( 'NONE', #320, #4351, #4275, .T. ) ;
#4056 = CARTESIAN_POINT ( 'NONE',  ( -0.1410750575924895334, -0.05463670809228486636, 0.01000000000000000021 ) ) ;
#4057 = CARTESIAN_POINT ( 'NONE',  ( 0.1996522302568740914, -0.02164590142838602321, 0.01000000000000000021 ) ) ;
#4058 = MECHANICAL_DESIGN_GEOMETRIC_PRESENTATION_REPRESENTATION (  '', ( #1297 ), #1306 ) ;
#4059 = LINE ( 'NONE', #2292, #3182 ) ;
#4060 = CARTESIAN_POINT ( 'NONE',  ( 0.2918390536548785552, -0.07065783443735962344, 0.01000000000000000021 ) ) ;
#4061 = CARTESIAN_POINT ( 'NONE',  ( 0.09424783659229746258, 0.07669911689190619941, 0.01000000000000000021 ) ) ;
#4062 = EDGE_LOOP ( 'NONE', ( #4225, #4170, #1671, #182 ) ) ;
#4063 = VECTOR ( 'NONE', #222, 1000.000000000000000 ) ;
#4064 = DIRECTION ( 'NONE',  ( -0.000000000000000000, -1.000000000000000000, -0.000000000000000000 ) ) ;
#4065 = FILL_AREA_STYLE_COLOUR ( '', #3428 ) ;
#4066 = UNCERTAINTY_MEASURE_WITH_UNIT (LENGTH_MEASURE( 1.000000000000000082E-05 ), #2036, 'distance_accuracy_value', 'NONE');
#4067 = CARTESIAN_POINT ( 'NONE',  ( -0.1489654377943450958, 0.008097996504002023810, 6.776263578034402713E-18 ) ) ;
#4068 = DIRECTION ( 'NONE',  ( -1.000000000000000000, 0.000000000000000000, 0.000000000000000000 ) ) ;
#4069 = AXIS2_PLACEMENT_3D ( 'NONE', #444, #1541, #816 ) ;
#4070 = ADVANCED_FACE ( 'NONE', ( #3212 ), #1763, .F. ) ;
#4071 = PLANE ( 'NONE',  #3503 ) ;
#4072 = CARTESIAN_POINT ( 'NONE',  ( -0.1801121658573165418, -0.07065783443735962344, 0.01000000000000000021 ) ) ;
#4073 = STYLED_ITEM ( 'NONE', ( #1536 ), #2262 ) ;
#4074 =( GEOMETRIC_REPRESENTATION_CONTEXT ( 3 ) GLOBAL_UNCERTAINTY_ASSIGNED_CONTEXT ( ( #266 ) ) GLOBAL_UNIT_ASSIGNED_CONTEXT ( ( #3489, #1717, #2796 ) ) REPRESENTATION_CONTEXT ( 'NONE', 'WORKASPACE' ) );
#4075 = FILL_AREA_STYLE_COLOUR ( '', #2605 ) ;
#4076 = DIRECTION ( 'NONE',  ( -0.000000000000000000, -0.000000000000000000, -1.000000000000000000 ) ) ;
#4077 = CARTESIAN_POINT ( 'NONE',  ( 0.2022049073134151442, 0.001512516172396473390, 0.000000000000000000 ) ) ;
#4078 = ORIENTED_EDGE ( 'NONE', *, *, #913, .T. ) ;
#4079 = CARTESIAN_POINT ( 'NONE',  ( -0.1637071921949252440, -0.02519232325921996057, 1.016439536705160407E-17 ) ) ;
#4080 = VECTOR ( 'NONE', #1354, 1000.000000000000000 ) ;
#4081 = CARTESIAN_POINT ( 'NONE',  ( -0.1146332413880750689, -0.05037542049599038479, 0.000000000000000000 ) ) ;
#4082 = CARTESIAN_POINT ( 'NONE',  ( -0.1636992898776020167, 0.03626274183177422006, 0.01000000000000000021 ) ) ;
#4083 = FACE_OUTER_BOUND ( 'NONE', #4269, .T. ) ;
#4084 = CARTESIAN_POINT ( 'NONE',  ( 0.09061954145975661956, 0.07522631190410378199, 0.01000000000000000021 ) ) ;
#4085 = VERTEX_POINT ( 'NONE', #1116 ) ;
#4086 =( GEOMETRIC_REPRESENTATION_CONTEXT ( 3 ) GLOBAL_UNCERTAINTY_ASSIGNED_CONTEXT ( ( #1361 ) ) GLOBAL_UNIT_ASSIGNED_CONTEXT ( ( #1090, #4298, #424 ) ) REPRESENTATION_CONTEXT ( 'NONE', 'WORKASPACE' ) );
#4087 = CARTESIAN_POINT ( 'NONE',  ( 0.1291199225573175791, -0.05602368809589620968, 0.01000000000000000021 ) ) ;
#4088 = PLANE ( 'NONE',  #2002 ) ;
#4089 = CARTESIAN_POINT ( 'NONE',  ( 0.5999999999999992006, 0.9999999999999995559, -0.02500000000000000139 ) ) ;
#4090 = AXIS2_PLACEMENT_3D ( 'NONE', #271, #4557, #4213 ) ;
#4091 = CARTESIAN_POINT ( 'NONE',  ( -0.1329923639375914513, 0.04863411141283954797, 6.776263578034402713E-18 ) ) ;
#4092 = CARTESIAN_POINT ( 'NONE',  ( 0.1692449367963819451, 0.06895367894003699705, 1.355252715606880543E-17 ) ) ;
#4093 = VECTOR ( 'NONE', #1018, 1000.000000000000000 ) ;
#4094 = CARTESIAN_POINT ( 'NONE',  ( 0.1580347180364998771, 0.05533496423131320507, 0.000000000000000000 ) ) ;
#4095 = ADVANCED_FACE ( 'NONE', ( #2549 ), #1411, .F. ) ;
#4096 = CARTESIAN_POINT ( 'NONE',  ( -0.1999999999999999833, 0.3999999999999999667, -0.02500000000000000139 ) ) ;
#4097 = CARTESIAN_POINT ( 'NONE',  ( -0.01547801951585310240, 0.07934216556264037101, 0.000000000000000000 ) ) ;
#4098 = SURFACE_SIDE_STYLE ('',( #2690 ) ) ;
#4099 = EDGE_CURVE ( 'NONE', #4548, #2337, #839, .T. ) ;
#4100 =( LENGTH_UNIT ( ) NAMED_UNIT ( * ) SI_UNIT ( .MILLI., .METRE. ) );
#4101 = LINE ( 'NONE', #3068, #3409 ) ;
#4102 = ORIENTED_EDGE ( 'NONE', *, *, #1010, .T. ) ;
#4103 = ORIENTED_EDGE ( 'NONE', *, *, #4212, .F. ) ;
#4104 = VERTEX_POINT ( 'NONE', #2236 ) ;
#4105 = SURFACE_STYLE_FILL_AREA ( #2008 ) ;
#4106 = LINE ( 'NONE', #3475, #2304 ) ;
#4107 = CARTESIAN_POINT ( 'NONE',  ( 0.1157749877790491960, 0.08082846579041116919, 0.01000000000000000021 ) ) ;
#4108 = EDGE_CURVE ( 'NONE', #411, #657, #1508, .T. ) ;
#4109 = ORIENTED_EDGE ( 'NONE', *, *, #2344, .T. ) ;
#4110 = CARTESIAN_POINT ( 'NONE',  ( 0.2022049073134151442, 0.001512516172396473390, 0.01000000000000000021 ) ) ;
#4111 = CARTESIAN_POINT ( 'NONE',  ( 0.1999999999999999833, -0.9999999999999991118, -0.02500000000000000139 ) ) ;
#4112 = UNCERTAINTY_MEASURE_WITH_UNIT (LENGTH_MEASURE( 1.000000000000000082E-05 ), #2039, 'distance_accuracy_value', 'NONE');
#4113 = CARTESIAN_POINT ( 'NONE',  ( -0.2484096615168078503, 0.05249579185888610111, 0.01000000000000000021 ) ) ;
#4114 =( NAMED_UNIT ( * ) SI_UNIT ( $, .STERADIAN. ) SOLID_ANGLE_UNIT ( ) );
#4115 = CARTESIAN_POINT ( 'NONE',  ( -0.1999999999999999833, 0.3999999999999999667, 0.000000000000000000 ) ) ;
#4116 = CARTESIAN_POINT ( 'NONE',  ( -0.1691365561012189711, 0.006228598489469635083, 0.000000000000000000 ) ) ;
#4117 = CARTESIAN_POINT ( 'NONE',  ( 0.1210300790431086543, 0.06463669961368369299, 6.776263578034402713E-18 ) ) ;
#4118 = CARTESIAN_POINT ( 'NONE',  ( -0.06852680000365800328, 0.06287875092849402880, 0.000000000000000000 ) ) ;
#4119 = PRESENTATION_STYLE_ASSIGNMENT (( #2377 ) ) ;
#4120 = EDGE_LOOP ( 'NONE', ( #1370, #1965, #1474, #888 ) ) ;
#4121 = MANIFOLD_SOLID_BREP ( '凸台-拉伸3[6]', #1665 ) ;
#4122 = ORIENTED_EDGE ( 'NONE', *, *, #2399, .T. ) ;
#4123 = CARTESIAN_POINT ( 'NONE',  ( -0.1690759760208221663, 0.003395460813517202706, 0.01000000000000000021 ) ) ;
#4124 = LINE ( 'NONE', #2009, #4421 ) ;
#4125 = DIRECTION ( 'NONE',  ( 0.000000000000000000, 0.000000000000000000, -1.000000000000000000 ) ) ;
#4126 = CARTESIAN_POINT ( 'NONE',  ( 0.09061954145975661956, -0.04642002955931084224, 0.01000000000000000021 ) ) ;
#4127 = VERTEX_POINT ( 'NONE', #2931 ) ;
#4128 = CARTESIAN_POINT ( 'NONE',  ( 0.09181355998635473692, 0.07571099034873479683, 0.01000000000000000021 ) ) ;
#4129 = ORIENTED_EDGE ( 'NONE', *, *, #4250, .T. ) ;
#4130 = COLOUR_RGB ( '',0.2235294117647058654, 0.2235294117647058654, 0.2235294117647058654 ) ;
#4131 = CARTESIAN_POINT ( 'NONE',  ( -0.09278540484925811016, 0.06283480180312984997, 0.01000000000000000021 ) ) ;
#4132 = CARTESIAN_POINT ( 'NONE',  ( -0.2783495896378043177, -0.02858466370565231063, 0.01000000000000000021 ) ) ;
#4133 = CARTESIAN_POINT ( 'NONE',  ( 0.1857993397548579340, 0.05369931564066379726, 1.355252715606880543E-17 ) ) ;
#4134 = VECTOR ( 'NONE', #2943, 1000.000000000000000 ) ;
#4135 = PRESENTATION_LAYER_ASSIGNMENT (  '', '', ( #3248 ) ) ;
#4136 = FILL_AREA_STYLE ('',( #585 ) ) ;
#4137 = MANIFOLD_SOLID_BREP ( '凸台-拉伸3[1]', #933 ) ;
#4138 = PRESENTATION_STYLE_ASSIGNMENT (( #3064 ) ) ;
#4139 = DIRECTION ( 'NONE',  ( 1.000000000000000000, -0.000000000000000000, -0.000000000000000000 ) ) ;
#4140 = CARTESIAN_POINT ( 'NONE',  ( 0.1820829560939029590, 0.002741555806542805319, 0.01000000000000000021 ) ) ;
#4141 = VERTEX_POINT ( 'NONE', #4043 ) ;
#4142 = MANIFOLD_SOLID_BREP ( '凸台-拉伸3[3]', #2276 ) ;
#4143 = ORIENTED_EDGE ( 'NONE', *, *, #3673, .T. ) ;
#4144 = CARTESIAN_POINT ( 'NONE',  ( -0.1636992898776020167, 0.03626274183177422006, 1.016439536705160407E-17 ) ) ;
#4145 = MECHANICAL_DESIGN_GEOMETRIC_PRESENTATION_REPRESENTATION (  '', ( #4592 ), #879 ) ;
#4146 = VECTOR ( 'NONE', #3324, 1000.000000000000000 ) ;
#4147 = SURFACE_STYLE_FILL_AREA ( #327 ) ;
#4148 = ORIENTED_EDGE ( 'NONE', *, *, #1007, .T. ) ;
#4149 = CARTESIAN_POINT ( 'NONE',  ( -0.2460481528766919612, 0.05998134879257797231, 0.01000000000000000021 ) ) ;
#4150 = ORIENTED_EDGE ( 'NONE', *, *, #4017, .T. ) ;
#4151 = MANIFOLD_SOLID_BREP ( '凸台-拉伸3[5]', #3166 ) ;
#4152 = AXIS2_PLACEMENT_3D ( 'NONE', #1761, #3186, #1070 ) ;
#4153 = CARTESIAN_POINT ( 'NONE',  ( -0.09648985124056509710, -0.05405025413925178268, 0.01000000000000000021 ) ) ;
#4154 = CARTESIAN_POINT ( 'NONE',  ( -0.9999999999999991118, 0.9999999999999995559, 0.6999999999999999556 ) ) ;
#4155 = FILL_AREA_STYLE_COLOUR ( '', #294 ) ;
#4156 = UNCERTAINTY_MEASURE_WITH_UNIT (LENGTH_MEASURE( 1.000000000000000082E-05 ), #2060, 'distance_accuracy_value', 'NONE');
#4157 = COLOUR_RGB ( '',0.9686274509803921573, 0.8784313725490195957, 0.5999999999999999778 ) ;
#4158 = DIRECTION ( 'NONE',  ( 1.000000000000000000, 0.000000000000000000, -0.000000000000000000 ) ) ;
#4159 = COLOUR_RGB ( '',0.9686274509803921573, 0.8784313725490195957, 0.5999999999999999778 ) ;
#4160 = FACE_OUTER_BOUND ( 'NONE', #419, .T. ) ;
#4161 = FACE_OUTER_BOUND ( 'NONE', #734, .T. ) ;
#4162 = VECTOR ( 'NONE', #2043, 1000.000000000000000 ) ;
#4163 = EDGE_CURVE ( 'NONE', #2337, #1416, #214, .T. ) ;
#4164 = ADVANCED_FACE ( 'NONE', ( #1248 ), #3081, .F. ) ;
#4165 = PRESENTATION_STYLE_ASSIGNMENT (( #3421 ) ) ;
#4166 = STYLED_ITEM ( 'NONE', ( #4552 ), #3961 ) ;
#4167 = PRESENTATION_STYLE_ASSIGNMENT (( #341 ) ) ;
#4168 = DIRECTION ( 'NONE',  ( -0.000000000000000000, -0.000000000000000000, -1.000000000000000000 ) ) ;
#4169 = CARTESIAN_POINT ( 'NONE',  ( 0.000000000000000000, 0.000000000000000000, 0.2000000000000000111 ) ) ;
#4170 = ORIENTED_EDGE ( 'NONE', *, *, #3762, .F. ) ;
#4171 = EDGE_LOOP ( 'NONE', ( #3078, #3913, #328, #138 ) ) ;
#4172 =( LENGTH_UNIT ( ) NAMED_UNIT ( * ) SI_UNIT ( .MILLI., .METRE. ) );
#4173 = LINE ( 'NONE', #982, #143 ) ;
#4174 = CARTESIAN_POINT ( 'NONE',  ( -0.1566483471831390251, 0.04879830820021203303, 1.016439536705160407E-17 ) ) ;
#4175 = CARTESIAN_POINT ( 'NONE',  ( 0.09916513143255287210, -0.05067107098361687406, 0.01000000000000000021 ) ) ;
#4176 = LINE ( 'NONE', #176, #160 ) ;
#4177 = ORIENTED_EDGE ( 'NONE', *, *, #1145, .F. ) ;
#4178 = CARTESIAN_POINT ( 'NONE',  ( -0.9999999999999997780, -0.9999999999999991118, 0.000000000000000000 ) ) ;
#4179 = CARTESIAN_POINT ( 'NONE',  ( -0.06852680000365800328, -0.05419441980321328123, 0.000000000000000000 ) ) ;
#4180 = EDGE_CURVE ( 'NONE', #1886, #2242, #2417, .T. ) ;
#4181 = CARTESIAN_POINT ( 'NONE',  ( 0.9999999999999991118, 0.9999999999999995559, 0.6999999999999999556 ) ) ;
#4182 = DIRECTION ( 'NONE',  ( 4.336808689942017736E-16, 1.000000000000000000, -0.000000000000000000 ) ) ;
#4183 = CARTESIAN_POINT ( 'NONE',  ( -0.2473007727293121683, 0.05776869859184608630, 0.01000000000000000021 ) ) ;
#4184 = ORIENTED_EDGE ( 'NONE', *, *, #4212, .T. ) ;
#4185 = CARTESIAN_POINT ( 'NONE',  ( -0.09064951341829213805, 0.06287875092849402880, 0.01000000000000000021 ) ) ;
#4186 = EDGE_LOOP ( 'NONE', ( #838, #1237, #2198, #593 ) ) ;
#4187 = CARTESIAN_POINT ( 'NONE',  ( 0.04122929755731759294, 0.01348850702605500218, 0.000000000000000000 ) ) ;
#4188 = DIRECTION ( 'NONE',  ( -1.355252715606880543E-16, 1.000000000000000000, 0.000000000000000000 ) ) ;
#4189 = DIRECTION ( 'NONE',  ( -0.000000000000000000, -0.000000000000000000, -1.000000000000000000 ) ) ;
#4190 = B_SPLINE_CURVE_WITH_KNOTS ( 'NONE', 3,
 ( #2083, #4290, #4196, #764, #2486, #20, #2435 ),
 .UNSPECIFIED., .F., .F.,
 ( 4, 1, 1, 1, 4 ),
 ( 0.000000000000000000, 0.3005411131585108975, 0.5677471464836001402, 0.8000336137369825629, 0.9999999999999998890 ),
 .UNSPECIFIED. ) ;
#4191 = ORIENTED_EDGE ( 'NONE', *, *, #2547, .F. ) ;
#4192 = ORIENTED_EDGE ( 'NONE', *, *, #1429, .F. ) ;
#4193 = LINE ( 'NONE', #1006, #553 ) ;
#4194 = CARTESIAN_POINT ( 'NONE',  ( 0.09476794766432018735, -0.04875660772562975115, 0.000000000000000000 ) ) ;
#4195 = EDGE_CURVE ( 'NONE', #3668, #4490, #3950, .T. ) ;
#4196 = CARTESIAN_POINT ( 'NONE',  ( -0.2457177288678047689, 0.05796355516965249338, 0.000000000000000000 ) ) ;
#4197 = CARTESIAN_POINT ( 'NONE',  ( 0.1273086094724541206, -0.05599990701378313590, 0.01000000000000000021 ) ) ;
#4198 = CARTESIAN_POINT ( 'NONE',  ( -0.1143051193319842146, 0.05940187691206784415, 6.776263578034402713E-18 ) ) ;
#4199 = ADVANCED_FACE ( 'NONE', ( #1809 ), #423, .T. ) ;
#4200 = ORIENTED_EDGE ( 'NONE', *, *, #4180, .F. ) ;
#4201 = CARTESIAN_POINT ( 'NONE',  ( 0.1819598967744000539, -0.003734855516883579373, 0.01000000000000000021 ) ) ;
#4202 = CARTESIAN_POINT ( 'NONE',  ( 0.9999999999999991118, 0.3999999999999999667, -0.02500000000000000139 ) ) ;
#4203 = EDGE_CURVE ( 'NONE', #778, #4361, #4307, .T. ) ;
#4204 = LINE ( 'NONE', #3899, #1681 ) ;
#4205 = FILL_AREA_STYLE_COLOUR ( '', #3469 ) ;
#4206 = UNCERTAINTY_MEASURE_WITH_UNIT (LENGTH_MEASURE( 1.000000000000000082E-05 ), #1574, 'distance_accuracy_value', 'NONE');
#4207 = VERTEX_POINT ( 'NONE', #4253 ) ;
#4208 = COLOUR_RGB ( '',1.000000000000000000, 1.000000000000000000, 1.000000000000000000 ) ;
#4209 = PRESENTATION_STYLE_ASSIGNMENT (( #2844 ) ) ;
#4210 = VECTOR ( 'NONE', #3196, 1000.000000000000000 ) ;
#4211 = ORIENTED_EDGE ( 'NONE', *, *, #3696, .F. ) ;
#4212 = EDGE_CURVE ( 'NONE', #657, #3798, #1, .T. ) ;
#4213 = DIRECTION ( 'NONE',  ( 0.000000000000000000, 0.000000000000000000, 1.000000000000000000 ) ) ;
#4214 = PLANE ( 'NONE',  #1602 ) ;
#4215 = CARTESIAN_POINT ( 'NONE',  ( 0.1819298503018652036, 0.009570279778691914013, 6.776263578034402713E-18 ) ) ;
#4216 = CARTESIAN_POINT ( 'NONE',  ( 0.1395884057458932626, -0.07231545979247373801, 0.01000000000000000021 ) ) ;
#4217 = EDGE_LOOP ( 'NONE', ( #3886, #2069, #2362, #2826 ) ) ;
#4218 =( GEOMETRIC_REPRESENTATION_CONTEXT ( 3 ) GLOBAL_UNCERTAINTY_ASSIGNED_CONTEXT ( ( #4206 ) ) GLOBAL_UNIT_ASSIGNED_CONTEXT ( ( #1574, #513, #4429 ) ) REPRESENTATION_CONTEXT ( 'NONE', 'WORKASPACE' ) );
#4219 = EDGE_LOOP ( 'NONE', ( #725, #2985, #3427, #3705 ) ) ;
#4220 = DIRECTION ( 'NONE',  ( -0.000000000000000000, -1.000000000000000000, -0.000000000000000000 ) ) ;
#4221 = CARTESIAN_POINT ( 'NONE',  ( -0.1452240219097857277, -0.01942562679253094851, 0.000000000000000000 ) ) ;
#4222 = CARTESIAN_POINT ( 'NONE',  ( 0.2918390536548785552, -0.07065783443735962344, 0.000000000000000000 ) ) ;
#4223 = VECTOR ( 'NONE', #2537, 1000.000000000000000 ) ;
#4224 = PLANE ( 'NONE',  #2235 ) ;
#4225 = ORIENTED_EDGE ( 'NONE', *, *, #3465, .F. ) ;
#4226 = LINE ( 'NONE', #4178, #1380 ) ;
#4227 = CARTESIAN_POINT ( 'NONE',  ( 0.09061954145975661956, -0.04642002955931084224, 0.000000000000000000 ) ) ;
#4228 = DIRECTION ( 'NONE',  ( -0.000000000000000000, 0.000000000000000000, -1.000000000000000000 ) ) ;
#4229 = PRESENTATION_LAYER_ASSIGNMENT (  '', '', ( #3772 ) ) ;
#4230 = DIRECTION ( 'NONE',  ( -0.000000000000000000, 0.000000000000000000, 1.000000000000000000 ) ) ;
#4231 = CARTESIAN_POINT ( 'NONE',  ( 0.2150097853621956434, -0.07065783443735962344, 0.01000000000000000021 ) ) ;
#4232 = ORIENTED_EDGE ( 'NONE', *, *, #2211, .F. ) ;
#4233 = APPLICATION_CONTEXT ( 'automotive_design' ) ;
#4234 = CARTESIAN_POINT ( 'NONE',  ( -0.1287977602113476727, 0.05197172643136865194, 0.01000000000000000021 ) ) ;
#4235 = CARTESIAN_POINT ( 'NONE',  ( -0.1566543203288393582, -0.03836266111513166044, 0.000000000000000000 ) ) ;
#4236 = PRESENTATION_LAYER_ASSIGNMENT (  '', '', ( #2306 ) ) ;
#4237 = VERTEX_POINT ( 'NONE', #2858 ) ;
#4238 = FILL_AREA_STYLE ('',( #4506 ) ) ;
#4239 = VECTOR ( 'NONE', #4139, 1000.000000000000000 ) ;
#4240 = CARTESIAN_POINT ( 'NONE',  ( 0.1820829560939029590, 0.002741555806542805319, 6.776263578034402713E-18 ) ) ;
#4241 = CARTESIAN_POINT ( 'NONE',  ( 0.1470272750257143879, -0.07136017695363236490, 6.776263578034402713E-18 ) ) ;
#4242 = ORIENTED_EDGE ( 'NONE', *, *, #93, .T. ) ;
#4243 = VERTEX_POINT ( 'NONE', #3926 ) ;
#4244 = CARTESIAN_POINT ( 'NONE',  ( 0.1999999999999999833, -0.9999999999999991118, -0.02500000000000000139 ) ) ;
#4245 = CARTESIAN_POINT ( 'NONE',  ( 0.1902084849311027892, 0.04754311917257111192, 0.01000000000000000021 ) ) ;
#4246 = DIRECTION ( 'NONE',  ( 0.000000000000000000, -1.000000000000000000, 0.000000000000000000 ) ) ;
#4247 = COLOUR_RGB ( '',1.000000000000000000, 1.000000000000000000, 1.000000000000000000 ) ;
#4248 = DIRECTION ( 'NONE',  ( -1.000000000000000000, 2.168404344971009854E-16, -0.000000000000000000 ) ) ;
#4249 = ORIENTED_EDGE ( 'NONE', *, *, #3931, .T. ) ;
#4250 = EDGE_CURVE ( 'NONE', #2116, #916, #1830, .T. ) ;
#4251 =( NAMED_UNIT ( * ) PLANE_ANGLE_UNIT ( ) SI_UNIT ( $, .RADIAN. ) );
#4252 = CARTESIAN_POINT ( 'NONE',  ( 0.09195159930392045322, 0.05587838663331342465, 0.01000000000000000021 ) ) ;
#4253 = CARTESIAN_POINT ( 'NONE',  ( -0.1999999999999999833, -0.9999999999999991118, -0.02500000000000000139 ) ) ;
#4254 = CARTESIAN_POINT ( 'NONE',  ( 0.1781791882400857729, -0.05699660555117222471, 0.000000000000000000 ) ) ;
#4255 = ADVANCED_FACE ( 'NONE', ( #3880 ), #2880, .T. ) ;
#4256 =( GEOMETRIC_REPRESENTATION_CONTEXT ( 3 ) GLOBAL_UNCERTAINTY_ASSIGNED_CONTEXT ( ( #1223 ) ) GLOBAL_UNIT_ASSIGNED_CONTEXT ( ( #2986, #935, #1959 ) ) REPRESENTATION_CONTEXT ( 'NONE', 'WORKASPACE' ) );
#4257 = ORIENTED_EDGE ( 'NONE', *, *, #4535, .F. ) ;
#4258 = CARTESIAN_POINT ( 'NONE',  ( -0.1410750575924895334, -0.05463670809228486636, 0.000000000000000000 ) ) ;
#4259 = ORIENTED_EDGE ( 'NONE', *, *, #445, .F. ) ;
#4260 = PRESENTATION_STYLE_ASSIGNMENT (( #2846 ) ) ;
#4261 = DIRECTION ( 'NONE',  ( 1.000000000000000000, -0.000000000000000000, -0.000000000000000000 ) ) ;
#4262 = CARTESIAN_POINT ( 'NONE',  ( 0.1624253921950582769, 0.05193058637513109366, 6.776263578034402713E-18 ) ) ;
#4263 = VERTEX_POINT ( 'NONE', #2516 ) ;
#4264 = ORIENTED_EDGE ( 'NONE', *, *, #696, .F. ) ;
#4265 = CARTESIAN_POINT ( 'NONE',  ( -0.1143773479020451650, 0.07665791320525996988, 0.000000000000000000 ) ) ;
#4266 = CARTESIAN_POINT ( 'NONE',  ( 0.1999999999999999833, -0.9999999999999991118, 0.000000000000000000 ) ) ;
#4267 = CARTESIAN_POINT ( 'NONE',  ( -0.6000000000000001998, -0.9999999999999991118, 0.000000000000000000 ) ) ;
#4268 = CARTESIAN_POINT ( 'NONE',  ( 0.1999999999999999833, 0.3999999999999999667, 0.000000000000000000 ) ) ;
#4269 = EDGE_LOOP ( 'NONE', ( #3188, #732, #1301, #4491 ) ) ;
#4270 = ORIENTED_EDGE ( 'NONE', *, *, #1810, .T. ) ;
#4271 = CARTESIAN_POINT ( 'NONE',  ( -1.000000000000000000, 0.4000000000000000777, 0.000000000000000000 ) ) ;
#4272 = CARTESIAN_POINT ( 'NONE',  ( 0.09486248111187087217, -0.06522537413323567512, 0.000000000000000000 ) ) ;
#4273 = CARTESIAN_POINT ( 'NONE',  ( 0.1669511906671511392, -0.06469287691739891710, 0.000000000000000000 ) ) ;
#4274 = LINE ( 'NONE', #4367, #307 ) ;
#4275 = LINE ( 'NONE', #1435, #2840 ) ;
#4276 = VERTEX_POINT ( 'NONE', #3901 ) ;
#4277 = CARTESIAN_POINT ( 'NONE',  ( -1.000000000000000000, -0.3999999999999995226, 0.000000000000000000 ) ) ;
#4278 = CARTESIAN_POINT ( 'NONE',  ( 0.1037112043802230210, -0.05234718014972269268, 6.776263578034402713E-18 ) ) ;
#4279 = COLOUR_RGB ( '',0.9686274509803921573, 0.8784313725490195957, 0.5999999999999999778 ) ;
#4280 = EDGE_CURVE ( 'NONE', #2346, #3262, #3232, .T. ) ;
#4281 = ORIENTED_EDGE ( 'NONE', *, *, #64, .F. ) ;
#4282 = VECTOR ( 'NONE', #150, 1000.000000000000000 ) ;
#4283 = CARTESIAN_POINT ( 'NONE',  ( -0.1690766809171528606, 0.008947643475117268361, 0.01000000000000000021 ) ) ;
#4284 = CARTESIAN_POINT ( 'NONE',  ( -0.1469212747338673741, -0.01366431277717045784, 6.776263578034402713E-18 ) ) ;
#4285 = PLANE ( 'NONE',  #3783 ) ;
#4286 = DIRECTION ( 'NONE',  ( 0.000000000000000000, -1.000000000000000000, 0.000000000000000000 ) ) ;
#4287 = ORIENTED_EDGE ( 'NONE', *, *, #2211, .T. ) ;
#4288 = CARTESIAN_POINT ( 'NONE',  ( -0.1411070708428360521, 0.06421458766542147145, 0.000000000000000000 ) ) ;
#4289 = CARTESIAN_POINT ( 'NONE',  ( 0.1259187030451224820, 0.08117143385532328559, 0.01000000000000000021 ) ) ;
#4290 = CARTESIAN_POINT ( 'NONE',  ( -0.2460481528766919612, 0.05998134879257797231, -0.000000000000000000 ) ) ;
#4291 = PRESENTATION_STYLE_ASSIGNMENT (( #2107 ) ) ;
#4292 = COLOUR_RGB ( '',0.2235294117647058654, 0.2235294117647058654, 0.2235294117647058654 ) ;
#4293 = CARTESIAN_POINT ( 'NONE',  ( 0.09939693078456024455, -0.06715648765006448917, 0.01000000000000000021 ) ) ;
#4294 = VERTEX_POINT ( 'NONE', #3578 ) ;
#4295 = STYLED_ITEM ( 'NONE', ( #819 ), #4464 ) ;
#4296 = CARTESIAN_POINT ( 'NONE',  ( 0.09061954145975661956, 0.05510436068459157594, 0.01000000000000000021 ) ) ;
#4297 = CARTESIAN_POINT ( 'NONE',  ( 0.2717171024353663977, 0.07934216556264037101, 0.01000000000000000021 ) ) ;
#4298 =( NAMED_UNIT ( * ) PLANE_ANGLE_UNIT ( ) SI_UNIT ( $, .RADIAN. ) );
#4299 = AXIS2_PLACEMENT_3D ( 'NONE', #3881, #4158, #3134 ) ;
#4300 = STYLED_ITEM ( 'NONE', ( #1330 ), #1573 ) ;
#4301 = DIRECTION ( 'NONE',  ( 0.000000000000000000, 0.000000000000000000, 1.000000000000000000 ) ) ;
#4302 = ORIENTED_EDGE ( 'NONE', *, *, #428, .F. ) ;
#4303 = CARTESIAN_POINT ( 'NONE',  ( -0.2467089646378043122, 0.06104948263581110729, 0.000000000000000000 ) ) ;
#4304 =( GEOMETRIC_REPRESENTATION_CONTEXT ( 3 ) GLOBAL_UNCERTAINTY_ASSIGNED_CONTEXT ( ( #2770 ) ) GLOBAL_UNIT_ASSIGNED_CONTEXT ( ( #2518, #3976, #3580 ) ) REPRESENTATION_CONTEXT ( 'NONE', 'WORKASPACE' ) );
#4305 = CARTESIAN_POINT ( 'NONE',  ( 0.09061954145975661956, -0.04642002955931084224, 6.776263578034402713E-18 ) ) ;
#4306 = VERTEX_POINT ( 'NONE', #715 ) ;
#4307 = B_SPLINE_CURVE_WITH_KNOTS ( 'NONE', 3,
 ( #3852, #2544, #1759, #25, #2130, #1089, #2835 ),
 .UNSPECIFIED., .F., .F.,
 ( 4, 1, 1, 1, 4 ),
 ( 0.000000000000000000, 0.3005411131585108975, 0.5677471464836001402, 0.8000336137369825629, 0.9999999999999998890 ),
 .UNSPECIFIED. ) ;
#4308 = DIRECTION ( 'NONE',  ( 1.000000000000000000, 0.000000000000000000, 0.000000000000000000 ) ) ;
#4309 = EDGE_CURVE ( 'NONE', #1098, #3302, #1456, .T. ) ;
#4310 = CARTESIAN_POINT ( 'NONE',  ( 0.1727910399393495777, -0.06119278735822131221, 0.01000000000000000021 ) ) ;
#4311 = VECTOR ( 'NONE', #1467, 1000.000000000000000 ) ;
#4312 = ADVANCED_FACE ( 'NONE', ( #3550, #1114 ), #2470, .F. ) ;
#4313 = DIRECTION ( 'NONE',  ( 1.000000000000000000, 0.000000000000000000, 0.000000000000000000 ) ) ;
#4314 = CARTESIAN_POINT ( 'NONE',  ( -0.2368194829304872406, 0.07934216556264037101, 0.01000000000000000021 ) ) ;
#4315 =( NAMED_UNIT ( * ) SI_UNIT ( $, .STERADIAN. ) SOLID_ANGLE_UNIT ( ) );
#4316 = DIRECTION ( 'NONE',  ( 1.000000000000000000, 0.000000000000000000, -0.000000000000000000 ) ) ;
#4317 = LINE ( 'NONE', #1132, #571 ) ;
#4318 = CARTESIAN_POINT ( 'NONE',  ( 0.1395884057458932626, -0.07231545979247373801, 0.01000000000000000021 ) ) ;
#4319 = EDGE_LOOP ( 'NONE', ( #3810, #2419, #3492, #1852 ) ) ;
#4320 = FILL_AREA_STYLE ('',( #3949 ) ) ;
#4321 = DIRECTION ( 'NONE',  ( 0.3222024856061132536, -0.9466707760722532505, 0.000000000000000000 ) ) ;
#4322 = DIRECTION ( 'NONE',  ( 1.000000000000000000, -0.000000000000000000, -0.000000000000000000 ) ) ;
#4323 = DIRECTION ( 'NONE',  ( -0.000000000000000000, -0.000000000000000000, -1.000000000000000000 ) ) ;
#4324 = PRESENTATION_LAYER_ASSIGNMENT (  '', '', ( #395 ) ) ;
#4325 = DIRECTION ( 'NONE',  ( 1.000000000000000000, 0.000000000000000000, -0.000000000000000000 ) ) ;
#4326 = EDGE_CURVE ( 'NONE', #2269, #1876, #670, .T. ) ;
#4327 = ORIENTED_EDGE ( 'NONE', *, *, #1289, .F. ) ;
#4328 = ORIENTED_EDGE ( 'NONE', *, *, #3838, .F. ) ;
#4329 = LINE ( 'NONE', #1186, #377 ) ;
#4330 = CARTESIAN_POINT ( 'NONE',  ( 0.1184703904221883625, -0.05547182068276833994, 6.776263578034402713E-18 ) ) ;
#4331 = ORIENTED_EDGE ( 'NONE', *, *, #601, .T. ) ;
#4332 = STYLED_ITEM ( 'NONE', ( #3071 ), #1960 ) ;
#4333 = CARTESIAN_POINT ( 'NONE',  ( 0.9999999999999991118, 0.3999999999999999667, -0.02500000000000000139 ) ) ;
#4334 = CARTESIAN_POINT ( 'NONE',  ( -0.09648985124056509710, -0.05405025413925178268, 0.01000000000000000021 ) ) ;
#4335 = EDGE_CURVE ( 'NONE', #1501, #1571, #1735, .T. ) ;
#4336 = DIRECTION ( 'NONE',  ( 0.000000000000000000, 0.000000000000000000, -1.000000000000000000 ) ) ;
#4337 = CARTESIAN_POINT ( 'NONE',  ( 0.1505621444997833347, -0.05215325485239487302, 6.776263578034402713E-18 ) ) ;
#4338 = DIRECTION ( 'NONE',  ( -1.000000000000000000, -5.421010862427527100E-16, 0.000000000000000000 ) ) ;
#4339 = DIRECTION ( 'NONE',  ( -1.807003620809175125E-16, 1.000000000000000000, -0.000000000000000000 ) ) ;
#4340 = CARTESIAN_POINT ( 'NONE',  ( 0.1092182625949022351, -0.07015039137581392803, 0.01000000000000000021 ) ) ;
#4341 = VERTEX_POINT ( 'NONE', #4568 ) ;
#4342 = SURFACE_SIDE_STYLE ('',( #103 ) ) ;
#4343 = CARTESIAN_POINT ( 'NONE',  ( 0.2020662813756894105, -0.006524973180672519364, 0.01000000000000000021 ) ) ;
#4344 = CARTESIAN_POINT ( 'NONE',  ( 0.1073878218327730116, 0.06235093800521622487, 6.776263578034402713E-18 ) ) ;
#4345 = FILL_AREA_STYLE_COLOUR ( '', #2666 ) ;
#4346 = EDGE_CURVE ( 'NONE', #4553, #2440, #1383, .T. ) ;
#4347 = CARTESIAN_POINT ( 'NONE',  ( 0.2011154107806602809, -0.01428529396350554544, 0.01000000000000000021 ) ) ;
#4348 =( NAMED_UNIT ( * ) SI_UNIT ( $, .STERADIAN. ) SOLID_ANGLE_UNIT ( ) );
#4349 = ORIENTED_EDGE ( 'NONE', *, *, #3229, .T. ) ;
#4350 = PRODUCT ( '零件1', '零件1', '', ( #4042 ) ) ;
#4351 = VERTEX_POINT ( 'NONE', #1200 ) ;
#4352 = UNCERTAINTY_MEASURE_WITH_UNIT (LENGTH_MEASURE( 1.000000000000000082E-05 ), #3664, 'distance_accuracy_value', 'NONE');
#4353 = CARTESIAN_POINT ( 'NONE',  ( 0.1596359296218436141, -0.04717802069556794459, 0.000000000000000000 ) ) ;
#4354 = SURFACE_STYLE_USAGE ( .BOTH. , #409 ) ;
#4355 = VERTEX_POINT ( 'NONE', #2232 ) ;
#4356 = CARTESIAN_POINT ( 'NONE',  ( -0.1248113413744411787, -0.04541023761817704341, 0.01000000000000000021 ) ) ;
#4357 = EDGE_CURVE ( 'NONE', #4351, #511, #1921, .T. ) ;
#4358 = DIRECTION ( 'NONE',  ( 0.000000000000000000, -1.000000000000000000, -0.000000000000000000 ) ) ;
#4359 = FACE_OUTER_BOUND ( 'NONE', #2438, .T. ) ;
#4360 = DIRECTION ( 'NONE',  ( -0.000000000000000000, -0.000000000000000000, -1.000000000000000000 ) ) ;
#4361 = VERTEX_POINT ( 'NONE', #1880 ) ;
#4362 = PLANE ( 'NONE',  #3842 ) ;
#4363 = CARTESIAN_POINT ( 'NONE',  ( -0.9999999999999997780, -0.9999999999999993339, -0.02500000000000000139 ) ) ;
#4364 = CARTESIAN_POINT ( 'NONE',  ( 0.1163824188829342549, 0.06415060457532516247, 0.01000000000000000021 ) ) ;
#4365 = SURFACE_STYLE_FILL_AREA ( #1158 ) ;
#4366 = CARTESIAN_POINT ( 'NONE',  ( 0.1876551876840869271, -0.04698896583708987718, 0.01000000000000000021 ) ) ;
#4367 = CARTESIAN_POINT ( 'NONE',  ( -0.01181948293048725590, -0.002974907608091332655, 0.000000000000000000 ) ) ;
#4368 = ORIENTED_EDGE ( 'NONE', *, *, #1235, .T. ) ;
#4369 = FILL_AREA_STYLE ('',( #191 ) ) ;
#4370 = EDGE_LOOP ( 'NONE', ( #2087, #1607, #2025, #3777 ) ) ;
#4371 = FACE_OUTER_BOUND ( 'NONE', #5, .T. ) ;
#4372 = SURFACE_STYLE_FILL_AREA ( #4005 ) ;
#4373 = ORIENTED_EDGE ( 'NONE', *, *, #402, .T. ) ;
#4374 = VECTOR ( 'NONE', #3040, 1000.000000000000000 ) ;
#4375 = CARTESIAN_POINT ( 'NONE',  ( -0.1469212747338673741, -0.01366431277717045784, 0.01000000000000000021 ) ) ;
#4376 = ADVANCED_FACE ( 'NONE', ( #2204 ), #4405, .T. ) ;
#4377 = COLOUR_RGB ( '',1.000000000000000000, 1.000000000000000000, 1.000000000000000000 ) ;
#4378 = DIRECTION ( 'NONE',  ( -0.000000000000000000, -0.000000000000000000, 1.000000000000000000 ) ) ;
#4379 = AXIS2_PLACEMENT_3D ( 'NONE', #2255, #489, #1900 ) ;
#4380 = CARTESIAN_POINT ( 'NONE',  ( -0.6000000000000001998, -0.9999999999999991118, -0.02500000000000000139 ) ) ;
#4381 = CARTESIAN_POINT ( 'NONE',  ( -0.08919181524756045198, -0.07065783443735962344, 0.01000000000000000021 ) ) ;
#4382 = ORIENTED_EDGE ( 'NONE', *, *, #1034, .T. ) ;
#4383 = VECTOR ( 'NONE', #580, 1000.000000000000000 ) ;
#4384 = FACE_OUTER_BOUND ( 'NONE', #485, .T. ) ;
#4385 = CARTESIAN_POINT ( 'NONE',  ( -0.2467089646378043122, 0.06104948263581110729, 0.01000000000000000021 ) ) ;
#4386 =( NAMED_UNIT ( * ) PLANE_ANGLE_UNIT ( ) SI_UNIT ( $, .RADIAN. ) );
#4387 = FILL_AREA_STYLE_COLOUR ( '', #4011 ) ;
#4388 = COLOUR_RGB ( '',0.9686274509803921573, 0.8784313725490195957, 0.5999999999999999778 ) ;
#4389 = EDGE_CURVE ( 'NONE', #1117, #2056, #2647, .T. ) ;
#4390 = LINE ( 'NONE', #1589, #806 ) ;
#4391 = ORIENTED_EDGE ( 'NONE', *, *, #1569, .T. ) ;
#4392 = AXIS2_PLACEMENT_3D ( 'NONE', #4231, #4571, #3555 ) ;
#4393 = EDGE_CURVE ( 'NONE', #1876, #1363, #4059, .T. ) ;
#4394 =( NAMED_UNIT ( * ) SI_UNIT ( $, .STERADIAN. ) SOLID_ANGLE_UNIT ( ) );
#4395 = UNCERTAINTY_MEASURE_WITH_UNIT (LENGTH_MEASURE( 1.000000000000000082E-05 ), #1183, 'distance_accuracy_value', 'NONE');
#4396 = CARTESIAN_POINT ( 'NONE',  ( 0.1286278795905795580, 0.08110840010330529204, 1.355252715606880543E-17 ) ) ;
#4397 = PLANE ( 'NONE',  #3348 ) ;
#4398 = DIRECTION ( 'NONE',  ( -0.9353882635801357148, -0.3536223923290754967, 0.000000000000000000 ) ) ;
#4399 = CARTESIAN_POINT ( 'NONE',  ( -0.2000000000000000944, -0.1999999999999991229, -0.02500000000000000139 ) ) ;
#4400 = LINE ( 'NONE', #3697, #1934 ) ;
#4401 = DIRECTION ( 'NONE',  ( 0.3393303772748775815, 0.9406672605435404400, 0.000000000000000000 ) ) ;
#4402 = ORIENTED_EDGE ( 'NONE', *, *, #1823, .F. ) ;
#4403 = CARTESIAN_POINT ( 'NONE',  ( -0.1691365561012189711, 0.006228598489469635083, 1.016439536705160407E-17 ) ) ;
#4404 = SURFACE_STYLE_USAGE ( .BOTH. , #4037 ) ;
#4405 = PLANE ( 'NONE',  #3257 ) ;
#4406 = DIRECTION ( 'NONE',  ( 0.000000000000000000, -1.000000000000000000, 0.000000000000000000 ) ) ;
#4407 = DIRECTION ( 'NONE',  ( -0.000000000000000000, -0.000000000000000000, -1.000000000000000000 ) ) ;
#4408 = ORIENTED_EDGE ( 'NONE', *, *, #1966, .T. ) ;
#4409 = EDGE_CURVE ( 'NONE', #2876, #3092, #1587, .T. ) ;
#4410 = DIRECTION ( 'NONE',  ( 1.000000000000000000, -0.000000000000000000, -0.000000000000000000 ) ) ;
#4411 = CARTESIAN_POINT ( 'NONE',  ( 0.1993279283367649368, 0.02641293864900335145, 0.01000000000000000021 ) ) ;
#4412 = DIRECTION ( 'NONE',  ( 0.000000000000000000, -1.000000000000000000, 0.000000000000000000 ) ) ;
#4413 = CARTESIAN_POINT ( 'NONE',  ( 0.1533710194366915691, 0.05825753532812969621, 0.000000000000000000 ) ) ;
#4414 = LINE ( 'NONE', #929, #3414 ) ;
#4415 = CARTESIAN_POINT ( 'NONE',  ( 0.1782834784084160740, 0.02825613707184408338, 0.01000000000000000021 ) ) ;
#4416 = CARTESIAN_POINT ( 'NONE',  ( 0.1562216043953288114, 0.07584587973499638813, 0.000000000000000000 ) ) ;
#4417 = CLOSED_SHELL ( 'NONE', ( #2388, #49, #4095, #3856, #4376, #2397 ) ) ;
#4418 = ORIENTED_EDGE ( 'NONE', *, *, #2872, .T. ) ;
#4419 = DIRECTION ( 'NONE',  ( 0.000000000000000000, 0.000000000000000000, -1.000000000000000000 ) ) ;
#4420 = CARTESIAN_POINT ( 'NONE',  ( 0.1999999999999999833, 0.3999999999999999667, -0.02500000000000000139 ) ) ;
#4421 = VECTOR ( 'NONE', #2713, 1000.000000000000000 ) ;
#4422 = CARTESIAN_POINT ( 'NONE',  ( 0.1207698745243498267, 0.08113452568027995637, 0.000000000000000000 ) ) ;
#4423 = CARTESIAN_POINT ( 'NONE',  ( 0.1781791882400857729, -0.05699660555117222471, 6.776263578034402713E-18 ) ) ;
#4424 = CARTESIAN_POINT ( 'NONE',  ( 0.1241746739515493109, 0.08115893218998203318, 0.01000000000000000021 ) ) ;
#4425 = ORIENTED_EDGE ( 'NONE', *, *, #2884, .F. ) ;
#4426 = PRESENTATION_LAYER_ASSIGNMENT (  '', '', ( #1837 ) ) ;
#4427 = CARTESIAN_POINT ( 'NONE',  ( -0.1146332413880750689, -0.05037542049599038479, 0.01000000000000000021 ) ) ;
#4428 = CARTESIAN_POINT ( 'NONE',  ( 0.2011154107806602809, -0.01428529396350554544, 0.000000000000000000 ) ) ;
#4429 =( NAMED_UNIT ( * ) SI_UNIT ( $, .STERADIAN. ) SOLID_ANGLE_UNIT ( ) );
#4430 = ADVANCED_FACE ( 'NONE', ( #2254 ), #2568, .T. ) ;
#4431 = UNCERTAINTY_MEASURE_WITH_UNIT (LENGTH_MEASURE( 1.000000000000000082E-05 ), #1635, 'distance_accuracy_value', 'NONE');
#4432 = CARTESIAN_POINT ( 'NONE',  ( 0.9999999999999991118, 0.9999999999999995559, 0.2000000000000000111 ) ) ;
#4433 = CARTESIAN_POINT ( 'NONE',  ( 0.1939025221530849830, 0.04092784348848220455, 1.355252715606880543E-17 ) ) ;
#4434 = FACE_OUTER_BOUND ( 'NONE', #1140, .T. ) ;
#4435 = CARTESIAN_POINT ( 'NONE',  ( 0.5999999999999992006, 0.9999999999999995559, -0.02500000000000000139 ) ) ;
#4436 = AXIS2_PLACEMENT_3D ( 'NONE', #2525, #1512, #2934 ) ;
#4437 = COLOUR_RGB ( '',0.9686274509803921573, 0.8784313725490195957, 0.5999999999999999778 ) ;
#4438 = DIRECTION ( 'NONE',  ( -1.000000000000000000, 0.000000000000000000, 0.000000000000000000 ) ) ;
#4439 = CARTESIAN_POINT ( 'NONE',  ( -0.2569414341499994814, 0.07934216556264037101, 0.01000000000000000021 ) ) ;
#4440 = EDGE_CURVE ( 'NONE', #2944, #3069, #796, .T. ) ;
#4441 = DIRECTION ( 'NONE',  ( 0.000000000000000000, 1.000000000000000000, 0.000000000000000000 ) ) ;
#4442 = CARTESIAN_POINT ( 'NONE',  ( -0.09769003981585140661, -0.07050407944171321883, 0.01000000000000000021 ) ) ;
#4443 = ORIENTED_EDGE ( 'NONE', *, *, #3024, .F. ) ;
#4444 = COLOUR_RGB ( '',0.2235294117647058654, 0.2235294117647058654, 0.2235294117647058654 ) ;
#4445 = ORIENTED_EDGE ( 'NONE', *, *, #3229, .F. ) ;
#4446 = EDGE_LOOP ( 'NONE', ( #4200, #4477, #4541, #3298 ) ) ;
#4447 =( GEOMETRIC_REPRESENTATION_CONTEXT ( 3 ) GLOBAL_UNCERTAINTY_ASSIGNED_CONTEXT ( ( #3688 ) ) GLOBAL_UNIT_ASSIGNED_CONTEXT ( ( #2194, #1449, #1752 ) ) REPRESENTATION_CONTEXT ( 'NONE', 'WORKASPACE' ) );
#4448 = CARTESIAN_POINT ( 'NONE',  ( -0.01913655610121900441, -0.05419441980321328123, 0.000000000000000000 ) ) ;
#4449 = CARTESIAN_POINT ( 'NONE',  ( 0.09424783659229746258, 0.07669911689190619941, 0.000000000000000000 ) ) ;
#4450 = FACE_OUTER_BOUND ( 'NONE', #2128, .T. ) ;
#4451 = ORIENTED_EDGE ( 'NONE', *, *, #2569, .T. ) ;
#4452 = AXIS2_PLACEMENT_3D ( 'NONE', #448, #2545, #1504 ) ;
#4453 =( LENGTH_UNIT ( ) NAMED_UNIT ( * ) SI_UNIT ( .MILLI., .METRE. ) );
#4454 = PRESENTATION_STYLE_ASSIGNMENT (( #2739 ) ) ;
#4455 = AXIS2_PLACEMENT_3D ( 'NONE', #1088, #745, #3183 ) ;
#4456 = EDGE_CURVE ( 'NONE', #667, #3948, #106, .T. ) ;
#4457 = CARTESIAN_POINT ( 'NONE',  ( -0.1468805621397740457, 0.02508412576055414275, 0.01000000000000000021 ) ) ;
#4458 = CARTESIAN_POINT ( 'NONE',  ( 0.1857993397548579340, 0.05369931564066379726, 0.01000000000000000021 ) ) ;
#4459 = STYLED_ITEM ( 'NONE', ( #3485 ), #3978 ) ;
#4460 = PLANE ( 'NONE',  #2553 ) ;
#4461 = AXIS2_PLACEMENT_3D ( 'NONE', #4089, #1861, #536 ) ;
#4462 = SURFACE_SIDE_STYLE ('',( #3393 ) ) ;
#4463 = CARTESIAN_POINT ( 'NONE',  ( 0.1257472091426834471, 0.06470801922117695726, 0.01000000000000000021 ) ) ;
#4464 = ADVANCED_FACE ( 'NONE', ( #2927 ), #2950, .F. ) ;
#4465 = CARTESIAN_POINT ( 'NONE',  ( 0.1799874032950719016, 0.02238553849147353544, 0.01000000000000000021 ) ) ;
#4466 = CARTESIAN_POINT ( 'NONE',  ( 0.1157749877790491960, 0.08082846579041116919, 0.01000000000000000021 ) ) ;
#4467 =( NAMED_UNIT ( * ) SI_UNIT ( $, .STERADIAN. ) SOLID_ANGLE_UNIT ( ) );
#4468 = ORIENTED_EDGE ( 'NONE', *, *, #3234, .F. ) ;
#4469 = ORIENTED_EDGE ( 'NONE', *, *, #1021, .T. ) ;
#4470 = CARTESIAN_POINT ( 'NONE',  ( -0.1661392564739384847, -0.01794240553340393021, 0.01000000000000000021 ) ) ;
#4471 = PRESENTATION_LAYER_ASSIGNMENT (  '', '', ( #4332 ) ) ;
#4472 = CARTESIAN_POINT ( 'NONE',  ( 0.9999999999999988898, -0.3999999999999995226, -0.02500000000000000139 ) ) ;
#4473 = CARTESIAN_POINT ( 'NONE',  ( 0.1157749877790491960, 0.08082846579041116919, 0.000000000000000000 ) ) ;
#4474 =( LENGTH_UNIT ( ) NAMED_UNIT ( * ) SI_UNIT ( .MILLI., .METRE. ) );
#4475 = ORIENTED_EDGE ( 'NONE', *, *, #4250, .F. ) ;
#4476 = EDGE_CURVE ( 'NONE', #2122, #3377, #3403, .T. ) ;
#4477 = ORIENTED_EDGE ( 'NONE', *, *, #3510, .F. ) ;
#4478 = LINE ( 'NONE', #924, #1463 ) ;
#4479 = CARTESIAN_POINT ( 'NONE',  ( -0.01547801951585310240, 0.06287875092849402880, 0.01000000000000000021 ) ) ;
#4480 = SURFACE_STYLE_FILL_AREA ( #2740 ) ;
#4481 = UNCERTAINTY_MEASURE_WITH_UNIT (LENGTH_MEASURE( 1.000000000000000082E-05 ), #2023, 'distance_accuracy_value', 'NONE');
#4482 = CARTESIAN_POINT ( 'NONE',  ( 0.1491513181951160116, 0.07822146916470459899, 1.355252715606880543E-17 ) ) ;
#4483 = FACE_OUTER_BOUND ( 'NONE', #3058, .T. ) ;
#4484 = CARTESIAN_POINT ( 'NONE',  ( 0.1624253921950582769, 0.05193058637513109366, 0.000000000000000000 ) ) ;
#4485 = SURFACE_STYLE_USAGE ( .BOTH. , #4462 ) ;
#4486 =( NAMED_UNIT ( * ) PLANE_ANGLE_UNIT ( ) SI_UNIT ( $, .RADIAN. ) );
#4487 = CARTESIAN_POINT ( 'NONE',  ( -0.04840484878414582498, 0.07934216556264037101, 0.000000000000000000 ) ) ;
#4488 = DIRECTION ( 'NONE',  ( 0.000000000000000000, 1.000000000000000000, 0.000000000000000000 ) ) ;
#4489 = ADVANCED_FACE ( 'NONE', ( #1328 ), #1896, .T. ) ;
#4490 = VERTEX_POINT ( 'NONE', #3097 ) ;
#4491 = ORIENTED_EDGE ( 'NONE', *, *, #2214, .T. ) ;
#4492 = CARTESIAN_POINT ( 'NONE',  ( 0.9999999999999991118, 0.9999999999999995559, 0.2000000000000000111 ) ) ;
#4493 = CARTESIAN_POINT ( 'NONE',  ( -0.1605552562339389866, 0.04275797250977034919, 1.016439536705160407E-17 ) ) ;
#4494 = FACE_BOUND ( 'NONE', #477, .T. ) ;
#4495 = VERTEX_POINT ( 'NONE', #1962 ) ;
#4496 = FACE_OUTER_BOUND ( 'NONE', #3152, .T. ) ;
#4497 = ORIENTED_EDGE ( 'NONE', *, *, #3906, .F. ) ;
#4498 = CARTESIAN_POINT ( 'NONE',  ( -0.09278540484925811016, 0.06283480180312984997, 6.776263578034402713E-18 ) ) ;
#4499 = SURFACE_STYLE_USAGE ( .BOTH. , #3080 ) ;
#4500 = DIRECTION ( 'NONE',  ( -1.000000000000000000, 4.336808689942017736E-16, 0.000000000000000000 ) ) ;
#4501 = SURFACE_SIDE_STYLE ('',( #1662 ) ) ;
#4502 = VECTOR ( 'NONE', #1494, 1000.000000000000000 ) ;
#4503 = B_SPLINE_CURVE_WITH_KNOTS ( 'NONE', 3,
 ( #2903, #2923, #4318, #1851, #43, #1500, #2196, #3271, #1199, #125, #3971, #2947, #1136, #2566, #4057, #2969, #4343, #848, #505 ),
 .UNSPECIFIED., .F., .F.,
 ( 4, 1, 1, 1, 1, 1, 1, 1, 1, 1, 1, 1, 1, 1, 1, 1, 4 ),
 ( 0.000000000000000000, 0.06783324845577354267, 0.1326555365079041537, 0.1950508840508276553, 0.2555829330687771073, 0.3147998341472897366, 0.3736004728263744856, 0.4325455953267434706, 0.4924306292835652910, 0.5526712559629693988, 0.6125130441881163623, 0.6726102503570062785, 0.7338383693139458597, 0.7965942385677737825, 0.8614497992905730817, 0.9291989423509052770, 0.9999999999999998890 ),
 .UNSPECIFIED. ) ;
#4504 =( GEOMETRIC_REPRESENTATION_CONTEXT ( 3 ) GLOBAL_UNCERTAINTY_ASSIGNED_CONTEXT ( ( #313 ) ) GLOBAL_UNIT_ASSIGNED_CONTEXT ( ( #2282, #1933, #3018 ) ) REPRESENTATION_CONTEXT ( 'NONE', 'WORKASPACE' ) );
#4505 = LINE ( 'NONE', #1318, #2528 ) ;
#4506 = FILL_AREA_STYLE_COLOUR ( '', #319 ) ;
#4507 = DIRECTION ( 'NONE',  ( 0.000000000000000000, -1.000000000000000000, 0.000000000000000000 ) ) ;
#4508 = EDGE_CURVE ( 'NONE', #1924, #2779, #923, .T. ) ;
#4509 = DIRECTION ( 'NONE',  ( 1.000000000000000000, -0.000000000000000000, -0.000000000000000000 ) ) ;
#4510 = DIRECTION ( 'NONE',  ( 4.336808689942019215E-16, -1.000000000000000000, 0.000000000000000000 ) ) ;
#4511 = ORIENTED_EDGE ( 'NONE', *, *, #1344, .T. ) ;
#4512 = ORIENTED_EDGE ( 'NONE', *, *, #3657, .T. ) ;
#4513 = CARTESIAN_POINT ( 'NONE',  ( -0.1068179714505699540, 0.07824546367658169466, 0.01000000000000000021 ) ) ;
#4514 = AXIS2_PLACEMENT_3D ( 'NONE', #31, #679, #2421 ) ;
#4515 = CARTESIAN_POINT ( 'NONE',  ( -0.06852680000365800328, -0.05419441980321328123, 0.01000000000000000021 ) ) ;
#4516 = VERTEX_POINT ( 'NONE', #40 ) ;
#4517 = CARTESIAN_POINT ( 'NONE',  ( 0.1739530131985547179, -0.03155382219847635561, 0.01000000000000000021 ) ) ;
#4518 = CARTESIAN_POINT ( 'NONE',  ( -0.2490241323207310620, 0.05053118995288427562, 0.000000000000000000 ) ) ;
#4519 = COLOUR_RGB ( '',0.9686274509803921573, 0.8784313725490195957, 0.5999999999999999778 ) ;
#4520 = CARTESIAN_POINT ( 'NONE',  ( 0.1259187030451224820, 0.08117143385532328559, 0.01000000000000000021 ) ) ;
#4521 = SURFACE_STYLE_FILL_AREA ( #1335 ) ;
#4522 = SURFACE_STYLE_USAGE ( .BOTH. , #1684 ) ;
#4523 = UNCERTAINTY_MEASURE_WITH_UNIT (LENGTH_MEASURE( 1.000000000000000082E-05 ), #314, 'distance_accuracy_value', 'NONE');
#4524 = EDGE_CURVE ( 'NONE', #962, #29, #3544, .T. ) ;
#4525 = COLOUR_RGB ( '',0.2235294117647058654, 0.2235294117647058654, 0.2235294117647058654 ) ;
#4526 = DIRECTION ( 'NONE',  ( 0.000000000000000000, 1.000000000000000000, 0.000000000000000000 ) ) ;
#4527 = EDGE_CURVE ( 'NONE', #15, #1057, #3944, .T. ) ;
#4528 = VECTOR ( 'NONE', #364, 1000.000000000000000 ) ;
#4529 = FILL_AREA_STYLE ('',( #1275 ) ) ;
#4530 = VERTEX_POINT ( 'NONE', #4222 ) ;
#4531 = PRESENTATION_STYLE_ASSIGNMENT (( #2819 ) ) ;
#4532 = SURFACE_STYLE_FILL_AREA ( #1364 ) ;
#4533 = VECTOR ( 'NONE', #198, 1000.000000000000000 ) ;
#4534 = ORIENTED_EDGE ( 'NONE', *, *, #3993, .F. ) ;
#4535 = EDGE_CURVE ( 'NONE', #2953, #29, #1401, .T. ) ;
#4536 = EDGE_CURVE ( 'NONE', #2402, #3262, #2873, .T. ) ;
#4537 = CARTESIAN_POINT ( 'NONE',  ( 0.04122929755731759294, 0.01348850702605500218, 0.01000000000000000021 ) ) ;
#4538 =( GEOMETRIC_REPRESENTATION_CONTEXT ( 3 ) GLOBAL_UNCERTAINTY_ASSIGNED_CONTEXT ( ( #2718 ) ) GLOBAL_UNIT_ASSIGNED_CONTEXT ( ( #994, #249, #4114 ) ) REPRESENTATION_CONTEXT ( 'NONE', 'WORKASPACE' ) );
#4539 = EDGE_CURVE ( 'NONE', #1945, #4127, #4190, .T. ) ;
#4540 = LINE ( 'NONE', #631, #361 ) ;
#4541 = ORIENTED_EDGE ( 'NONE', *, *, #3553, .T. ) ;
#4542 = ORIENTED_EDGE ( 'NONE', *, *, #2187, .T. ) ;
#4543 = CARTESIAN_POINT ( 'NONE',  ( 0.09199839097908210639, -0.04719666268601647313, -0.000000000000000000 ) ) ;
#4544 = FACE_BOUND ( 'NONE', #939, .T. ) ;
#4545 = SURFACE_SIDE_STYLE ('',( #3012 ) ) ;
#4546 = ORIENTED_EDGE ( 'NONE', *, *, #3280, .T. ) ;
#4547 = LINE ( 'NONE', #1404, #2354 ) ;
#4548 = VERTEX_POINT ( 'NONE', #2106 ) ;
#4549 = LINE ( 'NONE', #1042, #579 ) ;
#4550 = CARTESIAN_POINT ( 'NONE',  ( 0.1041682707229979604, -0.06882216394160835249, 0.01000000000000000021 ) ) ;
#4551 = EDGE_CURVE ( 'NONE', #915, #3102, #2174, .T. ) ;
#4552 = PRESENTATION_STYLE_ASSIGNMENT (( #3043 ) ) ;
#4553 = VERTEX_POINT ( 'NONE', #2463 ) ;
#4554 = CARTESIAN_POINT ( 'NONE',  ( 1.000000000000000000, -1.000000000000000000, -0.02500000000000000139 ) ) ;
#4555 = EDGE_LOOP ( 'NONE', ( #1333, #3400, #2780, #707 ) ) ;
#4556 = STYLED_ITEM ( 'NONE', ( #2731 ), #2068 ) ;
#4557 = DIRECTION ( 'NONE',  ( -1.000000000000000000, 0.000000000000000000, 0.000000000000000000 ) ) ;
#4558 = CARTESIAN_POINT ( 'NONE',  ( 0.1277796134223599667, 0.06466431880828030221, 0.01000000000000000021 ) ) ;
#4559 = FILL_AREA_STYLE_COLOUR ( '', #2149 ) ;
#4560 = EDGE_LOOP ( 'NONE', ( #67, #1078, #1795, #3677 ) ) ;
#4561 = EDGE_LOOP ( 'NONE', ( #2587, #4257, #86, #2032 ) ) ;
#4562 = CARTESIAN_POINT ( 'NONE',  ( -1.000000000000000000, -0.3999999999999995226, -0.02500000000000000139 ) ) ;
#4563 = CARTESIAN_POINT ( 'NONE',  ( 0.1133688561049159271, -0.05474758778551409855, 0.000000000000000000 ) ) ;
#4564 = ORIENTED_EDGE ( 'NONE', *, *, #2228, .F. ) ;
#4565 = DIRECTION ( 'NONE',  ( -0.000000000000000000, -0.000000000000000000, -1.000000000000000000 ) ) ;
#4566 = ORIENTED_EDGE ( 'NONE', *, *, #1376, .F. ) ;
#4567 = CARTESIAN_POINT ( 'NONE',  ( 0.9999999999999991118, 0.3999999999999999667, -0.02500000000000000139 ) ) ;
#4568 = CARTESIAN_POINT ( 'NONE',  ( -0.04840484878414582498, -0.07065783443735962344, 0.000000000000000000 ) ) ;
#4569 = SURFACE_SIDE_STYLE ('',( #289 ) ) ;
#4570 = ADVANCED_FACE ( 'NONE', ( #1425 ), #3123, .T. ) ;
#4571 = DIRECTION ( 'NONE',  ( 0.000000000000000000, 1.000000000000000000, 0.000000000000000000 ) ) ;
#4572 = EDGE_LOOP ( 'NONE', ( #4443, #3792, #1606, #4003 ) ) ;
#4573 = DIRECTION ( 'NONE',  ( 0.9466707760722533616, 0.3222024856061133091, -0.000000000000000000 ) ) ;
#4574 = CARTESIAN_POINT ( 'NONE',  ( -0.1637071921949252440, -0.02519232325921996057, 0.000000000000000000 ) ) ;
#4575 = MECHANICAL_DESIGN_GEOMETRIC_PRESENTATION_REPRESENTATION (  '', ( #1762 ), #3685 ) ;
#4576 = ORIENTED_EDGE ( 'NONE', *, *, #883, .F. ) ;
#4577 = STYLED_ITEM ( 'NONE', ( #190 ), #1720 ) ;
#4578 = CARTESIAN_POINT ( 'NONE',  ( 0.9999999999999991118, 0.3999999999999999667, 0.000000000000000000 ) ) ;
#4579 =( NAMED_UNIT ( * ) PLANE_ANGLE_UNIT ( ) SI_UNIT ( $, .RADIAN. ) );
#4580 = CARTESIAN_POINT ( 'NONE',  ( 0.1624253921950582769, 0.05193058637513109366, 0.01000000000000000021 ) ) ;
#4581 = LINE ( 'NONE', #1773, #1781 ) ;
#4582 = ORIENTED_EDGE ( 'NONE', *, *, #1657, .T. ) ;
#4583 = STYLED_ITEM ( 'NONE', ( #2970 ), #4376 ) ;
#4584 = VERTEX_POINT ( 'NONE', #1780 ) ;
#4585 =( NAMED_UNIT ( * ) SI_UNIT ( $, .STERADIAN. ) SOLID_ANGLE_UNIT ( ) );
#4586 = EDGE_CURVE ( 'NONE', #1485, #2269, #3874, .T. ) ;
#4587 = PLANE ( 'NONE',  #1756 ) ;
#4588 = SURFACE_STYLE_USAGE ( .BOTH. , #3176 ) ;
#4589 = AXIS2_PLACEMENT_3D ( 'NONE', #2272, #3974, #507 ) ;
#4590 =( LENGTH_UNIT ( ) NAMED_UNIT ( * ) SI_UNIT ( .MILLI., .METRE. ) );
#4591 = CARTESIAN_POINT ( 'NONE',  ( -1.000000000000000000, 1.000000000000000000, 0.000000000000000000 ) ) ;
#4592 = STYLED_ITEM ( 'NONE', ( #698 ), #2612 ) ;
#4593 = CARTESIAN_POINT ( 'NONE',  ( 0.09061954145975663344, -0.06288344419345719138, 0.01000000000000000021 ) ) ;
ENDSEC;
END-ISO-10303-21;
