#VRML V2.0 utf8
# 3D model generated by easyeda2kicad.py (https://github.com/uPesy/easyeda2kicad.py)

Shape{
    appearance Appearance {
        material  Material 	{
            diffuseColor 1.0 1.0 1.0
            specularColor 0.5019607843137255 0.5019607843137255 0.5019607843137255
            ambientIntensity 0.2
            transparency 0
            shininess 0.5
        }
    }
    geometry IndexedFaceSet {
        ccw TRUE
        solid FALSE
        coord DEF co Coordinate {
            point [
                0.3937 0.5906 -0.6043, 0.6102 0.5906 -0.6043, 0.3937 1.0039 -0.6043, 0.6102 1.0039 -0.6043, 0.3937 0.5906 -0.6594, 0.6102 0.5906 -0.6594, 0.3937 1.0039 -0.5256, 0.3937 1.0433 -0.5256, 0.3937 1.0433 -0.6594, 0.6102 1.0433 -0.5256, 0.6102 1.0433 -0.6594, 0.6102 1.0039 -0.5256, -0.0984 0.5906 -0.6043, 0.0984 0.5906 -0.6043, -0.0984 1.0039 -0.6043, 0.0984 1.0039 -0.6043, -0.0984 0.5906 -0.6594, 0.0984 0.5906 -0.6594, -0.0984 1.0039 -0.5256, -0.0984 1.0433 -0.5256, -0.0984 1.0433 -0.6594, 0.0984 1.0433 -0.5256, 0.0984 1.0433 -0.6594, 0.0984 1.0039 -0.5256, -0.6102 0.5906 -0.6043, -0.3937 0.5906 -0.6043, -0.6102 1.0039 -0.6043, -0.3937 1.0039 -0.6043, -0.6102 0.5906 -0.6594, -0.3937 0.5906 -0.6594, -0.6102 1.0039 -0.5256, -0.6102 1.0433 -0.5256, -0.6102 1.0433 -0.6594, -0.3937 1.0433 -0.5256, -0.3937 1.0433 -0.6594, -0.3937 1.0039 -0.5256, -0.3937 1.0039 -0.5256
            ]
        }
        coordIndex [
            0,1,2,-1,2,1,3,-1,4,5,0,-1,0,5,1,-1,6,7,2,-1,2,7,8,-1,2,8,0,-1,0,8,4,-1,9,10,7,-1,7,10,8,-1,1,5,3,-1,3,5,10,-1,3,10,11,-1,11,10,9,-1,8,10,4,-1,4,10,5,-1,11,6,3,-1,3,6,2,-1,7,6,9,-1,9,6,11,-1,12,13,14,-1,14,13,15,-1,16,17,12,-1,12,17,13,-1,18,19,14,-1,14,19,20,-1,14,20,12,-1,12,20,16,-1,21,22,19,-1,19,22,20,-1,13,17,15,-1,15,17,22,-1,15,22,23,-1,23,22,21,-1,20,22,16,-1,16,22,17,-1,23,18,15,-1,15,18,14,-1,19,18,21,-1,21,18,23,-1,24,25,26,-1,26,25,27,-1,28,29,24,-1,24,29,25,-1,30,31,26,-1,26,31,32,-1,26,32,24,-1,24,32,28,-1,33,34,31,-1,31,34,32,-1,25,29,27,-1,27,29,34,-1,27,34,35,-1,35,34,33,-1,32,34,28,-1,28,34,29,-1,35,30,27,-1,27,30,26,-1,31,30,33,-1,33,30,35,-1,
        ]
    }
}
Shape{
    appearance Appearance {
        material  Material 	{
            diffuseColor 0.5019607843137255 0.5019607843137255 0.5019607843137255
            specularColor 0.25098039215686274 0.25098039215686274 0.25098039215686274
            ambientIntensity 0.2
            transparency 0
            shininess 0.5
        }
    }
    geometry IndexedFaceSet {
        ccw TRUE
        solid FALSE
        coord DEF co Coordinate {
            point [
                0.6201 0.689 -0.6398, 0.7972 0.689 -0.6398, 0.7972 0.3525 -0.6398, 0.6102 1.0039 -0.6398, 0.6201 1.0039 -0.6398, 0.6102 0.5906 -0.6398, 0.3937 0.5906 -0.6398, 0.0544 0.3525 -0.6398, 0.0485 0.3529 -0.6398, 0.0984 0.5906 -0.6398, 0.0416 0.3525 -0.6398, -0.0353 0.5906 -0.6398, -0.0984 0.5906 -0.6398, -0.0353 0.3525 -0.6398, -0.6201 1.0039 -0.6398, -0.6102 1.0039 -0.6398, -0.6201 0.689 -0.6398, -0.6102 0.5906 -0.6398, -0.3937 0.5906 -0.6398, -0.3937 1.0039 -0.6398, -0.0984 1.0039 -0.6398, -0.7972 0.3525 -0.6398, -0.7972 0.689 -0.6398, -0.1832 0.2732 -0.6398, -0.374 0.0787 -0.6398, -0.1524 0.352 -0.6398, -0.374 0.2756 -0.6398, -0.7972 0.2756 -0.6398, -0.1637 0.2953 -0.6398, -0.1311 0.2953 -0.6398, -0.1716 0.2732 -0.6398, -0.1236 0.2732 -0.6398, -0.043 0.2732 -0.6398, -0.043 0.352 -0.6398, -0.0652 0.352 -0.6398, -0.1419 0.352 -0.6398, -0.0766 0.3508 -0.6398, -0.0858 0.3475 -0.6398, -0.0943 0.3418 -0.6398, -0.1121 0.2732 -0.6398, -0.1024 0.2948 -0.6398, -0.0979 0.2878 -0.6398, -0.0914 0.2816 -0.6398, -0.0353 0.0787 -0.6398, -0.0944 0.3417 -0.6398, -0.1 0.3355 -0.6398, -0.1037 0.3288 -0.6398, -0.0832 0.2768 -0.6398, -0.0741 0.2741 -0.6398, -0.0644 0.2732 -0.6398, -0.1058 0.321 -0.6398, -0.1063 0.3136 -0.6398, -0.1052 0.3031 -0.6398, 0.0485 0.3443 -0.6398, 0.0562 0.3434 -0.6398, 0.0314 0.2852 -0.6398, 0.0147 0.352 -0.6398, 0.0391 0.3523 -0.6398, 0.0389 0.343 -0.6398, 0.03 0.286 -0.6398, 0.03 0.3392 -0.6398, -0.0257 0.352 -0.6398, 0.0754 0.2799 -0.6398, 0.0813 0.2862 -0.6398, 0.0953 0.2819 -0.6398, 0.0855 0.2937 -0.6398, 0.1251 0.2819 -0.6398, 0.0844 0.3312 -0.6398, 0.0798 0.3386 -0.6398, 0.1251 0.352 -0.6398, 0.0727 0.3454 -0.6398, 0.0652 0.3497 -0.6398, -0.0257 0.3433 -0.6398, 0.7972 0.2756 -0.6398, 0.374 0.2756 -0.6398, 0.0565 0.3523 -0.6398, 0.1356 0.352 -0.6398, 0.0041 0.3433 -0.6398, 0.0041 0.3174 -0.6398, -0.0238 0.3174 -0.6398, 0.0621 0.3413 -0.6398, 0.0676 0.3376 -0.6398, 0.0723 0.3324 -0.6398, 0.078 0.3118 -0.6398, 0.0772 0.3032 -0.6398, 0.0751 0.2965 -0.6398, 0.0576 0.2817 -0.6398, 0.0502 0.2809 -0.6398, 0.0633 0.2838 -0.6398, 0.0681 0.2871 -0.6398, 0.0718 0.291 -0.6398, 0.0398 0.2821 -0.6398, 0.0041 0.3088 -0.6398, 0.0041 0.2819 -0.6398, -0.0238 0.3088 -0.6398, -0.0276 0.2819 -0.6398, 0.0756 0.3263 -0.6398, 0.0777 0.3179 -0.6398, 0.0953 0.2732 -0.6398, 0.0614 0.2733 -0.6398, 0.069 0.2759 -0.6398, 0.03 0.3498 -0.6398, 0.0147 0.2732 -0.6398, 0.03 0.2773 -0.6398, 0.0878 0.302 -0.6398, 0.0886 0.3111 -0.6398, 0.0875 0.3223 -0.6398, 0.0495 0.2723 -0.6398, 0.0517 0.2723 -0.6398, 0.374 0.0787 -0.6398, 0.1356 0.2732 -0.6398, 0.3937 1.0039 -0.6398, 0.0984 1.0039 -0.6398, 0.0384 0.2739 -0.6398, -0.0276 0.2732 -0.6398, 0.0492 0.8465 0.4036, 0.1575 0.8465 0.4823, 0.0696 0.8465 0.388, 0.0852 0.8465 0.3676, 0.5078 0.8465 0.0896, 0.496 0.8465 0.1181, 0.6988 0.8465 0.0886, -0.0 0.8465 -0.1018, -0.0951 0.8465 0.2929, -0.0852 0.8465 0.2692, -0.1575 0.8465 -0.1673, -0.0492 0.8465 -0.115, -0.0696 0.8465 -0.1307, -0.1575 0.8465 -0.4035, -0.0984 0.8465 -0.2003, -0.0951 0.8465 -0.2257, -0.0852 0.8465 -0.2495, -0.0696 0.8465 -0.2699, 0.0255 0.8465 -0.2953, 0.0492 0.8465 -0.2855, 0.1575 0.8465 -0.4035, 0.0696 0.8465 -0.2699, 0.1575 0.8465 -0.1673, -0.0492 0.8465 0.4036, -0.0696 0.8465 0.388, -0.1575 0.8465 0.4823, 0.0492 0.8465 0.2331, 0.0696 0.8465 0.2488, 0.1575 0.8465 0.2854, 0.0852 0.8465 0.2692, -0.0255 0.8465 0.2233, 0.2756 0.8465 0.0591, 0.0 0.8465 0.2199, 0.0255 0.8465 0.2233, 0.502 0.8465 0.2854, 0.4772 0.8465 0.1426, 0.4528 0.8465 0.1613, -0.0696 0.8465 0.2488, -0.0492 0.8465 0.2331, 0.0255 0.8465 -0.1052, 0.0492 0.8465 -0.115, -0.0852 0.8465 -0.151, -0.0951 0.8465 -0.1748, -0.0492 0.8465 -0.2855, -0.0255 0.8465 -0.2953, 0.0 0.8465 -0.2987, 0.0255 0.8465 0.4134, -0.0 0.8465 0.4168, -0.0255 0.8465 0.4134, -0.0852 0.8465 0.3676, -0.0951 0.8465 0.3438, -0.1575 0.8465 0.2854, -0.0984 0.8465 0.3184, 0.0951 0.8465 0.2929, 0.0984 0.8465 0.3184, 0.0951 0.8465 0.3438, -0.5118 0.8465 0.0591, -0.6988 0.8465 0.0295, -0.5078 0.8465 0.0896, -0.6988 0.8465 0.0886, -0.2756 0.8465 0.0591, -0.0255 0.8465 -0.1052, -0.2796 0.8465 0.0896, -0.2914 0.8465 0.1181, -0.3102 0.8465 0.1426, -0.3346 0.8465 0.1613, -0.4243 0.8465 0.1731, -0.502 0.8465 0.2854, -0.3937 0.8465 0.1772, -0.3631 0.8465 0.1731, 0.2796 0.8465 0.0285, 0.2914 0.8465 0.0, 0.3102 0.8465 -0.0245, 0.4243 0.8465 0.1731, 0.3937 0.8465 0.1772, 0.3631 0.8465 0.1731, 0.0852 0.8465 -0.2495, 0.0951 0.8465 -0.2257, 0.0984 0.8465 -0.2003, -0.4528 0.8465 0.1613, -0.4772 0.8465 0.1426, -0.496 0.8465 0.1181, 0.3346 0.8465 -0.0432, 0.3631 0.8465 -0.055, 0.502 0.8465 -0.1673, 0.3937 0.8465 -0.0591, 0.4243 0.8465 -0.055, 0.4528 0.8465 -0.0432, 0.4772 0.8465 -0.0245, 0.6988 0.8465 0.0295, 0.496 0.8465 0.0, 0.5078 0.8465 0.0285, 0.5118 0.8465 0.0591, 0.0951 0.8465 -0.1748, 0.0852 0.8465 -0.151, 0.0696 0.8465 -0.1307, -0.5078 0.8465 0.0285, -0.496 0.8465 0.0, -0.502 0.8465 -0.1673, -0.4772 0.8465 -0.0245, -0.4528 0.8465 -0.0432, 0.3346 0.8465 0.1613, 0.3102 0.8465 0.1426, 0.2914 0.8465 0.1181, 0.2796 0.8465 0.0896, -0.4243 0.8465 -0.055, -0.3937 0.8465 -0.0591, -0.3631 0.8465 -0.055, -0.3346 0.8465 -0.0432, -0.3102 0.8465 -0.0245, -0.2914 0.8465 0.0, -0.2796 0.8465 0.0285, 0.502 1.0039 0.2854, 0.1575 1.0039 0.2854, 0.1575 1.0039 0.4823, 0.0984 1.0039 -0.6043, -0.3937 1.0039 -0.6043, -0.1575 1.0039 -0.4035, -0.502 1.0039 -0.1673, -0.1575 1.0039 -0.1673, -0.6102 1.0039 -0.6043, -0.6201 1.0039 -0.2461, -0.0984 1.0039 -0.6043, 0.1575 1.0039 -0.4035, 0.3937 1.0039 -0.6043, 0.6102 1.0039 -0.6043, -0.6988 1.0039 0.0295, -0.7972 1.0039 -0.2461, -0.6988 1.0039 0.0886, -0.7972 1.0039 0.3642, -0.502 1.0039 0.2854, -0.6201 1.0039 0.3642, -0.6201 1.0039 0.6398, 0.6201 1.0039 -0.2461, 0.502 1.0039 -0.1673, 0.7972 1.0039 -0.2461, 0.6988 1.0039 0.0295, 0.7972 1.0039 0.3642, 0.6988 1.0039 0.0886, 0.6201 1.0039 0.3642, 0.6201 1.0039 0.6398, -0.1575 1.0039 0.4823, -0.1575 1.0039 0.2854, 0.1575 1.0039 -0.1673, -0.7972 0.2756 -0.0755, -0.7972 0.0787 0.6398, -0.7972 0.689 0.6398, -0.7972 0.689 0.3642, -0.7972 0.689 -0.2461, -0.7972 0.0787 -0.0755, -0.6201 0.689 0.6398, 0.7972 0.0787 0.6398, 0.7972 0.689 0.6398, 0.6201 0.689 0.6398, 0.7972 0.689 -0.2461, 0.7972 0.0787 -0.0755, 0.7972 0.2756 -0.0755, 0.7972 0.689 0.3642, 0.3839 0.0787 0.0, 0.378 0.0787 -0.0667, 0.0 0.0787 -0.3839, -0.0667 0.0787 -0.378, -0.1313 0.0787 -0.3607, -0.1919 0.0787 -0.3324, 0.3607 0.0787 -0.1313, 0.3324 0.0787 -0.1919, 0.2941 0.0787 -0.2467, 0.2467 0.0787 -0.2941, -0.2467 0.0787 -0.2941, -0.2941 0.0787 -0.2467, 0.1919 0.0787 -0.3324, 0.1313 0.0787 -0.3607, 0.0667 0.0787 -0.378, -0.3324 0.0787 0.1919, -0.2941 0.0787 0.2467, -0.3324 0.0787 -0.1919, -0.3607 0.0787 -0.1313, -0.378 0.0787 -0.0667, -0.2467 0.0787 0.2941, -0.1919 0.0787 0.3324, -0.1313 0.0787 0.3607, -0.3839 0.0787 -0.0, -0.378 0.0787 0.0667, -0.3607 0.0787 0.1313, -0.0667 0.0787 0.378, -0.0 0.0787 0.3839, 0.0667 0.0787 0.378, 0.1313 0.0787 0.3607, 0.1919 0.0787 0.3324, 0.2467 0.0787 0.2941, 0.2941 0.0787 0.2467, 0.3324 0.0787 0.1919, 0.3607 0.0787 0.1313, 0.378 0.0787 0.0667, 0.6201 0.689 0.3642, 0.6201 0.689 -0.2461, -0.6201 0.689 -0.2461, -0.6201 0.689 0.3642, -0.0984 0.689 0.3184, -0.0951 0.689 0.3438, -0.0852 0.689 0.3676, -0.0696 0.689 0.388, -0.0492 0.689 0.4036, -0.0255 0.689 0.4134, -0.0 0.689 0.4168, 0.0255 0.689 0.4134, 0.0492 0.689 0.4036, 0.0696 0.689 0.388, 0.0852 0.689 0.3676, 0.0951 0.689 0.3438, 0.0984 0.689 0.3184, 0.0951 0.689 0.2929, 0.0852 0.689 0.2692, 0.0696 0.689 0.2488, 0.0492 0.689 0.2331, 0.0255 0.689 0.2233, 0.0 0.689 0.2199, -0.0255 0.689 0.2233, -0.0492 0.689 0.2331, -0.0696 0.689 0.2488, -0.0852 0.689 0.2692, -0.0951 0.689 0.2929, 0.0 0.689 0.3184, -0.0984 0.689 -0.2003, -0.0951 0.689 -0.1748, -0.0852 0.689 -0.151, -0.0696 0.689 -0.1307, -0.0492 0.689 -0.115, -0.0255 0.689 -0.1052, -0.0 0.689 -0.1018, 0.0255 0.689 -0.1052, 0.0492 0.689 -0.115, 0.0696 0.689 -0.1307, 0.0852 0.689 -0.151, 0.0951 0.689 -0.1748, 0.0984 0.689 -0.2003, 0.0951 0.689 -0.2257, 0.0852 0.689 -0.2495, 0.0696 0.689 -0.2699, 0.0492 0.689 -0.2855, 0.0255 0.689 -0.2953, 0.0 0.689 -0.2987, -0.0255 0.689 -0.2953, -0.0492 0.689 -0.2855, -0.0696 0.689 -0.2699, -0.0852 0.689 -0.2495, -0.0951 0.689 -0.2257, 0.0 0.689 -0.2003, 0.2756 0.689 0.0591, 0.2796 0.689 0.0896, 0.2914 0.689 0.1181, 0.3102 0.689 0.1426, 0.3346 0.689 0.1613, 0.3631 0.689 0.1731, 0.3937 0.689 0.1772, 0.4243 0.689 0.1731, 0.4528 0.689 0.1613, 0.4772 0.689 0.1426, 0.496 0.689 0.1181, 0.5078 0.689 0.0896, 0.5118 0.689 0.0591, 0.5078 0.689 0.0285, 0.496 0.689 0.0, 0.4772 0.689 -0.0245, 0.4528 0.689 -0.0432, 0.4243 0.689 -0.055, 0.3937 0.689 -0.0591, 0.3631 0.689 -0.055, 0.3346 0.689 -0.0432, 0.3102 0.689 -0.0245, 0.2914 0.689 0.0, 0.2796 0.689 0.0285, 0.3937 0.689 0.0591, -0.5118 0.689 0.0591, -0.5078 0.689 0.0896, -0.496 0.689 0.1181, -0.4772 0.689 0.1426, -0.4528 0.689 0.1613, -0.4243 0.689 0.1731, -0.3937 0.689 0.1772, -0.3631 0.689 0.1731, -0.3346 0.689 0.1613, -0.3102 0.689 0.1426, -0.2914 0.689 0.1181, -0.2796 0.689 0.0896, -0.2756 0.689 0.0591, -0.2796 0.689 0.0285, -0.2914 0.689 0.0, -0.3102 0.689 -0.0245, -0.3346 0.689 -0.0432, -0.3631 0.689 -0.055, -0.3937 0.689 -0.0591, -0.4243 0.689 -0.055, -0.4528 0.689 -0.0432, -0.4772 0.689 -0.0245, -0.496 0.689 0.0, -0.5078 0.689 0.0285, -0.3937 0.689 0.0591, -0.3937 0.689 0.0591
            ]
        }
        coordIndex [
            0,1,2,-1,3,4,0,-1,3,0,5,-1,5,0,2,-1,5,2,6,-1,7,8,9,-1,9,8,10,-1,9,10,11,-1,12,11,13,-1,14,15,16,-1,16,15,17,-1,18,19,20,-1,20,12,18,-1,18,12,13,-1,18,13,17,-1,17,13,21,-1,17,21,16,-1,16,21,22,-1,23,24,25,-1,25,24,26,-1,25,26,27,-1,28,29,30,-1,30,29,31,-1,32,33,13,-1,13,33,34,-1,27,21,25,-1,25,21,13,-1,25,13,35,-1,35,13,34,-1,34,36,35,-1,35,36,37,-1,35,37,38,-1,39,40,41,-1,41,42,39,-1,39,42,43,-1,39,43,31,-1,31,43,24,-1,31,24,30,-1,30,24,23,-1,38,44,35,-1,35,44,45,-1,35,45,46,-1,42,47,43,-1,43,47,48,-1,43,48,49,-1,46,50,35,-1,35,50,51,-1,35,51,39,-1,39,51,52,-1,39,52,40,-1,53,54,55,-1,56,10,57,-1,53,55,58,-1,58,55,59,-1,58,59,60,-1,11,10,13,-1,13,10,56,-1,13,56,61,-1,62,63,64,-1,64,63,65,-1,64,65,66,-1,67,68,69,-1,69,68,70,-1,69,70,71,-1,49,32,43,-1,43,32,13,-1,43,13,72,-1,72,13,61,-1,2,73,74,-1,71,75,69,-1,69,75,7,-1,69,7,76,-1,77,78,72,-1,72,78,79,-1,54,80,55,-1,55,80,81,-1,55,81,82,-1,83,84,55,-1,55,84,85,-1,86,87,88,-1,88,87,89,-1,85,90,55,-1,55,90,89,-1,55,89,91,-1,91,89,87,-1,92,93,94,-1,94,93,95,-1,82,96,55,-1,55,96,97,-1,55,97,83,-1,98,99,64,-1,64,99,100,-1,64,100,62,-1,57,101,56,-1,56,101,60,-1,56,60,102,-1,102,60,59,-1,102,59,103,-1,65,104,66,-1,66,104,105,-1,66,105,69,-1,69,105,106,-1,69,106,67,-1,43,107,108,-1,108,99,43,-1,43,99,98,-1,43,98,109,-1,109,98,110,-1,109,110,74,-1,74,110,76,-1,74,76,2,-1,2,76,7,-1,2,7,6,-1,6,7,9,-1,6,9,111,-1,111,9,112,-1,103,113,102,-1,102,113,107,-1,102,107,114,-1,114,107,43,-1,114,43,95,-1,95,43,72,-1,95,72,94,-1,94,72,79,-1,115,116,117,-1,117,116,118,-1,119,120,121,-1,122,123,124,-1,125,126,127,-1,128,125,129,-1,129,130,128,-1,128,130,131,-1,128,131,132,-1,133,134,135,-1,135,134,136,-1,135,136,137,-1,138,139,140,-1,141,142,143,-1,143,142,144,-1,137,145,146,-1,146,145,147,-1,146,147,148,-1,121,120,149,-1,149,120,150,-1,149,150,151,-1,124,152,122,-1,122,152,153,-1,122,153,154,-1,154,153,145,-1,154,145,155,-1,127,156,125,-1,125,156,157,-1,125,157,129,-1,132,158,128,-1,128,158,159,-1,128,159,135,-1,135,159,160,-1,135,160,133,-1,115,161,116,-1,116,161,162,-1,116,162,140,-1,140,162,163,-1,140,163,138,-1,139,164,140,-1,140,164,165,-1,140,165,166,-1,166,165,167,-1,166,167,123,-1,144,168,143,-1,143,168,169,-1,143,169,116,-1,116,169,170,-1,116,170,118,-1,171,172,173,-1,173,172,174,-1,175,122,176,-1,123,122,166,-1,166,122,175,-1,166,175,177,-1,177,178,166,-1,166,178,179,-1,166,179,180,-1,181,182,183,-1,183,182,166,-1,183,166,184,-1,184,166,180,-1,146,185,137,-1,137,185,186,-1,137,186,187,-1,151,188,149,-1,149,188,189,-1,149,189,143,-1,143,189,190,-1,136,191,137,-1,137,191,192,-1,137,192,193,-1,181,194,182,-1,182,194,195,-1,182,195,174,-1,174,195,196,-1,174,196,173,-1,187,197,137,-1,137,197,198,-1,137,198,199,-1,199,198,200,-1,199,200,201,-1,201,202,199,-1,199,202,203,-1,199,203,204,-1,203,205,204,-1,204,205,206,-1,204,206,121,-1,121,206,207,-1,121,207,119,-1,193,208,137,-1,137,208,209,-1,137,209,145,-1,145,209,210,-1,145,210,155,-1,171,211,172,-1,172,211,212,-1,172,212,213,-1,213,212,214,-1,213,214,215,-1,190,216,143,-1,143,216,217,-1,143,217,141,-1,141,217,218,-1,141,218,148,-1,148,218,219,-1,148,219,146,-1,215,220,213,-1,213,220,221,-1,213,221,125,-1,125,221,222,-1,222,223,125,-1,125,223,224,-1,125,224,126,-1,126,224,225,-1,126,225,176,-1,176,225,226,-1,176,226,175,-1,227,228,229,-1,111,112,230,-1,19,231,232,-1,232,231,233,-1,232,233,234,-1,15,14,235,-1,235,14,236,-1,20,19,237,-1,237,19,232,-1,237,232,230,-1,230,232,238,-1,230,238,111,-1,111,238,239,-1,4,3,240,-1,231,235,233,-1,233,235,236,-1,233,236,241,-1,241,236,242,-1,241,242,243,-1,243,242,244,-1,243,244,245,-1,245,244,246,-1,245,246,247,-1,248,249,250,-1,250,249,251,-1,250,251,252,-1,252,251,253,-1,252,253,254,-1,254,253,227,-1,254,227,255,-1,255,227,229,-1,255,229,247,-1,247,229,256,-1,247,256,245,-1,245,256,257,-1,238,258,239,-1,239,258,249,-1,239,249,240,-1,240,249,248,-1,240,248,4,-1,227,149,228,-1,228,149,143,-1,182,245,166,-1,166,245,257,-1,199,249,137,-1,137,249,258,-1,233,213,234,-1,234,213,125,-1,21,27,259,-1,260,261,262,-1,242,263,244,-1,244,263,262,-1,22,21,263,-1,263,21,259,-1,263,259,262,-1,262,259,264,-1,262,264,260,-1,265,261,260,-1,266,267,268,-1,255,247,268,-1,268,247,265,-1,268,265,266,-1,266,265,260,-1,2,1,269,-1,266,270,271,-1,250,252,269,-1,269,252,272,-1,73,2,271,-1,271,2,269,-1,271,269,266,-1,266,269,272,-1,266,272,267,-1,270,273,274,-1,43,275,276,-1,43,276,24,-1,24,276,277,-1,24,277,278,-1,274,279,270,-1,270,279,280,-1,270,280,109,-1,109,280,281,-1,109,281,282,-1,278,283,24,-1,24,283,284,-1,24,284,264,-1,282,285,109,-1,109,285,286,-1,109,286,43,-1,43,286,287,-1,43,287,275,-1,260,288,289,-1,284,290,264,-1,264,290,291,-1,264,291,292,-1,289,293,260,-1,260,293,294,-1,260,294,295,-1,292,296,264,-1,264,296,297,-1,264,297,260,-1,260,297,298,-1,260,298,288,-1,295,299,260,-1,260,299,300,-1,260,300,266,-1,266,300,301,-1,266,301,302,-1,302,303,266,-1,266,303,304,-1,266,304,305,-1,305,306,266,-1,266,306,307,-1,266,307,270,-1,270,307,308,-1,270,308,273,-1,268,309,255,-1,255,309,254,-1,309,272,254,-1,254,272,252,-1,309,268,272,-1,272,268,267,-1,269,310,250,-1,250,310,248,-1,310,0,248,-1,248,0,4,-1,0,310,1,-1,1,310,269,-1,16,311,14,-1,14,311,236,-1,311,263,236,-1,236,263,242,-1,263,311,22,-1,22,311,16,-1,262,312,244,-1,244,312,246,-1,312,265,246,-1,246,265,247,-1,312,262,265,-1,265,262,261,-1,121,149,253,-1,253,149,227,-1,182,174,245,-1,245,174,243,-1,174,172,243,-1,243,172,241,-1,172,213,241,-1,241,213,233,-1,199,204,249,-1,249,204,251,-1,204,121,251,-1,251,121,253,-1,128,232,125,-1,125,232,234,-1,238,135,258,-1,258,135,137,-1,238,232,135,-1,135,232,128,-1,116,229,143,-1,143,229,228,-1,256,140,257,-1,257,140,166,-1,256,229,140,-1,140,229,116,-1,313,167,314,-1,314,167,165,-1,314,165,315,-1,315,165,164,-1,315,164,316,-1,316,164,139,-1,316,139,317,-1,317,139,138,-1,317,138,318,-1,318,138,163,-1,318,163,319,-1,319,163,162,-1,319,162,320,-1,320,162,161,-1,320,161,321,-1,321,161,115,-1,321,115,322,-1,322,115,117,-1,322,117,323,-1,323,117,118,-1,323,118,324,-1,324,118,170,-1,324,170,325,-1,325,170,169,-1,325,169,326,-1,326,169,168,-1,326,168,327,-1,327,168,144,-1,327,144,328,-1,328,144,142,-1,328,142,329,-1,329,142,141,-1,329,141,330,-1,330,141,148,-1,330,148,331,-1,331,148,147,-1,331,147,332,-1,332,147,145,-1,332,145,333,-1,333,145,153,-1,333,153,334,-1,334,153,152,-1,334,152,335,-1,335,152,124,-1,335,124,336,-1,336,124,123,-1,336,123,313,-1,313,123,167,-1,323,324,337,-1,337,324,325,-1,337,325,326,-1,320,321,337,-1,337,321,322,-1,337,322,323,-1,317,318,337,-1,337,318,319,-1,337,319,320,-1,314,315,337,-1,337,315,316,-1,337,316,317,-1,335,336,337,-1,337,336,313,-1,337,313,314,-1,332,333,337,-1,337,333,334,-1,337,334,335,-1,329,330,337,-1,337,330,331,-1,337,331,332,-1,326,327,337,-1,337,327,328,-1,337,328,329,-1,338,129,339,-1,339,129,157,-1,339,157,340,-1,340,157,156,-1,340,156,341,-1,341,156,127,-1,341,127,342,-1,342,127,126,-1,342,126,343,-1,343,126,176,-1,343,176,344,-1,344,176,122,-1,344,122,345,-1,345,122,154,-1,345,154,346,-1,346,154,155,-1,346,155,347,-1,347,155,210,-1,347,210,348,-1,348,210,209,-1,348,209,349,-1,349,209,208,-1,349,208,350,-1,350,208,193,-1,350,193,351,-1,351,193,192,-1,351,192,352,-1,352,192,191,-1,352,191,353,-1,353,191,136,-1,353,136,354,-1,354,136,134,-1,354,134,355,-1,355,134,133,-1,355,133,356,-1,356,133,160,-1,356,160,357,-1,357,160,159,-1,357,159,358,-1,358,159,158,-1,358,158,359,-1,359,158,132,-1,359,132,360,-1,360,132,131,-1,360,131,361,-1,361,131,130,-1,361,130,338,-1,338,130,129,-1,360,361,362,-1,362,361,338,-1,362,338,339,-1,357,358,362,-1,362,358,359,-1,362,359,360,-1,354,355,362,-1,362,355,356,-1,362,356,357,-1,351,352,362,-1,362,352,353,-1,362,353,354,-1,348,349,362,-1,362,349,350,-1,362,350,351,-1,345,346,362,-1,362,346,347,-1,362,347,348,-1,342,343,362,-1,362,343,344,-1,362,344,345,-1,339,340,362,-1,362,340,341,-1,362,341,342,-1,363,146,364,-1,364,146,219,-1,364,219,365,-1,365,219,218,-1,365,218,366,-1,366,218,217,-1,366,217,367,-1,367,217,216,-1,367,216,368,-1,368,216,190,-1,368,190,369,-1,369,190,189,-1,369,189,370,-1,370,189,188,-1,370,188,371,-1,371,188,151,-1,371,151,372,-1,372,151,150,-1,372,150,373,-1,373,150,120,-1,373,120,374,-1,374,120,119,-1,374,119,375,-1,375,119,207,-1,375,207,376,-1,376,207,206,-1,376,206,377,-1,377,206,205,-1,377,205,378,-1,378,205,203,-1,378,203,379,-1,379,203,202,-1,379,202,380,-1,380,202,201,-1,380,201,381,-1,381,201,200,-1,381,200,382,-1,382,200,198,-1,382,198,383,-1,383,198,197,-1,383,197,384,-1,384,197,187,-1,384,187,385,-1,385,187,186,-1,385,186,386,-1,386,186,185,-1,386,185,363,-1,363,185,146,-1,385,386,387,-1,387,386,363,-1,387,363,364,-1,382,383,387,-1,387,383,384,-1,387,384,385,-1,379,380,387,-1,387,380,381,-1,387,381,382,-1,376,377,387,-1,387,377,378,-1,387,378,379,-1,373,374,387,-1,387,374,375,-1,387,375,376,-1,370,371,387,-1,387,371,372,-1,387,372,373,-1,367,368,387,-1,387,368,369,-1,387,369,370,-1,364,365,387,-1,387,365,366,-1,387,366,367,-1,388,171,389,-1,389,171,173,-1,389,173,390,-1,390,173,196,-1,390,196,391,-1,391,196,195,-1,391,195,392,-1,392,195,194,-1,392,194,393,-1,393,194,181,-1,393,181,394,-1,394,181,183,-1,394,183,395,-1,395,183,184,-1,395,184,396,-1,396,184,180,-1,396,180,397,-1,397,180,179,-1,397,179,398,-1,398,179,178,-1,398,178,399,-1,399,178,177,-1,399,177,400,-1,400,177,175,-1,400,175,401,-1,401,175,226,-1,401,226,402,-1,402,226,225,-1,402,225,403,-1,403,225,224,-1,403,224,404,-1,404,224,223,-1,404,223,405,-1,405,223,222,-1,405,222,406,-1,406,222,221,-1,406,221,407,-1,407,221,220,-1,407,220,408,-1,408,220,215,-1,408,215,409,-1,409,215,214,-1,409,214,410,-1,410,214,212,-1,410,212,411,-1,411,212,211,-1,411,211,388,-1,388,211,171,-1,398,399,412,-1,412,399,400,-1,412,400,401,-1,395,396,412,-1,412,396,397,-1,412,397,398,-1,392,393,412,-1,412,393,394,-1,412,394,395,-1,389,390,412,-1,412,390,391,-1,412,391,392,-1,410,411,412,-1,412,411,388,-1,412,388,389,-1,407,408,412,-1,412,408,409,-1,412,409,410,-1,404,405,412,-1,412,405,406,-1,412,406,407,-1,401,402,412,-1,412,402,403,-1,412,403,404,-1,74,271,109,-1,109,271,270,-1,73,271,74,-1,259,26,264,-1,264,26,24,-1,27,26,259,-1,
        ]
    }
}
Shape{
    appearance Appearance {
        material  Material 	{
            diffuseColor 0.5019607843137255 0.25098039215686274 0.25098039215686274
            specularColor 0.44313725490196076 0.2196078431372549 0.2196078431372549
            ambientIntensity 0.2
            transparency 0
            shininess 0.5
        }
    }
    geometry IndexedFaceSet {
        ccw TRUE
        solid FALSE
        coord DEF co Coordinate {
            point [
                -0.0984 1.0039 -0.6043, -0.0984 0.5906 -0.6043, -0.0984 1.0039 -0.6398, -0.0984 0.5906 -0.6398, 0.0984 0.5906 -0.6043, 0.0984 0.5906 -0.6398, -0.0353 0.5906 -0.6398, 0.0984 1.0039 -0.6043, 0.0984 1.0039 -0.6398, -0.6102 1.0039 -0.6043, -0.6102 0.5906 -0.6043, -0.6102 1.0039 -0.6398, -0.6102 0.5906 -0.6398, -0.3937 0.5906 -0.6043, -0.3937 0.5906 -0.6398, -0.3937 1.0039 -0.6043, -0.3937 1.0039 -0.6398, 0.6102 0.5906 -0.6043, 0.6102 1.0039 -0.6043, 0.6102 0.5906 -0.6398, 0.6102 1.0039 -0.6398, 0.3937 1.0039 -0.6043, 0.3937 0.5906 -0.6043, 0.3937 1.0039 -0.6398, 0.3937 0.5906 -0.6398, 0.3937 0.5906 -0.6398
            ]
        }
        coordIndex [
            0,1,2,-1,2,1,3,-1,4,5,1,-1,1,5,6,-1,1,6,3,-1,4,7,5,-1,5,7,8,-1,7,4,0,-1,0,4,1,-1,9,10,11,-1,11,10,12,-1,10,13,12,-1,12,13,14,-1,13,15,14,-1,14,15,16,-1,15,13,9,-1,9,13,10,-1,17,18,19,-1,19,18,20,-1,21,22,23,-1,23,22,24,-1,22,17,24,-1,24,17,19,-1,22,21,17,-1,17,21,18,-1,
        ]
    }
}
Shape{
    appearance Appearance {
        material  Material 	{
            diffuseColor 0.7529411764705882 0.7529411764705882 0.7529411764705882
            specularColor 0.3764705882352941 0.3764705882352941 0.3764705882352941
            ambientIntensity 0.2
            transparency 0
            shininess 0.5
        }
    }
    geometry IndexedFaceSet {
        ccw TRUE
        solid FALSE
        coord DEF co Coordinate {
            point [
                0.1258 -0.2973 -0.3417, 0.1245 -0.2973 -0.3421, 0.1313 0.0787 -0.3607, -0.0581 -0.2973 -0.3595, -0.0632 -0.2973 -0.3583, -0.0667 0.0787 -0.378, -0.1888 -0.2973 0.3114, -0.1819 -0.2973 0.315, -0.1919 0.0787 0.3324, 0.3634 -0.2973 0.0233, 0.3839 0.0787 0.0, 0.3583 -0.2973 0.0632, 0.378 0.0787 0.0667, 0.3574 -0.2973 0.0696, 0.3456 -0.2973 0.1147, 0.3607 0.0787 0.1313, 0.3417 -0.2973 0.1244, 0.3281 -0.2973 0.158, 0.3324 0.0787 0.1919, 0.3147 -0.2973 0.1817, 0.2941 0.0787 0.2467, 0.2788 -0.2973 0.234, 0.3052 -0.2973 0.1987, 0.2467 0.0787 0.2941, 0.2448 -0.2973 0.2696, 0.2773 -0.2973 0.2361, 0.1919 0.0787 0.3324, 0.2083 -0.2973 0.2987, 0.2337 -0.2973 0.2785, 0.1258 -0.2973 0.3417, 0.1684 -0.2973 0.3229, 0.1817 -0.2973 0.3148, 0.1245 -0.2973 0.3421, 0.1313 0.0787 0.3607, 0.081 -0.2973 0.355, 0.0667 0.0787 0.378, 0.0631 -0.2973 0.3579, -0.0667 0.0787 0.378, -0.0632 -0.2973 0.3583, -0.0581 -0.2973 0.3595, -0.0 0.0787 0.3839, -0.0117 -0.2973 0.364, -0.0 -0.2973 0.3636, 0.035 -0.2973 0.3625, -0.1036 -0.2973 0.3491, -0.1313 0.0787 0.3607, -0.1243 -0.2973 0.3415, -0.1474 -0.2973 0.333, -0.227 -0.2973 0.2847, -0.2467 0.0787 0.2941, -0.2338 -0.2973 0.2786, -0.2616 -0.2973 0.2533, -0.2941 0.0787 0.2467, -0.2784 -0.2973 0.2336, -0.3324 0.0787 0.1919, -0.3152 -0.2973 0.1819, -0.2918 -0.2973 0.2178, -0.3607 0.0787 0.1313, -0.3375 -0.2973 0.1367, -0.3173 -0.2973 0.1787, -0.3612 -0.2973 0.0466, -0.3579 -0.2973 0.0631, -0.378 0.0787 0.0667, -0.3522 -0.2973 0.0924, -0.3416 -0.2973 0.1244, -0.3641 -0.2973 -0.0, -0.3839 0.0787 -0.0, -0.3612 -0.2973 -0.0466, -0.378 0.0787 -0.0667, -0.3579 -0.2973 -0.0631, -0.3324 0.0787 -0.1919, -0.3152 -0.2973 -0.1819, -0.3173 -0.2973 -0.1787, -0.3607 0.0787 -0.1313, -0.3375 -0.2973 -0.1367, -0.3416 -0.2973 -0.1244, -0.3522 -0.2973 -0.0924, -0.2918 -0.2973 -0.2178, -0.2941 0.0787 -0.2467, -0.2784 -0.2973 -0.2336, -0.1919 0.0787 -0.3324, -0.1819 -0.2973 -0.315, -0.1888 -0.2973 -0.3114, -0.2467 0.0787 -0.2941, -0.227 -0.2973 -0.2847, -0.2338 -0.2973 -0.2786, -0.2616 -0.2973 -0.2533, -0.1474 -0.2973 -0.333, -0.1313 0.0787 -0.3607, -0.1243 -0.2973 -0.3415, -0.1036 -0.2973 -0.3491, -0.0117 -0.2973 -0.364, 0.0 0.0787 -0.3839, -0.0 -0.2973 -0.3636, 0.035 -0.2973 -0.3625, 0.0667 0.0787 -0.378, 0.0631 -0.2973 -0.3579, 0.081 -0.2973 -0.355, 0.1684 -0.2973 -0.3229, 0.1919 0.0787 -0.3324, 0.1817 -0.2973 -0.3148, 0.2941 0.0787 -0.2467, 0.2788 -0.2973 -0.234, 0.2773 -0.2973 -0.2361, 0.2467 0.0787 -0.2941, 0.2448 -0.2973 -0.2696, 0.2337 -0.2973 -0.2785, 0.2083 -0.2973 -0.2987, 0.3052 -0.2973 -0.1987, 0.3324 0.0787 -0.1919, 0.3147 -0.2973 -0.1817, 0.3607 0.0787 -0.1313, 0.378 0.0787 -0.0667, 0.3574 -0.2973 -0.0696, 0.3456 -0.2973 -0.1147, 0.3417 -0.2973 -0.1244, 0.3281 -0.2973 -0.158, 0.3641 -0.2973 -0.0, 0.3634 -0.2973 -0.0233, 0.3583 -0.2973 -0.0632, -0.3248 -0.3346 -0.0, -0.3222 -0.3346 -0.0415, 0.0 -0.3346 -0.0, -0.3011 -0.3346 0.1219, -0.3142 -0.3346 0.0824, -0.3222 -0.3346 0.0415, -0.2333 -0.3346 0.226, -0.2603 -0.3346 0.1943, -0.283 -0.3346 0.1594, -0.1315 -0.3346 0.297, -0.1684 -0.3346 0.2778, -0.2025 -0.3346 0.254, -0.0104 -0.3346 0.3247, -0.0518 -0.3346 0.3207, -0.0924 -0.3346 0.3114, 0.1122 -0.3346 0.3048, 0.0723 -0.3346 0.3167, 0.0312 -0.3346 0.3233, 0.2184 -0.3346 0.2405, 0.1858 -0.3346 0.2664, 0.1502 -0.3346 0.288, 0.2927 -0.3346 0.1409, 0.2722 -0.3346 0.1772, 0.2473 -0.3346 0.2106, 0.3242 -0.3346 0.0208, 0.3188 -0.3346 0.0621, 0.3083 -0.3346 0.1024, 0.3083 -0.3346 -0.1024, 0.3188 -0.3346 -0.0621, 0.3242 -0.3346 -0.0208, 0.2473 -0.3346 -0.2106, 0.2722 -0.3346 -0.1772, 0.2927 -0.3346 -0.1409, 0.1502 -0.3346 -0.288, 0.1858 -0.3346 -0.2664, 0.2184 -0.3346 -0.2405, 0.0312 -0.3346 -0.3233, 0.0723 -0.3346 -0.3167, 0.1122 -0.3346 -0.3048, -0.0924 -0.3346 -0.3114, -0.0518 -0.3346 -0.3207, -0.0104 -0.3346 -0.3247, -0.2025 -0.3346 -0.254, -0.1684 -0.3346 -0.2778, -0.1315 -0.3346 -0.297, -0.283 -0.3346 -0.1594, -0.2603 -0.3346 -0.1943, -0.2333 -0.3346 -0.226, -0.3142 -0.3346 -0.0824, -0.3011 -0.3346 -0.1219, -0.3359 -0.3071 -0.136, -0.3157 -0.3071 -0.1778, -0.2904 -0.3071 -0.2167, -0.2603 -0.3071 -0.2521, -0.2259 -0.3071 -0.2833, -0.1879 -0.3071 -0.3099, -0.1467 -0.3071 -0.3314, -0.1031 -0.3071 -0.3474, -0.0578 -0.3071 -0.3577, -0.0116 -0.3071 -0.3622, 0.0348 -0.3071 -0.3607, 0.0806 -0.3071 -0.3533, 0.1252 -0.3071 -0.3401, 0.1676 -0.3071 -0.3213, 0.2073 -0.3071 -0.2972, 0.2436 -0.3071 -0.2683, 0.2759 -0.3071 -0.2349, 0.3037 -0.3071 -0.1977, 0.3265 -0.3071 -0.1572, 0.3439 -0.3071 -0.1142, 0.3557 -0.3071 -0.0693, 0.3616 -0.3071 -0.0232, 0.3616 -0.3071 0.0232, 0.3557 -0.3071 0.0693, 0.3439 -0.3071 0.1142, 0.3265 -0.3071 0.1572, 0.3037 -0.3071 0.1977, 0.2759 -0.3071 0.2349, 0.2436 -0.3071 0.2683, 0.2073 -0.3071 0.2972, 0.1676 -0.3071 0.3213, 0.1252 -0.3071 0.3401, 0.0806 -0.3071 0.3533, 0.0348 -0.3071 0.3607, -0.0116 -0.3071 0.3622, -0.0578 -0.3071 0.3577, -0.1031 -0.3071 0.3474, -0.1467 -0.3071 0.3314, -0.1879 -0.3071 0.3099, -0.2259 -0.3071 0.2833, -0.2603 -0.3071 0.2521, -0.2904 -0.3071 0.2167, -0.3157 -0.3071 0.1778, -0.3359 -0.3071 0.136, -0.3505 -0.3071 0.0919, -0.3594 -0.3071 0.0463, -0.3624 -0.3071 -0.0, -0.3594 -0.3071 -0.0463, -0.3505 -0.3071 -0.0919, -0.3553 -0.3161 0.0458, -0.3465 -0.3161 0.0909, -0.332 -0.3161 0.1344, -0.3121 -0.3161 0.1758, -0.2871 -0.3161 0.2143, -0.2573 -0.3161 0.2492, -0.2233 -0.3161 0.2801, -0.1857 -0.3161 0.3063, -0.145 -0.3161 0.3276, -0.1019 -0.3161 0.3434, -0.0572 -0.3161 0.3536, -0.0115 -0.3161 0.358, 0.0344 -0.3161 0.3566, 0.0797 -0.3161 0.3492, 0.1237 -0.3161 0.3362, 0.1657 -0.3161 0.3176, 0.2049 -0.3161 0.2938, 0.2408 -0.3161 0.2652, 0.2728 -0.3161 0.2322, 0.3002 -0.3161 0.1954, 0.3227 -0.3161 0.1554, 0.34 -0.3161 0.1129, 0.3516 -0.3161 0.0685, 0.3575 -0.3161 0.023, 0.3575 -0.3161 -0.023, 0.3516 -0.3161 -0.0685, 0.34 -0.3161 -0.1129, 0.3227 -0.3161 -0.1554, 0.3002 -0.3161 -0.1954, 0.2728 -0.3161 -0.2322, 0.2408 -0.3161 -0.2652, 0.2049 -0.3161 -0.2938, 0.1657 -0.3161 -0.3176, 0.1237 -0.3161 -0.3362, 0.0797 -0.3161 -0.3492, 0.0344 -0.3161 -0.3566, -0.0115 -0.3161 -0.358, -0.0572 -0.3161 -0.3536, -0.1019 -0.3161 -0.3434, -0.145 -0.3161 -0.3276, -0.1857 -0.3161 -0.3063, -0.2233 -0.3161 -0.2801, -0.2573 -0.3161 -0.2492, -0.2871 -0.3161 -0.2143, -0.3121 -0.3161 -0.1758, -0.332 -0.3161 -0.1344, -0.3465 -0.3161 -0.0909, -0.3553 -0.3161 -0.0458, -0.3582 -0.3161 -0.0, -0.349 -0.3238 0.045, -0.3404 -0.3238 0.0893, -0.3262 -0.3238 0.1321, -0.3066 -0.3238 0.1727, -0.282 -0.3238 0.2105, -0.2528 -0.3238 0.2448, -0.2194 -0.3238 0.2752, -0.1824 -0.3238 0.301, -0.1425 -0.3238 0.3218, -0.1001 -0.3238 0.3374, -0.0562 -0.3238 0.3474, -0.0113 -0.3238 0.3518, 0.0338 -0.3238 0.3503, 0.0783 -0.3238 0.3431, 0.1215 -0.3238 0.3303, 0.1628 -0.3238 0.312, 0.2013 -0.3238 0.2886, 0.2366 -0.3238 0.2605, 0.268 -0.3238 0.2281, 0.295 -0.3238 0.192, 0.3171 -0.3238 0.1527, 0.334 -0.3238 0.1109, 0.3454 -0.3238 0.0673, 0.3512 -0.3238 0.0225, 0.3512 -0.3238 -0.0225, 0.3454 -0.3238 -0.0673, 0.334 -0.3238 -0.1109, 0.3171 -0.3238 -0.1527, 0.295 -0.3238 -0.192, 0.268 -0.3238 -0.2281, 0.2366 -0.3238 -0.2605, 0.2013 -0.3238 -0.2886, 0.1628 -0.3238 -0.312, 0.1215 -0.3238 -0.3303, 0.0783 -0.3238 -0.3431, 0.0338 -0.3238 -0.3503, -0.0113 -0.3238 -0.3518, -0.0562 -0.3238 -0.3474, -0.1001 -0.3238 -0.3374, -0.1425 -0.3238 -0.3218, -0.1824 -0.3238 -0.301, -0.2194 -0.3238 -0.2752, -0.2528 -0.3238 -0.2448, -0.282 -0.3238 -0.2105, -0.3066 -0.3238 -0.1727, -0.3262 -0.3238 -0.1321, -0.3404 -0.3238 -0.0893, -0.349 -0.3238 -0.045, -0.3519 -0.3238 -0.0, -0.3411 -0.3297 0.044, -0.3327 -0.3297 0.0872, -0.3188 -0.3297 0.1291, -0.2997 -0.3297 0.1688, -0.2756 -0.3297 0.2057, -0.2471 -0.3297 0.2393, -0.2144 -0.3297 0.2689, -0.1783 -0.3297 0.2941, -0.1392 -0.3297 0.3145, -0.0979 -0.3297 0.3297, -0.0549 -0.3297 0.3395, -0.011 -0.3297 0.3437, 0.033 -0.3297 0.3423, 0.0765 -0.3297 0.3353, 0.1188 -0.3297 0.3228, 0.1591 -0.3297 0.3049, 0.1968 -0.3297 0.2821, 0.2312 -0.3297 0.2546, 0.2619 -0.3297 0.2229, 0.2882 -0.3297 0.1876, 0.3099 -0.3297 0.1492, 0.3264 -0.3297 0.1084, 0.3376 -0.3297 0.0657, 0.3432 -0.3297 0.022, 0.3432 -0.3297 -0.022, 0.3376 -0.3297 -0.0657, 0.3264 -0.3297 -0.1084, 0.3099 -0.3297 -0.1492, 0.2882 -0.3297 -0.1876, 0.2619 -0.3297 -0.2229, 0.2312 -0.3297 -0.2546, 0.1968 -0.3297 -0.2821, 0.1591 -0.3297 -0.3049, 0.1188 -0.3297 -0.3228, 0.0765 -0.3297 -0.3353, 0.033 -0.3297 -0.3423, -0.011 -0.3297 -0.3437, -0.0549 -0.3297 -0.3395, -0.0979 -0.3297 -0.3297, -0.1392 -0.3297 -0.3145, -0.1783 -0.3297 -0.2941, -0.2144 -0.3297 -0.2689, -0.2471 -0.3297 -0.2393, -0.2756 -0.3297 -0.2057, -0.2997 -0.3297 -0.1688, -0.3188 -0.3297 -0.1291, -0.3327 -0.3297 -0.0872, -0.3411 -0.3297 -0.044, -0.3439 -0.3297 -0.0, -0.3319 -0.3334 0.0428, -0.3237 -0.3334 0.0849, -0.3102 -0.3334 0.1256, -0.2916 -0.3334 0.1642, -0.2682 -0.3334 0.2002, -0.2404 -0.3334 0.2328, -0.2087 -0.3334 0.2617, -0.1735 -0.3334 0.2862, -0.1355 -0.3334 0.306, -0.0952 -0.3334 0.3209, -0.0534 -0.3334 0.3304, -0.0107 -0.3334 0.3345, 0.0321 -0.3334 0.3331, 0.0745 -0.3334 0.3263, 0.1156 -0.3334 0.3141, 0.1548 -0.3334 0.2967, 0.1915 -0.3334 0.2745, 0.225 -0.3334 0.2478, 0.2548 -0.3334 0.217, 0.2805 -0.3334 0.1826, 0.3015 -0.3334 0.1452, 0.3176 -0.3334 0.1055, 0.3285 -0.3334 0.064, 0.334 -0.3334 0.0214, 0.334 -0.3334 -0.0214, 0.3285 -0.3334 -0.064, 0.3176 -0.3334 -0.1055, 0.3015 -0.3334 -0.1452, 0.2805 -0.3334 -0.1826, 0.2548 -0.3334 -0.217, 0.225 -0.3334 -0.2478, 0.1915 -0.3334 -0.2745, 0.1548 -0.3334 -0.2967, 0.1156 -0.3334 -0.3141, 0.0745 -0.3334 -0.3263, 0.0321 -0.3334 -0.3331, -0.0107 -0.3334 -0.3345, -0.0534 -0.3334 -0.3304, -0.0952 -0.3334 -0.3209, -0.1355 -0.3334 -0.306, -0.1735 -0.3334 -0.2862, -0.2087 -0.3334 -0.2617, -0.2404 -0.3334 -0.2328, -0.2682 -0.3334 -0.2002, -0.2916 -0.3334 -0.1642, -0.3102 -0.3334 -0.1256, -0.3237 -0.3334 -0.0849, -0.3319 -0.3334 -0.0428, -0.3347 -0.3334 -0.0, -0.3347 -0.3334 -0.0
            ]
        }
        coordIndex [
            0,1,2,-1,3,4,5,-1,6,7,8,-1,9,10,11,-1,11,10,12,-1,11,12,13,-1,13,12,14,-1,14,12,15,-1,14,15,16,-1,16,15,17,-1,17,15,18,-1,17,18,19,-1,20,21,18,-1,18,21,22,-1,18,22,19,-1,23,24,20,-1,20,24,25,-1,20,25,21,-1,26,27,23,-1,23,27,28,-1,23,28,24,-1,29,30,26,-1,26,30,31,-1,26,31,27,-1,29,26,32,-1,32,26,33,-1,32,33,34,-1,34,33,35,-1,34,35,36,-1,37,38,39,-1,37,39,40,-1,39,41,40,-1,40,41,42,-1,40,42,35,-1,35,42,43,-1,35,43,36,-1,38,37,44,-1,44,37,45,-1,44,45,46,-1,8,7,45,-1,45,7,47,-1,45,47,46,-1,6,8,48,-1,48,8,49,-1,48,49,50,-1,50,49,51,-1,51,49,52,-1,51,52,53,-1,54,55,52,-1,52,55,56,-1,52,56,53,-1,57,58,54,-1,54,58,59,-1,54,59,55,-1,60,61,62,-1,62,61,63,-1,62,63,57,-1,57,63,64,-1,57,64,58,-1,60,62,65,-1,65,62,66,-1,65,66,67,-1,67,66,68,-1,67,68,69,-1,70,71,72,-1,70,72,73,-1,72,74,73,-1,73,74,75,-1,73,75,68,-1,68,75,76,-1,68,76,69,-1,71,70,77,-1,77,70,78,-1,77,78,79,-1,80,81,82,-1,80,82,83,-1,82,84,83,-1,83,84,85,-1,83,85,78,-1,78,85,86,-1,78,86,79,-1,81,80,87,-1,87,80,88,-1,87,88,89,-1,5,4,88,-1,88,4,90,-1,88,90,89,-1,3,5,91,-1,91,5,92,-1,91,92,93,-1,93,92,94,-1,94,92,95,-1,94,95,96,-1,2,1,95,-1,95,1,97,-1,95,97,96,-1,0,2,98,-1,98,2,99,-1,98,99,100,-1,101,102,103,-1,101,103,104,-1,103,105,104,-1,104,105,106,-1,104,106,99,-1,99,106,107,-1,99,107,100,-1,102,101,108,-1,108,101,109,-1,108,109,110,-1,111,112,113,-1,113,114,111,-1,111,114,115,-1,111,115,109,-1,109,115,116,-1,109,116,110,-1,9,117,10,-1,10,117,118,-1,10,118,112,-1,112,118,119,-1,112,119,113,-1,120,121,122,-1,123,124,122,-1,122,124,125,-1,122,125,120,-1,126,127,122,-1,122,127,128,-1,122,128,123,-1,129,130,122,-1,122,130,131,-1,122,131,126,-1,132,133,122,-1,122,133,134,-1,122,134,129,-1,135,136,122,-1,122,136,137,-1,122,137,132,-1,138,139,122,-1,122,139,140,-1,122,140,135,-1,141,142,122,-1,122,142,143,-1,122,143,138,-1,144,145,122,-1,122,145,146,-1,122,146,141,-1,147,148,122,-1,122,148,149,-1,122,149,144,-1,150,151,122,-1,122,151,152,-1,122,152,147,-1,153,154,122,-1,122,154,155,-1,122,155,150,-1,156,157,122,-1,122,157,158,-1,122,158,153,-1,159,160,122,-1,122,160,161,-1,122,161,156,-1,162,163,122,-1,122,163,164,-1,122,164,159,-1,165,166,122,-1,122,166,167,-1,122,167,162,-1,121,168,122,-1,122,168,169,-1,122,169,165,-1,170,74,72,-1,170,72,171,-1,171,72,71,-1,171,71,172,-1,71,77,172,-1,172,77,79,-1,172,79,173,-1,173,79,86,-1,173,86,174,-1,174,86,85,-1,85,84,174,-1,174,84,82,-1,174,82,175,-1,175,82,81,-1,175,81,176,-1,176,81,87,-1,176,87,177,-1,177,87,89,-1,89,90,177,-1,177,90,4,-1,177,4,178,-1,4,3,178,-1,178,3,91,-1,178,91,179,-1,179,91,93,-1,179,93,180,-1,180,93,94,-1,180,94,181,-1,181,94,96,-1,96,97,181,-1,181,97,1,-1,181,1,182,-1,1,0,182,-1,182,0,98,-1,182,98,183,-1,183,98,100,-1,183,100,184,-1,184,100,107,-1,184,107,185,-1,185,107,106,-1,106,105,185,-1,185,105,103,-1,185,103,186,-1,186,103,102,-1,186,102,187,-1,102,108,187,-1,187,108,110,-1,187,110,188,-1,188,110,116,-1,188,116,189,-1,189,116,115,-1,115,114,189,-1,189,114,113,-1,189,113,190,-1,190,113,119,-1,190,119,191,-1,119,118,191,-1,191,118,117,-1,191,117,192,-1,192,117,9,-1,192,9,193,-1,193,9,11,-1,11,13,193,-1,193,13,14,-1,193,14,194,-1,194,14,16,-1,194,16,195,-1,195,16,17,-1,195,17,196,-1,196,17,19,-1,19,22,196,-1,196,22,21,-1,196,21,197,-1,21,25,197,-1,197,25,24,-1,197,24,198,-1,198,24,28,-1,198,28,199,-1,199,28,27,-1,199,27,200,-1,200,27,31,-1,31,30,200,-1,200,30,29,-1,200,29,201,-1,201,29,32,-1,201,32,202,-1,32,34,202,-1,202,34,36,-1,202,36,203,-1,203,36,43,-1,203,43,204,-1,204,43,42,-1,42,41,204,-1,204,41,39,-1,204,39,205,-1,205,39,38,-1,205,38,206,-1,38,44,206,-1,206,44,46,-1,206,46,207,-1,207,46,47,-1,207,47,208,-1,208,47,7,-1,7,6,208,-1,208,6,48,-1,208,48,209,-1,209,48,50,-1,209,50,210,-1,210,50,51,-1,210,51,211,-1,211,51,53,-1,53,56,211,-1,211,56,55,-1,211,55,212,-1,55,59,212,-1,212,59,58,-1,212,58,213,-1,213,58,64,-1,213,64,214,-1,214,64,63,-1,214,63,215,-1,215,63,61,-1,61,60,215,-1,215,60,65,-1,215,65,216,-1,216,65,67,-1,216,67,217,-1,217,67,69,-1,217,69,218,-1,218,69,76,-1,218,76,170,-1,170,76,75,-1,170,75,74,-1,216,219,215,-1,215,219,220,-1,215,220,214,-1,214,220,221,-1,214,221,213,-1,213,221,222,-1,213,222,212,-1,212,222,223,-1,212,223,211,-1,211,223,224,-1,211,224,210,-1,210,224,225,-1,210,225,209,-1,209,225,226,-1,209,226,208,-1,208,226,227,-1,208,227,207,-1,207,227,228,-1,207,228,206,-1,206,228,229,-1,206,229,205,-1,205,229,230,-1,205,230,204,-1,204,230,231,-1,204,231,203,-1,203,231,232,-1,203,232,202,-1,202,232,233,-1,202,233,201,-1,201,233,234,-1,201,234,200,-1,200,234,235,-1,200,235,199,-1,199,235,236,-1,199,236,198,-1,198,236,237,-1,198,237,197,-1,197,237,238,-1,197,238,196,-1,196,238,239,-1,196,239,195,-1,195,239,240,-1,195,240,194,-1,194,240,241,-1,194,241,193,-1,193,241,242,-1,193,242,192,-1,192,242,243,-1,192,243,191,-1,191,243,244,-1,191,244,190,-1,190,244,245,-1,190,245,189,-1,189,245,246,-1,189,246,188,-1,188,246,247,-1,188,247,187,-1,187,247,248,-1,187,248,186,-1,186,248,249,-1,186,249,185,-1,185,249,250,-1,185,250,184,-1,184,250,251,-1,184,251,183,-1,183,251,252,-1,183,252,182,-1,182,252,253,-1,182,253,181,-1,181,253,254,-1,181,254,180,-1,180,254,255,-1,180,255,179,-1,179,255,256,-1,179,256,178,-1,178,256,257,-1,178,257,177,-1,177,257,258,-1,177,258,176,-1,176,258,259,-1,176,259,175,-1,175,259,260,-1,175,260,174,-1,174,260,261,-1,174,261,173,-1,173,261,262,-1,173,262,172,-1,172,262,263,-1,172,263,171,-1,171,263,264,-1,171,264,170,-1,170,264,265,-1,170,265,218,-1,218,265,266,-1,218,266,217,-1,217,266,267,-1,217,267,216,-1,216,267,219,-1,267,268,219,-1,219,268,269,-1,219,269,220,-1,220,269,270,-1,220,270,221,-1,221,270,271,-1,221,271,222,-1,222,271,272,-1,222,272,223,-1,223,272,273,-1,223,273,224,-1,224,273,274,-1,224,274,225,-1,225,274,275,-1,225,275,226,-1,226,275,276,-1,226,276,227,-1,227,276,277,-1,227,277,228,-1,228,277,278,-1,228,278,229,-1,229,278,279,-1,229,279,230,-1,230,279,280,-1,230,280,231,-1,231,280,281,-1,231,281,232,-1,232,281,282,-1,232,282,233,-1,233,282,283,-1,233,283,234,-1,234,283,284,-1,234,284,235,-1,235,284,285,-1,235,285,236,-1,236,285,286,-1,236,286,237,-1,237,286,287,-1,237,287,238,-1,238,287,288,-1,238,288,239,-1,239,288,289,-1,239,289,240,-1,240,289,290,-1,240,290,241,-1,241,290,291,-1,241,291,242,-1,242,291,292,-1,242,292,243,-1,243,292,293,-1,243,293,244,-1,244,293,294,-1,244,294,245,-1,245,294,295,-1,245,295,246,-1,246,295,296,-1,246,296,247,-1,247,296,297,-1,247,297,248,-1,248,297,298,-1,248,298,249,-1,249,298,299,-1,249,299,250,-1,250,299,300,-1,250,300,251,-1,251,300,301,-1,251,301,252,-1,252,301,302,-1,252,302,253,-1,253,302,303,-1,253,303,254,-1,254,303,304,-1,254,304,255,-1,255,304,305,-1,255,305,256,-1,256,305,306,-1,256,306,257,-1,257,306,307,-1,257,307,258,-1,258,307,308,-1,258,308,259,-1,259,308,309,-1,259,309,260,-1,260,309,310,-1,260,310,261,-1,261,310,311,-1,261,311,262,-1,262,311,312,-1,262,312,263,-1,263,312,313,-1,263,313,264,-1,264,313,314,-1,264,314,265,-1,265,314,315,-1,265,315,266,-1,266,315,316,-1,266,316,267,-1,267,316,268,-1,316,317,268,-1,268,317,318,-1,268,318,269,-1,269,318,319,-1,269,319,270,-1,270,319,320,-1,270,320,271,-1,271,320,321,-1,271,321,272,-1,272,321,322,-1,272,322,273,-1,273,322,323,-1,273,323,274,-1,274,323,324,-1,274,324,275,-1,275,324,325,-1,275,325,276,-1,276,325,326,-1,276,326,277,-1,277,326,327,-1,277,327,278,-1,278,327,328,-1,278,328,279,-1,279,328,329,-1,279,329,280,-1,280,329,330,-1,280,330,281,-1,281,330,331,-1,281,331,282,-1,282,331,332,-1,282,332,283,-1,283,332,333,-1,283,333,284,-1,284,333,334,-1,284,334,285,-1,285,334,335,-1,285,335,286,-1,286,335,336,-1,286,336,287,-1,287,336,337,-1,287,337,288,-1,288,337,338,-1,288,338,289,-1,289,338,339,-1,289,339,290,-1,290,339,340,-1,290,340,291,-1,291,340,341,-1,291,341,292,-1,292,341,342,-1,292,342,293,-1,293,342,343,-1,293,343,294,-1,294,343,344,-1,294,344,295,-1,295,344,345,-1,295,345,296,-1,296,345,346,-1,296,346,297,-1,297,346,347,-1,297,347,298,-1,298,347,348,-1,298,348,299,-1,299,348,349,-1,299,349,300,-1,300,349,350,-1,300,350,301,-1,301,350,351,-1,301,351,302,-1,302,351,352,-1,302,352,303,-1,303,352,353,-1,303,353,304,-1,304,353,354,-1,304,354,305,-1,305,354,355,-1,305,355,306,-1,306,355,356,-1,306,356,307,-1,307,356,357,-1,307,357,308,-1,308,357,358,-1,308,358,309,-1,309,358,359,-1,309,359,310,-1,310,359,360,-1,310,360,311,-1,311,360,361,-1,311,361,312,-1,312,361,362,-1,312,362,313,-1,313,362,363,-1,313,363,314,-1,314,363,364,-1,314,364,315,-1,315,364,365,-1,315,365,316,-1,316,365,317,-1,365,366,317,-1,317,366,367,-1,317,367,318,-1,318,367,368,-1,318,368,319,-1,319,368,369,-1,319,369,320,-1,320,369,370,-1,320,370,321,-1,321,370,371,-1,321,371,322,-1,322,371,372,-1,322,372,323,-1,323,372,373,-1,323,373,324,-1,324,373,374,-1,324,374,325,-1,325,374,375,-1,325,375,326,-1,326,375,376,-1,326,376,327,-1,327,376,377,-1,327,377,328,-1,328,377,378,-1,328,378,329,-1,329,378,379,-1,329,379,330,-1,330,379,380,-1,330,380,331,-1,331,380,381,-1,331,381,332,-1,332,381,382,-1,332,382,333,-1,333,382,383,-1,333,383,334,-1,334,383,384,-1,334,384,335,-1,335,384,385,-1,335,385,336,-1,336,385,386,-1,336,386,337,-1,337,386,387,-1,337,387,338,-1,338,387,388,-1,338,388,339,-1,339,388,389,-1,339,389,340,-1,340,389,390,-1,340,390,341,-1,341,390,391,-1,341,391,342,-1,342,391,392,-1,342,392,343,-1,343,392,393,-1,343,393,344,-1,344,393,394,-1,344,394,345,-1,345,394,395,-1,345,395,346,-1,346,395,396,-1,346,396,347,-1,347,396,397,-1,347,397,348,-1,348,397,398,-1,348,398,349,-1,349,398,399,-1,349,399,350,-1,350,399,400,-1,350,400,351,-1,351,400,401,-1,351,401,352,-1,352,401,402,-1,352,402,353,-1,353,402,403,-1,353,403,354,-1,354,403,404,-1,354,404,355,-1,355,404,405,-1,355,405,356,-1,356,405,406,-1,356,406,357,-1,357,406,407,-1,357,407,358,-1,358,407,408,-1,358,408,359,-1,359,408,409,-1,359,409,360,-1,360,409,410,-1,360,410,361,-1,361,410,411,-1,361,411,362,-1,362,411,412,-1,362,412,363,-1,363,412,413,-1,363,413,364,-1,364,413,414,-1,364,414,365,-1,365,414,366,-1,414,125,366,-1,366,125,124,-1,366,124,367,-1,367,124,123,-1,367,123,368,-1,368,123,128,-1,368,128,369,-1,369,128,127,-1,369,127,370,-1,370,127,126,-1,370,126,371,-1,371,126,131,-1,371,131,372,-1,372,131,130,-1,372,130,373,-1,373,130,129,-1,373,129,374,-1,374,129,134,-1,374,134,375,-1,375,134,133,-1,375,133,376,-1,376,133,132,-1,376,132,377,-1,377,132,137,-1,377,137,378,-1,378,137,136,-1,378,136,379,-1,379,136,135,-1,379,135,380,-1,380,135,140,-1,380,140,381,-1,381,140,139,-1,381,139,382,-1,382,139,138,-1,382,138,383,-1,383,138,143,-1,383,143,384,-1,384,143,142,-1,384,142,385,-1,385,142,141,-1,385,141,386,-1,386,141,146,-1,386,146,387,-1,387,146,145,-1,387,145,388,-1,388,145,144,-1,388,144,389,-1,389,144,149,-1,389,149,390,-1,390,149,148,-1,390,148,391,-1,391,148,147,-1,391,147,392,-1,392,147,152,-1,392,152,393,-1,393,152,151,-1,393,151,394,-1,394,151,150,-1,394,150,395,-1,395,150,155,-1,395,155,396,-1,396,155,154,-1,396,154,397,-1,397,154,153,-1,397,153,398,-1,398,153,158,-1,398,158,399,-1,399,158,157,-1,399,157,400,-1,400,157,156,-1,400,156,401,-1,401,156,161,-1,401,161,402,-1,402,161,160,-1,402,160,403,-1,403,160,159,-1,403,159,404,-1,404,159,164,-1,404,164,405,-1,405,164,163,-1,405,163,406,-1,406,163,162,-1,406,162,407,-1,407,162,167,-1,407,167,408,-1,408,167,166,-1,408,166,409,-1,409,166,165,-1,409,165,410,-1,410,165,169,-1,410,169,411,-1,411,169,168,-1,411,168,412,-1,412,168,121,-1,412,121,413,-1,413,121,120,-1,413,120,414,-1,414,120,125,-1,
        ]
    }
}
Shape{
    appearance Appearance {
        material  Material 	{
            diffuseColor 0.0 0.0 0.0
            specularColor 0.0 0.0 0.0
            ambientIntensity 0.2
            transparency 0
            shininess 0.5
        }
    }
    geometry IndexedFaceSet {
        ccw TRUE
        solid FALSE
        coord DEF co Coordinate {
            point [
                -0.1524 0.352 -0.6394, -0.1832 0.2732 -0.6394, -0.1524 0.352 -0.6398, -0.1832 0.2732 -0.6398, -0.1716 0.2732 -0.6394, -0.1716 0.2732 -0.6398, -0.1637 0.2953 -0.6394, -0.1637 0.2953 -0.6398, -0.1311 0.2953 -0.6394, -0.1311 0.2953 -0.6398, -0.1236 0.2732 -0.6394, -0.1236 0.2732 -0.6398, -0.1121 0.2732 -0.6394, -0.1121 0.2732 -0.6398, -0.1419 0.352 -0.6394, -0.1419 0.352 -0.6398, -0.1338 0.304 -0.6394, -0.1455 0.3368 -0.6394, -0.1463 0.3396 -0.6394, -0.1468 0.3424 -0.6394, -0.1471 0.3424 -0.6394, -0.1476 0.3396 -0.6394, -0.1483 0.3368 -0.6394, -0.1601 0.304 -0.6394, -0.1338 0.304 -0.6398, -0.1601 0.304 -0.6398, -0.1455 0.3368 -0.6398, -0.1463 0.3396 -0.6398, -0.1468 0.3424 -0.6398, -0.1471 0.3424 -0.6398, -0.1476 0.3396 -0.6398, -0.1483 0.3368 -0.6398, -0.0644 0.2732 -0.6394, -0.043 0.2732 -0.6394, -0.0644 0.2732 -0.6398, -0.043 0.2732 -0.6398, -0.043 0.352 -0.6394, -0.043 0.352 -0.6398, -0.0652 0.352 -0.6394, -0.0652 0.352 -0.6398, -0.1063 0.3136 -0.6394, -0.1063 0.3136 -0.6398, -0.1058 0.321 -0.6398, -0.1058 0.321 -0.6394, -0.1037 0.3288 -0.6398, -0.1037 0.3288 -0.6394, -0.1 0.3355 -0.6398, -0.1 0.3355 -0.6394, -0.0944 0.3417 -0.6398, -0.0944 0.3417 -0.6394, -0.0943 0.3418 -0.6398, -0.0943 0.3418 -0.6394, -0.0858 0.3475 -0.6398, -0.0858 0.3475 -0.6394, -0.0766 0.3508 -0.6398, -0.0766 0.3508 -0.6394, -0.0741 0.2741 -0.6398, -0.0741 0.2741 -0.6394, -0.0832 0.2768 -0.6398, -0.0832 0.2768 -0.6394, -0.0914 0.2816 -0.6398, -0.0914 0.2816 -0.6394, -0.0979 0.2878 -0.6398, -0.0979 0.2878 -0.6394, -0.1024 0.2948 -0.6398, -0.1024 0.2948 -0.6394, -0.1052 0.3031 -0.6398, -0.1052 0.3031 -0.6394, -0.0905 0.3323 -0.6394, -0.0867 0.3363 -0.6394, -0.081 0.3401 -0.6394, -0.0745 0.3423 -0.6394, -0.0651 0.3433 -0.6394, -0.0535 0.3433 -0.6394, -0.0535 0.2819 -0.6394, -0.0647 0.2819 -0.6394, -0.073 0.2826 -0.6394, -0.0796 0.2847 -0.6394, -0.085 0.2879 -0.6394, -0.0894 0.2923 -0.6394, -0.0927 0.2977 -0.6394, -0.0951 0.3051 -0.6394, -0.0958 0.3134 -0.6394, -0.0951 0.3212 -0.6394, -0.0933 0.3274 -0.6394, -0.0651 0.3433 -0.6398, -0.0535 0.3433 -0.6398, -0.0745 0.3423 -0.6398, -0.081 0.3401 -0.6398, -0.0867 0.3363 -0.6398, -0.0905 0.3323 -0.6398, -0.0933 0.3274 -0.6398, -0.0951 0.3212 -0.6398, -0.0958 0.3134 -0.6398, -0.0951 0.3051 -0.6398, -0.0927 0.2977 -0.6398, -0.0894 0.2923 -0.6398, -0.085 0.2879 -0.6398, -0.0796 0.2847 -0.6398, -0.073 0.2826 -0.6398, -0.0647 0.2819 -0.6398, -0.0535 0.2819 -0.6398, -0.0276 0.2819 -0.6394, -0.0276 0.2732 -0.6394, -0.0276 0.2819 -0.6398, -0.0276 0.2732 -0.6398, 0.0147 0.2732 -0.6394, 0.0147 0.2732 -0.6398, 0.0147 0.352 -0.6394, 0.0147 0.352 -0.6398, -0.0257 0.352 -0.6394, -0.0257 0.352 -0.6398, -0.0257 0.3433 -0.6394, -0.0257 0.3433 -0.6398, 0.0041 0.3433 -0.6394, 0.0041 0.3433 -0.6398, 0.0041 0.3174 -0.6394, 0.0041 0.3174 -0.6398, -0.0238 0.3174 -0.6394, -0.0238 0.3174 -0.6398, -0.0238 0.3088 -0.6394, -0.0238 0.3088 -0.6398, 0.0041 0.3088 -0.6394, 0.0041 0.3088 -0.6398, 0.0041 0.2819 -0.6394, 0.0041 0.2819 -0.6398, 0.03 0.286 -0.6394, 0.03 0.2773 -0.6394, 0.03 0.286 -0.6398, 0.03 0.2773 -0.6398, 0.0517 0.2723 -0.6394, 0.0517 0.2723 -0.6398, 0.0495 0.2723 -0.6398, 0.0495 0.2723 -0.6394, 0.0384 0.2739 -0.6398, 0.0384 0.2739 -0.6394, 0.0886 0.3111 -0.6394, 0.0886 0.3111 -0.6398, 0.0878 0.302 -0.6398, 0.0878 0.302 -0.6394, 0.0855 0.2937 -0.6398, 0.0855 0.2937 -0.6394, 0.0813 0.2862 -0.6398, 0.0813 0.2862 -0.6394, 0.0754 0.2799 -0.6398, 0.0754 0.2799 -0.6394, 0.069 0.2759 -0.6398, 0.069 0.2759 -0.6394, 0.0614 0.2733 -0.6398, 0.0614 0.2733 -0.6394, 0.0565 0.3523 -0.6394, 0.0485 0.3529 -0.6394, 0.0544 0.3525 -0.6398, 0.0485 0.3529 -0.6398, 0.0565 0.3523 -0.6398, 0.0652 0.3497 -0.6398, 0.0652 0.3497 -0.6394, 0.0727 0.3454 -0.6398, 0.0727 0.3454 -0.6394, 0.0798 0.3386 -0.6398, 0.0798 0.3386 -0.6394, 0.0844 0.3312 -0.6398, 0.0844 0.3312 -0.6394, 0.0875 0.3223 -0.6398, 0.0875 0.3223 -0.6394, 0.0416 0.3525 -0.6398, 0.0391 0.3523 -0.6394, 0.0391 0.3523 -0.6398, 0.03 0.3498 -0.6394, 0.03 0.3498 -0.6398, 0.03 0.3392 -0.6394, 0.03 0.3392 -0.6398, 0.0485 0.3443 -0.6394, 0.0485 0.3443 -0.6398, 0.0389 0.343 -0.6398, 0.0389 0.343 -0.6394, 0.078 0.3118 -0.6394, 0.078 0.3118 -0.6398, 0.0777 0.3179 -0.6398, 0.0777 0.3179 -0.6394, 0.0756 0.3263 -0.6398, 0.0756 0.3263 -0.6394, 0.0723 0.3324 -0.6398, 0.0723 0.3324 -0.6394, 0.0676 0.3376 -0.6398, 0.0676 0.3376 -0.6394, 0.0621 0.3413 -0.6398, 0.0621 0.3413 -0.6394, 0.0562 0.3434 -0.6398, 0.0562 0.3434 -0.6394, 0.0502 0.2809 -0.6394, 0.0502 0.2809 -0.6398, 0.0576 0.2817 -0.6398, 0.0576 0.2817 -0.6394, 0.0633 0.2838 -0.6398, 0.0633 0.2838 -0.6394, 0.0681 0.2871 -0.6398, 0.0681 0.2871 -0.6394, 0.0718 0.291 -0.6398, 0.0718 0.291 -0.6394, 0.0751 0.2965 -0.6398, 0.0751 0.2965 -0.6394, 0.0772 0.3032 -0.6398, 0.0772 0.3032 -0.6394, 0.0314 0.2852 -0.6398, 0.0314 0.2852 -0.6394, 0.0398 0.2821 -0.6398, 0.0398 0.2821 -0.6394, 0.0953 0.2819 -0.6394, 0.0953 0.2732 -0.6394, 0.0953 0.2819 -0.6398, 0.0953 0.2732 -0.6398, 0.1356 0.2732 -0.6394, 0.1356 0.2732 -0.6398, 0.1356 0.352 -0.6394, 0.1356 0.352 -0.6398, 0.1251 0.352 -0.6394, 0.1251 0.352 -0.6398, 0.1251 0.2819 -0.6394, 0.1251 0.2819 -0.6398, 0.1251 0.2819 -0.6398
            ]
        }
        coordIndex [
            0,1,2,-1,2,1,3,-1,1,4,3,-1,3,4,5,-1,4,6,5,-1,5,6,7,-1,6,8,7,-1,7,8,9,-1,8,10,9,-1,9,10,11,-1,10,12,11,-1,11,12,13,-1,12,14,13,-1,13,14,15,-1,14,0,15,-1,15,0,2,-1,16,17,14,-1,12,10,8,-1,17,18,14,-1,14,18,19,-1,14,19,0,-1,0,19,20,-1,0,20,21,-1,21,22,0,-1,0,22,23,-1,0,23,1,-1,4,1,6,-1,6,1,23,-1,6,23,8,-1,8,23,16,-1,8,16,12,-1,12,16,14,-1,16,23,24,-1,24,23,25,-1,17,16,26,-1,26,16,24,-1,17,26,27,-1,17,27,18,-1,18,27,28,-1,18,28,19,-1,20,19,29,-1,29,19,28,-1,20,29,30,-1,20,30,21,-1,21,30,31,-1,21,31,22,-1,23,22,25,-1,25,22,31,-1,32,33,34,-1,34,33,35,-1,33,36,35,-1,35,36,37,-1,36,38,37,-1,37,38,39,-1,40,41,42,-1,40,42,43,-1,43,42,44,-1,43,44,45,-1,45,44,46,-1,45,46,47,-1,47,46,48,-1,47,48,49,-1,49,48,50,-1,49,50,51,-1,51,50,52,-1,51,52,53,-1,53,52,54,-1,53,54,55,-1,55,54,39,-1,55,39,38,-1,32,34,56,-1,32,56,57,-1,57,56,58,-1,57,58,59,-1,59,58,60,-1,59,60,61,-1,61,60,62,-1,61,62,63,-1,63,62,64,-1,63,64,65,-1,65,64,66,-1,65,66,67,-1,67,66,41,-1,67,41,40,-1,45,47,68,-1,68,47,49,-1,68,49,69,-1,69,49,51,-1,69,51,70,-1,70,51,53,-1,70,53,71,-1,71,53,55,-1,71,55,72,-1,72,55,38,-1,72,38,73,-1,73,38,36,-1,73,36,74,-1,74,36,33,-1,74,33,75,-1,75,33,32,-1,75,32,76,-1,76,32,57,-1,76,57,77,-1,77,57,59,-1,77,59,78,-1,78,59,61,-1,78,61,79,-1,79,61,63,-1,79,63,80,-1,80,63,65,-1,80,65,81,-1,81,65,67,-1,81,67,82,-1,82,67,40,-1,82,40,83,-1,83,40,43,-1,83,43,84,-1,84,43,45,-1,84,45,68,-1,72,73,85,-1,85,73,86,-1,72,85,87,-1,72,87,71,-1,71,87,88,-1,71,88,70,-1,70,88,89,-1,70,89,69,-1,69,89,90,-1,69,90,68,-1,68,90,91,-1,68,91,84,-1,84,91,92,-1,84,92,83,-1,83,92,93,-1,83,93,82,-1,82,93,94,-1,82,94,81,-1,81,94,95,-1,81,95,80,-1,80,95,96,-1,80,96,79,-1,79,96,97,-1,79,97,78,-1,78,97,98,-1,78,98,77,-1,77,98,99,-1,77,99,76,-1,76,99,100,-1,76,100,75,-1,74,75,101,-1,101,75,100,-1,73,74,86,-1,86,74,101,-1,102,103,104,-1,104,103,105,-1,103,106,105,-1,105,106,107,-1,106,108,107,-1,107,108,109,-1,108,110,109,-1,109,110,111,-1,110,112,111,-1,111,112,113,-1,112,114,113,-1,113,114,115,-1,114,116,115,-1,115,116,117,-1,116,118,117,-1,117,118,119,-1,118,120,119,-1,119,120,121,-1,120,122,121,-1,121,122,123,-1,122,124,123,-1,123,124,125,-1,124,102,125,-1,125,102,104,-1,106,103,102,-1,102,124,106,-1,106,124,122,-1,106,122,108,-1,112,110,114,-1,114,110,108,-1,114,108,116,-1,116,108,122,-1,116,122,118,-1,118,122,120,-1,126,127,128,-1,128,127,129,-1,130,131,132,-1,130,132,133,-1,133,132,134,-1,133,134,135,-1,135,134,129,-1,135,129,127,-1,136,137,138,-1,136,138,139,-1,139,138,140,-1,139,140,141,-1,141,140,142,-1,141,142,143,-1,143,142,144,-1,143,144,145,-1,145,144,146,-1,145,146,147,-1,147,146,148,-1,147,148,149,-1,149,148,131,-1,149,131,130,-1,150,151,152,-1,152,151,153,-1,152,154,150,-1,150,154,155,-1,150,155,156,-1,156,155,157,-1,156,157,158,-1,158,157,159,-1,158,159,160,-1,160,159,161,-1,160,161,162,-1,162,161,163,-1,162,163,164,-1,164,163,137,-1,164,137,136,-1,153,151,165,-1,165,151,166,-1,165,166,167,-1,167,166,168,-1,167,168,169,-1,168,170,169,-1,169,170,171,-1,172,173,174,-1,172,174,175,-1,175,174,171,-1,175,171,170,-1,176,177,178,-1,176,178,179,-1,179,178,180,-1,179,180,181,-1,181,180,182,-1,181,182,183,-1,183,182,184,-1,183,184,185,-1,185,184,186,-1,185,186,187,-1,187,186,188,-1,187,188,189,-1,189,188,173,-1,189,173,172,-1,190,191,192,-1,190,192,193,-1,193,192,194,-1,193,194,195,-1,195,194,196,-1,195,196,197,-1,197,196,198,-1,197,198,199,-1,199,198,200,-1,199,200,201,-1,201,200,202,-1,201,202,203,-1,203,202,177,-1,203,177,176,-1,126,128,204,-1,126,204,205,-1,205,204,206,-1,205,206,207,-1,207,206,191,-1,207,191,190,-1,193,130,190,-1,190,130,133,-1,190,133,207,-1,207,133,135,-1,207,135,205,-1,205,135,127,-1,205,127,126,-1,170,168,175,-1,175,168,166,-1,175,166,172,-1,172,166,151,-1,172,151,189,-1,189,151,150,-1,189,150,187,-1,187,150,156,-1,187,156,185,-1,185,156,158,-1,185,158,183,-1,183,158,160,-1,183,160,181,-1,181,160,162,-1,181,162,179,-1,179,162,164,-1,179,164,176,-1,176,164,136,-1,176,136,203,-1,203,136,139,-1,203,139,201,-1,201,139,141,-1,201,141,199,-1,199,141,143,-1,199,143,197,-1,197,143,145,-1,197,145,195,-1,195,145,147,-1,195,147,193,-1,193,147,149,-1,193,149,130,-1,208,209,210,-1,210,209,211,-1,209,212,211,-1,211,212,213,-1,212,214,213,-1,213,214,215,-1,214,216,215,-1,215,216,217,-1,216,218,217,-1,217,218,219,-1,218,208,219,-1,219,208,210,-1,216,214,218,-1,218,214,212,-1,218,212,208,-1,208,212,209,-1,
        ]
    }
}
Shape{
    appearance Appearance {
        material  Material 	{
            diffuseColor 0.5019607843137255 0.5019607843137255 0.5019607843137255
            specularColor 0.25098039215686274 0.25098039215686274 0.25098039215686274
            ambientIntensity 0.2
            transparency 0
            shininess 0.5
        }
    }
    geometry IndexedFaceSet {
        ccw TRUE
        solid FALSE
        coord DEF co Coordinate {
            point [
                -0.1338 0.304 -0.6398, -0.1601 0.304 -0.6398, -0.1455 0.3368 -0.6398, -0.1483 0.3368 -0.6398, -0.1463 0.3396 -0.6398, -0.1476 0.3396 -0.6398, -0.1468 0.3424 -0.6398, -0.1471 0.3424 -0.6398, -0.0535 0.3433 -0.6398, -0.0535 0.2819 -0.6398, -0.0651 0.3433 -0.6398, -0.0647 0.2819 -0.6398, -0.073 0.2826 -0.6398, -0.0958 0.3134 -0.6398, -0.0951 0.3212 -0.6398, -0.0933 0.3274 -0.6398, -0.0745 0.3423 -0.6398, -0.0796 0.2847 -0.6398, -0.085 0.2879 -0.6398, -0.0894 0.2923 -0.6398, -0.0927 0.2977 -0.6398, -0.0951 0.3051 -0.6398, -0.0905 0.3323 -0.6398, -0.0867 0.3363 -0.6398, -0.081 0.3401 -0.6398, -0.081 0.3401 -0.6398
            ]
        }
        coordIndex [
            0,1,2,-1,2,1,3,-1,2,3,4,-1,4,3,5,-1,4,5,6,-1,6,5,7,-1,8,9,10,-1,10,9,11,-1,10,11,12,-1,13,14,10,-1,10,14,15,-1,10,15,16,-1,12,17,10,-1,10,17,18,-1,10,18,19,-1,19,20,10,-1,10,20,21,-1,10,21,13,-1,22,23,15,-1,15,23,24,-1,15,24,16,-1,
        ]
    }
}
Shape{
    appearance Appearance {
        material  Material 	{
            diffuseColor 1.0 1.0 1.0
            specularColor 0.5019607843137255 0.5019607843137255 0.5019607843137255
            ambientIntensity 0.2
            transparency 0
            shininess 0.5
        }
    }
    geometry IndexedFaceSet {
        ccw TRUE
        solid FALSE
        coord DEF co Coordinate {
            point [
                -0.797 0.748 -0.2462, -0.8364 0.748 -0.3144, -0.6663 0.748 -0.3216, -0.7057 0.748 -0.3898, -0.8364 0.9843 -0.3144, -0.797 0.9843 -0.2462, -0.7057 0.9843 -0.3898, -0.6663 0.9843 -0.3216, 0.8364 0.748 -0.3144, 0.797 0.748 -0.2462, 0.7057 0.748 -0.3898, 0.6663 0.748 -0.3216, 0.797 0.9843 -0.2462, 0.8364 0.9843 -0.3144, 0.6663 0.9843 -0.3216, 0.7057 0.9843 -0.3898, -0.797 0.9843 0.3643, -0.8364 0.9843 0.4325, -0.6663 0.9843 0.4398, -0.7057 0.9843 0.5079, -0.8364 0.748 0.4325, -0.797 0.748 0.3643, -0.7057 0.748 0.5079, -0.6663 0.748 0.4398, 0.8364 0.9843 0.4325, 0.797 0.9843 0.3643, 0.7057 0.9843 0.5079, 0.6663 0.9843 0.4398, 0.797 0.748 0.3643, 0.8364 0.748 0.4325, 0.6663 0.748 0.4398, 0.7057 0.748 0.5079, -0.876 0.9843 -0.2458, -0.876 0.748 -0.2458, -0.876 0.9843 0.3639, -0.876 0.748 -0.2067, -0.876 0.748 0.3639, -0.876 0.748 0.3248, -0.876 0.0791 0.3248, -0.876 0.6299 -0.2067, -0.876 0.6252 -0.7542, -0.876 0.6115 -0.7874, -0.876 0.3543 -0.7185, -0.876 0.0791 -0.2067, -0.876 0.3543 -0.2067, -0.876 0.6299 -0.7185, -0.876 0.5896 -0.8159, -0.876 0.561 -0.8378, -0.876 0.5278 -0.8516, -0.876 0.4921 -0.8563, -0.876 0.4565 -0.8516, -0.876 0.4232 -0.8378, -0.876 0.3947 -0.8159, -0.876 0.3728 -0.7874, -0.876 0.359 -0.7542, -0.7972 0.748 -0.2067, -0.7972 0.748 -0.2458, -0.7972 0.9843 -0.2458, -0.7972 0.3543 -0.2067, -0.7972 0.0791 -0.0755, -0.7972 0.0791 -0.2067, -0.7972 0.0787 -0.0755, -0.7972 0.0787 -0.2067, -0.7972 0.9843 0.3639, -0.7972 0.748 0.3639, -0.7972 0.748 0.3248, -0.7972 0.0791 0.3248, -0.7972 0.6299 -0.2067, -0.7972 0.359 -0.7542, -0.7972 0.3728 -0.7874, -0.7972 0.6299 -0.7185, -0.7972 0.3947 -0.8159, -0.7972 0.4232 -0.8378, -0.7972 0.4565 -0.8516, -0.7972 0.3543 -0.7185, -0.7972 0.4921 -0.8563, -0.7972 0.5278 -0.8516, -0.7972 0.561 -0.8378, -0.7972 0.5896 -0.8159, -0.7972 0.6115 -0.7874, -0.7972 0.6252 -0.7542, 0.876 0.9843 0.3639, 0.876 0.748 0.3639, 0.876 0.9843 -0.2458, 0.876 0.748 0.3248, 0.876 0.0791 0.3248, 0.876 0.0791 -0.2067, 0.876 0.3543 -0.2067, 0.876 0.748 -0.2458, 0.876 0.748 -0.2067, 0.876 0.6299 -0.2067, 0.876 0.6299 -0.7185, 0.876 0.3543 -0.7185, 0.876 0.359 -0.7542, 0.876 0.4232 -0.8378, 0.876 0.4565 -0.8516, 0.876 0.3947 -0.8159, 0.876 0.4921 -0.8563, 0.876 0.5278 -0.8516, 0.876 0.561 -0.8378, 0.876 0.5896 -0.8159, 0.876 0.6115 -0.7874, 0.876 0.3728 -0.7874, 0.876 0.6252 -0.7542, 0.7972 0.748 0.3248, 0.7972 0.748 0.3639, 0.7972 0.9843 0.3639, 0.7972 0.0787 -0.2067, 0.7972 0.0787 -0.0755, 0.7972 0.0791 -0.2067, 0.7972 0.0791 -0.0755, 0.7972 0.3543 -0.2067, 0.7972 0.9843 -0.2458, 0.7972 0.748 -0.2458, 0.7972 0.748 -0.2067, 0.7972 0.6299 -0.2067, 0.7972 0.0791 0.3248, 0.7972 0.561 -0.8378, 0.7972 0.5278 -0.8516, 0.7972 0.3543 -0.7185, 0.7972 0.6299 -0.7185, 0.7972 0.6252 -0.7542, 0.7972 0.6115 -0.7874, 0.7972 0.5896 -0.8159, 0.7972 0.4921 -0.8563, 0.7972 0.4565 -0.8516, 0.7972 0.4232 -0.8378, 0.7972 0.3947 -0.8159, 0.7972 0.3728 -0.7874, 0.7972 0.359 -0.7542, 0.7663 0.0787 -0.2108, 0.7379 0.0787 -0.2227, 0.7969 0.0787 -0.076, -0.6948 0.0787 -0.266, -0.7135 0.0787 -0.2415, -0.7969 0.0787 -0.076, -0.7379 0.0787 -0.2227, 0.7969 0.0787 -0.2067, -0.0684 0.0787 0.3877, -0.7776 0.0787 0.6398, 0.0 0.0787 0.3937, 0.7776 0.0787 0.6398, 0.0684 0.0787 0.3877, -0.7969 0.0787 -0.2067, -0.7663 0.0787 -0.2108, 0.37 0.0787 -0.1347, 0.7776 0.0787 0.3248, 0.341 0.0787 -0.1969, 0.3016 0.0787 -0.2531, 0.3877 0.0787 -0.0684, 0.3937 0.0787 0.0, 0.3877 0.0787 0.0684, 0.37 0.0787 0.1347, 0.341 0.0787 0.1969, 0.3016 0.0787 0.2531, 0.2531 0.0787 0.3016, 0.8746 0.0787 -0.4721, 0.876 0.0787 -0.4823, 0.8366 0.0787 -0.4429, 0.1969 0.0787 0.341, 0.1347 0.0787 0.37, 0.876 0.0787 -0.6201, 0.8366 0.0787 -0.6594, 0.8746 0.0787 -0.6303, 0.8707 0.0787 -0.6398, 0.5807 0.0787 -0.6542, 0.5726 0.0787 -0.6479, 0.7382 0.0787 -0.4271, -0.1347 0.0787 0.37, -0.1969 0.0787 0.341, -0.7776 0.0787 0.3248, -0.2531 0.0787 0.3016, -0.3016 0.0787 0.2531, -0.341 0.0787 0.1969, -0.37 0.0787 0.1347, -0.7969 0.0787 0.3248, -0.3877 0.0787 0.0684, 0.8563 0.0787 -0.4482, 0.8645 0.0787 -0.4544, 0.8707 0.0787 -0.4626, 0.8645 0.0787 -0.6479, 0.8563 0.0787 -0.6542, 0.8468 0.0787 -0.6581, 0.1347 0.0787 -0.37, 0.1969 0.0787 -0.341, 0.7135 0.0787 -0.2415, 0.2531 0.0787 -0.3016, 0.0684 0.0787 -0.3877, 0.6948 0.0787 -0.266, 0.6831 0.0787 -0.2945, -0.2531 0.0787 -0.3016, -0.1969 0.0787 -0.341, -0.6791 0.0787 -0.325, 0.7972 0.0787 -0.4429, 0.7667 0.0787 -0.4389, 0.6004 0.0787 -0.6594, 0.5902 0.0787 -0.6581, 0.5663 0.0787 -0.6398, 0.5624 0.0787 -0.6303, 0.7138 0.0787 -0.4084, 0.561 0.0787 -0.6201, 0.695 0.0787 -0.384, 0.8468 0.0787 -0.4443, 0.7969 0.0787 0.3248, -0.6004 0.0787 -0.6594, -0.8366 0.0787 -0.6594, -0.7972 0.0787 -0.4429, -0.6832 0.0787 -0.3555, -0.5147 0.0787 -0.4042, -0.695 0.0787 -0.384, -0.5245 0.0787 -0.4036, -0.7138 0.0787 -0.4084, -0.5341 0.0787 -0.4056, -0.543 0.0787 -0.4098, -0.3937 0.0787 0.0, -0.3877 0.0787 -0.0684, -0.37 0.0787 -0.1347, -0.6831 0.0787 -0.2945, -0.341 0.0787 -0.1969, -0.3016 0.0787 -0.2531, 0.5053 0.0787 -0.4071, 0.497 0.0787 -0.4122, -0.3303 0.0787 -0.6306, 0.4902 0.0787 -0.4193, -0.5598 0.0787 -0.4332, -0.561 0.0787 -0.4429, -0.561 0.0787 -0.6201, -0.7382 0.0787 -0.4271, -0.5624 0.0787 -0.6303, -0.5663 0.0787 -0.6398, -0.5726 0.0787 -0.6479, -0.5807 0.0787 -0.6542, -0.7667 0.0787 -0.4389, -0.5902 0.0787 -0.6581, -0.5505 0.0787 -0.4161, -0.5562 0.0787 -0.4241, 0.6832 0.0787 -0.3555, 0.5505 0.0787 -0.4161, 0.543 0.0787 -0.4098, 0.5341 0.0787 -0.4056, 0.5245 0.0787 -0.4036, 0.5147 0.0787 -0.4042, -0.8563 0.0787 -0.6542, -0.8645 0.0787 -0.6479, -0.8468 0.0787 -0.6581, -0.8707 0.0787 -0.6398, -0.4902 0.0787 -0.4193, -0.497 0.0787 -0.4122, 0.561 0.0787 -0.4429, 0.5598 0.0787 -0.4332, 0.5562 0.0787 -0.4241, -0.8746 0.0787 -0.6303, -0.876 0.0787 -0.6201, -0.876 0.0787 -0.4823, -0.8366 0.0787 -0.4429, -0.8746 0.0787 -0.4721, -0.8707 0.0787 -0.4626, -0.3051 0.0787 -0.6398, -0.3142 0.0787 -0.6387, -0.3227 0.0787 -0.6356, -0.8645 0.0787 -0.4544, -0.8563 0.0787 -0.4482, -0.8468 0.0787 -0.4443, -0.0 0.0787 -0.3937, -0.5053 0.0787 -0.4071, -0.3366 0.0787 -0.624, -0.1347 0.0787 -0.37, -0.0684 0.0787 -0.3877, 0.6791 0.0787 -0.325, 0.3051 0.0787 -0.6398, 0.3366 0.0787 -0.624, 0.3142 0.0787 -0.6387, 0.3303 0.0787 -0.6306, 0.3227 0.0787 -0.6356, -0.6948 0.0 -0.266, -0.6831 0.0 -0.2945, -0.5341 0.0 -0.4056, -0.7379 0.0 -0.2227, -0.7135 0.0 -0.2415, -0.5186 -0.0 0.3532, -0.7663 0.0 -0.2108, 0.6117 -0.0 0.4319, 0.6078 -0.0 0.416, 0.7776 -0.0 0.3248, 0.4902 0.0 -0.4193, 0.497 0.0 -0.4122, 0.4715 -0.0 0.3637, 0.5705 -0.0 0.5325, 0.581 -0.0 0.5254, 0.7776 -0.0 0.6398, -0.7972 0.0 -0.4429, -0.8366 0.0 -0.6594, -0.7667 0.0 -0.4389, -0.6004 0.0 -0.6594, -0.7382 0.0 -0.4271, -0.8746 0.0 -0.4721, -0.876 0.0 -0.4823, -0.8366 0.0 -0.4429, 0.5972 -0.0 0.5071, 0.6063 -0.0 0.4897, -0.5053 0.0 -0.4071, -0.497 0.0 -0.4122, -0.0 0.0 -0.3937, -0.4902 0.0 -0.4193, 0.5358 -0.0 0.5478, 0.5373 -0.0 0.5477, 0.6004 0.0 -0.6594, 0.8366 0.0 -0.6594, 0.7972 0.0 -0.4429, 0.5851 -0.0 0.5208, 0.5621 -0.0 0.3646, 0.554 -0.0 0.3615, 0.5245 0.0 -0.4036, 0.54 -0.0 0.3561, 0.5357 -0.0 0.3556, 0.5053 0.0 -0.4071, 0.5147 0.0 -0.4042, 0.4779 -0.0 0.3615, -0.516 -0.0 0.3533, 0.554 -0.0 0.5416, 0.5607 -0.0 0.5392, -0.7969 -0.0 0.3248, -0.7969 0.0 -0.2067, -0.7776 -0.0 0.3248, -0.8563 0.0 -0.4482, -0.8645 0.0 -0.4544, -0.8707 0.0 -0.4626, -0.876 0.0 -0.6201, 0.7969 0.0 -0.2067, 0.7969 -0.0 0.3248, 0.7663 0.0 -0.2108, 0.7379 0.0 -0.2227, -0.4254 -0.0 0.4133, -0.4257 -0.0 0.4122, 0.4255 -0.0 0.4897, 0.4347 -0.0 0.5064, -0.7776 -0.0 0.6398, 0.5663 0.0 -0.6398, 0.5726 0.0 -0.6479, 0.7382 0.0 -0.4271, 0.5807 0.0 -0.6542, 0.6791 0.0 -0.325, 0.6832 0.0 -0.3555, 0.5341 0.0 -0.4056, 0.543 0.0 -0.4098, 0.6831 0.0 -0.2945, 0.6948 0.0 -0.266, 0.7135 0.0 -0.2415, 0.6081 -0.0 0.4861, 0.6117 -0.0 0.4712, 0.6137 -0.0 0.4629, 0.6137 -0.0 0.4516, 0.6137 -0.0 0.4402, 0.6064 -0.0 0.4134, 0.5973 -0.0 0.3967, 0.596 -0.0 0.3943, 0.3051 0.0 -0.6398, 0.3142 0.0 -0.6387, 0.3227 0.0 -0.6356, 0.516 -0.0 0.3531, 0.4962 -0.0 0.3552, 0.495 -0.0 0.3554, 0.4361 -0.0 0.5091, 0.4467 -0.0 0.5209, 0.4502 -0.0 0.5248, 0.4614 -0.0 0.5326, 0.4698 -0.0 0.5385, 0.4779 -0.0 0.5416, 0.4918 -0.0 0.547, 0.4962 -0.0 0.5475, 0.516 -0.0 0.55, -0.6791 0.0 -0.325, -0.6832 0.0 -0.3555, -0.543 0.0 -0.4098, -0.5505 0.0 -0.4161, -0.5902 0.0 -0.6581, -0.5807 0.0 -0.6542, -0.5726 0.0 -0.6479, -0.5663 0.0 -0.6398, -0.5624 0.0 -0.6303, -0.7138 0.0 -0.4084, -0.561 0.0 -0.6201, -0.695 0.0 -0.384, -0.8468 0.0 -0.4443, -0.8746 0.0 -0.6303, -0.8707 0.0 -0.6398, -0.8468 0.0 -0.6581, -0.8645 0.0 -0.6479, -0.8563 0.0 -0.6542, 0.8468 0.0 -0.6581, 0.8707 0.0 -0.6398, 0.8563 0.0 -0.6542, 0.8645 0.0 -0.6479, 0.695 0.0 -0.384, 0.561 0.0 -0.4429, 0.7138 0.0 -0.4084, 0.561 0.0 -0.6201, 0.5624 0.0 -0.6303, 0.7667 0.0 -0.4389, 0.5902 0.0 -0.6581, 0.5505 0.0 -0.4161, 0.5562 0.0 -0.4241, 0.5598 0.0 -0.4332, 0.5852 -0.0 0.3823, 0.5816 -0.0 0.3783, 0.5706 -0.0 0.3705, 0.3303 0.0 -0.6306, 0.3366 0.0 -0.624, -0.5147 0.0 -0.4042, -0.4179 -0.0 0.4426, -0.5245 0.0 -0.4036, -0.4198 -0.0 0.4318, -0.4206 -0.0 0.4271, -0.434 -0.0 0.3971, -0.4437 -0.0 0.3847, -0.4466 -0.0 0.3822, -0.3366 0.0 -0.624, -0.3303 0.0 -0.6306, -0.3227 0.0 -0.6356, -0.561 0.0 -0.4429, -0.5598 0.0 -0.4332, -0.5562 0.0 -0.4241, 0.8746 0.0 -0.6303, 0.876 0.0 -0.6201, 0.876 0.0 -0.4823, 0.8366 0.0 -0.4429, 0.8746 0.0 -0.4721, 0.8707 0.0 -0.4626, -0.4862 -0.0 0.3577, -0.4962 -0.0 0.3554, -0.5015 -0.0 0.3542, 0.4182 -0.0 0.4632, 0.4202 -0.0 0.4712, 0.4243 -0.0 0.4874, 0.8645 0.0 -0.4544, 0.8563 0.0 -0.4482, 0.8468 0.0 -0.4443, -0.4566 -0.0 0.373, -0.4611 -0.0 0.3702, -0.47 -0.0 0.3645, 0.4349 -0.0 0.3957, 0.0 -0.0 0.3937, 0.4468 -0.0 0.3824, 0.4511 -0.0 0.3775, -0.4717 -0.0 0.3637, -0.4778 -0.0 0.3612, 0.0684 -0.0 0.3877, 0.1347 -0.0 0.37, 0.1969 -0.0 0.341, 0.4345 -0.0 0.3966, 0.4256 -0.0 0.4134, 0.4239 -0.0 0.4167, 0.2531 -0.0 0.3016, 0.3016 -0.0 0.2531, 0.4614 -0.0 0.3706, 0.341 -0.0 0.1969, 0.37 -0.0 0.1347, 0.3877 -0.0 0.0684, 0.3937 0.0 -0.0, 0.3877 0.0 -0.0684, 0.37 0.0 -0.1347, 0.341 0.0 -0.1969, 0.4202 -0.0 0.4319, 0.4182 -0.0 0.4399, -0.0684 -0.0 0.3877, 0.3016 0.0 -0.2531, 0.2531 0.0 -0.3016, 0.1969 0.0 -0.341, -0.3142 0.0 -0.6387, -0.3051 0.0 -0.6398, 0.0684 0.0 -0.3877, 0.1347 0.0 -0.37, -0.0684 0.0 -0.3877, -0.1347 0.0 -0.37, -0.1969 0.0 -0.341, -0.4579 -0.0 0.531, -0.1969 -0.0 0.341, -0.1347 -0.0 0.37, -0.4962 -0.0 0.5477, -0.4874 -0.0 0.5458, -0.2531 0.0 -0.3016, -0.3016 0.0 -0.2531, -0.341 0.0 -0.1969, -0.37 0.0 -0.1347, -0.3877 0.0 -0.0684, -0.3937 -0.0 0.0, -0.4178 -0.0 0.4444, -0.4209 -0.0 0.4772, -0.341 -0.0 0.1969, -0.3016 -0.0 0.2531, -0.4178 -0.0 0.4516, -0.3877 -0.0 0.0684, -0.4179 -0.0 0.4602, -0.37 -0.0 0.1347, -0.4199 -0.0 0.4713, -0.5363 -0.0 0.3552, -0.5513 -0.0 0.3597, -0.5542 -0.0 0.3611, -0.5655 -0.0 0.3665, -0.5708 -0.0 0.3702, -0.5795 -0.0 0.3764, -0.6065 -0.0 0.4133, -0.6078 -0.0 0.416, -0.6123 -0.0 0.4318, -0.6126 -0.0 0.4328, -0.5344 -0.0 0.3548, -0.4778 -0.0 0.5419, -0.4713 -0.0 0.5393, -0.4611 -0.0 0.533, 0.4182 -0.0 0.4516, -0.4344 -0.0 0.5066, -0.4338 -0.0 0.5058, -0.2531 -0.0 0.3016, -0.4262 -0.0 0.492, -0.4254 -0.0 0.4898, -0.5853 -0.0 0.3822, -0.5907 -0.0 0.3875, -0.5919 -0.0 0.3889, -0.4465 -0.0 0.521, -0.4449 -0.0 0.5196, -0.4349 -0.0 0.5074, -0.5973 -0.0 0.3967, -0.6009 -0.0 0.4018, -0.6134 -0.0 0.4657, -0.6142 -0.0 0.4515, -0.6143 -0.0 0.4484, -0.5973 -0.0 0.5064, -0.5948 -0.0 0.5105, -0.5854 -0.0 0.521, -0.5833 -0.0 0.5233, -0.5709 -0.0 0.5332, -0.5693 -0.0 0.5343, -0.6121 -0.0 0.4713, -0.6099 -0.0 0.4811, -0.6093 -0.0 0.4828, -0.5028 -0.0 0.5491, -0.516 -0.0 0.55, -0.6064 -0.0 0.4897, -0.6032 -0.0 0.4972, -0.5554 -0.0 0.5417, -0.5542 -0.0 0.5421, -0.5405 -0.0 0.5469, -0.5358 -0.0 0.5479, -0.5317 -0.0 0.5487, -0.8733 0.0587 -0.2067, -0.8654 0.0396 -0.2067, -0.8173 0.0027 -0.2067, -0.8364 0.0106 -0.2067, -0.8528 0.0232 -0.2067, -0.7972 0.079 0.3248, -0.8733 0.0587 0.3248, -0.7972 0.0789 0.3248, -0.8654 0.0396 0.3248, -0.7971 0.0789 0.3248, -0.8528 0.0232 0.3248, -0.797 0.0788 0.3248, -0.8364 0.0106 0.3248, -0.797 0.0788 0.3248, -0.8173 0.0027 0.3248, -0.7972 0.079 -0.0755, -0.7972 0.0791 -0.0755, -0.7971 0.0789 -0.0756, -0.7972 0.0789 -0.0756, -0.7972 0.0789 -0.0755, -0.7972 0.079 -0.0755, -0.797 0.0788 -0.0757, -0.797 0.0788 -0.0758, 0.797 0.0788 0.3248, 0.8173 0.0027 0.3248, 0.797 0.0788 0.3248, 0.8364 0.0106 0.3248, 0.7971 0.0789 0.3248, 0.8528 0.0232 0.3248, 0.7972 0.0789 0.3248, 0.8654 0.0396 0.3248, 0.7972 0.079 0.3248, 0.8733 0.0587 0.3248, 0.8173 0.0027 -0.2067, 0.8364 0.0106 -0.2067, 0.8733 0.0587 -0.2067, 0.8654 0.0396 -0.2067, 0.8528 0.0232 -0.2067, 0.797 0.0788 -0.0758, 0.797 0.0788 -0.0757, 0.7971 0.0789 -0.0756, 0.7972 0.0789 -0.0755, 0.7972 0.0789 -0.0756, 0.7972 0.0791 -0.0755, 0.7972 0.079 -0.0755, 0.7972 0.079 -0.0755, 0.7972 0.748 0.364, 0.8733 0.748 0.3844, 0.7972 0.748 0.3641, 0.8654 0.748 0.4035, 0.7971 0.748 0.3642, 0.8528 0.748 0.4199, 0.7971 0.9843 0.3642, 0.8528 0.9843 0.4199, 0.7972 0.9843 0.3641, 0.8654 0.9843 0.4035, 0.7972 0.9843 0.364, 0.8733 0.9843 0.3844, 0.7972 0.9843 -0.2459, 0.8733 0.9843 -0.2663, 0.7972 0.9843 -0.246, 0.8654 0.9843 -0.2854, 0.7971 0.9843 -0.2461, 0.8528 0.9843 -0.3018, 0.7971 0.748 -0.2461, 0.8528 0.748 -0.3018, 0.7972 0.748 -0.246, 0.8654 0.748 -0.2854, 0.7972 0.748 -0.2459, 0.8733 0.748 -0.2663, -0.7972 0.9843 0.364, -0.8733 0.9843 0.3844, -0.7972 0.9843 0.3641, -0.8654 0.9843 0.4035, -0.8528 0.9843 0.4199, -0.7971 0.9843 0.3642, -0.7972 0.9843 0.3642, -0.8733 0.748 0.3844, -0.7972 0.748 0.364, -0.8654 0.748 0.4035, -0.7972 0.748 0.3641, -0.8528 0.748 0.4199, -0.7972 0.748 0.3642, -0.7971 0.748 0.3642, -0.7972 0.748 -0.2459, -0.8733 0.748 -0.2663, -0.8528 0.748 -0.3018, -0.7971 0.748 -0.2461, -0.8654 0.748 -0.2854, -0.7972 0.748 -0.2461, -0.7972 0.748 -0.246, -0.7971 0.9843 -0.2461, -0.8528 0.9843 -0.3018, -0.7972 0.9843 -0.2461, -0.8654 0.9843 -0.2854, -0.8733 0.9843 -0.2663, -0.7972 0.9843 -0.2459, -0.7972 0.9843 -0.246, 0.7056 0.9843 0.508, 0.6529 0.9843 0.4495, 0.7056 0.9843 0.5081, 0.6419 0.9843 0.4618, 0.7055 0.9843 0.5081, 0.6336 0.9843 0.4761, 0.7055 0.9843 0.5082, 0.6285 0.9843 0.4918, 0.7055 0.9843 0.5083, 0.6268 0.9843 0.5083, 0.7055 0.748 0.5083, 0.6268 0.748 0.5083, 0.7055 0.748 0.5082, 0.6285 0.748 0.4918, 0.7055 0.748 0.5081, 0.6336 0.748 0.4761, 0.7056 0.748 0.5081, 0.6419 0.748 0.4618, 0.7056 0.748 0.508, 0.6529 0.748 0.4495, 0.6268 0.9843 0.5807, 0.7055 0.9843 0.5807, 0.7055 0.748 0.5807, 0.6268 0.748 0.5807, -0.7056 0.748 0.508, -0.6529 0.748 0.4495, -0.7056 0.748 0.5081, -0.6419 0.748 0.4618, -0.7055 0.748 0.5081, -0.6336 0.748 0.4761, -0.7055 0.748 0.5082, -0.6285 0.748 0.4918, -0.7055 0.748 0.5083, -0.6268 0.748 0.5083, -0.7055 0.9843 0.5083, -0.6268 0.9843 0.5083, -0.7055 0.9843 0.5082, -0.6285 0.9843 0.4918, -0.7055 0.9843 0.5081, -0.6336 0.9843 0.4761, -0.7056 0.9843 0.5081, -0.6419 0.9843 0.4618, -0.7056 0.9843 0.508, -0.6529 0.9843 0.4495, -0.6268 0.748 0.5807, -0.7055 0.748 0.5807, -0.7055 0.9843 0.5807, -0.6268 0.9843 0.5807, 0.7056 0.748 -0.3899, 0.6529 0.748 -0.3314, 0.7056 0.748 -0.3899, 0.6419 0.748 -0.3437, 0.7055 0.748 -0.39, 0.6336 0.748 -0.358, 0.7055 0.748 -0.3901, 0.6285 0.748 -0.3737, 0.7055 0.748 -0.3902, 0.6268 0.748 -0.3902, 0.7055 0.9843 -0.3902, 0.6268 0.9843 -0.3902, 0.7055 0.9843 -0.3901, 0.6285 0.9843 -0.3737, 0.7055 0.9843 -0.39, 0.6336 0.9843 -0.358, 0.7056 0.9843 -0.3899, 0.6419 0.9843 -0.3437, 0.7056 0.9843 -0.3899, 0.6529 0.9843 -0.3314, 0.6268 0.748 -0.4626, 0.7055 0.748 -0.4626, 0.7055 0.9843 -0.4626, 0.6268 0.9843 -0.4626, -0.7056 0.9843 -0.3899, -0.6499 0.9843 -0.3342, -0.7056 0.9843 -0.39, -0.6374 0.9843 -0.3506, -0.7055 0.9843 -0.3901, -0.6295 0.9843 -0.3697, -0.7055 0.9843 -0.3902, -0.6268 0.9843 -0.3902, -0.7055 0.748 -0.3902, -0.6268 0.748 -0.3902, -0.7055 0.748 -0.3901, -0.6295 0.748 -0.3697, -0.7056 0.748 -0.39, -0.6374 0.748 -0.3506, -0.7056 0.748 -0.3899, -0.6499 0.748 -0.3342, -0.6268 0.9843 -0.4626, -0.7055 0.9843 -0.4626, -0.7055 0.748 -0.4626, -0.6268 0.748 -0.4626, -0.6268 0.748 -0.4626
            ]
        }
        coordIndex [
            0,1,2,-1,2,1,3,-1,4,5,6,-1,6,5,7,-1,1,4,3,-1,3,4,6,-1,7,5,2,-1,2,5,0,-1,8,9,10,-1,10,9,11,-1,12,13,14,-1,14,13,15,-1,13,8,15,-1,15,8,10,-1,11,9,14,-1,14,9,12,-1,16,17,18,-1,18,17,19,-1,20,21,22,-1,22,21,23,-1,17,20,19,-1,19,20,22,-1,23,21,18,-1,18,21,16,-1,24,25,26,-1,26,25,27,-1,28,29,30,-1,30,29,31,-1,29,24,31,-1,31,24,26,-1,27,25,30,-1,30,25,28,-1,32,33,34,-1,34,33,35,-1,36,34,37,-1,37,34,35,-1,37,35,38,-1,38,35,39,-1,40,41,42,-1,43,38,44,-1,44,38,39,-1,44,39,42,-1,42,39,45,-1,42,45,40,-1,41,46,42,-1,42,46,47,-1,42,47,48,-1,48,49,42,-1,42,49,50,-1,42,50,51,-1,51,52,42,-1,42,52,53,-1,42,53,54,-1,55,56,57,-1,58,59,60,-1,60,59,61,-1,60,61,62,-1,63,64,65,-1,66,67,65,-1,65,67,55,-1,65,55,63,-1,63,55,57,-1,68,69,70,-1,69,71,70,-1,70,71,72,-1,70,72,73,-1,66,59,67,-1,67,59,58,-1,67,58,70,-1,70,58,74,-1,70,74,68,-1,75,76,73,-1,73,76,77,-1,73,77,78,-1,78,79,73,-1,73,79,80,-1,73,80,70,-1,34,63,32,-1,32,63,57,-1,55,35,56,-1,56,35,33,-1,37,65,36,-1,36,65,64,-1,81,82,83,-1,83,82,84,-1,85,86,84,-1,84,86,87,-1,88,83,89,-1,89,83,84,-1,89,84,90,-1,90,84,87,-1,90,87,91,-1,91,87,92,-1,91,92,93,-1,94,95,96,-1,96,95,97,-1,96,97,98,-1,98,99,96,-1,96,99,100,-1,96,100,101,-1,93,102,91,-1,91,102,96,-1,91,96,103,-1,103,96,101,-1,104,105,106,-1,107,108,109,-1,109,108,110,-1,109,110,111,-1,112,113,114,-1,115,116,114,-1,114,116,104,-1,114,104,112,-1,112,104,106,-1,117,118,119,-1,110,116,111,-1,111,116,115,-1,111,115,119,-1,119,115,120,-1,119,120,121,-1,121,122,119,-1,119,122,123,-1,119,123,117,-1,118,124,119,-1,119,124,125,-1,119,125,126,-1,126,127,119,-1,119,127,128,-1,119,128,129,-1,106,81,112,-1,112,81,83,-1,88,89,113,-1,113,89,114,-1,67,39,55,-1,55,39,35,-1,38,66,37,-1,37,66,65,-1,89,90,114,-1,114,90,115,-1,86,109,87,-1,87,109,111,-1,130,131,132,-1,133,134,135,-1,135,134,136,-1,108,107,132,-1,132,107,137,-1,132,137,130,-1,138,139,140,-1,140,139,141,-1,140,141,142,-1,62,61,143,-1,143,61,135,-1,143,135,144,-1,144,135,136,-1,145,146,147,-1,147,146,148,-1,145,149,146,-1,146,149,150,-1,146,150,151,-1,151,152,146,-1,146,152,153,-1,146,153,141,-1,141,153,154,-1,141,154,155,-1,156,157,158,-1,155,159,141,-1,141,159,160,-1,141,160,142,-1,157,161,162,-1,162,161,163,-1,162,163,164,-1,165,166,167,-1,138,168,139,-1,139,168,169,-1,139,169,170,-1,170,169,171,-1,170,171,172,-1,172,173,170,-1,170,173,174,-1,170,174,175,-1,175,174,176,-1,175,176,135,-1,177,178,179,-1,180,181,164,-1,164,181,182,-1,164,182,162,-1,183,184,185,-1,185,184,186,-1,185,186,148,-1,183,185,187,-1,187,185,188,-1,187,188,189,-1,190,191,192,-1,158,157,193,-1,193,157,162,-1,193,162,194,-1,194,162,195,-1,194,195,167,-1,167,195,196,-1,167,196,165,-1,166,197,167,-1,167,197,198,-1,167,198,199,-1,199,198,200,-1,199,200,201,-1,156,158,179,-1,179,158,202,-1,179,202,177,-1,131,185,132,-1,132,185,148,-1,132,148,203,-1,203,148,146,-1,204,205,206,-1,207,208,209,-1,209,208,210,-1,209,210,211,-1,211,210,212,-1,211,212,213,-1,176,214,135,-1,135,214,215,-1,135,215,133,-1,133,215,216,-1,133,216,217,-1,217,216,218,-1,217,218,192,-1,192,218,219,-1,192,219,190,-1,220,221,222,-1,222,221,223,-1,224,225,211,-1,211,225,226,-1,211,226,227,-1,227,226,228,-1,228,229,227,-1,227,229,230,-1,227,230,231,-1,206,232,204,-1,204,232,227,-1,204,227,233,-1,233,227,231,-1,213,234,211,-1,211,234,235,-1,211,235,224,-1,236,237,238,-1,238,239,236,-1,236,239,240,-1,236,240,241,-1,242,243,244,-1,244,243,245,-1,244,245,205,-1,246,247,191,-1,200,248,201,-1,201,248,249,-1,201,249,236,-1,236,249,250,-1,236,250,237,-1,245,251,205,-1,205,251,252,-1,205,252,206,-1,206,252,253,-1,206,253,254,-1,254,253,255,-1,254,255,256,-1,257,258,223,-1,223,258,259,-1,223,259,222,-1,260,261,256,-1,256,261,262,-1,256,262,254,-1,222,263,187,-1,207,192,208,-1,208,192,191,-1,208,191,264,-1,264,191,247,-1,246,191,265,-1,265,191,266,-1,265,266,222,-1,222,266,267,-1,222,267,263,-1,189,268,187,-1,187,268,236,-1,187,236,222,-1,222,236,241,-1,222,241,220,-1,257,223,269,-1,269,223,270,-1,269,270,271,-1,271,270,272,-1,271,272,273,-1,274,275,276,-1,277,278,279,-1,277,279,280,-1,281,282,283,-1,284,285,286,-1,287,288,289,-1,290,291,292,-1,292,291,293,-1,292,293,294,-1,295,296,297,-1,298,299,283,-1,300,301,302,-1,302,301,303,-1,304,305,289,-1,306,307,308,-1,289,288,283,-1,283,288,309,-1,283,309,298,-1,310,311,312,-1,312,311,313,-1,312,313,314,-1,285,315,286,-1,286,315,316,-1,286,316,317,-1,278,274,279,-1,279,274,276,-1,279,276,318,-1,305,319,289,-1,289,319,320,-1,289,320,287,-1,321,322,323,-1,323,322,280,-1,324,325,326,-1,327,291,296,-1,296,291,290,-1,296,290,297,-1,328,329,330,-1,330,329,283,-1,330,283,331,-1,332,333,276,-1,334,335,336,-1,337,338,339,-1,339,338,340,-1,341,312,342,-1,342,312,343,-1,342,343,344,-1,341,345,312,-1,312,345,346,-1,312,346,283,-1,283,346,347,-1,283,347,331,-1,299,348,283,-1,283,348,349,-1,283,349,350,-1,350,351,283,-1,283,351,352,-1,283,352,281,-1,282,353,283,-1,283,353,354,-1,283,354,355,-1,356,357,286,-1,286,357,358,-1,314,359,312,-1,312,359,360,-1,312,360,316,-1,316,360,361,-1,316,361,317,-1,335,362,336,-1,336,362,363,-1,336,363,364,-1,364,365,336,-1,336,365,366,-1,336,366,367,-1,367,368,336,-1,336,368,369,-1,336,369,289,-1,289,369,370,-1,289,370,304,-1,275,371,276,-1,276,371,372,-1,276,372,373,-1,373,372,374,-1,293,375,294,-1,294,375,376,-1,294,376,377,-1,377,378,294,-1,294,378,379,-1,294,379,380,-1,380,379,381,-1,380,381,382,-1,295,297,326,-1,326,297,383,-1,326,383,324,-1,327,384,291,-1,291,384,385,-1,291,385,386,-1,386,385,387,-1,386,387,388,-1,307,389,390,-1,390,389,391,-1,390,391,392,-1,393,394,395,-1,395,394,396,-1,395,396,339,-1,339,396,397,-1,339,397,337,-1,308,398,306,-1,306,398,339,-1,306,339,399,-1,399,339,340,-1,344,400,342,-1,342,400,401,-1,342,401,393,-1,393,401,402,-1,393,402,394,-1,355,403,283,-1,283,403,404,-1,283,404,312,-1,312,404,405,-1,312,405,310,-1,358,406,286,-1,286,406,407,-1,286,407,284,-1,408,409,410,-1,410,409,411,-1,410,411,276,-1,276,411,412,-1,276,412,332,-1,333,413,276,-1,276,413,414,-1,276,414,415,-1,303,416,302,-1,302,416,417,-1,302,417,418,-1,381,419,382,-1,382,419,420,-1,382,420,372,-1,372,420,421,-1,372,421,374,-1,390,422,307,-1,307,422,423,-1,307,423,308,-1,308,423,424,-1,308,424,425,-1,425,424,426,-1,425,426,427,-1,428,429,276,-1,276,429,430,-1,276,430,318,-1,431,432,336,-1,336,432,433,-1,336,433,334,-1,434,435,427,-1,427,435,436,-1,427,436,425,-1,415,437,276,-1,276,437,438,-1,276,438,439,-1,440,441,442,-1,442,441,443,-1,439,444,276,-1,276,444,445,-1,276,445,428,-1,441,446,443,-1,443,446,447,-1,443,447,448,-1,440,449,441,-1,441,449,450,-1,441,450,451,-1,448,452,443,-1,443,452,453,-1,443,453,454,-1,454,453,455,-1,454,455,286,-1,286,455,456,-1,286,456,457,-1,457,458,286,-1,286,458,459,-1,286,459,356,-1,356,459,460,-1,356,460,461,-1,451,462,441,-1,441,462,463,-1,441,463,464,-1,461,465,356,-1,356,465,466,-1,356,466,467,-1,418,468,302,-1,302,468,469,-1,302,469,470,-1,470,469,356,-1,470,356,471,-1,471,356,467,-1,302,472,300,-1,300,472,473,-1,300,473,474,-1,475,476,477,-1,478,479,431,-1,474,480,300,-1,300,480,481,-1,300,481,408,-1,408,481,482,-1,408,482,483,-1,483,484,408,-1,408,484,485,-1,408,485,409,-1,409,485,486,-1,487,488,489,-1,486,485,490,-1,490,485,491,-1,490,491,492,-1,491,493,492,-1,492,493,488,-1,492,488,494,-1,494,488,487,-1,495,496,323,-1,323,496,497,-1,497,498,323,-1,323,498,499,-1,323,499,500,-1,501,502,323,-1,323,502,503,-1,323,503,504,-1,280,279,323,-1,323,279,505,-1,323,505,495,-1,479,506,464,-1,464,506,507,-1,464,507,477,-1,477,507,508,-1,477,508,475,-1,464,463,479,-1,479,463,509,-1,479,509,431,-1,510,511,512,-1,512,511,513,-1,512,513,489,-1,489,513,514,-1,489,514,487,-1,500,515,323,-1,323,515,516,-1,323,516,517,-1,475,518,476,-1,476,518,519,-1,476,519,512,-1,512,519,520,-1,512,520,510,-1,517,521,323,-1,323,521,522,-1,323,522,501,-1,523,336,524,-1,524,336,323,-1,524,323,525,-1,525,323,504,-1,526,527,336,-1,336,527,528,-1,528,529,336,-1,336,529,530,-1,336,530,531,-1,523,532,336,-1,336,532,533,-1,336,533,534,-1,478,431,535,-1,535,431,336,-1,535,336,536,-1,534,537,336,-1,336,537,538,-1,336,538,526,-1,531,539,336,-1,336,539,540,-1,336,540,541,-1,541,542,336,-1,336,542,543,-1,336,543,536,-1,137,328,130,-1,130,328,330,-1,130,330,131,-1,131,330,331,-1,131,331,185,-1,185,331,347,-1,185,347,188,-1,188,347,346,-1,188,346,189,-1,189,346,345,-1,189,345,268,-1,268,345,341,-1,268,341,236,-1,236,341,342,-1,236,342,201,-1,201,342,393,-1,201,393,199,-1,199,393,395,-1,199,395,167,-1,167,395,339,-1,167,339,194,-1,194,339,398,-1,194,398,193,-1,193,398,308,-1,146,283,203,-1,203,283,329,-1,323,170,321,-1,321,170,175,-1,206,290,232,-1,232,290,292,-1,232,292,227,-1,227,292,294,-1,227,294,211,-1,211,294,380,-1,211,380,209,-1,209,380,382,-1,209,382,207,-1,207,382,372,-1,207,372,192,-1,192,372,371,-1,192,371,217,-1,217,371,275,-1,217,275,133,-1,133,275,274,-1,133,274,134,-1,134,274,278,-1,134,278,136,-1,136,278,277,-1,136,277,144,-1,144,277,280,-1,144,280,143,-1,143,280,322,-1,356,469,269,-1,269,469,257,-1,139,336,141,-1,141,336,289,-1,336,139,323,-1,323,139,170,-1,416,303,265,-1,265,303,246,-1,419,381,225,-1,225,381,226,-1,284,407,223,-1,223,407,270,-1,396,394,200,-1,200,394,248,-1,283,146,289,-1,289,146,141,-1,43,60,544,-1,544,60,62,-1,544,62,545,-1,322,546,143,-1,143,546,547,-1,143,547,62,-1,62,547,548,-1,62,548,545,-1,66,38,549,-1,549,38,550,-1,549,550,551,-1,551,550,552,-1,551,552,553,-1,553,552,554,-1,553,554,555,-1,555,554,556,-1,555,556,557,-1,557,556,558,-1,557,558,175,-1,175,558,321,-1,322,321,558,-1,322,558,546,-1,546,558,556,-1,546,556,547,-1,547,556,554,-1,547,554,548,-1,548,554,552,-1,548,552,545,-1,545,552,550,-1,545,550,544,-1,544,550,38,-1,544,38,43,-1,549,559,66,-1,66,559,560,-1,66,560,59,-1,561,562,551,-1,551,562,563,-1,551,563,549,-1,549,563,564,-1,549,564,559,-1,551,553,561,-1,561,553,555,-1,561,555,565,-1,565,555,557,-1,565,557,566,-1,566,557,175,-1,566,175,135,-1,58,60,44,-1,44,60,43,-1,203,329,567,-1,567,329,568,-1,567,568,569,-1,569,568,570,-1,569,570,571,-1,571,570,572,-1,571,572,573,-1,573,572,574,-1,573,574,575,-1,575,574,576,-1,575,576,116,-1,116,576,85,-1,328,137,577,-1,577,137,107,-1,577,107,578,-1,86,579,109,-1,109,579,580,-1,109,580,107,-1,107,580,581,-1,107,581,578,-1,329,328,577,-1,329,577,568,-1,568,577,578,-1,568,578,570,-1,570,578,581,-1,570,581,572,-1,572,581,580,-1,572,580,574,-1,574,580,579,-1,574,579,576,-1,576,579,86,-1,576,86,85,-1,132,203,567,-1,132,567,582,-1,582,567,569,-1,582,569,583,-1,583,569,571,-1,583,571,584,-1,573,585,571,-1,571,585,586,-1,571,586,584,-1,575,116,110,-1,110,587,575,-1,575,587,588,-1,575,588,573,-1,573,588,589,-1,573,589,585,-1,104,116,84,-1,84,116,85,-1,45,39,70,-1,70,39,67,-1,74,58,42,-1,42,58,44,-1,74,42,54,-1,74,54,68,-1,68,54,53,-1,68,53,69,-1,69,53,52,-1,69,52,71,-1,71,52,51,-1,71,51,72,-1,72,51,50,-1,72,50,73,-1,73,50,49,-1,73,49,75,-1,75,49,48,-1,75,48,76,-1,76,48,47,-1,76,47,77,-1,77,47,46,-1,77,46,78,-1,78,46,41,-1,78,41,79,-1,79,41,40,-1,79,40,80,-1,80,40,45,-1,80,45,70,-1,120,115,91,-1,91,115,90,-1,92,87,119,-1,119,87,111,-1,124,97,95,-1,124,95,125,-1,125,95,94,-1,125,94,126,-1,126,94,96,-1,126,96,127,-1,127,96,102,-1,127,102,128,-1,128,102,93,-1,128,93,129,-1,129,93,92,-1,129,92,119,-1,120,91,103,-1,120,103,121,-1,121,103,101,-1,121,101,122,-1,122,101,100,-1,122,100,123,-1,123,100,99,-1,123,99,117,-1,117,99,98,-1,117,98,118,-1,118,98,97,-1,118,97,124,-1,104,84,105,-1,105,84,82,-1,105,82,590,-1,590,82,591,-1,590,591,592,-1,592,591,593,-1,592,593,594,-1,594,593,595,-1,594,595,28,-1,28,595,29,-1,25,24,596,-1,596,24,597,-1,596,597,598,-1,598,597,599,-1,598,599,600,-1,600,599,601,-1,600,601,106,-1,106,601,81,-1,82,81,601,-1,82,601,591,-1,591,601,599,-1,591,599,593,-1,593,599,597,-1,593,597,595,-1,595,597,24,-1,595,24,29,-1,28,25,594,-1,594,25,596,-1,594,596,592,-1,592,596,598,-1,592,598,590,-1,590,598,600,-1,590,600,105,-1,105,600,106,-1,112,83,602,-1,602,83,603,-1,602,603,604,-1,604,603,605,-1,604,605,606,-1,606,605,607,-1,606,607,12,-1,12,607,13,-1,9,8,608,-1,608,8,609,-1,608,609,610,-1,610,609,611,-1,610,611,612,-1,612,611,613,-1,612,613,113,-1,113,613,88,-1,83,88,613,-1,83,613,603,-1,603,613,611,-1,603,611,605,-1,605,611,609,-1,605,609,607,-1,607,609,8,-1,607,8,13,-1,12,9,606,-1,606,9,608,-1,606,608,604,-1,604,608,610,-1,604,610,602,-1,602,610,612,-1,602,612,112,-1,112,612,113,-1,63,34,614,-1,614,34,615,-1,614,615,616,-1,616,615,617,-1,17,16,618,-1,618,16,619,-1,618,619,617,-1,617,619,620,-1,617,620,616,-1,36,64,621,-1,621,64,622,-1,621,622,623,-1,623,622,624,-1,623,624,625,-1,625,624,626,-1,625,626,20,-1,20,626,627,-1,20,627,21,-1,34,36,621,-1,34,621,615,-1,615,621,623,-1,615,623,617,-1,617,623,625,-1,617,625,618,-1,618,625,20,-1,618,20,17,-1,16,21,619,-1,619,21,627,-1,619,627,620,-1,620,627,626,-1,620,626,616,-1,616,626,624,-1,616,624,614,-1,614,624,622,-1,614,622,63,-1,63,622,64,-1,56,33,628,-1,628,33,629,-1,1,0,630,-1,630,0,631,-1,630,631,632,-1,632,631,633,-1,632,633,629,-1,629,633,634,-1,629,634,628,-1,5,4,635,-1,635,4,636,-1,635,636,637,-1,637,636,638,-1,32,57,639,-1,639,57,640,-1,639,640,638,-1,638,640,641,-1,638,641,637,-1,33,32,639,-1,33,639,629,-1,629,639,638,-1,629,638,632,-1,632,638,636,-1,632,636,630,-1,630,636,4,-1,630,4,1,-1,0,5,631,-1,631,5,635,-1,631,635,633,-1,633,635,637,-1,633,637,634,-1,634,637,641,-1,634,641,628,-1,628,641,640,-1,628,640,56,-1,56,640,57,-1,26,27,642,-1,642,27,643,-1,642,643,644,-1,644,643,645,-1,644,645,646,-1,646,645,647,-1,646,647,648,-1,648,647,649,-1,648,649,650,-1,650,649,651,-1,652,653,654,-1,654,653,655,-1,654,655,656,-1,656,655,657,-1,656,657,658,-1,658,657,659,-1,658,659,660,-1,660,659,661,-1,660,661,31,-1,31,661,30,-1,27,30,661,-1,27,661,643,-1,643,661,659,-1,643,659,645,-1,645,659,657,-1,645,657,647,-1,647,657,655,-1,647,655,649,-1,649,655,653,-1,649,653,651,-1,650,652,648,-1,648,652,654,-1,648,654,646,-1,646,654,656,-1,646,656,644,-1,644,656,658,-1,644,658,642,-1,642,658,660,-1,642,660,26,-1,26,660,31,-1,662,663,651,-1,651,663,650,-1,664,665,652,-1,652,665,653,-1,665,662,653,-1,653,662,651,-1,650,663,652,-1,652,663,664,-1,662,665,663,-1,663,665,664,-1,22,23,666,-1,666,23,667,-1,666,667,668,-1,668,667,669,-1,668,669,670,-1,670,669,671,-1,670,671,672,-1,672,671,673,-1,672,673,674,-1,674,673,675,-1,676,677,678,-1,678,677,679,-1,678,679,680,-1,680,679,681,-1,680,681,682,-1,682,681,683,-1,682,683,684,-1,684,683,685,-1,684,685,19,-1,19,685,18,-1,23,18,685,-1,23,685,667,-1,667,685,683,-1,667,683,669,-1,669,683,681,-1,669,681,671,-1,671,681,679,-1,671,679,673,-1,673,679,677,-1,673,677,675,-1,674,676,672,-1,672,676,678,-1,672,678,670,-1,670,678,680,-1,670,680,668,-1,668,680,682,-1,668,682,666,-1,666,682,684,-1,666,684,22,-1,22,684,19,-1,686,687,675,-1,675,687,674,-1,688,689,676,-1,676,689,677,-1,689,686,677,-1,677,686,675,-1,674,687,676,-1,676,687,688,-1,686,689,687,-1,687,689,688,-1,10,11,690,-1,690,11,691,-1,690,691,692,-1,692,691,693,-1,692,693,694,-1,694,693,695,-1,694,695,696,-1,696,695,697,-1,696,697,698,-1,698,697,699,-1,700,701,702,-1,702,701,703,-1,702,703,704,-1,704,703,705,-1,704,705,706,-1,706,705,707,-1,706,707,708,-1,708,707,709,-1,708,709,15,-1,15,709,14,-1,11,14,709,-1,11,709,691,-1,691,709,707,-1,691,707,693,-1,693,707,705,-1,693,705,695,-1,695,705,703,-1,695,703,697,-1,697,703,701,-1,697,701,699,-1,698,700,696,-1,696,700,702,-1,696,702,694,-1,694,702,704,-1,694,704,692,-1,692,704,706,-1,692,706,690,-1,690,706,708,-1,690,708,10,-1,10,708,15,-1,710,711,699,-1,699,711,698,-1,712,713,700,-1,700,713,701,-1,713,710,701,-1,701,710,699,-1,698,711,700,-1,700,711,712,-1,710,713,711,-1,711,713,712,-1,6,7,714,-1,714,7,715,-1,714,715,716,-1,716,715,717,-1,716,717,718,-1,718,717,719,-1,718,719,720,-1,720,719,721,-1,722,723,724,-1,724,723,725,-1,724,725,726,-1,726,725,727,-1,726,727,728,-1,728,727,729,-1,728,729,3,-1,3,729,2,-1,7,2,729,-1,7,729,715,-1,715,729,727,-1,715,727,717,-1,717,727,725,-1,717,725,719,-1,719,725,723,-1,719,723,721,-1,720,722,718,-1,718,722,724,-1,718,724,716,-1,716,724,726,-1,716,726,714,-1,714,726,728,-1,714,728,6,-1,6,728,3,-1,730,731,721,-1,721,731,720,-1,732,733,722,-1,722,733,723,-1,733,730,723,-1,723,730,721,-1,720,731,722,-1,722,731,732,-1,730,733,731,-1,731,733,732,-1,
        ]
    }
}
Shape{
    appearance Appearance {
        material  Material 	{
            diffuseColor 0.5019607843137255 0.5019607843137255 0.5019607843137255
            specularColor 0.25098039215686274 0.25098039215686274 0.25098039215686274
            ambientIntensity 0.2
            transparency 0
            shininess 0.5
        }
    }
    geometry IndexedFaceSet {
        ccw TRUE
        solid FALSE
        coord DEF co Coordinate {
            point [
                0.7972 0.079 -0.0755, 0.7972 0.079 -0.0755, 0.7972 0.0787 -0.0755, 0.7972 0.0791 -0.0755, 0.7972 0.0791 -0.0755, 0.7969 0.0787 -0.076, 0.797 0.0788 -0.0758, 0.797 0.0788 -0.0757, 0.7971 0.0789 -0.0756, 0.7972 0.0789 -0.0756, 0.7972 0.0789 -0.0755, -0.7972 0.0787 -0.0755, -0.7972 0.0791 -0.0755, -0.7972 0.0791 -0.0755, -0.7969 0.0787 -0.076, -0.797 0.0788 -0.0758, -0.797 0.0788 -0.0757, -0.7972 0.079 -0.0755, -0.7972 0.079 -0.0755, -0.7972 0.0789 -0.0755, -0.7972 0.0789 -0.0756, -0.7971 0.0789 -0.0756, -0.7971 0.0789 -0.0756
            ]
        }
        coordIndex [
            0,1,2,-1,2,1,3,-1,2,3,4,-1,5,6,2,-1,2,6,7,-1,2,7,8,-1,8,9,2,-1,2,9,10,-1,2,10,0,-1,11,12,13,-1,14,11,15,-1,15,11,16,-1,13,17,11,-1,11,17,18,-1,11,18,19,-1,19,20,11,-1,11,20,21,-1,11,21,16,-1,
        ]
    }
}
Shape{
    appearance Appearance {
        material  Material 	{
            diffuseColor 1.0 1.0 1.0
            specularColor 0.5019607843137255 0.5019607843137255 0.5019607843137255
            ambientIntensity 0.2
            transparency 0
            shininess 0.5
        }
    }
    geometry IndexedFaceSet {
        ccw TRUE
        solid FALSE
        coord DEF co Coordinate {
            point [
                -0.876 0.0 -0.6201, -0.876 0.0 -0.4823, -0.876 0.0787 -0.6201, -0.876 0.0787 -0.4823, -0.8366 0.0 -0.4429, -0.7972 0.0 -0.4429, -0.8366 0.0787 -0.4429, -0.7972 0.0787 -0.4429, 0.8366 0.0787 -0.4429, 0.7972 0.0787 -0.4429, 0.8366 0.0 -0.4429, 0.7972 0.0 -0.4429, 0.876 0.0 -0.4823, 0.876 0.0 -0.6201, 0.876 0.0787 -0.4823, 0.876 0.0787 -0.6201, -0.8366 0.0787 -0.6594, -0.6004 0.0787 -0.6594, -0.8366 0.0 -0.6594, -0.6004 0.0 -0.6594, 0.6004 0.0787 -0.6594, 0.8366 0.0787 -0.6594, 0.6004 0.0 -0.6594, 0.8366 0.0 -0.6594, 0.8468 0.0 -0.4443, 0.8468 0.0787 -0.4443, 0.8563 0.0 -0.4482, 0.8563 0.0787 -0.4482, 0.8645 0.0 -0.4544, 0.8645 0.0787 -0.4544, 0.8707 0.0 -0.4626, 0.8707 0.0787 -0.4626, 0.8746 0.0 -0.4721, 0.8746 0.0787 -0.4721, 0.561 0.0 -0.6201, 0.561 0.0787 -0.6201, 0.5624 0.0787 -0.6303, 0.5624 0.0 -0.6303, 0.5663 0.0787 -0.6398, 0.5663 0.0 -0.6398, 0.5726 0.0787 -0.6479, 0.5726 0.0 -0.6479, 0.5807 0.0787 -0.6542, 0.5807 0.0 -0.6542, 0.5902 0.0787 -0.6581, 0.5902 0.0 -0.6581, 0.8746 0.0 -0.6303, 0.8746 0.0787 -0.6303, 0.8707 0.0 -0.6398, 0.8707 0.0787 -0.6398, 0.8645 0.0 -0.6479, 0.8645 0.0787 -0.6479, 0.8563 0.0 -0.6542, 0.8563 0.0787 -0.6542, 0.8468 0.0 -0.6581, 0.8468 0.0787 -0.6581, -0.8468 0.0 -0.6581, -0.8468 0.0787 -0.6581, -0.8563 0.0 -0.6542, -0.8563 0.0787 -0.6542, -0.8645 0.0 -0.6479, -0.8645 0.0787 -0.6479, -0.8707 0.0 -0.6398, -0.8707 0.0787 -0.6398, -0.8746 0.0 -0.6303, -0.8746 0.0787 -0.6303, 0.4902 0.0 -0.4193, 0.4902 0.0787 -0.4193, 0.497 0.0 -0.4122, 0.497 0.0787 -0.4122, 0.5053 0.0 -0.4071, 0.5053 0.0787 -0.4071, 0.5147 0.0 -0.4042, 0.5147 0.0787 -0.4042, 0.5245 0.0 -0.4036, 0.5245 0.0787 -0.4036, 0.5341 0.0 -0.4056, 0.5341 0.0787 -0.4056, 0.543 0.0 -0.4098, 0.543 0.0787 -0.4098, 0.5505 0.0 -0.4161, 0.5505 0.0787 -0.4161, 0.5562 0.0 -0.4241, 0.5562 0.0787 -0.4241, 0.5598 0.0 -0.4332, 0.5598 0.0787 -0.4332, 0.561 0.0 -0.4429, 0.561 0.0787 -0.4429, 0.3051 0.0 -0.6398, 0.3051 0.0787 -0.6398, 0.3142 0.0787 -0.6387, 0.3142 0.0 -0.6387, 0.3227 0.0787 -0.6356, 0.3227 0.0 -0.6356, 0.3303 0.0787 -0.6306, 0.3303 0.0 -0.6306, 0.3366 0.0787 -0.624, 0.3366 0.0 -0.624, -0.3366 0.0 -0.624, -0.3366 0.0787 -0.624, -0.3303 0.0787 -0.6306, -0.3303 0.0 -0.6306, -0.3227 0.0787 -0.6356, -0.3227 0.0 -0.6356, -0.3142 0.0787 -0.6387, -0.3142 0.0 -0.6387, -0.3051 0.0787 -0.6398, -0.3051 0.0 -0.6398, -0.561 0.0 -0.4429, -0.561 0.0787 -0.4429, -0.5598 0.0 -0.4332, -0.5598 0.0787 -0.4332, -0.5562 0.0 -0.4241, -0.5562 0.0787 -0.4241, -0.5505 0.0 -0.4161, -0.5505 0.0787 -0.4161, -0.543 0.0 -0.4098, -0.543 0.0787 -0.4098, -0.5341 0.0 -0.4056, -0.5341 0.0787 -0.4056, -0.5245 0.0 -0.4036, -0.5245 0.0787 -0.4036, -0.5147 0.0 -0.4042, -0.5147 0.0787 -0.4042, -0.5053 0.0 -0.4071, -0.5053 0.0787 -0.4071, -0.497 0.0 -0.4122, -0.497 0.0787 -0.4122, -0.4902 0.0 -0.4193, -0.4902 0.0787 -0.4193, -0.8746 0.0 -0.4721, -0.8746 0.0787 -0.4721, -0.8707 0.0 -0.4626, -0.8707 0.0787 -0.4626, -0.8645 0.0 -0.4544, -0.8645 0.0787 -0.4544, -0.8563 0.0 -0.4482, -0.8563 0.0787 -0.4482, -0.8468 0.0 -0.4443, -0.8468 0.0787 -0.4443, -0.5902 0.0787 -0.6581, -0.5902 0.0 -0.6581, -0.5807 0.0787 -0.6542, -0.5807 0.0 -0.6542, -0.5726 0.0787 -0.6479, -0.5726 0.0 -0.6479, -0.5663 0.0787 -0.6398, -0.5663 0.0 -0.6398, -0.5624 0.0787 -0.6303, -0.5624 0.0 -0.6303, -0.561 0.0787 -0.6201, -0.561 0.0 -0.6201, 0.3937 0.0787 0.0, 0.3937 0.0 -0.0, 0.3877 0.0787 0.0684, 0.3877 -0.0 0.0684, 0.37 0.0787 0.1347, 0.37 -0.0 0.1347, 0.341 0.0787 0.1969, 0.341 -0.0 0.1969, 0.3016 0.0787 0.2531, 0.3016 -0.0 0.2531, 0.2531 0.0787 0.3016, 0.2531 -0.0 0.3016, 0.1969 0.0787 0.341, 0.1969 -0.0 0.341, 0.1347 0.0787 0.37, 0.1347 -0.0 0.37, 0.0684 0.0787 0.3877, 0.0684 -0.0 0.3877, 0.0 0.0787 0.3937, 0.0 -0.0 0.3937, -0.0684 0.0787 0.3877, -0.0684 -0.0 0.3877, -0.1347 0.0787 0.37, -0.1347 -0.0 0.37, -0.1969 0.0787 0.341, -0.1969 -0.0 0.341, -0.2531 0.0787 0.3016, -0.2531 -0.0 0.3016, -0.3016 0.0787 0.2531, -0.3016 -0.0 0.2531, -0.341 0.0787 0.1969, -0.341 -0.0 0.1969, -0.37 0.0787 0.1347, -0.37 -0.0 0.1347, -0.3877 0.0787 0.0684, -0.3877 -0.0 0.0684, -0.3937 0.0787 0.0, -0.3937 -0.0 0.0, -0.3877 0.0787 -0.0684, -0.3877 0.0 -0.0684, -0.37 0.0787 -0.1347, -0.37 0.0 -0.1347, -0.341 0.0787 -0.1969, -0.341 0.0 -0.1969, -0.3016 0.0787 -0.2531, -0.3016 0.0 -0.2531, -0.2531 0.0787 -0.3016, -0.2531 0.0 -0.3016, -0.1969 0.0787 -0.341, -0.1969 0.0 -0.341, -0.1347 0.0787 -0.37, -0.1347 0.0 -0.37, -0.0684 0.0787 -0.3877, -0.0684 0.0 -0.3877, -0.0 0.0787 -0.3937, -0.0 0.0 -0.3937, 0.0684 0.0787 -0.3877, 0.0684 0.0 -0.3877, 0.1347 0.0787 -0.37, 0.1347 0.0 -0.37, 0.1969 0.0787 -0.341, 0.1969 0.0 -0.341, 0.2531 0.0787 -0.3016, 0.2531 0.0 -0.3016, 0.3016 0.0787 -0.2531, 0.3016 0.0 -0.2531, 0.341 0.0787 -0.1969, 0.341 0.0 -0.1969, 0.37 0.0787 -0.1347, 0.37 0.0 -0.1347, 0.3877 0.0787 -0.0684, 0.3877 0.0 -0.0684, 0.3877 0.0 -0.0684
            ]
        }
        coordIndex [
            0,1,2,-1,2,1,3,-1,4,5,6,-1,6,5,7,-1,8,9,10,-1,10,9,11,-1,12,13,14,-1,14,13,15,-1,16,17,18,-1,18,17,19,-1,20,21,22,-1,22,21,23,-1,8,10,24,-1,8,24,25,-1,25,24,26,-1,25,26,27,-1,27,26,28,-1,27,28,29,-1,29,28,30,-1,29,30,31,-1,31,30,32,-1,31,32,33,-1,33,32,12,-1,33,12,14,-1,34,35,36,-1,34,36,37,-1,37,36,38,-1,37,38,39,-1,39,38,40,-1,39,40,41,-1,41,40,42,-1,41,42,43,-1,43,42,44,-1,43,44,45,-1,45,44,20,-1,45,20,22,-1,15,13,46,-1,15,46,47,-1,47,46,48,-1,47,48,49,-1,49,48,50,-1,49,50,51,-1,51,50,52,-1,51,52,53,-1,53,52,54,-1,53,54,55,-1,55,54,23,-1,55,23,21,-1,16,18,56,-1,16,56,57,-1,57,56,58,-1,57,58,59,-1,59,58,60,-1,59,60,61,-1,61,60,62,-1,61,62,63,-1,63,62,64,-1,63,64,65,-1,65,64,0,-1,65,0,2,-1,66,67,68,-1,68,67,69,-1,68,69,70,-1,70,69,71,-1,70,71,72,-1,72,71,73,-1,72,73,74,-1,74,73,75,-1,74,75,76,-1,76,75,77,-1,76,77,78,-1,78,77,79,-1,78,79,80,-1,80,79,81,-1,80,81,82,-1,82,81,83,-1,82,83,84,-1,84,83,85,-1,84,85,86,-1,86,85,87,-1,88,89,90,-1,88,90,91,-1,91,90,92,-1,91,92,93,-1,93,92,94,-1,93,94,95,-1,95,94,96,-1,95,96,97,-1,98,99,100,-1,98,100,101,-1,101,100,102,-1,101,102,103,-1,103,102,104,-1,103,104,105,-1,105,104,106,-1,105,106,107,-1,108,109,110,-1,110,109,111,-1,110,111,112,-1,112,111,113,-1,112,113,114,-1,114,113,115,-1,114,115,116,-1,116,115,117,-1,116,117,118,-1,118,117,119,-1,118,119,120,-1,120,119,121,-1,120,121,122,-1,122,121,123,-1,122,123,124,-1,124,123,125,-1,124,125,126,-1,126,125,127,-1,126,127,128,-1,128,127,129,-1,3,1,130,-1,3,130,131,-1,131,130,132,-1,131,132,133,-1,133,132,134,-1,133,134,135,-1,135,134,136,-1,135,136,137,-1,137,136,138,-1,137,138,139,-1,139,138,4,-1,139,4,6,-1,19,17,140,-1,19,140,141,-1,141,140,142,-1,141,142,143,-1,143,142,144,-1,143,144,145,-1,145,144,146,-1,145,146,147,-1,147,146,148,-1,147,148,149,-1,149,148,150,-1,149,150,151,-1,152,153,154,-1,154,153,155,-1,154,155,156,-1,156,155,157,-1,156,157,158,-1,158,157,159,-1,158,159,160,-1,160,159,161,-1,160,161,162,-1,162,161,163,-1,162,163,164,-1,164,163,165,-1,164,165,166,-1,166,165,167,-1,166,167,168,-1,168,167,169,-1,168,169,170,-1,170,169,171,-1,170,171,172,-1,172,171,173,-1,172,173,174,-1,174,173,175,-1,174,175,176,-1,176,175,177,-1,176,177,178,-1,178,177,179,-1,178,179,180,-1,180,179,181,-1,180,181,182,-1,182,181,183,-1,182,183,184,-1,184,183,185,-1,184,185,186,-1,186,185,187,-1,186,187,188,-1,188,187,189,-1,188,189,190,-1,190,189,191,-1,190,191,192,-1,192,191,193,-1,192,193,194,-1,194,193,195,-1,194,195,196,-1,196,195,197,-1,196,197,198,-1,198,197,199,-1,198,199,200,-1,200,199,201,-1,200,201,202,-1,202,201,203,-1,202,203,204,-1,204,203,205,-1,204,205,206,-1,206,205,207,-1,206,207,208,-1,208,207,209,-1,208,209,210,-1,210,209,211,-1,210,211,212,-1,212,211,213,-1,212,213,214,-1,214,213,215,-1,214,215,216,-1,216,215,217,-1,216,217,218,-1,218,217,219,-1,218,219,220,-1,220,219,221,-1,220,221,222,-1,222,221,223,-1,222,223,152,-1,152,223,153,-1,
        ]
    }
}
Shape{
    appearance Appearance {
        material  Material 	{
            diffuseColor 0.25098039215686274 0.25098039215686274 0.25098039215686274
            specularColor 0.12549019607843137 0.12549019607843137 0.12549019607843137
            ambientIntensity 0.2
            transparency 0
            shininess 0.5
        }
    }
    geometry IndexedFaceSet {
        ccw TRUE
        solid FALSE
        coord DEF co Coordinate {
            point [
                -0.5015 -0.0 0.3542, -0.4962 -0.0 0.3554, -0.4962 -0.0032 0.3553, -0.516 -0.0394 0.4516, -0.5367 -0.0382 0.431, -0.5273 -0.0382 0.4246, -0.4206 -0.0 0.4271, -0.4198 -0.0 0.4318, -0.4197 -0.0032 0.4318, -0.4579 -0.0 0.531, -0.4611 -0.0 0.533, -0.4611 -0.0032 0.533, -0.4449 -0.0 0.5196, -0.4465 -0.0 0.521, -0.4465 -0.0032 0.521, -0.4713 -0.0 0.5393, -0.4778 -0.0 0.5419, -0.4777 -0.0032 0.5421, -0.5036 -0.0329 0.3913, -0.516 -0.0329 0.39, -0.516 -0.028 0.3756, -0.4403 -0.0248 0.4834, -0.4461 -0.028 0.4809, -0.4416 -0.028 0.4667, -0.4819 -0.0329 0.5024, -0.4728 -0.0329 0.4948, -0.4625 -0.028 0.5051, -0.5038 -0.0329 0.5118, -0.4924 -0.0329 0.5082, -0.4866 -0.028 0.5215, -0.6126 -0.0 0.4328, -0.6123 -0.0 0.4318, -0.6122 -0.0032 0.4318, -0.5948 -0.0 0.5105, -0.5973 -0.0 0.5064, -0.5974 -0.0032 0.5065, -0.5693 -0.0 0.5343, -0.5709 -0.0 0.5332, -0.5709 -0.0032 0.533, -0.5833 -0.0 0.5233, -0.5854 -0.0 0.521, -0.5854 -0.0032 0.521, -0.5795 -0.0 0.3764, -0.5708 -0.0 0.3702, -0.5709 -0.0032 0.3701, -0.5907 -0.0 0.3875, -0.5853 -0.0 0.3822, -0.5854 -0.0032 0.3821, -0.5186 -0.0 0.3532, -0.516 -0.0 0.3533, -0.516 -0.0032 0.3533, -0.5917 -0.0248 0.4197, -0.586 -0.028 0.4222, -0.5904 -0.028 0.4364, -0.5504 -0.0329 0.4006, -0.5595 -0.0329 0.4082, -0.5697 -0.028 0.398, -0.5284 -0.0329 0.3913, -0.5399 -0.0329 0.3949, -0.5455 -0.028 0.3816, -0.5313 -0.028 0.3772, -0.5584 -0.028 0.3886, -0.554 -0.0063 0.3616, -0.5542 -0.0032 0.361, -0.5358 -0.0032 0.3553, -0.5536 -0.0091 0.3624, -0.5356 -0.0063 0.3559, -0.5344 -0.0 0.3548, -0.5655 -0.0 0.3665, -0.5706 -0.0063 0.3706, -0.5701 -0.0091 0.3713, -0.5694 -0.0118 0.3723, -0.5542 -0.0 0.3611, -0.5513 -0.0 0.3597, -0.5363 -0.0 0.3552, -0.5974 -0.0032 0.3966, -0.597 -0.0063 0.397, -0.585 -0.0063 0.3825, -0.5962 -0.0091 0.3975, -0.5844 -0.0091 0.3831, -0.5952 -0.0118 0.3982, -0.5835 -0.0118 0.384, -0.5939 -0.0144 0.399, -0.5824 -0.0144 0.3851, -0.5924 -0.0168 0.4001, -0.6078 -0.0 0.416, -0.6065 -0.0 0.4133, -0.6065 -0.0032 0.4133, -0.606 -0.0063 0.4136, -0.6051 -0.0091 0.4139, -0.604 -0.0118 0.4144, -0.6026 -0.0144 0.415, -0.6009 -0.0168 0.4157, -0.5887 -0.0211 0.4026, -0.6009 -0.0 0.4018, -0.5973 -0.0 0.3967, -0.5919 -0.0 0.3889, -0.5396 -0.0329 0.5082, -0.5281 -0.0329 0.5118, -0.5311 -0.028 0.5259, -0.6117 -0.0063 0.4712, -0.6122 -0.0032 0.4713, -0.6142 -0.0032 0.4516, -0.6032 -0.0 0.4972, -0.6064 -0.0 0.4897, -0.6065 -0.0032 0.4898, -0.6093 -0.0 0.4828, -0.6099 -0.0 0.4811, -0.606 -0.0063 0.4896, -0.6051 -0.0091 0.4892, -0.5962 -0.0091 0.5056, -0.5952 -0.0118 0.5049, -0.5835 -0.0118 0.5191, -0.5824 -0.0144 0.518, -0.5684 -0.0144 0.5295, -0.5674 -0.0168 0.5279, -0.5517 -0.0168 0.5364, -0.5648 -0.0211 0.5242, -0.5499 -0.0211 0.5323, -0.5478 -0.0248 0.5272, -0.5324 -0.0248 0.5321, -0.516 -0.028 0.5275, -0.516 -0.0329 0.5131, -0.5317 -0.0 0.5487, -0.5358 -0.0 0.5479, -0.5358 -0.0032 0.5478, -0.5405 -0.0 0.5469, -0.5542 -0.0032 0.5421, -0.5542 -0.0 0.5421, -0.5554 -0.0 0.5417, -0.6121 -0.0 0.4713, -0.6134 -0.0 0.4657, -0.6142 -0.0 0.4515, -0.6143 -0.0 0.4484, -0.5453 -0.028 0.5215, -0.5617 -0.0248 0.5196, -0.5778 -0.0211 0.5134, -0.581 -0.0168 0.5167, -0.5939 -0.0144 0.504, -0.604 -0.0118 0.4887, -0.6108 -0.0091 0.471, -0.6136 -0.0063 0.4516, -0.5969 -0.0063 0.5061, -0.5844 -0.0091 0.52, -0.5693 -0.0118 0.5308, -0.5525 -0.0144 0.5381, -0.5345 -0.0168 0.5418, -0.5335 -0.0211 0.5374, -0.516 -0.0248 0.5338, -0.5008 -0.028 0.5259, -0.4738 -0.028 0.5144, -0.4995 -0.0248 0.5321, -0.516 -0.0211 0.5392, -0.516 -0.0168 0.5437, -0.5349 -0.0144 0.5436, -0.5531 -0.0118 0.5396, -0.57 -0.0091 0.5318, -0.585 -0.0063 0.5206, -0.492 -0.0329 0.3949, -0.5007 -0.028 0.3772, -0.4842 -0.0248 0.5272, -0.4984 -0.0211 0.5374, -0.4975 -0.0168 0.5418, -0.516 -0.0144 0.5455, -0.5352 -0.0118 0.5451, -0.5536 -0.0091 0.5407, -0.5706 -0.0063 0.5325, -0.4702 -0.0248 0.5196, -0.482 -0.0211 0.5323, -0.4802 -0.0168 0.5364, -0.4971 -0.0144 0.5436, -0.516 -0.0118 0.5471, -0.5354 -0.0091 0.5464, -0.554 -0.0063 0.5415, -0.4532 -0.028 0.4938, -0.458 -0.0248 0.5096, -0.4671 -0.0211 0.5242, -0.4645 -0.0168 0.5279, -0.4794 -0.0144 0.5381, -0.4967 -0.0118 0.5451, -0.516 -0.0091 0.5483, -0.5356 -0.0063 0.5472, -0.4479 -0.0248 0.4974, -0.4541 -0.0211 0.5134, -0.4509 -0.0168 0.5167, -0.4635 -0.0144 0.5295, -0.4788 -0.0118 0.5396, -0.4965 -0.0091 0.5464, -0.516 -0.0063 0.5492, -0.4874 -0.0 0.5458, -0.4962 -0.0 0.5477, -0.4962 -0.0032 0.5478, -0.5028 -0.0 0.5491, -0.4434 -0.0211 0.5005, -0.4311 -0.0168 0.4874, -0.4396 -0.0168 0.503, -0.4381 -0.0144 0.504, -0.4496 -0.0144 0.518, -0.4485 -0.0118 0.5191, -0.4626 -0.0118 0.5308, -0.4619 -0.0091 0.5318, -0.4783 -0.0091 0.5407, -0.478 -0.0063 0.5415, -0.4963 -0.0063 0.5472, -0.516 -0.0032 0.5498, -0.516 -0.0 0.55, -0.4294 -0.0144 0.4881, -0.4368 -0.0118 0.5049, -0.4476 -0.0091 0.52, -0.4614 -0.0063 0.5325, -0.428 -0.0118 0.4887, -0.4357 -0.0091 0.5056, -0.4469 -0.0063 0.5206, -0.426 -0.0063 0.4896, -0.4255 -0.0032 0.4898, -0.4345 -0.0032 0.5065, -0.4344 -0.0 0.5066, -0.4349 -0.0 0.5074, -0.4268 -0.0091 0.4892, -0.435 -0.0063 0.5061, -0.4209 -0.0 0.4772, -0.4254 -0.0 0.4898, -0.4262 -0.0 0.492, -0.4338 -0.0 0.5058, -0.4994 -0.0248 0.371, -0.484 -0.0248 0.3758, -0.4819 -0.0211 0.3708, -0.467 -0.0211 0.3789, -0.4801 -0.0168 0.3666, -0.4645 -0.0168 0.3752, -0.4634 -0.0144 0.3736, -0.4495 -0.0144 0.3851, -0.4484 -0.0118 0.384, -0.4367 -0.0118 0.3982, -0.4357 -0.0091 0.3975, -0.4268 -0.0091 0.4139, -0.426 -0.0063 0.4136, -0.4203 -0.0063 0.4319, -0.4177 -0.0032 0.4516, -0.4179 -0.0 0.4426, -0.4345 -0.0032 0.3966, -0.434 -0.0 0.3971, -0.4257 -0.0 0.4122, -0.5325 -0.0248 0.371, -0.516 -0.0248 0.3693, -0.516 -0.0211 0.3639, -0.4983 -0.0211 0.3657, -0.516 -0.0168 0.3594, -0.4974 -0.0168 0.3613, -0.497 -0.0144 0.3595, -0.4794 -0.0144 0.365, -0.4788 -0.0118 0.3635, -0.4626 -0.0118 0.3723, -0.4619 -0.0091 0.3713, -0.4475 -0.0091 0.3831, -0.4469 -0.0063 0.3825, -0.435 -0.0063 0.397, -0.4255 -0.0032 0.4133, -0.4254 -0.0 0.4133, -0.5619 -0.0248 0.3834, -0.548 -0.0248 0.3758, -0.5501 -0.0211 0.3708, -0.5336 -0.0211 0.3657, -0.5518 -0.0168 0.3666, -0.5345 -0.0168 0.3613, -0.5349 -0.0144 0.3595, -0.516 -0.0144 0.3576, -0.516 -0.0118 0.356, -0.4967 -0.0118 0.358, -0.4965 -0.0091 0.3567, -0.4783 -0.0091 0.3624, -0.478 -0.0063 0.3616, -0.4614 -0.0063 0.3706, -0.4611 -0.0032 0.3701, -0.4465 -0.0032 0.3821, -0.579 -0.028 0.4092, -0.5842 -0.0248 0.4057, -0.5741 -0.0248 0.3935, -0.578 -0.0211 0.3896, -0.565 -0.0211 0.3789, -0.5811 -0.0168 0.3864, -0.5675 -0.0168 0.3752, -0.5685 -0.0144 0.3736, -0.5525 -0.0144 0.365, -0.5531 -0.0118 0.3635, -0.5352 -0.0118 0.358, -0.5355 -0.0091 0.3567, -0.516 -0.0091 0.3548, -0.516 -0.0063 0.3539, -0.4963 -0.0063 0.3559, -0.4777 -0.0032 0.361, -0.4862 -0.0 0.3577, -0.4778 -0.0 0.3612, -0.4717 -0.0 0.3637, -0.47 -0.0 0.3645, -0.4611 -0.0 0.3702, -0.4566 -0.0 0.373, -0.4466 -0.0 0.3822, -0.4437 -0.0 0.3847, -0.4178 -0.0 0.4444, -0.4178 -0.0 0.4516, -0.4179 -0.0 0.4602, -0.4864 -0.028 0.3816, -0.47 -0.0248 0.3834, -0.454 -0.0211 0.3896, -0.4508 -0.0168 0.3864, -0.438 -0.0144 0.399, -0.4279 -0.0118 0.4144, -0.4212 -0.0091 0.4321, -0.4183 -0.0063 0.4516, -0.4197 -0.0032 0.4713, -0.4199 -0.0 0.4713, -0.505 -0.0382 0.4784, -0.5103 -0.0382 0.4802, -0.4957 -0.0382 0.472, -0.4874 -0.0382 0.4573, -0.4892 -0.0382 0.4626, -0.4558 -0.0329 0.4638, -0.4595 -0.0329 0.4752, -0.4652 -0.0329 0.4857, -0.4239 -0.0144 0.4705, -0.4257 -0.0168 0.4701, -0.4238 -0.0168 0.4516, -0.4301 -0.0211 0.4691, -0.4283 -0.0211 0.4516, -0.4338 -0.0248 0.4516, -0.4354 -0.0248 0.4351, -0.4415 -0.028 0.4364, -0.446 -0.028 0.4222, -0.4557 -0.0329 0.4393, -0.4592 -0.0329 0.4278, -0.4873 -0.0382 0.4458, -0.489 -0.0382 0.4404, -0.4212 -0.0091 0.471, -0.4224 -0.0118 0.4708, -0.4204 -0.0118 0.4516, -0.422 -0.0144 0.4516, -0.4239 -0.0144 0.4326, -0.4257 -0.0168 0.433, -0.431 -0.0168 0.4157, -0.4301 -0.0211 0.434, -0.4352 -0.0211 0.4175, -0.4402 -0.0248 0.4197, -0.4478 -0.0248 0.4057, -0.453 -0.028 0.4092, -0.4623 -0.028 0.398, -0.4649 -0.0329 0.4174, -0.4724 -0.0329 0.4082, -0.4953 -0.0382 0.431, -0.4353 -0.0211 0.4856, -0.4355 -0.0248 0.468, -0.44 -0.028 0.4516, -0.4544 -0.0329 0.4516, -0.4867 -0.0382 0.4516, -0.516 -0.0382 0.4223, -0.5101 -0.0382 0.4229, -0.5046 -0.0382 0.4246, -0.5219 -0.0382 0.4229, -0.4203 -0.0063 0.4712, -0.4192 -0.0091 0.4516, -0.4224 -0.0118 0.4323, -0.4294 -0.0144 0.415, -0.4395 -0.0168 0.4001, -0.4433 -0.0211 0.4026, -0.4578 -0.0248 0.3935, -0.4735 -0.028 0.3886, -0.4816 -0.0329 0.4006, -0.5446 -0.0382 0.4458, -0.543 -0.0382 0.4404, -0.5763 -0.0329 0.4393, -0.5727 -0.0329 0.4278, -0.567 -0.0329 0.4174, -0.6081 -0.0144 0.4326, -0.6063 -0.0168 0.433, -0.6081 -0.0168 0.4516, -0.6019 -0.0211 0.434, -0.6036 -0.0211 0.4516, -0.5982 -0.0248 0.4516, -0.5965 -0.0248 0.468, -0.5903 -0.028 0.4667, -0.5858 -0.028 0.4809, -0.5762 -0.0329 0.4638, -0.5725 -0.0329 0.4752, -0.5445 -0.0382 0.4573, -0.5427 -0.0382 0.4626, -0.6108 -0.0091 0.4321, -0.6096 -0.0118 0.4323, -0.6115 -0.0118 0.4516, -0.61 -0.0144 0.4516, -0.608 -0.0144 0.4705, -0.6062 -0.0168 0.4701, -0.6008 -0.0168 0.4874, -0.6018 -0.0211 0.4691, -0.5967 -0.0211 0.4856, -0.5916 -0.0248 0.4834, -0.584 -0.0248 0.4974, -0.5787 -0.028 0.4938, -0.5694 -0.028 0.5051, -0.5667 -0.0329 0.4857, -0.5591 -0.0329 0.4948, -0.5363 -0.0382 0.472, -0.5968 -0.0211 0.4175, -0.5965 -0.0248 0.4351, -0.5919 -0.028 0.4516, -0.5775 -0.0329 0.4516, -0.5452 -0.0382 0.4516, -0.516 -0.0382 0.4808, -0.5216 -0.0382 0.4802, -0.527 -0.0382 0.4784, -0.6117 -0.0063 0.4319, -0.6127 -0.0091 0.4516, -0.6096 -0.0118 0.4708, -0.6025 -0.0144 0.4881, -0.5923 -0.0168 0.503, -0.5885 -0.0211 0.5005, -0.5739 -0.0248 0.5096, -0.5582 -0.028 0.5144, -0.55 -0.0329 0.5024, 0.5216 -0.0382 0.4802, 0.516 -0.0382 0.4808, 0.516 -0.0394 0.4516, 0.5363 -0.0382 0.472, 0.527 -0.0382 0.4784, 0.5219 -0.0382 0.4229, 0.5273 -0.0382 0.4246, 0.5103 -0.0382 0.4802, 0.505 -0.0382 0.4784, 0.4349 -0.0 0.3957, 0.4468 -0.0 0.3824, 0.4465 -0.0032 0.3821, 0.4715 -0.0 0.3637, 0.4779 -0.0 0.3615, 0.4777 -0.0032 0.361, 0.495 -0.0 0.3554, 0.4962 -0.0 0.3552, 0.4962 -0.0032 0.3553, 0.4511 -0.0 0.3775, 0.4614 -0.0 0.3706, 0.4611 -0.0032 0.3701, 0.4239 -0.0 0.4167, 0.4256 -0.0 0.4134, 0.4255 -0.0032 0.4133, 0.4502 -0.0 0.5248, 0.4467 -0.0 0.5209, 0.4465 -0.0032 0.521, 0.516 -0.0091 0.5483, 0.516 -0.0063 0.5492, 0.4963 -0.0063 0.5472, 0.5607 -0.0 0.5392, 0.554 -0.0 0.5416, 0.5542 -0.0032 0.5421, 0.5373 -0.0 0.5477, 0.5358 -0.0 0.5478, 0.5358 -0.0032 0.5478, 0.581 -0.0 0.5254, 0.5705 -0.0 0.5325, 0.5709 -0.0032 0.533, 0.5816 -0.0 0.3783, 0.5852 -0.0 0.3823, 0.5854 -0.0032 0.3821, 0.516 -0.0091 0.3548, 0.516 -0.0063 0.3539, 0.5356 -0.0063 0.3559, 0.5542 -0.0032 0.361, 0.5358 -0.0032 0.3553, 0.516 -0.0032 0.3533, 0.554 -0.0 0.3615, 0.5621 -0.0 0.3646, 0.516 -0.0118 0.356, 0.5355 -0.0091 0.3567, 0.554 -0.0063 0.3616, 0.5709 -0.0032 0.3701, 0.5706 -0.0 0.3705, 0.54 -0.0 0.3561, 0.5357 -0.0 0.3556, 0.516 -0.0 0.3531, 0.5336 -0.0211 0.3657, 0.516 -0.0168 0.3594, 0.5345 -0.0168 0.3613, 0.5349 -0.0144 0.3595, 0.5525 -0.0144 0.365, 0.5531 -0.0118 0.3635, 0.5694 -0.0118 0.3723, 0.5701 -0.0091 0.3713, 0.5844 -0.0091 0.3831, 0.585 -0.0063 0.3825, 0.597 -0.0063 0.397, 0.5974 -0.0032 0.3966, 0.6065 -0.0032 0.4133, 0.516 -0.0144 0.3576, 0.5352 -0.0118 0.358, 0.5536 -0.0091 0.3624, 0.5706 -0.0063 0.3706, 0.596 -0.0 0.3943, 0.5325 -0.0248 0.371, 0.5501 -0.0211 0.3708, 0.5518 -0.0168 0.3666, 0.5685 -0.0144 0.3736, 0.5835 -0.0118 0.384, 0.5962 -0.0091 0.3975, 0.606 -0.0063 0.4136, 0.6122 -0.0032 0.4318, 0.6117 -0.0063 0.4712, 0.6108 -0.0091 0.471, 0.6127 -0.0091 0.4516, 0.6142 -0.0032 0.4516, 0.6137 -0.0 0.4516, 0.6137 -0.0 0.4629, 0.5399 -0.0329 0.3949, 0.5313 -0.028 0.3772, 0.5455 -0.028 0.3816, 0.548 -0.0248 0.3758, 0.5619 -0.0248 0.3834, 0.565 -0.0211 0.3789, 0.578 -0.0211 0.3896, 0.5675 -0.0168 0.3752, 0.5811 -0.0168 0.3864, 0.5824 -0.0144 0.3851, 0.5939 -0.0144 0.399, 0.5952 -0.0118 0.3982, 0.604 -0.0118 0.4144, 0.6051 -0.0091 0.4139, 0.6108 -0.0091 0.4321, 0.6117 -0.0063 0.4319, 0.6136 -0.0063 0.4516, 0.6122 -0.0032 0.4713, 0.55 -0.0329 0.5024, 0.5591 -0.0329 0.4948, 0.5694 -0.028 0.5051, 0.5787 -0.028 0.4938, 0.5739 -0.0248 0.5096, 0.584 -0.0248 0.4974, 0.5778 -0.0211 0.5134, 0.5885 -0.0211 0.5005, 0.5923 -0.0168 0.503, 0.6008 -0.0168 0.4874, 0.5939 -0.0144 0.504, 0.6025 -0.0144 0.4881, 0.5952 -0.0118 0.5049, 0.604 -0.0118 0.4887, 0.5962 -0.0091 0.5056, 0.6051 -0.0091 0.4892, 0.5969 -0.0063 0.5061, 0.606 -0.0063 0.4896, 0.5974 -0.0032 0.5065, 0.6065 -0.0032 0.4898, 0.5972 -0.0 0.5071, 0.6117 -0.0 0.4712, 0.6081 -0.0 0.4861, 0.6063 -0.0 0.4897, 0.5851 -0.0 0.5208, 0.5854 -0.0032 0.521, 0.585 -0.0063 0.5206, 0.5706 -0.0063 0.5325, 0.5844 -0.0091 0.52, 0.57 -0.0091 0.5318, 0.5835 -0.0118 0.5191, 0.5693 -0.0118 0.5308, 0.5824 -0.0144 0.518, 0.5684 -0.0144 0.5295, 0.581 -0.0168 0.5167, 0.5674 -0.0168 0.5279, 0.5648 -0.0211 0.5242, 0.5499 -0.0211 0.5323, 0.5617 -0.0248 0.5196, 0.5478 -0.0248 0.5272, 0.5582 -0.028 0.5144, 0.5453 -0.028 0.5215, 0.5396 -0.0329 0.5082, 0.5281 -0.0329 0.5118, 0.554 -0.0063 0.5415, 0.5536 -0.0091 0.5407, 0.5531 -0.0118 0.5396, 0.5525 -0.0144 0.5381, 0.5517 -0.0168 0.5364, 0.5335 -0.0211 0.5374, 0.5324 -0.0248 0.5321, 0.5311 -0.028 0.5259, 0.516 -0.0329 0.5131, 0.5356 -0.0063 0.5472, 0.5354 -0.0091 0.5464, 0.5352 -0.0118 0.5451, 0.5349 -0.0144 0.5436, 0.5345 -0.0168 0.5418, 0.516 -0.0211 0.5392, 0.516 -0.0248 0.5338, 0.516 -0.028 0.5275, 0.5038 -0.0329 0.5118, 0.5973 -0.0 0.3967, 0.6064 -0.0 0.4134, 0.6078 -0.0 0.416, 0.6117 -0.0 0.4319, 0.6137 -0.0 0.4402, 0.4352 -0.0211 0.4175, 0.4402 -0.0248 0.4197, 0.4354 -0.0248 0.4351, 0.4777 -0.0032 0.5421, 0.4962 -0.0032 0.5478, 0.516 -0.0032 0.5498, 0.4779 -0.0 0.5416, 0.4698 -0.0 0.5385, 0.516 -0.0118 0.5471, 0.4965 -0.0091 0.5464, 0.478 -0.0063 0.5415, 0.4611 -0.0032 0.533, 0.4614 -0.0 0.5326, 0.4918 -0.0 0.547, 0.4962 -0.0 0.5475, 0.516 -0.0 0.55, 0.4984 -0.0211 0.5374, 0.516 -0.0168 0.5437, 0.4975 -0.0168 0.5418, 0.4971 -0.0144 0.5436, 0.4794 -0.0144 0.5381, 0.4788 -0.0118 0.5396, 0.4626 -0.0118 0.5308, 0.4619 -0.0091 0.5318, 0.4476 -0.0091 0.52, 0.4469 -0.0063 0.5206, 0.435 -0.0063 0.5061, 0.4345 -0.0032 0.5065, 0.4255 -0.0032 0.4898, 0.516 -0.0144 0.5455, 0.4967 -0.0118 0.5451, 0.4783 -0.0091 0.5407, 0.4614 -0.0063 0.5325, 0.4361 -0.0 0.5091, 0.4995 -0.0248 0.5321, 0.482 -0.0211 0.5323, 0.4802 -0.0168 0.5364, 0.4635 -0.0144 0.5295, 0.4485 -0.0118 0.5191, 0.4357 -0.0091 0.5056, 0.426 -0.0063 0.4896, 0.4197 -0.0032 0.4713, 0.4177 -0.0032 0.4516, 0.4182 -0.0 0.4516, 0.4182 -0.0 0.4399, 0.4924 -0.0329 0.5082, 0.5008 -0.028 0.5259, 0.4866 -0.028 0.5215, 0.4842 -0.0248 0.5272, 0.4702 -0.0248 0.5196, 0.4671 -0.0211 0.5242, 0.4541 -0.0211 0.5134, 0.4645 -0.0168 0.5279, 0.4509 -0.0168 0.5167, 0.4496 -0.0144 0.518, 0.4381 -0.0144 0.504, 0.4368 -0.0118 0.5049, 0.428 -0.0118 0.4887, 0.4268 -0.0091 0.4892, 0.4212 -0.0091 0.471, 0.4203 -0.0063 0.4712, 0.4183 -0.0063 0.4516, 0.4197 -0.0032 0.4318, 0.4202 -0.0 0.4319, 0.4345 -0.0 0.3966, 0.4345 -0.0032 0.3966, 0.426 -0.0063 0.4136, 0.435 -0.0063 0.397, 0.4268 -0.0091 0.4139, 0.4357 -0.0091 0.3975, 0.4279 -0.0118 0.4144, 0.4367 -0.0118 0.3982, 0.4294 -0.0144 0.415, 0.438 -0.0144 0.399, 0.431 -0.0168 0.4157, 0.4395 -0.0168 0.4001, 0.4433 -0.0211 0.4026, 0.454 -0.0211 0.3896, 0.4478 -0.0248 0.4057, 0.4578 -0.0248 0.3935, 0.453 -0.028 0.4092, 0.4623 -0.028 0.398, 0.4724 -0.0329 0.4082, 0.4816 -0.0329 0.4006, 0.4469 -0.0063 0.3825, 0.4614 -0.0063 0.3706, 0.4475 -0.0091 0.3831, 0.4619 -0.0091 0.3713, 0.4484 -0.0118 0.384, 0.4626 -0.0118 0.3723, 0.4495 -0.0144 0.3851, 0.4634 -0.0144 0.3736, 0.4508 -0.0168 0.3864, 0.4645 -0.0168 0.3752, 0.467 -0.0211 0.3789, 0.4819 -0.0211 0.3708, 0.47 -0.0248 0.3834, 0.484 -0.0248 0.3758, 0.4735 -0.028 0.3886, 0.4864 -0.028 0.3816, 0.492 -0.0329 0.3949, 0.5036 -0.0329 0.3913, 0.478 -0.0063 0.3616, 0.4783 -0.0091 0.3624, 0.4788 -0.0118 0.3635, 0.4794 -0.0144 0.365, 0.4801 -0.0168 0.3666, 0.4983 -0.0211 0.3657, 0.4994 -0.0248 0.371, 0.5007 -0.028 0.3772, 0.516 -0.0329 0.39, 0.4347 -0.0 0.5064, 0.4255 -0.0 0.4897, 0.4243 -0.0 0.4874, 0.4202 -0.0 0.4712, 0.4182 -0.0 0.4632, 0.4963 -0.0063 0.3559, 0.4965 -0.0091 0.3567, 0.4967 -0.0118 0.358, 0.497 -0.0144 0.3595, 0.4974 -0.0168 0.3613, 0.516 -0.0211 0.3639, 0.516 -0.0248 0.3693, 0.516 -0.028 0.3756, 0.5284 -0.0329 0.3913, 0.4212 -0.0091 0.4321, 0.4224 -0.0118 0.4323, 0.4204 -0.0118 0.4516, 0.422 -0.0144 0.4516, 0.4239 -0.0144 0.4705, 0.4257 -0.0168 0.4701, 0.4311 -0.0168 0.4874, 0.4301 -0.0211 0.4691, 0.4353 -0.0211 0.4856, 0.4403 -0.0248 0.4834, 0.4479 -0.0248 0.4974, 0.4532 -0.028 0.4938, 0.4625 -0.028 0.5051, 0.4652 -0.0329 0.4857, 0.4728 -0.0329 0.4948, 0.4957 -0.0382 0.472, 0.4892 -0.0382 0.4626, 0.4595 -0.0329 0.4752, 0.4461 -0.028 0.4809, 0.4355 -0.0248 0.468, 0.4283 -0.0211 0.4516, 0.4238 -0.0168 0.4516, 0.4239 -0.0144 0.4326, 0.4203 -0.0063 0.4319, 0.4192 -0.0091 0.4516, 0.4224 -0.0118 0.4708, 0.4294 -0.0144 0.4881, 0.4396 -0.0168 0.503, 0.4434 -0.0211 0.5005, 0.458 -0.0248 0.5096, 0.4738 -0.028 0.5144, 0.4819 -0.0329 0.5024, 0.4257 -0.0168 0.433, 0.4301 -0.0211 0.434, 0.4338 -0.0248 0.4516, 0.4416 -0.028 0.4667, 0.4558 -0.0329 0.4638, 0.4874 -0.0382 0.4573, 0.4415 -0.028 0.4364, 0.44 -0.028 0.4516, 0.4557 -0.0329 0.4393, 0.4544 -0.0329 0.4516, 0.4873 -0.0382 0.4458, 0.4867 -0.0382 0.4516, 0.4592 -0.0329 0.4278, 0.489 -0.0382 0.4404, 0.5046 -0.0382 0.4246, 0.5101 -0.0382 0.4229, 0.516 -0.0382 0.4223, 0.4953 -0.0382 0.431, 0.446 -0.028 0.4222, 0.4649 -0.0329 0.4174, 0.6081 -0.0168 0.4516, 0.6018 -0.0211 0.4691, 0.6036 -0.0211 0.4516, 0.5982 -0.0248 0.4516, 0.5965 -0.0248 0.4351, 0.5904 -0.028 0.4364, 0.586 -0.028 0.4222, 0.5763 -0.0329 0.4393, 0.5727 -0.0329 0.4278, 0.5446 -0.0382 0.4458, 0.543 -0.0382 0.4404, 0.6115 -0.0118 0.4516, 0.61 -0.0144 0.4516, 0.6081 -0.0144 0.4326, 0.6063 -0.0168 0.433, 0.6009 -0.0168 0.4157, 0.6019 -0.0211 0.434, 0.5968 -0.0211 0.4175, 0.5917 -0.0248 0.4197, 0.5842 -0.0248 0.4057, 0.579 -0.028 0.4092, 0.5697 -0.028 0.398, 0.567 -0.0329 0.4174, 0.5595 -0.0329 0.4082, 0.5367 -0.0382 0.431, 0.6096 -0.0118 0.4323, 0.6026 -0.0144 0.415, 0.5924 -0.0168 0.4001, 0.5887 -0.0211 0.4026, 0.5741 -0.0248 0.3935, 0.5584 -0.028 0.3886, 0.5504 -0.0329 0.4006, 0.5965 -0.0248 0.468, 0.5903 -0.028 0.4667, 0.5919 -0.028 0.4516, 0.5762 -0.0329 0.4638, 0.5775 -0.0329 0.4516, 0.5445 -0.0382 0.4573, 0.5452 -0.0382 0.4516, 0.5725 -0.0329 0.4752, 0.5427 -0.0382 0.4626, 0.6096 -0.0118 0.4708, 0.608 -0.0144 0.4705, 0.6062 -0.0168 0.4701, 0.5967 -0.0211 0.4856, 0.5916 -0.0248 0.4834, 0.5858 -0.028 0.4809, 0.5667 -0.0329 0.4857, 0.5667 -0.0329 0.4857
            ]
        }
        coordIndex [
            0,1,2,-1,3,4,5,-1,6,7,8,-1,9,10,11,-1,12,13,14,-1,15,16,17,-1,18,19,20,-1,21,22,23,-1,24,25,26,-1,27,28,29,-1,30,31,32,-1,33,34,35,-1,36,37,38,-1,39,40,41,-1,42,43,44,-1,45,46,47,-1,48,49,50,-1,51,52,53,-1,54,55,56,-1,57,58,59,-1,19,57,60,-1,58,54,61,-1,62,63,64,-1,65,62,66,-1,66,62,64,-1,66,64,50,-1,50,64,67,-1,50,67,48,-1,43,68,44,-1,44,68,63,-1,44,63,69,-1,69,63,62,-1,69,62,70,-1,70,62,65,-1,70,65,71,-1,68,72,63,-1,63,72,73,-1,63,73,64,-1,64,73,74,-1,64,74,67,-1,75,47,76,-1,76,47,77,-1,76,77,78,-1,78,77,79,-1,78,79,80,-1,80,79,81,-1,80,81,82,-1,82,81,83,-1,82,83,84,-1,85,86,87,-1,87,86,75,-1,87,75,88,-1,88,75,76,-1,88,76,89,-1,89,76,78,-1,89,78,90,-1,90,78,80,-1,90,80,91,-1,91,80,82,-1,91,82,92,-1,92,82,84,-1,92,84,93,-1,86,94,75,-1,75,94,95,-1,75,95,47,-1,47,95,96,-1,47,96,45,-1,46,42,47,-1,47,42,44,-1,47,44,77,-1,77,44,69,-1,77,69,79,-1,79,69,70,-1,79,70,81,-1,81,70,71,-1,81,71,83,-1,97,98,99,-1,100,101,102,-1,103,104,105,-1,105,104,106,-1,105,106,107,-1,101,100,108,-1,108,100,109,-1,108,109,110,-1,110,109,111,-1,110,111,112,-1,112,111,113,-1,112,113,114,-1,114,113,115,-1,114,115,116,-1,116,115,117,-1,116,117,118,-1,118,117,119,-1,118,119,120,-1,120,119,99,-1,120,99,121,-1,121,99,98,-1,121,98,122,-1,123,124,125,-1,125,124,126,-1,127,128,129,-1,107,130,101,-1,101,130,131,-1,101,131,102,-1,102,131,132,-1,102,132,133,-1,97,99,134,-1,134,99,119,-1,134,119,135,-1,135,119,117,-1,135,117,136,-1,136,117,115,-1,136,115,137,-1,137,115,113,-1,137,113,138,-1,138,113,111,-1,138,111,139,-1,139,111,109,-1,139,109,140,-1,140,109,100,-1,140,100,141,-1,141,100,102,-1,141,102,32,-1,32,102,133,-1,32,133,30,-1,107,101,105,-1,105,101,108,-1,105,108,142,-1,142,108,110,-1,142,110,143,-1,143,110,112,-1,143,112,144,-1,144,112,114,-1,144,114,145,-1,145,114,116,-1,145,116,146,-1,146,116,118,-1,146,118,147,-1,147,118,120,-1,147,120,148,-1,148,120,121,-1,148,121,149,-1,149,121,122,-1,149,122,27,-1,28,24,150,-1,27,29,149,-1,149,29,151,-1,149,151,148,-1,148,151,152,-1,148,152,147,-1,147,152,153,-1,147,153,146,-1,146,153,154,-1,146,154,145,-1,145,154,155,-1,145,155,144,-1,144,155,156,-1,144,156,143,-1,143,156,157,-1,143,157,142,-1,142,157,35,-1,142,35,105,-1,105,35,34,-1,105,34,103,-1,158,18,159,-1,28,150,29,-1,29,150,160,-1,29,160,151,-1,151,160,161,-1,151,161,152,-1,152,161,162,-1,152,162,153,-1,153,162,163,-1,153,163,154,-1,154,163,164,-1,154,164,155,-1,155,164,165,-1,155,165,156,-1,156,165,166,-1,156,166,157,-1,157,166,41,-1,157,41,35,-1,35,41,40,-1,35,40,33,-1,24,26,150,-1,150,26,167,-1,150,167,160,-1,160,167,168,-1,160,168,161,-1,161,168,169,-1,161,169,162,-1,162,169,170,-1,162,170,163,-1,163,170,171,-1,163,171,164,-1,164,171,172,-1,164,172,165,-1,165,172,173,-1,165,173,166,-1,166,173,38,-1,166,38,41,-1,41,38,37,-1,41,37,39,-1,25,174,26,-1,26,174,175,-1,26,175,167,-1,167,175,176,-1,167,176,168,-1,168,176,177,-1,168,177,169,-1,169,177,178,-1,169,178,170,-1,170,178,179,-1,170,179,171,-1,171,179,180,-1,171,180,172,-1,172,180,181,-1,172,181,173,-1,173,181,127,-1,173,127,38,-1,38,127,129,-1,38,129,36,-1,174,182,175,-1,175,182,183,-1,175,183,176,-1,176,183,184,-1,176,184,177,-1,177,184,185,-1,177,185,178,-1,178,185,186,-1,178,186,179,-1,179,186,187,-1,179,187,180,-1,180,187,188,-1,180,188,181,-1,181,188,125,-1,181,125,127,-1,127,125,126,-1,127,126,128,-1,189,190,191,-1,191,190,192,-1,193,194,195,-1,195,194,196,-1,195,196,197,-1,197,196,198,-1,197,198,199,-1,199,198,200,-1,199,200,201,-1,201,200,202,-1,201,202,203,-1,203,202,191,-1,203,191,204,-1,204,191,192,-1,204,192,205,-1,194,206,196,-1,196,206,207,-1,196,207,198,-1,198,207,208,-1,198,208,200,-1,200,208,209,-1,200,209,202,-1,202,209,17,-1,202,17,191,-1,191,17,16,-1,191,16,189,-1,206,210,207,-1,207,210,211,-1,207,211,208,-1,208,211,212,-1,208,212,209,-1,209,212,11,-1,209,11,17,-1,17,11,10,-1,17,10,15,-1,213,214,215,-1,215,216,217,-1,218,213,219,-1,219,213,215,-1,219,215,14,-1,14,215,217,-1,14,217,12,-1,220,221,214,-1,214,221,222,-1,214,222,215,-1,215,222,223,-1,215,223,216,-1,210,218,211,-1,211,218,219,-1,211,219,212,-1,212,219,14,-1,212,14,11,-1,11,14,13,-1,11,13,9,-1,18,20,159,-1,159,20,224,-1,159,224,225,-1,225,224,226,-1,225,226,227,-1,227,226,228,-1,227,228,229,-1,229,228,230,-1,229,230,231,-1,231,230,232,-1,231,232,233,-1,233,232,234,-1,233,234,235,-1,235,234,236,-1,235,236,237,-1,237,236,8,-1,237,8,238,-1,238,8,7,-1,238,7,239,-1,240,241,242,-1,57,59,60,-1,60,59,243,-1,60,243,244,-1,244,243,245,-1,244,245,246,-1,246,245,247,-1,246,247,248,-1,248,247,249,-1,248,249,250,-1,250,249,251,-1,250,251,252,-1,252,251,253,-1,252,253,254,-1,254,253,255,-1,254,255,256,-1,256,255,240,-1,256,240,257,-1,257,240,242,-1,257,242,258,-1,54,56,61,-1,61,56,259,-1,61,259,260,-1,260,259,261,-1,260,261,262,-1,262,261,263,-1,262,263,264,-1,264,263,265,-1,264,265,266,-1,266,265,267,-1,266,267,268,-1,268,267,269,-1,268,269,270,-1,270,269,271,-1,270,271,272,-1,272,271,273,-1,272,273,274,-1,275,276,277,-1,277,276,278,-1,277,278,279,-1,279,278,280,-1,279,280,281,-1,281,280,282,-1,281,282,283,-1,283,282,284,-1,283,284,285,-1,285,284,286,-1,285,286,287,-1,287,286,288,-1,287,288,289,-1,289,288,2,-1,289,2,290,-1,290,2,1,-1,290,1,291,-1,291,292,290,-1,290,292,293,-1,290,293,294,-1,55,275,56,-1,56,275,277,-1,56,277,259,-1,259,277,279,-1,259,279,261,-1,261,279,281,-1,261,281,263,-1,263,281,283,-1,263,283,265,-1,265,283,285,-1,265,285,267,-1,267,285,287,-1,267,287,269,-1,269,287,289,-1,269,289,271,-1,271,289,290,-1,271,290,273,-1,273,290,294,-1,294,295,273,-1,273,295,296,-1,273,296,274,-1,274,296,297,-1,274,297,298,-1,58,61,59,-1,59,61,260,-1,59,260,243,-1,243,260,262,-1,243,262,245,-1,245,262,264,-1,245,264,247,-1,247,264,266,-1,247,266,249,-1,249,266,268,-1,249,268,251,-1,251,268,270,-1,251,270,253,-1,253,270,272,-1,253,272,255,-1,255,272,274,-1,255,274,240,-1,240,274,298,-1,240,298,241,-1,239,299,238,-1,238,299,300,-1,238,300,301,-1,158,159,302,-1,302,159,225,-1,302,225,303,-1,303,225,227,-1,303,227,304,-1,304,227,229,-1,304,229,305,-1,305,229,231,-1,305,231,306,-1,306,231,233,-1,306,233,307,-1,307,233,235,-1,307,235,308,-1,308,235,237,-1,308,237,309,-1,309,237,238,-1,309,238,310,-1,310,238,301,-1,310,301,311,-1,19,60,20,-1,20,60,244,-1,20,244,224,-1,224,244,246,-1,224,246,226,-1,226,246,248,-1,226,248,228,-1,228,248,250,-1,228,250,230,-1,230,250,252,-1,230,252,232,-1,232,252,254,-1,232,254,234,-1,234,254,256,-1,234,256,236,-1,236,256,257,-1,236,257,8,-1,8,257,258,-1,8,258,6,-1,3,312,313,-1,314,312,3,-1,3,315,316,-1,316,315,317,-1,316,317,318,-1,318,317,23,-1,23,22,318,-1,318,22,319,-1,318,319,316,-1,316,319,314,-1,316,314,3,-1,320,321,322,-1,322,321,323,-1,322,323,324,-1,324,323,325,-1,324,325,326,-1,326,325,327,-1,326,327,328,-1,328,327,329,-1,328,329,330,-1,330,329,331,-1,330,331,332,-1,332,331,3,-1,333,334,335,-1,335,334,336,-1,335,336,337,-1,337,336,338,-1,337,338,339,-1,339,338,340,-1,339,340,341,-1,341,340,342,-1,341,342,343,-1,343,342,344,-1,343,344,345,-1,345,344,346,-1,345,346,347,-1,347,346,348,-1,3,348,332,-1,332,348,346,-1,332,346,330,-1,330,346,344,-1,330,344,328,-1,328,344,342,-1,328,342,326,-1,326,342,340,-1,326,340,324,-1,324,340,338,-1,324,338,322,-1,322,338,336,-1,322,336,320,-1,320,336,334,-1,321,349,323,-1,323,349,350,-1,323,350,325,-1,325,350,351,-1,325,351,327,-1,327,351,352,-1,327,352,329,-1,329,352,353,-1,329,353,331,-1,331,353,3,-1,3,354,355,-1,356,3,355,-1,357,354,3,-1,358,333,359,-1,359,333,335,-1,359,335,360,-1,360,335,337,-1,360,337,361,-1,361,337,339,-1,361,339,362,-1,362,339,341,-1,362,341,363,-1,363,341,343,-1,363,343,364,-1,364,343,345,-1,364,345,365,-1,365,345,347,-1,365,347,366,-1,366,347,348,-1,366,348,356,-1,356,348,3,-1,349,21,350,-1,350,21,23,-1,350,23,351,-1,351,23,317,-1,351,317,352,-1,352,317,315,-1,352,315,353,-1,353,315,3,-1,5,357,3,-1,3,367,368,-1,368,367,369,-1,368,369,370,-1,370,369,53,-1,53,52,370,-1,370,52,371,-1,370,371,368,-1,368,371,4,-1,368,4,3,-1,372,373,374,-1,374,373,375,-1,374,375,376,-1,376,375,377,-1,376,377,378,-1,378,377,379,-1,378,379,380,-1,380,379,381,-1,380,381,382,-1,382,381,383,-1,382,383,384,-1,384,383,3,-1,385,386,387,-1,387,386,388,-1,387,388,389,-1,389,388,390,-1,389,390,391,-1,391,390,392,-1,391,392,393,-1,393,392,394,-1,393,394,395,-1,395,394,396,-1,395,396,397,-1,397,396,398,-1,397,398,399,-1,399,398,400,-1,3,400,384,-1,384,400,398,-1,384,398,382,-1,382,398,396,-1,382,396,380,-1,380,396,394,-1,380,394,378,-1,378,394,392,-1,378,392,376,-1,376,392,390,-1,376,390,374,-1,374,390,388,-1,374,388,372,-1,372,388,386,-1,373,401,375,-1,375,401,402,-1,375,402,377,-1,377,402,403,-1,377,403,379,-1,379,403,404,-1,379,404,381,-1,381,404,405,-1,381,405,383,-1,383,405,3,-1,401,51,402,-1,402,51,53,-1,402,53,403,-1,403,53,369,-1,403,369,404,-1,404,369,367,-1,404,367,405,-1,405,367,3,-1,3,406,407,-1,408,3,407,-1,313,406,3,-1,409,385,410,-1,410,385,387,-1,410,387,411,-1,411,387,389,-1,411,389,412,-1,412,389,391,-1,412,391,413,-1,413,391,393,-1,413,393,414,-1,414,393,395,-1,414,395,415,-1,415,395,397,-1,415,397,416,-1,416,397,399,-1,416,399,417,-1,417,399,400,-1,417,400,408,-1,408,400,3,-1,276,93,278,-1,278,93,84,-1,278,84,280,-1,280,84,83,-1,280,83,282,-1,282,83,71,-1,282,71,284,-1,284,71,65,-1,284,65,286,-1,286,65,66,-1,286,66,288,-1,288,66,50,-1,288,50,2,-1,2,50,49,-1,2,49,0,-1,182,193,183,-1,183,193,195,-1,183,195,184,-1,184,195,197,-1,184,197,185,-1,185,197,199,-1,185,199,186,-1,186,199,201,-1,186,201,187,-1,187,201,203,-1,187,203,188,-1,188,203,204,-1,188,204,125,-1,125,204,205,-1,125,205,123,-1,310,358,309,-1,309,358,359,-1,309,359,308,-1,308,359,360,-1,308,360,307,-1,307,360,361,-1,307,361,306,-1,306,361,362,-1,306,362,305,-1,305,362,363,-1,305,363,304,-1,304,363,364,-1,304,364,303,-1,303,364,365,-1,303,365,302,-1,302,365,366,-1,302,366,158,-1,158,366,356,-1,158,356,18,-1,18,356,355,-1,18,355,19,-1,19,355,354,-1,19,354,57,-1,57,354,357,-1,57,357,58,-1,58,357,5,-1,58,5,54,-1,54,5,4,-1,54,4,55,-1,55,4,371,-1,55,371,275,-1,275,371,52,-1,275,52,276,-1,276,52,51,-1,276,51,93,-1,93,51,401,-1,93,401,92,-1,92,401,373,-1,92,373,91,-1,91,373,372,-1,91,372,90,-1,90,372,386,-1,90,386,89,-1,89,386,385,-1,89,385,88,-1,88,385,409,-1,88,409,87,-1,311,220,310,-1,310,220,214,-1,310,214,358,-1,358,214,213,-1,358,213,333,-1,333,213,218,-1,333,218,334,-1,334,218,210,-1,334,210,320,-1,320,210,206,-1,320,206,321,-1,321,206,194,-1,321,194,349,-1,349,194,193,-1,349,193,21,-1,21,193,182,-1,21,182,22,-1,22,182,174,-1,22,174,319,-1,319,174,25,-1,319,25,314,-1,314,25,24,-1,314,24,312,-1,312,24,28,-1,312,28,313,-1,313,28,27,-1,313,27,406,-1,406,27,122,-1,406,122,407,-1,407,122,98,-1,407,98,408,-1,408,98,97,-1,408,97,417,-1,417,97,134,-1,417,134,416,-1,416,134,135,-1,416,135,415,-1,415,135,136,-1,415,136,414,-1,414,136,137,-1,414,137,413,-1,413,137,138,-1,413,138,412,-1,412,138,139,-1,412,139,411,-1,411,139,140,-1,411,140,410,-1,410,140,141,-1,410,141,409,-1,409,141,32,-1,409,32,87,-1,87,32,31,-1,87,31,85,-1,418,419,420,-1,420,421,422,-1,423,424,420,-1,425,426,420,-1,427,428,429,-1,430,431,432,-1,433,434,435,-1,436,437,438,-1,439,440,441,-1,442,443,444,-1,445,446,447,-1,448,449,450,-1,451,452,453,-1,454,455,456,-1,457,458,459,-1,460,461,462,-1,463,462,464,-1,464,462,461,-1,464,461,465,-1,463,466,467,-1,468,460,469,-1,469,460,462,-1,469,462,470,-1,470,462,463,-1,470,463,471,-1,471,463,467,-1,471,467,472,-1,466,463,473,-1,473,463,464,-1,473,464,474,-1,474,464,465,-1,474,465,475,-1,476,477,478,-1,478,477,479,-1,478,479,480,-1,480,479,481,-1,480,481,482,-1,482,481,483,-1,482,483,484,-1,484,483,485,-1,484,485,486,-1,486,485,487,-1,486,487,488,-1,477,489,479,-1,479,489,490,-1,479,490,481,-1,481,490,491,-1,481,491,483,-1,483,491,492,-1,483,492,485,-1,485,492,459,-1,485,459,487,-1,487,459,458,-1,487,458,493,-1,494,476,495,-1,495,476,478,-1,495,478,496,-1,496,478,480,-1,496,480,497,-1,497,480,482,-1,497,482,498,-1,498,482,484,-1,498,484,499,-1,499,484,486,-1,499,486,500,-1,500,486,488,-1,500,488,501,-1,489,468,490,-1,490,468,469,-1,490,469,491,-1,491,469,470,-1,491,470,492,-1,492,470,471,-1,492,471,459,-1,459,471,472,-1,459,472,457,-1,502,503,504,-1,505,506,507,-1,508,509,510,-1,510,509,511,-1,510,511,512,-1,512,511,513,-1,512,513,514,-1,514,513,515,-1,514,515,516,-1,516,515,517,-1,516,517,518,-1,518,517,519,-1,518,519,520,-1,520,519,521,-1,520,521,522,-1,522,521,523,-1,522,523,524,-1,524,523,505,-1,524,505,525,-1,525,505,507,-1,526,527,528,-1,528,527,529,-1,528,529,530,-1,530,529,531,-1,530,531,532,-1,532,531,533,-1,532,533,534,-1,534,533,535,-1,534,535,536,-1,536,535,537,-1,536,537,538,-1,538,537,539,-1,538,539,540,-1,540,539,541,-1,540,541,542,-1,542,541,543,-1,542,543,544,-1,544,543,545,-1,544,545,546,-1,547,548,545,-1,545,548,549,-1,545,549,546,-1,550,454,551,-1,551,454,456,-1,551,456,552,-1,552,456,553,-1,552,553,554,-1,554,553,555,-1,554,555,556,-1,556,555,557,-1,556,557,558,-1,558,557,559,-1,558,559,560,-1,560,559,561,-1,560,561,562,-1,562,561,563,-1,562,563,564,-1,564,563,565,-1,564,565,566,-1,566,565,567,-1,566,567,568,-1,568,567,569,-1,455,448,456,-1,456,448,450,-1,456,450,553,-1,553,450,570,-1,553,570,555,-1,555,570,571,-1,555,571,557,-1,557,571,572,-1,557,572,559,-1,559,572,573,-1,559,573,561,-1,561,573,574,-1,561,574,563,-1,563,574,575,-1,563,575,565,-1,565,575,576,-1,565,576,567,-1,567,576,577,-1,567,577,569,-1,569,577,578,-1,546,550,544,-1,544,550,551,-1,544,551,542,-1,542,551,552,-1,542,552,540,-1,540,552,554,-1,540,554,538,-1,538,554,556,-1,538,556,536,-1,536,556,558,-1,536,558,534,-1,534,558,560,-1,534,560,532,-1,532,560,562,-1,532,562,530,-1,530,562,564,-1,530,564,528,-1,528,564,566,-1,528,566,526,-1,526,566,568,-1,449,451,450,-1,450,451,453,-1,450,453,570,-1,570,453,579,-1,570,579,571,-1,571,579,580,-1,571,580,572,-1,572,580,581,-1,572,581,573,-1,573,581,582,-1,573,582,574,-1,574,582,583,-1,574,583,575,-1,575,583,584,-1,575,584,576,-1,576,584,585,-1,576,585,577,-1,577,585,586,-1,577,586,578,-1,578,586,587,-1,493,588,487,-1,487,588,589,-1,487,589,488,-1,488,589,590,-1,488,590,501,-1,501,590,591,-1,501,591,592,-1,509,494,511,-1,511,494,495,-1,511,495,513,-1,513,495,496,-1,513,496,515,-1,515,496,497,-1,515,497,517,-1,517,497,498,-1,517,498,519,-1,519,498,499,-1,519,499,521,-1,521,499,500,-1,521,500,523,-1,523,500,501,-1,523,501,505,-1,505,501,592,-1,505,592,506,-1,593,594,595,-1,596,447,597,-1,597,447,446,-1,597,446,598,-1,596,599,600,-1,601,445,602,-1,602,445,447,-1,602,447,603,-1,603,447,596,-1,603,596,604,-1,604,596,600,-1,604,600,605,-1,599,596,606,-1,606,596,597,-1,606,597,607,-1,607,597,598,-1,607,598,608,-1,609,610,611,-1,611,610,612,-1,611,612,613,-1,613,612,614,-1,613,614,615,-1,615,614,616,-1,615,616,617,-1,617,616,618,-1,617,618,619,-1,619,618,620,-1,619,620,621,-1,610,622,612,-1,612,622,623,-1,612,623,614,-1,614,623,624,-1,614,624,616,-1,616,624,625,-1,616,625,618,-1,618,625,444,-1,618,444,620,-1,620,444,443,-1,620,443,626,-1,627,609,628,-1,628,609,611,-1,628,611,629,-1,629,611,613,-1,629,613,630,-1,630,613,615,-1,630,615,631,-1,631,615,617,-1,631,617,632,-1,632,617,619,-1,632,619,633,-1,633,619,621,-1,633,621,634,-1,622,601,623,-1,623,601,602,-1,623,602,624,-1,624,602,603,-1,624,603,625,-1,625,603,604,-1,625,604,444,-1,444,604,605,-1,444,605,442,-1,635,636,637,-1,638,639,640,-1,640,639,641,-1,640,641,642,-1,642,641,643,-1,642,643,644,-1,644,643,645,-1,644,645,646,-1,646,645,647,-1,646,647,648,-1,648,647,649,-1,648,649,650,-1,650,649,651,-1,650,651,652,-1,652,651,653,-1,652,653,654,-1,654,653,635,-1,654,635,655,-1,655,635,637,-1,655,637,656,-1,440,657,441,-1,441,657,658,-1,441,658,659,-1,659,658,660,-1,659,660,661,-1,661,660,662,-1,661,662,663,-1,663,662,664,-1,663,664,665,-1,665,664,666,-1,665,666,667,-1,667,666,668,-1,667,668,669,-1,669,668,670,-1,669,670,671,-1,671,670,672,-1,671,672,673,-1,673,672,674,-1,673,674,675,-1,675,674,676,-1,428,436,429,-1,429,436,438,-1,429,438,677,-1,677,438,678,-1,677,678,679,-1,679,678,680,-1,679,680,681,-1,681,680,682,-1,681,682,683,-1,683,682,684,-1,683,684,685,-1,685,684,686,-1,685,686,687,-1,687,686,688,-1,687,688,689,-1,689,688,690,-1,689,690,691,-1,691,690,692,-1,691,692,693,-1,693,692,694,-1,437,430,438,-1,438,430,432,-1,438,432,678,-1,678,432,695,-1,678,695,680,-1,680,695,696,-1,680,696,682,-1,682,696,697,-1,682,697,684,-1,684,697,698,-1,684,698,686,-1,686,698,699,-1,686,699,688,-1,688,699,700,-1,688,700,690,-1,690,700,701,-1,690,701,692,-1,692,701,702,-1,692,702,694,-1,694,702,703,-1,657,427,658,-1,658,427,429,-1,658,429,660,-1,660,429,677,-1,660,677,662,-1,662,677,679,-1,662,679,664,-1,664,679,681,-1,664,681,666,-1,666,681,683,-1,666,683,668,-1,668,683,685,-1,668,685,670,-1,670,685,687,-1,670,687,672,-1,672,687,689,-1,672,689,674,-1,674,689,691,-1,674,691,676,-1,676,691,693,-1,626,704,620,-1,620,704,705,-1,620,705,621,-1,621,705,706,-1,621,706,634,-1,634,706,707,-1,634,707,708,-1,639,627,641,-1,641,627,628,-1,641,628,643,-1,643,628,629,-1,643,629,645,-1,645,629,630,-1,645,630,647,-1,647,630,631,-1,647,631,649,-1,649,631,632,-1,649,632,651,-1,651,632,633,-1,651,633,653,-1,653,633,634,-1,653,634,635,-1,635,634,708,-1,635,708,636,-1,431,433,432,-1,432,433,435,-1,432,435,695,-1,695,435,709,-1,695,709,696,-1,696,709,710,-1,696,710,697,-1,697,710,711,-1,697,711,698,-1,698,711,712,-1,698,712,699,-1,699,712,713,-1,699,713,700,-1,700,713,714,-1,700,714,701,-1,701,714,715,-1,701,715,702,-1,702,715,716,-1,702,716,703,-1,703,716,717,-1,718,719,720,-1,720,719,721,-1,720,721,722,-1,722,721,723,-1,722,723,724,-1,724,723,725,-1,724,725,726,-1,726,725,727,-1,726,727,728,-1,728,727,729,-1,728,729,730,-1,730,729,731,-1,730,731,732,-1,732,731,733,-1,420,733,734,-1,734,733,731,-1,734,731,735,-1,735,731,729,-1,735,729,736,-1,736,729,727,-1,736,727,737,-1,737,727,725,-1,737,725,738,-1,738,725,723,-1,738,723,739,-1,739,723,721,-1,739,721,740,-1,740,721,719,-1,741,718,742,-1,742,718,720,-1,742,720,743,-1,743,720,722,-1,743,722,744,-1,744,722,724,-1,744,724,745,-1,745,724,726,-1,745,726,746,-1,746,726,728,-1,746,728,747,-1,747,728,730,-1,747,730,748,-1,748,730,732,-1,748,732,749,-1,749,732,733,-1,749,733,426,-1,426,733,420,-1,419,425,420,-1,740,750,739,-1,739,750,751,-1,739,751,738,-1,738,751,752,-1,738,752,737,-1,737,752,753,-1,737,753,736,-1,736,753,754,-1,736,754,735,-1,735,754,755,-1,735,755,734,-1,734,755,420,-1,595,756,757,-1,757,756,758,-1,757,758,759,-1,759,758,760,-1,759,760,761,-1,761,760,420,-1,756,762,758,-1,758,762,763,-1,758,763,760,-1,760,763,420,-1,420,764,765,-1,766,420,765,-1,767,764,420,-1,595,594,756,-1,756,594,768,-1,756,768,762,-1,762,768,769,-1,762,769,763,-1,763,769,767,-1,763,767,420,-1,750,593,751,-1,751,593,595,-1,751,595,752,-1,752,595,757,-1,752,757,753,-1,753,757,759,-1,753,759,754,-1,754,759,761,-1,754,761,755,-1,755,761,420,-1,770,771,772,-1,772,771,773,-1,772,773,774,-1,774,773,775,-1,774,775,776,-1,776,775,777,-1,776,777,778,-1,778,777,779,-1,778,779,780,-1,780,779,420,-1,781,782,783,-1,783,782,784,-1,783,784,785,-1,785,784,786,-1,785,786,787,-1,787,786,788,-1,787,788,789,-1,789,788,790,-1,789,790,791,-1,791,790,792,-1,791,792,793,-1,793,792,794,-1,420,794,780,-1,780,794,792,-1,780,792,778,-1,778,792,790,-1,778,790,776,-1,776,790,788,-1,776,788,774,-1,774,788,786,-1,774,786,772,-1,772,786,784,-1,772,784,770,-1,770,784,782,-1,504,781,795,-1,795,781,783,-1,795,783,796,-1,796,783,785,-1,796,785,797,-1,797,785,787,-1,797,787,798,-1,798,787,789,-1,798,789,799,-1,799,789,791,-1,799,791,800,-1,800,791,793,-1,800,793,801,-1,801,793,794,-1,801,794,424,-1,424,794,420,-1,766,423,420,-1,802,803,804,-1,804,803,805,-1,804,805,806,-1,806,805,807,-1,806,807,808,-1,808,807,420,-1,803,809,805,-1,805,809,810,-1,805,810,807,-1,807,810,420,-1,771,802,773,-1,773,802,804,-1,773,804,775,-1,775,804,806,-1,775,806,777,-1,777,806,808,-1,777,808,779,-1,779,808,420,-1,422,418,420,-1,504,503,781,-1,781,503,811,-1,781,811,782,-1,782,811,812,-1,782,812,770,-1,770,812,813,-1,770,813,771,-1,771,813,814,-1,771,814,802,-1,802,814,815,-1,802,815,803,-1,803,815,816,-1,803,816,809,-1,809,816,817,-1,809,817,810,-1,810,817,421,-1,810,421,420,-1,434,475,435,-1,435,475,465,-1,435,465,709,-1,709,465,461,-1,709,461,710,-1,710,461,460,-1,710,460,711,-1,711,460,468,-1,711,468,712,-1,712,468,489,-1,712,489,713,-1,713,489,477,-1,713,477,714,-1,714,477,476,-1,714,476,715,-1,715,476,494,-1,715,494,716,-1,716,494,509,-1,716,509,717,-1,717,509,508,-1,452,608,453,-1,453,608,598,-1,453,598,579,-1,579,598,446,-1,579,446,580,-1,580,446,445,-1,580,445,581,-1,581,445,601,-1,581,601,582,-1,582,601,622,-1,582,622,583,-1,583,622,610,-1,583,610,584,-1,584,610,609,-1,584,609,585,-1,585,609,627,-1,585,627,586,-1,586,627,639,-1,586,639,587,-1,587,639,638,-1,525,502,524,-1,524,502,504,-1,524,504,522,-1,522,504,795,-1,522,795,520,-1,520,795,796,-1,520,796,518,-1,518,796,797,-1,518,797,516,-1,516,797,798,-1,516,798,514,-1,514,798,799,-1,514,799,512,-1,512,799,800,-1,512,800,510,-1,510,800,801,-1,510,801,508,-1,508,801,424,-1,508,424,717,-1,717,424,423,-1,717,423,703,-1,703,423,766,-1,703,766,694,-1,694,766,765,-1,694,765,693,-1,693,765,764,-1,693,764,676,-1,676,764,767,-1,676,767,675,-1,675,767,769,-1,675,769,673,-1,673,769,768,-1,673,768,671,-1,671,768,594,-1,671,594,669,-1,669,594,593,-1,669,593,667,-1,667,593,750,-1,667,750,665,-1,665,750,740,-1,665,740,663,-1,663,740,719,-1,663,719,661,-1,661,719,718,-1,661,718,659,-1,659,718,741,-1,659,741,441,-1,507,547,525,-1,525,547,545,-1,525,545,502,-1,502,545,543,-1,502,543,503,-1,503,543,541,-1,503,541,811,-1,811,541,539,-1,811,539,812,-1,812,539,537,-1,812,537,813,-1,813,537,535,-1,813,535,814,-1,814,535,533,-1,814,533,815,-1,815,533,531,-1,815,531,816,-1,816,531,529,-1,816,529,817,-1,817,529,527,-1,817,527,421,-1,421,527,526,-1,421,526,422,-1,422,526,568,-1,422,568,418,-1,418,568,569,-1,418,569,419,-1,419,569,578,-1,419,578,425,-1,425,578,587,-1,425,587,426,-1,426,587,638,-1,426,638,749,-1,749,638,640,-1,749,640,748,-1,748,640,642,-1,748,642,747,-1,747,642,644,-1,747,644,746,-1,746,644,646,-1,746,646,745,-1,745,646,648,-1,745,648,744,-1,744,648,650,-1,744,650,743,-1,743,650,652,-1,743,652,742,-1,742,652,654,-1,742,654,741,-1,741,654,655,-1,741,655,441,-1,441,655,656,-1,441,656,439,-1,
        ]
    }
}