#VRML V2.0 utf8
# 3D model generated by easyeda2kicad.py (https://github.com/uPesy/easyeda2kicad.py)

Shape{
    appearance Appearance {
        material  Material 	{
            diffuseColor 0.20784313725490197 0.20784313725490197 0.20784313725490197
            specularColor 0.01568627450980392 0.01568627450980392 0.01568627450980392
            ambientIntensity 0.2
            transparency 0
            shininess 0.5
        }
    }
    geometry IndexedFaceSet {
        ccw TRUE
        solid FALSE
        coord DEF co Coordinate {
            point [
                0.3345 -0.2559 0.2087, 0.3543 -0.2559 0.2087, 0.3543 -0.2191 0.2087, 0.2862 -0.2559 0.2087, 0.3345 -0.2191 0.2087, 0.2575 -0.2559 0.2087, 0.2862 -0.2191 0.2087, -0.3543 -0.2559 0.2087, -0.1334 -0.2559 0.2087, -0.1334 -0.2191 0.2087, 0.2053 -0.2069 0.2087, 0.2046 -0.207 0.2087, 0.212 -0.207 0.2087, 0.2862 -0.1584 0.2087, 0.2763 -0.1581 0.2087, 0.2719 -0.1581 0.2087, 0.2688 -0.1497 0.2087, 0.2575 -0.1497 0.2087, 0.2575 -0.1584 0.2087, 0.2646 -0.1275 0.2087, 0.2862 -0.1272 0.2087, 0.2575 -0.1272 0.2087, 0.256 -0.1497 0.2087, 0.2531 -0.1581 0.2087, 0.2478 -0.1584 0.2087, 0.2487 -0.1581 0.2087, 0.2478 -0.1272 0.2087, 0.2575 -0.1349 0.2087, 0.2604 -0.1275 0.2087, 0.1696 -0.207 0.2087, 0.1696 -0.2067 0.2087, 0.1533 -0.2067 0.2087, 0.1533 -0.1761 0.2087, 0.1407 -0.1674 0.2087, 0.1407 -0.207 0.2087, 0.1696 -0.1674 0.2087, 0.1691 -0.1761 0.2087, 0.1691 -0.1796 0.2087, 0.1572 -0.1796 0.2087, 0.1572 -0.1894 0.2087, 0.1572 -0.1929 0.2087, 0.1572 -0.2032 0.2087, 0.1682 -0.1929 0.2087, 0.1696 -0.2032 0.2087, 0.1682 -0.1894 0.2087, 0.1702 -0.1674 0.2087, 0.1698 -0.2067 0.2087, 0.1702 -0.207 0.2087, 0.1698 -0.2032 0.2087, 0.1923 -0.1318 0.2087, 0.1784 -0.1525 0.2087, 0.1804 -0.1539 0.2087, 0.1902 -0.131 0.2087, 0.1777 -0.1344 0.2087, 0.1762 -0.1366 0.2087, 0.1753 -0.1393 0.2087, 0.1864 -0.1305 0.2087, 0.1852 -0.1306 0.2087, 0.1781 -0.1339 0.2087, 0.1826 -0.1311 0.2087, 0.1802 -0.1322 0.2087, 0.1748 -0.1432 0.2087, 0.1749 -0.1443 0.2087, 0.1754 -0.1474 0.2087, 0.1826 -0.1547 0.2087, 0.1857 -0.1551 0.2087, 0.1872 -0.1551 0.2087, 0.1764 -0.1498 0.2087, 0.1779 -0.1519 0.2087, 0.1906 -0.1544 0.2087, 0.1923 -0.1537 0.2087, 0.1933 -0.1322 0.2087, 0.1936 -0.1531 0.2087, 0.1936 -0.1324 0.2087, 0.1949 -0.1584 0.2087, 0.1936 -0.1282 0.2087, 0.1949 -0.1272 0.2087, 0.1923 -0.1278 0.2087, 0.1923 -0.1272 0.2087, 0.1905 -0.1273 0.2087, 0.1896 -0.1272 0.2087, 0.1865 -0.127 0.2087, 0.1923 0.0231 0.2087, 0.1864 -0.127 0.2087, 0.1702 0.0231 0.2087, 0.1843 -0.1272 0.2087, 0.1702 -0.1272 0.2087, 0.1729 -0.1344 0.2087, 0.1751 -0.1315 0.2087, 0.1825 -0.1584 0.2087, 0.18 -0.1579 0.2087, 0.1702 -0.1584 0.2087, 0.1771 -0.1565 0.2087, 0.1746 -0.1545 0.2087, 0.1758 -0.1308 0.2087, 0.1787 -0.1288 0.2087, 0.1819 -0.1275 0.2087, 0.1743 -0.1541 0.2087, 0.1725 -0.1514 0.2087, 0.1712 -0.1482 0.2087, 0.1707 -0.1434 0.2087, 0.1708 -0.1418 0.2087, 0.1714 -0.1378 0.2087, 0.1833 -0.1586 0.2087, 0.1852 -0.1586 0.2087, 0.1923 -0.1674 0.2087, 0.1879 -0.1584 0.2087, 0.1936 -0.1569 0.2087, 0.1931 -0.1571 0.2087, 0.1923 -0.1584 0.2087, 0.1923 -0.1574 0.2087, 0.1898 -0.1582 0.2087, 0.23 -0.1849 0.2087, 0.234 -0.1849 0.2087, 0.2361 -0.1674 0.2087, 0.2215 -0.207 0.2087, 0.2216 -0.2067 0.2087, 0.213 -0.1849 0.2087, 0.212 -0.1674 0.2087, 0.2173 -0.1849 0.2087, 0.223 -0.2013 0.2087, 0.2241 -0.2013 0.2087, 0.2235 -0.2031 0.2087, 0.2236 -0.2031 0.2087, 0.2238 -0.2024 0.2087, 0.2149 -0.217 0.2087, 0.2138 -0.2167 0.2087, 0.212 -0.2191 0.2087, 0.2138 -0.2133 0.2087, 0.2148 -0.2136 0.2087, 0.216 -0.2138 0.2087, 0.2207 -0.2153 0.2087, 0.2194 -0.2162 0.2087, 0.2361 -0.2191 0.2087, 0.2179 -0.2168 0.2087, 0.2163 -0.217 0.2087, 0.2167 -0.2137 0.2087, 0.2175 -0.2134 0.2087, 0.2183 -0.213 0.2087, 0.2253 -0.207 0.2087, 0.2241 -0.21 0.2087, 0.2223 -0.2135 0.2087, 0.219 -0.2122 0.2087, 0.2199 -0.2107 0.2087, 0.198 -0.1867 0.2087, 0.1987 -0.1861 0.2087, 0.198 -0.1674 0.2087, 0.1996 -0.1855 0.2087, 0.2016 -0.1847 0.2087, 0.2048 -0.1844 0.2087, 0.2108 -0.2024 0.2087, 0.2103 -0.2036 0.2087, 0.2095 -0.2046 0.2087, 0.2105 -0.1983 0.2087, 0.21 -0.1891 0.2087, 0.2098 -0.1973 0.2087, 0.2097 -0.1972 0.2087, 0.2109 -0.1995 0.2087, 0.211 -0.2008 0.2087, 0.211 -0.201 0.2087, 0.21 -0.1853 0.2087, 0.2075 -0.1846 0.2087, 0.2085 -0.2055 0.2087, 0.2074 -0.2062 0.2087, 0.2044 -0.1875 0.2087, 0.2033 -0.1876 0.2087, 0.2002 -0.1904 0.2087, 0.2022 -0.1878 0.2087, 0.2014 -0.1883 0.2087, 0.2002 -0.1909 0.2087, 0.2004 -0.1915 0.2087, 0.2007 -0.192 0.2087, 0.201 -0.1925 0.2087, 0.2024 -0.1933 0.2087, 0.2071 -0.1878 0.2087, 0.2048 -0.1943 0.2087, 0.2093 -0.1886 0.2087, 0.206 -0.1948 0.2087, 0.2086 -0.1962 0.2087, 0.2008 -0.1888 0.2087, 0.2005 -0.1893 0.2087, 0.2003 -0.1898 0.2087, 0.1975 -0.1872 0.2087, 0.1949 -0.1674 0.2087, 0.1968 -0.1882 0.2087, 0.1976 -0.2029 0.2087, 0.198 -0.203 0.2087, 0.198 -0.1949 0.2087, 0.1973 -0.1942 0.2087, 0.1969 -0.1935 0.2087, 0.1962 -0.202 0.2087, 0.198 -0.1949 0.2087, 0.1964 -0.1924 0.2087, 0.1962 -0.1908 0.2087, 0.1964 -0.1895 0.2087, 0.2 -0.2038 0.2087, 0.2021 -0.1971 0.2087, 0.1998 -0.1961 0.2087, 0.2025 -0.2041 0.2087, 0.2027 -0.2041 0.2087, 0.2046 -0.1982 0.2087, 0.2047 -0.2039 0.2087, 0.2071 -0.2012 0.2087, 0.207 -0.2007 0.2087, 0.2057 -0.2035 0.2087, 0.206 -0.2033 0.2087, 0.2065 -0.2029 0.2087, 0.2068 -0.2024 0.2087, 0.207 -0.2019 0.2087, 0.2069 -0.2001 0.2087, 0.2066 -0.1996 0.2087, 0.2061 -0.1991 0.2087, 0.1962 -0.206 0.2087, 0.1949 -0.207 0.2087, 0.198 -0.2066 0.2087, 0.198 -0.207 0.2087, 0.1989 -0.2069 0.2087, 0.1997 -0.207 0.2087, 0.2022 -0.2073 0.2087, 0.198 -0.2191 0.2087, 0.1783 -0.207 0.2087, 0.1778 -0.2069 0.2087, 0.1756 -0.1864 0.2087, 0.1756 -0.1901 0.2087, 0.191 -0.1927 0.2087, 0.191 -0.2067 0.2087, 0.1923 -0.207 0.2087, 0.1872 -0.2067 0.2087, 0.187 -0.185 0.2087, 0.1883 -0.1858 0.2087, 0.1763 -0.2063 0.2087, 0.1753 -0.2055 0.2087, 0.175 -0.2052 0.2087, 0.1854 -0.1846 0.2087, 0.1872 -0.2034 0.2087, 0.1871 -0.2034 0.2087, 0.1862 -0.2047 0.2087, 0.1849 -0.2059 0.2087, 0.1742 -0.204 0.2087, 0.1737 -0.2028 0.2087, 0.1734 -0.2009 0.2087, 0.1734 -0.2004 0.2087, 0.1737 -0.1988 0.2087, 0.1742 -0.1974 0.2087, 0.175 -0.1963 0.2087, 0.184 -0.1876 0.2087, 0.1828 -0.1875 0.2087, 0.1807 -0.1937 0.2087, 0.1763 -0.186 0.2087, 0.1792 -0.1848 0.2087, 0.1831 -0.1844 0.2087, 0.1893 -0.1867 0.2087, 0.1901 -0.188 0.2087, 0.1907 -0.1897 0.2087, 0.1762 -0.1953 0.2087, 0.1778 -0.1944 0.2087, 0.1783 -0.1884 0.2087, 0.1807 -0.1877 0.2087, 0.1872 -0.1928 0.2087, 0.187 -0.1911 0.2087, 0.1867 -0.1898 0.2087, 0.1862 -0.189 0.2087, 0.1856 -0.1884 0.2087, 0.1849 -0.1879 0.2087, 0.1923 -0.2191 0.2087, 0.1825 -0.207 0.2087, 0.1702 -0.2191 0.2087, 0.1804 -0.2073 0.2087, 0.1795 -0.2072 0.2087, 0.1141 -0.1514 0.2087, 0.1201 -0.1563 0.2087, 0.1407 -0.1272 0.2087, 0.1407 -0.1584 0.2087, 0.0851 -0.1241 0.2087, 0.0899 -0.1272 0.2087, 0.0949 -0.1306 0.2087, 0.102 -0.1389 0.2087, 0.1066 -0.1478 0.2087, 0.1076 -0.1481 0.2087, 0.0444 -0.1245 0.2087, 0.0544 -0.1206 0.2087, -0.1334 0.0231 0.2087, 0.1407 0.0231 0.2087, 0.0652 -0.1193 0.2087, 0.0742 -0.1202 0.2087, 0.04 -0.1272 0.2087, -0.1334 -0.1272 0.2087, 0.0391 -0.1278 0.2087, -0.1334 -0.1584 0.2087, -0.0077 -0.1584 0.2087, -0.0058 -0.1541 0.2087, -0.0006 -0.1474 0.2087, 0.0159 -0.138 0.2087, 0.0245 -0.1369 0.2087, 0.034 -0.1321 0.2087, 0.027 -0.137 0.2087, 0.0295 -0.1373 0.2087, 0.0009 -0.146 0.2087, 0.0078 -0.1411 0.2087, 0.0051 -0.2017 0.2087, -0.0016 -0.196 0.2087, -0.1334 -0.207 0.2087, 0.013 -0.2056 0.2087, -0.0066 -0.1889 0.2087, -0.0097 -0.1808 0.2087, -0.1334 -0.1674 0.2087, -0.0108 -0.1722 0.2087, -0.0107 -0.1702 0.2087, -0.0102 -0.1674 0.2087, -0.0093 -0.162 0.2087, 0.0158 -0.2064 0.2087, 0.016 -0.207 0.2087, 0.0177 -0.2107 0.2087, 0.0209 -0.2148 0.2087, 0.0251 -0.2181 0.2087, 0.0456 -0.2191 0.2087, 0.0412 -0.2207 0.2087, 0.1407 -0.2559 0.2087, 0.0365 -0.2212 0.2087, 0.0352 -0.2212 0.2087, 0.0301 -0.2203 0.2087, 0.0275 -0.2191 0.2087, 0.0569 -0.207 0.2087, 0.0568 -0.2072 0.2087, 0.1407 -0.2191 0.2087, 0.0542 -0.212 0.2087, 0.0505 -0.216 0.2087, 0.0461 -0.2189 0.2087, 0.1272 -0.1692 0.2087, 0.1282 -0.1763 0.2087, 0.0848 -0.1941 0.2087, 0.0863 -0.1935 0.2087, 0.0888 -0.1811 0.2087, 0.0528 -0.1848 0.2087, 0.082 -0.1696 0.2087, 0.0493 -0.1816 0.2087, 0.0448 -0.179 0.2087, 0.1146 -0.1747 0.2087, 0.1136 -0.1705 0.2087, 0.1119 -0.1674 0.2087, 0.0034 -0.1674 0.2087, 0.0834 -0.1951 0.2087, 0.1245 -0.191 0.2087, 0.1201 -0.197 0.2087, 0.1142 -0.202 0.2087, 0.1076 -0.2053 0.2087, 0.1003 -0.2068 0.2087, 0.0879 -0.1933 0.2087, 0.0881 -0.1934 0.2087, 0.0888 -0.1935 0.2087, 0.1272 -0.1841 0.2087, 0.0032 -0.1754 0.2087, 0.0187 -0.1867 0.2087, 0.0029 -0.1718 0.2087, 0.0224 -0.1827 0.2087, 0.0269 -0.1797 0.2087, 0.0875 -0.2068 0.2087, 0.0863 -0.2067 0.2087, 0.0049 -0.1807 0.2087, 0.0077 -0.1854 0.2087, 0.0162 -0.1912 0.2087, 0.0117 -0.1893 0.2087, 0.016 -0.1918 0.2087, 0.0849 -0.2061 0.2087, 0.0835 -0.2052 0.2087, 0.0828 -0.2045 0.2087, 0.0317 -0.178 0.2087, 0.0365 -0.1774 0.2087, 0.0395 -0.1776 0.2087, 0.1103 -0.1881 0.2087, 0.1127 -0.1847 0.2087, 0.1142 -0.1808 0.2087, 0.1147 -0.1766 0.2087, 0.0811 -0.2001 0.2087, 0.0812 -0.1994 0.2087, 0.0583 -0.1973 0.2087, 0.0816 -0.1978 0.2087, 0.0824 -0.1962 0.2087, 0.0892 -0.1936 0.2087, 0.099 -0.1936 0.2087, 0.1029 -0.1928 0.2087, 0.0819 -0.2032 0.2087, 0.0813 -0.2017 0.2087, 0.0581 -0.2018 0.2087, 0.0583 -0.1994 0.2087, 0.1067 -0.191 0.2087, 0.1099 -0.1884 0.2087, 0.0052 -0.1621 0.2087, 0.0035 -0.167 0.2087, 0.0959 -0.1596 0.2087, 0.0977 -0.1596 0.2087, 0.1116 -0.1668 0.2087, 0.109 -0.1639 0.2087, 0.1056 -0.1615 0.2087, 0.1018 -0.1601 0.2087, 0.0912 -0.1464 0.2087, 0.0863 -0.1405 0.2087, 0.0363 -0.1533 0.2087, 0.0858 -0.1401 0.2087, 0.0797 -0.1359 0.2087, 0.0396 -0.1463 0.2087, 0.0077 -0.1584 0.2087, 0.0342 -0.1522 0.2087, 0.0957 -0.1584 0.2087, 0.0946 -0.1534 0.2087, 0.0293 -0.1505 0.2087, 0.0247 -0.15 0.2087, 0.0223 -0.1501 0.2087, 0.0445 -0.1405 0.2087, 0.0729 -0.1333 0.2087, 0.0503 -0.1363 0.2087, 0.0654 -0.1323 0.2087, 0.0574 -0.1334 0.2087, 0.017 -0.1514 0.2087, 0.0121 -0.154 0.2087, 0.0081 -0.1577 0.2087, 0.1215 -0.1584 0.2087, 0.1245 -0.1625 0.2087, 0.1265 -0.1674 0.2087, 0.2462 -0.1479 0.2087, 0.2447 -0.1511 0.2087, 0.2424 -0.1538 0.2087, 0.2434 -0.1325 0.2087, 0.2453 -0.1352 0.2087, 0.2424 -0.1315 0.2087, 0.2465 -0.1381 0.2087, 0.247 -0.1424 0.2087, 0.2469 -0.1443 0.2087, 0.2361 -0.1272 0.2087, 0.212 -0.1272 0.2087, 0.2156 -0.1275 0.2087, 0.212 -0.1275 0.2087, 0.2156 -0.131 0.2087, 0.222 -0.1581 0.2087, 0.222 -0.1275 0.2087, 0.2308 -0.1275 0.2087, 0.2355 -0.128 0.2087, 0.2361 -0.1282 0.2087, 0.2392 -0.1294 0.2087, 0.212 -0.1584 0.2087, 0.2361 -0.1584 0.2087, 0.2163 -0.1581 0.2087, 0.2419 -0.1543 0.2087, 0.2389 -0.1563 0.2087, 0.2361 -0.1573 0.2087, 0.2353 -0.1576 0.2087, 0.2305 -0.1581 0.2087, 0.2163 -0.1546 0.2087, 0.2546 -0.2032 0.2087, 0.2546 -0.2067 0.2087, 0.2575 -0.207 0.2087, 0.2478 -0.207 0.2087, 0.2421 -0.1929 0.2087, 0.2421 -0.2032 0.2087, 0.2478 -0.1929 0.2087, 0.2478 -0.2032 0.2087, 0.2531 -0.1929 0.2087, 0.2531 -0.1894 0.2087, 0.2421 -0.1796 0.2087, 0.2421 -0.1894 0.2087, 0.2478 -0.1796 0.2087, 0.2478 -0.1894 0.2087, 0.2539 -0.1796 0.2087, 0.2478 -0.2067 0.2087, 0.2381 -0.2067 0.2087, 0.2361 -0.207 0.2087, 0.2381 -0.1761 0.2087, 0.2478 -0.1674 0.2087, 0.2478 -0.1761 0.2087, 0.2575 -0.1674 0.2087, 0.2539 -0.1761 0.2087, 0.2037 -0.1443 0.2087, 0.2037 -0.1546 0.2087, 0.212 -0.1443 0.2087, 0.212 -0.1546 0.2087, 0.2147 -0.1443 0.2087, 0.2147 -0.1408 0.2087, 0.212 -0.1408 0.2087, 0.212 -0.131 0.2087, 0.2037 -0.1408 0.2087, 0.2037 -0.131 0.2087, 0.1998 -0.1275 0.2087, 0.198 -0.1272 0.2087, 0.1998 -0.1581 0.2087, 0.2575 -0.2191 0.2087, 0.2478 -0.2559 0.2087, 0.2478 -0.2191 0.2087, 0.2361 -0.2559 0.2087, 0.212 -0.2559 0.2087, 0.198 -0.2559 0.2087, 0.1949 -0.2559 0.2087, 0.1949 -0.2191 0.2087, 0.1923 -0.2559 0.2087, 0.1702 -0.2559 0.2087, 0.1696 -0.2559 0.2087, 0.1696 -0.2191 0.2087, 0.1841 -0.2064 0.2087, 0.3345 -0.207 0.2087, 0.2862 -0.207 0.2087, 0.2604 -0.2067 0.2087, 0.2737 -0.2062 0.2087, 0.2688 -0.2067 0.2087, 0.2853 -0.193 0.2087, 0.2854 -0.191 0.2087, 0.2862 -0.1674 0.2087, 0.2848 -0.1867 0.2087, 0.2837 -0.1838 0.2087, 0.2845 -0.1965 0.2087, 0.283 -0.1997 0.2087, 0.2807 -0.2024 0.2087, 0.2803 -0.2029 0.2087, 0.2773 -0.2049 0.2087, 0.2604 -0.1761 0.2087, 0.2692 -0.1761 0.2087, 0.2738 -0.1766 0.2087, 0.2775 -0.178 0.2087, 0.2807 -0.1802 0.2087, 0.2818 -0.1812 0.2087, 0.3071 -0.1984 0.2087, 0.2944 -0.1984 0.2087, 0.3103 -0.2067 0.2087, 0.2914 -0.2067 0.2087, 0.3146 -0.2067 0.2087, 0.2871 -0.2067 0.2087, 0.2987 -0.1761 0.2087, 0.303 -0.1761 0.2087, 0.1696 -0.1584 0.2087, 0.198 -0.1584 0.2087, 0.1694 -0.1546 0.2087, 0.1694 -0.1581 0.2087, 0.1533 -0.1581 0.2087, 0.1572 -0.1275 0.2087, 0.1696 -0.1272 0.2087, 0.1533 -0.1275 0.2087, 0.1572 -0.1546 0.2087, 0.212 -0.1581 0.2087, 0.3345 -0.1674 0.2087, 0.3345 -0.1584 0.2087, 0.3345 -0.1272 0.2087, 0.3543 -0.207 0.2087, 0.3543 -0.1674 0.2087, 0.3543 -0.1584 0.2087, 0.3543 -0.1272 0.2087, 0.1696 0.0231 0.2087, 0.3543 0.0231 0.2087, 0.3345 0.0231 0.2087, 0.2862 0.0231 0.2087, 0.2575 0.0231 0.2087, 0.2478 0.0231 0.2087, 0.2361 0.0231 0.2087, 0.212 0.0231 0.2087, 0.198 0.0231 0.2087, 0.1949 0.0231 0.2087, -0.2559 0.1852 0.2087, -0.2566 0.1801 0.2087, -0.2585 0.1754 0.2087, -0.2617 0.1713 0.2087, -0.2657 0.1682 0.2087, -0.2705 0.1662 0.2087, -0.2756 0.1655 0.2087, -0.2807 0.1662 0.2087, -0.3543 0.0231 0.2087, -0.2854 0.1682 0.2087, -0.2895 0.1713 0.2087, -0.2926 0.1754 0.2087, -0.2946 0.1801 0.2087, -0.3543 0.2559 0.2087, -0.2953 0.1852 0.2087, -0.2946 0.1903 0.2087, -0.2926 0.1951 0.2087, -0.2895 0.1991 0.2087, -0.2854 0.2023 0.2087, -0.2657 0.2023 0.2087, -0.2617 0.1991 0.2087, -0.1334 0.2559 0.2087, -0.2585 0.1951 0.2087, -0.2566 0.1903 0.2087, -0.3543 -0.2191 0.2087, -0.3543 -0.207 0.2087, -0.3543 -0.1674 0.2087, -0.3543 -0.1584 0.2087, -0.3543 -0.1272 0.2087, -0.2807 0.2042 0.2087, -0.2756 0.2049 0.2087, -0.2705 0.2042 0.2087, 0.3543 0.2559 0.2087, 0.3345 0.2559 0.2087, 0.2862 0.2559 0.2087, 0.2575 0.2559 0.2087, 0.2478 0.2559 0.2087, 0.2361 0.2559 0.2087, 0.212 0.2559 0.2087, 0.198 0.2559 0.2087, 0.1949 0.2559 0.2087, 0.1923 0.2559 0.2087, 0.1702 0.2559 0.2087, 0.1696 0.2559 0.2087, 0.1407 0.2559 0.2087, 0.1407 0.2559 0.2087
            ]
        }
        coordIndex [
            0,1,2,-1,3,0,4,-1,5,3,6,-1,7,8,9,-1,10,11,12,-1,13,14,15,-1,16,17,15,-1,15,17,18,-1,15,18,13,-1,14,13,19,-1,19,13,20,-1,19,20,21,-1,17,22,18,-1,18,22,23,-1,18,23,24,-1,24,23,25,-1,24,25,26,-1,26,25,27,-1,26,27,21,-1,21,27,28,-1,21,28,19,-1,29,30,31,-1,32,33,31,-1,31,33,34,-1,31,34,29,-1,35,36,37,-1,37,38,39,-1,40,41,42,-1,42,41,43,-1,42,43,44,-1,39,44,37,-1,37,44,43,-1,37,43,35,-1,35,43,45,-1,30,29,46,-1,46,29,47,-1,46,47,48,-1,49,50,51,-1,52,53,49,-1,49,53,54,-1,49,54,55,-1,52,56,53,-1,53,56,57,-1,53,57,58,-1,58,57,59,-1,58,59,60,-1,55,61,49,-1,49,61,62,-1,49,62,63,-1,51,64,49,-1,49,64,65,-1,49,65,66,-1,63,67,49,-1,49,67,68,-1,49,68,50,-1,66,69,49,-1,49,69,70,-1,49,70,71,-1,71,70,72,-1,71,72,73,-1,73,72,74,-1,75,76,77,-1,77,76,78,-1,77,78,79,-1,79,78,80,-1,81,82,83,-1,83,82,84,-1,83,84,85,-1,86,87,88,-1,89,90,91,-1,91,90,92,-1,91,92,93,-1,88,94,86,-1,86,94,95,-1,86,95,96,-1,93,97,91,-1,91,97,98,-1,91,98,99,-1,100,101,86,-1,86,101,102,-1,86,102,87,-1,103,45,104,-1,104,45,105,-1,104,105,106,-1,72,107,74,-1,74,107,108,-1,74,108,109,-1,109,108,110,-1,109,110,111,-1,112,113,114,-1,115,116,12,-1,12,116,117,-1,12,117,118,-1,118,117,114,-1,114,117,119,-1,114,119,112,-1,112,119,120,-1,112,120,121,-1,122,123,120,-1,120,123,124,-1,120,124,121,-1,125,126,127,-1,127,126,128,-1,12,129,130,-1,131,132,133,-1,133,132,134,-1,133,134,127,-1,127,134,135,-1,127,135,125,-1,130,136,12,-1,12,136,137,-1,12,137,138,-1,139,140,133,-1,133,140,141,-1,133,141,131,-1,138,142,12,-1,12,142,143,-1,12,143,115,-1,144,145,146,-1,146,145,147,-1,147,148,146,-1,146,148,149,-1,146,149,118,-1,150,151,12,-1,12,151,152,-1,153,154,155,-1,155,154,156,-1,157,158,12,-1,12,158,159,-1,12,159,150,-1,153,157,154,-1,154,157,12,-1,154,12,160,-1,160,12,118,-1,160,118,161,-1,161,118,149,-1,152,162,12,-1,12,162,163,-1,12,163,10,-1,164,165,166,-1,166,165,167,-1,166,167,168,-1,166,169,164,-1,164,169,170,-1,164,170,171,-1,171,172,164,-1,164,172,173,-1,164,173,174,-1,174,173,175,-1,174,175,176,-1,176,175,177,-1,176,177,154,-1,154,177,178,-1,154,178,156,-1,179,180,168,-1,168,180,181,-1,168,181,166,-1,144,146,182,-1,182,146,183,-1,182,183,184,-1,185,186,187,-1,188,189,190,-1,185,187,190,-1,190,187,191,-1,190,191,188,-1,189,192,190,-1,190,192,193,-1,190,193,183,-1,183,193,194,-1,183,194,184,-1,195,196,186,-1,186,196,197,-1,186,197,187,-1,195,198,196,-1,196,198,199,-1,196,199,200,-1,200,199,201,-1,200,202,203,-1,201,204,200,-1,200,204,205,-1,200,205,206,-1,206,207,200,-1,200,207,208,-1,200,208,202,-1,203,209,200,-1,200,209,210,-1,200,210,211,-1,212,213,214,-1,214,213,215,-1,214,215,216,-1,216,215,217,-1,218,219,11,-1,11,219,127,-1,11,127,12,-1,12,127,128,-1,12,128,129,-1,47,220,221,-1,43,48,45,-1,45,48,47,-1,45,47,222,-1,222,47,223,-1,224,225,226,-1,226,225,227,-1,228,229,105,-1,221,230,47,-1,47,230,231,-1,47,231,232,-1,228,105,233,-1,234,235,227,-1,227,235,236,-1,227,236,237,-1,232,238,47,-1,47,238,239,-1,47,239,240,-1,240,241,47,-1,47,241,242,-1,47,242,223,-1,223,242,243,-1,223,243,244,-1,245,246,247,-1,222,248,45,-1,45,248,249,-1,45,249,105,-1,105,249,250,-1,105,250,233,-1,229,251,105,-1,105,251,252,-1,105,252,253,-1,244,254,223,-1,223,254,255,-1,223,255,256,-1,256,255,247,-1,256,247,257,-1,257,247,246,-1,258,259,247,-1,247,259,260,-1,247,260,261,-1,261,262,247,-1,247,262,263,-1,247,263,245,-1,264,265,266,-1,266,265,267,-1,266,267,268,-1,269,270,271,-1,271,270,272,-1,273,274,271,-1,271,274,275,-1,271,275,276,-1,276,277,271,-1,271,277,278,-1,271,278,269,-1,279,280,281,-1,281,280,282,-1,282,280,283,-1,282,283,284,-1,279,281,285,-1,285,281,286,-1,285,286,287,-1,288,289,286,-1,286,289,290,-1,286,290,291,-1,286,292,287,-1,287,292,293,-1,287,293,294,-1,294,293,295,-1,294,295,296,-1,291,297,286,-1,286,297,298,-1,286,298,292,-1,299,300,301,-1,299,301,302,-1,300,303,301,-1,301,303,304,-1,301,304,305,-1,305,304,306,-1,306,307,305,-1,305,307,308,-1,305,308,288,-1,288,308,309,-1,288,309,289,-1,310,302,311,-1,311,302,301,-1,311,301,312,-1,312,301,9,-1,312,9,313,-1,313,9,314,-1,315,316,317,-1,316,318,317,-1,317,318,319,-1,317,319,8,-1,8,319,320,-1,8,320,9,-1,9,320,321,-1,9,321,314,-1,322,323,324,-1,323,325,324,-1,324,325,326,-1,324,326,327,-1,328,329,33,-1,330,331,332,-1,333,334,335,-1,335,334,336,-1,337,338,334,-1,334,338,339,-1,334,339,340,-1,330,332,341,-1,342,343,34,-1,343,344,34,-1,34,344,345,-1,34,345,346,-1,331,347,332,-1,332,347,348,-1,332,348,349,-1,33,329,34,-1,34,329,350,-1,34,350,342,-1,351,352,353,-1,353,352,354,-1,353,354,340,-1,340,354,355,-1,356,357,322,-1,351,358,352,-1,352,358,359,-1,352,359,360,-1,360,359,361,-1,360,361,362,-1,357,363,322,-1,322,363,364,-1,322,364,365,-1,355,366,340,-1,340,366,367,-1,340,367,334,-1,334,367,368,-1,334,368,336,-1,369,370,332,-1,332,370,371,-1,332,371,334,-1,334,371,372,-1,334,372,337,-1,373,374,375,-1,375,374,376,-1,375,376,332,-1,332,376,377,-1,332,377,341,-1,349,378,332,-1,332,378,379,-1,332,379,380,-1,365,381,322,-1,322,381,382,-1,322,382,383,-1,383,382,373,-1,383,373,384,-1,384,373,375,-1,380,385,332,-1,332,385,386,-1,332,386,369,-1,387,388,389,-1,388,340,389,-1,389,340,339,-1,389,339,390,-1,390,339,391,-1,391,392,390,-1,390,392,393,-1,390,393,394,-1,395,396,397,-1,396,398,397,-1,397,398,399,-1,397,399,400,-1,401,397,402,-1,387,389,401,-1,401,389,403,-1,401,403,397,-1,397,403,404,-1,397,404,395,-1,402,405,401,-1,401,405,406,-1,401,406,407,-1,400,399,408,-1,408,399,409,-1,408,409,410,-1,410,409,411,-1,410,411,412,-1,413,414,407,-1,407,414,415,-1,407,415,401,-1,270,416,272,-1,272,416,417,-1,272,417,33,-1,33,417,418,-1,33,418,328,-1,419,420,24,-1,24,420,421,-1,422,423,26,-1,422,26,424,-1,423,425,26,-1,26,425,426,-1,26,426,24,-1,24,426,427,-1,24,427,419,-1,428,429,430,-1,430,429,431,-1,432,433,434,-1,435,436,428,-1,428,436,437,-1,428,437,26,-1,26,437,438,-1,26,438,424,-1,435,428,434,-1,434,428,430,-1,434,430,432,-1,439,440,441,-1,421,442,24,-1,24,442,443,-1,24,443,440,-1,440,443,444,-1,440,444,445,-1,445,446,440,-1,440,446,433,-1,440,433,441,-1,441,433,447,-1,448,449,450,-1,450,449,451,-1,452,453,454,-1,454,453,455,-1,454,455,456,-1,456,455,448,-1,456,448,457,-1,458,459,460,-1,460,459,461,-1,460,461,462,-1,449,463,451,-1,451,463,464,-1,451,464,465,-1,465,464,466,-1,113,465,114,-1,114,465,466,-1,114,466,467,-1,467,466,468,-1,467,468,469,-1,469,468,470,-1,469,470,462,-1,471,472,473,-1,473,472,474,-1,473,474,475,-1,474,447,475,-1,475,447,433,-1,475,433,476,-1,476,433,432,-1,476,432,477,-1,477,432,478,-1,477,478,479,-1,479,478,480,-1,431,429,481,-1,481,429,482,-1,481,482,483,-1,5,484,485,-1,485,484,486,-1,485,486,487,-1,487,486,133,-1,487,133,488,-1,488,133,127,-1,488,127,489,-1,489,127,219,-1,489,219,490,-1,490,219,491,-1,490,491,492,-1,492,491,264,-1,492,264,493,-1,493,264,266,-1,493,266,494,-1,494,266,495,-1,494,495,317,-1,317,495,324,-1,317,324,315,-1,315,324,327,-1,268,220,266,-1,266,220,47,-1,266,47,495,-1,495,47,29,-1,495,29,324,-1,324,29,34,-1,324,34,322,-1,322,34,346,-1,322,346,356,-1,218,217,219,-1,219,217,215,-1,219,215,491,-1,491,215,213,-1,491,213,264,-1,264,213,226,-1,264,226,265,-1,265,226,227,-1,265,227,496,-1,496,227,237,-1,484,450,486,-1,486,450,451,-1,486,451,133,-1,133,451,465,-1,133,465,139,-1,139,465,113,-1,3,4,6,-1,6,4,497,-1,6,497,498,-1,212,190,213,-1,213,190,183,-1,213,183,226,-1,226,183,105,-1,226,105,224,-1,224,105,253,-1,461,457,462,-1,462,457,448,-1,462,448,469,-1,469,448,450,-1,469,450,499,-1,498,500,501,-1,502,498,503,-1,503,498,504,-1,503,504,505,-1,505,504,506,-1,502,507,498,-1,498,507,508,-1,498,508,509,-1,5,6,484,-1,484,6,498,-1,484,498,450,-1,450,498,501,-1,450,501,499,-1,509,510,498,-1,498,510,511,-1,498,511,500,-1,499,512,469,-1,469,512,513,-1,469,513,504,-1,504,513,514,-1,504,514,515,-1,515,516,504,-1,504,516,517,-1,504,517,506,-1,518,519,520,-1,520,519,521,-1,522,520,497,-1,497,520,521,-1,497,521,498,-1,498,521,523,-1,498,523,504,-1,504,523,524,-1,504,524,525,-1,103,89,45,-1,45,89,91,-1,45,91,35,-1,35,91,526,-1,504,13,469,-1,469,13,18,-1,469,18,467,-1,467,18,24,-1,467,24,114,-1,114,24,440,-1,114,440,118,-1,118,440,439,-1,118,439,146,-1,146,439,527,-1,146,527,183,-1,183,527,74,-1,183,74,105,-1,105,74,109,-1,105,109,106,-1,106,109,111,-1,528,529,526,-1,526,529,530,-1,531,532,533,-1,533,532,271,-1,533,271,530,-1,530,271,272,-1,530,272,526,-1,526,272,33,-1,526,33,35,-1,35,33,32,-1,35,32,36,-1,99,100,91,-1,91,100,86,-1,91,86,526,-1,526,86,532,-1,526,532,528,-1,528,532,531,-1,528,531,534,-1,441,535,439,-1,439,535,483,-1,439,483,527,-1,527,483,482,-1,527,482,74,-1,74,482,76,-1,74,76,73,-1,73,76,75,-1,522,497,525,-1,525,497,536,-1,525,536,504,-1,504,536,537,-1,504,537,13,-1,13,537,538,-1,13,538,20,-1,0,2,4,-1,4,2,539,-1,4,539,497,-1,497,539,540,-1,497,540,536,-1,536,540,541,-1,536,541,537,-1,537,541,542,-1,537,542,538,-1,96,85,86,-1,86,85,84,-1,86,84,532,-1,532,84,543,-1,532,543,271,-1,271,543,282,-1,271,282,273,-1,273,282,284,-1,542,544,538,-1,538,544,545,-1,538,545,20,-1,20,545,546,-1,20,546,21,-1,21,546,547,-1,21,547,26,-1,26,547,548,-1,26,548,428,-1,428,548,549,-1,428,549,429,-1,429,549,550,-1,429,550,482,-1,482,550,551,-1,482,551,76,-1,76,551,552,-1,76,552,78,-1,78,552,82,-1,78,82,80,-1,80,82,81,-1,553,554,281,-1,281,554,555,-1,555,556,281,-1,281,556,557,-1,281,557,558,-1,559,560,561,-1,561,560,562,-1,561,562,563,-1,563,564,561,-1,561,564,565,-1,561,565,566,-1,566,565,567,-1,566,567,568,-1,568,569,566,-1,566,569,570,-1,566,570,571,-1,572,573,574,-1,574,573,575,-1,574,575,576,-1,7,9,577,-1,577,9,301,-1,577,301,578,-1,578,301,305,-1,578,305,579,-1,579,305,288,-1,579,288,580,-1,580,288,286,-1,580,286,581,-1,581,286,281,-1,581,281,561,-1,561,281,558,-1,561,558,559,-1,571,582,566,-1,566,582,583,-1,566,583,574,-1,574,583,584,-1,574,584,572,-1,544,585,545,-1,545,585,586,-1,545,586,546,-1,546,586,587,-1,546,587,547,-1,547,587,588,-1,547,588,548,-1,548,588,589,-1,548,589,549,-1,549,589,590,-1,549,590,550,-1,550,590,591,-1,550,591,551,-1,551,591,592,-1,551,592,552,-1,552,592,593,-1,552,593,82,-1,82,593,594,-1,82,594,84,-1,84,594,595,-1,84,595,543,-1,543,595,596,-1,543,596,282,-1,282,596,597,-1,282,597,281,-1,281,597,574,-1,281,574,553,-1,553,574,576,-1,
        ]
    }
}
Shape{
    appearance Appearance {
        material  Material 	{
            diffuseColor 0.6666666666666666 0.6666666666666666 0.6666666666666666
            specularColor 0.4666666666666667 0.4666666666666667 0.4666666666666667
            ambientIntensity 0.2
            transparency 0
            shininess 0.5
        }
    }
    geometry IndexedFaceSet {
        ccw TRUE
        solid FALSE
        coord DEF co Coordinate {
            point [
                0.1936 0.1329 -0.0079, 0.1887 0.1447 -0.0079, 0.2362 0.1575 -0.0079, 0.187 0.1575 -0.0079, 0.1887 0.1702 -0.0079, 0.2235 0.1099 -0.0079, 0.2116 0.1149 -0.0079, 0.2014 0.1227 -0.0079, 0.2608 0.1149 -0.0079, 0.249 0.1099 -0.0079, 0.2362 0.1083 -0.0079, 0.2838 0.1447 -0.0079, 0.2788 0.1329 -0.0079, 0.271 0.1227 -0.0079, 0.2788 0.1821 -0.0079, 0.2838 0.1702 -0.0079, 0.2854 0.1575 -0.0079, 0.249 0.205 -0.0079, 0.2608 0.2001 -0.0079, 0.271 0.1923 -0.0079, 0.2116 0.2001 -0.0079, 0.2235 0.205 -0.0079, 0.2362 0.2067 -0.0079, 0.1936 0.1821 -0.0079, 0.2014 0.1923 -0.0079, 0.2854 0.1575 -0.0, 0.2838 0.1702 -0.0, 0.2788 0.1821 -0.0, 0.271 0.1923 -0.0, 0.2608 0.2001 -0.0, 0.249 0.205 -0.0, 0.2362 0.2067 -0.0, 0.2235 0.205 -0.0, 0.2116 0.2001 -0.0, 0.2014 0.1923 -0.0, 0.1936 0.1821 -0.0, 0.1887 0.1702 -0.0, 0.187 0.1575 -0.0, 0.1887 0.1447 -0.0, 0.1936 0.1329 -0.0, 0.2014 0.1227 -0.0, 0.2116 0.1149 -0.0, 0.2235 0.1099 -0.0, 0.2362 0.1083 -0.0, 0.249 0.1099 -0.0, 0.2608 0.1149 -0.0, 0.271 0.1227 -0.0, 0.2788 0.1329 -0.0, 0.2838 0.1447 -0.0, 0.1936 -0.0246 -0.0079, 0.1887 -0.0127 -0.0079, 0.2362 0.0 -0.0079, 0.187 0.0 -0.0079, 0.1887 0.0127 -0.0079, 0.2235 -0.0475 -0.0079, 0.2116 -0.0426 -0.0079, 0.2014 -0.0348 -0.0079, 0.2608 -0.0426 -0.0079, 0.249 -0.0475 -0.0079, 0.2362 -0.0492 -0.0079, 0.2838 -0.0127 -0.0079, 0.2788 -0.0246 -0.0079, 0.271 -0.0348 -0.0079, 0.2788 0.0246 -0.0079, 0.2838 0.0127 -0.0079, 0.2854 0.0 -0.0079, 0.249 0.0475 -0.0079, 0.2608 0.0426 -0.0079, 0.271 0.0348 -0.0079, 0.2116 0.0426 -0.0079, 0.2235 0.0475 -0.0079, 0.2362 0.0492 -0.0079, 0.1936 0.0246 -0.0079, 0.2014 0.0348 -0.0079, 0.2854 0.0 -0.0, 0.2838 0.0127 -0.0, 0.2788 0.0246 -0.0, 0.271 0.0348 -0.0, 0.2608 0.0426 -0.0, 0.249 0.0475 -0.0, 0.2362 0.0492 -0.0, 0.2235 0.0475 -0.0, 0.2116 0.0426 -0.0, 0.2014 0.0348 -0.0, 0.1936 0.0246 -0.0, 0.1887 0.0127 -0.0, 0.187 0.0 -0.0, 0.1887 -0.0127 -0.0, 0.1936 -0.0246 -0.0, 0.2014 -0.0348 -0.0, 0.2116 -0.0426 -0.0, 0.2235 -0.0475 -0.0, 0.2362 -0.0492 -0.0, 0.249 -0.0475 -0.0, 0.2608 -0.0426 -0.0, 0.271 -0.0348 -0.0, 0.2788 -0.0246 -0.0, 0.2838 -0.0127 -0.0, 0.1936 -0.1821 -0.0079, 0.1887 -0.1702 -0.0079, 0.2362 -0.1575 -0.0079, 0.187 -0.1575 -0.0079, 0.1887 -0.1447 -0.0079, 0.2235 -0.205 -0.0079, 0.2116 -0.2001 -0.0079, 0.2014 -0.1923 -0.0079, 0.2608 -0.2001 -0.0079, 0.249 -0.205 -0.0079, 0.2362 -0.2067 -0.0079, 0.2838 -0.1702 -0.0079, 0.2788 -0.1821 -0.0079, 0.271 -0.1923 -0.0079, 0.2788 -0.1329 -0.0079, 0.2838 -0.1447 -0.0079, 0.2854 -0.1575 -0.0079, 0.249 -0.1099 -0.0079, 0.2608 -0.1149 -0.0079, 0.271 -0.1227 -0.0079, 0.2116 -0.1149 -0.0079, 0.2235 -0.1099 -0.0079, 0.2362 -0.1083 -0.0079, 0.1936 -0.1329 -0.0079, 0.2014 -0.1227 -0.0079, 0.2854 -0.1575 -0.0, 0.2838 -0.1447 -0.0, 0.2788 -0.1329 -0.0, 0.271 -0.1227 -0.0, 0.2608 -0.1149 -0.0, 0.249 -0.1099 -0.0, 0.2362 -0.1083 -0.0, 0.2235 -0.1099 -0.0, 0.2116 -0.1149 -0.0, 0.2014 -0.1227 -0.0, 0.1936 -0.1329 -0.0, 0.1887 -0.1447 -0.0, 0.187 -0.1575 -0.0, 0.1887 -0.1702 -0.0, 0.1936 -0.1821 -0.0, 0.2014 -0.1923 -0.0, 0.2116 -0.2001 -0.0, 0.2235 -0.205 -0.0, 0.2362 -0.2067 -0.0, 0.249 -0.205 -0.0, 0.2608 -0.2001 -0.0, 0.271 -0.1923 -0.0, 0.2788 -0.1821 -0.0, 0.2838 -0.1702 -0.0, 0.0361 0.1329 -0.0079, 0.0312 0.1447 -0.0079, 0.0787 0.1575 -0.0079, 0.0295 0.1575 -0.0079, 0.0312 0.1702 -0.0079, 0.066 0.1099 -0.0079, 0.0541 0.1149 -0.0079, 0.0439 0.1227 -0.0079, 0.1033 0.1149 -0.0079, 0.0915 0.1099 -0.0079, 0.0787 0.1083 -0.0079, 0.1263 0.1447 -0.0079, 0.1214 0.1329 -0.0079, 0.1135 0.1227 -0.0079, 0.1214 0.1821 -0.0079, 0.1263 0.1702 -0.0079, 0.128 0.1575 -0.0079, 0.0915 0.205 -0.0079, 0.1033 0.2001 -0.0079, 0.1135 0.1923 -0.0079, 0.0541 0.2001 -0.0079, 0.066 0.205 -0.0079, 0.0787 0.2067 -0.0079, 0.0361 0.1821 -0.0079, 0.0439 0.1923 -0.0079, 0.128 0.1575 -0.0, 0.1263 0.1702 -0.0, 0.1214 0.1821 -0.0, 0.1135 0.1923 -0.0, 0.1033 0.2001 -0.0, 0.0915 0.205 -0.0, 0.0787 0.2067 -0.0, 0.066 0.205 -0.0, 0.0541 0.2001 -0.0, 0.0439 0.1923 -0.0, 0.0361 0.1821 -0.0, 0.0312 0.1702 -0.0, 0.0295 0.1575 -0.0, 0.0312 0.1447 -0.0, 0.0361 0.1329 -0.0, 0.0439 0.1227 -0.0, 0.0541 0.1149 -0.0, 0.066 0.1099 -0.0, 0.0787 0.1083 -0.0, 0.0915 0.1099 -0.0, 0.1033 0.1149 -0.0, 0.1135 0.1227 -0.0, 0.1214 0.1329 -0.0, 0.1263 0.1447 -0.0, 0.0361 -0.0246 -0.0079, 0.0312 -0.0127 -0.0079, 0.0787 0.0 -0.0079, 0.0295 0.0 -0.0079, 0.0312 0.0127 -0.0079, 0.066 -0.0475 -0.0079, 0.0541 -0.0426 -0.0079, 0.0439 -0.0348 -0.0079, 0.1033 -0.0426 -0.0079, 0.0915 -0.0475 -0.0079, 0.0787 -0.0492 -0.0079, 0.1263 -0.0127 -0.0079, 0.1214 -0.0246 -0.0079, 0.1135 -0.0348 -0.0079, 0.1214 0.0246 -0.0079, 0.1263 0.0127 -0.0079, 0.128 0.0 -0.0079, 0.0915 0.0475 -0.0079, 0.1033 0.0426 -0.0079, 0.1135 0.0348 -0.0079, 0.0541 0.0426 -0.0079, 0.066 0.0475 -0.0079, 0.0787 0.0492 -0.0079, 0.0361 0.0246 -0.0079, 0.0439 0.0348 -0.0079, 0.128 0.0 -0.0, 0.1263 0.0127 -0.0, 0.1214 0.0246 -0.0, 0.1135 0.0348 -0.0, 0.1033 0.0426 -0.0, 0.0915 0.0475 -0.0, 0.0787 0.0492 -0.0, 0.066 0.0475 -0.0, 0.0541 0.0426 -0.0, 0.0439 0.0348 -0.0, 0.0361 0.0246 -0.0, 0.0312 0.0127 -0.0, 0.0295 0.0 -0.0, 0.0312 -0.0127 -0.0, 0.0361 -0.0246 -0.0, 0.0439 -0.0348 -0.0, 0.0541 -0.0426 -0.0, 0.066 -0.0475 -0.0, 0.0787 -0.0492 -0.0, 0.0915 -0.0475 -0.0, 0.1033 -0.0426 -0.0, 0.1135 -0.0348 -0.0, 0.1214 -0.0246 -0.0, 0.1263 -0.0127 -0.0, 0.0361 -0.1821 -0.0079, 0.0312 -0.1702 -0.0079, 0.0787 -0.1575 -0.0079, 0.0295 -0.1575 -0.0079, 0.0312 -0.1447 -0.0079, 0.066 -0.205 -0.0079, 0.0541 -0.2001 -0.0079, 0.0439 -0.1923 -0.0079, 0.1033 -0.2001 -0.0079, 0.0915 -0.205 -0.0079, 0.0787 -0.2067 -0.0079, 0.1263 -0.1702 -0.0079, 0.1214 -0.1821 -0.0079, 0.1135 -0.1923 -0.0079, 0.1214 -0.1329 -0.0079, 0.1263 -0.1447 -0.0079, 0.128 -0.1575 -0.0079, 0.0915 -0.1099 -0.0079, 0.1033 -0.1149 -0.0079, 0.1135 -0.1227 -0.0079, 0.0541 -0.1149 -0.0079, 0.066 -0.1099 -0.0079, 0.0787 -0.1083 -0.0079, 0.0361 -0.1329 -0.0079, 0.0439 -0.1227 -0.0079, 0.128 -0.1575 -0.0, 0.1263 -0.1447 -0.0, 0.1214 -0.1329 -0.0, 0.1135 -0.1227 -0.0, 0.1033 -0.1149 -0.0, 0.0915 -0.1099 -0.0, 0.0787 -0.1083 -0.0, 0.066 -0.1099 -0.0, 0.0541 -0.1149 -0.0, 0.0439 -0.1227 -0.0, 0.0361 -0.1329 -0.0, 0.0312 -0.1447 -0.0, 0.0295 -0.1575 -0.0, 0.0312 -0.1702 -0.0, 0.0361 -0.1821 -0.0, 0.0439 -0.1923 -0.0, 0.0541 -0.2001 -0.0, 0.066 -0.205 -0.0, 0.0787 -0.2067 -0.0, 0.0915 -0.205 -0.0, 0.1033 -0.2001 -0.0, 0.1135 -0.1923 -0.0, 0.1214 -0.1821 -0.0, 0.1263 -0.1702 -0.0, -0.1214 0.1329 -0.0079, -0.1263 0.1447 -0.0079, -0.0787 0.1575 -0.0079, -0.128 0.1575 -0.0079, -0.1263 0.1702 -0.0079, -0.0915 0.1099 -0.0079, -0.1033 0.1149 -0.0079, -0.1135 0.1227 -0.0079, -0.0541 0.1149 -0.0079, -0.066 0.1099 -0.0079, -0.0787 0.1083 -0.0079, -0.0312 0.1447 -0.0079, -0.0361 0.1329 -0.0079, -0.0439 0.1227 -0.0079, -0.0361 0.1821 -0.0079, -0.0312 0.1702 -0.0079, -0.0295 0.1575 -0.0079, -0.066 0.205 -0.0079, -0.0541 0.2001 -0.0079, -0.0439 0.1923 -0.0079, -0.1033 0.2001 -0.0079, -0.0915 0.205 -0.0079, -0.0787 0.2067 -0.0079, -0.1214 0.1821 -0.0079, -0.1135 0.1923 -0.0079, -0.0295 0.1575 -0.0, -0.0312 0.1702 -0.0, -0.0361 0.1821 -0.0, -0.0439 0.1923 -0.0, -0.0541 0.2001 -0.0, -0.066 0.205 -0.0, -0.0787 0.2067 -0.0, -0.0915 0.205 -0.0, -0.1033 0.2001 -0.0, -0.1135 0.1923 -0.0, -0.1214 0.1821 -0.0, -0.1263 0.1702 -0.0, -0.128 0.1575 -0.0, -0.1263 0.1447 -0.0, -0.1214 0.1329 -0.0, -0.1135 0.1227 -0.0, -0.1033 0.1149 -0.0, -0.0915 0.1099 -0.0, -0.0787 0.1083 -0.0, -0.066 0.1099 -0.0, -0.0541 0.1149 -0.0, -0.0439 0.1227 -0.0, -0.0361 0.1329 -0.0, -0.0312 0.1447 -0.0, -0.1214 -0.0246 -0.0079, -0.1263 -0.0127 -0.0079, -0.0787 0.0 -0.0079, -0.128 0.0 -0.0079, -0.1263 0.0127 -0.0079, -0.0915 -0.0475 -0.0079, -0.1033 -0.0426 -0.0079, -0.1135 -0.0348 -0.0079, -0.0541 -0.0426 -0.0079, -0.066 -0.0475 -0.0079, -0.0787 -0.0492 -0.0079, -0.0312 -0.0127 -0.0079, -0.0361 -0.0246 -0.0079, -0.0439 -0.0348 -0.0079, -0.0361 0.0246 -0.0079, -0.0312 0.0127 -0.0079, -0.0295 0.0 -0.0079, -0.066 0.0475 -0.0079, -0.0541 0.0426 -0.0079, -0.0439 0.0348 -0.0079, -0.1033 0.0426 -0.0079, -0.0915 0.0475 -0.0079, -0.0787 0.0492 -0.0079, -0.1214 0.0246 -0.0079, -0.1135 0.0348 -0.0079, -0.0295 0.0 -0.0, -0.0312 0.0127 -0.0, -0.0361 0.0246 -0.0, -0.0439 0.0348 -0.0, -0.0541 0.0426 -0.0, -0.066 0.0475 -0.0, -0.0787 0.0492 -0.0, -0.0915 0.0475 -0.0, -0.1033 0.0426 -0.0, -0.1135 0.0348 -0.0, -0.1214 0.0246 -0.0, -0.1263 0.0127 -0.0, -0.128 0.0 -0.0, -0.1263 -0.0127 -0.0, -0.1214 -0.0246 -0.0, -0.1135 -0.0348 -0.0, -0.1033 -0.0426 -0.0, -0.0915 -0.0475 -0.0, -0.0787 -0.0492 -0.0, -0.066 -0.0475 -0.0, -0.0541 -0.0426 -0.0, -0.0439 -0.0348 -0.0, -0.0361 -0.0246 -0.0, -0.0312 -0.0127 -0.0, -0.1214 -0.1821 -0.0079, -0.1263 -0.1702 -0.0079, -0.0787 -0.1575 -0.0079, -0.128 -0.1575 -0.0079, -0.1263 -0.1447 -0.0079, -0.0915 -0.205 -0.0079, -0.1033 -0.2001 -0.0079, -0.1135 -0.1923 -0.0079, -0.0541 -0.2001 -0.0079, -0.066 -0.205 -0.0079, -0.0787 -0.2067 -0.0079, -0.0312 -0.1702 -0.0079, -0.0361 -0.1821 -0.0079, -0.0439 -0.1923 -0.0079, -0.0361 -0.1329 -0.0079, -0.0312 -0.1447 -0.0079, -0.0295 -0.1575 -0.0079, -0.066 -0.1099 -0.0079, -0.0541 -0.1149 -0.0079, -0.0439 -0.1227 -0.0079, -0.1033 -0.1149 -0.0079, -0.0915 -0.1099 -0.0079, -0.0787 -0.1083 -0.0079, -0.1214 -0.1329 -0.0079, -0.1135 -0.1227 -0.0079, -0.0295 -0.1575 -0.0, -0.0312 -0.1447 -0.0, -0.0361 -0.1329 -0.0, -0.0439 -0.1227 -0.0, -0.0541 -0.1149 -0.0, -0.066 -0.1099 -0.0, -0.0787 -0.1083 -0.0, -0.0915 -0.1099 -0.0, -0.1033 -0.1149 -0.0, -0.1135 -0.1227 -0.0, -0.1214 -0.1329 -0.0, -0.1263 -0.1447 -0.0, -0.128 -0.1575 -0.0, -0.1263 -0.1702 -0.0, -0.1214 -0.1821 -0.0, -0.1135 -0.1923 -0.0, -0.1033 -0.2001 -0.0, -0.0915 -0.205 -0.0, -0.0787 -0.2067 -0.0, -0.066 -0.205 -0.0, -0.0541 -0.2001 -0.0, -0.0439 -0.1923 -0.0, -0.0361 -0.1821 -0.0, -0.0312 -0.1702 -0.0, -0.0312 -0.1702 -0.0
            ]
        }
        coordIndex [
            0,1,2,-1,2,1,3,-1,2,3,4,-1,5,6,2,-1,2,6,7,-1,2,7,0,-1,8,9,2,-1,2,9,10,-1,2,10,5,-1,11,12,2,-1,2,12,13,-1,2,13,8,-1,14,15,2,-1,2,15,16,-1,2,16,11,-1,17,18,2,-1,2,18,19,-1,2,19,14,-1,20,21,2,-1,2,21,22,-1,2,22,17,-1,4,23,2,-1,2,23,24,-1,2,24,20,-1,25,15,26,-1,26,15,14,-1,26,14,27,-1,27,14,19,-1,27,19,28,-1,28,19,18,-1,28,18,29,-1,29,18,17,-1,29,17,30,-1,30,17,22,-1,30,22,31,-1,31,22,21,-1,31,21,32,-1,32,21,20,-1,32,20,33,-1,33,20,24,-1,33,24,34,-1,34,24,23,-1,34,23,35,-1,35,23,4,-1,35,4,36,-1,36,4,3,-1,36,3,37,-1,37,3,1,-1,37,1,38,-1,38,1,0,-1,38,0,39,-1,39,0,7,-1,39,7,40,-1,40,7,6,-1,40,6,41,-1,41,6,5,-1,41,5,42,-1,42,5,10,-1,42,10,43,-1,43,10,9,-1,43,9,44,-1,44,9,8,-1,44,8,45,-1,45,8,13,-1,45,13,46,-1,46,13,12,-1,46,12,47,-1,47,12,11,-1,47,11,48,-1,48,11,16,-1,48,16,25,-1,25,16,15,-1,49,50,51,-1,51,50,52,-1,51,52,53,-1,54,55,51,-1,51,55,56,-1,51,56,49,-1,57,58,51,-1,51,58,59,-1,51,59,54,-1,60,61,51,-1,51,61,62,-1,51,62,57,-1,63,64,51,-1,51,64,65,-1,51,65,60,-1,66,67,51,-1,51,67,68,-1,51,68,63,-1,69,70,51,-1,51,70,71,-1,51,71,66,-1,53,72,51,-1,51,72,73,-1,51,73,69,-1,74,64,75,-1,75,64,63,-1,75,63,76,-1,76,63,68,-1,76,68,77,-1,77,68,67,-1,77,67,78,-1,78,67,66,-1,78,66,79,-1,79,66,71,-1,79,71,80,-1,80,71,70,-1,80,70,81,-1,81,70,69,-1,81,69,82,-1,82,69,73,-1,82,73,83,-1,83,73,72,-1,83,72,84,-1,84,72,53,-1,84,53,85,-1,85,53,52,-1,85,52,86,-1,86,52,50,-1,86,50,87,-1,87,50,49,-1,87,49,88,-1,88,49,56,-1,88,56,89,-1,89,56,55,-1,89,55,90,-1,90,55,54,-1,90,54,91,-1,91,54,59,-1,91,59,92,-1,92,59,58,-1,92,58,93,-1,93,58,57,-1,93,57,94,-1,94,57,62,-1,94,62,95,-1,95,62,61,-1,95,61,96,-1,96,61,60,-1,96,60,97,-1,97,60,65,-1,97,65,74,-1,74,65,64,-1,98,99,100,-1,100,99,101,-1,100,101,102,-1,103,104,100,-1,100,104,105,-1,100,105,98,-1,106,107,100,-1,100,107,108,-1,100,108,103,-1,109,110,100,-1,100,110,111,-1,100,111,106,-1,112,113,100,-1,100,113,114,-1,100,114,109,-1,115,116,100,-1,100,116,117,-1,100,117,112,-1,118,119,100,-1,100,119,120,-1,100,120,115,-1,102,121,100,-1,100,121,122,-1,100,122,118,-1,123,113,124,-1,124,113,112,-1,124,112,125,-1,125,112,117,-1,125,117,126,-1,126,117,116,-1,126,116,127,-1,127,116,115,-1,127,115,128,-1,128,115,120,-1,128,120,129,-1,129,120,119,-1,129,119,130,-1,130,119,118,-1,130,118,131,-1,131,118,122,-1,131,122,132,-1,132,122,121,-1,132,121,133,-1,133,121,102,-1,133,102,134,-1,134,102,101,-1,134,101,135,-1,135,101,99,-1,135,99,136,-1,136,99,98,-1,136,98,137,-1,137,98,105,-1,137,105,138,-1,138,105,104,-1,138,104,139,-1,139,104,103,-1,139,103,140,-1,140,103,108,-1,140,108,141,-1,141,108,107,-1,141,107,142,-1,142,107,106,-1,142,106,143,-1,143,106,111,-1,143,111,144,-1,144,111,110,-1,144,110,145,-1,145,110,109,-1,145,109,146,-1,146,109,114,-1,146,114,123,-1,123,114,113,-1,147,148,149,-1,149,148,150,-1,149,150,151,-1,152,153,149,-1,149,153,154,-1,149,154,147,-1,155,156,149,-1,149,156,157,-1,149,157,152,-1,158,159,149,-1,149,159,160,-1,149,160,155,-1,161,162,149,-1,149,162,163,-1,149,163,158,-1,164,165,149,-1,149,165,166,-1,149,166,161,-1,167,168,149,-1,149,168,169,-1,149,169,164,-1,151,170,149,-1,149,170,171,-1,149,171,167,-1,172,162,173,-1,173,162,161,-1,173,161,174,-1,174,161,166,-1,174,166,175,-1,175,166,165,-1,175,165,176,-1,176,165,164,-1,176,164,177,-1,177,164,169,-1,177,169,178,-1,178,169,168,-1,178,168,179,-1,179,168,167,-1,179,167,180,-1,180,167,171,-1,180,171,181,-1,181,171,170,-1,181,170,182,-1,182,170,151,-1,182,151,183,-1,183,151,150,-1,183,150,184,-1,184,150,148,-1,184,148,185,-1,185,148,147,-1,185,147,186,-1,186,147,154,-1,186,154,187,-1,187,154,153,-1,187,153,188,-1,188,153,152,-1,188,152,189,-1,189,152,157,-1,189,157,190,-1,190,157,156,-1,190,156,191,-1,191,156,155,-1,191,155,192,-1,192,155,160,-1,192,160,193,-1,193,160,159,-1,193,159,194,-1,194,159,158,-1,194,158,195,-1,195,158,163,-1,195,163,172,-1,172,163,162,-1,196,197,198,-1,198,197,199,-1,198,199,200,-1,201,202,198,-1,198,202,203,-1,198,203,196,-1,204,205,198,-1,198,205,206,-1,198,206,201,-1,207,208,198,-1,198,208,209,-1,198,209,204,-1,210,211,198,-1,198,211,212,-1,198,212,207,-1,213,214,198,-1,198,214,215,-1,198,215,210,-1,216,217,198,-1,198,217,218,-1,198,218,213,-1,200,219,198,-1,198,219,220,-1,198,220,216,-1,221,211,222,-1,222,211,210,-1,222,210,223,-1,223,210,215,-1,223,215,224,-1,224,215,214,-1,224,214,225,-1,225,214,213,-1,225,213,226,-1,226,213,218,-1,226,218,227,-1,227,218,217,-1,227,217,228,-1,228,217,216,-1,228,216,229,-1,229,216,220,-1,229,220,230,-1,230,220,219,-1,230,219,231,-1,231,219,200,-1,231,200,232,-1,232,200,199,-1,232,199,233,-1,233,199,197,-1,233,197,234,-1,234,197,196,-1,234,196,235,-1,235,196,203,-1,235,203,236,-1,236,203,202,-1,236,202,237,-1,237,202,201,-1,237,201,238,-1,238,201,206,-1,238,206,239,-1,239,206,205,-1,239,205,240,-1,240,205,204,-1,240,204,241,-1,241,204,209,-1,241,209,242,-1,242,209,208,-1,242,208,243,-1,243,208,207,-1,243,207,244,-1,244,207,212,-1,244,212,221,-1,221,212,211,-1,245,246,247,-1,247,246,248,-1,247,248,249,-1,250,251,247,-1,247,251,252,-1,247,252,245,-1,253,254,247,-1,247,254,255,-1,247,255,250,-1,256,257,247,-1,247,257,258,-1,247,258,253,-1,259,260,247,-1,247,260,261,-1,247,261,256,-1,262,263,247,-1,247,263,264,-1,247,264,259,-1,265,266,247,-1,247,266,267,-1,247,267,262,-1,249,268,247,-1,247,268,269,-1,247,269,265,-1,270,260,271,-1,271,260,259,-1,271,259,272,-1,272,259,264,-1,272,264,273,-1,273,264,263,-1,273,263,274,-1,274,263,262,-1,274,262,275,-1,275,262,267,-1,275,267,276,-1,276,267,266,-1,276,266,277,-1,277,266,265,-1,277,265,278,-1,278,265,269,-1,278,269,279,-1,279,269,268,-1,279,268,280,-1,280,268,249,-1,280,249,281,-1,281,249,248,-1,281,248,282,-1,282,248,246,-1,282,246,283,-1,283,246,245,-1,283,245,284,-1,284,245,252,-1,284,252,285,-1,285,252,251,-1,285,251,286,-1,286,251,250,-1,286,250,287,-1,287,250,255,-1,287,255,288,-1,288,255,254,-1,288,254,289,-1,289,254,253,-1,289,253,290,-1,290,253,258,-1,290,258,291,-1,291,258,257,-1,291,257,292,-1,292,257,256,-1,292,256,293,-1,293,256,261,-1,293,261,270,-1,270,261,260,-1,294,295,296,-1,296,295,297,-1,296,297,298,-1,299,300,296,-1,296,300,301,-1,296,301,294,-1,302,303,296,-1,296,303,304,-1,296,304,299,-1,305,306,296,-1,296,306,307,-1,296,307,302,-1,308,309,296,-1,296,309,310,-1,296,310,305,-1,311,312,296,-1,296,312,313,-1,296,313,308,-1,314,315,296,-1,296,315,316,-1,296,316,311,-1,298,317,296,-1,296,317,318,-1,296,318,314,-1,319,309,320,-1,320,309,308,-1,320,308,321,-1,321,308,313,-1,321,313,322,-1,322,313,312,-1,322,312,323,-1,323,312,311,-1,323,311,324,-1,324,311,316,-1,324,316,325,-1,325,316,315,-1,325,315,326,-1,326,315,314,-1,326,314,327,-1,327,314,318,-1,327,318,328,-1,328,318,317,-1,328,317,329,-1,329,317,298,-1,329,298,330,-1,330,298,297,-1,330,297,331,-1,331,297,295,-1,331,295,332,-1,332,295,294,-1,332,294,333,-1,333,294,301,-1,333,301,334,-1,334,301,300,-1,334,300,335,-1,335,300,299,-1,335,299,336,-1,336,299,304,-1,336,304,337,-1,337,304,303,-1,337,303,338,-1,338,303,302,-1,338,302,339,-1,339,302,307,-1,339,307,340,-1,340,307,306,-1,340,306,341,-1,341,306,305,-1,341,305,342,-1,342,305,310,-1,342,310,319,-1,319,310,309,-1,343,344,345,-1,345,344,346,-1,345,346,347,-1,348,349,345,-1,345,349,350,-1,345,350,343,-1,351,352,345,-1,345,352,353,-1,345,353,348,-1,354,355,345,-1,345,355,356,-1,345,356,351,-1,357,358,345,-1,345,358,359,-1,345,359,354,-1,360,361,345,-1,345,361,362,-1,345,362,357,-1,363,364,345,-1,345,364,365,-1,345,365,360,-1,347,366,345,-1,345,366,367,-1,345,367,363,-1,368,358,369,-1,369,358,357,-1,369,357,370,-1,370,357,362,-1,370,362,371,-1,371,362,361,-1,371,361,372,-1,372,361,360,-1,372,360,373,-1,373,360,365,-1,373,365,374,-1,374,365,364,-1,374,364,375,-1,375,364,363,-1,375,363,376,-1,376,363,367,-1,376,367,377,-1,377,367,366,-1,377,366,378,-1,378,366,347,-1,378,347,379,-1,379,347,346,-1,379,346,380,-1,380,346,344,-1,380,344,381,-1,381,344,343,-1,381,343,382,-1,382,343,350,-1,382,350,383,-1,383,350,349,-1,383,349,384,-1,384,349,348,-1,384,348,385,-1,385,348,353,-1,385,353,386,-1,386,353,352,-1,386,352,387,-1,387,352,351,-1,387,351,388,-1,388,351,356,-1,388,356,389,-1,389,356,355,-1,389,355,390,-1,390,355,354,-1,390,354,391,-1,391,354,359,-1,391,359,368,-1,368,359,358,-1,392,393,394,-1,394,393,395,-1,394,395,396,-1,397,398,394,-1,394,398,399,-1,394,399,392,-1,400,401,394,-1,394,401,402,-1,394,402,397,-1,403,404,394,-1,394,404,405,-1,394,405,400,-1,406,407,394,-1,394,407,408,-1,394,408,403,-1,409,410,394,-1,394,410,411,-1,394,411,406,-1,412,413,394,-1,394,413,414,-1,394,414,409,-1,396,415,394,-1,394,415,416,-1,394,416,412,-1,417,407,418,-1,418,407,406,-1,418,406,419,-1,419,406,411,-1,419,411,420,-1,420,411,410,-1,420,410,421,-1,421,410,409,-1,421,409,422,-1,422,409,414,-1,422,414,423,-1,423,414,413,-1,423,413,424,-1,424,413,412,-1,424,412,425,-1,425,412,416,-1,425,416,426,-1,426,416,415,-1,426,415,427,-1,427,415,396,-1,427,396,428,-1,428,396,395,-1,428,395,429,-1,429,395,393,-1,429,393,430,-1,430,393,392,-1,430,392,431,-1,431,392,399,-1,431,399,432,-1,432,399,398,-1,432,398,433,-1,433,398,397,-1,433,397,434,-1,434,397,402,-1,434,402,435,-1,435,402,401,-1,435,401,436,-1,436,401,400,-1,436,400,437,-1,437,400,405,-1,437,405,438,-1,438,405,404,-1,438,404,439,-1,439,404,403,-1,439,403,440,-1,440,403,408,-1,440,408,417,-1,417,408,407,-1,
        ]
    }
}
Shape{
    appearance Appearance {
        material  Material 	{
            diffuseColor 0.20784313725490197 0.20784313725490197 0.20784313725490197
            specularColor 0.01568627450980392 0.01568627450980392 0.01568627450980392
            ambientIntensity 0.2
            transparency 0
            shininess 0.5
        }
    }
    geometry IndexedFaceSet {
        ccw TRUE
        solid FALSE
        coord DEF co Coordinate {
            point [
                0.3543 -0.2559 0.0, 0.3543 -0.2313 0.0, 0.3543 -0.2559 0.2087, 0.3543 -0.0787 0.0, 0.3543 0.2559 0.2087, 0.3543 0.0787 0.0, 0.3543 0.2559 0.0, -0.1575 0.2559 0.0, -0.3543 0.2559 0.0, -0.3543 0.2559 0.2087, 0.3199 0.2559 0.0, 0.1575 0.2559 0.0, 0.0 0.2559 0.0, -0.3543 -0.2313 0.0, -0.3543 -0.2559 0.0, -0.3543 -0.2559 0.2087, -0.3543 0.0787 0.0, -0.3543 -0.0787 0.0, 0.0 -0.2559 0.0, -0.1575 -0.2559 0.0, 0.1575 -0.2559 0.0, 0.3199 -0.2559 0.0, 0.3199 -0.2559 0.0
            ]
        }
        coordIndex [
            0,1,2,-1,2,1,3,-1,2,3,4,-1,4,3,5,-1,4,5,6,-1,7,8,9,-1,6,10,4,-1,4,10,11,-1,4,11,9,-1,9,11,12,-1,9,12,7,-1,13,14,15,-1,9,8,16,-1,9,16,15,-1,15,16,17,-1,15,17,13,-1,18,2,19,-1,19,2,15,-1,19,15,14,-1,18,20,2,-1,2,20,21,-1,2,21,0,-1,
        ]
    }
}
Shape{
    appearance Appearance {
        material  Material 	{
            diffuseColor 0.0 0.35294117647058826 0.0
            specularColor 0.0 0.023529411764705882 0.0
            ambientIntensity 0.2
            transparency 0
            shininess 0.5
        }
    }
    geometry IndexedFaceSet {
        ccw TRUE
        solid FALSE
        coord DEF co Coordinate {
            point [
                -0.3543 -0.2559 0.0, -0.3543 -0.2313 0.0, -0.1575 -0.2313 0.0, -0.1575 0.0787 0.0, -0.187 0.1437 0.0, -0.1575 0.2559 0.0, -0.187 0.2067 0.0, -0.3543 0.2559 0.0, -0.2854 0.2067 0.0, -0.3543 0.0787 0.0, -0.2854 0.1083 0.0, -0.2224 0.1083 0.0, -0.1033 0.2001 -0.0, -0.1135 0.1923 -0.0, -0.1214 0.1821 -0.0, -0.1214 0.1329 -0.0, -0.1135 0.1227 -0.0, -0.1033 0.1149 -0.0, -0.1263 0.1702 -0.0, -0.128 0.1575 -0.0, -0.1263 0.1447 -0.0, -0.0361 0.1821 -0.0, -0.0439 0.1923 -0.0, 0.0 0.2559 0.0, -0.0541 0.2001 -0.0, -0.066 0.1099 -0.0, 0.0 0.0787 0.0, -0.0787 0.1083 -0.0, -0.0915 0.1099 -0.0, -0.0541 0.1149 -0.0, -0.0439 0.1227 -0.0, -0.0361 0.1329 -0.0, -0.066 0.205 -0.0, -0.0787 0.2067 -0.0, -0.0915 0.205 -0.0, -0.0312 0.1447 -0.0, -0.0295 0.1575 -0.0, -0.0312 0.1702 -0.0, 0.0541 0.2001 -0.0, 0.0439 0.1923 -0.0, 0.0361 0.1821 -0.0, 0.0361 0.1329 -0.0, 0.0439 0.1227 -0.0, 0.0541 0.1149 -0.0, 0.1033 0.2001 -0.0, 0.0915 0.205 -0.0, 0.1575 0.2559 0.0, 0.0787 0.2067 -0.0, 0.066 0.205 -0.0, 0.0312 0.1702 -0.0, 0.0295 0.1575 -0.0, 0.0312 0.1447 -0.0, 0.1033 0.1149 -0.0, 0.1135 0.1227 -0.0, 0.1575 0.0787 0.0, 0.1263 0.1702 -0.0, 0.128 0.1575 -0.0, 0.1214 0.1821 -0.0, 0.1135 0.1923 -0.0, 0.066 0.1099 -0.0, 0.0787 0.1083 -0.0, 0.0915 0.1099 -0.0, 0.1214 0.1329 -0.0, 0.1263 0.1447 -0.0, 0.2788 0.1821 -0.0, 0.271 0.1923 -0.0, 0.3199 0.2559 0.0, 0.2608 0.1149 -0.0, 0.271 0.1227 -0.0, 0.3199 0.0787 0.0, 0.2235 0.205 -0.0, 0.2116 0.2001 -0.0, 0.2014 0.1923 -0.0, 0.1936 0.1821 -0.0, 0.2854 0.1575 -0.0, 0.2838 0.1702 -0.0, 0.2608 0.2001 -0.0, 0.249 0.205 -0.0, 0.2362 0.2067 -0.0, 0.2116 0.1149 -0.0, 0.2014 0.1227 -0.0, 0.1936 0.1329 -0.0, 0.2788 0.1329 -0.0, 0.2838 0.1447 -0.0, 0.1887 0.1702 -0.0, 0.187 0.1575 -0.0, 0.1887 0.1447 -0.0, 0.2235 0.1099 -0.0, 0.2362 0.1083 -0.0, 0.249 0.1099 -0.0, -0.187 0.0 0.0, -0.1887 0.0127 0.0, -0.2608 -0.0426 0.0, -0.3543 -0.0787 0.0, -0.271 -0.0348 0.0, -0.2788 -0.0246 0.0, -0.2608 0.0426 0.0, -0.271 0.0348 0.0, -0.2788 0.0246 0.0, -0.1575 -0.0787 0.0, -0.2116 -0.0426 0.0, -0.2014 -0.0348 0.0, -0.1936 0.0246 0.0, -0.2014 0.0348 0.0, -0.2116 0.0426 0.0, -0.2838 0.0127 0.0, -0.2854 0.0 0.0, -0.2838 -0.0127 0.0, -0.2235 0.0475 0.0, -0.2362 0.0492 0.0, -0.249 0.0475 0.0, -0.1936 -0.0246 0.0, -0.1887 -0.0127 0.0, -0.249 -0.0475 0.0, -0.2362 -0.0492 0.0, -0.2235 -0.0475 0.0, -0.128 0.0 -0.0, -0.1263 -0.0127 -0.0, -0.1214 -0.0246 -0.0, -0.1135 -0.0348 -0.0, -0.1033 -0.0426 -0.0, -0.0541 -0.0426 -0.0, -0.0439 -0.0348 -0.0, 0.0 -0.0787 0.0, -0.0915 -0.0475 -0.0, -0.0787 -0.0492 -0.0, -0.066 -0.0475 -0.0, -0.0361 -0.0246 -0.0, -0.0312 -0.0127 -0.0, -0.0295 0.0 -0.0, -0.1033 0.0426 -0.0, -0.1135 0.0348 -0.0, -0.0312 0.0127 -0.0, -0.1214 0.0246 -0.0, -0.1263 0.0127 -0.0, -0.0361 0.0246 -0.0, -0.0439 0.0348 -0.0, -0.0541 0.0426 -0.0, -0.066 0.0475 -0.0, -0.0787 0.0492 -0.0, -0.0915 0.0475 -0.0, 0.0312 -0.0127 -0.0, 0.0361 -0.0246 -0.0, 0.0787 -0.0492 -0.0, 0.0915 -0.0475 -0.0, 0.1575 -0.0787 0.0, 0.0295 0.0 -0.0, 0.0439 -0.0348 -0.0, 0.0541 -0.0426 -0.0, 0.066 -0.0475 -0.0, 0.1033 -0.0426 -0.0, 0.1135 -0.0348 -0.0, 0.1214 -0.0246 -0.0, 0.1135 0.0348 -0.0, 0.1033 0.0426 -0.0, 0.0541 0.0426 -0.0, 0.0439 0.0348 -0.0, 0.1214 0.0246 -0.0, 0.0361 0.0246 -0.0, 0.0312 0.0127 -0.0, 0.1263 -0.0127 -0.0, 0.128 0.0 -0.0, 0.1263 0.0127 -0.0, 0.0915 0.0475 -0.0, 0.0787 0.0492 -0.0, 0.066 0.0475 -0.0, 0.2116 -0.0426 -0.0, 0.2014 -0.0348 -0.0, 0.1936 -0.0246 -0.0, 0.2116 0.0426 -0.0, 0.2014 0.0348 -0.0, 0.1936 0.0246 -0.0, 0.2788 0.0246 -0.0, 0.271 0.0348 -0.0, 0.2608 0.0426 -0.0, 0.1887 0.0127 -0.0, 0.187 0.0 -0.0, 0.1887 -0.0127 -0.0, 0.2608 -0.0426 -0.0, 0.271 -0.0348 -0.0, 0.3199 -0.0787 0.0, 0.2788 -0.0246 -0.0, 0.249 0.0475 -0.0, 0.2362 0.0492 -0.0, 0.2235 0.0475 -0.0, 0.2235 -0.0475 -0.0, 0.2362 -0.0492 -0.0, 0.249 -0.0475 -0.0, 0.2838 -0.0127 -0.0, 0.2854 0.0 -0.0, 0.2838 0.0127 -0.0, -0.2116 -0.2001 0.0, -0.2014 -0.1923 0.0, -0.1936 -0.1821 0.0, -0.1887 -0.1702 0.0, -0.187 -0.1575 0.0, -0.1887 -0.1447 0.0, -0.2608 -0.1149 0.0, -0.271 -0.1227 0.0, -0.2838 -0.1702 0.0, -0.2788 -0.1821 0.0, -0.271 -0.1923 0.0, -0.2608 -0.2001 0.0, -0.249 -0.205 0.0, -0.2362 -0.2067 0.0, -0.2235 -0.205 0.0, -0.1936 -0.1329 0.0, -0.2014 -0.1227 0.0, -0.2116 -0.1149 0.0, -0.2788 -0.1329 0.0, -0.2838 -0.1447 0.0, -0.2854 -0.1575 0.0, -0.2235 -0.1099 0.0, -0.2362 -0.1083 0.0, -0.249 -0.1099 0.0, -0.0541 -0.2001 -0.0, -0.0439 -0.1923 -0.0, 0.0 -0.2313 0.0, -0.128 -0.1575 -0.0, -0.1263 -0.1702 -0.0, -0.1214 -0.1821 -0.0, -0.1135 -0.1923 -0.0, -0.1033 -0.2001 -0.0, -0.0915 -0.205 -0.0, -0.0787 -0.2067 -0.0, -0.066 -0.205 -0.0, -0.1033 -0.1149 -0.0, -0.1135 -0.1227 -0.0, -0.0295 -0.1575 -0.0, -0.0312 -0.1447 -0.0, -0.1214 -0.1329 -0.0, -0.1263 -0.1447 -0.0, -0.0361 -0.1821 -0.0, -0.0312 -0.1702 -0.0, -0.0361 -0.1329 -0.0, -0.0439 -0.1227 -0.0, -0.0541 -0.1149 -0.0, -0.066 -0.1099 -0.0, -0.0787 -0.1083 -0.0, -0.0915 -0.1099 -0.0, 0.0295 -0.1575 -0.0, 0.0312 -0.1702 -0.0, 0.0361 -0.1821 -0.0, 0.0439 -0.1923 -0.0, 0.0541 -0.2001 -0.0, 0.0915 -0.205 -0.0, 0.1575 -0.2313 0.0, 0.0787 -0.2067 -0.0, 0.066 -0.205 -0.0, 0.1033 -0.2001 -0.0, 0.1135 -0.1923 -0.0, 0.1214 -0.1821 -0.0, 0.1263 -0.1702 -0.0, 0.128 -0.1575 -0.0, 0.1263 -0.1447 -0.0, 0.1214 -0.1329 -0.0, 0.1135 -0.1227 -0.0, 0.1033 -0.1149 -0.0, 0.0915 -0.1099 -0.0, 0.0787 -0.1083 -0.0, 0.066 -0.1099 -0.0, 0.0541 -0.1149 -0.0, 0.0439 -0.1227 -0.0, 0.0361 -0.1329 -0.0, 0.0312 -0.1447 -0.0, 0.2608 -0.2001 -0.0, 0.271 -0.1923 -0.0, 0.3199 -0.2313 0.0, 0.2788 -0.1821 -0.0, 0.2116 -0.2001 -0.0, 0.2014 -0.1923 -0.0, 0.1936 -0.1821 -0.0, 0.2116 -0.1149 -0.0, 0.2014 -0.1227 -0.0, 0.1936 -0.1329 -0.0, 0.2235 -0.205 -0.0, 0.2362 -0.2067 -0.0, 0.249 -0.205 -0.0, 0.2838 -0.1447 -0.0, 0.2854 -0.1575 -0.0, 0.2838 -0.1702 -0.0, 0.2788 -0.1329 -0.0, 0.271 -0.1227 -0.0, 0.2608 -0.1149 -0.0, 0.1887 -0.1447 -0.0, 0.187 -0.1575 -0.0, 0.1887 -0.1702 -0.0, 0.249 -0.1099 -0.0, 0.2362 -0.1083 -0.0, 0.2235 -0.1099 -0.0, 0.3543 0.2559 0.0, 0.3543 0.0787 0.0, 0.3543 -0.0787 0.0, 0.3543 -0.2313 0.0, -0.1575 -0.2559 0.0, 0.0 -0.2559 0.0, 0.1575 -0.2559 0.0, 0.3199 -0.2559 0.0, 0.3543 -0.2559 0.0, 0.3543 -0.2559 0.0
            ]
        }
        coordIndex [
            0,1,2,-1,3,4,5,-1,5,4,6,-1,5,6,7,-1,7,6,8,-1,7,8,9,-1,9,8,10,-1,9,10,3,-1,3,10,11,-1,3,11,4,-1,12,13,5,-1,5,13,14,-1,15,16,3,-1,3,16,17,-1,14,18,5,-1,5,18,19,-1,5,19,3,-1,3,19,20,-1,3,20,15,-1,21,22,23,-1,23,22,24,-1,25,26,27,-1,27,26,3,-1,27,3,28,-1,28,3,17,-1,25,29,26,-1,26,29,30,-1,26,30,31,-1,24,32,23,-1,23,32,33,-1,23,33,5,-1,5,33,34,-1,5,34,12,-1,31,35,26,-1,26,35,36,-1,26,36,23,-1,23,36,37,-1,23,37,21,-1,38,39,23,-1,23,39,40,-1,41,42,26,-1,26,42,43,-1,44,45,46,-1,46,45,47,-1,46,47,23,-1,23,47,48,-1,23,48,38,-1,40,49,23,-1,23,49,50,-1,23,50,26,-1,26,50,51,-1,26,51,41,-1,52,53,54,-1,55,46,56,-1,56,46,54,-1,55,57,46,-1,46,57,58,-1,46,58,44,-1,43,59,26,-1,26,59,60,-1,26,60,54,-1,54,60,61,-1,54,61,52,-1,53,62,54,-1,54,62,63,-1,54,63,56,-1,64,65,66,-1,67,68,69,-1,70,71,46,-1,46,71,72,-1,46,72,73,-1,69,74,66,-1,66,74,75,-1,66,75,64,-1,65,76,66,-1,66,76,77,-1,66,77,46,-1,46,77,78,-1,46,78,70,-1,79,54,80,-1,80,54,81,-1,68,82,69,-1,69,82,83,-1,69,83,74,-1,73,84,46,-1,46,84,85,-1,46,85,54,-1,54,85,86,-1,54,86,81,-1,79,87,54,-1,54,87,88,-1,54,88,69,-1,69,88,89,-1,69,89,67,-1,90,91,3,-1,92,93,94,-1,94,93,95,-1,96,97,9,-1,9,97,98,-1,99,100,101,-1,91,102,3,-1,3,102,103,-1,3,103,104,-1,98,105,9,-1,9,105,106,-1,9,106,93,-1,93,106,107,-1,93,107,95,-1,104,108,3,-1,3,108,109,-1,3,109,9,-1,9,109,110,-1,9,110,96,-1,101,111,99,-1,99,111,112,-1,99,112,90,-1,92,113,93,-1,93,113,114,-1,93,114,99,-1,99,114,115,-1,99,115,100,-1,90,3,99,-1,99,3,116,-1,99,116,117,-1,117,118,99,-1,99,118,119,-1,99,119,120,-1,121,122,123,-1,120,124,99,-1,99,124,125,-1,99,125,123,-1,123,125,126,-1,123,126,121,-1,122,127,123,-1,123,127,128,-1,123,128,129,-1,3,130,131,-1,129,132,26,-1,131,133,3,-1,3,133,134,-1,3,134,116,-1,132,135,26,-1,26,135,136,-1,26,136,137,-1,137,138,26,-1,26,138,139,-1,26,139,3,-1,3,139,140,-1,3,140,130,-1,141,142,123,-1,143,144,145,-1,129,26,123,-1,123,26,146,-1,123,146,141,-1,142,147,123,-1,123,147,148,-1,123,148,149,-1,144,150,145,-1,145,150,151,-1,145,151,152,-1,153,154,54,-1,155,156,26,-1,153,54,157,-1,156,158,26,-1,26,158,159,-1,26,159,146,-1,152,160,145,-1,145,160,161,-1,145,161,54,-1,54,161,162,-1,54,162,157,-1,154,163,54,-1,54,163,164,-1,54,164,26,-1,26,164,165,-1,26,165,155,-1,166,145,167,-1,167,145,168,-1,169,170,54,-1,54,170,171,-1,172,173,69,-1,69,173,174,-1,171,175,54,-1,54,175,176,-1,54,176,145,-1,145,176,177,-1,145,177,168,-1,178,179,180,-1,180,179,181,-1,174,182,69,-1,69,182,183,-1,69,183,54,-1,54,183,184,-1,54,184,169,-1,166,185,145,-1,145,185,186,-1,145,186,180,-1,180,186,187,-1,180,187,178,-1,181,188,180,-1,180,188,189,-1,180,189,69,-1,69,189,190,-1,69,190,172,-1,191,192,2,-1,192,193,2,-1,2,193,194,-1,2,194,195,-1,195,196,99,-1,197,198,93,-1,199,200,1,-1,1,200,201,-1,1,201,202,-1,202,203,1,-1,1,203,204,-1,1,204,2,-1,2,204,205,-1,2,205,191,-1,196,206,99,-1,99,206,207,-1,99,207,208,-1,198,209,93,-1,93,209,210,-1,93,210,1,-1,1,210,211,-1,1,211,199,-1,208,212,99,-1,99,212,213,-1,99,213,93,-1,93,213,214,-1,93,214,197,-1,215,216,217,-1,195,99,2,-1,2,99,218,-1,2,218,219,-1,219,220,2,-1,2,220,221,-1,2,221,222,-1,222,223,2,-1,2,223,224,-1,2,224,217,-1,217,224,225,-1,217,225,215,-1,99,226,227,-1,228,229,123,-1,227,230,99,-1,99,230,231,-1,99,231,218,-1,216,232,217,-1,217,232,233,-1,217,233,228,-1,229,234,123,-1,123,234,235,-1,123,235,236,-1,236,237,123,-1,123,237,238,-1,123,238,99,-1,99,238,239,-1,99,239,226,-1,228,123,217,-1,217,123,240,-1,217,240,241,-1,241,242,217,-1,217,242,243,-1,217,243,244,-1,245,246,247,-1,247,246,217,-1,247,217,248,-1,248,217,244,-1,245,249,246,-1,246,249,250,-1,246,250,251,-1,251,252,246,-1,246,252,253,-1,246,253,145,-1,145,253,254,-1,145,254,255,-1,255,256,145,-1,145,256,257,-1,145,257,258,-1,258,259,145,-1,145,259,123,-1,145,123,143,-1,143,123,149,-1,259,260,123,-1,123,260,261,-1,123,261,262,-1,262,263,123,-1,123,263,264,-1,123,264,240,-1,265,266,267,-1,267,266,268,-1,269,246,270,-1,270,246,271,-1,272,273,145,-1,145,273,274,-1,269,275,246,-1,246,275,276,-1,246,276,267,-1,267,276,277,-1,267,277,265,-1,278,180,279,-1,279,180,267,-1,279,267,280,-1,280,267,268,-1,278,281,180,-1,180,281,282,-1,180,282,283,-1,274,284,145,-1,145,284,285,-1,145,285,246,-1,246,285,286,-1,246,286,271,-1,283,287,180,-1,180,287,288,-1,180,288,145,-1,145,288,289,-1,145,289,272,-1,66,290,69,-1,69,290,291,-1,69,291,180,-1,180,291,292,-1,180,292,267,-1,267,292,293,-1,0,2,294,-1,294,2,217,-1,294,217,295,-1,295,217,246,-1,295,246,296,-1,296,246,267,-1,296,267,297,-1,297,267,293,-1,297,293,298,-1,
        ]
    }
}
Shape{
    appearance Appearance {
        material  Material 	{
            diffuseColor 0.34901960784313724 0.34901960784313724 0.34901960784313724
            specularColor 0.023529411764705882 0.023529411764705882 0.023529411764705882
            ambientIntensity 0.2
            transparency 0
            shininess 0.5
        }
    }
    geometry IndexedFaceSet {
        ccw TRUE
        solid FALSE
        coord DEF co Coordinate {
            point [
                -0.2559 0.1852 0.2008, -0.2559 0.1852 0.2087, -0.2566 0.1903 0.2008, -0.2566 0.1903 0.2087, -0.2585 0.1951 0.2008, -0.2585 0.1951 0.2087, -0.2617 0.1991 0.2008, -0.2617 0.1991 0.2087, -0.2657 0.2023 0.2008, -0.2657 0.2023 0.2087, -0.2705 0.2042 0.2008, -0.2705 0.2042 0.2087, -0.2756 0.2049 0.2008, -0.2756 0.2049 0.2087, -0.2807 0.2042 0.2008, -0.2807 0.2042 0.2087, -0.2854 0.2023 0.2008, -0.2854 0.2023 0.2087, -0.2895 0.1991 0.2008, -0.2895 0.1991 0.2087, -0.2926 0.1951 0.2008, -0.2926 0.1951 0.2087, -0.2946 0.1903 0.2008, -0.2946 0.1903 0.2087, -0.2953 0.1852 0.2008, -0.2953 0.1852 0.2087, -0.2946 0.1801 0.2008, -0.2946 0.1801 0.2087, -0.2926 0.1754 0.2008, -0.2926 0.1754 0.2087, -0.2895 0.1713 0.2008, -0.2895 0.1713 0.2087, -0.2854 0.1682 0.2008, -0.2854 0.1682 0.2087, -0.2807 0.1662 0.2008, -0.2807 0.1662 0.2087, -0.2756 0.1655 0.2008, -0.2756 0.1655 0.2087, -0.2705 0.1662 0.2008, -0.2705 0.1662 0.2087, -0.2657 0.1682 0.2008, -0.2657 0.1682 0.2087, -0.2617 0.1713 0.2008, -0.2617 0.1713 0.2087, -0.2585 0.1754 0.2008, -0.2585 0.1754 0.2087, -0.2566 0.1801 0.2008, -0.2566 0.1801 0.2087, -0.2756 0.1852 0.2008, -0.2756 0.1852 0.2008
            ]
        }
        coordIndex [
            0,1,2,-1,2,1,3,-1,2,3,4,-1,4,3,5,-1,4,5,6,-1,6,5,7,-1,6,7,8,-1,8,7,9,-1,8,9,10,-1,10,9,11,-1,10,11,12,-1,12,11,13,-1,12,13,14,-1,14,13,15,-1,14,15,16,-1,16,15,17,-1,16,17,18,-1,18,17,19,-1,18,19,20,-1,20,19,21,-1,20,21,22,-1,22,21,23,-1,22,23,24,-1,24,23,25,-1,24,25,26,-1,26,25,27,-1,26,27,28,-1,28,27,29,-1,28,29,30,-1,30,29,31,-1,30,31,32,-1,32,31,33,-1,32,33,34,-1,34,33,35,-1,34,35,36,-1,36,35,37,-1,36,37,38,-1,38,37,39,-1,38,39,40,-1,40,39,41,-1,40,41,42,-1,42,41,43,-1,42,43,44,-1,44,43,45,-1,44,45,46,-1,46,45,47,-1,46,47,0,-1,0,47,1,-1,44,46,48,-1,48,46,0,-1,48,0,2,-1,38,40,48,-1,48,40,42,-1,48,42,44,-1,32,34,48,-1,48,34,36,-1,48,36,38,-1,26,28,48,-1,48,28,30,-1,48,30,32,-1,20,22,48,-1,48,22,24,-1,48,24,26,-1,14,16,48,-1,48,16,18,-1,48,18,20,-1,8,10,48,-1,48,10,12,-1,48,12,14,-1,2,4,48,-1,48,4,6,-1,48,6,8,-1,
        ]
    }
}
Shape{
    appearance Appearance {
        material  Material 	{
            diffuseColor 0.6666666666666666 0.6666666666666666 0.6666666666666666
            specularColor 0.4666666666666667 0.4666666666666667 0.4666666666666667
            ambientIntensity 0.2
            transparency 0
            shininess 0.5
        }
    }
    geometry IndexedFaceSet {
        ccw TRUE
        solid FALSE
        coord DEF co Coordinate {
            point [
                -0.187 -0.1575 0.0, -0.1887 -0.1447 -0.0079, -0.1887 -0.1447 0.0, -0.1936 -0.1329 -0.0079, -0.1936 -0.1329 0.0, -0.2014 -0.1227 -0.0079, -0.2014 -0.1227 0.0, -0.2116 -0.1149 -0.0079, -0.2116 -0.1149 0.0, -0.2235 -0.1099 -0.0079, -0.2235 -0.1099 0.0, -0.2362 -0.1083 -0.0079, -0.2362 -0.1083 0.0, -0.249 -0.1099 -0.0079, -0.249 -0.1099 0.0, -0.2608 -0.1149 -0.0079, -0.2608 -0.1149 0.0, -0.271 -0.1227 -0.0079, -0.271 -0.1227 0.0, -0.2788 -0.1329 -0.0079, -0.2788 -0.1329 0.0, -0.2838 -0.1447 -0.0079, -0.2838 -0.1447 0.0, -0.2854 -0.1575 -0.0079, -0.2854 -0.1575 0.0, -0.2838 -0.1702 -0.0079, -0.2838 -0.1702 0.0, -0.2788 -0.1821 -0.0079, -0.2788 -0.1821 0.0, -0.271 -0.1923 -0.0079, -0.271 -0.1923 0.0, -0.2608 -0.2001 -0.0079, -0.2608 -0.2001 0.0, -0.249 -0.205 -0.0079, -0.249 -0.205 0.0, -0.2362 -0.2067 -0.0079, -0.2362 -0.2067 0.0, -0.2235 -0.205 -0.0079, -0.2235 -0.205 0.0, -0.2116 -0.2001 -0.0079, -0.2116 -0.2001 0.0, -0.2014 -0.1923 -0.0079, -0.2014 -0.1923 0.0, -0.1936 -0.1821 -0.0079, -0.1936 -0.1821 0.0, -0.1887 -0.1702 -0.0079, -0.1887 -0.1702 0.0, -0.187 -0.1575 -0.0079, -0.2362 -0.1575 -0.0079, -0.187 0.0 0.0, -0.1887 0.0127 -0.0079, -0.1887 0.0127 0.0, -0.1936 0.0246 -0.0079, -0.1936 0.0246 0.0, -0.2014 0.0348 -0.0079, -0.2014 0.0348 0.0, -0.2116 0.0426 -0.0079, -0.2116 0.0426 0.0, -0.2235 0.0475 -0.0079, -0.2235 0.0475 0.0, -0.2362 0.0492 -0.0079, -0.2362 0.0492 0.0, -0.249 0.0475 -0.0079, -0.249 0.0475 0.0, -0.2608 0.0426 -0.0079, -0.2608 0.0426 0.0, -0.271 0.0348 -0.0079, -0.271 0.0348 0.0, -0.2788 0.0246 -0.0079, -0.2788 0.0246 0.0, -0.2838 0.0127 -0.0079, -0.2838 0.0127 0.0, -0.2854 0.0 -0.0079, -0.2854 0.0 0.0, -0.2838 -0.0127 -0.0079, -0.2838 -0.0127 0.0, -0.2788 -0.0246 -0.0079, -0.2788 -0.0246 0.0, -0.271 -0.0348 -0.0079, -0.271 -0.0348 0.0, -0.2608 -0.0426 -0.0079, -0.2608 -0.0426 0.0, -0.249 -0.0475 -0.0079, -0.249 -0.0475 0.0, -0.2362 -0.0492 -0.0079, -0.2362 -0.0492 0.0, -0.2235 -0.0475 -0.0079, -0.2235 -0.0475 0.0, -0.2116 -0.0426 -0.0079, -0.2116 -0.0426 0.0, -0.2014 -0.0348 -0.0079, -0.2014 -0.0348 0.0, -0.1936 -0.0246 -0.0079, -0.1936 -0.0246 0.0, -0.1887 -0.0127 -0.0079, -0.1887 -0.0127 0.0, -0.187 0.0 -0.0079, -0.2362 0.0 -0.0079, -0.2854 0.2067 0.0, -0.2854 0.2067 -0.0079, -0.2854 0.1083 0.0, -0.2854 0.1083 -0.0079, -0.2224 0.1083 0.0, -0.2224 0.1083 -0.0079, -0.187 0.1437 -0.0079, -0.187 0.2067 -0.0079, -0.187 0.1437 0.0, -0.187 0.2067 0.0, -0.187 0.2067 0.0
            ]
        }
        coordIndex [
            0,1,2,-1,2,1,3,-1,2,3,4,-1,4,3,5,-1,4,5,6,-1,6,5,7,-1,6,7,8,-1,8,7,9,-1,8,9,10,-1,10,9,11,-1,10,11,12,-1,12,11,13,-1,12,13,14,-1,14,13,15,-1,14,15,16,-1,16,15,17,-1,16,17,18,-1,18,17,19,-1,18,19,20,-1,20,19,21,-1,20,21,22,-1,22,21,23,-1,22,23,24,-1,24,23,25,-1,24,25,26,-1,26,25,27,-1,26,27,28,-1,28,27,29,-1,28,29,30,-1,30,29,31,-1,30,31,32,-1,32,31,33,-1,32,33,34,-1,34,33,35,-1,34,35,36,-1,36,35,37,-1,36,37,38,-1,38,37,39,-1,38,39,40,-1,40,39,41,-1,40,41,42,-1,42,41,43,-1,42,43,44,-1,44,43,45,-1,44,45,46,-1,46,45,47,-1,46,47,0,-1,0,47,1,-1,27,25,48,-1,48,25,23,-1,48,23,21,-1,33,31,48,-1,48,31,29,-1,48,29,27,-1,39,37,48,-1,48,37,35,-1,48,35,33,-1,45,43,48,-1,48,43,41,-1,48,41,39,-1,3,1,48,-1,48,1,47,-1,48,47,45,-1,9,7,48,-1,48,7,5,-1,48,5,3,-1,15,13,48,-1,48,13,11,-1,48,11,9,-1,21,19,48,-1,48,19,17,-1,48,17,15,-1,49,50,51,-1,51,50,52,-1,51,52,53,-1,53,52,54,-1,53,54,55,-1,55,54,56,-1,55,56,57,-1,57,56,58,-1,57,58,59,-1,59,58,60,-1,59,60,61,-1,61,60,62,-1,61,62,63,-1,63,62,64,-1,63,64,65,-1,65,64,66,-1,65,66,67,-1,67,66,68,-1,67,68,69,-1,69,68,70,-1,69,70,71,-1,71,70,72,-1,71,72,73,-1,73,72,74,-1,73,74,75,-1,75,74,76,-1,75,76,77,-1,77,76,78,-1,77,78,79,-1,79,78,80,-1,79,80,81,-1,81,80,82,-1,81,82,83,-1,83,82,84,-1,83,84,85,-1,85,84,86,-1,85,86,87,-1,87,86,88,-1,87,88,89,-1,89,88,90,-1,89,90,91,-1,91,90,92,-1,91,92,93,-1,93,92,94,-1,93,94,95,-1,95,94,96,-1,95,96,49,-1,49,96,50,-1,76,74,97,-1,97,74,72,-1,97,72,70,-1,82,80,97,-1,97,80,78,-1,97,78,76,-1,88,86,97,-1,97,86,84,-1,97,84,82,-1,94,92,97,-1,97,92,90,-1,97,90,88,-1,52,50,97,-1,97,50,96,-1,97,96,94,-1,58,56,97,-1,97,56,54,-1,97,54,52,-1,64,62,97,-1,97,62,60,-1,97,60,58,-1,70,68,97,-1,97,68,66,-1,97,66,64,-1,98,99,100,-1,100,99,101,-1,102,100,103,-1,103,100,101,-1,104,105,106,-1,106,105,107,-1,107,105,98,-1,98,105,99,-1,105,104,99,-1,99,104,103,-1,99,103,101,-1,103,104,102,-1,102,104,106,-1,
        ]
    }
}
Shape{
    appearance Appearance {
        material  Material 	{
            diffuseColor 1.0 1.0 1.0
            specularColor 0.8784313725490196 0.8784313725490196 0.8784313725490196
            ambientIntensity 0.2
            transparency 0
            shininess 0.5
        }
    }
    geometry IndexedFaceSet {
        ccw TRUE
        solid FALSE
        coord DEF co Coordinate {
            point [
                0.2788 -0.1835 0.2126, 0.2818 -0.1812 0.2126, 0.2778 -0.1825 0.2126, 0.2807 -0.1802 0.2126, 0.2756 -0.181 0.2126, 0.2775 -0.178 0.2126, 0.2729 -0.1801 0.2126, 0.2738 -0.1766 0.2126, 0.269 -0.1796 0.2126, 0.2692 -0.1761 0.2126, 0.2644 -0.1796 0.2126, 0.2604 -0.1761 0.2126, 0.2644 -0.2032 0.2126, 0.2604 -0.2067 0.2126, 0.2688 -0.2032 0.2126, 0.2688 -0.2067 0.2126, 0.2727 -0.2028 0.2126, 0.2737 -0.2062 0.2126, 0.2753 -0.2019 0.2126, 0.2773 -0.2049 0.2126, 0.2774 -0.2006 0.2126, 0.2803 -0.2029 0.2126, 0.2779 -0.2 0.2126, 0.2807 -0.2024 0.2126, 0.2794 -0.1982 0.2126, 0.283 -0.1997 0.2126, 0.2805 -0.1959 0.2126, 0.2845 -0.1965 0.2126, 0.2811 -0.1931 0.2126, 0.2853 -0.193 0.2126, 0.2812 -0.1911 0.2126, 0.2854 -0.191 0.2126, 0.2808 -0.1876 0.2126, 0.2848 -0.1867 0.2126, 0.28 -0.1853 0.2126, 0.2837 -0.1838 0.2126, 0.2807 -0.2024 0.2087, 0.283 -0.1997 0.2087, 0.2845 -0.1965 0.2087, 0.2853 -0.193 0.2087, 0.2854 -0.191 0.2087, 0.2848 -0.1867 0.2087, 0.2837 -0.1838 0.2087, 0.2818 -0.1812 0.2087, 0.2807 -0.1802 0.2087, 0.2775 -0.178 0.2087, 0.2738 -0.1766 0.2087, 0.2692 -0.1761 0.2087, 0.2604 -0.1761 0.2087, 0.2604 -0.2067 0.2087, 0.2688 -0.2067 0.2087, 0.2737 -0.2062 0.2087, 0.2773 -0.2049 0.2087, 0.2803 -0.2029 0.2087, 0.2778 -0.1825 0.2087, 0.2788 -0.1835 0.2087, 0.28 -0.1853 0.2087, 0.2808 -0.1876 0.2087, 0.2812 -0.1911 0.2087, 0.269 -0.1796 0.2087, 0.2729 -0.1801 0.2087, 0.2756 -0.181 0.2087, 0.2644 -0.1796 0.2087, 0.2644 -0.2032 0.2087, 0.2688 -0.2032 0.2087, 0.2779 -0.2 0.2087, 0.2774 -0.2006 0.2087, 0.2753 -0.2019 0.2087, 0.2727 -0.2028 0.2087, 0.2811 -0.1931 0.2087, 0.2805 -0.1959 0.2087, 0.2794 -0.1982 0.2087, 0.2794 -0.1982 0.2087
            ]
        }
        coordIndex [
            0,1,2,-1,2,1,3,-1,2,3,4,-1,4,3,5,-1,4,5,6,-1,6,5,7,-1,6,7,8,-1,8,7,9,-1,8,9,10,-1,10,9,11,-1,10,11,12,-1,12,11,13,-1,12,13,14,-1,14,13,15,-1,14,15,16,-1,16,15,17,-1,16,17,18,-1,18,17,19,-1,18,19,20,-1,20,19,21,-1,20,21,22,-1,22,21,23,-1,22,23,24,-1,24,23,25,-1,24,25,26,-1,26,25,27,-1,26,27,28,-1,28,27,29,-1,28,29,30,-1,30,29,31,-1,30,31,32,-1,32,31,33,-1,32,33,34,-1,34,33,35,-1,34,35,0,-1,0,35,1,-1,23,36,37,-1,23,37,25,-1,25,37,38,-1,25,38,27,-1,27,38,39,-1,27,39,29,-1,29,39,40,-1,29,40,31,-1,31,40,41,-1,31,41,33,-1,33,41,42,-1,33,42,35,-1,35,42,43,-1,35,43,1,-1,1,43,44,-1,1,44,3,-1,3,44,45,-1,3,45,5,-1,5,45,46,-1,5,46,7,-1,7,46,47,-1,7,47,9,-1,11,9,48,-1,48,9,47,-1,13,11,49,-1,49,11,48,-1,15,13,50,-1,50,13,49,-1,15,50,51,-1,15,51,17,-1,17,51,52,-1,17,52,19,-1,19,52,53,-1,19,53,21,-1,21,53,36,-1,21,36,23,-1,2,54,55,-1,2,55,0,-1,0,55,56,-1,0,56,34,-1,34,56,57,-1,34,57,32,-1,32,57,58,-1,32,58,30,-1,8,59,60,-1,8,60,6,-1,6,60,61,-1,6,61,4,-1,4,61,54,-1,4,54,2,-1,8,10,59,-1,59,10,62,-1,10,12,62,-1,62,12,63,-1,12,14,63,-1,63,14,64,-1,22,65,66,-1,22,66,20,-1,20,66,67,-1,20,67,18,-1,18,67,68,-1,18,68,16,-1,16,68,64,-1,16,64,14,-1,30,58,69,-1,30,69,28,-1,28,69,70,-1,28,70,26,-1,26,70,71,-1,26,71,24,-1,24,71,65,-1,24,65,22,-1,
        ]
    }
}
Shape{
    appearance Appearance {
        material  Material 	{
            diffuseColor 0.20784313725490197 0.20784313725490197 0.20784313725490197
            specularColor 0.01568627450980392 0.01568627450980392 0.01568627450980392
            ambientIntensity 0.2
            transparency 0
            shininess 0.5
        }
    }
    geometry IndexedFaceSet {
        ccw TRUE
        solid FALSE
        coord DEF co Coordinate {
            point [
                0.2644 -0.1796 0.2087, 0.2644 -0.2032 0.2087, 0.269 -0.1796 0.2087, 0.2688 -0.2032 0.2087, 0.2727 -0.2028 0.2087, 0.2753 -0.2019 0.2087, 0.2774 -0.2006 0.2087, 0.2779 -0.2 0.2087, 0.2794 -0.1982 0.2087, 0.2805 -0.1959 0.2087, 0.2811 -0.1931 0.2087, 0.2812 -0.1911 0.2087, 0.2808 -0.1876 0.2087, 0.28 -0.1853 0.2087, 0.2788 -0.1835 0.2087, 0.2778 -0.1825 0.2087, 0.2729 -0.1801 0.2087, 0.2756 -0.181 0.2087, 0.2756 -0.181 0.2087
            ]
        }
        coordIndex [
            0,1,2,-1,2,1,3,-1,2,3,4,-1,4,5,2,-1,2,5,6,-1,2,6,7,-1,7,8,2,-1,2,8,9,-1,2,9,10,-1,10,11,2,-1,2,11,12,-1,2,12,13,-1,13,14,2,-1,2,14,15,-1,2,15,16,-1,16,15,17,-1,
        ]
    }
}
Shape{
    appearance Appearance {
        material  Material 	{
            diffuseColor 1.0 1.0 1.0
            specularColor 0.8784313725490196 0.8784313725490196 0.8784313725490196
            ambientIntensity 0.2
            transparency 0
            shininess 0.5
        }
    }
    geometry IndexedFaceSet {
        ccw TRUE
        solid FALSE
        coord DEF co Coordinate {
            point [
                0.2241 -0.2013 0.2126, 0.2241 -0.2013 0.2087, 0.2238 -0.2024 0.2087, 0.2238 -0.2024 0.2126, 0.2236 -0.2031 0.2087, 0.2236 -0.2031 0.2126, 0.2235 -0.2031 0.2126, 0.2235 -0.2031 0.2087, 0.223 -0.2013 0.2126, 0.223 -0.2013 0.2087, 0.2173 -0.1849 0.2126, 0.2173 -0.1849 0.2087, 0.213 -0.1849 0.2126, 0.213 -0.1849 0.2087, 0.2216 -0.2067 0.2126, 0.2216 -0.2067 0.2087, 0.2199 -0.2107 0.2087, 0.2199 -0.2107 0.2126, 0.2215 -0.207 0.2087, 0.219 -0.2122 0.2087, 0.219 -0.2122 0.2126, 0.2183 -0.213 0.2087, 0.2183 -0.213 0.2126, 0.2175 -0.2134 0.2087, 0.2175 -0.2134 0.2126, 0.2167 -0.2137 0.2087, 0.2167 -0.2137 0.2126, 0.216 -0.2138 0.2087, 0.216 -0.2138 0.2126, 0.2148 -0.2136 0.2087, 0.2148 -0.2136 0.2126, 0.2138 -0.2133 0.2087, 0.2138 -0.2133 0.2126, 0.2138 -0.2167 0.2126, 0.2138 -0.2167 0.2087, 0.2149 -0.217 0.2087, 0.2149 -0.217 0.2126, 0.2163 -0.217 0.2087, 0.2163 -0.217 0.2126, 0.2179 -0.2168 0.2087, 0.2179 -0.2168 0.2126, 0.2194 -0.2162 0.2087, 0.2194 -0.2162 0.2126, 0.2207 -0.2153 0.2087, 0.2207 -0.2153 0.2126, 0.2223 -0.2135 0.2087, 0.2223 -0.2135 0.2126, 0.2241 -0.21 0.2087, 0.2241 -0.21 0.2126, 0.234 -0.1849 0.2087, 0.234 -0.1849 0.2126, 0.2253 -0.207 0.2087, 0.23 -0.1849 0.2126, 0.23 -0.1849 0.2087, 0.2022 -0.2073 0.2087, 0.2046 -0.207 0.2087, 0.2022 -0.2073 0.2126, 0.2053 -0.2069 0.2126, 0.2053 -0.2069 0.2087, 0.2074 -0.2062 0.2087, 0.2074 -0.2062 0.2126, 0.2085 -0.2055 0.2087, 0.2085 -0.2055 0.2126, 0.2095 -0.2046 0.2087, 0.2095 -0.2046 0.2126, 0.2103 -0.2036 0.2087, 0.2103 -0.2036 0.2126, 0.2108 -0.2024 0.2087, 0.2108 -0.2024 0.2126, 0.211 -0.201 0.2087, 0.211 -0.201 0.2126, 0.211 -0.2008 0.2087, 0.211 -0.2008 0.2126, 0.2109 -0.1995 0.2087, 0.2109 -0.1995 0.2126, 0.2105 -0.1983 0.2087, 0.2105 -0.1983 0.2126, 0.2098 -0.1973 0.2087, 0.2098 -0.1973 0.2126, 0.2097 -0.1972 0.2087, 0.2097 -0.1972 0.2126, 0.2086 -0.1962 0.2087, 0.2086 -0.1962 0.2126, 0.206 -0.1948 0.2087, 0.206 -0.1948 0.2126, 0.2048 -0.1943 0.2087, 0.2048 -0.1943 0.2126, 0.2024 -0.1933 0.2087, 0.2024 -0.1933 0.2126, 0.201 -0.1925 0.2087, 0.201 -0.1925 0.2126, 0.2007 -0.192 0.2087, 0.2007 -0.192 0.2126, 0.2004 -0.1915 0.2087, 0.2004 -0.1915 0.2126, 0.2002 -0.1909 0.2087, 0.2002 -0.1909 0.2126, 0.2002 -0.1904 0.2087, 0.2002 -0.1904 0.2126, 0.2003 -0.1898 0.2087, 0.2003 -0.1898 0.2126, 0.2005 -0.1893 0.2087, 0.2005 -0.1893 0.2126, 0.2008 -0.1888 0.2087, 0.2008 -0.1888 0.2126, 0.2014 -0.1883 0.2087, 0.2014 -0.1883 0.2126, 0.2022 -0.1878 0.2087, 0.2022 -0.1878 0.2126, 0.2033 -0.1876 0.2087, 0.2033 -0.1876 0.2126, 0.2044 -0.1875 0.2087, 0.2044 -0.1875 0.2126, 0.2071 -0.1878 0.2087, 0.2071 -0.1878 0.2126, 0.2093 -0.1886 0.2087, 0.2093 -0.1886 0.2126, 0.21 -0.1891 0.2087, 0.21 -0.1891 0.2126, 0.21 -0.1853 0.2126, 0.21 -0.1853 0.2087, 0.2075 -0.1846 0.2087, 0.2075 -0.1846 0.2126, 0.2048 -0.1844 0.2087, 0.2048 -0.1844 0.2126, 0.2016 -0.1847 0.2087, 0.2016 -0.1847 0.2126, 0.1996 -0.1855 0.2087, 0.1996 -0.1855 0.2126, 0.1987 -0.1861 0.2087, 0.1987 -0.1861 0.2126, 0.198 -0.1867 0.2087, 0.1975 -0.1872 0.2126, 0.1975 -0.1872 0.2087, 0.1968 -0.1882 0.2087, 0.1968 -0.1882 0.2126, 0.1964 -0.1895 0.2087, 0.1964 -0.1895 0.2126, 0.1962 -0.1908 0.2087, 0.1962 -0.1908 0.2126, 0.1964 -0.1924 0.2087, 0.1964 -0.1924 0.2126, 0.1969 -0.1935 0.2087, 0.1969 -0.1935 0.2126, 0.1973 -0.1942 0.2087, 0.1973 -0.1942 0.2126, 0.2021 -0.1971 0.2087, 0.2021 -0.1971 0.2126, 0.1998 -0.1961 0.2126, 0.198 -0.1949 0.2087, 0.198 -0.1949 0.2126, 0.198 -0.1949 0.2087, 0.1998 -0.1961 0.2087, 0.2046 -0.1982 0.2087, 0.2046 -0.1982 0.2126, 0.2061 -0.1991 0.2087, 0.2061 -0.1991 0.2126, 0.2066 -0.1996 0.2087, 0.2066 -0.1996 0.2126, 0.2069 -0.2001 0.2087, 0.2069 -0.2001 0.2126, 0.207 -0.2007 0.2087, 0.207 -0.2007 0.2126, 0.2071 -0.2012 0.2087, 0.2071 -0.2012 0.2126, 0.207 -0.2019 0.2087, 0.207 -0.2019 0.2126, 0.2068 -0.2024 0.2087, 0.2068 -0.2024 0.2126, 0.2065 -0.2029 0.2087, 0.2065 -0.2029 0.2126, 0.206 -0.2033 0.2087, 0.206 -0.2033 0.2126, 0.2057 -0.2035 0.2087, 0.2057 -0.2035 0.2126, 0.2047 -0.2039 0.2087, 0.2047 -0.2039 0.2126, 0.2027 -0.2041 0.2087, 0.2027 -0.2041 0.2126, 0.2025 -0.2041 0.2087, 0.2025 -0.2041 0.2126, 0.1962 -0.202 0.2087, 0.1962 -0.202 0.2126, 0.1976 -0.2029 0.2126, 0.2 -0.2038 0.2087, 0.2 -0.2038 0.2126, 0.198 -0.203 0.2087, 0.1976 -0.2029 0.2087, 0.1962 -0.206 0.2126, 0.1962 -0.206 0.2087, 0.198 -0.2066 0.2087, 0.1989 -0.2069 0.2126, 0.1997 -0.207 0.2087, 0.1989 -0.2069 0.2087, 0.1872 -0.2067 0.2126, 0.191 -0.2067 0.2126, 0.1872 -0.2034 0.2126, 0.191 -0.1927 0.2126, 0.1872 -0.1928 0.2126, 0.1789 -0.1974 0.2126, 0.1798 -0.197 0.2126, 0.1821 -0.1964 0.2126, 0.1872 -0.1958 0.2126, 0.1872 -0.1979 0.2126, 0.1871 -0.2034 0.2126, 0.185 -0.2029 0.2126, 0.1862 -0.2047 0.2126, 0.1839 -0.2036 0.2126, 0.1872 -0.1984 0.2126, 0.1869 -0.2 0.2126, 0.1863 -0.2013 0.2126, 0.1855 -0.2023 0.2126, 0.1827 -0.204 0.2126, 0.1841 -0.2064 0.2126, 0.1849 -0.2059 0.2126, 0.1781 -0.2028 0.2126, 0.1753 -0.2055 0.2126, 0.1784 -0.2031 0.2126, 0.1763 -0.2063 0.2126, 0.1792 -0.2036 0.2126, 0.1778 -0.2069 0.2126, 0.1801 -0.204 0.2126, 0.1795 -0.2072 0.2126, 0.1814 -0.2041 0.2126, 0.1804 -0.2073 0.2126, 0.1825 -0.207 0.2126, 0.187 -0.1911 0.2126, 0.1907 -0.1897 0.2126, 0.1867 -0.1898 0.2126, 0.1901 -0.188 0.2126, 0.1862 -0.189 0.2126, 0.1893 -0.1867 0.2126, 0.1856 -0.1884 0.2126, 0.1883 -0.1858 0.2126, 0.1849 -0.1879 0.2126, 0.187 -0.185 0.2126, 0.184 -0.1876 0.2126, 0.1854 -0.1846 0.2126, 0.1828 -0.1875 0.2126, 0.1831 -0.1844 0.2126, 0.1807 -0.1877 0.2126, 0.1792 -0.1848 0.2126, 0.1783 -0.1884 0.2126, 0.1763 -0.186 0.2126, 0.1756 -0.1901 0.2126, 0.1756 -0.1864 0.2126, 0.1774 -0.2 0.2126, 0.1734 -0.2004 0.2126, 0.1773 -0.2006 0.2126, 0.1734 -0.2009 0.2126, 0.1774 -0.2015 0.2126, 0.1737 -0.2028 0.2126, 0.1777 -0.2021 0.2126, 0.1742 -0.204 0.2126, 0.175 -0.2052 0.2126, 0.1807 -0.1937 0.2126, 0.1778 -0.1944 0.2126, 0.1784 -0.1978 0.2126, 0.1762 -0.1953 0.2126, 0.1779 -0.1984 0.2126, 0.175 -0.1963 0.2126, 0.1776 -0.1991 0.2126, 0.1742 -0.1974 0.2126, 0.1737 -0.1988 0.2126, 0.1828 -0.1875 0.2087, 0.184 -0.1876 0.2087, 0.1849 -0.1879 0.2087, 0.1856 -0.1884 0.2087, 0.1862 -0.189 0.2087, 0.1867 -0.1898 0.2087, 0.187 -0.1911 0.2087, 0.1872 -0.1928 0.2087, 0.1807 -0.1937 0.2087, 0.1778 -0.1944 0.2087, 0.1762 -0.1953 0.2087, 0.175 -0.1963 0.2087, 0.1742 -0.1974 0.2087, 0.1737 -0.1988 0.2087, 0.1734 -0.2004 0.2087, 0.1734 -0.2009 0.2087, 0.1737 -0.2028 0.2087, 0.1742 -0.204 0.2087, 0.175 -0.2052 0.2087, 0.1753 -0.2055 0.2087, 0.1804 -0.2073 0.2087, 0.1763 -0.2063 0.2087, 0.1778 -0.2069 0.2087, 0.1783 -0.207 0.2087, 0.1795 -0.2072 0.2087, 0.1825 -0.207 0.2087, 0.1841 -0.2064 0.2087, 0.1849 -0.2059 0.2087, 0.1862 -0.2047 0.2087, 0.1871 -0.2034 0.2087, 0.1872 -0.2034 0.2087, 0.1872 -0.2067 0.2087, 0.191 -0.2067 0.2087, 0.191 -0.1927 0.2087, 0.1907 -0.1897 0.2087, 0.1901 -0.188 0.2087, 0.1893 -0.1867 0.2087, 0.1883 -0.1858 0.2087, 0.187 -0.185 0.2087, 0.1854 -0.1846 0.2087, 0.1831 -0.1844 0.2087, 0.1792 -0.1848 0.2087, 0.1763 -0.186 0.2087, 0.1756 -0.1864 0.2087, 0.1756 -0.1901 0.2087, 0.1783 -0.1884 0.2087, 0.1807 -0.1877 0.2087, 0.1855 -0.2023 0.2087, 0.185 -0.2029 0.2087, 0.1839 -0.2036 0.2087, 0.1827 -0.204 0.2087, 0.1814 -0.2041 0.2087, 0.1872 -0.1979 0.2087, 0.1872 -0.1984 0.2087, 0.1869 -0.2 0.2087, 0.1863 -0.2013 0.2087, 0.1872 -0.1958 0.2087, 0.1821 -0.1964 0.2087, 0.1784 -0.1978 0.2087, 0.1789 -0.1974 0.2087, 0.1798 -0.197 0.2087, 0.1773 -0.2006 0.2087, 0.1774 -0.2 0.2087, 0.1776 -0.1991 0.2087, 0.1779 -0.1984 0.2087, 0.1784 -0.2031 0.2087, 0.1781 -0.2028 0.2087, 0.1777 -0.2021 0.2087, 0.1774 -0.2015 0.2087, 0.1801 -0.204 0.2087, 0.1792 -0.2036 0.2087, 0.1792 -0.2036 0.2087
            ]
        }
        coordIndex [
            0,1,2,-1,0,2,3,-1,3,2,4,-1,3,4,5,-1,6,5,7,-1,7,5,4,-1,8,6,9,-1,9,6,7,-1,10,8,11,-1,11,8,9,-1,12,10,13,-1,13,10,11,-1,14,12,15,-1,15,12,13,-1,16,17,18,-1,18,17,14,-1,18,14,15,-1,17,16,19,-1,17,19,20,-1,20,19,21,-1,20,21,22,-1,22,21,23,-1,22,23,24,-1,24,23,25,-1,24,25,26,-1,26,25,27,-1,26,27,28,-1,28,27,29,-1,28,29,30,-1,30,29,31,-1,30,31,32,-1,33,32,34,-1,34,32,31,-1,33,34,35,-1,33,35,36,-1,36,35,37,-1,36,37,38,-1,38,37,39,-1,38,39,40,-1,40,39,41,-1,40,41,42,-1,42,41,43,-1,42,43,44,-1,44,43,45,-1,44,45,46,-1,46,45,47,-1,46,47,48,-1,49,50,51,-1,51,50,48,-1,51,48,47,-1,52,50,53,-1,53,50,49,-1,0,52,1,-1,1,52,53,-1,3,5,48,-1,50,52,48,-1,48,52,0,-1,48,0,3,-1,10,12,8,-1,8,12,14,-1,8,14,6,-1,5,6,48,-1,48,6,14,-1,48,14,46,-1,14,17,46,-1,46,17,20,-1,46,20,44,-1,44,20,22,-1,44,22,42,-1,42,22,24,-1,42,24,40,-1,40,24,26,-1,40,26,38,-1,38,26,28,-1,38,28,36,-1,36,28,30,-1,36,30,33,-1,33,30,32,-1,54,55,56,-1,56,55,57,-1,55,58,57,-1,57,58,59,-1,57,59,60,-1,60,59,61,-1,60,61,62,-1,62,61,63,-1,62,63,64,-1,64,63,65,-1,64,65,66,-1,66,65,67,-1,66,67,68,-1,68,67,69,-1,68,69,70,-1,70,69,71,-1,70,71,72,-1,72,71,73,-1,72,73,74,-1,74,73,75,-1,74,75,76,-1,76,75,77,-1,76,77,78,-1,78,77,79,-1,78,79,80,-1,80,79,81,-1,80,81,82,-1,82,81,83,-1,82,83,84,-1,84,83,85,-1,84,85,86,-1,86,85,87,-1,86,87,88,-1,88,87,89,-1,88,89,90,-1,90,89,91,-1,90,91,92,-1,92,91,93,-1,92,93,94,-1,94,93,95,-1,94,95,96,-1,96,95,97,-1,96,97,98,-1,98,97,99,-1,98,99,100,-1,100,99,101,-1,100,101,102,-1,102,101,103,-1,102,103,104,-1,104,103,105,-1,104,105,106,-1,106,105,107,-1,106,107,108,-1,108,107,109,-1,108,109,110,-1,110,109,111,-1,110,111,112,-1,112,111,113,-1,112,113,114,-1,114,113,115,-1,114,115,116,-1,116,115,117,-1,116,117,118,-1,119,118,120,-1,120,118,117,-1,119,120,121,-1,119,121,122,-1,122,121,123,-1,122,123,124,-1,124,123,125,-1,124,125,126,-1,126,125,127,-1,126,127,128,-1,128,127,129,-1,128,129,130,-1,129,131,130,-1,130,131,132,-1,131,133,132,-1,132,133,134,-1,132,134,135,-1,135,134,136,-1,135,136,137,-1,137,136,138,-1,137,138,139,-1,139,138,140,-1,139,140,141,-1,141,140,142,-1,141,142,143,-1,143,142,144,-1,143,144,145,-1,146,147,148,-1,145,144,149,-1,145,149,150,-1,150,149,151,-1,150,151,148,-1,148,151,152,-1,148,152,146,-1,147,146,153,-1,147,153,154,-1,154,153,155,-1,154,155,156,-1,156,155,157,-1,156,157,158,-1,158,157,159,-1,158,159,160,-1,160,159,161,-1,160,161,162,-1,162,161,163,-1,162,163,164,-1,164,163,165,-1,164,165,166,-1,166,165,167,-1,166,167,168,-1,168,167,169,-1,168,169,170,-1,170,169,171,-1,170,171,172,-1,172,171,173,-1,172,173,174,-1,174,173,175,-1,174,175,176,-1,176,175,177,-1,176,177,178,-1,178,177,179,-1,178,179,180,-1,181,182,183,-1,180,179,184,-1,180,184,185,-1,185,184,186,-1,185,186,183,-1,183,186,187,-1,183,187,181,-1,188,182,189,-1,189,182,181,-1,189,190,188,-1,188,190,191,-1,54,56,192,-1,192,56,191,-1,192,191,193,-1,193,191,190,-1,102,104,130,-1,130,104,128,-1,128,104,106,-1,128,106,126,-1,160,78,158,-1,158,78,80,-1,158,80,156,-1,156,80,82,-1,156,82,154,-1,82,84,154,-1,154,84,86,-1,154,86,147,-1,147,86,88,-1,60,62,170,-1,170,62,64,-1,170,64,168,-1,168,64,66,-1,168,66,166,-1,166,66,68,-1,166,68,164,-1,56,180,191,-1,191,180,185,-1,191,185,188,-1,188,185,183,-1,188,183,182,-1,106,108,126,-1,126,108,110,-1,126,110,124,-1,124,110,112,-1,124,112,122,-1,122,112,114,-1,122,114,119,-1,119,114,116,-1,119,116,118,-1,68,70,164,-1,164,70,72,-1,164,72,162,-1,162,72,74,-1,162,74,160,-1,160,74,76,-1,160,76,78,-1,170,172,60,-1,60,172,174,-1,60,174,57,-1,57,174,176,-1,57,176,56,-1,56,176,178,-1,56,178,180,-1,130,132,102,-1,102,132,135,-1,102,135,100,-1,100,135,137,-1,100,137,98,-1,98,137,139,-1,98,139,96,-1,96,139,141,-1,96,141,94,-1,94,141,143,-1,94,143,92,-1,92,143,145,-1,92,145,90,-1,90,145,150,-1,90,150,88,-1,88,150,148,-1,88,148,147,-1,194,195,196,-1,196,195,197,-1,198,199,200,-1,201,202,197,-1,197,202,203,-1,204,205,206,-1,206,205,207,-1,203,208,197,-1,197,208,209,-1,197,209,196,-1,196,209,210,-1,196,210,204,-1,204,210,211,-1,204,211,205,-1,212,213,207,-1,207,213,214,-1,207,214,206,-1,215,216,217,-1,217,216,218,-1,217,218,219,-1,219,218,220,-1,219,220,221,-1,221,220,222,-1,221,222,223,-1,223,222,224,-1,223,224,212,-1,212,224,225,-1,212,225,213,-1,200,201,198,-1,198,201,197,-1,198,197,226,-1,226,197,227,-1,226,227,228,-1,228,227,229,-1,228,229,230,-1,230,229,231,-1,230,231,232,-1,232,231,233,-1,232,233,234,-1,234,233,235,-1,234,235,236,-1,236,235,237,-1,236,237,238,-1,238,237,239,-1,238,239,240,-1,240,239,241,-1,240,241,242,-1,242,241,243,-1,242,243,244,-1,244,243,245,-1,246,247,248,-1,248,247,249,-1,248,249,250,-1,250,249,251,-1,250,251,252,-1,252,251,253,-1,252,253,215,-1,215,253,254,-1,215,254,216,-1,198,255,199,-1,199,255,256,-1,199,256,257,-1,257,256,258,-1,257,258,259,-1,259,258,260,-1,259,260,261,-1,261,260,262,-1,261,262,246,-1,246,262,263,-1,246,263,247,-1,238,264,265,-1,238,265,236,-1,236,265,266,-1,236,266,234,-1,234,266,267,-1,234,267,232,-1,232,267,268,-1,232,268,230,-1,230,268,269,-1,230,269,228,-1,228,269,270,-1,228,270,226,-1,226,270,271,-1,226,271,198,-1,255,198,272,-1,272,198,271,-1,255,272,273,-1,255,273,256,-1,256,273,274,-1,256,274,258,-1,258,274,275,-1,258,275,260,-1,260,275,276,-1,260,276,262,-1,262,276,277,-1,262,277,263,-1,263,277,278,-1,263,278,247,-1,247,278,279,-1,247,279,249,-1,249,279,280,-1,249,280,251,-1,251,280,281,-1,251,281,253,-1,253,281,282,-1,253,282,254,-1,254,282,283,-1,254,283,216,-1,284,224,222,-1,216,283,285,-1,216,285,218,-1,218,285,286,-1,218,286,220,-1,220,286,287,-1,220,287,222,-1,222,287,288,-1,222,288,284,-1,224,284,289,-1,224,289,225,-1,225,289,290,-1,225,290,213,-1,213,290,291,-1,213,291,214,-1,214,291,292,-1,214,292,206,-1,206,292,293,-1,206,293,204,-1,196,204,294,-1,294,204,293,-1,194,196,295,-1,295,196,294,-1,195,194,296,-1,296,194,295,-1,197,195,297,-1,297,195,296,-1,197,297,298,-1,197,298,227,-1,227,298,299,-1,227,299,229,-1,229,299,300,-1,229,300,231,-1,231,300,301,-1,231,301,233,-1,233,301,302,-1,233,302,235,-1,235,302,303,-1,235,303,237,-1,237,303,304,-1,237,304,239,-1,239,304,305,-1,239,305,241,-1,241,305,306,-1,241,306,243,-1,243,306,307,-1,243,307,245,-1,244,245,308,-1,308,245,307,-1,244,308,309,-1,244,309,242,-1,242,309,310,-1,242,310,240,-1,240,310,264,-1,240,264,238,-1,211,311,312,-1,211,312,205,-1,205,312,313,-1,205,313,207,-1,207,313,314,-1,207,314,212,-1,212,314,315,-1,212,315,223,-1,203,316,317,-1,203,317,208,-1,208,317,318,-1,208,318,209,-1,209,318,319,-1,209,319,210,-1,210,319,311,-1,210,311,211,-1,203,202,316,-1,316,202,320,-1,202,201,320,-1,320,201,321,-1,257,322,323,-1,257,323,199,-1,199,323,324,-1,199,324,200,-1,200,324,321,-1,200,321,201,-1,248,325,326,-1,248,326,246,-1,246,326,327,-1,246,327,261,-1,261,327,328,-1,261,328,259,-1,259,328,322,-1,259,322,257,-1,217,329,330,-1,217,330,215,-1,215,330,331,-1,215,331,252,-1,252,331,332,-1,252,332,250,-1,250,332,325,-1,250,325,248,-1,223,315,333,-1,223,333,221,-1,221,333,334,-1,221,334,219,-1,219,334,329,-1,219,329,217,-1,
        ]
    }
}
Shape{
    appearance Appearance {
        material  Material 	{
            diffuseColor 0.20784313725490197 0.20784313725490197 0.20784313725490197
            specularColor 0.01568627450980392 0.01568627450980392 0.01568627450980392
            ambientIntensity 0.2
            transparency 0
            shininess 0.5
        }
    }
    geometry IndexedFaceSet {
        ccw TRUE
        solid FALSE
        coord DEF co Coordinate {
            point [
                0.1855 -0.2023 0.2087, 0.1863 -0.2013 0.2087, 0.1774 -0.2 0.2087, 0.1872 -0.1979 0.2087, 0.1872 -0.1958 0.2087, 0.1821 -0.1964 0.2087, 0.1776 -0.1991 0.2087, 0.1798 -0.197 0.2087, 0.1789 -0.1974 0.2087, 0.1784 -0.1978 0.2087, 0.1779 -0.1984 0.2087, 0.1869 -0.2 0.2087, 0.1872 -0.1984 0.2087, 0.1773 -0.2006 0.2087, 0.1774 -0.2015 0.2087, 0.1777 -0.2021 0.2087, 0.1801 -0.204 0.2087, 0.1814 -0.2041 0.2087, 0.185 -0.2029 0.2087, 0.1827 -0.204 0.2087, 0.1839 -0.2036 0.2087, 0.1781 -0.2028 0.2087, 0.1784 -0.2031 0.2087, 0.1792 -0.2036 0.2087, 0.1792 -0.2036 0.2087
            ]
        }
        coordIndex [
            0,1,2,-1,3,4,5,-1,2,1,6,-1,5,7,3,-1,3,7,8,-1,3,8,9,-1,6,1,10,-1,10,1,11,-1,10,11,9,-1,9,11,12,-1,9,12,3,-1,2,13,0,-1,0,13,14,-1,0,14,15,-1,16,17,18,-1,18,17,19,-1,18,19,20,-1,15,21,0,-1,0,21,22,-1,0,22,18,-1,18,22,23,-1,18,23,16,-1,
        ]
    }
}
Shape{
    appearance Appearance {
        material  Material 	{
            diffuseColor 1.0 1.0 1.0
            specularColor 0.8784313725490196 0.8784313725490196 0.8784313725490196
            ambientIntensity 0.2
            transparency 0
            shininess 0.5
        }
    }
    geometry IndexedFaceSet {
        ccw TRUE
        solid FALSE
        coord DEF co Coordinate {
            point [
                0.0121 -0.154 0.2126, 0.017 -0.1514 0.2126, 0.0159 -0.138 0.2126, 0.0528 -0.1848 0.2126, 0.0363 -0.1912 0.2126, 0.0377 -0.1913 0.2126, 0.0583 -0.1994 0.2126, 0.0447 -0.2004 0.2126, 0.0581 -0.2018 0.2126, 0.0443 -0.2025 0.2126, 0.0295 -0.1373 0.2126, 0.0363 -0.1533 0.2126, 0.0396 -0.1463 0.2126, 0.0251 -0.2181 0.2126, 0.016 -0.1918 0.2126, 0.0209 -0.2148 0.2126, 0.0177 -0.2107 0.2126, 0.0245 -0.1369 0.2126, 0.0431 -0.1946 0.2126, 0.0441 -0.1963 0.2126, 0.0446 -0.1983 0.2126, 0.0888 -0.1811 0.2126, 0.082 -0.1696 0.2126, 0.0583 -0.1973 0.2126, 0.0343 -0.2079 0.2126, 0.0323 -0.2072 0.2126, 0.0306 -0.2059 0.2126, 0.0342 -0.1914 0.2126, 0.0317 -0.178 0.2126, 0.0323 -0.1921 0.2126, 0.0269 -0.1797 0.2126, 0.0306 -0.1933 0.2126, 0.0224 -0.1827 0.2126, 0.0295 -0.1945 0.2126, 0.0187 -0.1867 0.2126, 0.0284 -0.1963 0.2126, 0.0162 -0.1912 0.2126, 0.0279 -0.1984 0.2126, 0.0448 -0.179 0.2126, 0.0395 -0.1776 0.2126, 0.0365 -0.1774 0.2126, 0.0398 -0.1919 0.2126, 0.0416 -0.193 0.2126, 0.0959 -0.1596 0.2126, 0.0977 -0.1596 0.2126, 0.1066 -0.1478 0.2126, 0.1018 -0.1601 0.2126, 0.1076 -0.1481 0.2126, 0.1056 -0.1615 0.2126, 0.1141 -0.1514 0.2126, 0.1201 -0.1563 0.2126, 0.034 -0.1321 0.2126, 0.0445 -0.1405 0.2126, 0.0391 -0.1278 0.2126, 0.0503 -0.1363 0.2126, 0.0444 -0.1245 0.2126, 0.0117 -0.1893 0.2126, 0.013 -0.2056 0.2126, 0.0158 -0.2064 0.2126, 0.0223 -0.1501 0.2126, 0.0247 -0.15 0.2126, 0.027 -0.137 0.2126, 0.0293 -0.1505 0.2126, 0.0342 -0.1522 0.2126, 0.0493 -0.1816 0.2126, 0.109 -0.1639 0.2126, 0.1116 -0.1668 0.2126, 0.1245 -0.1625 0.2126, 0.1136 -0.1705 0.2126, 0.1272 -0.1692 0.2126, 0.1282 -0.1763 0.2126, 0.1146 -0.1747 0.2126, 0.1147 -0.1766 0.2126, 0.1272 -0.1841 0.2126, 0.1142 -0.1808 0.2126, 0.1245 -0.191 0.2126, 0.1127 -0.1847 0.2126, 0.1201 -0.197 0.2126, 0.0078 -0.1411 0.2126, 0.0009 -0.146 0.2126, 0.0081 -0.1577 0.2126, -0.0006 -0.1474 0.2126, 0.0052 -0.1621 0.2126, -0.0058 -0.1541 0.2126, 0.0035 -0.167 0.2126, 0.0292 -0.2044 0.2126, 0.0283 -0.2025 0.2126, 0.0278 -0.2005 0.2126, 0.1103 -0.1881 0.2126, 0.1099 -0.1884 0.2126, 0.1142 -0.202 0.2126, 0.1067 -0.191 0.2126, 0.1076 -0.2053 0.2126, 0.1029 -0.1928 0.2126, 0.1003 -0.2068 0.2126, 0.099 -0.1936 0.2126, 0.0875 -0.2068 0.2126, 0.0892 -0.1936 0.2126, 0.0863 -0.2067 0.2126, 0.0949 -0.1306 0.2126, 0.0863 -0.1405 0.2126, 0.102 -0.1389 0.2126, 0.0912 -0.1464 0.2126, 0.0946 -0.1534 0.2126, 0.0301 -0.2203 0.2126, 0.0352 -0.2212 0.2126, 0.0363 -0.2082 0.2126, 0.0365 -0.2212 0.2126, 0.0383 -0.2079 0.2126, 0.0412 -0.2207 0.2126, 0.0402 -0.2072 0.2126, 0.0461 -0.2189 0.2126, 0.0419 -0.206 0.2126, 0.0505 -0.216 0.2126, 0.0433 -0.2044 0.2126, 0.0542 -0.212 0.2126, 0.0568 -0.2072 0.2126, 0.0544 -0.1206 0.2126, 0.0574 -0.1334 0.2126, 0.0652 -0.1193 0.2126, 0.0654 -0.1323 0.2126, 0.0742 -0.1202 0.2126, 0.0729 -0.1333 0.2126, 0.0851 -0.1241 0.2126, 0.0797 -0.1359 0.2126, 0.0858 -0.1401 0.2126, -0.0093 -0.162 0.2126, -0.0107 -0.1702 0.2126, 0.0029 -0.1718 0.2126, -0.0108 -0.1722 0.2126, 0.0032 -0.1754 0.2126, -0.0097 -0.1808 0.2126, 0.0049 -0.1807 0.2126, -0.0066 -0.1889 0.2126, 0.0077 -0.1854 0.2126, -0.0016 -0.196 0.2126, 0.0051 -0.2017 0.2126, 0.0881 -0.1934 0.2126, 0.0828 -0.2045 0.2126, 0.0835 -0.2052 0.2126, 0.0811 -0.2001 0.2126, 0.0813 -0.2017 0.2126, 0.0819 -0.2032 0.2126, 0.0888 -0.1935 0.2126, 0.0849 -0.2061 0.2126, 0.0863 -0.1935 0.2126, 0.0848 -0.1941 0.2126, 0.0812 -0.1994 0.2126, 0.0834 -0.1951 0.2126, 0.0824 -0.1962 0.2126, 0.0816 -0.1978 0.2126, 0.0879 -0.1933 0.2126, 0.1215 -0.1584 0.2087, 0.1245 -0.1625 0.2087, 0.1265 -0.1674 0.2087, 0.1272 -0.1692 0.2087, 0.1282 -0.1763 0.2087, 0.1201 -0.1563 0.2087, 0.1141 -0.1514 0.2087, 0.1076 -0.1481 0.2087, 0.1066 -0.1478 0.2087, 0.102 -0.1389 0.2087, 0.0949 -0.1306 0.2087, 0.0899 -0.1272 0.2087, 0.0851 -0.1241 0.2087, 0.0742 -0.1202 0.2087, 0.0652 -0.1193 0.2087, 0.0391 -0.1278 0.2087, 0.04 -0.1272 0.2087, 0.0444 -0.1245 0.2087, 0.0544 -0.1206 0.2087, 0.034 -0.1321 0.2087, 0.0295 -0.1373 0.2087, 0.027 -0.137 0.2087, 0.0245 -0.1369 0.2087, 0.0159 -0.138 0.2087, 0.0078 -0.1411 0.2087, 0.0009 -0.146 0.2087, -0.0006 -0.1474 0.2087, -0.0058 -0.1541 0.2087, -0.0077 -0.1584 0.2087, -0.0093 -0.162 0.2087, -0.0102 -0.1674 0.2087, -0.0107 -0.1702 0.2087, -0.0108 -0.1722 0.2087, -0.0097 -0.1808 0.2087, -0.0066 -0.1889 0.2087, -0.0016 -0.196 0.2087, 0.0051 -0.2017 0.2087, 0.013 -0.2056 0.2087, 0.0158 -0.2064 0.2087, 0.016 -0.207 0.2087, 0.0177 -0.2107 0.2087, 0.0209 -0.2148 0.2087, 0.0251 -0.2181 0.2087, 0.0275 -0.2191 0.2087, 0.0301 -0.2203 0.2087, 0.0352 -0.2212 0.2087, 0.0365 -0.2212 0.2087, 0.0583 -0.1994 0.2087, 0.0412 -0.2207 0.2087, 0.0456 -0.2191 0.2087, 0.0461 -0.2189 0.2087, 0.0505 -0.216 0.2087, 0.0542 -0.212 0.2087, 0.0568 -0.2072 0.2087, 0.0569 -0.207 0.2087, 0.0581 -0.2018 0.2087, 0.0583 -0.1973 0.2087, 0.0888 -0.1811 0.2087, 0.082 -0.1696 0.2087, 0.0528 -0.1848 0.2087, 0.0493 -0.1816 0.2087, 0.0448 -0.179 0.2087, 0.0395 -0.1776 0.2087, 0.0365 -0.1774 0.2087, 0.0317 -0.178 0.2087, 0.0269 -0.1797 0.2087, 0.0224 -0.1827 0.2087, 0.0187 -0.1867 0.2087, 0.0162 -0.1912 0.2087, 0.016 -0.1918 0.2087, 0.0117 -0.1893 0.2087, 0.0077 -0.1854 0.2087, 0.0049 -0.1807 0.2087, 0.0032 -0.1754 0.2087, 0.0029 -0.1718 0.2087, 0.0034 -0.1674 0.2087, 0.0035 -0.167 0.2087, 0.0052 -0.1621 0.2087, 0.0077 -0.1584 0.2087, 0.0081 -0.1577 0.2087, 0.0121 -0.154 0.2087, 0.017 -0.1514 0.2087, 0.0223 -0.1501 0.2087, 0.0247 -0.15 0.2087, 0.0293 -0.1505 0.2087, 0.0342 -0.1522 0.2087, 0.0363 -0.1533 0.2087, 0.0396 -0.1463 0.2087, 0.0445 -0.1405 0.2087, 0.0503 -0.1363 0.2087, 0.0574 -0.1334 0.2087, 0.0654 -0.1323 0.2087, 0.0959 -0.1596 0.2087, 0.0957 -0.1584 0.2087, 0.0946 -0.1534 0.2087, 0.0912 -0.1464 0.2087, 0.0863 -0.1405 0.2087, 0.0858 -0.1401 0.2087, 0.0797 -0.1359 0.2087, 0.0729 -0.1333 0.2087, 0.0977 -0.1596 0.2087, 0.1018 -0.1601 0.2087, 0.1056 -0.1615 0.2087, 0.109 -0.1639 0.2087, 0.1116 -0.1668 0.2087, 0.1119 -0.1674 0.2087, 0.1136 -0.1705 0.2087, 0.1146 -0.1747 0.2087, 0.1147 -0.1766 0.2087, 0.1142 -0.1808 0.2087, 0.1127 -0.1847 0.2087, 0.1103 -0.1881 0.2087, 0.1099 -0.1884 0.2087, 0.1067 -0.191 0.2087, 0.1029 -0.1928 0.2087, 0.099 -0.1936 0.2087, 0.0892 -0.1936 0.2087, 0.0888 -0.1935 0.2087, 0.0881 -0.1934 0.2087, 0.0879 -0.1933 0.2087, 0.0863 -0.1935 0.2087, 0.0848 -0.1941 0.2087, 0.0834 -0.1951 0.2087, 0.0824 -0.1962 0.2087, 0.0816 -0.1978 0.2087, 0.0812 -0.1994 0.2087, 0.0811 -0.2001 0.2087, 0.0813 -0.2017 0.2087, 0.0819 -0.2032 0.2087, 0.0828 -0.2045 0.2087, 0.0835 -0.2052 0.2087, 0.0849 -0.2061 0.2087, 0.0863 -0.2067 0.2087, 0.0875 -0.2068 0.2087, 0.1003 -0.2068 0.2087, 0.1076 -0.2053 0.2087, 0.1142 -0.202 0.2087, 0.1201 -0.197 0.2087, 0.1245 -0.191 0.2087, 0.1272 -0.1841 0.2087, 0.0363 -0.1912 0.2087, 0.0377 -0.1913 0.2087, 0.0398 -0.1919 0.2087, 0.0416 -0.193 0.2087, 0.0431 -0.1946 0.2087, 0.0441 -0.1963 0.2087, 0.0446 -0.1983 0.2087, 0.0447 -0.2004 0.2087, 0.0443 -0.2025 0.2087, 0.0433 -0.2044 0.2087, 0.0419 -0.206 0.2087, 0.0402 -0.2072 0.2087, 0.0383 -0.2079 0.2087, 0.0363 -0.2082 0.2087, 0.0343 -0.2079 0.2087, 0.0323 -0.2072 0.2087, 0.0306 -0.2059 0.2087, 0.0292 -0.2044 0.2087, 0.0283 -0.2025 0.2087, 0.0278 -0.2005 0.2087, 0.0279 -0.1984 0.2087, 0.0284 -0.1963 0.2087, 0.0295 -0.1945 0.2087, 0.0306 -0.1933 0.2087, 0.0323 -0.1921 0.2087, 0.0342 -0.1914 0.2087, 0.0342 -0.1914 0.2087
            ]
        }
        coordIndex [
            0,1,2,-1,3,4,5,-1,6,7,8,-1,8,7,9,-1,10,11,12,-1,13,14,15,-1,15,14,16,-1,2,1,17,-1,18,19,6,-1,6,19,20,-1,6,20,7,-1,21,22,23,-1,23,22,3,-1,24,25,13,-1,13,25,26,-1,27,28,29,-1,29,28,30,-1,29,30,31,-1,31,30,32,-1,31,32,33,-1,33,32,34,-1,33,34,35,-1,35,34,36,-1,35,36,37,-1,37,36,14,-1,38,39,27,-1,27,39,40,-1,27,40,28,-1,3,5,23,-1,23,5,41,-1,23,41,6,-1,6,41,42,-1,6,42,18,-1,43,44,45,-1,45,44,46,-1,45,46,47,-1,47,46,48,-1,47,48,49,-1,49,48,50,-1,10,12,51,-1,51,12,52,-1,51,52,53,-1,53,52,54,-1,53,54,55,-1,56,57,14,-1,14,57,58,-1,14,58,16,-1,1,59,17,-1,17,59,60,-1,17,60,61,-1,61,60,62,-1,61,62,10,-1,10,62,63,-1,10,63,11,-1,4,3,27,-1,27,3,64,-1,27,64,38,-1,48,65,50,-1,50,65,66,-1,50,66,67,-1,67,66,68,-1,67,68,69,-1,69,68,70,-1,68,71,70,-1,70,71,72,-1,70,72,73,-1,73,72,74,-1,73,74,75,-1,75,74,76,-1,75,76,77,-1,2,78,0,-1,0,78,79,-1,0,79,80,-1,80,79,81,-1,80,81,82,-1,82,81,83,-1,82,83,84,-1,26,85,13,-1,13,85,86,-1,13,86,14,-1,14,86,87,-1,14,87,37,-1,76,88,77,-1,77,88,89,-1,77,89,90,-1,90,89,91,-1,90,91,92,-1,92,91,93,-1,92,93,94,-1,94,93,95,-1,94,95,96,-1,96,95,97,-1,96,97,98,-1,99,100,101,-1,101,100,102,-1,101,102,45,-1,45,102,103,-1,45,103,43,-1,13,104,24,-1,24,104,105,-1,24,105,106,-1,106,105,107,-1,106,107,108,-1,108,107,109,-1,108,109,110,-1,110,109,111,-1,110,111,112,-1,112,111,113,-1,112,113,114,-1,114,113,115,-1,114,115,9,-1,9,115,116,-1,9,116,8,-1,55,54,117,-1,117,54,118,-1,117,118,119,-1,119,118,120,-1,119,120,121,-1,121,120,122,-1,121,122,123,-1,123,122,124,-1,123,124,99,-1,99,124,125,-1,99,125,100,-1,83,126,84,-1,84,126,127,-1,84,127,128,-1,128,127,129,-1,128,129,130,-1,130,129,131,-1,130,131,132,-1,132,131,133,-1,132,133,134,-1,134,133,135,-1,134,135,56,-1,56,135,136,-1,56,136,57,-1,137,138,139,-1,140,141,137,-1,137,141,142,-1,137,142,138,-1,97,143,98,-1,98,143,137,-1,98,137,144,-1,144,137,139,-1,145,146,147,-1,146,148,147,-1,147,148,149,-1,147,149,150,-1,140,137,147,-1,147,137,151,-1,147,151,145,-1,152,50,153,-1,153,50,67,-1,153,67,154,-1,154,67,69,-1,154,69,155,-1,155,69,70,-1,155,70,156,-1,152,157,50,-1,50,157,158,-1,50,158,49,-1,49,158,159,-1,49,159,47,-1,47,159,160,-1,47,160,45,-1,45,160,161,-1,45,161,101,-1,101,161,162,-1,101,162,99,-1,99,162,123,-1,123,162,163,-1,163,164,123,-1,123,164,165,-1,123,165,121,-1,121,165,166,-1,121,166,119,-1,167,53,168,-1,168,53,55,-1,168,55,169,-1,169,55,117,-1,169,117,170,-1,170,117,119,-1,170,119,166,-1,53,167,171,-1,53,171,51,-1,51,171,172,-1,51,172,10,-1,10,172,173,-1,10,173,61,-1,61,173,174,-1,61,174,17,-1,17,174,175,-1,17,175,2,-1,2,175,176,-1,2,176,78,-1,78,176,177,-1,78,177,79,-1,79,177,178,-1,79,178,81,-1,126,83,179,-1,179,83,81,-1,179,81,178,-1,179,180,126,-1,126,180,181,-1,126,181,127,-1,127,181,182,-1,182,183,127,-1,127,183,184,-1,127,184,129,-1,129,184,185,-1,129,185,131,-1,131,185,186,-1,131,186,133,-1,133,186,187,-1,133,187,135,-1,135,187,188,-1,135,188,136,-1,136,188,189,-1,136,189,57,-1,57,189,190,-1,57,190,58,-1,58,190,191,-1,58,191,16,-1,191,192,16,-1,16,192,193,-1,16,193,15,-1,15,193,194,-1,15,194,13,-1,13,194,195,-1,13,195,104,-1,195,196,104,-1,104,196,197,-1,104,197,105,-1,105,197,198,-1,105,198,107,-1,199,6,8,-1,107,198,200,-1,107,200,109,-1,109,200,201,-1,109,201,111,-1,201,202,111,-1,111,202,203,-1,111,203,113,-1,113,203,204,-1,113,204,115,-1,115,204,205,-1,115,205,116,-1,116,205,206,-1,116,206,8,-1,8,206,207,-1,8,207,199,-1,23,6,208,-1,208,6,199,-1,21,23,209,-1,209,23,208,-1,22,21,210,-1,210,21,209,-1,3,22,211,-1,211,22,210,-1,3,211,212,-1,3,212,64,-1,64,212,213,-1,64,213,38,-1,38,213,214,-1,38,214,39,-1,39,214,215,-1,39,215,40,-1,40,215,216,-1,40,216,28,-1,28,216,217,-1,28,217,30,-1,30,217,218,-1,30,218,32,-1,32,218,219,-1,32,219,34,-1,34,219,220,-1,34,220,36,-1,36,220,221,-1,36,221,14,-1,14,221,222,-1,14,222,56,-1,56,222,223,-1,56,223,134,-1,134,223,224,-1,134,224,132,-1,132,224,225,-1,132,225,130,-1,130,225,226,-1,130,226,128,-1,226,227,128,-1,128,227,84,-1,227,228,84,-1,84,228,229,-1,84,229,82,-1,82,229,230,-1,82,230,80,-1,230,231,80,-1,80,231,232,-1,80,232,0,-1,0,232,233,-1,0,233,1,-1,1,233,234,-1,1,234,59,-1,59,234,235,-1,59,235,60,-1,60,235,236,-1,60,236,62,-1,62,236,237,-1,62,237,63,-1,63,237,238,-1,63,238,11,-1,11,238,239,-1,11,239,12,-1,12,239,240,-1,12,240,52,-1,52,240,241,-1,52,241,54,-1,54,241,242,-1,54,242,118,-1,118,242,243,-1,118,243,120,-1,244,43,245,-1,245,43,103,-1,245,103,246,-1,246,103,102,-1,246,102,247,-1,247,102,100,-1,247,100,248,-1,248,100,125,-1,248,125,249,-1,249,125,124,-1,249,124,250,-1,250,124,122,-1,250,122,251,-1,251,122,120,-1,251,120,243,-1,44,43,252,-1,252,43,244,-1,44,252,253,-1,44,253,46,-1,46,253,254,-1,46,254,48,-1,48,254,255,-1,48,255,65,-1,65,255,256,-1,65,256,66,-1,66,256,257,-1,66,257,68,-1,257,258,68,-1,68,258,259,-1,68,259,71,-1,71,259,260,-1,71,260,72,-1,72,260,261,-1,72,261,74,-1,74,261,262,-1,74,262,76,-1,76,262,263,-1,76,263,88,-1,88,263,264,-1,88,264,89,-1,89,264,265,-1,89,265,91,-1,91,265,266,-1,91,266,93,-1,93,266,267,-1,93,267,95,-1,97,95,268,-1,268,95,267,-1,97,268,269,-1,97,269,143,-1,143,269,270,-1,143,270,137,-1,137,270,271,-1,137,271,151,-1,151,271,272,-1,151,272,145,-1,145,272,273,-1,145,273,146,-1,146,273,274,-1,146,274,148,-1,148,274,275,-1,148,275,149,-1,149,275,276,-1,149,276,150,-1,150,276,277,-1,150,277,147,-1,147,277,278,-1,147,278,140,-1,140,278,279,-1,140,279,141,-1,141,279,280,-1,141,280,142,-1,142,280,281,-1,142,281,138,-1,138,281,282,-1,138,282,139,-1,139,282,283,-1,139,283,144,-1,144,283,284,-1,144,284,98,-1,98,284,285,-1,98,285,96,-1,94,96,286,-1,286,96,285,-1,94,286,287,-1,94,287,92,-1,92,287,288,-1,92,288,90,-1,90,288,289,-1,90,289,77,-1,77,289,290,-1,77,290,75,-1,75,290,291,-1,75,291,73,-1,73,291,156,-1,73,156,70,-1,4,292,293,-1,4,293,5,-1,5,293,294,-1,5,294,41,-1,41,294,295,-1,41,295,42,-1,42,295,296,-1,42,296,18,-1,18,296,297,-1,18,297,19,-1,19,297,298,-1,19,298,20,-1,20,298,299,-1,20,299,7,-1,7,299,300,-1,7,300,9,-1,9,300,301,-1,9,301,114,-1,114,301,302,-1,114,302,112,-1,112,302,303,-1,112,303,110,-1,110,303,304,-1,110,304,108,-1,108,304,305,-1,108,305,106,-1,106,305,306,-1,106,306,24,-1,24,306,307,-1,24,307,25,-1,25,307,308,-1,25,308,26,-1,26,308,309,-1,26,309,85,-1,85,309,310,-1,85,310,86,-1,86,310,311,-1,86,311,87,-1,87,311,312,-1,87,312,37,-1,37,312,313,-1,37,313,35,-1,35,313,314,-1,35,314,33,-1,33,314,315,-1,33,315,31,-1,31,315,316,-1,31,316,29,-1,29,316,317,-1,29,317,27,-1,27,317,292,-1,27,292,4,-1,
        ]
    }
}
Shape{
    appearance Appearance {
        material  Material 	{
            diffuseColor 0.20784313725490197 0.20784313725490197 0.20784313725490197
            specularColor 0.01568627450980392 0.01568627450980392 0.01568627450980392
            ambientIntensity 0.2
            transparency 0
            shininess 0.5
        }
    }
    geometry IndexedFaceSet {
        ccw TRUE
        solid FALSE
        coord DEF co Coordinate {
            point [
                0.0363 -0.2082 0.2087, 0.0306 -0.1933 0.2087, 0.0295 -0.1945 0.2087, 0.0363 -0.1912 0.2087, 0.0377 -0.1913 0.2087, 0.0383 -0.2079 0.2087, 0.0342 -0.1914 0.2087, 0.0323 -0.1921 0.2087, 0.0419 -0.206 0.2087, 0.0431 -0.1946 0.2087, 0.0416 -0.193 0.2087, 0.0283 -0.2025 0.2087, 0.0292 -0.2044 0.2087, 0.0306 -0.2059 0.2087, 0.0402 -0.2072 0.2087, 0.0398 -0.1919 0.2087, 0.0284 -0.1963 0.2087, 0.0279 -0.1984 0.2087, 0.0278 -0.2005 0.2087, 0.0323 -0.2072 0.2087, 0.0343 -0.2079 0.2087, 0.0443 -0.2025 0.2087, 0.0447 -0.2004 0.2087, 0.0433 -0.2044 0.2087, 0.0446 -0.1983 0.2087, 0.0441 -0.1963 0.2087, 0.0441 -0.1963 0.2087
            ]
        }
        coordIndex [
            0,1,2,-1,3,0,4,-1,4,0,5,-1,3,6,0,-1,0,6,7,-1,0,7,1,-1,8,9,10,-1,11,12,2,-1,2,12,13,-1,5,14,4,-1,4,14,8,-1,4,8,15,-1,15,8,10,-1,16,17,2,-1,2,17,18,-1,2,18,11,-1,13,19,2,-1,2,19,20,-1,2,20,0,-1,21,22,23,-1,23,22,24,-1,23,24,8,-1,8,24,25,-1,8,25,9,-1,
        ]
    }
}
Shape{
    appearance Appearance {
        material  Material 	{
            diffuseColor 1.0 1.0 1.0
            specularColor 0.8784313725490196 0.8784313725490196 0.8784313725490196
            ambientIntensity 0.2
            transparency 0
            shininess 0.5
        }
    }
    geometry IndexedFaceSet {
        ccw TRUE
        solid FALSE
        coord DEF co Coordinate {
            point [
                0.2405 -0.1349 0.2126, 0.2434 -0.1325 0.2126, 0.2395 -0.1339 0.2126, 0.2424 -0.1315 0.2126, 0.2372 -0.1324 0.2126, 0.2392 -0.1294 0.2126, 0.2346 -0.1314 0.2126, 0.2355 -0.128 0.2126, 0.2306 -0.131 0.2126, 0.2308 -0.1275 0.2126, 0.226 -0.131 0.2126, 0.222 -0.1275 0.2126, 0.226 -0.1546 0.2126, 0.222 -0.1581 0.2126, 0.2304 -0.1546 0.2126, 0.2305 -0.1581 0.2126, 0.2343 -0.1542 0.2126, 0.2353 -0.1576 0.2126, 0.237 -0.1533 0.2126, 0.2389 -0.1563 0.2126, 0.239 -0.152 0.2126, 0.2419 -0.1543 0.2126, 0.2396 -0.1514 0.2126, 0.2424 -0.1538 0.2126, 0.2411 -0.1496 0.2126, 0.2447 -0.1511 0.2126, 0.2421 -0.1473 0.2126, 0.2462 -0.1479 0.2126, 0.2427 -0.1445 0.2126, 0.2469 -0.1443 0.2126, 0.2428 -0.1425 0.2126, 0.247 -0.1424 0.2126, 0.2425 -0.139 0.2126, 0.2465 -0.1381 0.2126, 0.2416 -0.1367 0.2126, 0.2453 -0.1352 0.2126, 0.2424 -0.1538 0.2087, 0.2447 -0.1511 0.2087, 0.2462 -0.1479 0.2087, 0.2469 -0.1443 0.2087, 0.247 -0.1424 0.2087, 0.2465 -0.1381 0.2087, 0.2453 -0.1352 0.2087, 0.2434 -0.1325 0.2087, 0.2424 -0.1315 0.2087, 0.2308 -0.1275 0.2087, 0.2392 -0.1294 0.2087, 0.2361 -0.1282 0.2087, 0.2355 -0.128 0.2087, 0.222 -0.1275 0.2087, 0.222 -0.1581 0.2087, 0.2305 -0.1581 0.2087, 0.2353 -0.1576 0.2087, 0.2361 -0.1573 0.2087, 0.2389 -0.1563 0.2087, 0.2419 -0.1543 0.2087, 0.2395 -0.1339 0.2087, 0.2405 -0.1349 0.2087, 0.2416 -0.1367 0.2087, 0.2425 -0.139 0.2087, 0.2428 -0.1425 0.2087, 0.2306 -0.131 0.2087, 0.2346 -0.1314 0.2087, 0.2372 -0.1324 0.2087, 0.226 -0.131 0.2087, 0.226 -0.1546 0.2087, 0.2304 -0.1546 0.2087, 0.2396 -0.1514 0.2087, 0.239 -0.152 0.2087, 0.237 -0.1533 0.2087, 0.2343 -0.1542 0.2087, 0.2427 -0.1445 0.2087, 0.2421 -0.1473 0.2087, 0.2411 -0.1496 0.2087, 0.2411 -0.1496 0.2087
            ]
        }
        coordIndex [
            0,1,2,-1,2,1,3,-1,2,3,4,-1,4,3,5,-1,4,5,6,-1,6,5,7,-1,6,7,8,-1,8,7,9,-1,8,9,10,-1,10,9,11,-1,10,11,12,-1,12,11,13,-1,12,13,14,-1,14,13,15,-1,14,15,16,-1,16,15,17,-1,16,17,18,-1,18,17,19,-1,18,19,20,-1,20,19,21,-1,20,21,22,-1,22,21,23,-1,22,23,24,-1,24,23,25,-1,24,25,26,-1,26,25,27,-1,26,27,28,-1,28,27,29,-1,28,29,30,-1,30,29,31,-1,30,31,32,-1,32,31,33,-1,32,33,34,-1,34,33,35,-1,34,35,0,-1,0,35,1,-1,23,36,37,-1,23,37,25,-1,25,37,38,-1,25,38,27,-1,27,38,39,-1,27,39,29,-1,29,39,40,-1,29,40,31,-1,31,40,41,-1,31,41,33,-1,33,41,42,-1,33,42,35,-1,35,42,43,-1,35,43,1,-1,1,43,44,-1,1,44,3,-1,45,9,7,-1,3,44,46,-1,3,46,5,-1,5,46,47,-1,5,47,7,-1,7,47,48,-1,7,48,45,-1,11,9,49,-1,49,9,45,-1,13,11,50,-1,50,11,49,-1,15,13,51,-1,51,13,50,-1,15,51,52,-1,15,52,17,-1,17,52,53,-1,17,53,19,-1,53,54,19,-1,19,54,55,-1,19,55,21,-1,21,55,36,-1,21,36,23,-1,2,56,57,-1,2,57,0,-1,0,57,58,-1,0,58,34,-1,34,58,59,-1,34,59,32,-1,32,59,60,-1,32,60,30,-1,8,61,62,-1,8,62,6,-1,6,62,63,-1,6,63,4,-1,4,63,56,-1,4,56,2,-1,8,10,61,-1,61,10,64,-1,10,12,64,-1,64,12,65,-1,12,14,65,-1,65,14,66,-1,22,67,68,-1,22,68,20,-1,20,68,69,-1,20,69,18,-1,18,69,70,-1,18,70,16,-1,16,70,66,-1,16,66,14,-1,30,60,71,-1,30,71,28,-1,28,71,72,-1,28,72,26,-1,26,72,73,-1,26,73,24,-1,24,73,67,-1,24,67,22,-1,
        ]
    }
}
Shape{
    appearance Appearance {
        material  Material 	{
            diffuseColor 0.20784313725490197 0.20784313725490197 0.20784313725490197
            specularColor 0.01568627450980392 0.01568627450980392 0.01568627450980392
            ambientIntensity 0.2
            transparency 0
            shininess 0.5
        }
    }
    geometry IndexedFaceSet {
        ccw TRUE
        solid FALSE
        coord DEF co Coordinate {
            point [
                0.226 -0.131 0.2087, 0.226 -0.1546 0.2087, 0.2306 -0.131 0.2087, 0.2304 -0.1546 0.2087, 0.2343 -0.1542 0.2087, 0.237 -0.1533 0.2087, 0.239 -0.152 0.2087, 0.2396 -0.1514 0.2087, 0.2411 -0.1496 0.2087, 0.2421 -0.1473 0.2087, 0.2427 -0.1445 0.2087, 0.2428 -0.1425 0.2087, 0.2425 -0.139 0.2087, 0.2416 -0.1367 0.2087, 0.2405 -0.1349 0.2087, 0.2395 -0.1339 0.2087, 0.2346 -0.1314 0.2087, 0.2372 -0.1324 0.2087, 0.2372 -0.1324 0.2087
            ]
        }
        coordIndex [
            0,1,2,-1,2,1,3,-1,2,3,4,-1,4,5,2,-1,2,5,6,-1,2,6,7,-1,7,8,2,-1,2,8,9,-1,2,9,10,-1,10,11,2,-1,2,11,12,-1,2,12,13,-1,13,14,2,-1,2,14,15,-1,2,15,16,-1,16,15,17,-1,
        ]
    }
}
Shape{
    appearance Appearance {
        material  Material 	{
            diffuseColor 1.0 1.0 1.0
            specularColor 0.8784313725490196 0.8784313725490196 0.8784313725490196
            ambientIntensity 0.2
            transparency 0
            shininess 0.5
        }
    }
    geometry IndexedFaceSet {
        ccw TRUE
        solid FALSE
        coord DEF co Coordinate {
            point [
                0.1857 -0.1551 0.2126, 0.1857 -0.1551 0.2087, 0.1826 -0.1547 0.2087, 0.1826 -0.1547 0.2126, 0.1804 -0.1539 0.2087, 0.1804 -0.1539 0.2126, 0.1784 -0.1525 0.2087, 0.1784 -0.1525 0.2126, 0.1779 -0.1519 0.2087, 0.1779 -0.1519 0.2126, 0.1764 -0.1498 0.2087, 0.1764 -0.1498 0.2126, 0.1754 -0.1474 0.2087, 0.1754 -0.1474 0.2126, 0.1749 -0.1443 0.2087, 0.1749 -0.1443 0.2126, 0.1748 -0.1432 0.2087, 0.1748 -0.1432 0.2126, 0.1753 -0.1393 0.2087, 0.1753 -0.1393 0.2126, 0.1762 -0.1366 0.2087, 0.1762 -0.1366 0.2126, 0.1777 -0.1344 0.2087, 0.1777 -0.1344 0.2126, 0.1781 -0.1339 0.2087, 0.1781 -0.1339 0.2126, 0.1802 -0.1322 0.2087, 0.1802 -0.1322 0.2126, 0.1826 -0.1311 0.2087, 0.1826 -0.1311 0.2126, 0.1852 -0.1306 0.2087, 0.1852 -0.1306 0.2126, 0.1864 -0.1305 0.2087, 0.1864 -0.1305 0.2126, 0.1936 -0.1324 0.2087, 0.1936 -0.1324 0.2126, 0.1933 -0.1322 0.2126, 0.1902 -0.131 0.2087, 0.1902 -0.131 0.2126, 0.1923 -0.1318 0.2087, 0.1933 -0.1322 0.2087, 0.1936 -0.1282 0.2126, 0.1936 -0.1282 0.2087, 0.1864 -0.127 0.2087, 0.1864 -0.127 0.2126, 0.1865 -0.127 0.2126, 0.1923 -0.1278 0.2087, 0.1905 -0.1273 0.2126, 0.1905 -0.1273 0.2087, 0.1896 -0.1272 0.2087, 0.1865 -0.127 0.2087, 0.1843 -0.1272 0.2087, 0.1819 -0.1275 0.2126, 0.1819 -0.1275 0.2087, 0.1787 -0.1288 0.2087, 0.1787 -0.1288 0.2126, 0.1758 -0.1308 0.2087, 0.1758 -0.1308 0.2126, 0.1751 -0.1315 0.2087, 0.1751 -0.1315 0.2126, 0.1729 -0.1344 0.2087, 0.1729 -0.1344 0.2126, 0.1714 -0.1378 0.2087, 0.1714 -0.1378 0.2126, 0.1708 -0.1418 0.2087, 0.1708 -0.1418 0.2126, 0.1707 -0.1434 0.2087, 0.1707 -0.1434 0.2126, 0.1712 -0.1482 0.2087, 0.1712 -0.1482 0.2126, 0.1725 -0.1514 0.2087, 0.1725 -0.1514 0.2126, 0.1743 -0.1541 0.2087, 0.1743 -0.1541 0.2126, 0.1746 -0.1545 0.2087, 0.1746 -0.1545 0.2126, 0.1852 -0.1586 0.2087, 0.1852 -0.1586 0.2126, 0.1833 -0.1586 0.2126, 0.1771 -0.1565 0.2087, 0.1771 -0.1565 0.2126, 0.18 -0.1579 0.2087, 0.18 -0.1579 0.2126, 0.1825 -0.1584 0.2087, 0.1833 -0.1586 0.2087, 0.1936 -0.1569 0.2087, 0.1936 -0.1569 0.2126, 0.1931 -0.1571 0.2126, 0.1879 -0.1584 0.2087, 0.1898 -0.1582 0.2126, 0.1898 -0.1582 0.2087, 0.1923 -0.1574 0.2087, 0.1931 -0.1571 0.2087, 0.1936 -0.1531 0.2126, 0.1936 -0.1531 0.2087, 0.1923 -0.1537 0.2087, 0.1906 -0.1544 0.2126, 0.1906 -0.1544 0.2087, 0.1872 -0.1551 0.2087, 0.1872 -0.1551 0.2126, 0.2956 -0.1949 0.2126, 0.2944 -0.1984 0.2126, 0.3059 -0.1949 0.2126, 0.3071 -0.1984 0.2126, 0.3002 -0.1822 0.2126, 0.2987 -0.1761 0.2126, 0.2871 -0.2067 0.2126, 0.2914 -0.2067 0.2126, 0.3005 -0.1812 0.2126, 0.3007 -0.18 0.2126, 0.303 -0.1761 0.2126, 0.3008 -0.18 0.2126, 0.3011 -0.1813 0.2126, 0.3013 -0.1822 0.2126, 0.3146 -0.2067 0.2126, 0.3103 -0.2067 0.2126, 0.2987 -0.1761 0.2087, 0.303 -0.1761 0.2087, 0.2871 -0.2067 0.2087, 0.2914 -0.2067 0.2087, 0.2944 -0.1984 0.2087, 0.3071 -0.1984 0.2087, 0.3103 -0.2067 0.2087, 0.3146 -0.2067 0.2087, 0.3002 -0.1822 0.2087, 0.3005 -0.1812 0.2087, 0.3007 -0.18 0.2087, 0.2956 -0.1949 0.2087, 0.3059 -0.1949 0.2087, 0.3013 -0.1822 0.2087, 0.3008 -0.18 0.2087, 0.3011 -0.1813 0.2087, 0.3011 -0.1813 0.2087
            ]
        }
        coordIndex [
            0,1,2,-1,0,2,3,-1,3,2,4,-1,3,4,5,-1,5,4,6,-1,5,6,7,-1,7,6,8,-1,7,8,9,-1,9,8,10,-1,9,10,11,-1,11,10,12,-1,11,12,13,-1,13,12,14,-1,13,14,15,-1,15,14,16,-1,15,16,17,-1,17,16,18,-1,17,18,19,-1,19,18,20,-1,19,20,21,-1,21,20,22,-1,21,22,23,-1,23,22,24,-1,23,24,25,-1,25,24,26,-1,25,26,27,-1,27,26,28,-1,27,28,29,-1,29,28,30,-1,29,30,31,-1,31,30,32,-1,31,32,33,-1,34,35,36,-1,33,32,37,-1,33,37,38,-1,38,37,39,-1,38,39,36,-1,36,39,40,-1,36,40,34,-1,41,35,42,-1,42,35,34,-1,43,44,45,-1,41,42,46,-1,41,46,47,-1,46,48,47,-1,47,48,49,-1,47,49,45,-1,45,49,50,-1,45,50,43,-1,44,43,51,-1,44,51,52,-1,51,53,52,-1,52,53,54,-1,52,54,55,-1,55,54,56,-1,55,56,57,-1,57,56,58,-1,57,58,59,-1,59,58,60,-1,59,60,61,-1,61,60,62,-1,61,62,63,-1,63,62,64,-1,63,64,65,-1,65,64,66,-1,65,66,67,-1,67,66,68,-1,67,68,69,-1,69,68,70,-1,69,70,71,-1,71,70,72,-1,71,72,73,-1,73,72,74,-1,73,74,75,-1,76,77,78,-1,75,74,79,-1,75,79,80,-1,80,79,81,-1,80,81,82,-1,82,81,83,-1,82,83,78,-1,78,83,84,-1,78,84,76,-1,85,86,87,-1,76,88,77,-1,77,88,89,-1,88,90,89,-1,89,90,91,-1,89,91,87,-1,87,91,92,-1,87,92,85,-1,93,86,94,-1,94,86,85,-1,93,94,95,-1,93,95,96,-1,95,97,96,-1,96,97,98,-1,96,98,99,-1,99,98,1,-1,99,1,0,-1,36,35,41,-1,19,21,61,-1,36,41,38,-1,38,41,47,-1,38,47,33,-1,33,47,45,-1,33,45,31,-1,31,45,44,-1,31,44,29,-1,29,44,52,-1,29,52,27,-1,86,93,87,-1,87,93,96,-1,87,96,89,-1,89,96,99,-1,89,99,77,-1,77,99,0,-1,77,0,78,-1,78,0,3,-1,78,3,82,-1,82,3,5,-1,82,5,80,-1,80,5,7,-1,80,7,75,-1,75,7,9,-1,75,9,73,-1,73,9,11,-1,73,11,71,-1,61,21,59,-1,52,55,27,-1,27,55,57,-1,27,57,25,-1,25,57,59,-1,25,59,23,-1,23,59,21,-1,67,17,65,-1,65,17,19,-1,65,19,63,-1,63,19,61,-1,71,11,69,-1,69,11,13,-1,69,13,67,-1,67,13,15,-1,67,15,17,-1,100,101,102,-1,102,101,103,-1,104,105,100,-1,100,105,106,-1,100,106,101,-1,101,106,107,-1,104,108,105,-1,105,108,109,-1,105,109,110,-1,110,109,111,-1,110,111,112,-1,112,113,110,-1,110,113,102,-1,110,102,114,-1,114,102,103,-1,114,103,115,-1,105,110,116,-1,116,110,117,-1,106,105,118,-1,118,105,116,-1,107,106,119,-1,119,106,118,-1,101,107,120,-1,120,107,119,-1,103,101,121,-1,121,101,120,-1,115,103,122,-1,122,103,121,-1,114,115,123,-1,123,115,122,-1,110,114,117,-1,117,114,123,-1,104,124,125,-1,104,125,108,-1,108,125,126,-1,108,126,109,-1,104,100,124,-1,124,100,127,-1,100,102,127,-1,127,102,128,-1,102,113,128,-1,128,113,129,-1,111,130,131,-1,111,131,112,-1,112,131,129,-1,112,129,113,-1,111,109,130,-1,130,109,126,-1,
        ]
    }
}
Shape{
    appearance Appearance {
        material  Material 	{
            diffuseColor 0.20784313725490197 0.20784313725490197 0.20784313725490197
            specularColor 0.01568627450980392 0.01568627450980392 0.01568627450980392
            ambientIntensity 0.2
            transparency 0
            shininess 0.5
        }
    }
    geometry IndexedFaceSet {
        ccw TRUE
        solid FALSE
        coord DEF co Coordinate {
            point [
                0.3008 -0.18 0.2087, 0.3007 -0.18 0.2087, 0.3011 -0.1813 0.2087, 0.3005 -0.1812 0.2087, 0.3013 -0.1822 0.2087, 0.3002 -0.1822 0.2087, 0.3059 -0.1949 0.2087, 0.2956 -0.1949 0.2087, 0.2956 -0.1949 0.2087
            ]
        }
        coordIndex [
            0,1,2,-1,2,1,3,-1,2,3,4,-1,4,3,5,-1,4,5,6,-1,6,5,7,-1,
        ]
    }
}
Shape{
    appearance Appearance {
        material  Material 	{
            diffuseColor 1.0 1.0 1.0
            specularColor 0.8784313725490196 0.8784313725490196 0.8784313725490196
            ambientIntensity 0.2
            transparency 0
            shininess 0.5
        }
    }
    geometry IndexedFaceSet {
        ccw TRUE
        solid FALSE
        coord DEF co Coordinate {
            point [
                0.2546 -0.2032 0.2126, 0.2546 -0.2032 0.2087, 0.2421 -0.2032 0.2126, 0.2478 -0.2032 0.2087, 0.2421 -0.2032 0.2087, 0.2421 -0.1929 0.2126, 0.2421 -0.1929 0.2087, 0.2531 -0.1929 0.2126, 0.2478 -0.1929 0.2087, 0.2531 -0.1929 0.2087, 0.2531 -0.1894 0.2126, 0.2531 -0.1894 0.2087, 0.2421 -0.1894 0.2087, 0.2421 -0.1894 0.2126, 0.2478 -0.1894 0.2087, 0.2421 -0.1796 0.2126, 0.2421 -0.1796 0.2087, 0.2539 -0.1796 0.2087, 0.2539 -0.1796 0.2126, 0.2478 -0.1796 0.2087, 0.2539 -0.1761 0.2126, 0.2539 -0.1761 0.2087, 0.2381 -0.1761 0.2087, 0.2381 -0.1761 0.2126, 0.2478 -0.1761 0.2087, 0.2381 -0.2067 0.2126, 0.2381 -0.2067 0.2087, 0.2546 -0.2067 0.2126, 0.2478 -0.2067 0.2087, 0.2546 -0.2067 0.2087, 0.1572 -0.2032 0.2087, 0.1572 -0.2032 0.2126, 0.1696 -0.2032 0.2087, 0.1698 -0.2032 0.2126, 0.1698 -0.2032 0.2087, 0.1572 -0.1929 0.2126, 0.1572 -0.1929 0.2087, 0.1682 -0.1929 0.2126, 0.1682 -0.1929 0.2087, 0.1682 -0.1894 0.2126, 0.1682 -0.1894 0.2087, 0.1572 -0.1894 0.2126, 0.1572 -0.1894 0.2087, 0.1572 -0.1796 0.2126, 0.1572 -0.1796 0.2087, 0.1691 -0.1796 0.2126, 0.1691 -0.1796 0.2087, 0.1691 -0.1761 0.2126, 0.1691 -0.1761 0.2087, 0.1533 -0.1761 0.2126, 0.1533 -0.1761 0.2087, 0.1533 -0.2067 0.2126, 0.1533 -0.2067 0.2087, 0.1698 -0.2067 0.2087, 0.1698 -0.2067 0.2126, 0.1696 -0.2067 0.2087, 0.2573 -0.1463 0.2126, 0.256 -0.1497 0.2126, 0.2675 -0.1463 0.2126, 0.2688 -0.1497 0.2126, 0.2618 -0.1336 0.2126, 0.2604 -0.1275 0.2126, 0.2487 -0.1581 0.2126, 0.2531 -0.1581 0.2126, 0.2621 -0.1326 0.2126, 0.2623 -0.1314 0.2126, 0.2646 -0.1275 0.2126, 0.2624 -0.1314 0.2126, 0.2627 -0.1327 0.2126, 0.2629 -0.1336 0.2126, 0.2763 -0.1581 0.2126, 0.2719 -0.1581 0.2126, 0.2604 -0.1275 0.2087, 0.2646 -0.1275 0.2087, 0.2487 -0.1581 0.2087, 0.2575 -0.1349 0.2087, 0.2531 -0.1581 0.2087, 0.256 -0.1497 0.2087, 0.2688 -0.1497 0.2087, 0.2575 -0.1497 0.2087, 0.2719 -0.1581 0.2087, 0.2763 -0.1581 0.2087, 0.2618 -0.1336 0.2087, 0.2621 -0.1326 0.2087, 0.2623 -0.1314 0.2087, 0.2573 -0.1463 0.2087, 0.2675 -0.1463 0.2087, 0.2629 -0.1336 0.2087, 0.2624 -0.1314 0.2087, 0.2627 -0.1327 0.2087, 0.2627 -0.1327 0.2087
            ]
        }
        coordIndex [
            0,1,2,-1,2,1,3,-1,2,3,4,-1,5,2,6,-1,6,2,4,-1,5,6,7,-1,7,6,8,-1,7,8,9,-1,10,7,11,-1,11,7,9,-1,12,13,14,-1,14,13,10,-1,14,10,11,-1,15,13,16,-1,16,13,12,-1,17,18,19,-1,19,18,15,-1,19,15,16,-1,20,18,21,-1,21,18,17,-1,22,23,24,-1,24,23,20,-1,24,20,21,-1,25,23,26,-1,26,23,22,-1,25,26,27,-1,27,26,28,-1,27,28,29,-1,0,27,1,-1,1,27,29,-1,25,27,0,-1,0,2,25,-1,25,2,5,-1,25,5,23,-1,18,20,15,-1,15,20,23,-1,15,23,13,-1,13,23,5,-1,13,5,10,-1,10,5,7,-1,30,31,32,-1,32,31,33,-1,32,33,34,-1,35,31,36,-1,36,31,30,-1,37,35,38,-1,38,35,36,-1,39,37,40,-1,40,37,38,-1,41,39,42,-1,42,39,40,-1,43,41,44,-1,44,41,42,-1,45,43,46,-1,46,43,44,-1,47,45,48,-1,48,45,46,-1,49,47,50,-1,50,47,48,-1,51,49,52,-1,52,49,50,-1,53,54,55,-1,55,54,51,-1,55,51,52,-1,33,54,34,-1,34,54,53,-1,51,54,33,-1,33,31,51,-1,51,31,35,-1,51,35,49,-1,45,47,43,-1,43,47,49,-1,43,49,41,-1,41,49,35,-1,41,35,39,-1,39,35,37,-1,56,57,58,-1,58,57,59,-1,60,61,56,-1,56,61,62,-1,56,62,57,-1,57,62,63,-1,60,64,61,-1,61,64,65,-1,61,65,66,-1,66,65,67,-1,66,67,68,-1,68,69,66,-1,66,69,58,-1,66,58,70,-1,70,58,59,-1,70,59,71,-1,61,66,72,-1,72,66,73,-1,74,62,75,-1,75,62,61,-1,75,61,72,-1,63,62,76,-1,76,62,74,-1,57,63,77,-1,77,63,76,-1,78,59,79,-1,79,59,57,-1,79,57,77,-1,71,59,80,-1,80,59,78,-1,70,71,81,-1,81,71,80,-1,66,70,73,-1,73,70,81,-1,60,82,83,-1,60,83,64,-1,64,83,84,-1,64,84,65,-1,60,56,82,-1,82,56,85,-1,56,58,85,-1,85,58,86,-1,58,69,86,-1,86,69,87,-1,67,88,89,-1,67,89,68,-1,68,89,87,-1,68,87,69,-1,67,65,88,-1,88,65,84,-1,
        ]
    }
}
Shape{
    appearance Appearance {
        material  Material 	{
            diffuseColor 0.20784313725490197 0.20784313725490197 0.20784313725490197
            specularColor 0.01568627450980392 0.01568627450980392 0.01568627450980392
            ambientIntensity 0.2
            transparency 0
            shininess 0.5
        }
    }
    geometry IndexedFaceSet {
        ccw TRUE
        solid FALSE
        coord DEF co Coordinate {
            point [
                0.2624 -0.1314 0.2087, 0.2623 -0.1314 0.2087, 0.2627 -0.1327 0.2087, 0.2621 -0.1326 0.2087, 0.2629 -0.1336 0.2087, 0.2618 -0.1336 0.2087, 0.2675 -0.1463 0.2087, 0.2573 -0.1463 0.2087, 0.2573 -0.1463 0.2087
            ]
        }
        coordIndex [
            0,1,2,-1,2,1,3,-1,2,3,4,-1,4,3,5,-1,4,5,6,-1,6,5,7,-1,
        ]
    }
}
Shape{
    appearance Appearance {
        material  Material 	{
            diffuseColor 1.0 1.0 1.0
            specularColor 0.8784313725490196 0.8784313725490196 0.8784313725490196
            ambientIntensity 0.2
            transparency 0
            shininess 0.5
        }
    }
    geometry IndexedFaceSet {
        ccw TRUE
        solid FALSE
        coord DEF co Coordinate {
            point [
                0.2037 -0.1546 0.2087, 0.2037 -0.1546 0.2126, 0.212 -0.1546 0.2087, 0.2163 -0.1546 0.2126, 0.2163 -0.1546 0.2087, 0.2037 -0.1443 0.2126, 0.2037 -0.1443 0.2087, 0.2147 -0.1443 0.2126, 0.212 -0.1443 0.2087, 0.2147 -0.1443 0.2087, 0.2147 -0.1408 0.2126, 0.2147 -0.1408 0.2087, 0.2037 -0.1408 0.2087, 0.2037 -0.1408 0.2126, 0.212 -0.1408 0.2087, 0.2037 -0.131 0.2126, 0.2037 -0.131 0.2087, 0.2156 -0.131 0.2126, 0.212 -0.131 0.2087, 0.2156 -0.131 0.2087, 0.2156 -0.1275 0.2126, 0.2156 -0.1275 0.2087, 0.1998 -0.1275 0.2087, 0.1998 -0.1275 0.2126, 0.212 -0.1275 0.2087, 0.1998 -0.1581 0.2126, 0.1998 -0.1581 0.2087, 0.2163 -0.1581 0.2126, 0.212 -0.1581 0.2087, 0.2163 -0.1581 0.2087, 0.1572 -0.1546 0.2126, 0.1694 -0.1546 0.2126, 0.1572 -0.1546 0.2087, 0.1694 -0.1546 0.2087, 0.1572 -0.1275 0.2126, 0.1572 -0.1275 0.2087, 0.1533 -0.1275 0.2126, 0.1533 -0.1275 0.2087, 0.1533 -0.1581 0.2126, 0.1533 -0.1581 0.2087, 0.1694 -0.1581 0.2126, 0.1694 -0.1581 0.2087, 0.1694 -0.1581 0.2087
            ]
        }
        coordIndex [
            0,1,2,-1,2,1,3,-1,2,3,4,-1,5,1,6,-1,6,1,0,-1,5,6,7,-1,7,6,8,-1,7,8,9,-1,10,7,11,-1,11,7,9,-1,12,13,14,-1,14,13,10,-1,14,10,11,-1,15,13,16,-1,16,13,12,-1,15,16,17,-1,17,16,18,-1,17,18,19,-1,20,17,21,-1,21,17,19,-1,22,23,24,-1,24,23,20,-1,24,20,21,-1,25,23,26,-1,26,23,22,-1,25,26,27,-1,27,26,28,-1,27,28,29,-1,3,27,4,-1,4,27,29,-1,25,27,3,-1,3,1,25,-1,25,1,5,-1,25,5,23,-1,17,20,15,-1,15,20,23,-1,15,23,13,-1,13,23,5,-1,13,5,10,-1,10,5,7,-1,30,31,32,-1,32,31,33,-1,34,30,35,-1,35,30,32,-1,36,34,37,-1,37,34,35,-1,38,36,39,-1,39,36,37,-1,40,38,41,-1,41,38,39,-1,31,40,33,-1,33,40,41,-1,34,36,30,-1,30,36,38,-1,30,38,31,-1,31,38,40,-1,
        ]
    }
}