ISO-10303-21;
HEADER;
FILE_DESCRIPTION (( 'STEP AP214' ),
    '1' );
FILE_NAME ('BGA-12_L1.8-W1.3-R3-C4-P0.40-TL.STEP',
    '2022-07-16T03:15:56',
    ( 'Sky123.Org' ),
    ( 'Sky123.Org' ),
    'SwSTEP 2.0',
    'SolidWorks 2017',
    '' );
FILE_SCHEMA (( 'AUTOMOTIVE_DESIGN' ));
ENDSEC;

DATA;
#1 = EDGE_CURVE ( 'NONE', #4250, #1374, #1766, .T. ) ;
#2 = CARTESIAN_POINT ( 'NONE',  ( 0.4651048858275191300, -0.4682536517513063400, 0.5300000000000000300 ) ) ;
#3 = CARTESIAN_POINT ( 'NONE',  ( 0.4405350787820243600, -0.5102312168246958500, 0.5400000000000000400 ) ) ;
#4 = DIRECTION ( 'NONE',  ( 0.0000000000000000000, 0.0000000000000000000, -1.000000000000000000 ) ) ;
#5 = ADVANCED_FACE ( 'NONE', ( #1010 ), #460, .F. ) ;
#6 = CARTESIAN_POINT ( 'NONE',  ( 0.5492788563609450900, -0.4016465958906835200, 0.5300000000000000300 ) ) ;
#7 = B_SPLINE_CURVE_WITH_KNOTS ( 'NONE', 3,
 ( #3516, #6518, #9520, #5002 ),
 .UNSPECIFIED., .F., .F.,
 ( 4, 4 ),
 ( 0.0000000000000000000, 1.000000000000000000 ),
 .UNSPECIFIED. ) ;
#8 = ORIENTED_EDGE ( 'NONE', *, *, #5596, .T. ) ;
#9 = STYLED_ITEM ( 'NONE', ( #1178 ), #9031 ) ;
#10 = PRESENTATION_STYLE_ASSIGNMENT (( #2300 ) ) ;
#11 = DIRECTION ( 'NONE',  ( -0.0000000000000000000, -0.0000000000000000000, -1.000000000000000000 ) ) ;
#12 = SURFACE_SIDE_STYLE ('',( #1632 ) ) ;
#13 = FILL_AREA_STYLE_COLOUR ( '', #4841 ) ;
#14 = CARTESIAN_POINT ( 'NONE',  ( 0.4735003988421937500, -0.3315778830052764100, 0.5400000000000000400 ) ) ;
#15 = EDGE_CURVE ( 'NONE', #9213, #2836, #2871, .T. ) ;
#16 = B_SPLINE_CURVE_WITH_KNOTS ( 'NONE', 3,
 ( #3044, #8310, #3803, #9045 ),
 .UNSPECIFIED., .F., .F.,
 ( 4, 4 ),
 ( 4.000000000000000000, 5.000000000000000000 ),
 .UNSPECIFIED. ) ;
#17 = CARTESIAN_POINT ( 'NONE',  ( 0.4441161032908241300, -0.3636081577765559200, 0.5400000000000000400 ) ) ;
#18 = ORIENTED_EDGE ( 'NONE', *, *, #2375, .T. ) ;
#19 = ORIENTED_EDGE ( 'NONE', *, *, #426, .F. ) ;
#20 = CARTESIAN_POINT ( 'NONE',  ( 0.2000000000000000900, 5.421010862427522200E-017, -0.02000000000000000000 ) ) ;
#21 = CARTESIAN_POINT ( 'NONE',  ( 0.4581616771968354300, -0.5264254054360929500, 0.5400000000000000400 ) ) ;
#22 = CARTESIAN_POINT ( 'NONE',  ( 0.6427634906171156800, -0.4900581120928776400, 0.5300000000000000300 ) ) ;
#23 = CARTESIAN_POINT ( 'NONE',  ( 0.5234357961569492400, -0.5056554632863186100, 0.5300000000000000300 ) ) ;
#24 = PRESENTATION_LAYER_ASSIGNMENT (  '', '', ( #8737 ) ) ;
#25 = LINE ( 'NONE', #4913, #258 ) ;
#26 = CARTESIAN_POINT ( 'NONE',  ( 0.06276757072949418200, -0.3809588923993698100, 0.5300000000000000300 ) ) ;
#27 = MECHANICAL_DESIGN_GEOMETRIC_PRESENTATION_REPRESENTATION (  '', ( #8246 ), #508 ) ;
#28 = CARTESIAN_POINT ( 'NONE',  ( -0.1999999999999999300, 0.4000000000000000800, 0.0000000000000000000 ) ) ;
#29 = B_SPLINE_SURFACE_WITH_KNOTS ( 'NONE', 3, 1, ( 
 ( #7508, #2949 ),
 ( #2993, #8249 ),
 ( #3748, #9003 ),
 ( #4492, #33 ) ),
 .UNSPECIFIED., .F., .F., .F.,
 ( 4, 4 ),
 ( 2, 2 ),
 ( 5.000000000000000000, 6.000000000000000000 ),
 ( 0.0000000000000000000, 1.000000000000000000 ),
 .UNSPECIFIED. ) ;
#30 = LINE ( 'NONE', #4756, #5743 ) ;
#31 = EDGE_CURVE ( 'NONE', #6895, #2700, #2442, .T. ) ;
#32 = ADVANCED_FACE ( 'NONE', ( #6460 ), #2275, .F. ) ;
#33 = CARTESIAN_POINT ( 'NONE',  ( 0.4734009259390251100, -0.3225059542497878400, 0.5300000000000000300 ) ) ;
#34 = VERTEX_POINT ( 'NONE', #6932 ) ;
#35 = ORIENTED_EDGE ( 'NONE', *, *, #6998, .T. ) ;
#36 = PLANE ( 'NONE',  #7587 ) ;
#37 = ORIENTED_EDGE ( 'NONE', *, *, #105, .T. ) ;
#38 = FACE_OUTER_BOUND ( 'NONE', #4142, .T. ) ;
#39 = CARTESIAN_POINT ( 'NONE',  ( -0.001420598883641920400, -0.3743187698585325200, 0.5400000000000000400 ) ) ;
#40 = CARTESIAN_POINT ( 'NONE',  ( 0.07500000000000012200, 6.951819361361712800E-017, -0.02000000000000000000 ) ) ;
#41 = CARTESIAN_POINT ( 'NONE',  ( 0.09928841621003974000, -0.3245176027785717200, 0.5400000000000000400 ) ) ;
#42 = VECTOR ( 'NONE', #3296, 1000.000000000000000 ) ;
#43 = FACE_OUTER_BOUND ( 'NONE', #1717, .T. ) ;
#44 = CARTESIAN_POINT ( 'NONE',  ( -0.6499999999999999100, 0.4704525540507067900, 0.5300000000000000300 ) ) ;
#45 = ORIENTED_EDGE ( 'NONE', *, *, #9234, .T. ) ;
#46 = ORIENTED_EDGE ( 'NONE', *, *, #7393, .F. ) ;
#47 = DIRECTION ( 'NONE',  ( -0.7071067811865492400, -0.7071067811865458000, -0.0000000000000000000 ) ) ;
#48 = DIRECTION ( 'NONE',  ( -0.0000000000000000000, -0.0000000000000000000, -1.000000000000000000 ) ) ;
#49 = PRESENTATION_STYLE_ASSIGNMENT (( #4667 ) ) ;
#50 = CARTESIAN_POINT ( 'NONE',  ( 0.5088928577358860000, -0.4697258507158848000, 0.5400000000000000400 ) ) ;
#51 = CARTESIAN_POINT ( 'NONE',  ( 0.5853875201566092200, -0.4016465958906835200, 0.5300000000000000300 ) ) ;
#52 = ORIENTED_EDGE ( 'NONE', *, *, #1188, .F. ) ;
#53 = DIRECTION ( 'NONE',  ( -1.000000000000000000, 0.0000000000000000000, -0.0000000000000000000 ) ) ;
#54 = SURFACE_STYLE_FILL_AREA ( #9622 ) ;
#55 = FACE_OUTER_BOUND ( 'NONE', #6516, .T. ) ;
#56 = CARTESIAN_POINT ( 'NONE',  ( 0.5234357961569492400, -0.5056554632863186100, 0.5400000000000000400 ) ) ;
#57 = ORIENTED_EDGE ( 'NONE', *, *, #3614, .F. ) ;
#58 = EDGE_CURVE ( 'NONE', #2397, #4168, #4193, .T. ) ;
#59 = ADVANCED_FACE ( 'NONE', ( #8209 ), #2290, .F. ) ;
#60 = ORIENTED_EDGE ( 'NONE', *, *, #7328, .F. ) ;
#61 =( LENGTH_UNIT ( ) NAMED_UNIT ( * ) SI_UNIT ( .MILLI., .METRE. ) );
#62 = CARTESIAN_POINT ( 'NONE',  ( -0.4749999999999999200, 0.3649999999999998800, -0.02000000000000000000 ) ) ;
#63 = VECTOR ( 'NONE', #7731, 1000.000000000000000 ) ;
#64 = SURFACE_STYLE_USAGE ( .BOTH. , #5310 ) ;
#65 = FACE_OUTER_BOUND ( 'NONE', #2494, .T. ) ;
#66 = PLANE ( 'NONE',  #9006 ) ;
#67 = DIRECTION ( 'NONE',  ( -0.0000000000000000000, 1.000000000000000000, -0.0000000000000000000 ) ) ;
#68 = CARTESIAN_POINT ( 'NONE',  ( 0.5332836135558864900, -0.4707205797465184900, 0.5400000000000000400 ) ) ;
#69 = ORIENTED_EDGE ( 'NONE', *, *, #8028, .T. ) ;
#70 = AXIS2_PLACEMENT_3D ( 'NONE', #6322, #1794, #7084 ) ;
#71 = ORIENTED_EDGE ( 'NONE', *, *, #656, .T. ) ;
#72 = SURFACE_SIDE_STYLE ('',( #2337 ) ) ;
#73 = B_SPLINE_SURFACE_WITH_KNOTS ( 'NONE', 3, 1, ( 
 ( #2424, #921 ),
 ( #7720, #3192 ),
 ( #8448, #3950 ),
 ( #9214, #4689 ) ),
 .UNSPECIFIED., .F., .F., .F.,
 ( 4, 4 ),
 ( 2, 2 ),
 ( 2.000000000000000000, 3.000000000000000000 ),
 ( 0.0000000000000000000, 1.000000000000000000 ),
 .UNSPECIFIED. ) ;
#74 = CARTESIAN_POINT ( 'NONE',  ( 0.7508905361977452600, -0.4950317572439287300, 0.5400000000000000400 ) ) ;
#75 = FACE_OUTER_BOUND ( 'NONE', #5803, .T. ) ;
#76 = EDGE_LOOP ( 'NONE', ( #5497, #7578, #2243, #545 ) ) ;
#77 = CARTESIAN_POINT ( 'NONE',  ( 0.5152193343677653500, -0.4916894677026310000, 0.5400000000000000400 ) ) ;
#78 = LINE ( 'NONE', #4016, #9552 ) ;
#79 = ORIENTED_EDGE ( 'NONE', *, *, #4343, .F. ) ;
#80 = EDGE_CURVE ( 'NONE', #5771, #1230, #245, .T. ) ;
#81 = ORIENTED_EDGE ( 'NONE', *, *, #7038, .T. ) ;
#82 = ORIENTED_EDGE ( 'NONE', *, *, #3334, .F. ) ;
#83 = EDGE_CURVE ( 'NONE', #4348, #3195, #5969, .T. ) ;
#84 = CARTESIAN_POINT ( 'NONE',  ( 0.09264826728385712500, -0.4506805247283358100, 0.5400000000000000400 ) ) ;
#85 = DIRECTION ( 'NONE',  ( -1.000000000000000000, 0.0000000000000000000, -0.0000000000000000000 ) ) ;
#86 = DIRECTION ( 'NONE',  ( -0.3559357243698801400, -0.9345104387417448900, -0.0000000000000000000 ) ) ;
#87 = VERTEX_POINT ( 'NONE', #126 ) ;
#88 = VECTOR ( 'NONE', #1283, 1000.000000000000200 ) ;
#89 = ORIENTED_EDGE ( 'NONE', *, *, #3248, .F. ) ;
#90 = VERTEX_POINT ( 'NONE', #4585 ) ;
#91 =( NAMED_UNIT ( * ) PLANE_ANGLE_UNIT ( ) SI_UNIT ( $, .RADIAN. ) );
#92 = B_SPLINE_SURFACE_WITH_KNOTS ( 'NONE', 3, 1, ( 
 ( #9428, #1138 ),
 ( #4897, #433 ),
 ( #5667, #1166 ),
 ( #6439, #1903 ) ),
 .UNSPECIFIED., .F., .F., .F.,
 ( 4, 4 ),
 ( 2, 2 ),
 ( 9.000000000000000000, 10.00000000000000000 ),
 ( 0.0000000000000000000, 1.000000000000000000 ),
 .UNSPECIFIED. ) ;
#93 = ORIENTED_EDGE ( 'NONE', *, *, #6580, .T. ) ;
#94 = LINE ( 'NONE', #2912, #9348 ) ;
#95 = DIRECTION ( 'NONE',  ( -0.0000000000000000000, 1.000000000000000000, -0.0000000000000000000 ) ) ;
#96 = ADVANCED_FACE ( 'NONE', ( #7985 ), #852, .T. ) ;
#97 = CARTESIAN_POINT ( 'NONE',  ( 0.4717496757489552700, -0.3940070769391410500, 0.5300000000000000300 ) ) ;
#98 = DIRECTION ( 'NONE',  ( 1.000000000000000000, 0.0000000000000000000, 0.0000000000000000000 ) ) ;
#99 = CARTESIAN_POINT ( 'NONE',  ( 0.4589773550014471500, -0.4920873593142480700, 0.5400000000000000400 ) ) ;
#100 = CARTESIAN_POINT ( 'NONE',  ( -0.004187346072788054000, -0.4977149683664612300, 0.5400000000000000400 ) ) ;
#101 = CARTESIAN_POINT ( 'NONE',  ( 0.09928841621003974000, -0.3245176027785717200, 0.5400000000000000400 ) ) ;
#102 = ORIENTED_EDGE ( 'NONE', *, *, #3299, .F. ) ;
#103 = VERTEX_POINT ( 'NONE', #3843 ) ;
#104 = ORIENTED_EDGE ( 'NONE', *, *, #801, .T. ) ;
#105 = EDGE_CURVE ( 'NONE', #771, #8162, #3281, .T. ) ;
#106 = CARTESIAN_POINT ( 'NONE',  ( 0.7059287840335156700, -0.5081223912809971200, 0.5400000000000000400 ) ) ;
#107 = CARTESIAN_POINT ( 'NONE',  ( 0.2232379683776580500, -0.4910748299942564500, 0.5300000000000000300 ) ) ;
#108 = CARTESIAN_POINT ( 'NONE',  ( 0.07051440586656337900, -0.5192955025096772600, 0.5400000000000000400 ) ) ;
#109 = CARTESIAN_POINT ( 'NONE',  ( 0.4754500677412451500, -0.4897795879642127800, 0.5300000000000000300 ) ) ;
#110 = CARTESIAN_POINT ( 'NONE',  ( 0.2918529144962699300, -0.5148686943417379900, 0.5300000000000000300 ) ) ;
#111 = DIRECTION ( 'NONE',  ( -0.0000000000000000000, -0.0000000000000000000, -1.000000000000000000 ) ) ;
#112 = ORIENTED_EDGE ( 'NONE', *, *, #124, .F. ) ;
#113 = B_SPLINE_CURVE_WITH_KNOTS ( 'NONE', 3,
 ( #6032, #8305, #781, #5257 ),
 .UNSPECIFIED., .F., .F.,
 ( 4, 4 ),
 ( 3.000000000000000000, 4.000000000000000000 ),
 .UNSPECIFIED. ) ;
#114 = PRESENTATION_LAYER_ASSIGNMENT (  '', '', ( #8799 ) ) ;
#115 = CARTESIAN_POINT ( 'NONE',  ( 0.4624390120265000100, -0.4989708842031906300, 0.5300000000000000300 ) ) ;
#116 =( NAMED_UNIT ( * ) SI_UNIT ( $, .STERADIAN. ) SOLID_ANGLE_UNIT ( ) );
#117 = ADVANCED_FACE ( 'NONE', ( #1256 ), #8810, .F. ) ;
#118 = CARTESIAN_POINT ( 'NONE',  ( 0.3250000000000000700, 5.421010862427522200E-017, -0.02000000000000000000 ) ) ;
#119 = CARTESIAN_POINT ( 'NONE',  ( 0.1092486554310766500, -0.4506805247283358100, 0.5300000000000000300 ) ) ;
#120 = LINE ( 'NONE', #8512, #7858 ) ;
#121 = LINE ( 'NONE', #7479, #4069 ) ;
#122 = DIRECTION ( 'NONE',  ( 0.0000000000000000000, 0.0000000000000000000, 1.000000000000000000 ) ) ;
#123 = PLANE ( 'NONE',  #4660 ) ;
#124 = EDGE_CURVE ( 'NONE', #4001, #6237, #675, .T. ) ;
#125 = CARTESIAN_POINT ( 'NONE',  ( 0.4577637855846872200, -0.3344427026121056800, 0.5400000000000000400 ) ) ;
#126 = CARTESIAN_POINT ( 'NONE',  ( 0.4606882889335261500, -0.5184277840335637100, 0.5400000000000000400 ) ) ;
#127 = ORIENTED_EDGE ( 'NONE', *, *, #7499, .T. ) ;
#128 = DIRECTION ( 'NONE',  ( 0.0000000000000000000, 0.0000000000000000000, 1.000000000000000000 ) ) ;
#129 = VECTOR ( 'NONE', #3766, 1000.000000000000000 ) ;
#130 = CARTESIAN_POINT ( 'NONE',  ( 0.2221312927212818800, -0.5253822819453388700, 0.5300000000000000300 ) ) ;
#131 = CARTESIAN_POINT ( 'NONE',  ( 0.6048842091481467800, -0.5251123631161622700, 0.5300000000000000300 ) ) ;
#132 = CARTESIAN_POINT ( 'NONE',  ( 0.5684970212243489800, -0.5133347713990232800, 0.5300000000000000300 ) ) ;
#133 = EDGE_CURVE ( 'NONE', #4158, #7547, #3039, .T. ) ;
#134 = ADVANCED_FACE ( 'NONE', ( #5256 ), #7023, .T. ) ;
#135 = CARTESIAN_POINT ( 'NONE',  ( 0.6149309723531720700, -0.5162393801670115400, 0.5300000000000000300 ) ) ;
#136 = EDGE_CURVE ( 'NONE', #9514, #6396, #8783, .T. ) ;
#137 = CARTESIAN_POINT ( 'NONE',  ( -0.1999999999999999300, 5.421010862427522200E-017, 0.0000000000000000000 ) ) ;
#138 = ORIENTED_EDGE ( 'NONE', *, *, #6883, .T. ) ;
#139 = CARTESIAN_POINT ( 'NONE',  ( 0.4589773550014471500, -0.4920873593142480700, 0.5400000000000000400 ) ) ;
#140 = EDGE_LOOP ( 'NONE', ( #3139, #3587, #5011, #3178 ) ) ;
#141 = CARTESIAN_POINT ( 'NONE',  ( 0.6139362433225208400, -0.3449868303316375700, 0.5400000000000000400 ) ) ;
#142 = CARTESIAN_POINT ( 'NONE',  ( 0.7130709384700055800, -0.4575901565477583600, 0.5300000000000000300 ) ) ;
#143 = CARTESIAN_POINT ( 'NONE',  ( 0.3993930860938300600, -0.3238189965697173000, 0.5400000000000000400 ) ) ;
#144 = STYLED_ITEM ( 'NONE', ( #6475 ), #9464 ) ;
#145 = ORIENTED_EDGE ( 'NONE', *, *, #2669, .T. ) ;
#146 = ORIENTED_EDGE ( 'NONE', *, *, #9012, .F. ) ;
#147 = PRESENTATION_STYLE_ASSIGNMENT (( #8874 ) ) ;
#148 = VECTOR ( 'NONE', #2902, 1000.000000000000000 ) ;
#149 =( LENGTH_UNIT ( ) NAMED_UNIT ( * ) SI_UNIT ( .MILLI., .METRE. ) );
#150 = VERTEX_POINT ( 'NONE', #8559 ) ;
#151 = FILL_AREA_STYLE ('',( #3866 ) ) ;
#152 = EDGE_CURVE ( 'NONE', #8514, #5746, #6721, .T. ) ;
#153 = ORIENTED_EDGE ( 'NONE', *, *, #4907, .F. ) ;
#154 = CARTESIAN_POINT ( 'NONE',  ( 0.09264825672961345100, -0.5619031274256207600, 0.5400000000000000400 ) ) ;
#155 = CARTESIAN_POINT ( 'NONE',  ( -0.7249999999999999800, 6.951819361361712800E-017, -0.02000000000000000000 ) ) ;
#156 = VECTOR ( 'NONE', #8266, 1000.000000000000000 ) ;
#157 = ADVANCED_FACE ( 'NONE', ( #5008 ), #9343, .F. ) ;
#158 = FACE_OUTER_BOUND ( 'NONE', #5744, .T. ) ;
#159 = ORIENTED_EDGE ( 'NONE', *, *, #8336, .T. ) ;
#160 = PLANE ( 'NONE',  #766 ) ;
#161 = CARTESIAN_POINT ( 'NONE',  ( 0.5519248355813865000, -0.4695269049100741500, 0.5400000000000000400 ) ) ;
#162 = CARTESIAN_POINT ( 'NONE',  ( 0.4984680974995722700, -0.4795935626956676600, 0.5400000000000000400 ) ) ;
#163 = CARTESIAN_POINT ( 'NONE',  ( 0.5234357961569492400, -0.5056554632863186100, 0.5300000000000000300 ) ) ;
#164 = ORIENTED_EDGE ( 'NONE', *, *, #6012, .T. ) ;
#165 = DIRECTION ( 'NONE',  ( -0.0000000000000000000, 1.000000000000000000, -0.0000000000000000000 ) ) ;
#166 = FACE_OUTER_BOUND ( 'NONE', #6138, .T. ) ;
#167 = EDGE_CURVE ( 'NONE', #6576, #6609, #1038, .T. ) ;
#168 = FILL_AREA_STYLE_COLOUR ( '', #384 ) ;
#169 = B_SPLINE_CURVE_WITH_KNOTS ( 'NONE', 3,
 ( #3519, #5739, #2752, #6557 ),
 .UNSPECIFIED., .F., .F.,
 ( 4, 4 ),
 ( 27.00000000000000000, 28.00000000000000000 ),
 .UNSPECIFIED. ) ;
#170 = LINE ( 'NONE', #9007, #1857 ) ;
#171 = FACE_OUTER_BOUND ( 'NONE', #5568, .T. ) ;
#172 = CARTESIAN_POINT ( 'NONE',  ( 0.6273451906494143000, -0.3737941830456324400, 0.5400000000000000400 ) ) ;
#173 = ORIENTED_EDGE ( 'NONE', *, *, #6234, .T. ) ;
#174 = ORIENTED_EDGE ( 'NONE', *, *, #3279, .F. ) ;
#175 = CARTESIAN_POINT ( 'NONE',  ( 0.4517556222423695900, -0.3858105097302731400, 0.5400000000000000400 ) ) ;
#176 = CYLINDRICAL_SURFACE ( 'NONE', #6311, 0.1250000000000000000 ) ;
#177 = EDGE_LOOP ( 'NONE', ( #4630, #4030, #6125, #2095 ) ) ;
#178 = CARTESIAN_POINT ( 'NONE',  ( 0.5452999402402571900, -0.3665923448673997800, 0.5300000000000000300 ) ) ;
#179 = ORIENTED_EDGE ( 'NONE', *, *, #7701, .T. ) ;
#180 = PLANE ( 'NONE',  #6049 ) ;
#181 = LINE ( 'NONE', #5004, #3908 ) ;
#182 =( GEOMETRIC_REPRESENTATION_CONTEXT ( 3 ) GLOBAL_UNCERTAINTY_ASSIGNED_CONTEXT ( ( #2771 ) ) GLOBAL_UNIT_ASSIGNED_CONTEXT ( ( #5501, #1002, #6253 ) ) REPRESENTATION_CONTEXT ( 'NONE', 'WORKASPACE' ) );
#183 = ORIENTED_EDGE ( 'NONE', *, *, #3120, .T. ) ;
#184 = FILL_AREA_STYLE ('',( #3208 ) ) ;
#185 = CARTESIAN_POINT ( 'NONE',  ( 0.4754500677412452100, -0.4972201611099502600, 0.5300000000000000300 ) ) ;
#186 = ADVANCED_FACE ( 'NONE', ( #811, #6811, #2781, #8569, #6570, #4564, #2564, #568, #8333, #6329, #4302, #2309, #348 ), #1818, .T. ) ;
#187 = FILL_AREA_STYLE_COLOUR ( '', #4313 ) ;
#188 = CIRCLE ( 'NONE', #2451, 0.1250000000000000000 ) ;
#189 = CARTESIAN_POINT ( 'NONE',  ( 0.5628270657521692300, -0.5249929956326748700, 0.5300000000000000300 ) ) ;
#190 = CARTESIAN_POINT ( 'NONE',  ( 0.5430319580516553800, -0.5504978479665310100, 0.5400000000000000400 ) ) ;
#191 = ORIENTED_EDGE ( 'NONE', *, *, #8830, .F. ) ;
#192 = PRESENTATION_STYLE_ASSIGNMENT (( #9664 ) ) ;
#193 = CARTESIAN_POINT ( 'NONE',  ( 0.4754500677412452100, -0.4897795879642127800, 0.5300000000000000300 ) ) ;
#194 = ORIENTED_EDGE ( 'NONE', *, *, #8352, .T. ) ;
#195 = ORIENTED_EDGE ( 'NONE', *, *, #2878, .T. ) ;
#196 = EDGE_CURVE ( 'NONE', #4047, #8161, #7386, .T. ) ;
#197 = EDGE_CURVE ( 'NONE', #3924, #1691, #3389, .T. ) ;
#198 = FACE_OUTER_BOUND ( 'NONE', #3544, .T. ) ;
#199 = CARTESIAN_POINT ( 'NONE',  ( 0.4504226853421224300, -0.5121013074014185700, 0.5400000000000000400 ) ) ;
#200 =( NAMED_UNIT ( * ) PLANE_ANGLE_UNIT ( ) SI_UNIT ( $, .RADIAN. ) );
#201 = CARTESIAN_POINT ( 'NONE',  ( 0.5027056431680758700, -0.5253113089225001100, 0.5300000000000000300 ) ) ;
#202 = ORIENTED_EDGE ( 'NONE', *, *, #616, .T. ) ;
#203 = CARTESIAN_POINT ( 'NONE',  ( 0.5012334442034981400, -0.4933208233118561700, 0.5300000000000000300 ) ) ;
#204 = CARTESIAN_POINT ( 'NONE',  ( 0.4502237395360475500, -0.3994184028629744200, 0.5300000000000000300 ) ) ;
#205 = VECTOR ( 'NONE', #7553, 1000.000000000000000 ) ;
#206 = ORIENTED_EDGE ( 'NONE', *, *, #9265, .T. ) ;
#207 = COLOUR_RGB ( '',0.6666666666666666300, 0.6666666666666666300, 0.6666666666666666300 ) ;
#208 = CARTESIAN_POINT ( 'NONE',  ( 0.4512980468884779700, -0.5040638968377261200, 0.5400000000000000400 ) ) ;
#209 = LINE ( 'NONE', #5150, #6174 ) ;
#210 = CARTESIAN_POINT ( 'NONE',  ( 0.4568486348769079700, -0.3912616248157982400, 0.5400000000000000400 ) ) ;
#211 = LINE ( 'NONE', #5042, #638 ) ;
#212 = EDGE_LOOP ( 'NONE', ( #493, #8837, #6196, #8834 ) ) ;
#213 = EDGE_CURVE ( 'NONE', #4621, #1059, #5382, .T. ) ;
#214 = ADVANCED_FACE ( 'NONE', ( #7164 ), #1143, .T. ) ;
#215 = EDGE_LOOP ( 'NONE', ( #7027, #2914, #6288, #2828 ) ) ;
#216 = EDGE_LOOP ( 'NONE', ( #1967, #6837, #3857, #3091 ) ) ;
#217 = ORIENTED_EDGE ( 'NONE', *, *, #444, .F. ) ;
#218 = LINE ( 'NONE', #2629, #7952 ) ;
#219 = EDGE_CURVE ( 'NONE', #7111, #2012, #9673, .T. ) ;
#220 = DIRECTION ( 'NONE',  ( -1.000000000000000000, -0.0000000000000000000, -0.0000000000000000000 ) ) ;
#221 = CARTESIAN_POINT ( 'NONE',  ( 0.1341492376519107000, -0.4694942958510384100, 0.5300000000000000300 ) ) ;
#222 = DIRECTION ( 'NONE',  ( 0.3409177962187146000, 0.9400931103999087300, 0.0000000000000000000 ) ) ;
#223 = ORIENTED_EDGE ( 'NONE', *, *, #782, .F. ) ;
#224 = ORIENTED_EDGE ( 'NONE', *, *, #6412, .T. ) ;
#225 =( GEOMETRIC_REPRESENTATION_CONTEXT ( 3 ) GLOBAL_UNCERTAINTY_ASSIGNED_CONTEXT ( ( #7569 ) ) GLOBAL_UNIT_ASSIGNED_CONTEXT ( ( #3935, #9191, #4671 ) ) REPRESENTATION_CONTEXT ( 'NONE', 'WORKASPACE' ) );
#226 = EDGE_CURVE ( 'NONE', #3919, #8714, #2438, .T. ) ;
#227 = CARTESIAN_POINT ( 'NONE',  ( 0.5225106981589435800, -0.5253212562126597900, 0.5400000000000000400 ) ) ;
#228 = CARTESIAN_POINT ( 'NONE',  ( 0.7059287840335156700, -0.5081223912809971200, 0.5300000000000000300 ) ) ;
#229 = ORIENTED_EDGE ( 'NONE', *, *, #1692, .F. ) ;
#230 = LINE ( 'NONE', #8174, #7750 ) ;
#231 = CARTESIAN_POINT ( 'NONE',  ( 0.1413427349606562700, -0.3029370976592604100, 0.5300000000000000300 ) ) ;
#232 = VECTOR ( 'NONE', #4082, 1000.000000000000000 ) ;
#233 = CARTESIAN_POINT ( 'NONE',  ( 0.6427634906170947000, -0.4016465958906834700, 0.5300000000000000300 ) ) ;
#234 = ADVANCED_FACE ( 'NONE', ( #4420 ), #8697, .F. ) ;
#235 = CARTESIAN_POINT ( 'NONE',  ( 0.4578831530684388000, -0.4996075107828368300, 0.5400000000000000400 ) ) ;
#236 = B_SPLINE_CURVE_WITH_KNOTS ( 'NONE', 3,
 ( #2892, #1977, #4826, #3038 ),
 .UNSPECIFIED., .F., .F.,
 ( 4, 4 ),
 ( 1.000000000000000000, 2.000000000000000000 ),
 .UNSPECIFIED. ) ;
#237 = ORIENTED_EDGE ( 'NONE', *, *, #5526, .F. ) ;
#238 = DIRECTION ( 'NONE',  ( 0.0000000000000000000, 0.0000000000000000000, -1.000000000000000000 ) ) ;
#239 = PRESENTATION_STYLE_ASSIGNMENT (( #3494 ) ) ;
#240 = EDGE_CURVE ( 'NONE', #8922, #9418, #6212, .T. ) ;
#241 = CARTESIAN_POINT ( 'NONE',  ( 0.4405350787820243600, -0.5102312168246958500, 0.5400000000000000400 ) ) ;
#242 = CARTESIAN_POINT ( 'NONE',  ( 0.1136754108275356600, -0.5187421435731359700, 0.5400000000000000400 ) ) ;
#243 = ORIENTED_EDGE ( 'NONE', *, *, #5706, .T. ) ;
#244 = ADVANCED_FACE ( 'NONE', ( #4185 ), #1933, .F. ) ;
#245 = LINE ( 'NONE', #1591, #2180 ) ;
#246 = DIRECTION ( 'NONE',  ( 1.000000000000000000, 0.0000000000000000000, -0.0000000000000000000 ) ) ;
#247 = CARTESIAN_POINT ( 'NONE',  ( 0.5174674219760517800, -0.3927736129415362900, 0.5400000000000000400 ) ) ;
#248 = DIRECTION ( 'NONE',  ( 0.0000000000000000000, -0.0000000000000000000, 1.000000000000000000 ) ) ;
#249 = DIRECTION ( 'NONE',  ( 0.0000000000000000000, 0.0000000000000000000, -1.000000000000000000 ) ) ;
#250 = SURFACE_STYLE_USAGE ( .BOTH. , #4718 ) ;
#251 = ORIENTED_EDGE ( 'NONE', *, *, #2013, .T. ) ;
#252 = EDGE_CURVE ( 'NONE', #6537, #6871, #1494, .T. ) ;
#253 = VERTEX_POINT ( 'NONE', #2742 ) ;
#254 = FACE_OUTER_BOUND ( 'NONE', #9028, .T. ) ;
#255 = CARTESIAN_POINT ( 'NONE',  ( 0.5047149958091294900, -0.4726702486455662300, 0.5300000000000000300 ) ) ;
#256 = EDGE_CURVE ( 'NONE', #8165, #2257, #4586, .T. ) ;
#257 = CARTESIAN_POINT ( 'NONE',  ( 0.6273451906494143000, -0.3737941830456324400, 0.5300000000000000300 ) ) ;
#258 = VECTOR ( 'NONE', #8573, 1000.000000000000000 ) ;
#259 = CARTESIAN_POINT ( 'NONE',  ( 0.6077888179161363700, -0.3980257822207214400, 0.5300000000000000300 ) ) ;
#260 = CARTESIAN_POINT ( 'NONE',  ( 0.5493186455223715300, -0.5512936311908295300, 0.5300000000000000300 ) ) ;
#261 = SURFACE_STYLE_USAGE ( .BOTH. , #4734 ) ;
#262 = FACE_OUTER_BOUND ( 'NONE', #215, .T. ) ;
#263 = VERTEX_POINT ( 'NONE', #533 ) ;
#264 = VERTEX_POINT ( 'NONE', #5765 ) ;
#265 = EDGE_LOOP ( 'NONE', ( #9091, #8527, #3750, #5303 ) ) ;
#266 = CARTESIAN_POINT ( 'NONE',  ( 0.5332836135558864900, -0.4707205797465184900, 0.5300000000000000300 ) ) ;
#267 = FACE_OUTER_BOUND ( 'NONE', #5322, .T. ) ;
#268 = ADVANCED_FACE ( 'NONE', ( #7275 ), #5000, .F. ) ;
#269 = DIRECTION ( 'NONE',  ( -0.0000000000000000000, -0.0000000000000000000, 1.000000000000000000 ) ) ;
#270 = LINE ( 'NONE', #295, #2209 ) ;
#271 = EDGE_CURVE ( 'NONE', #7322, #7473, #3275, .T. ) ;
#272 = FACE_OUTER_BOUND ( 'NONE', #7843, .T. ) ;
#273 = VERTEX_POINT ( 'NONE', #3547 ) ;
#274 = CARTESIAN_POINT ( 'NONE',  ( 0.4405350787820243600, -0.4998462457498070700, 0.5300000000000000300 ) ) ;
#275 = FACE_BOUND ( 'NONE', #3233, .T. ) ;
#276 = CARTESIAN_POINT ( 'NONE',  ( 0.4735003988421937500, -0.3315778830052764100, 0.5400000000000000400 ) ) ;
#277 = EDGE_LOOP ( 'NONE', ( #7890, #6378, #1308, #6179 ) ) ;
#278 = CARTESIAN_POINT ( 'NONE',  ( 0.5296826944665049600, -0.5220088085423639800, 0.5400000000000000400 ) ) ;
#279 = LINE ( 'NONE', #5314, #4230 ) ;
#280 = CARTESIAN_POINT ( 'NONE',  ( 0.7587687901162603100, -0.4472847637951944400, 0.5400000000000000400 ) ) ;
#281 = FACE_OUTER_BOUND ( 'NONE', #8609, .T. ) ;
#282 = DIRECTION ( 'NONE',  ( 2.507547357879469300E-014, -1.000000000000000000, -0.0000000000000000000 ) ) ;
#283 = AXIS2_PLACEMENT_3D ( 'NONE', #6077, #823, #5308 ) ;
#284 = ORIENTED_EDGE ( 'NONE', *, *, #3952, .T. ) ;
#285 = CARTESIAN_POINT ( 'NONE',  ( -0.1999999999999999300, 5.421010862427522200E-017, 0.0000000000000000000 ) ) ;
#286 = DIRECTION ( 'NONE',  ( -1.000000000000000000, -0.0000000000000000000, -0.0000000000000000000 ) ) ;
#287 = SURFACE_STYLE_FILL_AREA ( #3794 ) ;
#288 = B_SPLINE_CURVE_WITH_KNOTS ( 'NONE', 3,
 ( #7595, #2294, #6443, #7986 ),
 .UNSPECIFIED., .F., .F.,
 ( 4, 4 ),
 ( 5.000000000000000000, 6.000000000000000000 ),
 .UNSPECIFIED. ) ;
#289 = ORIENTED_EDGE ( 'NONE', *, *, #2812, .F. ) ;
#290 = CIRCLE ( 'NONE', #4023, 0.1249999999999999700 ) ;
#291 = CARTESIAN_POINT ( 'NONE',  ( 0.7477074033005616200, -0.5038251618707552100, 0.5300000000000000300 ) ) ;
#292 = ORIENTED_EDGE ( 'NONE', *, *, #8060, .T. ) ;
#293 = ORIENTED_EDGE ( 'NONE', *, *, #801, .F. ) ;
#294 = DIRECTION ( 'NONE',  ( -0.0000000000000000000, -0.0000000000000000000, 1.000000000000000000 ) ) ;
#295 = CARTESIAN_POINT ( 'NONE',  ( 0.5628270657521692300, -0.5249929956326748700, 0.5400000000000000400 ) ) ;
#296 = EDGE_CURVE ( 'NONE', #2953, #6576, #3504, .T. ) ;
#297 = LINE ( 'NONE', #2112, #4026 ) ;
#298 = STYLED_ITEM ( 'NONE', ( #147 ), #8255 ) ;
#299 = CARTESIAN_POINT ( 'NONE',  ( 0.4851984122370147600, -0.4893419071914362200, 0.5400000000000000400 ) ) ;
#300 = EDGE_LOOP ( 'NONE', ( #926, #2136, #820, #4759 ) ) ;
#301 = CARTESIAN_POINT ( 'NONE',  ( 0.4754500677412452100, -0.5025519087119874100, 0.5300000000000000300 ) ) ;
#302 = VERTEX_POINT ( 'NONE', #5030 ) ;
#303 = VERTEX_POINT ( 'NONE', #2773 ) ;
#304 = SURFACE_STYLE_USAGE ( .BOTH. , #4770 ) ;
#305 = CARTESIAN_POINT ( 'NONE',  ( 0.4750000000000001400, 6.951819361361712800E-017, -0.02000000000000000000 ) ) ;
#306 = B_SPLINE_SURFACE_WITH_KNOTS ( 'NONE', 3, 1, ( 
 ( #1734, #6506 ),
 ( #2736, #8011 ),
 ( #3636, #8881 ),
 ( #4374, #9641 ) ),
 .UNSPECIFIED., .F., .F., .F.,
 ( 4, 4 ),
 ( 2, 2 ),
 ( 3.000000000000000000, 4.000000000000000000 ),
 ( 0.0000000000000000000, 1.000000000000000000 ),
 .UNSPECIFIED. ) ;
#307 = B_SPLINE_CURVE_WITH_KNOTS ( 'NONE', 3,
 ( #927, #6953, #2432, #7729 ),
 .UNSPECIFIED., .F., .F.,
 ( 4, 4 ),
 ( 18.00000000000000000, 19.00000000000000000 ),
 .UNSPECIFIED. ) ;
#308 = ORIENTED_EDGE ( 'NONE', *, *, #5463, .T. ) ;
#309 = LINE ( 'NONE', #6852, #8041 ) ;
#310 = EDGE_CURVE ( 'NONE', #735, #8983, #5250, .T. ) ;
#311 = ORIENTED_EDGE ( 'NONE', *, *, #3373, .F. ) ;
#312 = VERTEX_POINT ( 'NONE', #7676 ) ;
#313 = VECTOR ( 'NONE', #8660, 1000.000000000000000 ) ;
#314 =( LENGTH_UNIT ( ) NAMED_UNIT ( * ) SI_UNIT ( .MILLI., .METRE. ) );
#315 = EDGE_CURVE ( 'NONE', #972, #6767, #1250, .T. ) ;
#316 = PLANE ( 'NONE',  #8001 ) ;
#317 = DIRECTION ( 'NONE',  ( -1.000000000000000000, 0.0000000000000000000, 0.0000000000000000000 ) ) ;
#318 = SURFACE_SIDE_STYLE ('',( #7339 ) ) ;
#319 = CARTESIAN_POINT ( 'NONE',  ( 0.6077888179161363700, -0.3272408644333406600, 0.5400000000000000400 ) ) ;
#320 = CARTESIAN_POINT ( 'NONE',  ( 0.7142447187253383500, -0.4854823585539703200, 0.5400000000000000400 ) ) ;
#321 = ADVANCED_FACE ( 'NONE', ( #3030 ), #8825, .F. ) ;
#322 = CARTESIAN_POINT ( 'NONE',  ( 0.2221312927212818800, -0.5253822819453388700, 0.5400000000000000400 ) ) ;
#323 = ORIENTED_EDGE ( 'NONE', *, *, #5387, .F. ) ;
#324 = VERTEX_POINT ( 'NONE', #7614 ) ;
#325 = ORIENTED_EDGE ( 'NONE', *, *, #1, .T. ) ;
#326 = LINE ( 'NONE', #2002, #8056 ) ;
#327 = DIRECTION ( 'NONE',  ( -1.000000000000000000, -0.0000000000000000000, -0.0000000000000000000 ) ) ;
#328 = MECHANICAL_DESIGN_GEOMETRIC_PRESENTATION_REPRESENTATION (  '', ( #8558 ), #810 ) ;
#329 = CARTESIAN_POINT ( 'NONE',  ( 0.4735003988421937500, -0.3315778830052764100, 0.5400000000000000400 ) ) ;
#330 = DIRECTION ( 'NONE',  ( 0.9209172030172695400, -0.3897582650654751200, 0.0000000000000000000 ) ) ;
#331 = ORIENTED_EDGE ( 'NONE', *, *, #7643, .F. ) ;
#332 = EDGE_CURVE ( 'NONE', #9242, #7243, #6804, .T. ) ;
#333 =( NAMED_UNIT ( * ) PLANE_ANGLE_UNIT ( ) SI_UNIT ( $, .RADIAN. ) );
#334 = CARTESIAN_POINT ( 'NONE',  ( 0.6614445018042870400, -0.4472847637951944400, 0.5300000000000000300 ) ) ;
#335 = CARTESIAN_POINT ( 'NONE',  ( 0.5740277146321974800, -0.3327715578411892800, 0.5400000000000000400 ) ) ;
#336 = AXIS2_PLACEMENT_3D ( 'NONE', #4379, #9644, #5130 ) ;
#337 = VECTOR ( 'NONE', #2246, 1000.000000000000000 ) ;
#338 = EDGE_CURVE ( 'NONE', #7620, #539, #4779, .T. ) ;
#339 = DIRECTION ( 'NONE',  ( 1.000000000000000000, 0.0000000000000000000, 0.0000000000000000000 ) ) ;
#340 = CARTESIAN_POINT ( 'NONE',  ( 0.4794488784425081100, -0.3940070769391410500, 0.5400000000000000400 ) ) ;
#341 = CARTESIAN_POINT ( 'NONE',  ( 0.5857854117682252900, -0.3327715578411892800, 0.5400000000000000400 ) ) ;
#342 = CARTESIAN_POINT ( 'NONE',  ( 0.5248483113797827200, -0.4682536517513063400, 0.5400000000000000400 ) ) ;
#343 = CARTESIAN_POINT ( 'NONE',  ( 0.6795485701530403800, -0.3715659900179227900, 0.5300000000000000300 ) ) ;
#344 = FACE_BOUND ( 'NONE', #2271, .T. ) ;
#345 = CARTESIAN_POINT ( 'NONE',  ( -0.4749999999999999200, -0.3999999999999999700, 0.0000000000000000000 ) ) ;
#346 = B_SPLINE_CURVE_WITH_KNOTS ( 'NONE', 3,
 ( #1312, #8867, #7876, #8401 ),
 .UNSPECIFIED., .F., .F.,
 ( 4, 4 ),
 ( 3.000000000000000000, 4.000000000000000000 ),
 .UNSPECIFIED. ) ;
#347 = DIRECTION ( 'NONE',  ( -0.9398440417769748900, -0.3416038306815658000, 0.0000000000000000000 ) ) ;
#348 = FACE_BOUND ( 'NONE', #7925, .T. ) ;
#349 = CARTESIAN_POINT ( 'NONE',  ( 0.4294339028051645800, -0.4562373250666699200, 0.5400000000000000400 ) ) ;
#350 = CARTESIAN_POINT ( 'NONE',  ( 0.4513577306304862900, -0.5142499221068056500, 0.5400000000000000400 ) ) ;
#351 = CARTESIAN_POINT ( 'NONE',  ( 0.1479828838871060400, -0.5010350375522992800, 0.5400000000000000400 ) ) ;
#352 = ORIENTED_EDGE ( 'NONE', *, *, #5837, .F. ) ;
#353 = VERTEX_POINT ( 'NONE', #861 ) ;
#354 = ADVANCED_FACE ( 'NONE', ( #805 ), #8873, .F. ) ;
#355 = EDGE_CURVE ( 'NONE', #4675, #8981, #4554, .T. ) ;
#356 = CARTESIAN_POINT ( 'NONE',  ( 0.1656899687989250900, -0.3029370976592576900, 0.5300000000000000300 ) ) ;
#357 = CARTESIAN_POINT ( 'NONE',  ( 0.6467424067380472800, -0.5162393801670115400, 0.5400000000000000400 ) ) ;
#358 = EDGE_CURVE ( 'NONE', #5662, #4007, #6562, .T. ) ;
#359 = B_SPLINE_CURVE_WITH_KNOTS ( 'NONE', 3,
 ( #5958, #6722, #3740, #8989 ),
 .UNSPECIFIED., .F., .F.,
 ( 4, 4 ),
 ( 5.000000000000000000, 6.000000000000000000 ),
 .UNSPECIFIED. ) ;
#360 = FACE_OUTER_BOUND ( 'NONE', #8009, .T. ) ;
#361 = ORIENTED_EDGE ( 'NONE', *, *, #1224, .F. ) ;
#362 = ORIENTED_EDGE ( 'NONE', *, *, #2967, .F. ) ;
#363 = LINE ( 'NONE', #608, #4095 ) ;
#364 = DIRECTION ( 'NONE',  ( -0.0000000000000000000, -0.0000000000000000000, 1.000000000000000000 ) ) ;
#365 = DIRECTION ( 'NONE',  ( 0.3559357243643026500, 0.9345104387438693000, 0.0000000000000000000 ) ) ;
#366 = CARTESIAN_POINT ( 'NONE',  ( 0.7000200935940980000, -0.4586644639007163000, 0.5400000000000000400 ) ) ;
#367 = ORIENTED_EDGE ( 'NONE', *, *, #5694, .F. ) ;
#368 = CARTESIAN_POINT ( 'NONE',  ( 0.5452999402402571900, -0.3576795727570894500, 0.5400000000000000400 ) ) ;
#369 = CARTESIAN_POINT ( 'NONE',  ( 0.6714912650087675500, -0.4562373250666672000, 0.5400000000000000400 ) ) ;
#370 = EDGE_LOOP ( 'NONE', ( #3063, #1076, #1616, #5624 ) ) ;
#371 = VECTOR ( 'NONE', #4755, 1000.000000000000000 ) ;
#372 = CARTESIAN_POINT ( 'NONE',  ( 0.5244305251873192500, -0.4761716948315121700, 0.5400000000000000400 ) ) ;
#373 = EDGE_CURVE ( 'NONE', #6544, #7217, #8775, .T. ) ;
#374 = LINE ( 'NONE', #7507, #4589 ) ;
#375 = LINE ( 'NONE', #1323, #7896 ) ;
#376 = ORIENTED_EDGE ( 'NONE', *, *, #8620, .F. ) ;
#377 = EDGE_CURVE ( 'NONE', #3575, #6278, #561, .T. ) ;
#378 = CARTESIAN_POINT ( 'NONE',  ( 0.5691535423840491400, -0.5335078761308399400, 0.5400000000000000400 ) ) ;
#379 = EDGE_LOOP ( 'NONE', ( #9510, #9170, #1679, #1838 ) ) ;
#380 = CARTESIAN_POINT ( 'NONE',  ( 0.5134885058553728700, -0.5264254054360929500, 0.5300000000000000300 ) ) ;
#381 = LINE ( 'NONE', #8979, #8367 ) ;
#382 = CARTESIAN_POINT ( 'NONE',  ( 0.5074206587713087100, -0.3238189965697173000, 0.5400000000000000400 ) ) ;
#383 = B_SPLINE_CURVE_WITH_KNOTS ( 'NONE', 3,
 ( #4315, #9616, #2096, #6644 ),
 .UNSPECIFIED., .F., .F.,
 ( 4, 4 ),
 ( 3.000000000000000000, 4.000000000000000000 ),
 .UNSPECIFIED. ) ;
#384 = COLOUR_RGB ( '',0.6666666666666666300, 0.6666666666666666300, 0.6666666666666666300 ) ;
#385 = ORIENTED_EDGE ( 'NONE', *, *, #3890, .T. ) ;
#386 = EDGE_CURVE ( 'NONE', #3940, #4488, #3708, .T. ) ;
#387 = DIRECTION ( 'NONE',  ( -0.0000000000000000000, -0.0000000000000000000, -1.000000000000000000 ) ) ;
#388 = CARTESIAN_POINT ( 'NONE',  ( 0.2514586197845931600, -0.4916281678223113900, 0.5400000000000000400 ) ) ;
#389 = CARTESIAN_POINT ( 'NONE',  ( 0.6273451906494143000, -0.3617380671998308700, 0.5400000000000000400 ) ) ;
#390 = EDGE_CURVE ( 'NONE', #302, #9115, #6324, .T. ) ;
#391 = ORIENTED_EDGE ( 'NONE', *, *, #6922, .T. ) ;
#392 = LINE ( 'NONE', #1963, #4126 ) ;
#393 = SURFACE_STYLE_FILL_AREA ( #8562 ) ;
#394 = ORIENTED_EDGE ( 'NONE', *, *, #7862, .T. ) ;
#395 = ORIENTED_EDGE ( 'NONE', *, *, #3385, .F. ) ;
#396 = VECTOR ( 'NONE', #397, 1000.000000000000000 ) ;
#397 = DIRECTION ( 'NONE',  ( -0.0000000000000000000, 1.000000000000000000, -0.0000000000000000000 ) ) ;
#398 = ORIENTED_EDGE ( 'NONE', *, *, #4318, .T. ) ;
#399 =( GEOMETRIC_REPRESENTATION_CONTEXT ( 3 ) GLOBAL_UNCERTAINTY_ASSIGNED_CONTEXT ( ( #8218 ) ) GLOBAL_UNIT_ASSIGNED_CONTEXT ( ( #4548, #91, #5295 ) ) REPRESENTATION_CONTEXT ( 'NONE', 'WORKASPACE' ) );
#400 = CARTESIAN_POINT ( 'NONE',  ( 0.5012334442034981400, -0.4933208233118561700, 0.5400000000000000400 ) ) ;
#401 = VECTOR ( 'NONE', #5112, 1000.000000000000000 ) ;
#402 = ORIENTED_EDGE ( 'NONE', *, *, #4516, .F. ) ;
#403 = ORIENTED_EDGE ( 'NONE', *, *, #2423, .T. ) ;
#404 = ADVANCED_FACE ( 'NONE', ( #9017, #344 ), #7504, .F. ) ;
#405 = UNCERTAINTY_MEASURE_WITH_UNIT (LENGTH_MEASURE( 1.000000000000000100E-005 ), #6132, 'distance_accuracy_value', 'NONE');
#406 = CARTESIAN_POINT ( 'NONE',  ( 0.2708257603980817100, -0.3754254613460054100, 0.5400000000000000400 ) ) ;
#407 = B_SPLINE_CURVE_WITH_KNOTS ( 'NONE', 3,
 ( #9628, #2108, #2214, #6753 ),
 .UNSPECIFIED., .F., .F.,
 ( 4, 4 ),
 ( 8.000000000000000000, 9.000000000000000000 ),
 .UNSPECIFIED. ) ;
#408 = VERTEX_POINT ( 'NONE', #7564 ) ;
#409 = VECTOR ( 'NONE', #95, 1000.000000000000000 ) ;
#410 = ORIENTED_EDGE ( 'NONE', *, *, #8777, .T. ) ;
#411 = CARTESIAN_POINT ( 'NONE',  ( 0.6427634906171156800, -0.4900581120928776400, 0.5400000000000000400 ) ) ;
#412 = DIRECTION ( 'NONE',  ( -1.000000000000000000, -0.0000000000000000000, -0.0000000000000000000 ) ) ;
#413 = EDGE_LOOP ( 'NONE', ( #4859, #9584, #7989, #8309 ) ) ;
#414 = ORIENTED_EDGE ( 'NONE', *, *, #5048, .F. ) ;
#415 = LINE ( 'NONE', #8838, #6398 ) ;
#416 = EDGE_CURVE ( 'NONE', #8023, #2734, #6087, .T. ) ;
#417 = CARTESIAN_POINT ( 'NONE',  ( 0.0000000000000000000, 0.0000000000000000000, 0.5400000000000000400 ) ) ;
#418 = CARTESIAN_POINT ( 'NONE',  ( 0.5639809514271839600, -0.3238189965697173000, 0.5400000000000000400 ) ) ;
#419 = FACE_OUTER_BOUND ( 'NONE', #7502, .T. ) ;
#420 = LINE ( 'NONE', #9531, #4157 ) ;
#421 = CARTESIAN_POINT ( 'NONE',  ( 0.7016912383650133500, -0.4016465958906835200, 0.5300000000000000300 ) ) ;
#422 = ORIENTED_EDGE ( 'NONE', *, *, #9380, .T. ) ;
#423 = CARTESIAN_POINT ( 'NONE',  ( 0.6156073880934355100, -0.3341243893222797800, 0.5300000000000000300 ) ) ;
#424 = VERTEX_POINT ( 'NONE', #754 ) ;
#425 = ORIENTED_EDGE ( 'NONE', *, *, #5313, .T. ) ;
#426 = EDGE_CURVE ( 'NONE', #1475, #7243, #4075, .T. ) ;
#427 = EDGE_LOOP ( 'NONE', ( #2509, #5779, #1273, #940 ) ) ;
#428 = EDGE_CURVE ( 'NONE', #7749, #9695, #5200, .T. ) ;
#429 = CARTESIAN_POINT ( 'NONE',  ( 0.7634241219774903200, -0.4595796146084971100, 0.5300000000000000300 ) ) ;
#430 = ORIENTED_EDGE ( 'NONE', *, *, #8898, .F. ) ;
#431 = CARTESIAN_POINT ( 'NONE',  ( 0.1136754108275356600, -0.5187421435731359700, 0.5400000000000000400 ) ) ;
#432 = CARTESIAN_POINT ( 'NONE',  ( 0.4303888426743730000, -0.3927736129415362900, 0.5400000000000000400 ) ) ;
#433 = CARTESIAN_POINT ( 'NONE',  ( 0.04727385823864965800, -0.5464094360435291000, 0.5300000000000000300 ) ) ;
#434 = ORIENTED_EDGE ( 'NONE', *, *, #6865, .F. ) ;
#435 = FACE_OUTER_BOUND ( 'NONE', #8641, .T. ) ;
#436 = CARTESIAN_POINT ( 'NONE',  ( 0.2060842424023816300, -0.5082285559695332000, 0.5300000000000000300 ) ) ;
#437 = ORIENTED_EDGE ( 'NONE', *, *, #1614, .F. ) ;
#438 = VECTOR ( 'NONE', #8631, 1000.000000000000000 ) ;
#439 = AXIS2_PLACEMENT_3D ( 'NONE', #20, #5239, #751 ) ;
#440 = CARTESIAN_POINT ( 'NONE',  ( 0.5740277146321974800, -0.3327715578411892800, 0.5400000000000000400 ) ) ;
#441 = CARTESIAN_POINT ( 'NONE',  ( 0.4517556222423695900, -0.3858105097302731400, 0.5400000000000000400 ) ) ;
#442 = CARTESIAN_POINT ( 'NONE',  ( 0.6614445018042870400, -0.4472847637951944400, 0.5400000000000000400 ) ) ;
#443 = B_SPLINE_CURVE_WITH_KNOTS ( 'NONE', 3,
 ( #423, #7161, #6426, #1887 ),
 .UNSPECIFIED., .F., .F.,
 ( 4, 4 ),
 ( 2.000000000000000000, 3.000000000000000000 ),
 .UNSPECIFIED. ) ;
#444 = EDGE_CURVE ( 'NONE', #7407, #5771, #8077, .T. ) ;
#445 = CARTESIAN_POINT ( 'NONE',  ( 0.6720483132655605800, -0.3238189965697152500, 0.5400000000000000400 ) ) ;
#446 = CARTESIAN_POINT ( 'NONE',  ( 0.5259425133130581900, -0.5109474217266660700, 0.5300000000000000300 ) ) ;
#447 = ADVANCED_FACE ( 'NONE', ( #5830 ), #9685, .T. ) ;
#448 = DIRECTION ( 'NONE',  ( 0.0000000000000000000, 1.000000000000000000, 0.0000000000000000000 ) ) ;
#449 = CARTESIAN_POINT ( 'NONE',  ( 0.1042685199890618200, -0.5287023933481510600, 0.5300000000000000300 ) ) ;
#450 = UNCERTAINTY_MEASURE_WITH_UNIT (LENGTH_MEASURE( 1.000000000000000100E-005 ), #6204, 'distance_accuracy_value', 'NONE');
#451 = AXIS2_PLACEMENT_3D ( 'NONE', #1280, #5787, #550 ) ;
#452 = VECTOR ( 'NONE', #5645, 1000.000000000000000 ) ;
#453 = CARTESIAN_POINT ( 'NONE',  ( 0.4294339028051645800, -0.4472847637951952700, 0.5300000000000000300 ) ) ;
#454 = CARTESIAN_POINT ( 'NONE',  ( 0.04063371986671028600, -0.4872013807628577900, 0.5300000000000000300 ) ) ;
#455 = DIRECTION ( 'NONE',  ( -0.0000000000000000000, 1.000000000000000000, -0.0000000000000000000 ) ) ;
#456 = CARTESIAN_POINT ( 'NONE',  ( 0.4522927759188466500, -0.3402121309869244300, 0.5400000000000000400 ) ) ;
#457 = PLANE ( 'NONE',  #787 ) ;
#458 = EDGE_LOOP ( 'NONE', ( #4275, #9106 ) ) ;
#459 = CARTESIAN_POINT ( 'NONE',  ( 0.4726324977632954700, -0.4795736681147546000, 0.5400000000000000400 ) ) ;
#460 = CYLINDRICAL_SURFACE ( 'NONE', #9446, 0.05000000000000002400 ) ;
#461 = PRESENTATION_LAYER_ASSIGNMENT (  '', '', ( #9706 ) ) ;
#462 = COLOUR_RGB ( '',0.6666666666666666300, 0.6666666666666666300, 0.6666666666666666300 ) ;
#463 = CARTESIAN_POINT ( 'NONE',  ( 0.5191584613272886000, -0.4761716948315121700, 0.5300000000000000300 ) ) ;
#464 = DIRECTION ( 'NONE',  ( -1.000000000000000000, -0.0000000000000000000, -0.0000000000000000000 ) ) ;
#465 = CARTESIAN_POINT ( 'NONE',  ( 0.7625288658502892300, -0.4626831691822945700, 0.5400000000000000400 ) ) ;
#466 = ORIENTED_EDGE ( 'NONE', *, *, #4236, .T. ) ;
#467 = ORIENTED_EDGE ( 'NONE', *, *, #4573, .T. ) ;
#468 = CARTESIAN_POINT ( 'NONE',  ( 0.5359494873566411600, -0.5099924818577248300, 0.5300000000000000300 ) ) ;
#469 = ORIENTED_EDGE ( 'NONE', *, *, #4491, .T. ) ;
#470 = VERTEX_POINT ( 'NONE', #680 ) ;
#471 = CARTESIAN_POINT ( 'NONE',  ( 0.2000000000000000900, -0.3999999999999999700, 0.0000000000000000000 ) ) ;
#472 = CARTESIAN_POINT ( 'NONE',  ( 0.2000000000000000900, -0.3999999999999999700, 0.0000000000000000000 ) ) ;
#473 = FACE_OUTER_BOUND ( 'NONE', #8711, .T. ) ;
#474 = EDGE_CURVE ( 'NONE', #5086, #2832, #4432, .T. ) ;
#475 = DIRECTION ( 'NONE',  ( -0.0000000000000000000, -1.000000000000000000, -0.0000000000000000000 ) ) ;
#476 = LINE ( 'NONE', #17, #4209 ) ;
#477 = EDGE_CURVE ( 'NONE', #8392, #730, #2077, .T. ) ;
#478 = ORIENTED_EDGE ( 'NONE', *, *, #6130, .F. ) ;
#479 = B_SPLINE_CURVE_WITH_KNOTS ( 'NONE', 3,
 ( #3016, #6765, #3768, #9016 ),
 .UNSPECIFIED., .F., .F.,
 ( 4, 4 ),
 ( 19.00000000000000000, 20.00000000000000000 ),
 .UNSPECIFIED. ) ;
#480 = VERTEX_POINT ( 'NONE', #6719 ) ;
#481 = ORIENTED_EDGE ( 'NONE', *, *, #2560, .F. ) ;
#482 = VECTOR ( 'NONE', #6386, 1000.000000000000000 ) ;
#483 = DIRECTION ( 'NONE',  ( 0.0000000000000000000, 1.000000000000000000, -0.0000000000000000000 ) ) ;
#484 = LINE ( 'NONE', #322, #2210 ) ;
#485 = CARTESIAN_POINT ( 'NONE',  ( 0.4851984122370147600, -0.4752565441237334200, 0.5400000000000000400 ) ) ;
#486 = DIRECTION ( 'NONE',  ( 0.0000000000000000000, 0.0000000000000000000, 1.000000000000000000 ) ) ;
#487 = ORIENTED_EDGE ( 'NONE', *, *, #8207, .T. ) ;
#488 = DIRECTION ( 'NONE',  ( 0.8840949502478798700, 0.4673073067545585000, 0.0000000000000000000 ) ) ;
#489 = VERTEX_POINT ( 'NONE', #3676 ) ;
#490 = AXIS2_PLACEMENT_3D ( 'NONE', #1602, #9142, #8422 ) ;
#491 =( LENGTH_UNIT ( ) NAMED_UNIT ( * ) SI_UNIT ( .MILLI., .METRE. ) );
#492 = FACE_OUTER_BOUND ( 'NONE', #177, .T. ) ;
#493 = ORIENTED_EDGE ( 'NONE', *, *, #2605, .T. ) ;
#494 = EDGE_CURVE ( 'NONE', #5762, #7486, #7866, .T. ) ;
#495 = LINE ( 'NONE', #8671, #4232 ) ;
#496 = ORIENTED_EDGE ( 'NONE', *, *, #2845, .T. ) ;
#497 = CARTESIAN_POINT ( 'NONE',  ( 0.2000000000000000900, 5.421010862427522200E-017, 0.0000000000000000000 ) ) ;
#498 = CARTESIAN_POINT ( 'NONE',  ( -0.4749999999999999200, 0.3649999999999998800, 0.0000000000000000000 ) ) ;
#499 = CARTESIAN_POINT ( 'NONE',  ( 0.4294339028051645800, -0.4472847637951952700, 0.5300000000000000300 ) ) ;
#500 = LINE ( 'NONE', #8063, #4477 ) ;
#501 = CARTESIAN_POINT ( 'NONE',  ( -0.4749999999999999200, 0.5250000000000000200, 0.0000000000000000000 ) ) ;
#502 = ORIENTED_EDGE ( 'NONE', *, *, #6407, .F. ) ;
#503 = LINE ( 'NONE', #143, #6727 ) ;
#504 = MECHANICAL_DESIGN_GEOMETRIC_PRESENTATION_REPRESENTATION (  '', ( #8737 ), #1015 ) ;
#505 = CARTESIAN_POINT ( 'NONE',  ( 0.4294339028051645800, -0.4562373250666699200, 0.5400000000000000400 ) ) ;
#506 = ORIENTED_EDGE ( 'NONE', *, *, #2280, .T. ) ;
#507 = VERTEX_POINT ( 'NONE', #9714 ) ;
#508 =( GEOMETRIC_REPRESENTATION_CONTEXT ( 3 ) GLOBAL_UNCERTAINTY_ASSIGNED_CONTEXT ( ( #6414 ) ) GLOBAL_UNIT_ASSIGNED_CONTEXT ( ( #5146, #666, #5916 ) ) REPRESENTATION_CONTEXT ( 'NONE', 'WORKASPACE' ) );
#509 = EDGE_CURVE ( 'NONE', #7596, #3018, #3859, .T. ) ;
#510 = VECTOR ( 'NONE', #5152, 1000.000000000000000 ) ;
#511 = ORIENTED_EDGE ( 'NONE', *, *, #868, .F. ) ;
#512 = ORIENTED_EDGE ( 'NONE', *, *, #857, .F. ) ;
#513 = ORIENTED_EDGE ( 'NONE', *, *, #6783, .T. ) ;
#514 = ORIENTED_EDGE ( 'NONE', *, *, #5623, .F. ) ;
#515 = UNCERTAINTY_MEASURE_WITH_UNIT (LENGTH_MEASURE( 1.000000000000000100E-005 ), #314, 'distance_accuracy_value', 'NONE');
#516 = CARTESIAN_POINT ( 'NONE',  ( 0.2514586197845931600, -0.4916281678223113900, 0.5400000000000000400 ) ) ;
#517 = CARTESIAN_POINT ( 'NONE',  ( 0.6650653154737175000, -0.3392174019568188200, 0.5400000000000000400 ) ) ;
#518 = CARTESIAN_POINT ( 'NONE',  ( 0.6665773035994542200, -0.3337662868712928900, 0.5300000000000000300 ) ) ;
#519 = LINE ( 'NONE', #2580, #4260 ) ;
#520 = CARTESIAN_POINT ( 'NONE',  ( 0.5296826944665049600, -0.5220088085423639800, 0.5400000000000000400 ) ) ;
#521 = ORIENTED_EDGE ( 'NONE', *, *, #2080, .T. ) ;
#522 = AXIS2_PLACEMENT_3D ( 'NONE', #5272, #5965, #1470 ) ;
#523 = VECTOR ( 'NONE', #9656, 1000.000000000000000 ) ;
#524 = DIRECTION ( 'NONE',  ( -0.0000000000000000000, -0.0000000000000000000, -1.000000000000000000 ) ) ;
#525 = ORIENTED_EDGE ( 'NONE', *, *, #1850, .T. ) ;
#526 = VERTEX_POINT ( 'NONE', #742 ) ;
#527 = VERTEX_POINT ( 'NONE', #8234 ) ;
#528 = FACE_OUTER_BOUND ( 'NONE', #5098, .T. ) ;
#529 = ORIENTED_EDGE ( 'NONE', *, *, #5484, .T. ) ;
#530 = ADVANCED_FACE ( 'NONE', ( #2302 ), #8988, .F. ) ;
#531 = DIRECTION ( 'NONE',  ( -1.000000000000000000, 0.0000000000000000000, -0.0000000000000000000 ) ) ;
#532 = CARTESIAN_POINT ( 'NONE',  ( 0.5740277146321974800, -0.3927736129415362900, 0.5300000000000000300 ) ) ;
#533 = CARTESIAN_POINT ( 'NONE',  ( 0.5853278364148646300, -0.3927736129415362900, 0.5400000000000000400 ) ) ;
#534 = EDGE_CURVE ( 'NONE', #3254, #4141, #3609, .T. ) ;
#535 = DIRECTION ( 'NONE',  ( 0.9409537876827114300, -0.3385350342956530700, 0.0000000000000000000 ) ) ;
#536 = ORIENTED_EDGE ( 'NONE', *, *, #8972, .T. ) ;
#537 = ORIENTED_EDGE ( 'NONE', *, *, #9174, .F. ) ;
#538 = ORIENTED_EDGE ( 'NONE', *, *, #3614, .T. ) ;
#539 = VERTEX_POINT ( 'NONE', #2224 ) ;
#540 = FACE_OUTER_BOUND ( 'NONE', #9223, .T. ) ;
#541 = CARTESIAN_POINT ( 'NONE',  ( 0.5563414324753793700, -0.5403516118586188000, 0.5400000000000000400 ) ) ;
#542 = CARTESIAN_POINT ( 'NONE',  ( 0.5676415542583115300, -0.5158812777165562300, 0.5300000000000000300 ) ) ;
#543 = PRESENTATION_LAYER_ASSIGNMENT (  '', '', ( #9286 ) ) ;
#544 = CARTESIAN_POINT ( 'NONE',  ( 0.2060842424023798000, -0.3361378739537001500, 0.5300000000000000300 ) ) ;
#545 = ORIENTED_EDGE ( 'NONE', *, *, #6094, .T. ) ;
#546 = B_SPLINE_CURVE_WITH_KNOTS ( 'NONE', 3,
 ( #3814, #8322, #110, #5312 ),
 .UNSPECIFIED., .F., .F.,
 ( 4, 4 ),
 ( 33.00000000000000000, 34.00000000000000000 ),
 .UNSPECIFIED. ) ;
#547 = EDGE_CURVE ( 'NONE', #6299, #8219, #9046, .T. ) ;
#548 = EDGE_CURVE ( 'NONE', #4519, #3241, #5607, .T. ) ;
#549 = CARTESIAN_POINT ( 'NONE',  ( 0.5853278364148646300, -0.3927736129415362900, 0.5300000000000000300 ) ) ;
#550 = DIRECTION ( 'NONE',  ( -1.000000000000000000, 0.0000000000000000000, -0.0000000000000000000 ) ) ;
#551 = CARTESIAN_POINT ( 'NONE',  ( -0.02742788842358112900, -0.4374002374296833700, 0.5300000000000000300 ) ) ;
#552 = DIRECTION ( 'NONE',  ( 0.0000000000000000000, 0.0000000000000000000, -1.000000000000000000 ) ) ;
#553 = ORIENTED_EDGE ( 'NONE', *, *, #4417, .F. ) ;
#554 = CARTESIAN_POINT ( 'NONE',  ( 0.3993930860938300600, -0.4562373250666699200, 0.5300000000000000300 ) ) ;
#555 = VECTOR ( 'NONE', #4567, 1000.000000000000000 ) ;
#556 = VERTEX_POINT ( 'NONE', #7557 ) ;
#557 = CARTESIAN_POINT ( 'NONE',  ( -0.4749999999999999200, 0.0000000000000000000, -0.0000000000000000000 ) ) ;
#558 = PLANE ( 'NONE',  #2098 ) ;
#559 = CARTESIAN_POINT ( 'NONE',  ( 0.6316623146407689400, -0.4016465958906835200, 0.5300000000000000300 ) ) ;
#560 = DIRECTION ( 'NONE',  ( -0.0000000000000000000, -0.0000000000000000000, 1.000000000000000000 ) ) ;
#561 = LINE ( 'NONE', #3021, #4295 ) ;
#562 = CARTESIAN_POINT ( 'NONE',  ( 0.5519248355813865000, -0.4695269049100741500, 0.5400000000000000400 ) ) ;
#563 = CARTESIAN_POINT ( 'NONE',  ( 0.4527702458533204300, -0.5264254054360929500, 0.5400000000000000400 ) ) ;
#564 = EDGE_CURVE ( 'NONE', #253, #6637, #16, .T. ) ;
#565 = CARTESIAN_POINT ( 'NONE',  ( 0.4368943705314791100, -0.3852534614734790000, 0.5300000000000000300 ) ) ;
#566 = CARTESIAN_POINT ( 'NONE',  ( 0.6674128759849122800, -0.3381430946043909000, 0.5400000000000000400 ) ) ;
#567 = CARTESIAN_POINT ( 'NONE',  ( 0.5326867761376663500, -0.5008011856187470900, 0.5300000000000000300 ) ) ;
#568 = FACE_BOUND ( 'NONE', #7183, .T. ) ;
#569 = ADVANCED_FACE ( 'NONE', ( #5372 ), #5638, .F. ) ;
#570 = MECHANICAL_DESIGN_GEOMETRIC_PRESENTATION_REPRESENTATION (  '', ( #8799 ), #1075 ) ;
#571 = VERTEX_POINT ( 'NONE', #6800 ) ;
#572 = AXIS2_PLACEMENT_3D ( 'NONE', #1709, #1727, #3978 ) ;
#573 = VERTEX_POINT ( 'NONE', #737 ) ;
#574 = DIRECTION ( 'NONE',  ( 1.000000000000000000, 0.0000000000000000000, 0.0000000000000000000 ) ) ;
#575 = SURFACE_STYLE_USAGE ( .BOTH. , #5816 ) ;
#576 = DIRECTION ( 'NONE',  ( -0.3559357243698872400, 0.9345104387417423300, -0.0000000000000000000 ) ) ;
#577 = PLANE ( 'NONE',  #8107 ) ;
#578 = CARTESIAN_POINT ( 'NONE',  ( 0.4405350787820243600, -0.4998462457498070700, 0.5400000000000000400 ) ) ;
#579 = CARTESIAN_POINT ( 'NONE',  ( 0.5683478118695293200, -0.5139763716234854200, 0.5400000000000000400 ) ) ;
#580 = EDGE_LOOP ( 'NONE', ( #2506, #4955, #2408, #6284 ) ) ;
#581 = ORIENTED_EDGE ( 'NONE', *, *, #2028, .T. ) ;
#582 = FACE_OUTER_BOUND ( 'NONE', #5078, .T. ) ;
#583 = EDGE_CURVE ( 'NONE', #7590, #8012, #7376, .T. ) ;
#584 = ORIENTED_EDGE ( 'NONE', *, *, #8248, .F. ) ;
#585 = ORIENTED_EDGE ( 'NONE', *, *, #5578, .F. ) ;
#586 = DIRECTION ( 'NONE',  ( -1.000000000000000000, 0.0000000000000000000, -0.0000000000000000000 ) ) ;
#587 = CARTESIAN_POINT ( 'NONE',  ( 0.6827913867914360300, -0.5162393801670115400, 0.5300000000000000300 ) ) ;
#588 = LINE ( 'NONE', #3994, #4588 ) ;
#589 = CARTESIAN_POINT ( 'NONE',  ( 0.4918432021587133000, -0.3256890871464422900, 0.5300000000000000300 ) ) ;
#590 = CARTESIAN_POINT ( 'NONE',  ( 0.5120759906325400600, -0.4900979012540394000, 0.5400000000000000400 ) ) ;
#591 = FACE_OUTER_BOUND ( 'NONE', #8213, .T. ) ;
#592 = VECTOR ( 'NONE', #524, 1000.000000000000000 ) ;
#593 = CARTESIAN_POINT ( 'NONE',  ( 0.4713517841370725200, -0.5231229050559527100, 0.5400000000000000400 ) ) ;
#594 = VERTEX_POINT ( 'NONE', #291 ) ;
#595 = EDGE_CURVE ( 'NONE', #7928, #6349, #9598, .T. ) ;
#596 = CARTESIAN_POINT ( 'NONE',  ( 0.4453097781270029000, -0.5220485977035250700, 0.5400000000000000400 ) ) ;
#597 = VECTOR ( 'NONE', #4886, 1000.000000000000000 ) ;
#598 = EDGE_CURVE ( 'NONE', #2177, #1589, #3383, .T. ) ;
#599 = LINE ( 'NONE', #74, #2595 ) ;
#600 =( LENGTH_UNIT ( ) NAMED_UNIT ( * ) SI_UNIT ( .MILLI., .METRE. ) );
#601 = EDGE_LOOP ( 'NONE', ( #6747, #4980, #6001, #6982 ) ) ;
#602 = ORIENTED_EDGE ( 'NONE', *, *, #2626, .T. ) ;
#603 = CARTESIAN_POINT ( 'NONE',  ( 0.7991547887415855200, -0.5251123631161613800, 0.5300000000000000300 ) ) ;
#604 = CARTESIAN_POINT ( 'NONE',  ( 0.1656899687989250900, -0.3029370976592576900, 0.5300000000000000300 ) ) ;
#605 = ORIENTED_EDGE ( 'NONE', *, *, #4649, .F. ) ;
#606 = CARTESIAN_POINT ( 'NONE',  ( -0.8999999999999999100, 0.6500000000000000200, 0.0000000000000000000 ) ) ;
#607 = DIRECTION ( 'NONE',  ( -1.000000000000000000, 0.0000000000000000000, 0.0000000000000000000 ) ) ;
#608 = CARTESIAN_POINT ( 'NONE',  ( 0.4984680974995734900, -0.4845274186850290200, 0.5400000000000000400 ) ) ;
#609 = VECTOR ( 'NONE', #8668, 1000.000000000000000 ) ;
#610 = VERTEX_POINT ( 'NONE', #7815 ) ;
#611 = ORIENTED_EDGE ( 'NONE', *, *, #2939, .T. ) ;
#612 = PRESENTATION_LAYER_ASSIGNMENT (  '', '', ( #144 ) ) ;
#613 = DIRECTION ( 'NONE',  ( 1.000000000000000000, 0.0000000000000000000, 0.0000000000000000000 ) ) ;
#614 = ADVANCED_FACE ( 'NONE', ( #5113 ), #8047, .F. ) ;
#615 = LINE ( 'NONE', #3412, #7099 ) ;
#616 = EDGE_CURVE ( 'NONE', #6858, #3832, #8885, .T. ) ;
#617 = ORIENTED_EDGE ( 'NONE', *, *, #4590, .T. ) ;
#618 = CARTESIAN_POINT ( 'NONE',  ( 0.5639809514271858500, -0.4016465958906835200, 0.5300000000000000300 ) ) ;
#619 = PLANE ( 'NONE',  #5975 ) ;
#620 = CARTESIAN_POINT ( 'NONE',  ( 0.4984084137578308500, -0.5231626942171130300, 0.5300000000000000300 ) ) ;
#621 = ORIENTED_EDGE ( 'NONE', *, *, #2188, .T. ) ;
#622 = CARTESIAN_POINT ( 'NONE',  ( 0.2453718192404426000, -0.4053061579003669500, 0.5400000000000000400 ) ) ;
#623 = ORIENTED_EDGE ( 'NONE', *, *, #4984, .T. ) ;
#624 = CARTESIAN_POINT ( 'NONE',  ( 0.5085148607043181700, -0.4836520571384098600, 0.5300000000000000300 ) ) ;
#625 = CARTESIAN_POINT ( 'NONE',  ( 0.5359494873566411600, -0.5099924818577248300, 0.5400000000000000400 ) ) ;
#626 = FACE_OUTER_BOUND ( 'NONE', #3678, .T. ) ;
#627 = ORIENTED_EDGE ( 'NONE', *, *, #5628, .F. ) ;
#628 = AXIS2_PLACEMENT_3D ( 'NONE', #4002, #8523, #3269 ) ;
#629 = SURFACE_SIDE_STYLE ('',( #8643 ) ) ;
#630 = DIRECTION ( 'NONE',  ( 0.0000000000000000000, 0.0000000000000000000, -1.000000000000000000 ) ) ;
#631 = CARTESIAN_POINT ( 'NONE',  ( 0.3250536907904472100, -0.4147130487388401300, 0.5300000000000000300 ) ) ;
#632 = AXIS2_PLACEMENT_3D ( 'NONE', #1052, #2524, #8553 ) ;
#633 = ORIENTED_EDGE ( 'NONE', *, *, #8814, .F. ) ;
#634 = VECTOR ( 'NONE', #5910, 1000.000000000000000 ) ;
#635 = EDGE_CURVE ( 'NONE', #273, #6850, #1364, .T. ) ;
#636 = SURFACE_STYLE_USAGE ( .BOTH. , #5111 ) ;
#637 = FACE_OUTER_BOUND ( 'NONE', #765, .T. ) ;
#638 = VECTOR ( 'NONE', #2810, 1000.000000000000000 ) ;
#639 = CARTESIAN_POINT ( 'NONE',  ( 0.7052523682932337900, -0.4507066316593479300, 0.5400000000000000400 ) ) ;
#640 = ORIENTED_EDGE ( 'NONE', *, *, #1349, .F. ) ;
#641 = CARTESIAN_POINT ( 'NONE',  ( 0.7052523682932337900, -0.5214915494467268200, 0.5400000000000000400 ) ) ;
#642 = EDGE_LOOP ( 'NONE', ( #4979, #6750, #4223, #3574 ) ) ;
#643 = ORIENTED_EDGE ( 'NONE', *, *, #8417, .F. ) ;
#644 = CARTESIAN_POINT ( 'NONE',  ( 0.7059287840335156700, -0.5081223912809971200, 0.5300000000000000300 ) ) ;
#645 = DIRECTION ( 'NONE',  ( 0.0000000000000000000, 1.000000000000000000, 0.0000000000000000000 ) ) ;
#646 = CARTESIAN_POINT ( 'NONE',  ( 0.2265580375637614200, -0.4916281678223113900, 0.5300000000000000300 ) ) ;
#647 = AXIS2_PLACEMENT_3D ( 'NONE', #2788, #3020, #8090 ) ;
#648 = PLANE ( 'NONE',  #6340 ) ;
#649 = VERTEX_POINT ( 'NONE', #2650 ) ;
#650 = ORIENTED_EDGE ( 'NONE', *, *, #9533, .T. ) ;
#651 = COLOUR_RGB ( '',0.6666666666666666300, 0.6666666666666666300, 0.6666666666666666300 ) ;
#652 = CARTESIAN_POINT ( 'NONE',  ( 0.3051332123486368800, -0.5004816997242417200, 0.5300000000000000300 ) ) ;
#653 = DIRECTION ( 'NONE',  ( -0.0000000000000000000, -0.0000000000000000000, -1.000000000000000000 ) ) ;
#654 = SURFACE_STYLE_USAGE ( .BOTH. , #1642 ) ;
#655 = CARTESIAN_POINT ( 'NONE',  ( 0.4435590550337630800, -0.3923359321682266500, 0.5300000000000000300 ) ) ;
#656 = EDGE_CURVE ( 'NONE', #5556, #8623, #8904, .T. ) ;
#657 = CARTESIAN_POINT ( 'NONE',  ( 0.4918432021587133000, -0.3887946968205875400, 0.5400000000000000400 ) ) ;
#658 = DIRECTION ( 'NONE',  ( 0.0000000000000000000, 0.0000000000000000000, -1.000000000000000000 ) ) ;
#659 = EDGE_CURVE ( 'NONE', #6254, #6153, #5121, .T. ) ;
#660 = CARTESIAN_POINT ( 'NONE',  ( 0.4441161032908241300, -0.3636081577765559200, 0.5400000000000000400 ) ) ;
#661 = VECTOR ( 'NONE', #1944, 1000.000000000000000 ) ;
#662 = CARTESIAN_POINT ( 'NONE',  ( 0.2912995555594620800, -0.4246732774053714200, 0.5300000000000000300 ) ) ;
#663 = CARTESIAN_POINT ( 'NONE',  ( 0.6614445018042870400, -0.4472847637951944400, 0.5300000000000000300 ) ) ;
#664 = ADVANCED_FACE ( 'NONE', ( #913 ), #2417, .F. ) ;
#665 = CARTESIAN_POINT ( 'NONE',  ( 0.5085148607043181700, -0.4858802501661216900, 0.5400000000000000400 ) ) ;
#666 =( NAMED_UNIT ( * ) PLANE_ANGLE_UNIT ( ) SI_UNIT ( $, .RADIAN. ) );
#667 = LINE ( 'NONE', #4465, #8439 ) ;
#668 = EDGE_CURVE ( 'NONE', #1230, #1797, #6665, .T. ) ;
#669 = PLANE ( 'NONE',  #5421 ) ;
#670 = CARTESIAN_POINT ( 'NONE',  ( 0.2547787100791827400, -0.5253822819453388700, 0.5300000000000000300 ) ) ;
#671 = CARTESIAN_POINT ( 'NONE',  ( 0.5449418377895408600, -0.5425798048863271800, 0.5400000000000000400 ) ) ;
#672 = CARTESIAN_POINT ( 'NONE',  ( -0.01912769435023612900, -0.4811146013277278800, 0.5400000000000000400 ) ) ;
#673 = DIRECTION ( 'NONE',  ( -0.3315284183504291200, -0.9434452330824841800, 0.0000000000000000000 ) ) ;
#674 = EDGE_CURVE ( 'NONE', #4930, #6061, #1137, .T. ) ;
#675 = B_SPLINE_CURVE_WITH_KNOTS ( 'NONE', 3,
 ( #8204, #8338, #1469, #6251 ),
 .UNSPECIFIED., .F., .F.,
 ( 4, 4 ),
 ( 9.000000000000000000, 10.00000000000000000 ),
 .UNSPECIFIED. ) ;
#676 = PLANE ( 'NONE',  #9376 ) ;
#677 = CARTESIAN_POINT ( 'NONE',  ( 0.3256070286187669500, -0.4479138039247974600, 0.5300000000000000300 ) ) ;
#678 = CARTESIAN_POINT ( 'NONE',  ( 0.01573313764587742200, -0.3571650333284799300, 0.5400000000000000400 ) ) ;
#679 = CARTESIAN_POINT ( 'NONE',  ( 0.3098366630450938300, -0.4029544351908147500, 0.5400000000000000400 ) ) ;
#680 = CARTESIAN_POINT ( 'NONE',  ( 0.3993930860938300600, -0.3927736129415362900, 0.5400000000000000400 ) ) ;
#681 = ORIENTED_EDGE ( 'NONE', *, *, #976, .F. ) ;
#682 = CARTESIAN_POINT ( 'NONE',  ( 0.4624390120265000100, -0.4989708842031906300, 0.5400000000000000400 ) ) ;
#683 = PRESENTATION_LAYER_ASSIGNMENT (  '', '', ( #8915 ) ) ;
#684 = CARTESIAN_POINT ( 'NONE',  ( 0.5410226054105987700, -0.4695269049100741500, 0.5400000000000000400 ) ) ;
#685 = VERTEX_POINT ( 'NONE', #463 ) ;
#686 = EDGE_CURVE ( 'NONE', #1504, #3018, #667, .T. ) ;
#687 = CARTESIAN_POINT ( 'NONE',  ( 0.4754500677412452100, -0.4897795879642127800, 0.5400000000000000400 ) ) ;
#688 = FACE_OUTER_BOUND ( 'NONE', #2906, .T. ) ;
#689 = EDGE_LOOP ( 'NONE', ( #5940, #8733, #3394, #1437 ) ) ;
#690 = CARTESIAN_POINT ( 'NONE',  ( 0.5679001838058627100, -0.5158812777165562300, 0.5400000000000000400 ) ) ;
#691 = DIRECTION ( 'NONE',  ( -0.0000000000000000000, -0.0000000000000000000, 1.000000000000000000 ) ) ;
#692 = ORIENTED_EDGE ( 'NONE', *, *, #197, .T. ) ;
#693 = VECTOR ( 'NONE', #4, 1000.000000000000000 ) ;
#694 = EDGE_LOOP ( 'NONE', ( #7769, #3339 ) ) ;
#695 = CARTESIAN_POINT ( 'NONE',  ( 0.2647389598541977600, -0.3588250731993156700, 0.5400000000000000400 ) ) ;
#696 = VERTEX_POINT ( 'NONE', #4806 ) ;
#697 = CARTESIAN_POINT ( 'NONE',  ( 0.4448124136116833900, -0.3339652326776322300, 0.5400000000000000400 ) ) ;
#698 = AXIS2_PLACEMENT_3D ( 'NONE', #7427, #317, #4775 ) ;
#699 = VECTOR ( 'NONE', #1152, 1000.000000000000000 ) ;
#700 = FILL_AREA_STYLE_COLOUR ( '', #1478 ) ;
#701 = PRESENTATION_STYLE_ASSIGNMENT (( #250 ) ) ;
#702 = CARTESIAN_POINT ( 'NONE',  ( 0.4862727195897053600, -0.3330898711310145100, 0.5400000000000000400 ) ) ;
#703 = SURFACE_STYLE_USAGE ( .BOTH. , #12 ) ;
#704 = ORIENTED_EDGE ( 'NONE', *, *, #5578, .T. ) ;
#705 = CARTESIAN_POINT ( 'NONE',  ( 0.5493186455223715300, -0.5512936311908295300, 0.5400000000000000400 ) ) ;
#706 = CARTESIAN_POINT ( 'NONE',  ( 0.7208895086473096100, -0.5069287164445540600, 0.5300000000000000300 ) ) ;
#707 = CARTESIAN_POINT ( 'NONE',  ( 0.4717496757489552700, -0.3940070769391410500, 0.5300000000000000300 ) ) ;
#708 = ORIENTED_EDGE ( 'NONE', *, *, #9716, .T. ) ;
#709 = CARTESIAN_POINT ( 'NONE',  ( 0.7508905361977452600, -0.4950317572439287300, 0.5400000000000000400 ) ) ;
#710 = LINE ( 'NONE', #5115, #2689 ) ;
#711 = EDGE_CURVE ( 'NONE', #1059, #4675, #2658, .T. ) ;
#712 = ADVANCED_FACE ( 'NONE', ( #2429 ), #9375, .F. ) ;
#713 = EDGE_LOOP ( 'NONE', ( #5479, #3569, #3869, #4462 ) ) ;
#714 = CARTESIAN_POINT ( 'NONE',  ( 0.5087138065103916600, -0.5184675731947240300, 0.5300000000000000300 ) ) ;
#715 = CARTESIAN_POINT ( 'NONE',  ( 0.1479828838871060400, -0.5065685002683939500, 0.5300000000000000300 ) ) ;
#716 = STYLED_ITEM ( 'NONE', ( #7814 ), #8485 ) ;
#717 = CARTESIAN_POINT ( 'NONE',  ( 0.7000200935940980000, -0.4586644639007163000, 0.5300000000000000300 ) ) ;
#718 = CARTESIAN_POINT ( 'NONE',  ( 0.6674128759849122800, -0.3381430946043909000, 0.5300000000000000300 ) ) ;
#719 = FACE_BOUND ( 'NONE', #747, .T. ) ;
#720 = ORIENTED_EDGE ( 'NONE', *, *, #2994, .T. ) ;
#721 = LINE ( 'NONE', #9409, #9435 ) ;
#722 = DIRECTION ( 'NONE',  ( 0.0000000000000000000, 0.0000000000000000000, 1.000000000000000000 ) ) ;
#723 = ORIENTED_EDGE ( 'NONE', *, *, #656, .F. ) ;
#724 = EDGE_CURVE ( 'NONE', #1338, #2817, #5717, .T. ) ;
#725 = CARTESIAN_POINT ( 'NONE',  ( 0.3051332123486368800, -0.5004816997242417200, 0.5400000000000000400 ) ) ;
#726 = CARTESIAN_POINT ( 'NONE',  ( 0.4522927759188466500, -0.3402121309869244300, 0.5300000000000000300 ) ) ;
#727 = EDGE_CURVE ( 'NONE', #253, #8864, #1716, .T. ) ;
#728 = DIRECTION ( 'NONE',  ( 1.000000000000000000, 3.367232478686859700E-014, -0.0000000000000000000 ) ) ;
#729 = B_SPLINE_CURVE_WITH_KNOTS ( 'NONE', 3,
 ( #4563, #9061, #830, #6083 ),
 .UNSPECIFIED., .F., .F.,
 ( 4, 4 ),
 ( 0.0000000000000000000, 1.000000000000000000 ),
 .UNSPECIFIED. ) ;
#730 = VERTEX_POINT ( 'NONE', #6339 ) ;
#731 = CARTESIAN_POINT ( 'NONE',  ( 0.4512980468884779700, -0.5040638968377261200, 0.5400000000000000400 ) ) ;
#732 = LINE ( 'NONE', #3035, #4481 ) ;
#733 = ORIENTED_EDGE ( 'NONE', *, *, #1342, .F. ) ;
#734 = ORIENTED_EDGE ( 'NONE', *, *, #1131, .T. ) ;
#735 = VERTEX_POINT ( 'NONE', #1087 ) ;
#736 = CARTESIAN_POINT ( 'NONE',  ( 0.5740277146321974800, -0.3327715578411892800, 0.5400000000000000400 ) ) ;
#737 = CARTESIAN_POINT ( 'NONE',  ( 0.7248087410265148200, -0.4852038344258363700, 0.5300000000000000300 ) ) ;
#738 = ADVANCED_FACE ( 'NONE', ( #9493 ), #2434, .F. ) ;
#739 = DIRECTION ( 'NONE',  ( -0.0000000000000000000, -0.0000000000000000000, 1.000000000000000000 ) ) ;
#740 = LINE ( 'NONE', #8986, #8511 ) ;
#741 = DIRECTION ( 'NONE',  ( -0.0000000000000000000, -0.0000000000000000000, -1.000000000000000000 ) ) ;
#742 = CARTESIAN_POINT ( 'NONE',  ( 0.3993930860938320600, -0.5162393801670129800, 0.5300000000000000300 ) ) ;
#743 = EDGE_LOOP ( 'NONE', ( #4948, #2058, #513, #1668 ) ) ;
#744 = COLOUR_RGB ( '',0.6666666666666666300, 0.6666666666666666300, 0.6666666666666666300 ) ;
#745 = ORIENTED_EDGE ( 'NONE', *, *, #9608, .F. ) ;
#746 = DIRECTION ( 'NONE',  ( -0.0000000000000000000, -0.0000000000000000000, -1.000000000000000000 ) ) ;
#747 = EDGE_LOOP ( 'NONE', ( #6371, #7598, #7331, #52, #9291, #2212, #3981 ) ) ;
#748 = AXIS2_PLACEMENT_3D ( 'NONE', #3473, #2510, #7791 ) ;
#749 = EDGE_LOOP ( 'NONE', ( #5657, #924, #7424, #7844 ) ) ;
#750 = EDGE_CURVE ( 'NONE', #6041, #312, #5341, .T. ) ;
#751 = DIRECTION ( 'NONE',  ( -1.000000000000000000, 0.0000000000000000000, 0.0000000000000000000 ) ) ;
#752 = CARTESIAN_POINT ( 'NONE',  ( 0.4484929110233913900, -0.5249532064715145600, 0.5400000000000000400 ) ) ;
#753 = CARTESIAN_POINT ( 'NONE',  ( 0.4581616771968354300, -0.5264254054360929500, 0.5300000000000000300 ) ) ;
#754 = CARTESIAN_POINT ( 'NONE',  ( -0.4749999999999999200, 5.421010862427522200E-017, -0.02000000000000000000 ) ) ;
#755 = VERTEX_POINT ( 'NONE', #3386 ) ;
#756 = CARTESIAN_POINT ( 'NONE',  ( 0.07494118237177233000, -0.3488648392551344000, 0.5400000000000000400 ) ) ;
#757 = CARTESIAN_POINT ( 'NONE',  ( 0.08379472482794612900, -0.3842789721394494500, 0.5300000000000000300 ) ) ;
#758 = LINE ( 'NONE', #7240, #8524 ) ;
#759 = DIRECTION ( 'NONE',  ( -1.000000000000000000, 0.0000000000000000000, 0.0000000000000000000 ) ) ;
#760 = ORIENTED_EDGE ( 'NONE', *, *, #7110, .T. ) ;
#761 = VERTEX_POINT ( 'NONE', #1487 ) ;
#762 = VERTEX_POINT ( 'NONE', #2590 ) ;
#763 = LINE ( 'NONE', #4253, #2519 ) ;
#764 = CARTESIAN_POINT ( 'NONE',  ( 0.4712722058144859800, -0.5138918196558173200, 0.5400000000000000400 ) ) ;
#765 = EDGE_LOOP ( 'NONE', ( #3779, #2063, #4335, #5010 ) ) ;
#766 = AXIS2_PLACEMENT_3D ( 'NONE', #4933, #2341, #6872 ) ;
#767 = CARTESIAN_POINT ( 'NONE',  ( 0.07500000000000012200, 0.4000000000000000800, -0.02000000000000000000 ) ) ;
#768 = DIRECTION ( 'NONE',  ( 0.0000000000000000000, 0.0000000000000000000, -1.000000000000000000 ) ) ;
#769 = PRESENTATION_LAYER_ASSIGNMENT (  '', '', ( #8518 ) ) ;
#770 = CARTESIAN_POINT ( 'NONE',  ( 0.07051440586656337900, -0.5192955025096772600, 0.5400000000000000400 ) ) ;
#771 = VERTEX_POINT ( 'NONE', #1115 ) ;
#772 = CARTESIAN_POINT ( 'NONE',  ( 0.7248087410265148200, -0.4852038344258363700, 0.5400000000000000400 ) ) ;
#773 = ADVANCED_FACE ( 'NONE', ( #3732 ), #7517, .T. ) ;
#774 = ORIENTED_EDGE ( 'NONE', *, *, #7860, .F. ) ;
#775 = ORIENTED_EDGE ( 'NONE', *, *, #5811, .F. ) ;
#776 = FILL_AREA_STYLE_COLOUR ( '', #8599 ) ;
#777 = EDGE_LOOP ( 'NONE', ( #7416, #2456, #2468, #525 ) ) ;
#778 = LINE ( 'NONE', #4934, #4981 ) ;
#779 = CARTESIAN_POINT ( 'NONE',  ( 0.3993930860938300600, -0.3238189965697173000, 0.5300000000000000300 ) ) ;
#780 = CARTESIAN_POINT ( 'NONE',  ( 0.6449717890642460100, -0.4562373250666672000, 0.5300000000000000300 ) ) ;
#781 = CARTESIAN_POINT ( 'NONE',  ( 0.6234259582707372100, -0.3410079142112194500, 0.5400000000000000400 ) ) ;
#782 = EDGE_CURVE ( 'NONE', #6270, #8392, #3499, .T. ) ;
#783 = CARTESIAN_POINT ( 'NONE',  ( 0.2232379683776580500, -0.4910748299942564500, 0.5400000000000000400 ) ) ;
#784 = ORIENTED_EDGE ( 'NONE', *, *, #5687, .T. ) ;
#785 = VERTEX_POINT ( 'NONE', #995 ) ;
#786 = DIRECTION ( 'NONE',  ( 0.0000000000000000000, 0.0000000000000000000, 1.000000000000000000 ) ) ;
#787 = AXIS2_PLACEMENT_3D ( 'NONE', #4892, #7981, #3488 ) ;
#788 = FACE_OUTER_BOUND ( 'NONE', #5173, .T. ) ;
#789 = DIRECTION ( 'NONE',  ( -0.0000000000000000000, -0.0000000000000000000, -1.000000000000000000 ) ) ;
#790 = SURFACE_SIDE_STYLE ('',( #2197 ) ) ;
#791 =( NAMED_UNIT ( * ) SI_UNIT ( $, .STERADIAN. ) SOLID_ANGLE_UNIT ( ) );
#792 = CARTESIAN_POINT ( 'NONE',  ( 0.4453097781270029000, -0.5220485977035250700, 0.5400000000000000400 ) ) ;
#793 = DIRECTION ( 'NONE',  ( -0.0000000000000000000, 1.000000000000000000, -0.0000000000000000000 ) ) ;
#794 = CARTESIAN_POINT ( 'NONE',  ( 0.7477074033005616200, -0.5038251618707552100, 0.5400000000000000400 ) ) ;
#795 = LINE ( 'NONE', #3104, #8557 ) ;
#796 =( LENGTH_UNIT ( ) NAMED_UNIT ( * ) SI_UNIT ( .MILLI., .METRE. ) );
#797 = EDGE_CURVE ( 'NONE', #3710, #8142, #5891, .T. ) ;
#798 = SURFACE_SIDE_STYLE ('',( #2951 ) ) ;
#799 = ADVANCED_FACE ( 'NONE', ( #1483 ), #8491, .F. ) ;
#800 = DIRECTION ( 'NONE',  ( 0.0000000000000000000, 0.0000000000000000000, 1.000000000000000000 ) ) ;
#801 = EDGE_CURVE ( 'NONE', #6153, #3332, #3270, .T. ) ;
#802 = DIRECTION ( 'NONE',  ( -1.000000000000000000, 0.0000000000000000000, 0.0000000000000000000 ) ) ;
#803 = EDGE_LOOP ( 'NONE', ( #2932, #8139, #7881, #8040 ) ) ;
#804 = CARTESIAN_POINT ( 'NONE',  ( 0.5861833033809015200, -0.3238189965697173000, 0.5300000000000000300 ) ) ;
#805 = FACE_OUTER_BOUND ( 'NONE', #5854, .T. ) ;
#806 = CARTESIAN_POINT ( 'NONE',  ( 0.06885437127364359100, -0.4506805247283358100, 0.5400000000000000400 ) ) ;
#807 = CARTESIAN_POINT ( 'NONE',  ( 0.3993930860938300600, -0.4562373250666699200, 0.5300000000000000300 ) ) ;
#808 = CARTESIAN_POINT ( 'NONE',  ( 0.5842734236430170400, -0.4695269049100720400, 0.5400000000000000400 ) ) ;
#809 = DIRECTION ( 'NONE',  ( -1.000000000000000000, 0.0000000000000000000, 0.0000000000000000000 ) ) ;
#810 =( GEOMETRIC_REPRESENTATION_CONTEXT ( 3 ) GLOBAL_UNCERTAINTY_ASSIGNED_CONTEXT ( ( #7637 ) ) GLOBAL_UNIT_ASSIGNED_CONTEXT ( ( #491, #5729, #1234 ) ) REPRESENTATION_CONTEXT ( 'NONE', 'WORKASPACE' ) );
#811 = FACE_BOUND ( 'NONE', #6336, .T. ) ;
#812 = DIRECTION ( 'NONE',  ( 0.0000000000000000000, -1.000000000000000000, 0.0000000000000000000 ) ) ;
#813 = PLANE ( 'NONE',  #8691 ) ;
#814 = CARTESIAN_POINT ( 'NONE',  ( 0.3993930860938300600, -0.3927736129415362900, 0.5400000000000000400 ) ) ;
#815 = DIRECTION ( 'NONE',  ( 0.1387416884823455000, -0.9903286039881247200, 0.0000000000000000000 ) ) ;
#816 = EDGE_CURVE ( 'NONE', #1760, #4394, #5244, .T. ) ;
#817 = CARTESIAN_POINT ( 'NONE',  ( 0.007986270846080346600, -0.5109952873278446100, 0.5300000000000000300 ) ) ;
#818 = CARTESIAN_POINT ( 'NONE',  ( 0.6613052397396891300, -0.3238189965697152500, 0.5400000000000000400 ) ) ;
#819 = ORIENTED_EDGE ( 'NONE', *, *, #2779, .T. ) ;
#820 = ORIENTED_EDGE ( 'NONE', *, *, #1724, .F. ) ;
#821 = UNCERTAINTY_MEASURE_WITH_UNIT (LENGTH_MEASURE( 1.000000000000000100E-005 ), #5952, 'distance_accuracy_value', 'NONE');
#822 = ADVANCED_FACE ( 'NONE', ( #7035 ), #2444, .T. ) ;
#823 = DIRECTION ( 'NONE',  ( 0.0000000000000000000, 0.0000000000000000000, -1.000000000000000000 ) ) ;
#824 = CARTESIAN_POINT ( 'NONE',  ( 0.2912995555594620800, -0.4246732774053714200, 0.5400000000000000400 ) ) ;
#825 = CARTESIAN_POINT ( 'NONE',  ( 0.09209490834705039200, -0.5287023933481510600, 0.5400000000000000400 ) ) ;
#826 = CARTESIAN_POINT ( 'NONE',  ( 0.5132298763075574500, -0.5006818181352645800, 0.5400000000000000400 ) ) ;
#827 = AXIS2_PLACEMENT_3D ( 'NONE', #6079, #9000, #4484 ) ;
#828 = CARTESIAN_POINT ( 'NONE',  ( 0.4712722058144859800, -0.5138918196558173200, 0.5300000000000000300 ) ) ;
#829 = VERTEX_POINT ( 'NONE', #3954 ) ;
#830 = CARTESIAN_POINT ( 'NONE',  ( 0.4861135629447932400, -0.4014476500848769800, 0.5400000000000000400 ) ) ;
#831 = FACE_OUTER_BOUND ( 'NONE', #6754, .T. ) ;
#832 = EDGE_CURVE ( 'NONE', #1589, #3710, #3024, .T. ) ;
#833 = FACE_OUTER_BOUND ( 'NONE', #2984, .T. ) ;
#834 = CARTESIAN_POINT ( 'NONE',  ( 0.7648764263620145800, -0.4616088618298676000, 0.5300000000000000300 ) ) ;
#835 = EDGE_LOOP ( 'NONE', ( #8464, #2359, #6957, #8317 ) ) ;
#836 = B_SPLINE_CURVE_WITH_KNOTS ( 'NONE', 3,
 ( #9684, #6379, #6018, #1740 ),
 .UNSPECIFIED., .F., .F.,
 ( 4, 4 ),
 ( 4.000000000000000000, 5.000000000000000000 ),
 .UNSPECIFIED. ) ;
#837 = ORIENTED_EDGE ( 'NONE', *, *, #7348, .F. ) ;
#838 = CARTESIAN_POINT ( 'NONE',  ( -0.001420598883641920400, -0.3743187698585325200, 0.5400000000000000400 ) ) ;
#839 = VECTOR ( 'NONE', #9209, 1000.000000000000000 ) ;
#840 = DIRECTION ( 'NONE',  ( -1.000000000000000000, -1.741129794800948600E-014, 0.0000000000000000000 ) ) ;
#841 = DIRECTION ( 'NONE',  ( 1.000000000000000000, 0.0000000000000000000, 0.0000000000000000000 ) ) ;
#842 = VECTOR ( 'NONE', #8078, 1000.000000000000100 ) ;
#843 = ORIENTED_EDGE ( 'NONE', *, *, #3429, .T. ) ;
#844 = CARTESIAN_POINT ( 'NONE',  ( 0.6613052397396891300, -0.3238189965697152500, 0.5400000000000000400 ) ) ;
#845 = DIRECTION ( 'NONE',  ( -0.0000000000000000000, -0.0000000000000000000, -1.000000000000000000 ) ) ;
#846 = VECTOR ( 'NONE', #9457, 1000.000000000000000 ) ;
#847 = CARTESIAN_POINT ( 'NONE',  ( 0.4641897351197373800, -0.4761716948315121700, 0.5300000000000000300 ) ) ;
#848 = ADVANCED_FACE ( 'NONE', ( #1028 ), #6192, .F. ) ;
#849 = CARTESIAN_POINT ( 'NONE',  ( 0.4648263616991180600, -0.3315778830052764100, 0.5400000000000000400 ) ) ;
#850 = FACE_OUTER_BOUND ( 'NONE', #1581, .T. ) ;
#851 = VECTOR ( 'NONE', #8963, 1000.000000000000000 ) ;
#852 = PLANE ( 'NONE',  #3217 ) ;
#853 = ORIENTED_EDGE ( 'NONE', *, *, #4381, .T. ) ;
#854 = CARTESIAN_POINT ( 'NONE',  ( 0.4312045204789852800, -0.5162393801670129800, 0.5400000000000000400 ) ) ;
#855 = EDGE_CURVE ( 'NONE', #1261, #7928, #1245, .T. ) ;
#856 = ORIENTED_EDGE ( 'NONE', *, *, #9416, .F. ) ;
#857 = EDGE_CURVE ( 'NONE', #1861, #7590, #6099, .T. ) ;
#858 = CARTESIAN_POINT ( 'NONE',  ( 0.6836468537574730300, -0.4472847637951944400, 0.5400000000000000400 ) ) ;
#859 = VECTOR ( 'NONE', #4878, 1000.000000000000000 ) ;
#860 = DIRECTION ( 'NONE',  ( 2.228930984781728700E-014, -1.000000000000000000, -0.0000000000000000000 ) ) ;
#861 = CARTESIAN_POINT ( 'NONE',  ( 0.5475082386873916200, -0.3238189965697173000, 0.5400000000000000400 ) ) ;
#862 = DIRECTION ( 'NONE',  ( 1.000000000000000000, 2.507547357879469900E-014, -0.0000000000000000000 ) ) ;
#863 = CARTESIAN_POINT ( 'NONE',  ( 0.5680991296116734100, -0.5148467595247607800, 0.5300000000000000300 ) ) ;
#864 = LINE ( 'NONE', #4866, #8616 ) ;
#865 = EDGE_LOOP ( 'NONE', ( #1163, #4944, #7991, #1741 ) ) ;
#866 = CARTESIAN_POINT ( 'NONE',  ( 0.4303888426743730000, -0.3927736129415362900, 0.5300000000000000300 ) ) ;
#867 = EDGE_LOOP ( 'NONE', ( #6489, #5346, #6583, #9419 ) ) ;
#868 = EDGE_CURVE ( 'NONE', #8959, #4388, #4993, .T. ) ;
#869 = ADVANCED_FACE ( 'NONE', ( #6793 ), #7653, .F. ) ;
#870 = CARTESIAN_POINT ( 'NONE',  ( 0.6954443400551965100, -0.4472847637951944400, 0.5300000000000000300 ) ) ;
#871 = DIRECTION ( 'NONE',  ( -0.0000000000000000000, -0.0000000000000000000, -1.000000000000000000 ) ) ;
#872 = EDGE_CURVE ( 'NONE', #1667, #7609, #6558, .T. ) ;
#873 = ORIENTED_EDGE ( 'NONE', *, *, #3500, .F. ) ;
#874 = CARTESIAN_POINT ( 'NONE',  ( 0.5201134011962291700, -0.4935993474405162000, 0.5400000000000000400 ) ) ;
#875 = ORIENTED_EDGE ( 'NONE', *, *, #3429, .F. ) ;
#876 = VECTOR ( 'NONE', #3991, 1000.000000000000000 ) ;
#877 = CARTESIAN_POINT ( 'NONE',  ( 0.09264826728385712500, -0.4506805247283358100, 0.5400000000000000400 ) ) ;
#878 =( NAMED_UNIT ( * ) SI_UNIT ( $, .STERADIAN. ) SOLID_ANGLE_UNIT ( ) );
#879 = SURFACE_STYLE_USAGE ( .BOTH. , #5370 ) ;
#880 = LINE ( 'NONE', #5117, #6629 ) ;
#881 = DIRECTION ( 'NONE',  ( -0.0000000000000000000, -0.0000000000000000000, 1.000000000000000000 ) ) ;
#882 = EDGE_CURVE ( 'NONE', #8961, #6724, #8236, .T. ) ;
#883 = FACE_OUTER_BOUND ( 'NONE', #9199, .T. ) ;
#884 = STYLED_ITEM ( 'NONE', ( #2848 ), #6068 ) ;
#885 = EDGE_LOOP ( 'NONE', ( #6709, #2909, #8637, #7238 ) ) ;
#886 = ORIENTED_EDGE ( 'NONE', *, *, #3561, .T. ) ;
#887 = ORIENTED_EDGE ( 'NONE', *, *, #8996, .F. ) ;
#888 = ORIENTED_EDGE ( 'NONE', *, *, #4110, .T. ) ;
#889 = ORIENTED_EDGE ( 'NONE', *, *, #3502, .T. ) ;
#890 = LINE ( 'NONE', #1703, #1114 ) ;
#891 = EDGE_CURVE ( 'NONE', #1477, #4799, #795, .T. ) ;
#892 = DIRECTION ( 'NONE',  ( 1.000000000000000000, 2.509086674839019100E-014, -0.0000000000000000000 ) ) ;
#893 = CARTESIAN_POINT ( 'NONE',  ( 0.07051440586656337900, -0.5071218803134245300, 0.5400000000000000400 ) ) ;
#894 = CARTESIAN_POINT ( 'NONE',  ( 0.4984680974995734900, -0.4845274186850290200, 0.5400000000000000400 ) ) ;
#895 = CARTESIAN_POINT ( 'NONE',  ( 0.5183626781032558700, -0.5025916978731507200, 0.5300000000000000300 ) ) ;
#896 = CARTESIAN_POINT ( 'NONE',  ( 0.5092310656060270400, -0.4875911840981984000, 0.5400000000000000400 ) ) ;
#897 = ADVANCED_FACE ( 'NONE', ( #2547 ), #6086, .F. ) ;
#898 = FILL_AREA_STYLE ('',( #168 ) ) ;
#899 = ORIENTED_EDGE ( 'NONE', *, *, #2440, .F. ) ;
#900 = B_SPLINE_CURVE_WITH_KNOTS ( 'NONE', 3,
 ( #5207, #8380, #2778, #8026 ),
 .UNSPECIFIED., .F., .F.,
 ( 4, 4 ),
 ( 5.000000000000000000, 6.000000000000000000 ),
 .UNSPECIFIED. ) ;
#901 = ORIENTED_EDGE ( 'NONE', *, *, #2440, .T. ) ;
#902 =( LENGTH_UNIT ( ) NAMED_UNIT ( * ) SI_UNIT ( .MILLI., .METRE. ) );
#903 = CARTESIAN_POINT ( 'NONE',  ( -0.3249999999999999000, 0.4000000000000000800, -0.02000000000000000000 ) ) ;
#904 = DIRECTION ( 'NONE',  ( -0.0000000000000000000, -0.0000000000000000000, -1.000000000000000000 ) ) ;
#905 = ORIENTED_EDGE ( 'NONE', *, *, #5459, .F. ) ;
#906 = LINE ( 'NONE', #9488, #661 ) ;
#907 = CARTESIAN_POINT ( 'NONE',  ( 0.6613052397396891300, -0.3238189965697152500, 0.5400000000000000400 ) ) ;
#908 = CARTESIAN_POINT ( 'NONE',  ( 0.4530089808205556800, -0.5023927520673400200, 0.5400000000000000400 ) ) ;
#909 = EDGE_CURVE ( 'NONE', #3880, #9492, #4545, .T. ) ;
#910 = CARTESIAN_POINT ( 'NONE',  ( -0.6999999999999998400, 0.4704525540507067900, 0.5099999999999999000 ) ) ;
#911 = DIRECTION ( 'NONE',  ( 0.3658589216693949900, -0.9306703226357374600, -0.0000000000000000000 ) ) ;
#912 = CARTESIAN_POINT ( 'NONE',  ( 0.5134487166939432100, -0.4768481105723250100, 0.5300000000000000300 ) ) ;
#913 = FACE_OUTER_BOUND ( 'NONE', #5851, .T. ) ;
#914 = ADVANCED_FACE ( 'NONE', ( #6317 ), #5720, .F. ) ;
#915 = CARTESIAN_POINT ( 'NONE',  ( 0.4504226853421224300, -0.5094354336009293500, 0.5400000000000000400 ) ) ;
#916 = CARTESIAN_POINT ( 'NONE',  ( 0.4734009259390251100, -0.3225059542497878400, 0.5400000000000000400 ) ) ;
#917 = CARTESIAN_POINT ( 'NONE',  ( 0.3993930860938300600, -0.4811453399825681400, 0.5400000000000000400 ) ) ;
#918 = CARTESIAN_POINT ( 'NONE',  ( 0.5070824509009047600, -0.4982148901405839500, 0.5300000000000000300 ) ) ;
#919 = CARTESIAN_POINT ( 'NONE',  ( 0.4591365116463585500, -0.4029596382106130400, 0.5300000000000000300 ) ) ;
#920 = EDGE_CURVE ( 'NONE', #1282, #1594, #3015, .T. ) ;
#921 = CARTESIAN_POINT ( 'NONE',  ( 0.5234357961569492400, -0.5056554632863186100, 0.5300000000000000300 ) ) ;
#922 = EDGE_CURVE ( 'NONE', #1282, #7678, #8321, .T. ) ;
#923 = CARTESIAN_POINT ( 'NONE',  ( 0.5120759906325400600, -0.4900979012540394000, 0.5400000000000000400 ) ) ;
#924 = ORIENTED_EDGE ( 'NONE', *, *, #1767, .F. ) ;
#925 = CARTESIAN_POINT ( 'NONE',  ( 0.6048842091481451100, -0.4472847637951952700, 0.5400000000000000400 ) ) ;
#926 = ORIENTED_EDGE ( 'NONE', *, *, #5718, .T. ) ;
#927 = CARTESIAN_POINT ( 'NONE',  ( 0.007432943572267011600, -0.4362935195565979500, 0.5300000000000000300 ) ) ;
#928 = CARTESIAN_POINT ( 'NONE',  ( 0.2000000000000000900, 0.4000000000000000800, 0.0000000000000000000 ) ) ;
#929 = VECTOR ( 'NONE', #2471, 1000.000000000000000 ) ;
#930 = DIRECTION ( 'NONE',  ( -1.000000000000000000, 0.0000000000000000000, -0.0000000000000000000 ) ) ;
#931 = AXIS2_PLACEMENT_3D ( 'NONE', #4441, #9710, #5204 ) ;
#932 = VERTEX_POINT ( 'NONE', #6784 ) ;
#933 = PRODUCT_DEFINITION_CONTEXT ( 'detailed design', #3049, 'design' ) ;
#934 = EDGE_LOOP ( 'NONE', ( #3491, #3882, #9408, #8216 ) ) ;
#935 = VECTOR ( 'NONE', #741, 1000.000000000000000 ) ;
#936 = ADVANCED_FACE ( 'NONE', ( #2291 ), #9029, .F. ) ;
#937 = CARTESIAN_POINT ( 'NONE',  ( 0.09209491890129167800, -0.3892590864732475800, 0.5400000000000000400 ) ) ;
#938 = ORIENTED_EDGE ( 'NONE', *, *, #9533, .F. ) ;
#939 = EDGE_CURVE ( 'NONE', #2747, #1011, #6081, .T. ) ;
#940 = ORIENTED_EDGE ( 'NONE', *, *, #5317, .T. ) ;
#941 =( NAMED_UNIT ( * ) PLANE_ANGLE_UNIT ( ) SI_UNIT ( $, .RADIAN. ) );
#942 = SURFACE_STYLE_USAGE ( .BOTH. , #5444 ) ;
#943 = FACE_OUTER_BOUND ( 'NONE', #713, .T. ) ;
#944 = CARTESIAN_POINT ( 'NONE',  ( 0.7250000000000002000, 0.4000000000000000800, -0.02000000000000000000 ) ) ;
#945 = ORIENTED_EDGE ( 'NONE', *, *, #1333, .F. ) ;
#946 = DIRECTION ( 'NONE',  ( -0.0000000000000000000, 1.000000000000000000, -0.0000000000000000000 ) ) ;
#947 = CARTESIAN_POINT ( 'NONE',  ( 0.1413427349606562700, -0.3029370976592604100, 0.5400000000000000400 ) ) ;
#948 = CARTESIAN_POINT ( 'NONE',  ( 0.6650653154737175000, -0.3392174019568188200, 0.5300000000000000300 ) ) ;
#949 = AXIS2_PLACEMENT_3D ( 'NONE', #5943, #691, #2144 ) ;
#950 = ORIENTED_EDGE ( 'NONE', *, *, #5797, .T. ) ;
#951 = CARTESIAN_POINT ( 'NONE',  ( -0.7249999999999999800, 0.2750000000000000800, -0.02000000000000000000 ) ) ;
#952 = VECTOR ( 'NONE', #1486, 1000.000000000000000 ) ;
#953 = B_SPLINE_CURVE_WITH_KNOTS ( 'NONE', 3,
 ( #9651, #8488, #8451, #9614 ),
 .UNSPECIFIED., .F., .F.,
 ( 4, 4 ),
 ( 9.000000000000000000, 10.00000000000000000 ),
 .UNSPECIFIED. ) ;
#954 = VECTOR ( 'NONE', #6219, 1000.000000000000000 ) ;
#955 = ORIENTED_EDGE ( 'NONE', *, *, #3871, .F. ) ;
#956 = CARTESIAN_POINT ( 'NONE',  ( 0.2531186754859991500, -0.5253822819453388700, 0.5300000000000000300 ) ) ;
#957 = ADVANCED_FACE ( 'NONE', ( #2032 ), #2502, .F. ) ;
#958 = LINE ( 'NONE', #3893, #2697 ) ;
#959 = CARTESIAN_POINT ( 'NONE',  ( 0.2254513407988977800, -0.4916281678223113900, 0.5300000000000000300 ) ) ;
#960 = ORIENTED_EDGE ( 'NONE', *, *, #4940, .T. ) ;
#961 = DIRECTION ( 'NONE',  ( 1.000000000000000000, -0.0000000000000000000, -0.0000000000000000000 ) ) ;
#962 = FACE_OUTER_BOUND ( 'NONE', #3654, .T. ) ;
#963 = MECHANICAL_DESIGN_GEOMETRIC_PRESENTATION_REPRESENTATION (  '', ( #9706 ), #1460 ) ;
#964 = ORIENTED_EDGE ( 'NONE', *, *, #7481, .T. ) ;
#965 = CARTESIAN_POINT ( 'NONE',  ( 0.4751914381934273000, -0.5165179042956770100, 0.5400000000000000400 ) ) ;
#966 = CARTESIAN_POINT ( 'NONE',  ( 0.6467424067380472800, -0.5162393801670115400, 0.5400000000000000400 ) ) ;
#967 = CARTESIAN_POINT ( 'NONE',  ( 0.1136754108275356600, -0.5071218803134245300, 0.5400000000000000400 ) ) ;
#968 = ORIENTED_EDGE ( 'NONE', *, *, #1050, .T. ) ;
#969 = VECTOR ( 'NONE', #8222, 1000.000000000000000 ) ;
#970 = B_SPLINE_CURVE_WITH_KNOTS ( 'NONE', 3,
 ( #2140, #2911, #8180, #3683 ),
 .UNSPECIFIED., .F., .F.,
 ( 4, 4 ),
 ( 8.000000000000000000, 9.000000000000000000 ),
 .UNSPECIFIED. ) ;
#971 = CARTESIAN_POINT ( 'NONE',  ( -0.8999999999999999100, 0.6500000000000000200, 0.5300000000000000300 ) ) ;
#972 = VERTEX_POINT ( 'NONE', #2996 ) ;
#973 = VERTEX_POINT ( 'NONE', #5221 ) ;
#974 = EDGE_LOOP ( 'NONE', ( #6126, #2735, #3669, #8958 ) ) ;
#975 = ORIENTED_EDGE ( 'NONE', *, *, #8046, .T. ) ;
#976 = EDGE_CURVE ( 'NONE', #8967, #7473, #5821, .T. ) ;
#977 = CARTESIAN_POINT ( 'NONE',  ( 0.5296826944665049600, -0.5220088085423639800, 0.5400000000000000400 ) ) ;
#978 = EDGE_CURVE ( 'NONE', #7137, #6623, #121, .T. ) ;
#979 = VECTOR ( 'NONE', #2895, 1000.000000000000000 ) ;
#980 = CARTESIAN_POINT ( 'NONE',  ( 0.4712722058144859800, -0.5138918196558173200, 0.5400000000000000400 ) ) ;
#981 = CARTESIAN_POINT ( 'NONE',  ( 0.6467424067380472800, -0.5251123631161622700, 0.5400000000000000400 ) ) ;
#982 = PLANE ( 'NONE',  #8384 ) ;
#983 = ORIENTED_EDGE ( 'NONE', *, *, #9255, .T. ) ;
#984 = CARTESIAN_POINT ( 'NONE',  ( 0.4754500677412452100, -0.4897795879642127800, 0.5400000000000000400 ) ) ;
#985 =( NAMED_UNIT ( * ) PLANE_ANGLE_UNIT ( ) SI_UNIT ( $, .RADIAN. ) );
#986 = LINE ( 'NONE', #189, #8516 ) ;
#987 = EDGE_LOOP ( 'NONE', ( #2950, #3244, #8480, #983 ) ) ;
#988 = EDGE_LOOP ( 'NONE', ( #8736, #7104, #1786, #7353 ) ) ;
#989 = EDGE_LOOP ( 'NONE', ( #5681, #819, #6517, #4648 ) ) ;
#990 = ADVANCED_FACE ( 'NONE', ( #4289 ), #8877, .T. ) ;
#991 = DIRECTION ( 'NONE',  ( -0.0000000000000000000, -0.0000000000000000000, 1.000000000000000000 ) ) ;
#992 = ORIENTED_EDGE ( 'NONE', *, *, #3681, .T. ) ;
#993 = CARTESIAN_POINT ( 'NONE',  ( 0.6167811683492973000, -0.3620165913284922900, 0.5300000000000000300 ) ) ;
#994 = ORIENTED_EDGE ( 'NONE', *, *, #4701, .F. ) ;
#995 = CARTESIAN_POINT ( 'NONE',  ( 0.3256070286187669500, -0.4479138039247974600, 0.5400000000000000400 ) ) ;
#996 = LINE ( 'NONE', #4890, #2731 ) ;
#997 = PRESENTATION_LAYER_ASSIGNMENT (  '', '', ( #9 ) ) ;
#998 = CARTESIAN_POINT ( 'NONE',  ( 0.07051440586656337900, -0.5192955025096772600, 0.5300000000000000300 ) ) ;
#999 = VERTEX_POINT ( 'NONE', #5913 ) ;
#1000 = ORIENTED_EDGE ( 'NONE', *, *, #355, .F. ) ;
#1001 = ORIENTED_EDGE ( 'NONE', *, *, #8561, .T. ) ;
#1002 =( NAMED_UNIT ( * ) PLANE_ANGLE_UNIT ( ) SI_UNIT ( $, .RADIAN. ) );
#1003 = B_SPLINE_CURVE_WITH_KNOTS ( 'NONE', 3,
 ( #6294, #1031, #7050, #2542 ),
 .UNSPECIFIED., .F., .F.,
 ( 4, 4 ),
 ( 5.000000000000000000, 6.000000000000000000 ),
 .UNSPECIFIED. ) ;
#1004 = VECTOR ( 'NONE', #6849, 1000.000000000000000 ) ;
#1005 = CARTESIAN_POINT ( 'NONE',  ( 0.4272256043582997600, -0.4811453399825681400, 0.5300000000000000300 ) ) ;
#1006 = EDGE_CURVE ( 'NONE', #4519, #7459, #3627, .T. ) ;
#1007 = CARTESIAN_POINT ( 'NONE',  ( 0.5585497309222428000, -0.5350994425794315400, 0.5300000000000000300 ) ) ;
#1008 = EDGE_LOOP ( 'NONE', ( #7852, #1220, #1310, #6115 ) ) ;
#1009 = CARTESIAN_POINT ( 'NONE',  ( 0.4605738950949535600, -0.3919529614917790000, 0.5400000000000000400 ) ) ;
#1010 = FACE_OUTER_BOUND ( 'NONE', #4788, .T. ) ;
#1011 = VERTEX_POINT ( 'NONE', #8890 ) ;
#1012 = ORIENTED_EDGE ( 'NONE', *, *, #9265, .F. ) ;
#1013 = LINE ( 'NONE', #542, #3002 ) ;
#1014 = DIRECTION ( 'NONE',  ( -0.0000000000000000000, 1.000000000000000000, -0.0000000000000000000 ) ) ;
#1015 =( GEOMETRIC_REPRESENTATION_CONTEXT ( 3 ) GLOBAL_UNCERTAINTY_ASSIGNED_CONTEXT ( ( #3408 ) ) GLOBAL_UNIT_ASSIGNED_CONTEXT ( ( #2653, #7936, #3426 ) ) REPRESENTATION_CONTEXT ( 'NONE', 'WORKASPACE' ) );
#1016 = EDGE_CURVE ( 'NONE', #9296, #3229, #2933, .T. ) ;
#1017 = DIRECTION ( 'NONE',  ( -0.0000000000000000000, -0.0000000000000000000, 1.000000000000000000 ) ) ;
#1018 = ORIENTED_EDGE ( 'NONE', *, *, #1257, .T. ) ;
#1019 = CARTESIAN_POINT ( 'NONE',  ( 0.5359494873566411600, -0.5150854944922639300, 0.5400000000000000400 ) ) ;
#1020 = ORIENTED_EDGE ( 'NONE', *, *, #7932, .T. ) ;
#1021 = DIRECTION ( 'NONE',  ( -0.0000000000000000000, -1.000000000000000000, -0.0000000000000000000 ) ) ;
#1022 = CARTESIAN_POINT ( 'NONE',  ( 0.3051332123486368800, -0.5004816997242417200, 0.5300000000000000300 ) ) ;
#1023 = LINE ( 'NONE', #7413, #8763 ) ;
#1024 = DIRECTION ( 'NONE',  ( -1.000000000000000000, 0.0000000000000000000, 0.0000000000000000000 ) ) ;
#1025 = CARTESIAN_POINT ( 'NONE',  ( 0.6614445018042870400, -0.4472847637951944400, 0.5400000000000000400 ) ) ;
#1026 = B_SPLINE_CURVE_WITH_KNOTS ( 'NONE', 3,
 ( #5255, #6031, #50, #4508 ),
 .UNSPECIFIED., .F., .F.,
 ( 4, 4 ),
 ( 7.000000000000000000, 8.000000000000000000 ),
 .UNSPECIFIED. ) ;
#1027 = AXIS2_PLACEMENT_3D ( 'NONE', #1441, #5283, #4851 ) ;
#1028 = FACE_OUTER_BOUND ( 'NONE', #1787, .T. ) ;
#1029 = DIRECTION ( 'NONE',  ( 0.3658589216693949900, -0.9306703226357374600, -0.0000000000000000000 ) ) ;
#1030 = DIRECTION ( 'NONE',  ( 0.0000000000000000000, 1.000000000000000000, -0.0000000000000000000 ) ) ;
#1031 = CARTESIAN_POINT ( 'NONE',  ( 0.5563414324753793700, -0.5403516118586188000, 0.5400000000000000400 ) ) ;
#1032 = DIRECTION ( 'NONE',  ( -1.000000000000000000, 0.0000000000000000000, 0.0000000000000000000 ) ) ;
#1033 = VECTOR ( 'NONE', #9165, 1000.000000000000000 ) ;
#1034 = ADVANCED_FACE ( 'NONE', ( #5106 ), #2522, .F. ) ;
#1035 = EDGE_CURVE ( 'NONE', #6944, #5679, #6802, .T. ) ;
#1036 = CARTESIAN_POINT ( 'NONE',  ( -0.3249999999999999000, 6.951819361361712800E-017, -0.02000000000000000000 ) ) ;
#1037 = MECHANICAL_DESIGN_GEOMETRIC_PRESENTATION_REPRESENTATION (  '', ( #9286 ), #1536 ) ;
#1038 = LINE ( 'NONE', #4764, #4783 ) ;
#1039 = DIRECTION ( 'NONE',  ( 0.0000000000000000000, 1.000000000000000000, 0.0000000000000000000 ) ) ;
#1040 = PLANE ( 'NONE',  #1865 ) ;
#1041 = CARTESIAN_POINT ( 'NONE',  ( -0.5650000000000001700, 0.2750000000000000800, -0.02000000000000000000 ) ) ;
#1042 = CARTESIAN_POINT ( 'NONE',  ( 0.4517556222423695900, -0.3858105097302731400, 0.5400000000000000400 ) ) ;
#1043 = CARTESIAN_POINT ( 'NONE',  ( 0.4861135629447932400, -0.4014476500848769800, 0.5300000000000000300 ) ) ;
#1044 = CARTESIAN_POINT ( 'NONE',  ( 0.7142447187253383500, -0.4757738032193628600, 0.5300000000000000300 ) ) ;
#1045 = ORIENTED_EDGE ( 'NONE', *, *, #8620, .T. ) ;
#1046 = EDGE_CURVE ( 'NONE', #7459, #1135, #5261, .T. ) ;
#1047 = ORIENTED_EDGE ( 'NONE', *, *, #4677, .F. ) ;
#1048 = PLANE ( 'NONE',  #4994 ) ;
#1049 = EDGE_CURVE ( 'NONE', #5413, #5598, #7148, .T. ) ;
#1050 = EDGE_CURVE ( 'NONE', #9466, #4930, #6915, .T. ) ;
#1051 = DIRECTION ( 'NONE',  ( 0.0000000000000000000, 0.0000000000000000000, -1.000000000000000000 ) ) ;
#1052 = CARTESIAN_POINT ( 'NONE',  ( 0.5628270657521692300, -0.5249929956326748700, 0.5400000000000000400 ) ) ;
#1053 = CARTESIAN_POINT ( 'NONE',  ( 0.4851984122370147600, -0.4752565441237334200, 0.5400000000000000400 ) ) ;
#1054 = ORIENTED_EDGE ( 'NONE', *, *, #8830, .T. ) ;
#1055 = CARTESIAN_POINT ( 'NONE',  ( 0.4641897351197373800, -0.4761716948315121700, 0.5300000000000000300 ) ) ;
#1056 = VECTOR ( 'NONE', #3451, 1000.000000000000000 ) ;
#1057 = COLOUR_RGB ( '',0.6666666666666666300, 0.6666666666666666300, 0.6666666666666666300 ) ;
#1058 = CARTESIAN_POINT ( 'NONE',  ( 0.4861533521059531200, -0.3922563538459033500, 0.5400000000000000400 ) ) ;
#1059 = VERTEX_POINT ( 'NONE', #7264 ) ;
#1060 = B_SPLINE_CURVE_WITH_KNOTS ( 'NONE', 3,
 ( #7390, #2051, #5898, #1395 ),
 .UNSPECIFIED., .F., .F.,
 ( 4, 4 ),
 ( 21.00000000000000000, 22.00000000000000000 ),
 .UNSPECIFIED. ) ;
#1061 = ORIENTED_EDGE ( 'NONE', *, *, #8088, .T. ) ;
#1062 = FACE_OUTER_BOUND ( 'NONE', #9448, .T. ) ;
#1063 = DIRECTION ( 'NONE',  ( -0.0000000000000000000, -0.0000000000000000000, -1.000000000000000000 ) ) ;
#1064 = CARTESIAN_POINT ( 'NONE',  ( 0.2060842424023816300, -0.5082285559695332000, 0.5300000000000000300 ) ) ;
#1065 = FACE_OUTER_BOUND ( 'NONE', #3528, .T. ) ;
#1066 = EDGE_CURVE ( 'NONE', #4328, #6254, #8655, .T. ) ;
#1067 = ORIENTED_EDGE ( 'NONE', *, *, #3090, .T. ) ;
#1068 = LINE ( 'NONE', #453, #846 ) ;
#1069 = CARTESIAN_POINT ( 'NONE',  ( 0.5326867761376663500, -0.5008011856187470900, 0.5400000000000000400 ) ) ;
#1070 = CARTESIAN_POINT ( 'NONE',  ( 0.6316623146407689400, -0.4016465958906835200, 0.5400000000000000400 ) ) ;
#1071 = FACE_OUTER_BOUND ( 'NONE', #8113, .T. ) ;
#1072 = DIRECTION ( 'NONE',  ( 1.000000000000000000, 0.0000000000000000000, 0.0000000000000000000 ) ) ;
#1073 = LINE ( 'NONE', #5247, #8372 ) ;
#1074 = DIRECTION ( 'NONE',  ( 1.000000000000000000, 0.0000000000000000000, -0.0000000000000000000 ) ) ;
#1075 =( GEOMETRIC_REPRESENTATION_CONTEXT ( 3 ) GLOBAL_UNCERTAINTY_ASSIGNED_CONTEXT ( ( #5381 ) ) GLOBAL_UNIT_ASSIGNED_CONTEXT ( ( #4336, #2833, #8102 ) ) REPRESENTATION_CONTEXT ( 'NONE', 'WORKASPACE' ) );
#1076 = ORIENTED_EDGE ( 'NONE', *, *, #8093, .F. ) ;
#1077 = PLANE ( 'NONE',  #8533 ) ;
#1078 = STYLED_ITEM ( 'NONE', ( #49 ), #4121 ) ;
#1079 = ADVANCED_FACE ( 'NONE', ( #3148 ), #1229, .F. ) ;
#1080 = CARTESIAN_POINT ( 'NONE',  ( 0.5085148607043181700, -0.4836520571384098600, 0.5400000000000000400 ) ) ;
#1081 = LINE ( 'NONE', #6271, #8823 ) ;
#1082 = B_SPLINE_CURVE_WITH_KNOTS ( 'NONE', 3,
 ( #9153, #5475, #6224, #4235 ),
 .UNSPECIFIED., .F., .F.,
 ( 4, 4 ),
 ( 2.000000000000000000, 3.000000000000000000 ),
 .UNSPECIFIED. ) ;
#1083 = ORIENTED_EDGE ( 'NONE', *, *, #8656, .T. ) ;
#1084 = VECTOR ( 'NONE', #4133, 1000.000000000000000 ) ;
#1085 = PRESENTATION_STYLE_ASSIGNMENT (( #2504 ) ) ;
#1086 = VERTEX_POINT ( 'NONE', #4989 ) ;
#1087 = CARTESIAN_POINT ( 'NONE',  ( 0.6613052397396890200, -0.3238189965697152500, 0.5300000000000000300 ) ) ;
#1088 = DIRECTION ( 'NONE',  ( 1.000000000000000000, 0.0000000000000000000, 0.0000000000000000000 ) ) ;
#1089 = CARTESIAN_POINT ( 'NONE',  ( 0.4754500677412451500, -0.4897795879642127800, 0.5300000000000000300 ) ) ;
#1090 = EDGE_CURVE ( 'NONE', #4675, #3880, #906, .T. ) ;
#1091 = VECTOR ( 'NONE', #8755, 1000.000000000000000 ) ;
#1092 = DIRECTION ( 'NONE',  ( 0.8840949502478798700, 0.4673073067545585000, 0.0000000000000000000 ) ) ;
#1093 = ORIENTED_EDGE ( 'NONE', *, *, #1733, .T. ) ;
#1094 = PRESENTATION_STYLE_ASSIGNMENT (( #5082 ) ) ;
#1095 = ORIENTED_EDGE ( 'NONE', *, *, #6035, .T. ) ;
#1096 = CARTESIAN_POINT ( 'NONE',  ( 0.2199178991915548000, -0.3134506766870738300, 0.5300000000000000300 ) ) ;
#1097 = CARTESIAN_POINT ( 'NONE',  ( 0.5676415542583116400, -0.5158812777165562300, 0.5300000000000000300 ) ) ;
#1098 = B_SPLINE_CURVE_WITH_KNOTS ( 'NONE', 3,
 ( #7469, #5903, #3718, #8960 ),
 .UNSPECIFIED., .F., .F.,
 ( 4, 4 ),
 ( 10.00000000000000000, 11.00000000000000000 ),
 .UNSPECIFIED. ) ;
#1099 = ORIENTED_EDGE ( 'NONE', *, *, #386, .T. ) ;
#1100 = FACE_OUTER_BOUND ( 'NONE', #7611, .T. ) ;
#1101 = EDGE_CURVE ( 'NONE', #9618, #7091, #2160, .T. ) ;
#1102 = ORIENTED_EDGE ( 'NONE', *, *, #3395, .F. ) ;
#1103 = FACE_BOUND ( 'NONE', #5827, .T. ) ;
#1104 = EDGE_CURVE ( 'NONE', #8993, #5469, #6868, .T. ) ;
#1105 = CARTESIAN_POINT ( 'NONE',  ( 0.7587687901162603100, -0.4472847637951944400, 0.5300000000000000300 ) ) ;
#1106 = VECTOR ( 'NONE', #9602, 1000.000000000000000 ) ;
#1107 = CARTESIAN_POINT ( 'NONE',  ( 0.04063371986671028600, -0.4872013807628577900, 0.5300000000000000300 ) ) ;
#1108 = DIRECTION ( 'NONE',  ( 0.0000000000000000000, 0.0000000000000000000, 1.000000000000000000 ) ) ;
#1109 = ORIENTED_EDGE ( 'NONE', *, *, #80, .F. ) ;
#1110 = ORIENTED_EDGE ( 'NONE', *, *, #7747, .T. ) ;
#1111 = VERTEX_POINT ( 'NONE', #4179 ) ;
#1112 = ORIENTED_EDGE ( 'NONE', *, *, #4282, .F. ) ;
#1113 = EDGE_LOOP ( 'NONE', ( #7950, #2145, #6337, #2527 ) ) ;
#1114 = VECTOR ( 'NONE', #2808, 1000.000000000000000 ) ;
#1115 = CARTESIAN_POINT ( 'NONE',  ( 0.4984084137578308500, -0.5130960364320531500, 0.5300000000000000300 ) ) ;
#1116 = MECHANICAL_DESIGN_GEOMETRIC_PRESENTATION_REPRESENTATION (  '', ( #144 ), #1610 ) ;
#1117 = DIRECTION ( 'NONE',  ( 0.0000000000000000000, 0.0000000000000000000, -1.000000000000000000 ) ) ;
#1118 = CARTESIAN_POINT ( 'NONE',  ( 0.5326867761376663500, -0.5008011856187470900, 0.5300000000000000300 ) ) ;
#1119 = CARTESIAN_POINT ( 'NONE',  ( 0.2912995555594620800, -0.4484671628613402000, 0.5300000000000000300 ) ) ;
#1120 = ORIENTED_EDGE ( 'NONE', *, *, #6910, .F. ) ;
#1121 = B_SPLINE_CURVE_WITH_KNOTS ( 'NONE', 3,
 ( #3308, #7828, #9317, #4790 ),
 .UNSPECIFIED., .F., .F.,
 ( 4, 4 ),
 ( 5.000000000000000000, 6.000000000000000000 ),
 .UNSPECIFIED. ) ;
#1122 = EDGE_CURVE ( 'NONE', #6359, #4146, #1130, .T. ) ;
#1123 = SURFACE_SIDE_STYLE ('',( #1422 ) ) ;
#1124 = CARTESIAN_POINT ( 'NONE',  ( 0.5475082386873916200, -0.3327715578411892800, 0.5400000000000000400 ) ) ;
#1125 = ADVANCED_FACE ( 'NONE', ( #8432 ), #2540, .T. ) ;
#1126 = CARTESIAN_POINT ( 'NONE',  ( 0.6000000000000002000, -0.3999999999999999700, -0.02000000000000000000 ) ) ;
#1127 = CARTESIAN_POINT ( 'NONE',  ( -0.7249999999999999800, 0.5250000000000000200, -0.02000000000000000000 ) ) ;
#1128 = ORIENTED_EDGE ( 'NONE', *, *, #9679, .T. ) ;
#1129 = SURFACE_STYLE_FILL_AREA ( #4558 ) ;
#1130 = CIRCLE ( 'NONE', #1440, 0.1250000000000000000 ) ;
#1131 = EDGE_CURVE ( 'NONE', #8959, #2840, #5956, .T. ) ;
#1132 = CARTESIAN_POINT ( 'NONE',  ( 0.5943798705892429100, -0.4695269049100720400, 0.5400000000000000400 ) ) ;
#1133 = CARTESIAN_POINT ( 'NONE',  ( 0.1479828838871060400, -0.5065685002683939500, 0.5400000000000000400 ) ) ;
#1134 = CARTESIAN_POINT ( 'NONE',  ( 0.5259425133130581900, -0.5087988070212776700, 0.5400000000000000400 ) ) ;
#1135 = VERTEX_POINT ( 'NONE', #3410 ) ;
#1136 = CARTESIAN_POINT ( 'NONE',  ( 0.5085148607043181700, -0.4836520571384098600, 0.5300000000000000300 ) ) ;
#1137 = LINE ( 'NONE', #7332, #4664 ) ;
#1138 = CARTESIAN_POINT ( 'NONE',  ( 0.04008035565278061900, -0.5242755851802133300, 0.5300000000000000300 ) ) ;
#1139 = B_SPLINE_CURVE_WITH_KNOTS ( 'NONE', 3,
 ( #6615, #2178, #5229, #9699 ),
 .UNSPECIFIED., .F., .F.,
 ( 4, 4 ),
 ( 1.000000000000000000, 2.000000000000000000 ),
 .UNSPECIFIED. ) ;
#1140 = STYLED_ITEM ( 'NONE', ( #8976 ), #2922 ) ;
#1141 = CARTESIAN_POINT ( 'NONE',  ( 0.1026084853961411600, -0.3582717248164871700, 0.5400000000000000400 ) ) ;
#1142 = DIRECTION ( 'NONE',  ( 0.0000000000000000000, -0.0000000000000000000, -1.000000000000000000 ) ) ;
#1143 = PLANE ( 'NONE',  #2515 ) ;
#1144 = PRESENTATION_STYLE_ASSIGNMENT (( #7177 ) ) ;
#1145 = CARTESIAN_POINT ( 'NONE',  ( 0.6084652336569470500, -0.3846566240555205900, 0.5300000000000000300 ) ) ;
#1146 = PLANE ( 'NONE',  #3851 ) ;
#1147 = CARTESIAN_POINT ( 'NONE',  ( 0.6502438529239925600, -0.3803593946447465500, 0.5400000000000000400 ) ) ;
#1148 = ORIENTED_EDGE ( 'NONE', *, *, #9549, .T. ) ;
#1149 = CARTESIAN_POINT ( 'NONE',  ( 0.4530089808205556800, -0.5023927520673400200, 0.5400000000000000400 ) ) ;
#1150 = ORIENTED_EDGE ( 'NONE', *, *, #4439, .F. ) ;
#1151 = EDGE_CURVE ( 'NONE', #312, #1338, #4406, .T. ) ;
#1152 = DIRECTION ( 'NONE',  ( 1.000000000000000000, 2.490470870474808300E-013, -0.0000000000000000000 ) ) ;
#1153 = CARTESIAN_POINT ( 'NONE',  ( 0.5191584613272886000, -0.4761716948315121700, 0.5400000000000000400 ) ) ;
#1154 = EDGE_CURVE ( 'NONE', #3812, #2531, #6429, .T. ) ;
#1155 = B_SPLINE_CURVE_WITH_KNOTS ( 'NONE', 3,
 ( #3355, #4832, #2612, #7891 ),
 .UNSPECIFIED., .F., .F.,
 ( 4, 4 ),
 ( 12.00000000000000000, 13.00000000000000000 ),
 .UNSPECIFIED. ) ;
#1156 = VECTOR ( 'NONE', #1995, 1000.000000000000000 ) ;
#1157 = ORIENTED_EDGE ( 'NONE', *, *, #8088, .F. ) ;
#1158 = ORIENTED_EDGE ( 'NONE', *, *, #7908, .T. ) ;
#1159 = LINE ( 'NONE', #2154, #9171 ) ;
#1160 = CARTESIAN_POINT ( 'NONE',  ( 0.7648764263620145800, -0.4616088618298676000, 0.5400000000000000400 ) ) ;
#1161 = ORIENTED_EDGE ( 'NONE', *, *, #8468, .T. ) ;
#1162 = DIRECTION ( 'NONE',  ( -1.000000000000000000, 0.0000000000000000000, 0.0000000000000000000 ) ) ;
#1163 = ORIENTED_EDGE ( 'NONE', *, *, #7908, .F. ) ;
#1164 = CARTESIAN_POINT ( 'NONE',  ( 0.6714912650087675500, -0.5162393801670115400, 0.5400000000000000400 ) ) ;
#1165 = ADVANCED_FACE ( 'NONE', ( #8185 ), #4113, .F. ) ;
#1166 = CARTESIAN_POINT ( 'NONE',  ( 0.06830101233683673300, -0.5619031274256207600, 0.5300000000000000300 ) ) ;
#1167 = VECTOR ( 'NONE', #3947, 1000.000000000000000 ) ;
#1168 = PRESENTATION_STYLE_ASSIGNMENT (( #2162 ) ) ;
#1169 = ORIENTED_EDGE ( 'NONE', *, *, #5718, .F. ) ;
#1170 = EDGE_CURVE ( 'NONE', #7547, #2518, #6198, .T. ) ;
#1171 = DIRECTION ( 'NONE',  ( 1.253773678939723300E-014, -1.000000000000000000, -0.0000000000000000000 ) ) ;
#1172 = VERTEX_POINT ( 'NONE', #5601 ) ;
#1173 = CARTESIAN_POINT ( 'NONE',  ( 0.6650653154737175000, -0.3392174019568188200, 0.5400000000000000400 ) ) ;
#1174 = VECTOR ( 'NONE', #6431, 1000.000000000000000 ) ;
#1175 = CARTESIAN_POINT ( 'NONE',  ( 0.6140158216453747200, -0.3792850872923186900, 0.5300000000000000300 ) ) ;
#1176 = FACE_OUTER_BOUND ( 'NONE', #3119, .T. ) ;
#1177 = B_SPLINE_CURVE_WITH_KNOTS ( 'NONE', 3,
 ( #8076, #2877, #2131, #5437 ),
 .UNSPECIFIED., .F., .F.,
 ( 4, 4 ),
 ( 1.000000000000000000, 2.000000000000000000 ),
 .UNSPECIFIED. ) ;
#1178 = PRESENTATION_STYLE_ASSIGNMENT (( #7015 ) ) ;
#1179 = CARTESIAN_POINT ( 'NONE',  ( 0.6149309723531775100, -0.4811453399825667000, 0.5400000000000000400 ) ) ;
#1180 = ORIENTED_EDGE ( 'NONE', *, *, #8385, .F. ) ;
#1181 = ORIENTED_EDGE ( 'NONE', *, *, #7976, .F. ) ;
#1182 = MECHANICAL_DESIGN_GEOMETRIC_PRESENTATION_REPRESENTATION (  '', ( #8915 ), #1685 ) ;
#1183 = CARTESIAN_POINT ( 'NONE',  ( 0.6084652336569470500, -0.3846566240555205900, 0.5400000000000000400 ) ) ;
#1184 = AXIS2_PLACEMENT_3D ( 'NONE', #3212, #8471, #3962 ) ;
#1185 = CARTESIAN_POINT ( 'NONE',  ( 0.03233352579309933100, -0.3809588923993698100, 0.5300000000000000300 ) ) ;
#1186 = LINE ( 'NONE', #2414, #2947 ) ;
#1187 = FILL_AREA_STYLE_COLOUR ( '', #7333 ) ;
#1188 = EDGE_CURVE ( 'NONE', #8498, #1589, #4176, .T. ) ;
#1189 = ORIENTED_EDGE ( 'NONE', *, *, #5582, .F. ) ;
#1190 = FACE_OUTER_BOUND ( 'NONE', #8452, .T. ) ;
#1191 = ORIENTED_EDGE ( 'NONE', *, *, #9121, .F. ) ;
#1192 = ORIENTED_EDGE ( 'NONE', *, *, #2019, .F. ) ;
#1193 = ORIENTED_EDGE ( 'NONE', *, *, #4183, .F. ) ;
#1194 = CARTESIAN_POINT ( 'NONE',  ( -0.7249999999999999800, -0.3999999999999999700, -0.02000000000000000000 ) ) ;
#1195 = PRESENTATION_STYLE_ASSIGNMENT (( #8696 ) ) ;
#1196 = CARTESIAN_POINT ( 'NONE',  ( 0.7638021190090552600, -0.4572320540973008900, 0.5400000000000000400 ) ) ;
#1197 = CARTESIAN_POINT ( 'NONE',  ( 0.09209490834705039200, -0.5287023933481510600, 0.5300000000000000300 ) ) ;
#1198 = CARTESIAN_POINT ( 'NONE',  ( 0.5174674219760534400, -0.3327715578411892800, 0.5300000000000000300 ) ) ;
#1199 = ORIENTED_EDGE ( 'NONE', *, *, #3842, .F. ) ;
#1200 = DIRECTION ( 'NONE',  ( -0.0000000000000000000, -0.0000000000000000000, -1.000000000000000000 ) ) ;
#1201 = STYLED_ITEM ( 'NONE', ( #4643 ), #1955 ) ;
#1202 = CARTESIAN_POINT ( 'NONE',  ( -0.1999999999999999300, -0.3999999999999999700, -0.02000000000000000000 ) ) ;
#1203 = VECTOR ( 'NONE', #8932, 1000.000000000000100 ) ;
#1204 = ORIENTED_EDGE ( 'NONE', *, *, #6909, .T. ) ;
#1205 = PLANE ( 'NONE',  #2293 ) ;
#1206 = FACE_OUTER_BOUND ( 'NONE', #3883, .T. ) ;
#1207 = ORIENTED_EDGE ( 'NONE', *, *, #9094, .T. ) ;
#1208 = ORIENTED_EDGE ( 'NONE', *, *, #9566, .T. ) ;
#1209 = EDGE_CURVE ( 'NONE', #3560, #1651, #2159, .T. ) ;
#1210 = CARTESIAN_POINT ( 'NONE',  ( 0.5359494873566411600, -0.5099924818577248300, 0.5400000000000000400 ) ) ;
#1211 = DIRECTION ( 'NONE',  ( -1.000000000000000000, 0.0000000000000000000, 0.0000000000000000000 ) ) ;
#1212 = COLOUR_RGB ( '',0.6666666666666666300, 0.6666666666666666300, 0.6666666666666666300 ) ;
#1213 = ORIENTED_EDGE ( 'NONE', *, *, #832, .T. ) ;
#1214 = DIRECTION ( 'NONE',  ( -1.000000000000000000, 0.0000000000000000000, 0.0000000000000000000 ) ) ;
#1215 = AXIS2_PLACEMENT_3D ( 'NONE', #2206, #2998, #8254 ) ;
#1216 = VECTOR ( 'NONE', #9543, 1000.000000000000000 ) ;
#1217 = ADVANCED_FACE ( 'NONE', ( #2651 ), #2579, .T. ) ;
#1218 = CARTESIAN_POINT ( 'NONE',  ( 0.6614445018042879300, -0.5251123631161613800, 0.5400000000000000400 ) ) ;
#1219 = ORIENTED_EDGE ( 'NONE', *, *, #6076, .T. ) ;
#1220 = ORIENTED_EDGE ( 'NONE', *, *, #6718, .F. ) ;
#1221 = VERTEX_POINT ( 'NONE', #341 ) ;
#1222 = CIRCLE ( 'NONE', #8260, 0.1249999999999999400 ) ;
#1223 = ORIENTED_EDGE ( 'NONE', *, *, #872, .F. ) ;
#1224 = EDGE_CURVE ( 'NONE', #973, #4440, #3958, .T. ) ;
#1225 = UNCERTAINTY_MEASURE_WITH_UNIT (LENGTH_MEASURE( 1.000000000000000100E-005 ), #2233, 'distance_accuracy_value', 'NONE');
#1226 = DIRECTION ( 'NONE',  ( 0.0000000000000000000, 1.000000000000000000, 0.0000000000000000000 ) ) ;
#1227 = ORIENTED_EDGE ( 'NONE', *, *, #5889, .F. ) ;
#1228 = EDGE_CURVE ( 'NONE', #7091, #3484, #9708, .T. ) ;
#1229 = PLANE ( 'NONE',  #1918 ) ;
#1230 = VERTEX_POINT ( 'NONE', #3317 ) ;
#1231 = ORIENTED_EDGE ( 'NONE', *, *, #8336, .F. ) ;
#1232 = VERTEX_POINT ( 'NONE', #7836 ) ;
#1233 = CARTESIAN_POINT ( 'NONE',  ( 0.6084652336569470500, -0.3846566240555205900, 0.5300000000000000300 ) ) ;
#1234 =( NAMED_UNIT ( * ) SI_UNIT ( $, .STERADIAN. ) SOLID_ANGLE_UNIT ( ) );
#1235 = CARTESIAN_POINT ( 'NONE',  ( 0.04063371986671028600, -0.4872013807628577900, 0.5400000000000000400 ) ) ;
#1236 = VERTEX_POINT ( 'NONE', #7065 ) ;
#1237 = PLANE ( 'NONE',  #6309 ) ;
#1238 = CARTESIAN_POINT ( 'NONE',  ( 0.5842734236430170400, -0.4695269049100720400, 0.5400000000000000400 ) ) ;
#1239 = DIRECTION ( 'NONE',  ( 0.0000000000000000000, 1.000000000000000000, 0.0000000000000000000 ) ) ;
#1240 = AXIS2_PLACEMENT_3D ( 'NONE', #7712, #3189, #6184 ) ;
#1241 = CARTESIAN_POINT ( 'NONE',  ( 0.5304983722713826300, -0.4983342576240698500, 0.5300000000000000300 ) ) ;
#1242 = EDGE_CURVE ( 'NONE', #5178, #2385, #9483, .T. ) ;
#1243 = DIRECTION ( 'NONE',  ( 0.0000000000000000000, -0.0000000000000000000, -1.000000000000000000 ) ) ;
#1244 = SURFACE_SIDE_STYLE ('',( #6300 ) ) ;
#1245 = LINE ( 'NONE', #7686, #8771 ) ;
#1246 = CARTESIAN_POINT ( 'NONE',  ( 0.5332836135558864900, -0.4707205797465184900, 0.5300000000000000300 ) ) ;
#1247 = ADVANCED_FACE ( 'NONE', ( #1708 ), #316, .T. ) ;
#1248 = STYLED_ITEM ( 'NONE', ( #4871 ), #1446 ) ;
#1249 = MECHANICAL_DESIGN_GEOMETRIC_PRESENTATION_REPRESENTATION (  '', ( #8518 ), #1747 ) ;
#1250 = LINE ( 'NONE', #8049, #1033 ) ;
#1251 = CARTESIAN_POINT ( 'NONE',  ( 0.7059287840335156700, -0.5081223912809971200, 0.5400000000000000400 ) ) ;
#1252 = DIRECTION ( 'NONE',  ( 0.3667976789509036500, 0.9303007377811917100, -0.0000000000000000000 ) ) ;
#1253 = CARTESIAN_POINT ( 'NONE',  ( 0.5234357961569492400, -0.5056554632863186100, 0.5300000000000000300 ) ) ;
#1254 = CARTESIAN_POINT ( 'NONE',  ( 0.5132298763075574500, -0.5006818181352645800, 0.5400000000000000400 ) ) ;
#1255 = CARTESIAN_POINT ( 'NONE',  ( -0.3249999999999999000, -0.3999999999999999700, -0.02000000000000000000 ) ) ;
#1256 = FACE_OUTER_BOUND ( 'NONE', #1337, .T. ) ;
#1257 = EDGE_CURVE ( 'NONE', #4835, #6966, #7072, .T. ) ;
#1258 = CARTESIAN_POINT ( 'NONE',  ( 0.2912995555594620800, -0.4484671628613402000, 0.5400000000000000400 ) ) ;
#1259 = CARTESIAN_POINT ( 'NONE',  ( -0.8999999999999999100, -0.6500000000000000200, 0.0000000000000000000 ) ) ;
#1260 = DIRECTION ( 'NONE',  ( -0.0000000000000000000, -0.0000000000000000000, 1.000000000000000000 ) ) ;
#1261 = VERTEX_POINT ( 'NONE', #1041 ) ;
#1262 = CARTESIAN_POINT ( 'NONE',  ( 0.4618421746085391600, -0.3225059542497878400, 0.5400000000000000400 ) ) ;
#1263 = ORIENTED_EDGE ( 'NONE', *, *, #1501, .T. ) ;
#1264 = CARTESIAN_POINT ( 'NONE',  ( 0.5359494873566411600, -0.5099924818577248300, 0.5400000000000000400 ) ) ;
#1265 = CARTESIAN_POINT ( 'NONE',  ( 0.5530190375146607500, -0.5429379073373147300, 0.5400000000000000400 ) ) ;
#1266 = CARTESIAN_POINT ( 'NONE',  ( 0.09264826728385712500, -0.4506805247283358100, 0.5300000000000000300 ) ) ;
#1267 = VECTOR ( 'NONE', #2265, 1000.000000000000000 ) ;
#1268 = ORIENTED_EDGE ( 'NONE', *, *, #2339, .F. ) ;
#1269 = EDGE_CURVE ( 'NONE', #7135, #6409, #120, .T. ) ;
#1270 = VECTOR ( 'NONE', #6436, 1000.000000000000000 ) ;
#1271 = VECTOR ( 'NONE', #3085, 1000.000000000000000 ) ;
#1272 = EDGE_CURVE ( 'NONE', #5622, #3575, #2030, .T. ) ;
#1273 = ORIENTED_EDGE ( 'NONE', *, *, #213, .F. ) ;
#1274 = ORIENTED_EDGE ( 'NONE', *, *, #7682, .T. ) ;
#1275 = LINE ( 'NONE', #6809, #3305 ) ;
#1276 = SURFACE_STYLE_USAGE ( .BOTH. , #8302 ) ;
#1277 = CARTESIAN_POINT ( 'NONE',  ( 0.4312045204789852800, -0.5251123631161628300, 0.5300000000000000300 ) ) ;
#1278 = FACE_OUTER_BOUND ( 'NONE', #8847, .T. ) ;
#1279 = FACE_BOUND ( 'NONE', #3526, .T. ) ;
#1280 = CARTESIAN_POINT ( 'NONE',  ( 0.0000000000000000000, 0.0000000000000000000, 0.5300000000000000300 ) ) ;
#1281 = CARTESIAN_POINT ( 'NONE',  ( -0.4749999999999999200, 0.2750000000000000800, -0.02000000000000000000 ) ) ;
#1282 = VERTEX_POINT ( 'NONE', #5488 ) ;
#1283 = DIRECTION ( 'NONE',  ( 0.7071067811865492400, 0.7071067811865458000, -0.0000000000000000000 ) ) ;
#1284 = CARTESIAN_POINT ( 'NONE',  ( 0.09928841621003974000, -0.3245176027785717200, 0.5300000000000000300 ) ) ;
#1285 = CARTESIAN_POINT ( 'NONE',  ( 0.4851984122370147600, -0.5251123631161622700, 0.5400000000000000400 ) ) ;
#1286 = LINE ( 'NONE', #6028, #8813 ) ;
#1287 = ADVANCED_FACE ( 'NONE', ( #5820 ), #2550, .T. ) ;
#1288 = LINE ( 'NONE', #6, #4812 ) ;
#1289 = EDGE_CURVE ( 'NONE', #7389, #5921, #5597, .T. ) ;
#1290 = LINE ( 'NONE', #2091, #8816 ) ;
#1291 = ORIENTED_EDGE ( 'NONE', *, *, #3268, .F. ) ;
#1292 = CARTESIAN_POINT ( 'NONE',  ( 0.4702973713649610800, -0.4029596382106130400, 0.5400000000000000400 ) ) ;
#1293 = CARTESIAN_POINT ( 'NONE',  ( 0.2000000000000000900, -0.3999999999999999700, -0.02000000000000000000 ) ) ;
#1294 = PLANE ( 'NONE',  #8990 ) ;
#1295 = CARTESIAN_POINT ( 'NONE',  ( 0.7114793720219444500, -0.5027508545177980000, 0.5300000000000000300 ) ) ;
#1296 = CARTESIAN_POINT ( 'NONE',  ( 0.4581616771968354300, -0.5264254054360929500, 0.5400000000000000400 ) ) ;
#1297 = CYLINDRICAL_SURFACE ( 'NONE', #3288, 0.1250000000000000000 ) ;
#1298 = CARTESIAN_POINT ( 'NONE',  ( 0.4581616771968354300, -0.5264254054360929500, 0.5300000000000000300 ) ) ;
#1299 = ORIENTED_EDGE ( 'NONE', *, *, #1600, .F. ) ;
#1300 = VECTOR ( 'NONE', #9378, 1000.000000000000000 ) ;
#1301 = FACE_OUTER_BOUND ( 'NONE', #6062, .T. ) ;
#1302 = AXIS2_PLACEMENT_3D ( 'NONE', #6663, #2130, #7428 ) ;
#1303 = AXIS2_PLACEMENT_3D ( 'NONE', #7121, #8615, #4097 ) ;
#1304 = EDGE_CURVE ( 'NONE', #7631, #8864, #6314, .T. ) ;
#1305 = ORIENTED_EDGE ( 'NONE', *, *, #3798, .T. ) ;
#1306 = ORIENTED_EDGE ( 'NONE', *, *, #5107, .T. ) ;
#1307 = FACE_OUTER_BOUND ( 'NONE', #7193, .T. ) ;
#1308 = ORIENTED_EDGE ( 'NONE', *, *, #8887, .T. ) ;
#1309 = ORIENTED_EDGE ( 'NONE', *, *, #1472, .T. ) ;
#1310 = ORIENTED_EDGE ( 'NONE', *, *, #5942, .F. ) ;
#1311 = CARTESIAN_POINT ( 'NONE',  ( 0.6167811683492973000, -0.3620165913284922900, 0.5400000000000000400 ) ) ;
#1312 = CARTESIAN_POINT ( 'NONE',  ( 0.7059287840335156700, -0.5081223912809971200, 0.5400000000000000400 ) ) ;
#1313 = CARTESIAN_POINT ( 'NONE',  ( 0.7250000000000002000, -0.3999999999999999700, 0.0000000000000000000 ) ) ;
#1314 = PLANE ( 'NONE',  #451 ) ;
#1315 = CARTESIAN_POINT ( 'NONE',  ( 0.3893463228890822700, -0.3238189965697173000, 0.5400000000000000400 ) ) ;
#1316 = PRESENTATION_LAYER_ASSIGNMENT (  '', '', ( #9076 ) ) ;
#1317 = FACE_OUTER_BOUND ( 'NONE', #2974, .T. ) ;
#1318 = DIRECTION ( 'NONE',  ( -1.253773678939723400E-014, 1.000000000000000000, 0.0000000000000000000 ) ) ;
#1319 = CARTESIAN_POINT ( 'NONE',  ( 0.4405350787820243600, -0.5102312168246958500, 0.5400000000000000400 ) ) ;
#1320 = STYLED_ITEM ( 'NONE', ( #6255 ), #7259 ) ;
#1321 = ORIENTED_EDGE ( 'NONE', *, *, #8626, .T. ) ;
#1322 = VECTOR ( 'NONE', #9703, 1000.000000000000000 ) ;
#1323 = CARTESIAN_POINT ( 'NONE',  ( 0.3993930860938320600, -0.5162393801670129800, 0.5400000000000000400 ) ) ;
#1324 = ORIENTED_EDGE ( 'NONE', *, *, #5899, .T. ) ;
#1325 = ORIENTED_EDGE ( 'NONE', *, *, #2720, .F. ) ;
#1326 = VERTEX_POINT ( 'NONE', #1718 ) ;
#1327 = LINE ( 'NONE', #557, #9104 ) ;
#1328 = LINE ( 'NONE', #5884, #1106 ) ;
#1329 = CARTESIAN_POINT ( 'NONE',  ( 0.6000000000000002000, 0.4000000000000000800, -0.02000000000000000000 ) ) ;
#1330 = DIRECTION ( 'NONE',  ( -0.0000000000000000000, -0.0000000000000000000, -1.000000000000000000 ) ) ;
#1331 = CARTESIAN_POINT ( 'NONE',  ( 0.09209490834705039200, -0.4855413672786935100, 0.5400000000000000400 ) ) ;
#1332 = CARTESIAN_POINT ( 'NONE',  ( -0.02742788842358112900, -0.4374002374296833700, 0.5300000000000000300 ) ) ;
#1333 = EDGE_CURVE ( 'NONE', #8262, #9213, #7629, .T. ) ;
#1334 = CARTESIAN_POINT ( 'NONE',  ( 0.5106435808288617400, -0.4888246480952716000, 0.5400000000000000400 ) ) ;
#1335 = ORIENTED_EDGE ( 'NONE', *, *, #7770, .T. ) ;
#1336 = ORIENTED_EDGE ( 'NONE', *, *, #8030, .T. ) ;
#1337 = EDGE_LOOP ( 'NONE', ( #8720, #7900, #8326, #325 ) ) ;
#1338 = VERTEX_POINT ( 'NONE', #6941 ) ;
#1339 = ORIENTED_EDGE ( 'NONE', *, *, #3265, .T. ) ;
#1340 = CIRCLE ( 'NONE', #8450, 0.1250000000000000000 ) ;
#1341 = CARTESIAN_POINT ( 'NONE',  ( 0.4751914381934273000, -0.5165179042956770100, 0.5400000000000000400 ) ) ;
#1342 = EDGE_CURVE ( 'NONE', #3940, #8000, #3603, .T. ) ;
#1343 = CARTESIAN_POINT ( 'NONE',  ( 0.5338605563932628000, -0.5191041997738421500, 0.5300000000000000300 ) ) ;
#1344 = DIRECTION ( 'NONE',  ( -0.0000000000000000000, -0.0000000000000000000, -1.000000000000000000 ) ) ;
#1345 = ORIENTED_EDGE ( 'NONE', *, *, #7849, .F. ) ;
#1346 = ADVANCED_FACE ( 'NONE', ( #1816 ), #9086, .T. ) ;
#1347 = COLOUR_RGB ( '',0.6666666666666666300, 0.6666666666666666300, 0.6666666666666666300 ) ;
#1348 =( NAMED_UNIT ( * ) SI_UNIT ( $, .STERADIAN. ) SOLID_ANGLE_UNIT ( ) );
#1349 = EDGE_CURVE ( 'NONE', #7116, #3617, #5544, .T. ) ;
#1350 = CARTESIAN_POINT ( 'NONE',  ( 0.09264825672961345100, -0.5619031274256207600, 0.5400000000000000400 ) ) ;
#1351 = CARTESIAN_POINT ( 'NONE',  ( 0.2132777397108629700, -0.5248289441172838700, 0.5400000000000000400 ) ) ;
#1352 = CARTESIAN_POINT ( 'NONE',  ( 0.4504226853421224300, -0.5094354336009293500, 0.5400000000000000400 ) ) ;
#1353 = CARTESIAN_POINT ( 'NONE',  ( 0.06221422234719555700, -0.3477581477676581200, 0.5300000000000000300 ) ) ;
#1354 = CARTESIAN_POINT ( 'NONE',  ( 0.5467721392051034800, -0.5429379073373147300, 0.5300000000000000300 ) ) ;
#1355 = ORIENTED_EDGE ( 'NONE', *, *, #1649, .F. ) ;
#1356 = VECTOR ( 'NONE', #2383, 1000.000000000000000 ) ;
#1357 = EDGE_CURVE ( 'NONE', #4252, #6468, #3376, .T. ) ;
#1358 = DIRECTION ( 'NONE',  ( -0.0000000000000000000, -0.0000000000000000000, -1.000000000000000000 ) ) ;
#1359 = FILL_AREA_STYLE ('',( #5192 ) ) ;
#1360 = DIRECTION ( 'NONE',  ( -0.0000000000000000000, -0.0000000000000000000, -1.000000000000000000 ) ) ;
#1361 =( NAMED_UNIT ( * ) PLANE_ANGLE_UNIT ( ) SI_UNIT ( $, .RADIAN. ) );
#1362 = DIRECTION ( 'NONE',  ( -0.0000000000000000000, -0.0000000000000000000, -1.000000000000000000 ) ) ;
#1363 = EDGE_CURVE ( 'NONE', #4255, #424, #4066, .T. ) ;
#1364 = LINE ( 'NONE', #411, #4882 ) ;
#1365 = AXIS2_PLACEMENT_3D ( 'NONE', #8196, #6716, #2181 ) ;
#1366 = CARTESIAN_POINT ( 'NONE',  ( 0.4754500677412452100, -0.4972201611099502600, 0.5400000000000000400 ) ) ;
#1367 = EDGE_CURVE ( 'NONE', #7459, #6944, #9374, .T. ) ;
#1368 = DIRECTION ( 'NONE',  ( -0.0000000000000000000, -0.0000000000000000000, -1.000000000000000000 ) ) ;
#1369 = PLANE ( 'NONE',  #4838 ) ;
#1370 = CARTESIAN_POINT ( 'NONE',  ( 0.07500000000000012200, 0.4000000000000000800, -0.02000000000000000000 ) ) ;
#1371 = SURFACE_STYLE_FILL_AREA ( #6416 ) ;
#1372 =( NAMED_UNIT ( * ) PLANE_ANGLE_UNIT ( ) SI_UNIT ( $, .RADIAN. ) );
#1373 = STYLED_ITEM ( 'NONE', ( #1701 ), #1725 ) ;
#1374 = VERTEX_POINT ( 'NONE', #7216 ) ;
#1375 = ORIENTED_EDGE ( 'NONE', *, *, #5237, .T. ) ;
#1376 = CARTESIAN_POINT ( 'NONE',  ( 0.6954443400551965100, -0.4472847637951944400, 0.5300000000000000300 ) ) ;
#1377 = CARTESIAN_POINT ( 'NONE',  ( 0.7052523682932337900, -0.5214915494467268200, 0.5300000000000000300 ) ) ;
#1378 = PLANE ( 'NONE',  #7196 ) ;
#1379 = CARTESIAN_POINT ( 'NONE',  ( 0.4851984122370147600, -0.5251123631161622700, 0.5400000000000000400 ) ) ;
#1380 = CARTESIAN_POINT ( 'NONE',  ( 0.09209491890129167800, -0.3892590864732475800, 0.5400000000000000400 ) ) ;
#1381 = CARTESIAN_POINT ( 'NONE',  ( 0.5134885058553728700, -0.5264254054360929500, 0.5300000000000000300 ) ) ;
#1382 = FACE_OUTER_BOUND ( 'NONE', #4844, .T. ) ;
#1383 = DIRECTION ( 'NONE',  ( -0.3667976789509036500, -0.9303007377811918200, 0.0000000000000000000 ) ) ;
#1384 = ORIENTED_EDGE ( 'NONE', *, *, #6221, .F. ) ;
#1385 = ORIENTED_EDGE ( 'NONE', *, *, #1603, .T. ) ;
#1386 = LINE ( 'NONE', #7417, #5142 ) ;
#1387 = PRESENTATION_STYLE_ASSIGNMENT (( #7462 ) ) ;
#1388 = EDGE_CURVE ( 'NONE', #9070, #1011, #4781, .T. ) ;
#1389 = ORIENTED_EDGE ( 'NONE', *, *, #8605, .F. ) ;
#1390 = ADVANCED_FACE ( 'NONE', ( #9137 ), #160, .F. ) ;
#1391 = VERTEX_POINT ( 'NONE', #3133 ) ;
#1392 = CARTESIAN_POINT ( 'NONE',  ( 0.4459662992867030600, -0.4828960630758074000, 0.5400000000000000400 ) ) ;
#1393 = CARTESIAN_POINT ( 'NONE',  ( 0.2221312927212818800, -0.5253822819453388700, 0.5400000000000000400 ) ) ;
#1394 = CARTESIAN_POINT ( 'NONE',  ( 0.5493186455223715300, -0.5512936311908295300, 0.5300000000000000300 ) ) ;
#1395 = CARTESIAN_POINT ( 'NONE',  ( 0.2437117846475233600, -0.4053061579003669500, 0.5300000000000000300 ) ) ;
#1396 = VECTOR ( 'NONE', #739, 1000.000000000000000 ) ;
#1397 = DIRECTION ( 'NONE',  ( -0.0000000000000000000, -0.0000000000000000000, -1.000000000000000000 ) ) ;
#1398 = FACE_OUTER_BOUND ( 'NONE', #1864, .T. ) ;
#1399 = SURFACE_STYLE_FILL_AREA ( #1425 ) ;
#1400 = CARTESIAN_POINT ( 'NONE',  ( 0.7880536127652577600, -0.5251123631161613800, 0.5400000000000000400 ) ) ;
#1401 = ORIENTED_EDGE ( 'NONE', *, *, #7624, .F. ) ;
#1402 = ORIENTED_EDGE ( 'NONE', *, *, #2464, .T. ) ;
#1403 = CARTESIAN_POINT ( 'NONE',  ( 0.2000000000000000900, 5.421010862427522200E-017, -0.02000000000000000000 ) ) ;
#1404 = ORIENTED_EDGE ( 'NONE', *, *, #3613, .T. ) ;
#1405 = EDGE_CURVE ( 'NONE', #8099, #9466, #5366, .T. ) ;
#1406 = CARTESIAN_POINT ( 'NONE',  ( 0.7625288658502892300, -0.4626831691822945700, 0.5400000000000000400 ) ) ;
#1407 = LINE ( 'NONE', #6678, #5415 ) ;
#1408 = EDGE_CURVE ( 'NONE', #2012, #6134, #4037, .T. ) ;
#1409 = CARTESIAN_POINT ( 'NONE',  ( 0.5085148607043181700, -0.4836520571384098600, 0.5400000000000000400 ) ) ;
#1410 = LINE ( 'NONE', #903, #7199 ) ;
#1411 = B_SPLINE_CURVE_WITH_KNOTS ( 'NONE', 3,
 ( #9350, #4072, #350, #5585 ),
 .UNSPECIFIED., .F., .F.,
 ( 4, 4 ),
 ( 2.000000000000000000, 3.000000000000000000 ),
 .UNSPECIFIED. ) ;
#1412 = FACE_OUTER_BOUND ( 'NONE', #777, .T. ) ;
#1413 = ORIENTED_EDGE ( 'NONE', *, *, #797, .T. ) ;
#1414 = CARTESIAN_POINT ( 'NONE',  ( -0.8999999999999999100, -0.6500000000000000200, 0.5300000000000000300 ) ) ;
#1415 = LINE ( 'NONE', #7488, #9201 ) ;
#1416 = CARTESIAN_POINT ( 'NONE',  ( 0.1313824957396187200, -0.3361378739537001500, 0.5400000000000000400 ) ) ;
#1417 = CARTESIAN_POINT ( 'NONE',  ( 0.7248087410265148200, -0.4736649776756705600, 0.5400000000000000400 ) ) ;
#1418 = ORIENTED_EDGE ( 'NONE', *, *, #7519, .T. ) ;
#1419 = CARTESIAN_POINT ( 'NONE',  ( 0.6140158216453747200, -0.3792850872923186900, 0.5400000000000000400 ) ) ;
#1420 = CARTESIAN_POINT ( 'NONE',  ( -0.004187346072788054000, -0.4977149683664612300, 0.5400000000000000400 ) ) ;
#1421 = FACE_OUTER_BOUND ( 'NONE', #427, .T. ) ;
#1422 = SURFACE_STYLE_FILL_AREA ( #3371 ) ;
#1423 = EDGE_LOOP ( 'NONE', ( #2458, #8817, #8285, #2721 ) ) ;
#1424 =( GEOMETRIC_REPRESENTATION_CONTEXT ( 3 ) GLOBAL_UNCERTAINTY_ASSIGNED_CONTEXT ( ( #7316 ) ) GLOBAL_UNIT_ASSIGNED_CONTEXT ( ( #6002, #1496, #6772 ) ) REPRESENTATION_CONTEXT ( 'NONE', 'WORKASPACE' ) );
#1425 = FILL_AREA_STYLE ('',( #5159 ) ) ;
#1426 = FACE_OUTER_BOUND ( 'NONE', #689, .T. ) ;
#1427 = EDGE_CURVE ( 'NONE', #2553, #9394, #8876, .T. ) ;
#1428 = ORIENTED_EDGE ( 'NONE', *, *, #1940, .F. ) ;
#1429 = FILL_AREA_STYLE_COLOUR ( '', #9405 ) ;
#1430 = CARTESIAN_POINT ( 'NONE',  ( 0.4335719755707609400, -0.3642049951950437900, 0.5400000000000000400 ) ) ;
#1431 = LINE ( 'NONE', #1448, #1203 ) ;
#1432 = DIRECTION ( 'NONE',  ( -1.000000000000000000, 0.0000000000000000000, 0.0000000000000000000 ) ) ;
#1433 = DIRECTION ( 'NONE',  ( 0.0000000000000000000, -0.0000000000000000000, 1.000000000000000000 ) ) ;
#1434 = DIRECTION ( 'NONE',  ( 0.0000000000000000000, -0.0000000000000000000, -1.000000000000000000 ) ) ;
#1435 = ORIENTED_EDGE ( 'NONE', *, *, #6696, .F. ) ;
#1436 = ORIENTED_EDGE ( 'NONE', *, *, #4236, .F. ) ;
#1437 = ORIENTED_EDGE ( 'NONE', *, *, #3871, .T. ) ;
#1438 = VECTOR ( 'NONE', #9082, 1000.000000000000100 ) ;
#1439 = ORIENTED_EDGE ( 'NONE', *, *, #6783, .F. ) ;
#1440 = AXIS2_PLACEMENT_3D ( 'NONE', #1896, #6432, #1162 ) ;
#1441 = CARTESIAN_POINT ( 'NONE',  ( -0.6999999999999998400, 0.4704525540507067900, 0.5099999999999999000 ) ) ;
#1442 = CARTESIAN_POINT ( 'NONE',  ( 0.5664478794218689200, -0.5113055241776516300, 0.5400000000000000400 ) ) ;
#1443 = DIRECTION ( 'NONE',  ( -1.000000000000000000, 0.0000000000000000000, 0.0000000000000000000 ) ) ;
#1444 = ORIENTED_EDGE ( 'NONE', *, *, #724, .T. ) ;
#1445 = CARTESIAN_POINT ( 'NONE',  ( 0.2542253722508622200, -0.3438847249218676700, 0.5400000000000000400 ) ) ;
#1446 = ADVANCED_FACE ( 'NONE', ( #6912 ), #2303, .T. ) ;
#1447 = CARTESIAN_POINT ( 'NONE',  ( 0.7477074033005616200, -0.5038251618707552100, 0.5400000000000000400 ) ) ;
#1448 = CARTESIAN_POINT ( 'NONE',  ( 0.6795485701530403800, -0.3715659900179227900, 0.5300000000000000300 ) ) ;
#1449 = VECTOR ( 'NONE', #1360, 1000.000000000000000 ) ;
#1450 = VECTOR ( 'NONE', #2916, 1000.000000000000000 ) ;
#1451 = CARTESIAN_POINT ( 'NONE',  ( 0.7052523682932337900, -0.4507066316593479300, 0.5300000000000000300 ) ) ;
#1452 = VERTEX_POINT ( 'NONE', #3844 ) ;
#1453 = VERTEX_POINT ( 'NONE', #5268 ) ;
#1454 = ORIENTED_EDGE ( 'NONE', *, *, #1304, .T. ) ;
#1455 = VERTEX_POINT ( 'NONE', #62 ) ;
#1456 = CARTESIAN_POINT ( 'NONE',  ( 0.4801650833442131000, -0.3315778830052764100, 0.5300000000000000300 ) ) ;
#1457 =( NAMED_UNIT ( * ) PLANE_ANGLE_UNIT ( ) SI_UNIT ( $, .RADIAN. ) );
#1458 = PLANE ( 'NONE',  #1365 ) ;
#1459 = PLANE ( 'NONE',  #7468 ) ;
#1460 =( GEOMETRIC_REPRESENTATION_CONTEXT ( 3 ) GLOBAL_UNCERTAINTY_ASSIGNED_CONTEXT ( ( #7813 ) ) GLOBAL_UNIT_ASSIGNED_CONTEXT ( ( #796, #6047, #1537 ) ) REPRESENTATION_CONTEXT ( 'NONE', 'WORKASPACE' ) );
#1461 = CARTESIAN_POINT ( 'NONE',  ( 0.2481385505984884100, -0.4053061579003669500, 0.5400000000000000400 ) ) ;
#1462 = VERTEX_POINT ( 'NONE', #4525 ) ;
#1463 = EDGE_LOOP ( 'NONE', ( #2201, #4174, #7178, #2489 ) ) ;
#1464 = EDGE_LOOP ( 'NONE', ( #899, #5275, #5665, #994, #4034, #3722, #8494, #873, #8750, #6885, #1587, #6341 ) ) ;
#1465 = ORIENTED_EDGE ( 'NONE', *, *, #4986, .F. ) ;
#1466 = FILL_AREA_STYLE_COLOUR ( '', #7993 ) ;
#1467 = CARTESIAN_POINT ( 'NONE',  ( 0.5191584613272886000, -0.4761716948315121700, 0.5300000000000000300 ) ) ;
#1468 = FILL_AREA_STYLE ('',( #2485 ) ) ;
#1469 = CARTESIAN_POINT ( 'NONE',  ( 0.4468416608333230000, -0.3460213485234352500, 0.5300000000000000300 ) ) ;
#1470 = DIRECTION ( 'NONE',  ( 0.0000000000000000000, 0.0000000000000000000, 1.000000000000000000 ) ) ;
#1471 = CARTESIAN_POINT ( 'NONE',  ( 0.6925198367066247600, -0.4562373250666672000, 0.5300000000000000300 ) ) ;
#1472 = EDGE_CURVE ( 'NONE', #4385, #7631, #8182, .T. ) ;
#1473 = CARTESIAN_POINT ( 'NONE',  ( 0.6670149843727671800, -0.3363525823499887200, 0.5300000000000000300 ) ) ;
#1474 = CARTESIAN_POINT ( 'NONE',  ( 0.4751914381934273000, -0.5165179042956770100, 0.5400000000000000400 ) ) ;
#1475 = VERTEX_POINT ( 'NONE', #3777 ) ;
#1476 = EDGE_CURVE ( 'NONE', #5923, #4739, #6197, .T. ) ;
#1477 = VERTEX_POINT ( 'NONE', #2231 ) ;
#1478 = COLOUR_RGB ( '',0.6666666666666666300, 0.6666666666666666300, 0.6666666666666666300 ) ;
#1479 = CARTESIAN_POINT ( 'NONE',  ( 0.4468416608333230000, -0.3460213485234352500, 0.5300000000000000300 ) ) ;
#1480 = CARTESIAN_POINT ( 'NONE',  ( 0.1656899687989250900, -0.3029370976592576900, 0.5400000000000000400 ) ) ;
#1481 = CARTESIAN_POINT ( 'NONE',  ( 0.4504226853421224300, -0.5064114573489232300, 0.5400000000000000400 ) ) ;
#1482 = ORIENTED_EDGE ( 'NONE', *, *, #9043, .T. ) ;
#1483 = FACE_OUTER_BOUND ( 'NONE', #8640, .T. ) ;
#1484 = CARTESIAN_POINT ( 'NONE',  ( 0.6836468537574730300, -0.4472847637951944400, 0.5400000000000000400 ) ) ;
#1485 = MECHANICAL_DESIGN_GEOMETRIC_PRESENTATION_REPRESENTATION (  '', ( #9 ), #1950 ) ;
#1486 = DIRECTION ( 'NONE',  ( -0.0000000000000000000, -0.0000000000000000000, -1.000000000000000000 ) ) ;
#1487 = CARTESIAN_POINT ( 'NONE',  ( 0.7130709384700055800, -0.5142101329456405500, 0.5300000000000000300 ) ) ;
#1488 = CARTESIAN_POINT ( 'NONE',  ( 0.6167811683492973000, -0.3620165913284922900, 0.5300000000000000300 ) ) ;
#1489 = DIRECTION ( 'NONE',  ( 0.3559357243698872400, -0.9345104387417423300, 0.0000000000000000000 ) ) ;
#1490 = SURFACE_SIDE_STYLE ('',( #8844 ) ) ;
#1491 = CARTESIAN_POINT ( 'NONE',  ( 0.4918432021587133000, -0.3361934257048131400, 0.5400000000000000400 ) ) ;
#1492 = EDGE_CURVE ( 'NONE', #8563, #5632, #3291, .T. ) ;
#1493 = DIRECTION ( 'NONE',  ( 0.0000000000000000000, 0.0000000000000000000, -1.000000000000000000 ) ) ;
#1494 = LINE ( 'NONE', #6515, #5504 ) ;
#1495 = ADVANCED_FACE ( 'NONE', ( #3957 ), #5825, .F. ) ;
#1496 =( NAMED_UNIT ( * ) PLANE_ANGLE_UNIT ( ) SI_UNIT ( $, .RADIAN. ) );
#1497 = DIRECTION ( 'NONE',  ( -0.0000000000000000000, -0.0000000000000000000, -1.000000000000000000 ) ) ;
#1498 = CARTESIAN_POINT ( 'NONE',  ( 0.4618421746085391600, -0.3225059542497878400, 0.5300000000000000300 ) ) ;
#1499 = DIRECTION ( 'NONE',  ( 0.9369753459545074900, 0.3493954794690841700, -0.0000000000000000000 ) ) ;
#1500 = CARTESIAN_POINT ( 'NONE',  ( 0.5255247271203276100, -0.5249532064715145600, 0.5400000000000000400 ) ) ;
#1501 = EDGE_CURVE ( 'NONE', #6896, #5482, #1917, .T. ) ;
#1502 = CARTESIAN_POINT ( 'NONE',  ( 0.2514586197845931600, -0.4916281678223113900, 0.5400000000000000400 ) ) ;
#1503 = VERTEX_POINT ( 'NONE', #5206 ) ;
#1504 = VERTEX_POINT ( 'NONE', #8951 ) ;
#1505 = SHAPE_DEFINITION_REPRESENTATION ( #6928, #8803 ) ;
#1506 = CARTESIAN_POINT ( 'NONE',  ( 0.7248087410265148200, -0.4736649776756705600, 0.5300000000000000300 ) ) ;
#1507 = FILL_AREA_STYLE ('',( #776 ) ) ;
#1508 = DIRECTION ( 'NONE',  ( -0.0000000000000000000, 1.000000000000000000, -0.0000000000000000000 ) ) ;
#1509 = AXIS2_PLACEMENT_3D ( 'NONE', #3909, #3638, #4539 ) ;
#1510 = UNCERTAINTY_MEASURE_WITH_UNIT (LENGTH_MEASURE( 1.000000000000000100E-005 ), #9258, 'distance_accuracy_value', 'NONE');
#1511 = FACE_OUTER_BOUND ( 'NONE', #5909, .T. ) ;
#1512 = AXIS2_PLACEMENT_3D ( 'NONE', #5829, #4670, #222 ) ;
#1513 = CARTESIAN_POINT ( 'NONE',  ( 0.6316623146407689400, -0.4016465958906835200, 0.5400000000000000400 ) ) ;
#1514 = ORIENTED_EDGE ( 'NONE', *, *, #3248, .T. ) ;
#1515 = CARTESIAN_POINT ( 'NONE',  ( 0.6663385686324836400, -0.3337662868712928900, 0.5300000000000000300 ) ) ;
#1516 = FACE_OUTER_BOUND ( 'NONE', #4261, .T. ) ;
#1517 = LINE ( 'NONE', #2301, #1271 ) ;
#1518 = ADVANCED_FACE ( 'NONE', ( #435 ), #9128, .F. ) ;
#1519 = CARTESIAN_POINT ( 'NONE',  ( -0.001420598883641920400, -0.3743187698585325200, 0.5300000000000000300 ) ) ;
#1520 = ORIENTED_EDGE ( 'NONE', *, *, #9608, .T. ) ;
#1521 = CARTESIAN_POINT ( 'NONE',  ( 0.6677908730164815500, -0.3392174019568188200, 0.5400000000000000400 ) ) ;
#1522 = CARTESIAN_POINT ( 'NONE',  ( 0.3893463228890840000, -0.4472847637951952700, 0.5400000000000000400 ) ) ;
#1523 = ORIENTED_EDGE ( 'NONE', *, *, #167, .T. ) ;
#1524 =( LENGTH_UNIT ( ) NAMED_UNIT ( * ) SI_UNIT ( .MILLI., .METRE. ) );
#1525 = LINE ( 'NONE', #8280, #9519 ) ;
#1526 = EDGE_CURVE ( 'NONE', #9135, #3173, #2528, .T. ) ;
#1527 = FACE_OUTER_BOUND ( 'NONE', #580, .T. ) ;
#1528 = PRESENTATION_STYLE_ASSIGNMENT (( #4964 ) ) ;
#1529 = ORIENTED_EDGE ( 'NONE', *, *, #4010, .T. ) ;
#1530 = DIRECTION ( 'NONE',  ( 0.0000000000000000000, 0.0000000000000000000, 1.000000000000000000 ) ) ;
#1531 = DIRECTION ( 'NONE',  ( 0.0000000000000000000, 0.0000000000000000000, -1.000000000000000000 ) ) ;
#1532 = FILL_AREA_STYLE ('',( #4925 ) ) ;
#1533 = ORIENTED_EDGE ( 'NONE', *, *, #2362, .F. ) ;
#1534 = CARTESIAN_POINT ( 'NONE',  ( 0.7638021190090552600, -0.4572320540973008900, 0.5400000000000000400 ) ) ;
#1535 = CARTESIAN_POINT ( 'NONE',  ( 0.6674128759849122800, -0.3381430946043909000, 0.5300000000000000300 ) ) ;
#1536 =( GEOMETRIC_REPRESENTATION_CONTEXT ( 3 ) GLOBAL_UNCERTAINTY_ASSIGNED_CONTEXT ( ( #4659 ) ) GLOBAL_UNIT_ASSIGNED_CONTEXT ( ( #1844, #7156, #2627 ) ) REPRESENTATION_CONTEXT ( 'NONE', 'WORKASPACE' ) );
#1537 =( NAMED_UNIT ( * ) SI_UNIT ( $, .STERADIAN. ) SOLID_ANGLE_UNIT ( ) );
#1538 =( LENGTH_UNIT ( ) NAMED_UNIT ( * ) SI_UNIT ( .MILLI., .METRE. ) );
#1539 = CARTESIAN_POINT ( 'NONE',  ( 0.5144434457243153300, -0.5184675731947233600, 0.5300000000000000300 ) ) ;
#1540 = VECTOR ( 'NONE', #6579, 1000.000000000000100 ) ;
#1541 = ORIENTED_EDGE ( 'NONE', *, *, #8348, .T. ) ;
#1542 = EDGE_CURVE ( 'NONE', #1954, #4834, #230, .T. ) ;
#1543 = CARTESIAN_POINT ( 'NONE',  ( 0.5979807896786233400, -0.3238189965697173000, 0.5300000000000000300 ) ) ;
#1544 = EDGE_CURVE ( 'NONE', #150, #7263, #9707, .T. ) ;
#1545 = CARTESIAN_POINT ( 'NONE',  ( 0.04838056555802260800, -0.4661742161104302500, 0.5400000000000000400 ) ) ;
#1546 = ADVANCED_FACE ( 'NONE', ( #5705 ), #1237, .T. ) ;
#1547 = CARTESIAN_POINT ( 'NONE',  ( 0.4851984122370147600, -0.4893419071914362200, 0.5400000000000000400 ) ) ;
#1548 = ORIENTED_EDGE ( 'NONE', *, *, #7913, .F. ) ;
#1549 = CARTESIAN_POINT ( 'NONE',  ( 0.1341492376519107000, -0.4694942958510384100, 0.5300000000000000300 ) ) ;
#1550 = VECTOR ( 'NONE', #1726, 1000.000000000000000 ) ;
#1551 = EDGE_CURVE ( 'NONE', #4394, #5086, #9482, .T. ) ;
#1552 = CARTESIAN_POINT ( 'NONE',  ( 0.5492788563609450900, -0.3927736129415362900, 0.5400000000000000400 ) ) ;
#1553 = CARTESIAN_POINT ( 'NONE',  ( 0.4294339028051645800, -0.4562373250666699200, 0.5400000000000000400 ) ) ;
#1554 = DIRECTION ( 'NONE',  ( 1.000000000000000000, -0.0000000000000000000, 0.0000000000000000000 ) ) ;
#1555 = CARTESIAN_POINT ( 'NONE',  ( 0.3993930860938320600, -0.4900581120928790800, 0.5300000000000000300 ) ) ;
#1556 = DIRECTION ( 'NONE',  ( -1.000000000000000000, 0.0000000000000000000, 0.0000000000000000000 ) ) ;
#1557 = CARTESIAN_POINT ( 'NONE',  ( 0.4522927759188466500, -0.3402121309869244300, 0.5300000000000000300 ) ) ;
#1558 = CARTESIAN_POINT ( 'NONE',  ( 0.04008035565278061900, -0.5242755851802133300, 0.5400000000000000400 ) ) ;
#1559 = CARTESIAN_POINT ( 'NONE',  ( 0.02292662440038213700, -0.5198488192292469700, 0.5300000000000000300 ) ) ;
#1560 = ORIENTED_EDGE ( 'NONE', *, *, #4742, .T. ) ;
#1561 = FACE_OUTER_BOUND ( 'NONE', #8808, .T. ) ;
#1562 = ORIENTED_EDGE ( 'NONE', *, *, #1895, .F. ) ;
#1563 = ORIENTED_EDGE ( 'NONE', *, *, #6088, .T. ) ;
#1564 = EDGE_CURVE ( 'NONE', #6596, #7596, #5938, .T. ) ;
#1565 = PRESENTATION_STYLE_ASSIGNMENT (( #4776 ) ) ;
#1566 =( LENGTH_UNIT ( ) NAMED_UNIT ( * ) SI_UNIT ( .MILLI., .METRE. ) );
#1567 = ORIENTED_EDGE ( 'NONE', *, *, #3313, .T. ) ;
#1568 = CARTESIAN_POINT ( 'NONE',  ( -0.8999999999999999100, -0.6500000000000000200, 0.0000000000000000000 ) ) ;
#1569 = VECTOR ( 'NONE', #8809, 1000.000000000000000 ) ;
#1570 = CARTESIAN_POINT ( 'NONE',  ( 0.5332836135558864900, -0.4801904001136226800, 0.5400000000000000400 ) ) ;
#1571 = ORIENTED_EDGE ( 'NONE', *, *, #9600, .F. ) ;
#1572 = FACE_OUTER_BOUND ( 'NONE', #3517, .T. ) ;
#1573 = ADVANCED_FACE ( 'NONE', ( #7496 ), #9700, .T. ) ;
#1574 = CARTESIAN_POINT ( 'NONE',  ( 0.7644785347493386900, -0.4598183495754674700, 0.5300000000000000300 ) ) ;
#1575 = ORIENTED_EDGE ( 'NONE', *, *, #4555, .F. ) ;
#1576 = B_SPLINE_CURVE_WITH_KNOTS ( 'NONE', 3,
 ( #8075, #3582, #5551, #4807 ),
 .UNSPECIFIED., .F., .F.,
 ( 4, 4 ),
 ( 5.000000000000000000, 6.000000000000000000 ),
 .UNSPECIFIED. ) ;
#1577 = VECTOR ( 'NONE', #7290, 1000.000000000000000 ) ;
#1578 = AXIS2_PLACEMENT_3D ( 'NONE', #227, #9009, #246 ) ;
#1579 = PRESENTATION_STYLE_ASSIGNMENT (( #304 ) ) ;
#1580 = ORIENTED_EDGE ( 'NONE', *, *, #6627, .F. ) ;
#1581 = EDGE_LOOP ( 'NONE', ( #5733, #2753, #5143, #6037, #4831, #3901 ) ) ;
#1582 = DIRECTION ( 'NONE',  ( -0.0000000000000000000, -0.0000000000000000000, -1.000000000000000000 ) ) ;
#1583 = ORIENTED_EDGE ( 'NONE', *, *, #2543, .T. ) ;
#1584 = CARTESIAN_POINT ( 'NONE',  ( 0.9000000000000001300, 0.6500000000000000200, 0.5300000000000000300 ) ) ;
#1585 = CARTESIAN_POINT ( 'NONE',  ( 0.4575250506174526900, -0.4761716948315121700, 0.5300000000000000300 ) ) ;
#1586 = EDGE_CURVE ( 'NONE', #2918, #6589, #2755, .T. ) ;
#1587 = ORIENTED_EDGE ( 'NONE', *, *, #6647, .F. ) ;
#1588 = CARTESIAN_POINT ( 'NONE',  ( 0.4735003988421937500, -0.3315778830052764100, 0.5400000000000000400 ) ) ;
#1589 = VERTEX_POINT ( 'NONE', #618 ) ;
#1590 = VECTOR ( 'NONE', #5087, 1000.000000000000000 ) ;
#1591 = CARTESIAN_POINT ( 'NONE',  ( 0.6828510705337107500, -0.5251123631161613800, 0.5400000000000000400 ) ) ;
#1592 = CARTESIAN_POINT ( 'NONE',  ( 0.6467424067380472800, -0.5251123631161622700, 0.5300000000000000300 ) ) ;
#1593 = ADVANCED_FACE ( 'NONE', ( #6547 ), #3606, .T. ) ;
#1594 = VERTEX_POINT ( 'NONE', #8073 ) ;
#1595 = VECTOR ( 'NONE', #7709, 1000.000000000000000 ) ;
#1596 = PLANE ( 'NONE',  #8396 ) ;
#1597 = CARTESIAN_POINT ( 'NONE',  ( 0.7208895086473096100, -0.5069287164445540600, 0.5400000000000000400 ) ) ;
#1598 = CARTESIAN_POINT ( 'NONE',  ( 0.7625288658502892300, -0.4626831691822945700, 0.5300000000000000300 ) ) ;
#1599 = CARTESIAN_POINT ( 'NONE',  ( 0.5679001838058627100, -0.5158812777165562300, 0.5300000000000000300 ) ) ;
#1600 = EDGE_CURVE ( 'NONE', #5209, #6867, #5813, .T. ) ;
#1601 = CARTESIAN_POINT ( 'NONE',  ( 0.5012334442034981400, -0.4933208233118561700, 0.5400000000000000400 ) ) ;
#1602 = CARTESIAN_POINT ( 'NONE',  ( -0.1999999999999999300, -0.3999999999999999700, -0.02000000000000000000 ) ) ;
#1603 = EDGE_CURVE ( 'NONE', #4840, #7137, #1750, .T. ) ;
#1604 = CARTESIAN_POINT ( 'NONE',  ( 0.4441161032908241300, -0.3636081577765559200, 0.5300000000000000300 ) ) ;
#1605 = ORIENTED_EDGE ( 'NONE', *, *, #7643, .T. ) ;
#1606 = CARTESIAN_POINT ( 'NONE',  ( 0.09209491890129167800, -0.3892590864732475800, 0.5400000000000000400 ) ) ;
#1607 = VECTOR ( 'NONE', #789, 1000.000000000000000 ) ;
#1608 = FILL_AREA_STYLE ('',( #8358 ) ) ;
#1609 = DIRECTION ( 'NONE',  ( 0.0000000000000000000, 0.0000000000000000000, 1.000000000000000000 ) ) ;
#1610 =( GEOMETRIC_REPRESENTATION_CONTEXT ( 3 ) GLOBAL_UNCERTAINTY_ASSIGNED_CONTEXT ( ( #8463 ) ) GLOBAL_UNIT_ASSIGNED_CONTEXT ( ( #1524, #6803, #2268 ) ) REPRESENTATION_CONTEXT ( 'NONE', 'WORKASPACE' ) );
#1611 = ADVANCED_FACE ( 'NONE', ( #788 ), #5798, .F. ) ;
#1612 = SURFACE_SIDE_STYLE ('',( #5273 ) ) ;
#1613 =( NAMED_UNIT ( * ) PLANE_ANGLE_UNIT ( ) SI_UNIT ( $, .RADIAN. ) );
#1614 = EDGE_CURVE ( 'NONE', #9363, #1628, #9585, .T. ) ;
#1615 = ORIENTED_EDGE ( 'NONE', *, *, #3012, .F. ) ;
#1616 = ORIENTED_EDGE ( 'NONE', *, *, #4024, .T. ) ;
#1617 = CARTESIAN_POINT ( 'NONE',  ( 0.6467424067380472800, -0.5251123631161622700, 0.5400000000000000400 ) ) ;
#1618 = CARTESIAN_POINT ( 'NONE',  ( 0.5493186455223715300, -0.5512936311908295300, 0.5300000000000000300 ) ) ;
#1619 = CARTESIAN_POINT ( 'NONE',  ( 0.5332836135558864900, -0.4707205797465184900, 0.5300000000000000300 ) ) ;
#1620 = CARTESIAN_POINT ( 'NONE',  ( 0.4754500677412452100, -0.5251123631161622700, 0.5300000000000000300 ) ) ;
#1621 = AXIS2_PLACEMENT_3D ( 'NONE', #7021, #3239, #2461 ) ;
#1622 = VECTOR ( 'NONE', #3911, 1000.000000000000000 ) ;
#1623 = VERTEX_POINT ( 'NONE', #8126 ) ;
#1624 = ORIENTED_EDGE ( 'NONE', *, *, #3153, .F. ) ;
#1625 = EDGE_CURVE ( 'NONE', #4840, #8415, #5589, .T. ) ;
#1626 = VECTOR ( 'NONE', #7034, 1000.000000000000000 ) ;
#1627 = SURFACE_STYLE_USAGE ( .BOTH. , #6147 ) ;
#1628 = VERTEX_POINT ( 'NONE', #2822 ) ;
#1629 = B_SPLINE_CURVE_WITH_KNOTS ( 'NONE', 3,
 ( #6387, #5939, #342, #7176 ),
 .UNSPECIFIED., .F., .F.,
 ( 4, 4 ),
 ( 8.000000000000000000, 9.000000000000000000 ),
 .UNSPECIFIED. ) ;
#1630 = VERTEX_POINT ( 'NONE', #4361 ) ;
#1631 =( NAMED_UNIT ( * ) SI_UNIT ( $, .STERADIAN. ) SOLID_ANGLE_UNIT ( ) );
#1632 = SURFACE_STYLE_FILL_AREA ( #4469 ) ;
#1633 = CARTESIAN_POINT ( 'NONE',  ( 0.4635133193791931600, -0.3940070769391410500, 0.5400000000000000400 ) ) ;
#1634 = ADVANCED_FACE ( 'NONE', ( #1806 ), #5855, .F. ) ;
#1635 = VECTOR ( 'NONE', #8136, 1000.000000000000200 ) ;
#1636 = AXIS2_PLACEMENT_3D ( 'NONE', #247, #8103, #6642 ) ;
#1637 = ORIENTED_EDGE ( 'NONE', *, *, #5313, .F. ) ;
#1638 = AXIS2_PLACEMENT_3D ( 'NONE', #3955, #3975, #7024 ) ;
#1639 = ORIENTED_EDGE ( 'NONE', *, *, #2561, .T. ) ;
#1640 = DIRECTION ( 'NONE',  ( 0.0000000000000000000, 0.0000000000000000000, -1.000000000000000000 ) ) ;
#1641 = CARTESIAN_POINT ( 'NONE',  ( 0.06276757072949418200, -0.3809588923993698100, 0.5400000000000000400 ) ) ;
#1642 = SURFACE_SIDE_STYLE ('',( #2323 ) ) ;
#1643 = CARTESIAN_POINT ( 'NONE',  ( 0.2221312927212818800, -0.5253822819453388700, 0.5300000000000000300 ) ) ;
#1644 = LINE ( 'NONE', #8459, #954 ) ;
#1645 = CARTESIAN_POINT ( 'NONE',  ( 0.5861833033809015200, -0.3238189965697173000, 0.5400000000000000400 ) ) ;
#1646 = ORIENTED_EDGE ( 'NONE', *, *, #6560, .T. ) ;
#1647 = B_SPLINE_CURVE_WITH_KNOTS ( 'NONE', 3,
 ( #7638, #2334, #8375, #3868 ),
 .UNSPECIFIED., .F., .F.,
 ( 4, 4 ),
 ( 4.000000000000000000, 5.000000000000000000 ),
 .UNSPECIFIED. ) ;
#1648 = VERTEX_POINT ( 'NONE', #3620 ) ;
#1649 = EDGE_CURVE ( 'NONE', #87, #2806, #7853, .T. ) ;
#1650 = FACE_OUTER_BOUND ( 'NONE', #5804, .T. ) ;
#1651 = VERTEX_POINT ( 'NONE', #6651 ) ;
#1652 = EDGE_CURVE ( 'NONE', #34, #103, #7364, .T. ) ;
#1653 = CARTESIAN_POINT ( 'NONE',  ( -0.6499999999999999100, 0.4704525540507067900, 0.5099999999999999000 ) ) ;
#1654 = CIRCLE ( 'NONE', #4824, 0.1250000000000000000 ) ;
#1655 = CARTESIAN_POINT ( 'NONE',  ( 0.6502438529239925600, -0.3803593946447465500, 0.5400000000000000400 ) ) ;
#1656 = LINE ( 'NONE', #351, #3666 ) ;
#1657 = CARTESIAN_POINT ( 'NONE',  ( 0.5691535423840492500, -0.5335078761308399400, 0.5300000000000000300 ) ) ;
#1658 = VERTEX_POINT ( 'NONE', #1350 ) ;
#1659 = CARTESIAN_POINT ( 'NONE',  ( 0.4702973713649610800, -0.4029596382106130400, 0.5300000000000000300 ) ) ;
#1660 = VERTEX_POINT ( 'NONE', #8064 ) ;
#1661 = ADVANCED_FACE ( 'NONE', ( #7622 ), #9551, .T. ) ;
#1662 = CARTESIAN_POINT ( 'NONE',  ( 0.4504226853421224300, -0.5094354336009293500, 0.5400000000000000400 ) ) ;
#1663 = LINE ( 'NONE', #22, #9442 ) ;
#1664 = VERTEX_POINT ( 'NONE', #5707 ) ;
#1665 =( NAMED_UNIT ( * ) PLANE_ANGLE_UNIT ( ) SI_UNIT ( $, .RADIAN. ) );
#1666 = CARTESIAN_POINT ( 'NONE',  ( 0.4712722058144859800, -0.5138918196558173200, 0.5300000000000000300 ) ) ;
#1667 = VERTEX_POINT ( 'NONE', #4997 ) ;
#1668 = ORIENTED_EDGE ( 'NONE', *, *, #2870, .T. ) ;
#1669 = ORIENTED_EDGE ( 'NONE', *, *, #3798, .F. ) ;
#1670 = CARTESIAN_POINT ( 'NONE',  ( 0.6614445018042870400, -0.4472847637951944400, 0.5400000000000000400 ) ) ;
#1671 = DIRECTION ( 'NONE',  ( -1.000000000000000000, 0.0000000000000000000, 0.0000000000000000000 ) ) ;
#1672 = VECTOR ( 'NONE', #5367, 1000.000000000000000 ) ;
#1673 = EDGE_CURVE ( 'NONE', #2450, #3345, #2641, .T. ) ;
#1674 = ORIENTED_EDGE ( 'NONE', *, *, #909, .F. ) ;
#1675 = LINE ( 'NONE', #3122, #7715 ) ;
#1676 =( LENGTH_UNIT ( ) NAMED_UNIT ( * ) SI_UNIT ( .MILLI., .METRE. ) );
#1677 = ORIENTED_EDGE ( 'NONE', *, *, #9380, .F. ) ;
#1678 = EDGE_LOOP ( 'NONE', ( #403, #708 ) ) ;
#1679 = ORIENTED_EDGE ( 'NONE', *, *, #8996, .T. ) ;
#1680 = PLANE ( 'NONE',  #1730 ) ;
#1681 = DIRECTION ( 'NONE',  ( -0.0000000000000000000, -0.0000000000000000000, -1.000000000000000000 ) ) ;
#1682 = SURFACE_STYLE_USAGE ( .BOTH. , #6965 ) ;
#1683 = VECTOR ( 'NONE', #3612, 1000.000000000000000 ) ;
#1684 =( NAMED_UNIT ( * ) PLANE_ANGLE_UNIT ( ) SI_UNIT ( $, .RADIAN. ) );
#1685 =( GEOMETRIC_REPRESENTATION_CONTEXT ( 3 ) GLOBAL_UNCERTAINTY_ASSIGNED_CONTEXT ( ( #6353 ) ) GLOBAL_UNIT_ASSIGNED_CONTEXT ( ( #6833, #1361, #6631 ) ) REPRESENTATION_CONTEXT ( 'NONE', 'WORKASPACE' ) );
#1686 = LINE ( 'NONE', #1442, #9463 ) ;
#1687 = AXIS2_PLACEMENT_3D ( 'NONE', #3898, #6931, #5439 ) ;
#1688 = ORIENTED_EDGE ( 'NONE', *, *, #5735, .T. ) ;
#1689 = ADVANCED_FACE ( 'NONE', ( #9367 ), #2770, .T. ) ;
#1690 = VERTEX_POINT ( 'NONE', #2701 ) ;
#1691 = VERTEX_POINT ( 'NONE', #1515 ) ;
#1692 = EDGE_CURVE ( 'NONE', #3062, #2236, #1026, .T. ) ;
#1693 = DIRECTION ( 'NONE',  ( 1.000000000000000000, 0.0000000000000000000, 0.0000000000000000000 ) ) ;
#1694 = ORIENTED_EDGE ( 'NONE', *, *, #750, .F. ) ;
#1695 = CARTESIAN_POINT ( 'NONE',  ( 0.09209490834705039200, -0.4855413672786935100, 0.5400000000000000400 ) ) ;
#1696 = CARTESIAN_POINT ( 'NONE',  ( 0.5857854117682252900, -0.3327715578411892800, 0.5400000000000000400 ) ) ;
#1697 = DIRECTION ( 'NONE',  ( 0.0000000000000000000, 0.0000000000000000000, -1.000000000000000000 ) ) ;
#1698 = DIRECTION ( 'NONE',  ( -0.0000000000000000000, -0.0000000000000000000, -1.000000000000000000 ) ) ;
#1699 = EDGE_LOOP ( 'NONE', ( #6046, #8991, #2714, #6280 ) ) ;
#1700 = ORIENTED_EDGE ( 'NONE', *, *, #4711, .T. ) ;
#1701 = PRESENTATION_STYLE_ASSIGNMENT (( #6920 ) ) ;
#1702 = AXIS2_PLACEMENT_3D ( 'NONE', #981, #9683, #7901 ) ;
#1703 = CARTESIAN_POINT ( 'NONE',  ( 0.5740277146321974800, -0.3927736129415362900, 0.5400000000000000400 ) ) ;
#1704 = CARTESIAN_POINT ( 'NONE',  ( 0.4606882889335261500, -0.5184277840335637100, 0.5400000000000000400 ) ) ;
#1705 = ORIENTED_EDGE ( 'NONE', *, *, #7630, .F. ) ;
#1706 = ORIENTED_EDGE ( 'NONE', *, *, #8712, .T. ) ;
#1707 = VECTOR ( 'NONE', #7321, 1000.000000000000200 ) ;
#1708 = FACE_OUTER_BOUND ( 'NONE', #8152, .T. ) ;
#1709 = CARTESIAN_POINT ( 'NONE',  ( 0.6828510705337107500, -0.5251123631161613800, 0.5400000000000000400 ) ) ;
#1710 = ADVANCED_FACE ( 'NONE', ( #4398 ), #6795, .T. ) ;
#1711 = EDGE_CURVE ( 'NONE', #4713, #1221, #288, .T. ) ;
#1712 = CARTESIAN_POINT ( 'NONE',  ( 0.1136754108275356600, -0.4949482581171652500, 0.5400000000000000400 ) ) ;
#1713 = ORIENTED_EDGE ( 'NONE', *, *, #8082, .T. ) ;
#1714 = B_SPLINE_CURVE_WITH_KNOTS ( 'NONE', 3,
 ( #8758, #9507, #6543, #1983 ),
 .UNSPECIFIED., .F., .F.,
 ( 4, 4 ),
 ( 3.000000000000000000, 4.000000000000000000 ),
 .UNSPECIFIED. ) ;
#1715 = CARTESIAN_POINT ( 'NONE',  ( 0.5348552854233678000, -0.5032681136134282700, 0.5400000000000000400 ) ) ;
#1716 = LINE ( 'NONE', #2216, #7506 ) ;
#1717 = EDGE_LOOP ( 'NONE', ( #6276, #1738, #8115, #4789 ) ) ;
#1718 = CARTESIAN_POINT ( 'NONE',  ( 0.6149309723531775100, -0.4562373250666672000, 0.5400000000000000400 ) ) ;
#1719 = DIRECTION ( 'NONE',  ( 1.000000000000000000, -0.0000000000000000000, -0.0000000000000000000 ) ) ;
#1720 = CARTESIAN_POINT ( 'NONE',  ( 0.2708257603980817100, -0.3754254613460054100, 0.5400000000000000400 ) ) ;
#1721 = CARTESIAN_POINT ( 'NONE',  ( 0.3256070286187669500, -0.4672809234297993200, 0.5400000000000000400 ) ) ;
#1722 = EDGE_CURVE ( 'NONE', #6739, #5203, #3712, .T. ) ;
#1723 = SURFACE_SIDE_STYLE ('',( #5162 ) ) ;
#1724 = EDGE_CURVE ( 'NONE', #5637, #8563, #9273, .T. ) ;
#1725 = ADVANCED_FACE ( 'NONE', ( #9475 ), #6771, .T. ) ;
#1726 = DIRECTION ( 'NONE',  ( -0.0000000000000000000, 1.000000000000000000, -0.0000000000000000000 ) ) ;
#1727 = DIRECTION ( 'NONE',  ( 0.0000000000000000000, 1.000000000000000000, -0.0000000000000000000 ) ) ;
#1728 = ORIENTED_EDGE ( 'NONE', *, *, #7132, .T. ) ;
#1729 = ORIENTED_EDGE ( 'NONE', *, *, #3316, .F. ) ;
#1730 = AXIS2_PLACEMENT_3D ( 'NONE', #6963, #7735, #3210 ) ;
#1731 = CARTESIAN_POINT ( 'NONE',  ( 0.5201134011962291700, -0.4935993474405162000, 0.5400000000000000400 ) ) ;
#1732 = CARTESIAN_POINT ( 'NONE',  ( 0.08213467968051899000, -0.3394579536937830700, 0.5400000000000000400 ) ) ;
#1733 = EDGE_CURVE ( 'NONE', #1976, #6278, #1013, .T. ) ;
#1734 = CARTESIAN_POINT ( 'NONE',  ( 0.09928841621003974000, -0.3245176027785717200, 0.5400000000000000400 ) ) ;
#1735 = VECTOR ( 'NONE', #2407, 1000.000000000000000 ) ;
#1736 = ORIENTED_EDGE ( 'NONE', *, *, #7163, .T. ) ;
#1737 = VECTOR ( 'NONE', #1744, 1000.000000000000000 ) ;
#1738 = ORIENTED_EDGE ( 'NONE', *, *, #6104, .F. ) ;
#1739 = DIRECTION ( 'NONE',  ( 0.0000000000000000000, 0.0000000000000000000, -1.000000000000000000 ) ) ;
#1740 = CARTESIAN_POINT ( 'NONE',  ( 0.06221422234719555700, -0.3477581477676581200, 0.5300000000000000300 ) ) ;
#1741 = ORIENTED_EDGE ( 'NONE', *, *, #8079, .T. ) ;
#1742 = CARTESIAN_POINT ( 'NONE',  ( 0.7625288658502892300, -0.4626831691822945700, 0.5400000000000000400 ) ) ;
#1743 = PRESENTATION_LAYER_ASSIGNMENT (  '', '', ( #1248 ) ) ;
#1744 = DIRECTION ( 'NONE',  ( -0.0000000000000000000, -0.0000000000000000000, 1.000000000000000000 ) ) ;
#1745 = UNCERTAINTY_MEASURE_WITH_UNIT (LENGTH_MEASURE( 1.000000000000000100E-005 ), #1566, 'distance_accuracy_value', 'NONE');
#1746 = FACE_OUTER_BOUND ( 'NONE', #5691, .T. ) ;
#1747 =( GEOMETRIC_REPRESENTATION_CONTEXT ( 3 ) GLOBAL_UNCERTAINTY_ASSIGNED_CONTEXT ( ( #2491 ) ) GLOBAL_UNIT_ASSIGNED_CONTEXT ( ( #8630, #4111, #6794 ) ) REPRESENTATION_CONTEXT ( 'NONE', 'WORKASPACE' ) );
#1748 = ADVANCED_FACE ( 'NONE', ( #4763 ), #669, .F. ) ;
#1749 = DIRECTION ( 'NONE',  ( -0.0000000000000000000, -0.0000000000000000000, -1.000000000000000000 ) ) ;
#1750 = B_SPLINE_CURVE_WITH_KNOTS ( 'NONE', 3,
 ( #2798, #3580, #9586, #1292 ),
 .UNSPECIFIED., .F., .F.,
 ( 4, 4 ),
 ( 1.000000000000000000, 2.000000000000000000 ),
 .UNSPECIFIED. ) ;
#1751 = LINE ( 'NONE', #349, #5531 ) ;
#1752 = VECTOR ( 'NONE', #1811, 1000.000000000000000 ) ;
#1753 = EDGE_LOOP ( 'NONE', ( #8399, #1852, #6178, #6687 ) ) ;
#1754 = CARTESIAN_POINT ( 'NONE',  ( 0.5639809514271858500, -0.4016465958906835200, 0.5400000000000000400 ) ) ;
#1755 = CARTESIAN_POINT ( 'NONE',  ( 0.7250000000000002000, 5.421010862427522200E-017, 0.0000000000000000000 ) ) ;
#1756 = ORIENTED_EDGE ( 'NONE', *, *, #3445, .F. ) ;
#1757 = EDGE_CURVE ( 'NONE', #3046, #6537, #2749, .T. ) ;
#1758 = DIRECTION ( 'NONE',  ( -0.0000000000000000000, -0.0000000000000000000, -1.000000000000000000 ) ) ;
#1759 = LINE ( 'NONE', #2751, #5761 ) ;
#1760 = VERTEX_POINT ( 'NONE', #4975 ) ;
#1761 = CARTESIAN_POINT ( 'NONE',  ( 0.2265580375637614200, -0.4916281678223113900, 0.5400000000000000400 ) ) ;
#1762 = CARTESIAN_POINT ( 'NONE',  ( 0.4272256043582997600, -0.4811453399825681400, 0.5400000000000000400 ) ) ;
#1763 = ORIENTED_EDGE ( 'NONE', *, *, #8154, .T. ) ;
#1764 = LINE ( 'NONE', #4008, #5309 ) ;
#1765 = ORIENTED_EDGE ( 'NONE', *, *, #6909, .F. ) ;
#1766 = LINE ( 'NONE', #4706, #9547 ) ;
#1767 = EDGE_CURVE ( 'NONE', #9504, #4109, #778, .T. ) ;
#1768 = CARTESIAN_POINT ( 'NONE',  ( 0.4504226853421224300, -0.5121013074014185700, 0.5300000000000000300 ) ) ;
#1769 = EDGE_CURVE ( 'NONE', #3783, #5895, #8543, .T. ) ;
#1770 = PRESENTATION_STYLE_ASSIGNMENT (( #575 ) ) ;
#1771 = DIRECTION ( 'NONE',  ( -0.9676172723861714600, -0.2524218971879139700, 0.0000000000000000000 ) ) ;
#1772 = DIRECTION ( 'NONE',  ( 0.0000000000000000000, 0.0000000000000000000, -1.000000000000000000 ) ) ;
#1773 = ORIENTED_EDGE ( 'NONE', *, *, #152, .T. ) ;
#1774 = CARTESIAN_POINT ( 'NONE',  ( 0.4918432021587133000, -0.3984236738328714200, 0.5300000000000000300 ) ) ;
#1775 = CARTESIAN_POINT ( 'NONE',  ( 0.7113997936990905700, -0.4684525975576457300, 0.5300000000000000300 ) ) ;
#1776 = CYLINDRICAL_SURFACE ( 'NONE', #1687, 0.1250000000000000000 ) ;
#1777 = ORIENTED_EDGE ( 'NONE', *, *, #1895, .T. ) ;
#1778 = VERTEX_POINT ( 'NONE', #8318 ) ;
#1779 = ORIENTED_EDGE ( 'NONE', *, *, #7532, .T. ) ;
#1780 = ORIENTED_EDGE ( 'NONE', *, *, #3963, .F. ) ;
#1781 = CARTESIAN_POINT ( 'NONE',  ( 0.4984084137578308500, -0.5231626942171130300, 0.5400000000000000400 ) ) ;
#1782 = VERTEX_POINT ( 'NONE', #5040 ) ;
#1783 = ORIENTED_EDGE ( 'NONE', *, *, #196, .F. ) ;
#1784 =( NAMED_UNIT ( * ) PLANE_ANGLE_UNIT ( ) SI_UNIT ( $, .RADIAN. ) );
#1785 = VECTOR ( 'NONE', #6567, 1000.000000000000000 ) ;
#1786 = ORIENTED_EDGE ( 'NONE', *, *, #8411, .F. ) ;
#1787 = EDGE_LOOP ( 'NONE', ( #1207, #7933, #9652, #2677 ) ) ;
#1788 = EDGE_LOOP ( 'NONE', ( #1148, #1879, #3350, #3434 ) ) ;
#1789 = CARTESIAN_POINT ( 'NONE',  ( 0.2741458295839214700, -0.5237222473521536700, 0.5300000000000000300 ) ) ;
#1790 = LINE ( 'NONE', #4377, #5570 ) ;
#1791 = ORIENTED_EDGE ( 'NONE', *, *, #8082, .F. ) ;
#1792 = B_SPLINE_CURVE_WITH_KNOTS ( 'NONE', 3,
 ( #6434, #5663, #662, #4392 ),
 .UNSPECIFIED., .F., .F.,
 ( 4, 4 ),
 ( 23.00000000000000000, 24.00000000000000000 ),
 .UNSPECIFIED. ) ;
#1793 = EDGE_CURVE ( 'NONE', #4717, #3369, #6538, .T. ) ;
#1794 = DIRECTION ( 'NONE',  ( 0.0000000000000000000, 0.0000000000000000000, -1.000000000000000000 ) ) ;
#1795 = VECTOR ( 'NONE', #3307, 1000.000000000000000 ) ;
#1796 = ADVANCED_FACE ( 'NONE', ( #540 ), #5894, .F. ) ;
#1797 = VERTEX_POINT ( 'NONE', #8954 ) ;
#1798 = ORIENTED_EDGE ( 'NONE', *, *, #6736, .T. ) ;
#1799 = ORIENTED_EDGE ( 'NONE', *, *, #7680, .T. ) ;
#1800 = VERTEX_POINT ( 'NONE', #7923 ) ;
#1801 = EDGE_CURVE ( 'NONE', #2918, #6299, #8521, .T. ) ;
#1802 = CARTESIAN_POINT ( 'NONE',  ( 0.6048842091481467800, -0.5251123631161622700, 0.5400000000000000400 ) ) ;
#1803 = EDGE_LOOP ( 'NONE', ( #8895, #8683, #8638, #6513 ) ) ;
#1804 = DIRECTION ( 'NONE',  ( 0.0000000000000000000, -1.000000000000000000, 0.0000000000000000000 ) ) ;
#1805 = EDGE_LOOP ( 'NONE', ( #8482, #2230, #1231, #385 ) ) ;
#1806 = FACE_OUTER_BOUND ( 'NONE', #2416, .T. ) ;
#1807 = CARTESIAN_POINT ( 'NONE',  ( 0.5639809514271839600, -0.3238189965697173000, 0.5400000000000000400 ) ) ;
#1808 = CARTESIAN_POINT ( 'NONE',  ( 0.4589773550014471500, -0.4920873593142480700, 0.5400000000000000400 ) ) ;
#1809 = CARTESIAN_POINT ( 'NONE',  ( 0.5475082386873916200, -0.3238189965697173000, 0.5400000000000000400 ) ) ;
#1810 = UNCERTAINTY_MEASURE_WITH_UNIT (LENGTH_MEASURE( 1.000000000000000100E-005 ), #8316, 'distance_accuracy_value', 'NONE');
#1811 = DIRECTION ( 'NONE',  ( -0.0000000000000000000, -1.000000000000000000, -0.0000000000000000000 ) ) ;
#1812 = B_SPLINE_CURVE_WITH_KNOTS ( 'NONE', 3,
 ( #5254, #7920, #6532, #2723 ),
 .UNSPECIFIED., .F., .F.,
 ( 4, 4 ),
 ( 11.00000000000000000, 12.00000000000000000 ),
 .UNSPECIFIED. ) ;
#1813 = MECHANICAL_DESIGN_GEOMETRIC_PRESENTATION_REPRESENTATION (  '', ( #9076 ), #2321 ) ;
#1814 = ORIENTED_EDGE ( 'NONE', *, *, #3890, .F. ) ;
#1815 = AXIS2_PLACEMENT_3D ( 'NONE', #1447, #7485, #2959 ) ;
#1816 = FACE_OUTER_BOUND ( 'NONE', #743, .T. ) ;
#1817 = PRESENTATION_STYLE_ASSIGNMENT (( #8927 ) ) ;
#1818 = PLANE ( 'NONE',  #9262 ) ;
#1819 = CARTESIAN_POINT ( 'NONE',  ( 0.5492788563609450900, -0.4016465958906835200, 0.5400000000000000400 ) ) ;
#1820 = ORIENTED_EDGE ( 'NONE', *, *, #7790, .T. ) ;
#1821 = VECTOR ( 'NONE', #2972, 1000.000000000000000 ) ;
#1822 = EDGE_CURVE ( 'NONE', #6017, #4396, #2273, .T. ) ;
#1823 = CARTESIAN_POINT ( 'NONE',  ( 0.1933572823775382400, -0.3029370976592576900, 0.5300000000000000300 ) ) ;
#1824 = CARTESIAN_POINT ( 'NONE',  ( 0.2060842424023816300, -0.5170820878714630400, 0.5400000000000000400 ) ) ;
#1825 = EDGE_CURVE ( 'NONE', #9492, #3220, #326, .T. ) ;
#1826 = CARTESIAN_POINT ( 'NONE',  ( 0.7652544233930525000, -0.4626831691822945700, 0.5400000000000000400 ) ) ;
#1827 = CARTESIAN_POINT ( 'NONE',  ( 0.7250000000000002000, -0.3999999999999999700, -0.02000000000000000000 ) ) ;
#1828 = CARTESIAN_POINT ( 'NONE',  ( 0.5492788563609450900, -0.3927736129415362900, 0.5300000000000000300 ) ) ;
#1829 = CARTESIAN_POINT ( 'NONE',  ( 0.4984680974995734900, -0.4879492865491825100, 0.5400000000000000400 ) ) ;
#1830 = ORIENTED_EDGE ( 'NONE', *, *, #9471, .F. ) ;
#1831 = ORIENTED_EDGE ( 'NONE', *, *, #534, .F. ) ;
#1832 = ADVANCED_FACE ( 'NONE', ( #6063 ), #9560, .T. ) ;
#1833 = EDGE_CURVE ( 'NONE', #2953, #829, #3363, .T. ) ;
#1834 = EDGE_CURVE ( 'NONE', #5865, #5344, #9360, .T. ) ;
#1835 = CARTESIAN_POINT ( 'NONE',  ( 0.5493186455223715300, -0.5512936311908295300, 0.5400000000000000400 ) ) ;
#1836 = ORIENTED_EDGE ( 'NONE', *, *, #6962, .F. ) ;
#1837 = CARTESIAN_POINT ( 'NONE',  ( 0.7250000000000002000, -0.3999999999999999700, -0.02000000000000000000 ) ) ;
#1838 = ORIENTED_EDGE ( 'NONE', *, *, #3384, .T. ) ;
#1839 = LINE ( 'NONE', #9261, #5626 ) ;
#1840 = CARTESIAN_POINT ( 'NONE',  ( 0.2912995555594620800, -0.4711543621069549900, 0.5400000000000000400 ) ) ;
#1841 = ORIENTED_EDGE ( 'NONE', *, *, #1652, .F. ) ;
#1842 = B_SPLINE_CURVE_WITH_KNOTS ( 'NONE', 3,
 ( #203, #4656, #918, #7335 ),
 .UNSPECIFIED., .F., .F.,
 ( 4, 4 ),
 ( 4.000000000000000000, 5.000000000000000000 ),
 .UNSPECIFIED. ) ;
#1843 = ORIENTED_EDGE ( 'NONE', *, *, #256, .T. ) ;
#1844 =( LENGTH_UNIT ( ) NAMED_UNIT ( * ) SI_UNIT ( .MILLI., .METRE. ) );
#1845 = DIRECTION ( 'NONE',  ( -0.0000000000000000000, -0.0000000000000000000, -1.000000000000000000 ) ) ;
#1846 = EDGE_CURVE ( 'NONE', #8390, #6452, #5347, .T. ) ;
#1847 = CARTESIAN_POINT ( 'NONE',  ( 0.4547398093329471600, -0.5007216072964277800, 0.5300000000000000300 ) ) ;
#1848 = LINE ( 'NONE', #3007, #156 ) ;
#1849 = PRESENTATION_LAYER_ASSIGNMENT (  '', '', ( #884 ) ) ;
#1850 = EDGE_CURVE ( 'NONE', #2518, #5155, #1340, .T. ) ;
#1851 = VECTOR ( 'NONE', #5823, 1000.000000000000000 ) ;
#1852 = ORIENTED_EDGE ( 'NONE', *, *, #2881, .F. ) ;
#1853 = ORIENTED_EDGE ( 'NONE', *, *, #226, .T. ) ;
#1854 = UNCERTAINTY_MEASURE_WITH_UNIT (LENGTH_MEASURE( 1.000000000000000100E-005 ), #600, 'distance_accuracy_value', 'NONE');
#1855 = CARTESIAN_POINT ( 'NONE',  ( 0.5012334442034981400, -0.4933208233118561700, 0.5400000000000000400 ) ) ;
#1856 = CARTESIAN_POINT ( 'NONE',  ( 0.09264826728385712500, -0.4506805247283358100, 0.5400000000000000400 ) ) ;
#1857 = VECTOR ( 'NONE', #3070, 1000.000000000000000 ) ;
#1858 = CARTESIAN_POINT ( 'NONE',  ( 0.2132777397108629700, -0.5248289441172838700, 0.5300000000000000300 ) ) ;
#1859 = CARTESIAN_POINT ( 'NONE',  ( 0.5234357961569492400, -0.5056554632863186100, 0.5400000000000000400 ) ) ;
#1860 = AXIS2_PLACEMENT_3D ( 'NONE', #6067, #1554, #6823 ) ;
#1861 = VERTEX_POINT ( 'NONE', #5383 ) ;
#1862 = CARTESIAN_POINT ( 'NONE',  ( 0.5853875201566092200, -0.4016465958906835200, 0.5400000000000000400 ) ) ;
#1863 = VERTEX_POINT ( 'NONE', #2657 ) ;
#1864 = EDGE_LOOP ( 'NONE', ( #4747, #3786, #6170, #4992 ) ) ;
#1865 = AXIS2_PLACEMENT_3D ( 'NONE', #3656, #574, #7410 ) ;
#1866 = CARTESIAN_POINT ( 'NONE',  ( 0.2409450532897411100, -0.3317111053644402100, 0.5400000000000000400 ) ) ;
#1867 = LINE ( 'NONE', #6127, #3657 ) ;
#1868 = B_SPLINE_CURVE_WITH_KNOTS ( 'NONE', 3,
 ( #7097, #1768, #7350, #7449 ),
 .UNSPECIFIED., .F., .F.,
 ( 4, 4 ),
 ( 2.000000000000000000, 3.000000000000000000 ),
 .UNSPECIFIED. ) ;
#1869 = ORIENTED_EDGE ( 'NONE', *, *, #6075, .F. ) ;
#1870 = EDGE_LOOP ( 'NONE', ( #4150, #331, #1389, #9663 ) ) ;
#1871 = FACE_OUTER_BOUND ( 'NONE', #3558, .T. ) ;
#1872 = VERTEX_POINT ( 'NONE', #5685 ) ;
#1873 = CARTESIAN_POINT ( 'NONE',  ( 0.4335719755707609400, -0.3758632194286974900, 0.5400000000000000400 ) ) ;
#1874 = SURFACE_SIDE_STYLE ('',( #1371 ) ) ;
#1875 = EDGE_CURVE ( 'NONE', #2353, #8307, #2457, .T. ) ;
#1876 = DIRECTION ( 'NONE',  ( -1.000000000000000000, 0.0000000000000000000, -0.0000000000000000000 ) ) ;
#1877 = VECTOR ( 'NONE', #9327, 1000.000000000000000 ) ;
#1878 = DIRECTION ( 'NONE',  ( 0.3315284183504291200, 0.9434452330824841800, -0.0000000000000000000 ) ) ;
#1879 = ORIENTED_EDGE ( 'NONE', *, *, #6328, .F. ) ;
#1880 = CARTESIAN_POINT ( 'NONE',  ( 0.2409450532897411100, -0.3317111053644402100, 0.5300000000000000300 ) ) ;
#1881 = ORIENTED_EDGE ( 'NONE', *, *, #8549, .T. ) ;
#1882 = ORIENTED_EDGE ( 'NONE', *, *, #3873, .F. ) ;
#1883 = ORIENTED_EDGE ( 'NONE', *, *, #7373, .F. ) ;
#1884 = ADVANCED_FACE ( 'NONE', ( #8859 ), #6701, .F. ) ;
#1885 = ORIENTED_EDGE ( 'NONE', *, *, #1257, .F. ) ;
#1886 = CARTESIAN_POINT ( 'NONE',  ( 0.4789316193468715100, -0.4029596382106130400, 0.5300000000000000300 ) ) ;
#1887 = CARTESIAN_POINT ( 'NONE',  ( 0.5861833033809015200, -0.3238189965697173000, 0.5300000000000000300 ) ) ;
#1888 = LINE ( 'NONE', #4180, #9669 ) ;
#1889 = B_SPLINE_CURVE_WITH_KNOTS ( 'NONE', 3,
 ( #7767, #6229, #274, #5507 ),
 .UNSPECIFIED., .F., .F.,
 ( 4, 4 ),
 ( 9.000000000000000000, 10.00000000000000000 ),
 .UNSPECIFIED. ) ;
#1890 = ORIENTED_EDGE ( 'NONE', *, *, #9487, .F. ) ;
#1891 = FACE_OUTER_BOUND ( 'NONE', #7655, .T. ) ;
#1892 = EDGE_CURVE ( 'NONE', #4283, #6702, #6244, .T. ) ;
#1893 = ORIENTED_EDGE ( 'NONE', *, *, #8546, .T. ) ;
#1894 = CARTESIAN_POINT ( 'NONE',  ( 0.7130709384700055800, -0.4575901565477583600, 0.5400000000000000400 ) ) ;
#1895 = EDGE_CURVE ( 'NONE', #8000, #2379, #7017, .T. ) ;
#1896 = CARTESIAN_POINT ( 'NONE',  ( -0.5999999999999999800, -0.3999999999999999700, -0.02000000000000000000 ) ) ;
#1897 = CARTESIAN_POINT ( 'NONE',  ( 0.04063371986671028600, -0.4872013807628577900, 0.5400000000000000400 ) ) ;
#1898 = CARTESIAN_POINT ( 'NONE',  ( 0.1042685199890618200, -0.5287023933481510600, 0.5400000000000000400 ) ) ;
#1899 = CARTESIAN_POINT ( 'NONE',  ( 0.4984084137578308500, -0.5231626942171130300, 0.5400000000000000400 ) ) ;
#1900 = VECTOR ( 'NONE', #7139, 1000.000000000000000 ) ;
#1901 = CARTESIAN_POINT ( 'NONE',  ( 0.1413427349606562700, -0.3029370976592604100, 0.5300000000000000300 ) ) ;
#1902 = CIRCLE ( 'NONE', #8788, 0.1249999999999999700 ) ;
#1903 = CARTESIAN_POINT ( 'NONE',  ( 0.09264825672961345100, -0.5619031274256207600, 0.5300000000000000300 ) ) ;
#1904 = ORIENTED_EDGE ( 'NONE', *, *, #8314, .F. ) ;
#1905 = ORIENTED_EDGE ( 'NONE', *, *, #5510, .T. ) ;
#1906 = ORIENTED_EDGE ( 'NONE', *, *, #5248, .T. ) ;
#1907 = LINE ( 'NONE', #4346, #7730 ) ;
#1908 = CARTESIAN_POINT ( 'NONE',  ( 0.09209491890129167800, -0.3892590864732475800, 0.5300000000000000300 ) ) ;
#1909 = DIRECTION ( 'NONE',  ( -0.0000000000000000000, -0.0000000000000000000, 1.000000000000000000 ) ) ;
#1910 = CARTESIAN_POINT ( 'NONE',  ( 0.4530089808205556800, -0.5023927520673400200, 0.5300000000000000300 ) ) ;
#1911 = CARTESIAN_POINT ( 'NONE',  ( 0.6167811683492980800, -0.3717251466630996900, 0.5300000000000000300 ) ) ;
#1912 = DIRECTION ( 'NONE',  ( 0.0000000000000000000, -1.000000000000000000, 0.0000000000000000000 ) ) ;
#1913 = ORIENTED_EDGE ( 'NONE', *, *, #9012, .T. ) ;
#1914 = EDGE_CURVE ( 'NONE', #5948, #1391, #3132, .T. ) ;
#1915 = CARTESIAN_POINT ( 'NONE',  ( 0.06276757072949418200, -0.3809588923993698100, 0.5300000000000000300 ) ) ;
#1916 = CARTESIAN_POINT ( 'NONE',  ( 0.1136754108275356600, -0.5071218803134245300, 0.5300000000000000300 ) ) ;
#1917 = LINE ( 'NONE', #9711, #2155 ) ;
#1918 = AXIS2_PLACEMENT_3D ( 'NONE', #2725, #483, #4958 ) ;
#1919 = ORIENTED_EDGE ( 'NONE', *, *, #133, .T. ) ;
#1920 = PRESENTATION_STYLE_ASSIGNMENT (( #4027 ) ) ;
#1921 = AXIS2_PLACEMENT_3D ( 'NONE', #6401, #4117, #8632 ) ;
#1922 = CARTESIAN_POINT ( 'NONE',  ( 0.5842734236430170400, -0.4695269049100721000, 0.5300000000000000300 ) ) ;
#1923 = CARTESIAN_POINT ( 'NONE',  ( 0.07328114777885405600, -0.3809588923993698100, 0.5400000000000000400 ) ) ;
#1924 = CARTESIAN_POINT ( 'NONE',  ( 0.04063371986671028600, -0.4872013807628577900, 0.5400000000000000400 ) ) ;
#1925 = CARTESIAN_POINT ( 'NONE',  ( 0.6149309723531720700, -0.5162393801670115400, 0.5300000000000000300 ) ) ;
#1926 = EDGE_LOOP ( 'NONE', ( #6451, #8376 ) ) ;
#1927 = DIRECTION ( 'NONE',  ( -1.000000000000000000, 0.0000000000000000000, 0.0000000000000000000 ) ) ;
#1928 = ADVANCED_FACE ( 'NONE', ( #7131 ), #3592, .F. ) ;
#1929 = DIRECTION ( 'NONE',  ( -1.000000000000000000, 0.0000000000000000000, -0.0000000000000000000 ) ) ;
#1930 = EDGE_CURVE ( 'NONE', #8714, #263, #890, .T. ) ;
#1931 = SURFACE_STYLE_USAGE ( .BOTH. , #8693 ) ;
#1932 = DIRECTION ( 'NONE',  ( -0.0000000000000000000, -0.0000000000000000000, -1.000000000000000000 ) ) ;
#1933 = PLANE ( 'NONE',  #6556 ) ;
#1934 = CARTESIAN_POINT ( 'NONE',  ( 0.7248087410265148200, -0.4972599502716399400, 0.5400000000000000400 ) ) ;
#1935 = CARTESIAN_POINT ( 'NONE',  ( 0.2060842424023816300, -0.5170820878714630400, 0.5300000000000000300 ) ) ;
#1936 = EDGE_LOOP ( 'NONE', ( #2698, #1345, #2272, #3115 ) ) ;
#1937 = EDGE_CURVE ( 'NONE', #610, #9162, #5669, .T. ) ;
#1938 = CARTESIAN_POINT ( 'NONE',  ( 0.07494118237177233000, -0.3488648392551344000, 0.5400000000000000400 ) ) ;
#1939 = SURFACE_STYLE_FILL_AREA ( #3083 ) ;
#1940 = EDGE_CURVE ( 'NONE', #8957, #4109, #4723, .T. ) ;
#1941 = B_SPLINE_CURVE_WITH_KNOTS ( 'NONE', 3,
 ( #652, #1952, #5164, #677 ),
 .UNSPECIFIED., .F., .F.,
 ( 4, 4 ),
 ( 34.00000000000000000, 35.00000000000000000 ),
 .UNSPECIFIED. ) ;
#1942 = ORIENTED_EDGE ( 'NONE', *, *, #8570, .T. ) ;
#1943 = ORIENTED_EDGE ( 'NONE', *, *, #6939, .T. ) ;
#1944 = DIRECTION ( 'NONE',  ( -0.0000000000000000000, -0.0000000000000000000, -1.000000000000000000 ) ) ;
#1945 = CARTESIAN_POINT ( 'NONE',  ( 0.5359494873566411600, -0.5099924818577248300, 0.5300000000000000300 ) ) ;
#1946 = CARTESIAN_POINT ( 'NONE',  ( 0.007432943572267011600, -0.4362935195565979500, 0.5300000000000000300 ) ) ;
#1947 = CARTESIAN_POINT ( 'NONE',  ( 0.4453097781270029000, -0.5220485977035250700, 0.5300000000000000300 ) ) ;
#1948 = CARTESIAN_POINT ( 'NONE',  ( 0.4606882889335261500, -0.5184277840335637100, 0.5400000000000000400 ) ) ;
#1949 = VECTOR ( 'NONE', #5934, 1000.000000000000000 ) ;
#1950 =( GEOMETRIC_REPRESENTATION_CONTEXT ( 3 ) GLOBAL_UNCERTAINTY_ASSIGNED_CONTEXT ( ( #4408 ) ) GLOBAL_UNIT_ASSIGNED_CONTEXT ( ( #2492, #7778, #3267 ) ) REPRESENTATION_CONTEXT ( 'NONE', 'WORKASPACE' ) );
#1951 = CARTESIAN_POINT ( 'NONE',  ( -0.8999999999999999100, 0.6500000000000000200, 0.5300000000000000300 ) ) ;
#1952 = CARTESIAN_POINT ( 'NONE',  ( 0.3184135313100210400, -0.4860947051067469000, 0.5300000000000000300 ) ) ;
#1953 = FACE_OUTER_BOUND ( 'NONE', #5877, .T. ) ;
#1954 = VERTEX_POINT ( 'NONE', #8861 ) ;
#1955 = ADVANCED_FACE ( 'NONE', ( #6640 ), #3943, .T. ) ;
#1956 = EDGE_CURVE ( 'NONE', #6359, #9115, #218, .T. ) ;
#1957 = EDGE_LOOP ( 'NONE', ( #6522, #1018, #6504, #7811, #8252, #9347, #5656, #2289, #5690, #4618, #4805, #7064, #7659, #975, #5023, #3443, #4272, #243, #1375, #6535, #9633 ) ) ;
#1958 = VERTEX_POINT ( 'NONE', #7907 ) ;
#1959 = CARTESIAN_POINT ( 'NONE',  ( 0.04838056555802260800, -0.4661742161104302500, 0.5300000000000000300 ) ) ;
#1960 = CARTESIAN_POINT ( 'NONE',  ( 0.9000000000000001300, -0.6500000000000000200, 0.0000000000000000000 ) ) ;
#1961 = VECTOR ( 'NONE', #2110, 1000.000000000000000 ) ;
#1962 = CARTESIAN_POINT ( 'NONE',  ( 0.7059287840335156700, -0.5081223912809971200, 0.5300000000000000300 ) ) ;
#1963 = CARTESIAN_POINT ( 'NONE',  ( 0.5475082386873916200, -0.3238189965697173000, 0.5400000000000000400 ) ) ;
#1964 = LINE ( 'NONE', #5521, #42 ) ;
#1965 = LINE ( 'NONE', #4064, #6246 ) ;
#1966 = CARTESIAN_POINT ( 'NONE',  ( 0.7652544233930525000, -0.4626831691822945700, 0.5400000000000000400 ) ) ;
#1967 = ORIENTED_EDGE ( 'NONE', *, *, #9659, .T. ) ;
#1968 = ORIENTED_EDGE ( 'NONE', *, *, #2900, .F. ) ;
#1969 = DIRECTION ( 'NONE',  ( -1.000000000000000000, -0.0000000000000000000, -0.0000000000000000000 ) ) ;
#1970 = AXIS2_PLACEMENT_3D ( 'NONE', #6675, #2148, #7445 ) ;
#1971 = SURFACE_STYLE_FILL_AREA ( #184 ) ;
#1972 = EDGE_CURVE ( 'NONE', #8470, #6160, #953, .T. ) ;
#1973 = VERTEX_POINT ( 'NONE', #5166 ) ;
#1974 = LINE ( 'NONE', #9101, #3318 ) ;
#1975 = VECTOR ( 'NONE', #4188, 1000.000000000000000 ) ;
#1976 = VERTEX_POINT ( 'NONE', #7397 ) ;
#1977 = CARTESIAN_POINT ( 'NONE',  ( 0.5259425133130581900, -0.5159608560388804200, 0.5300000000000000300 ) ) ;
#1978 = CARTESIAN_POINT ( 'NONE',  ( 0.2912995555594620800, -0.4711543621069549900, 0.5400000000000000400 ) ) ;
#1979 = CARTESIAN_POINT ( 'NONE',  ( 0.5012334442034981400, -0.4933208233118561700, 0.5400000000000000400 ) ) ;
#1980 = CARTESIAN_POINT ( 'NONE',  ( 0.6048842091481467800, -0.5251123631161622700, 0.5400000000000000400 ) ) ;
#1981 = ORIENTED_EDGE ( 'NONE', *, *, #891, .F. ) ;
#1982 = DIRECTION ( 'NONE',  ( -0.0000000000000000000, -0.0000000000000000000, -1.000000000000000000 ) ) ;
#1983 = CARTESIAN_POINT ( 'NONE',  ( 0.4606882889335261500, -0.5184277840335637100, 0.5300000000000000300 ) ) ;
#1984 = LINE ( 'NONE', #3202, #63 ) ;
#1985 = VECTOR ( 'NONE', #7513, 999.9999999999998900 ) ;
#1986 = EDGE_LOOP ( 'NONE', ( #2568, #2954, #9676, #9218 ) ) ;
#1987 = STYLED_ITEM ( 'NONE', ( #3053 ), #5258 ) ;
#1988 = ORIENTED_EDGE ( 'NONE', *, *, #1825, .F. ) ;
#1989 = CARTESIAN_POINT ( 'NONE',  ( 0.1479828838871060400, -0.5010350375522992800, 0.5400000000000000400 ) ) ;
#1990 = LINE ( 'NONE', #1352, #6034 ) ;
#1991 = ORIENTED_EDGE ( 'NONE', *, *, #2796, .T. ) ;
#1992 = DIRECTION ( 'NONE',  ( 0.0000000000000000000, 0.0000000000000000000, -1.000000000000000000 ) ) ;
#1993 = DIRECTION ( 'NONE',  ( 0.0000000000000000000, -1.000000000000000000, 0.0000000000000000000 ) ) ;
#1994 = DIRECTION ( 'NONE',  ( 0.9345104387417450000, -0.3559357243698801900, 0.0000000000000000000 ) ) ;
#1995 = DIRECTION ( 'NONE',  ( 1.000000000000000000, -0.0000000000000000000, -0.0000000000000000000 ) ) ;
#1996 = EDGE_LOOP ( 'NONE', ( #4088, #9312, #6305, #251 ) ) ;
#1997 = VERTEX_POINT ( 'NONE', #660 ) ;
#1998 = CARTESIAN_POINT ( 'NONE',  ( 0.4523126704994259200, -0.3263257137255618500, 0.5400000000000000400 ) ) ;
#1999 = EDGE_CURVE ( 'NONE', #324, #9186, #1907, .T. ) ;
#2000 = CARTESIAN_POINT ( 'NONE',  ( 0.5485626514592382200, -0.5429379073373147300, 0.5400000000000000400 ) ) ;
#2001 = ORIENTED_EDGE ( 'NONE', *, *, #1930, .F. ) ;
#2002 = CARTESIAN_POINT ( 'NONE',  ( 0.3993930860938300600, -0.3927736129415362900, 0.5300000000000000300 ) ) ;
#2003 = AXIS2_PLACEMENT_3D ( 'NONE', #471, #5714, #1211 ) ;
#2004 = LINE ( 'NONE', #2349, #6048 ) ;
#2005 = CARTESIAN_POINT ( 'NONE',  ( 0.2437117846475233600, -0.4053061579003669500, 0.5300000000000000300 ) ) ;
#2006 = VERTEX_POINT ( 'NONE', #3972 ) ;
#2007 = ORIENTED_EDGE ( 'NONE', *, *, #3502, .F. ) ;
#2008 = LINE ( 'NONE', #2352, #2261 ) ;
#2009 = ADVANCED_FACE ( 'NONE', ( #5692 ), #9245, .T. ) ;
#2010 = B_SPLINE_CURVE_WITH_KNOTS ( 'NONE', 3,
 ( #828, #6082, #6842, #2307 ),
 .UNSPECIFIED., .F., .F.,
 ( 4, 4 ),
 ( 5.000000000000000000, 6.000000000000000000 ),
 .UNSPECIFIED. ) ;
#2011 = EDGE_CURVE ( 'NONE', #8679, #2397, #4969, .T. ) ;
#2012 = VERTEX_POINT ( 'NONE', #5241 ) ;
#2013 = EDGE_CURVE ( 'NONE', #1059, #8161, #7006, .T. ) ;
#2014 = VERTEX_POINT ( 'NONE', #753 ) ;
#2015 = ORIENTED_EDGE ( 'NONE', *, *, #477, .F. ) ;
#2016 = CARTESIAN_POINT ( 'NONE',  ( 0.6670149843727671800, -0.3363525823499887200, 0.5400000000000000400 ) ) ;
#2017 = CARTESIAN_POINT ( 'NONE',  ( -0.01802100154308240400, -0.3909191527286312600, 0.5300000000000000300 ) ) ;
#2018 = CARTESIAN_POINT ( 'NONE',  ( 0.6149309723531775100, -0.4811453399825667000, 0.5400000000000000400 ) ) ;
#2019 = EDGE_CURVE ( 'NONE', #6739, #3195, #6759, .T. ) ;
#2020 = DIRECTION ( 'NONE',  ( 0.0000000000000000000, 1.000000000000000000, -0.0000000000000000000 ) ) ;
#2021 = ORIENTED_EDGE ( 'NONE', *, *, #5648, .F. ) ;
#2022 = DIRECTION ( 'NONE',  ( -1.000000000000000000, 0.0000000000000000000, 0.0000000000000000000 ) ) ;
#2023 = CARTESIAN_POINT ( 'NONE',  ( 0.6665773035994542200, -0.3337662868712928900, 0.5400000000000000400 ) ) ;
#2024 = CARTESIAN_POINT ( 'NONE',  ( 0.4312045204789852800, -0.5251123631161628300, 0.5400000000000000400 ) ) ;
#2025 = DIRECTION ( 'NONE',  ( -1.000000000000000000, 0.0000000000000000000, 0.0000000000000000000 ) ) ;
#2026 = CARTESIAN_POINT ( 'NONE',  ( 0.2221312927212818800, -0.5253822819453388700, 0.5400000000000000400 ) ) ;
#2027 = CARTESIAN_POINT ( 'NONE',  ( 0.7142447187253383500, -0.4951909138885769400, 0.5300000000000000300 ) ) ;
#2028 = EDGE_CURVE ( 'NONE', #8142, #1778, #6190, .T. ) ;
#2029 = CARTESIAN_POINT ( 'NONE',  ( 0.7880536127652577600, -0.5251123631161613800, 0.5400000000000000400 ) ) ;
#2030 = LINE ( 'NONE', #7008, #3845 ) ;
#2031 = CARTESIAN_POINT ( 'NONE',  ( 0.04008035565278061900, -0.5242755851802133300, 0.5400000000000000400 ) ) ;
#2032 = FACE_OUTER_BOUND ( 'NONE', #3242, .T. ) ;
#2033 = CARTESIAN_POINT ( 'NONE',  ( 0.3256070286187669500, -0.4479138039247974600, 0.5300000000000000300 ) ) ;
#2034 = AXIS2_PLACEMENT_3D ( 'NONE', #497, #1992, #2022 ) ;
#2035 = ORIENTED_EDGE ( 'NONE', *, *, #6843, .F. ) ;
#2036 = PRESENTATION_LAYER_ASSIGNMENT (  '', '', ( #1078 ) ) ;
#2037 = VECTOR ( 'NONE', #8913, 1000.000000000000000 ) ;
#2038 = CARTESIAN_POINT ( 'NONE',  ( 0.6273451906494143000, -0.3617380671998308700, 0.5400000000000000400 ) ) ;
#2039 = PLANE ( 'NONE',  #3923 ) ;
#2040 = CARTESIAN_POINT ( 'NONE',  ( -0.001420598883641920400, -0.3743187698585325200, 0.5400000000000000400 ) ) ;
#2041 = CARTESIAN_POINT ( 'NONE',  ( 0.4453097781270029000, -0.5220485977035250700, 0.5300000000000000300 ) ) ;
#2042 = CARTESIAN_POINT ( 'NONE',  ( 0.5248483113797827200, -0.4682536517513063400, 0.5300000000000000300 ) ) ;
#2043 = PLANE ( 'NONE',  #9611 ) ;
#2044 = CARTESIAN_POINT ( 'NONE',  ( 0.6149309723531720700, -0.4900581120928776400, 0.5400000000000000400 ) ) ;
#2045 = DIRECTION ( 'NONE',  ( -0.0000000000000000000, -0.0000000000000000000, -1.000000000000000000 ) ) ;
#2046 = EDGE_CURVE ( 'NONE', #3301, #5520, #3418, .T. ) ;
#2047 = ADVANCED_FACE ( 'NONE', ( #2992 ), #9217, .T. ) ;
#2048 = CARTESIAN_POINT ( 'NONE',  ( 0.2000000000000000900, 0.4000000000000000800, -0.02000000000000000000 ) ) ;
#2049 = DIRECTION ( 'NONE',  ( -0.0000000000000000000, -1.000000000000000000, -0.0000000000000000000 ) ) ;
#2050 = ORIENTED_EDGE ( 'NONE', *, *, #8727, .T. ) ;
#2051 = CARTESIAN_POINT ( 'NONE',  ( 0.2060842424023798000, -0.3361378739537001500, 0.5300000000000000300 ) ) ;
#2052 = CARTESIAN_POINT ( 'NONE',  ( 0.3993930860938300600, -0.3238189965697173000, 0.5400000000000000400 ) ) ;
#2053 = ORIENTED_EDGE ( 'NONE', *, *, #7262, .T. ) ;
#2054 = CARTESIAN_POINT ( 'NONE',  ( 0.5106435808288617400, -0.4888246480952716000, 0.5300000000000000300 ) ) ;
#2055 = CARTESIAN_POINT ( 'NONE',  ( 0.5085148607043181700, -0.4836520571384098600, 0.5300000000000000300 ) ) ;
#2056 = CARTESIAN_POINT ( 'NONE',  ( 0.7208895086473096100, -0.4644736814366967600, 0.5400000000000000400 ) ) ;
#2057 = B_SPLINE_SURFACE_WITH_KNOTS ( 'NONE', 3, 1, ( 
 ( #4511, #51 ),
 ( #3762, #8265 ),
 ( #3005, #7518 ),
 ( #2217, #6760 ) ),
 .UNSPECIFIED., .F., .F., .F.,
 ( 4, 4 ),
 ( 2, 2 ),
 ( 5.000000000000000000, 6.000000000000000000 ),
 ( 0.0000000000000000000, 1.000000000000000000 ),
 .UNSPECIFIED. ) ;
#2058 = ORIENTED_EDGE ( 'NONE', *, *, #3384, .F. ) ;
#2059 = EDGE_CURVE ( 'NONE', #972, #7999, #2738, .T. ) ;
#2060 = EDGE_LOOP ( 'NONE', ( #6536, #4246, #4870, #5559 ) ) ;
#2061 = COLOUR_RGB ( '',0.6666666666666666300, 0.6666666666666666300, 0.6666666666666666300 ) ;
#2062 = EDGE_CURVE ( 'NONE', #4342, #5923, #8530, .T. ) ;
#2063 = ORIENTED_EDGE ( 'NONE', *, *, #1367, .F. ) ;
#2064 = B_SPLINE_CURVE_WITH_KNOTS ( 'NONE', 3,
 ( #9524, #2777, #565, #5806 ),
 .UNSPECIFIED., .F., .F.,
 ( 4, 4 ),
 ( 2.000000000000000000, 3.000000000000000000 ),
 .UNSPECIFIED. ) ;
#2065 = ORIENTED_EDGE ( 'NONE', *, *, #5126, .F. ) ;
#2066 = CARTESIAN_POINT ( 'NONE',  ( -0.4749999999999999200, -0.3999999999999999700, -0.02000000000000000000 ) ) ;
#2067 = LINE ( 'NONE', #984, #371 ) ;
#2068 = CARTESIAN_POINT ( 'NONE',  ( 0.4435590550337630800, -0.3923359321682266500, 0.5400000000000000400 ) ) ;
#2069 = CARTESIAN_POINT ( 'NONE',  ( 0.6167811683492973000, -0.3620165913284922900, 0.5300000000000000300 ) ) ;
#2070 = VECTOR ( 'NONE', #2791, 1000.000000000000000 ) ;
#2071 = CARTESIAN_POINT ( 'NONE',  ( 0.2199178991915548000, -0.3134506766870738300, 0.5300000000000000300 ) ) ;
#2072 = ORIENTED_EDGE ( 'NONE', *, *, #6427, .F. ) ;
#2073 = CARTESIAN_POINT ( 'NONE',  ( 0.5430319580516553800, -0.5418238108231916400, 0.5300000000000000300 ) ) ;
#2074 = CARTESIAN_POINT ( 'NONE',  ( 0.2000000000000000900, 5.421010862427522200E-017, -0.02000000000000000000 ) ) ;
#2075 = B_SPLINE_SURFACE_WITH_KNOTS ( 'NONE', 3, 1, ( 
 ( #2966, #8870 ),
 ( #6713, #1456 ),
 ( #702, #4428 ),
 ( #3704, #8193 ) ),
 .UNSPECIFIED., .F., .F., .F.,
 ( 4, 4 ),
 ( 2, 2 ),
 ( 7.000000000000000000, 8.000000000000000000 ),
 ( 0.0000000000000000000, 1.000000000000000000 ),
 .UNSPECIFIED. ) ;
#2076 = EDGE_LOOP ( 'NONE', ( #6801, #323, #8751, #2846 ) ) ;
#2077 = B_SPLINE_CURVE_WITH_KNOTS ( 'NONE', 3,
 ( #5964, #5208, #7466, #707 ),
 .UNSPECIFIED., .F., .F.,
 ( 4, 4 ),
 ( 12.00000000000000000, 13.00000000000000000 ),
 .UNSPECIFIED. ) ;
#2078 = COLOUR_RGB ( '',0.2980392156862745100, 0.2980392156862745100, 0.2980392156862745100 ) ;
#2079 = VECTOR ( 'NONE', #6819, 1000.000000000000000 ) ;
#2080 = EDGE_CURVE ( 'NONE', #1232, #8959, #763, .T. ) ;
#2081 = VECTOR ( 'NONE', #8387, 1000.000000000000000 ) ;
#2082 = ORIENTED_EDGE ( 'NONE', *, *, #750, .T. ) ;
#2083 = DIRECTION ( 'NONE',  ( -0.0000000000000000000, -0.0000000000000000000, -1.000000000000000000 ) ) ;
#2084 = CARTESIAN_POINT ( 'NONE',  ( 0.5106435808288617400, -0.4888246480952716000, 0.5400000000000000400 ) ) ;
#2085 = CARTESIAN_POINT ( 'NONE',  ( 0.1479828838871060400, -0.5032484310820235500, 0.5300000000000000300 ) ) ;
#2086 = CARTESIAN_POINT ( 'NONE',  ( 0.2481385505984884100, -0.4053061579003669500, 0.5400000000000000400 ) ) ;
#2087 = UNCERTAINTY_MEASURE_WITH_UNIT (LENGTH_MEASURE( 1.000000000000000100E-005 ), #3690, 'distance_accuracy_value', 'NONE');
#2088 = CARTESIAN_POINT ( 'NONE',  ( 0.3893463228890830000, -0.4016465958906849100, 0.5400000000000000400 ) ) ;
#2089 = FACE_OUTER_BOUND ( 'NONE', #8551, .T. ) ;
#2090 = ORIENTED_EDGE ( 'NONE', *, *, #4290, .F. ) ;
#2091 = CARTESIAN_POINT ( 'NONE',  ( 0.4294339028051645800, -0.4472847637951952700, 0.5400000000000000400 ) ) ;
#2092 = ORIENTED_EDGE ( 'NONE', *, *, #6054, .T. ) ;
#2093 = FACE_OUTER_BOUND ( 'NONE', #7129, .T. ) ;
#2094 = SURFACE_SIDE_STYLE ('',( #9231 ) ) ;
#2095 = ORIENTED_EDGE ( 'NONE', *, *, #8487, .T. ) ;
#2096 = CARTESIAN_POINT ( 'NONE',  ( 0.4335719755707609400, -0.3516714094147702100, 0.5300000000000000300 ) ) ;
#2097 = CARTESIAN_POINT ( 'NONE',  ( 0.3256070286187669500, -0.4479138039247974600, 0.5400000000000000400 ) ) ;
#2098 = AXIS2_PLACEMENT_3D ( 'NONE', #4466, #2430, #9148 ) ;
#2099 = EDGE_CURVE ( 'NONE', #4342, #527, #4510, .T. ) ;
#2100 = ADVANCED_FACE ( 'NONE', ( #528 ), #5360, .F. ) ;
#2101 = FACE_OUTER_BOUND ( 'NONE', #6768, .T. ) ;
#2102 = ORIENTED_EDGE ( 'NONE', *, *, #6279, .T. ) ;
#2103 = CARTESIAN_POINT ( 'NONE',  ( 0.3993930860938320600, -0.5162393801670129800, 0.5400000000000000400 ) ) ;
#2104 = FACE_OUTER_BOUND ( 'NONE', #5900, .T. ) ;
#2105 = ORIENTED_EDGE ( 'NONE', *, *, #4634, .F. ) ;
#2106 = ORIENTED_EDGE ( 'NONE', *, *, #5864, .F. ) ;
#2107 = ORIENTED_EDGE ( 'NONE', *, *, #7277, .F. ) ;
#2108 = CARTESIAN_POINT ( 'NONE',  ( 0.007986270846080346600, -0.5109952873278446100, 0.5300000000000000300 ) ) ;
#2109 = ORIENTED_EDGE ( 'NONE', *, *, #5596, .F. ) ;
#2110 = DIRECTION ( 'NONE',  ( -0.0000000000000000000, -0.0000000000000000000, -1.000000000000000000 ) ) ;
#2111 = CARTESIAN_POINT ( 'NONE',  ( 0.7130709384700055800, -0.5142101329456405500, 0.5300000000000000300 ) ) ;
#2112 = CARTESIAN_POINT ( 'NONE',  ( 0.5047149958091294900, -0.4726702486455662300, 0.5400000000000000400 ) ) ;
#2113 = DIRECTION ( 'NONE',  ( -0.0000000000000000000, -0.0000000000000000000, -1.000000000000000000 ) ) ;
#2114 = PRESENTATION_LAYER_ASSIGNMENT (  '', '', ( #1140 ) ) ;
#2115 = LINE ( 'NONE', #1555, #409 ) ;
#2116 = CARTESIAN_POINT ( 'NONE',  ( 0.6677908730164815500, -0.3392174019568188200, 0.5300000000000000300 ) ) ;
#2117 = CARTESIAN_POINT ( 'NONE',  ( -0.02742788842358112900, -0.4374002374296833700, 0.5400000000000000400 ) ) ;
#2118 = AXIS2_PLACEMENT_3D ( 'NONE', #7179, #2654, #7939 ) ;
#2119 = ORIENTED_EDGE ( 'NONE', *, *, #7289, .F. ) ;
#2120 = B_SPLINE_SURFACE_WITH_KNOTS ( 'NONE', 3, 1, ( 
 ( #4695, #2904 ),
 ( #9342, #9309 ),
 ( #7022, #7935 ),
 ( #9554, #5644 ) ),
 .UNSPECIFIED., .F., .F., .F.,
 ( 4, 4 ),
 ( 2, 2 ),
 ( 4.000000000000000000, 5.000000000000000000 ),
 ( 0.0000000000000000000, 1.000000000000000000 ),
 .UNSPECIFIED. ) ;
#2121 = LINE ( 'NONE', #3042, #5911 ) ;
#2122 = CARTESIAN_POINT ( 'NONE',  ( 0.007432943572267011600, -0.4058594746199374300, 0.5400000000000000400 ) ) ;
#2123 = VERTEX_POINT ( 'NONE', #4153 ) ;
#2124 = ORIENTED_EDGE ( 'NONE', *, *, #8744, .F. ) ;
#2125 = VECTOR ( 'NONE', #4959, 1000.000000000000000 ) ;
#2126 = CARTESIAN_POINT ( 'NONE',  ( 0.4575250506174526900, -0.4761716948315121700, 0.5400000000000000400 ) ) ;
#2127 = LINE ( 'NONE', #1828, #3937 ) ;
#2128 = DIRECTION ( 'NONE',  ( -0.0000000000000000000, -0.0000000000000000000, -1.000000000000000000 ) ) ;
#2129 = DIRECTION ( 'NONE',  ( 0.0000000000000000000, 0.0000000000000000000, -1.000000000000000000 ) ) ;
#2130 = DIRECTION ( 'NONE',  ( 0.0000000000000000000, 0.0000000000000000000, -1.000000000000000000 ) ) ;
#2131 = CARTESIAN_POINT ( 'NONE',  ( 0.4784939385735635900, -0.4682536517513084500, 0.5300000000000000300 ) ) ;
#2132 = CARTESIAN_POINT ( 'NONE',  ( 0.5191584613272886000, -0.4761716948315121700, 0.5300000000000000300 ) ) ;
#2133 = FACE_OUTER_BOUND ( 'NONE', #300, .T. ) ;
#2134 = EDGE_CURVE ( 'NONE', #4387, #3289, #1222, .T. ) ;
#2135 = DIRECTION ( 'NONE',  ( 1.000000000000000000, 9.055032125675697600E-015, -0.0000000000000000000 ) ) ;
#2136 = ORIENTED_EDGE ( 'NONE', *, *, #4389, .F. ) ;
#2137 = ORIENTED_EDGE ( 'NONE', *, *, #1892, .F. ) ;
#2138 = ORIENTED_EDGE ( 'NONE', *, *, #1122, .T. ) ;
#2139 = ORIENTED_EDGE ( 'NONE', *, *, #4303, .T. ) ;
#2140 = CARTESIAN_POINT ( 'NONE',  ( 0.5332836135558864900, -0.4707205797465184900, 0.5300000000000000300 ) ) ;
#2141 = EDGE_CURVE ( 'NONE', #9418, #1760, #4267, .T. ) ;
#2142 = DIRECTION ( 'NONE',  ( -0.0000000000000000000, -0.0000000000000000000, -1.000000000000000000 ) ) ;
#2143 = CARTESIAN_POINT ( 'NONE',  ( 0.5033820589086188700, -0.5166770609403238400, 0.5400000000000000400 ) ) ;
#2144 = DIRECTION ( 'NONE',  ( 1.000000000000000000, 0.0000000000000000000, 0.0000000000000000000 ) ) ;
#2145 = ORIENTED_EDGE ( 'NONE', *, *, #1544, .F. ) ;
#2146 = ORIENTED_EDGE ( 'NONE', *, *, #6390, .F. ) ;
#2147 = CARTESIAN_POINT ( 'NONE',  ( 0.4514572035333913600, -0.4784396770203850300, 0.5300000000000000300 ) ) ;
#2148 = DIRECTION ( 'NONE',  ( 0.0000000000000000000, 0.0000000000000000000, -1.000000000000000000 ) ) ;
#2149 = CARTESIAN_POINT ( 'NONE',  ( 0.9000000000000001300, -0.6500000000000000200, 0.0000000000000000000 ) ) ;
#2150 = CARTESIAN_POINT ( 'NONE',  ( 0.4754500677412452100, -0.5025519087119874100, 0.5400000000000000400 ) ) ;
#2151 = PLANE ( 'NONE',  #4206 ) ;
#2152 = CARTESIAN_POINT ( 'NONE',  ( 0.3256070286187669500, -0.4479138039247974600, 0.5400000000000000400 ) ) ;
#2153 = ORIENTED_EDGE ( 'NONE', *, *, #358, .F. ) ;
#2154 = CARTESIAN_POINT ( 'NONE',  ( 0.2082976359318415600, -0.4307600568410350800, 0.5400000000000000400 ) ) ;
#2155 = VECTOR ( 'NONE', #4442, 1000.000000000000000 ) ;
#2156 = EDGE_CURVE ( 'NONE', #7295, #3484, #2647, .T. ) ;
#2157 = ORIENTED_EDGE ( 'NONE', *, *, #4367, .T. ) ;
#2158 = B_SPLINE_SURFACE_WITH_KNOTS ( 'NONE', 3, 1, ( 
 ( #4733, #9139 ),
 ( #8456, #201 ),
 ( #4842, #3546 ),
 ( #8418, #380 ) ),
 .UNSPECIFIED., .F., .F., .F.,
 ( 4, 4 ),
 ( 2, 2 ),
 ( 19.00000000000000000, 20.00000000000000000 ),
 ( 0.0000000000000000000, 1.000000000000000000 ),
 .UNSPECIFIED. ) ;
#2159 = LINE ( 'NONE', #3351, #5941 ) ;
#2160 = B_SPLINE_CURVE_WITH_KNOTS ( 'NONE', 3,
 ( #1924, #4199, #7239, #6469 ),
 .UNSPECIFIED., .F., .F.,
 ( 4, 4 ),
 ( 17.00000000000000000, 18.00000000000000000 ),
 .UNSPECIFIED. ) ;
#2161 = UNCERTAINTY_MEASURE_WITH_UNIT (LENGTH_MEASURE( 1.000000000000000100E-005 ), #2941, 'distance_accuracy_value', 'NONE');
#2162 = SURFACE_STYLE_USAGE ( .BOTH. , #6685 ) ;
#2163 = ADVANCED_FACE ( 'NONE', ( #8045 ), #2707, .F. ) ;
#2164 = SURFACE_SIDE_STYLE ('',( #7403 ) ) ;
#2165 = CARTESIAN_POINT ( 'NONE',  ( 0.4335719755707609400, -0.3516714094147702100, 0.5400000000000000400 ) ) ;
#2166 = CARTESIAN_POINT ( 'NONE',  ( 0.4448124136116833900, -0.3339652326776322300, 0.5400000000000000400 ) ) ;
#2167 = CARTESIAN_POINT ( 'NONE',  ( 0.06664098829816170200, -0.3477581477676581200, 0.5300000000000000300 ) ) ;
#2168 = CARTESIAN_POINT ( 'NONE',  ( 0.7057099436465954500, -0.4635585307289159500, 0.5400000000000000400 ) ) ;
#2169 = CARTESIAN_POINT ( 'NONE',  ( 0.6000000000000002000, 0.4000000000000000800, 0.0000000000000000000 ) ) ;
#2170 = EDGE_CURVE ( 'NONE', #1391, #7596, #2008, .T. ) ;
#2171 = DIRECTION ( 'NONE',  ( -0.3493954794972972100, 0.9369753459439869000, 0.0000000000000000000 ) ) ;
#2172 = CARTESIAN_POINT ( 'NONE',  ( 0.6000000000000002000, -0.3999999999999999700, 0.0000000000000000000 ) ) ;
#2173 = CARTESIAN_POINT ( 'NONE',  ( 0.6000000000000002000, 5.421010862427522200E-017, 0.0000000000000000000 ) ) ;
#2174 = COLOUR_RGB ( '',0.6666666666666666300, 0.6666666666666666300, 0.6666666666666666300 ) ;
#2175 = CARTESIAN_POINT ( 'NONE',  ( 0.2409450532897411100, -0.3317111053644402100, 0.5400000000000000400 ) ) ;
#2176 = PRESENTATION_LAYER_ASSIGNMENT (  '', '', ( #1201 ) ) ;
#2177 = VERTEX_POINT ( 'NONE', #4305 ) ;
#2178 = CARTESIAN_POINT ( 'NONE',  ( 0.4502237395360475500, -0.3994184028629744200, 0.5300000000000000300 ) ) ;
#2179 = CARTESIAN_POINT ( 'NONE',  ( 0.7770121205301417900, -0.4950317572439287300, 0.5300000000000000300 ) ) ;
#2180 = VECTOR ( 'NONE', #6866, 1000.000000000000000 ) ;
#2181 = DIRECTION ( 'NONE',  ( 0.0000000000000000000, 0.0000000000000000000, 1.000000000000000000 ) ) ;
#2182 = CARTESIAN_POINT ( 'NONE',  ( 0.7248087410265148200, -0.4972599502716399400, 0.5300000000000000300 ) ) ;
#2183 = B_SPLINE_SURFACE_WITH_KNOTS ( 'NONE', 3, 1, ( 
 ( #4271, #3315 ),
 ( #8776, #7835 ),
 ( #5012, #6206 ),
 ( #3944, #9537 ) ),
 .UNSPECIFIED., .F., .F., .F.,
 ( 4, 4 ),
 ( 2, 2 ),
 ( 3.000000000000000000, 4.000000000000000000 ),
 ( 0.0000000000000000000, 1.000000000000000000 ),
 .UNSPECIFIED. ) ;
#2184 = CARTESIAN_POINT ( 'NONE',  ( -0.5999999999999999800, -0.3999999999999999700, -0.02000000000000000000 ) ) ;
#2185 = VERTEX_POINT ( 'NONE', #7651 ) ;
#2186 = EDGE_LOOP ( 'NONE', ( #4988, #5785, #627, #3889 ) ) ;
#2187 = VECTOR ( 'NONE', #5979, 1000.000000000000000 ) ;
#2188 = EDGE_CURVE ( 'NONE', #527, #4739, #7834, .T. ) ;
#2189 = CARTESIAN_POINT ( 'NONE',  ( 0.5033820589086188700, -0.5166770609403238400, 0.5300000000000000300 ) ) ;
#2190 = CARTESIAN_POINT ( 'NONE',  ( 0.5160151175920616500, -0.4761716948315121700, 0.5300000000000000300 ) ) ;
#2191 = CARTESIAN_POINT ( 'NONE',  ( 0.7248087410265148200, -0.4852038344258363700, 0.5400000000000000400 ) ) ;
#2192 = DIRECTION ( 'NONE',  ( 0.0000000000000000000, -0.0000000000000000000, 1.000000000000000000 ) ) ;
#2193 = FACE_OUTER_BOUND ( 'NONE', #7777, .T. ) ;
#2194 = PRESENTATION_LAYER_ASSIGNMENT (  '', '', ( #716 ) ) ;
#2195 = CARTESIAN_POINT ( 'NONE',  ( 0.6832489621453254900, -0.4562373250666672000, 0.5300000000000000300 ) ) ;
#2196 = CARTESIAN_POINT ( 'NONE',  ( 0.6665773035994542200, -0.3337662868712928900, 0.5300000000000000300 ) ) ;
#2197 = SURFACE_STYLE_FILL_AREA ( #5262 ) ;
#2198 = EDGE_LOOP ( 'NONE', ( #289, #6561, #8055, #5131 ) ) ;
#2199 = EDGE_LOOP ( 'NONE', ( #968, #6622, #6656, #3074 ) ) ;
#2200 = CARTESIAN_POINT ( 'NONE',  ( 0.4368943705314791100, -0.3852534614734790000, 0.5400000000000000400 ) ) ;
#2201 = ORIENTED_EDGE ( 'NONE', *, *, #6548, .T. ) ;
#2202 = EDGE_CURVE ( 'NONE', #8012, #4001, #4898, .T. ) ;
#2203 = LINE ( 'NONE', #7124, #6242 ) ;
#2204 = CARTESIAN_POINT ( 'NONE',  ( 0.4441161032908241300, -0.3538200241196264900, 0.5300000000000000300 ) ) ;
#2205 = EDGE_CURVE ( 'NONE', #3912, #2235, #4046, .T. ) ;
#2206 = CARTESIAN_POINT ( 'NONE',  ( 0.6427634906171156800, -0.4811453399825667000, 0.5400000000000000400 ) ) ;
#2207 = ADVANCED_FACE ( 'NONE', ( #6290 ), #9164, .F. ) ;
#2208 = CARTESIAN_POINT ( 'NONE',  ( 0.07500000000000012200, 0.4000000000000000800, 0.0000000000000000000 ) ) ;
#2209 = VECTOR ( 'NONE', #1029, 1000.000000000000000 ) ;
#2210 = VECTOR ( 'NONE', #9301, 1000.000000000000000 ) ;
#2211 = CARTESIAN_POINT ( 'NONE',  ( 0.4504226853421224300, -0.5094354336009293500, 0.5400000000000000400 ) ) ;
#2212 = ORIENTED_EDGE ( 'NONE', *, *, #6320, .F. ) ;
#2213 = ORIENTED_EDGE ( 'NONE', *, *, #8790, .T. ) ;
#2214 = CARTESIAN_POINT ( 'NONE',  ( 0.02292662440038213700, -0.5198488192292469700, 0.5300000000000000300 ) ) ;
#2215 = FACE_BOUND ( 'NONE', #4724, .T. ) ;
#2216 = CARTESIAN_POINT ( 'NONE',  ( 0.7142447187253383500, -0.4854823585539703200, 0.5400000000000000400 ) ) ;
#2217 = CARTESIAN_POINT ( 'NONE',  ( 0.6156073880934355100, -0.3907443657201645800, 0.5400000000000000400 ) ) ;
#2218 = ORIENTED_EDGE ( 'NONE', *, *, #2605, .F. ) ;
#2219 = CARTESIAN_POINT ( 'NONE',  ( 0.5639809514271839600, -0.3238189965697173000, 0.5300000000000000300 ) ) ;
#2220 =( LENGTH_UNIT ( ) NAMED_UNIT ( * ) SI_UNIT ( .MILLI., .METRE. ) );
#2221 = DIRECTION ( 'NONE',  ( -1.000000000000000000, -0.0000000000000000000, -0.0000000000000000000 ) ) ;
#2222 = LINE ( 'NONE', #7617, #6014 ) ;
#2223 = VECTOR ( 'NONE', #9444, 1000.000000000000000 ) ;
#2224 = CARTESIAN_POINT ( 'NONE',  ( 0.7016912383650132400, -0.4016465958906834700, 0.5300000000000000300 ) ) ;
#2225 = ORIENTED_EDGE ( 'NONE', *, *, #416, .F. ) ;
#2226 = UNCERTAINTY_MEASURE_WITH_UNIT (LENGTH_MEASURE( 1.000000000000000100E-005 ), #7963, 'distance_accuracy_value', 'NONE');
#2227 = STYLED_ITEM ( 'NONE', ( #8212 ), #5416 ) ;
#2228 = LINE ( 'NONE', #1802, #6263 ) ;
#2229 = EDGE_CURVE ( 'NONE', #6858, #4252, #6053, .T. ) ;
#2230 = ORIENTED_EDGE ( 'NONE', *, *, #8591, .F. ) ;
#2231 = CARTESIAN_POINT ( 'NONE',  ( 0.6449717890642460100, -0.4562373250666672000, 0.5400000000000000400 ) ) ;
#2232 = LINE ( 'NONE', #9151, #8261 ) ;
#2233 =( LENGTH_UNIT ( ) NAMED_UNIT ( * ) SI_UNIT ( .MILLI., .METRE. ) );
#2234 = DIRECTION ( 'NONE',  ( 0.0000000000000000000, 0.0000000000000000000, -1.000000000000000000 ) ) ;
#2235 = VERTEX_POINT ( 'NONE', #767 ) ;
#2236 = VERTEX_POINT ( 'NONE', #9382 ) ;
#2237 = FILL_AREA_STYLE_COLOUR ( '', #6123 ) ;
#2238 = FILL_AREA_STYLE_COLOUR ( '', #4931 ) ;
#2239 = ADVANCED_FACE ( 'NONE', ( #3820 ), #3498, .F. ) ;
#2240 = CARTESIAN_POINT ( 'NONE',  ( 0.4754500677412452100, -0.5025519087119874100, 0.5400000000000000400 ) ) ;
#2241 = LINE ( 'NONE', #3622, #7820 ) ;
#2242 = B_SPLINE_CURVE_WITH_KNOTS ( 'NONE', 3,
 ( #3810, #5800, #2384, #4338 ),
 .UNSPECIFIED., .F., .F.,
 ( 4, 4 ),
 ( 11.00000000000000000, 12.00000000000000000 ),
 .UNSPECIFIED. ) ;
#2243 = ORIENTED_EDGE ( 'NONE', *, *, #3524, .F. ) ;
#2244 = MECHANICAL_DESIGN_GEOMETRIC_PRESENTATION_REPRESENTATION (  '', ( #1248 ), #2756 ) ;
#2245 = DIRECTION ( 'NONE',  ( -0.0000000000000000000, -0.0000000000000000000, 1.000000000000000000 ) ) ;
#2246 = DIRECTION ( 'NONE',  ( -0.0000000000000000000, -0.0000000000000000000, -1.000000000000000000 ) ) ;
#2247 = ORIENTED_EDGE ( 'NONE', *, *, #5009, .F. ) ;
#2248 = ORIENTED_EDGE ( 'NONE', *, *, #6348, .F. ) ;
#2249 = EDGE_LOOP ( 'NONE', ( #7832, #82, #6758, #2635 ) ) ;
#2250 = CARTESIAN_POINT ( 'NONE',  ( 0.7208895086473096100, -0.4644736814366967600, 0.5300000000000000300 ) ) ;
#2251 = SURFACE_STYLE_USAGE ( .BOTH. , #6789 ) ;
#2252 = PLANE ( 'NONE',  #3521 ) ;
#2253 = FACE_OUTER_BOUND ( 'NONE', #3424, .T. ) ;
#2254 = ORIENTED_EDGE ( 'NONE', *, *, #7060, .F. ) ;
#2255 = VECTOR ( 'NONE', #8505, 1000.000000000000000 ) ;
#2256 = CARTESIAN_POINT ( 'NONE',  ( 0.6000000000000002000, 0.4000000000000000800, -0.02000000000000000000 ) ) ;
#2257 = VERTEX_POINT ( 'NONE', #3607 ) ;
#2258 = ORIENTED_EDGE ( 'NONE', *, *, #8658, .F. ) ;
#2259 = DIRECTION ( 'NONE',  ( 0.0000000000000000000, -0.0000000000000000000, 1.000000000000000000 ) ) ;
#2260 = ORIENTED_EDGE ( 'NONE', *, *, #474, .F. ) ;
#2261 = VECTOR ( 'NONE', #892, 1000.000000000000000 ) ;
#2262 = DIRECTION ( 'NONE',  ( 0.0000000000000000000, 0.0000000000000000000, -1.000000000000000000 ) ) ;
#2263 = VERTEX_POINT ( 'NONE', #5128 ) ;
#2264 = EDGE_CURVE ( 'NONE', #6857, #3457, #1790, .T. ) ;
#2265 = DIRECTION ( 'NONE',  ( -1.000000000000000000, -0.0000000000000000000, -0.0000000000000000000 ) ) ;
#2266 = CARTESIAN_POINT ( 'NONE',  ( 0.4453097781270029000, -0.5220485977035250700, 0.5300000000000000300 ) ) ;
#2267 = PRESENTATION_LAYER_ASSIGNMENT (  '', '', ( #298 ) ) ;
#2268 =( NAMED_UNIT ( * ) SI_UNIT ( $, .STERADIAN. ) SOLID_ANGLE_UNIT ( ) );
#2269 = EDGE_LOOP ( 'NONE', ( #2997, #9117, #2617, #3601 ) ) ;
#2270 = ADVANCED_FACE ( 'NONE', ( #9565 ), #4411, .F. ) ;
#2271 = EDGE_LOOP ( 'NONE', ( #362, #8413, #4504, #9373, #6240, #3941 ) ) ;
#2272 = ORIENTED_EDGE ( 'NONE', *, *, #2425, .F. ) ;
#2273 = LINE ( 'NONE', #2692, #4277 ) ;
#2274 = APPLICATION_PROTOCOL_DEFINITION ( 'draft international standard', 'automotive_design', 1998, #7526 ) ;
#2275 = B_SPLINE_SURFACE_WITH_KNOTS ( 'NONE', 3, 1, ( 
 ( #190, #6173 ),
 ( #4650, #9158 ),
 ( #3900, #8407 ),
 ( #3154, #7669 ) ),
 .UNSPECIFIED., .F., .F., .F.,
 ( 4, 4 ),
 ( 2, 2 ),
 ( 2.000000000000000000, 3.000000000000000000 ),
 ( 0.0000000000000000000, 1.000000000000000000 ),
 .UNSPECIFIED. ) ;
#2276 = CARTESIAN_POINT ( 'NONE',  ( 0.6663385686324836400, -0.3337662868712928900, 0.5400000000000000400 ) ) ;
#2277 = CARTESIAN_POINT ( 'NONE',  ( 0.1933572823775382400, -0.3029370976592576900, 0.5400000000000000400 ) ) ;
#2278 = DIRECTION ( 'NONE',  ( -0.3493954794690841700, 0.9369753459545074900, 0.0000000000000000000 ) ) ;
#2279 = CARTESIAN_POINT ( 'NONE',  ( -0.7249999999999999800, 0.2750000000000000800, 0.0000000000000000000 ) ) ;
#2280 = EDGE_CURVE ( 'NONE', #6609, #829, #7599, .T. ) ;
#2281 =( NAMED_UNIT ( * ) SI_UNIT ( $, .STERADIAN. ) SOLID_ANGLE_UNIT ( ) );
#2282 = CARTESIAN_POINT ( 'NONE',  ( -0.6999999999999998400, 0.4704525540507067900, 0.5099999999999999000 ) ) ;
#2283 = ORIENTED_EDGE ( 'NONE', *, *, #5198, .F. ) ;
#2284 = EDGE_CURVE ( 'NONE', #5158, #3261, #94, .T. ) ;
#2285 = ORIENTED_EDGE ( 'NONE', *, *, #3511, .F. ) ;
#2286 = CARTESIAN_POINT ( 'NONE',  ( 0.6427634906171156800, -0.4811453399825667000, 0.5400000000000000400 ) ) ;
#2287 = CARTESIAN_POINT ( 'NONE',  ( 0.6077888179161363700, -0.3272408644333406600, 0.5300000000000000300 ) ) ;
#2288 = FILL_AREA_STYLE_COLOUR ( '', #8025 ) ;
#2289 = ORIENTED_EDGE ( 'NONE', *, *, #3741, .T. ) ;
#2290 = B_SPLINE_SURFACE_WITH_KNOTS ( 'NONE', 3, 1, ( 
 ( #154, #6907 ),
 ( #4617, #9130 ),
 ( #3867, #8373 ),
 ( #3123, #7636 ) ),
 .UNSPECIFIED., .F., .F., .F.,
 ( 4, 4 ),
 ( 2, 2 ),
 ( 10.00000000000000000, 11.00000000000000000 ),
 ( 0.0000000000000000000, 1.000000000000000000 ),
 .UNSPECIFIED. ) ;
#2291 = FACE_OUTER_BOUND ( 'NONE', #3164, .T. ) ;
#2292 = DIRECTION ( 'NONE',  ( -1.000000000000000000, -0.0000000000000000000, -0.0000000000000000000 ) ) ;
#2293 = AXIS2_PLACEMENT_3D ( 'NONE', #1951, #7273, #2732 ) ;
#2294 = CARTESIAN_POINT ( 'NONE',  ( 0.6025565432169995800, -0.3351986966747082500, 0.5400000000000000400 ) ) ;
#2295 = CARTESIAN_POINT ( 'NONE',  ( 0.5201134011962291700, -0.4682536517513063400, 0.5300000000000000300 ) ) ;
#2296 = ADVANCED_FACE ( 'NONE', ( #7346 ), #9477, .F. ) ;
#2297 = CARTESIAN_POINT ( 'NONE',  ( 0.5033820589086188700, -0.5166770609403238400, 0.5400000000000000400 ) ) ;
#2298 = DIRECTION ( 'NONE',  ( -0.0000000000000000000, -0.0000000000000000000, -1.000000000000000000 ) ) ;
#2299 = EDGE_CURVE ( 'NONE', #6101, #785, #3918, .T. ) ;
#2300 = SURFACE_STYLE_USAGE ( .BOTH. , #7604 ) ;
#2301 = CARTESIAN_POINT ( 'NONE',  ( 0.5174674219760534400, -0.3327715578411892800, 0.5400000000000000400 ) ) ;
#2302 = FACE_OUTER_BOUND ( 'NONE', #5641, .T. ) ;
#2303 = PLANE ( 'NONE',  #4268 ) ;
#2304 = CARTESIAN_POINT ( 'NONE',  ( 0.09209490834705039200, -0.4855413672786935100, 0.5300000000000000300 ) ) ;
#2305 = CARTESIAN_POINT ( 'NONE',  ( 0.4984680974995734900, -0.4845274186850290200, 0.5300000000000000300 ) ) ;
#2306 = CARTESIAN_POINT ( 'NONE',  ( 0.7016912383650133500, -0.4016465958906835200, 0.5400000000000000400 ) ) ;
#2307 = CARTESIAN_POINT ( 'NONE',  ( 0.4754500677412452100, -0.5025519087119874100, 0.5300000000000000300 ) ) ;
#2308 = CARTESIAN_POINT ( 'NONE',  ( 0.4624390120265000100, -0.4989708842031906300, 0.5300000000000000300 ) ) ;
#2309 = FACE_BOUND ( 'NONE', #3019, .T. ) ;
#2310 = EDGE_CURVE ( 'NONE', #6720, #1958, #3162, .T. ) ;
#2311 = CARTESIAN_POINT ( 'NONE',  ( 0.7640408539765581900, -0.4572320540973008900, 0.5300000000000000300 ) ) ;
#2312 = B_SPLINE_CURVE_WITH_KNOTS ( 'NONE', 3,
 ( #3263, #2487, #7010, #1720 ),
 .UNSPECIFIED., .F., .F.,
 ( 4, 4 ),
 ( 35.00000000000000000, 36.00000000000000000 ),
 .UNSPECIFIED. ) ;
#2313 = SURFACE_STYLE_USAGE ( .BOTH. , #629 ) ;
#2314 = ORIENTED_EDGE ( 'NONE', *, *, #6846, .F. ) ;
#2315 = DIRECTION ( 'NONE',  ( -0.0000000000000000000, -0.0000000000000000000, -1.000000000000000000 ) ) ;
#2316 = ORIENTED_EDGE ( 'NONE', *, *, #2779, .F. ) ;
#2317 = DIRECTION ( 'NONE',  ( 1.000000000000000000, 0.0000000000000000000, 0.0000000000000000000 ) ) ;
#2318 = ADVANCED_FACE ( 'NONE', ( #1572 ), #2726, .F. ) ;
#2319 = CARTESIAN_POINT ( 'NONE',  ( 0.3993930860938320600, -0.4900581120928790800, 0.5400000000000000400 ) ) ;
#2320 = CARTESIAN_POINT ( 'NONE',  ( 0.2060842424023816300, -0.5082285559695332000, 0.5400000000000000400 ) ) ;
#2321 =( GEOMETRIC_REPRESENTATION_CONTEXT ( 3 ) GLOBAL_UNCERTAINTY_ASSIGNED_CONTEXT ( ( #4721 ) ) GLOBAL_UNIT_ASSIGNED_CONTEXT ( ( #6183, #200, #5051 ) ) REPRESENTATION_CONTEXT ( 'NONE', 'WORKASPACE' ) );
#2322 = PRESENTATION_LAYER_ASSIGNMENT (  '', '', ( #1320 ) ) ;
#2323 = SURFACE_STYLE_FILL_AREA ( #6171 ) ;
#2324 = CARTESIAN_POINT ( 'NONE',  ( 0.2453718192404426000, -0.4053061579003669500, 0.5300000000000000300 ) ) ;
#2325 = ORIENTED_EDGE ( 'NONE', *, *, #9452, .F. ) ;
#2326 = ORIENTED_EDGE ( 'NONE', *, *, #7049, .F. ) ;
#2327 = VECTOR ( 'NONE', #4329, 1000.000000000000000 ) ;
#2328 = CARTESIAN_POINT ( 'NONE',  ( 0.4514572035333913600, -0.4784396770203850300, 0.5300000000000000300 ) ) ;
#2329 = CARTESIAN_POINT ( 'NONE',  ( -0.02742788842358112900, -0.4136063519742447200, 0.5300000000000000300 ) ) ;
#2330 = ORIENTED_EDGE ( 'NONE', *, *, #5864, .T. ) ;
#2331 = CARTESIAN_POINT ( 'NONE',  ( 0.4504226853421224300, -0.5094354336009293500, 0.5300000000000000300 ) ) ;
#2332 = ORIENTED_EDGE ( 'NONE', *, *, #3373, .T. ) ;
#2333 = DIRECTION ( 'NONE',  ( 0.0000000000000000000, 1.000000000000000000, 0.0000000000000000000 ) ) ;
#2334 = CARTESIAN_POINT ( 'NONE',  ( 0.4649656237631874000, -0.5184277840335637100, 0.5400000000000000400 ) ) ;
#2335 = VECTOR ( 'NONE', #7774, 1000.000000000000000 ) ;
#2336 = EDGE_CURVE ( 'NONE', #1236, #3409, #3347, .T. ) ;
#2337 = SURFACE_STYLE_FILL_AREA ( #4531 ) ;
#2338 = FACE_OUTER_BOUND ( 'NONE', #885, .T. ) ;
#2339 = EDGE_CURVE ( 'NONE', #3229, #4840, #2391, .T. ) ;
#2340 = ORIENTED_EDGE ( 'NONE', *, *, #3204, .F. ) ;
#2341 = DIRECTION ( 'NONE',  ( 0.0000000000000000000, -1.000000000000000000, 0.0000000000000000000 ) ) ;
#2342 = CARTESIAN_POINT ( 'NONE',  ( 0.09264826728385712500, -0.4506805247283358100, 0.5400000000000000400 ) ) ;
#2343 = SURFACE_SIDE_STYLE ('',( #5183 ) ) ;
#2344 = CARTESIAN_POINT ( 'NONE',  ( 0.7248087410265148200, -0.4972599502716399400, 0.5400000000000000400 ) ) ;
#2345 = CARTESIAN_POINT ( 'NONE',  ( 0.1662433066272454600, -0.3361378739537001500, 0.5400000000000000400 ) ) ;
#2346 = VERTEX_POINT ( 'NONE', #1124 ) ;
#2347 = VECTOR ( 'NONE', #5879, 1000.000000000000000 ) ;
#2348 = ADVANCED_FACE ( 'NONE', ( #7119 ), #2760, .T. ) ;
#2349 = CARTESIAN_POINT ( 'NONE',  ( 0.3893463228890840000, -0.5251123631161628300, 0.5400000000000000400 ) ) ;
#2350 = CARTESIAN_POINT ( 'NONE',  ( 0.4918432021587133000, -0.3984236738328714200, 0.5400000000000000400 ) ) ;
#2351 = LINE ( 'NONE', #2350, #2081 ) ;
#2352 = CARTESIAN_POINT ( 'NONE',  ( 0.6826521247273690300, -0.3803593946447457200, 0.5300000000000000300 ) ) ;
#2353 = VERTEX_POINT ( 'NONE', #3396 ) ;
#2354 = B_SPLINE_SURFACE_WITH_KNOTS ( 'NONE', 3, 1, ( 
 ( #2437, #3894 ),
 ( #1923, #6259 ),
 ( #8717, #5191 ),
 ( #4646, #2691 ) ),
 .UNSPECIFIED., .F., .F., .F.,
 ( 4, 4 ),
 ( 2, 2 ),
 ( 19.00000000000000000, 20.00000000000000000 ),
 ( 0.0000000000000000000, 1.000000000000000000 ),
 .UNSPECIFIED. ) ;
#2355 = DIRECTION ( 'NONE',  ( 0.0000000000000000000, 1.000000000000000000, -0.0000000000000000000 ) ) ;
#2356 = CARTESIAN_POINT ( 'NONE',  ( 0.09209490834705039200, -0.5287023933481510600, 0.5300000000000000300 ) ) ;
#2357 = EDGE_CURVE ( 'NONE', #2388, #3783, #3116, .T. ) ;
#2358 = DIRECTION ( 'NONE',  ( -1.000000000000000000, 0.0000000000000000000, 0.0000000000000000000 ) ) ;
#2359 = ORIENTED_EDGE ( 'NONE', *, *, #2724, .F. ) ;
#2360 = DIRECTION ( 'NONE',  ( 0.0000000000000000000, 0.0000000000000000000, 1.000000000000000000 ) ) ;
#2361 = LINE ( 'NONE', #6449, #4610 ) ;
#2362 = EDGE_CURVE ( 'NONE', #6409, #3062, #1629, .T. ) ;
#2363 = COLOUR_RGB ( '',0.2980392156862745100, 0.2980392156862745100, 0.2980392156862745100 ) ;
#2364 = VERTEX_POINT ( 'NONE', #532 ) ;
#2365 = ORIENTED_EDGE ( 'NONE', *, *, #7365, .T. ) ;
#2366 = ORIENTED_EDGE ( 'NONE', *, *, #4533, .T. ) ;
#2367 = CARTESIAN_POINT ( 'NONE',  ( 0.2082976359318415600, -0.4307600568410350800, 0.5300000000000000300 ) ) ;
#2368 = CARTESIAN_POINT ( 'NONE',  ( 0.007432943572267011600, -0.4362935195565979500, 0.5300000000000000300 ) ) ;
#2369 = CARTESIAN_POINT ( 'NONE',  ( 0.5679001838058627100, -0.5158812777165562300, 0.5300000000000000300 ) ) ;
#2370 = VECTOR ( 'NONE', #3353, 1000.000000000000000 ) ;
#2371 = CARTESIAN_POINT ( 'NONE',  ( 0.5174674219760517800, -0.3665923448673997800, 0.5300000000000000300 ) ) ;
#2372 = EDGE_LOOP ( 'NONE', ( #5133, #8602, #9251, #7117, #6979, #8043, #173 ) ) ;
#2373 = LINE ( 'NONE', #9624, #6385 ) ;
#2374 = CARTESIAN_POINT ( 'NONE',  ( 0.4641897351197373800, -0.4761716948315121700, 0.5300000000000000300 ) ) ;
#2375 = EDGE_CURVE ( 'NONE', #8692, #7235, #1327, .T. ) ;
#2376 = ORIENTED_EDGE ( 'NONE', *, *, #5170, .F. ) ;
#2377 = ORIENTED_EDGE ( 'NONE', *, *, #4065, .T. ) ;
#2378 = MECHANICAL_DESIGN_GEOMETRIC_PRESENTATION_REPRESENTATION (  '', ( #884 ), #2879 ) ;
#2379 = VERTEX_POINT ( 'NONE', #8600 ) ;
#2380 = ADVANCED_FACE ( 'NONE', ( #8848, #1103 ), #36, .T. ) ;
#2381 = EDGE_CURVE ( 'NONE', #3229, #5481, #2852, .T. ) ;
#2382 = CIRCLE ( 'NONE', #7882, 0.1249999999999999400 ) ;
#2383 = DIRECTION ( 'NONE',  ( -0.0000000000000000000, -0.0000000000000000000, 1.000000000000000000 ) ) ;
#2384 = CARTESIAN_POINT ( 'NONE',  ( 0.5160151175920616500, -0.4761716948315121700, 0.5400000000000000400 ) ) ;
#2385 = VERTEX_POINT ( 'NONE', #6669 ) ;
#2386 = DIRECTION ( 'NONE',  ( 1.000000000000000000, -0.0000000000000000000, -0.0000000000000000000 ) ) ;
#2387 = CARTESIAN_POINT ( 'NONE',  ( 0.5106435808288617400, -0.4888246480952716000, 0.5400000000000000400 ) ) ;
#2388 = VERTEX_POINT ( 'NONE', #3725 ) ;
#2389 = FACE_OUTER_BOUND ( 'NONE', #5426, .T. ) ;
#2390 =( NAMED_UNIT ( * ) PLANE_ANGLE_UNIT ( ) SI_UNIT ( $, .RADIAN. ) );
#2391 = B_SPLINE_CURVE_WITH_KNOTS ( 'NONE', 3,
 ( #9447, #1873, #2200, #6016 ),
 .UNSPECIFIED., .F., .F.,
 ( 4, 4 ),
 ( 2.000000000000000000, 3.000000000000000000 ),
 .UNSPECIFIED. ) ;
#2392 = PRESENTATION_LAYER_ASSIGNMENT (  '', '', ( #1373 ) ) ;
#2393 = SURFACE_SIDE_STYLE ('',( #9697 ) ) ;
#2394 = VECTOR ( 'NONE', #1932, 1000.000000000000000 ) ;
#2395 = CARTESIAN_POINT ( 'NONE',  ( 0.7402270409936681000, -0.5251123631161613800, 0.5400000000000000400 ) ) ;
#2396 = LINE ( 'NONE', #4704, #8159 ) ;
#2397 = VERTEX_POINT ( 'NONE', #4496 ) ;
#2398 = ORIENTED_EDGE ( 'NONE', *, *, #4080, .F. ) ;
#2399 = ORIENTED_EDGE ( 'NONE', *, *, #7555, .F. ) ;
#2400 = ORIENTED_EDGE ( 'NONE', *, *, #2099, .T. ) ;
#2401 = CARTESIAN_POINT ( 'NONE',  ( 0.4851984122370147600, -0.5251123631161622700, 0.5300000000000000300 ) ) ;
#2402 = ORIENTED_EDGE ( 'NONE', *, *, #4677, .T. ) ;
#2403 = CARTESIAN_POINT ( 'NONE',  ( 0.7801156751039408600, -0.5038251618707552100, 0.5400000000000000400 ) ) ;
#2404 = CARTESIAN_POINT ( 'NONE',  ( 0.1241890089851163900, -0.4578740220370838800, 0.5300000000000000300 ) ) ;
#2405 = ADVANCED_FACE ( 'NONE', ( #8629 ), #9303, .F. ) ;
#2406 = EDGE_CURVE ( 'NONE', #3790, #5865, #4631, .T. ) ;
#2407 = DIRECTION ( 'NONE',  ( -0.0000000000000000000, -0.0000000000000000000, -1.000000000000000000 ) ) ;
#2408 = ORIENTED_EDGE ( 'NONE', *, *, #4922, .T. ) ;
#2409 = FILL_AREA_STYLE_COLOUR ( '', #744 ) ;
#2410 = VERTEX_POINT ( 'NONE', #6490 ) ;
#2411 = PRESENTATION_STYLE_ASSIGNMENT (( #1931 ) ) ;
#2412 = CARTESIAN_POINT ( 'NONE',  ( -0.004187346072788054000, -0.4977149683664612300, 0.5300000000000000300 ) ) ;
#2413 = CARTESIAN_POINT ( 'NONE',  ( 0.5191584613272886000, -0.4761716948315121700, 0.5300000000000000300 ) ) ;
#2414 = CARTESIAN_POINT ( 'NONE',  ( 0.07494118237177233000, -0.3488648392551344000, 0.5400000000000000400 ) ) ;
#2415 = CARTESIAN_POINT ( 'NONE',  ( 0.5447627865640487500, -0.5510151070621655000, 0.5300000000000000300 ) ) ;
#2416 = EDGE_LOOP ( 'NONE', ( #7115, #9103, #5394, #9623 ) ) ;
#2417 = B_SPLINE_SURFACE_WITH_KNOTS ( 'NONE', 3, 1, ( 
 ( #1606, #1908 ),
 ( #1141, #2562 ),
 ( #1416, #8729 ),
 ( #4323, #8163 ) ),
 .UNSPECIFIED., .F., .F., .F.,
 ( 4, 4 ),
 ( 2, 2 ),
 ( 20.00000000000000000, 21.00000000000000000 ),
 ( 0.0000000000000000000, 1.000000000000000000 ),
 .UNSPECIFIED. ) ;
#2418 = CARTESIAN_POINT ( 'NONE',  ( 0.007432943572267011600, -0.4362935195565979500, 0.5300000000000000300 ) ) ;
#2419 = CARTESIAN_POINT ( 'NONE',  ( 0.09209490834705039200, -0.4855413672786935100, 0.5300000000000000300 ) ) ;
#2420 = FILL_AREA_STYLE_COLOUR ( '', #462 ) ;
#2421 = VECTOR ( 'NONE', #8718, 1000.000000000000200 ) ;
#2422 = CARTESIAN_POINT ( 'NONE',  ( 0.5519248355813865000, -0.4695269049100741500, 0.5400000000000000400 ) ) ;
#2423 = EDGE_CURVE ( 'NONE', #507, #4568, #5080, .T. ) ;
#2424 = CARTESIAN_POINT ( 'NONE',  ( 0.5234357961569492400, -0.5056554632863186100, 0.5400000000000000400 ) ) ;
#2425 = EDGE_CURVE ( 'NONE', #4730, #9221, #4846, .T. ) ;
#2426 = ORIENTED_EDGE ( 'NONE', *, *, #4907, .T. ) ;
#2427 = B_SPLINE_SURFACE_WITH_KNOTS ( 'NONE', 3, 1, ( 
 ( #3599, #3717 ),
 ( #8840, #4327 ),
 ( #6975, #2447 ),
 ( #7753, #948 ) ),
 .UNSPECIFIED., .F., .F., .F.,
 ( 4, 4 ),
 ( 2, 2 ),
 ( 3.000000000000000000, 4.000000000000000000 ),
 ( 0.0000000000000000000, 1.000000000000000000 ),
 .UNSPECIFIED. ) ;
#2428 = CARTESIAN_POINT ( 'NONE',  ( 0.4685068591105593900, -0.5169157959078249900, 0.5300000000000000300 ) ) ;
#2429 = FACE_OUTER_BOUND ( 'NONE', #2816, .T. ) ;
#2430 = DIRECTION ( 'NONE',  ( -1.000000000000000000, 0.0000000000000000000, 0.0000000000000000000 ) ) ;
#2431 = ADVANCED_FACE ( 'NONE', ( #2623 ), #7187, .F. ) ;
#2432 = CARTESIAN_POINT ( 'NONE',  ( 0.03233352579309933100, -0.3809588923993698100, 0.5300000000000000300 ) ) ;
#2433 = DIRECTION ( 'NONE',  ( 0.0000000000000000000, 0.0000000000000000000, 1.000000000000000000 ) ) ;
#2434 = B_SPLINE_SURFACE_WITH_KNOTS ( 'NONE', 3, 1, ( 
 ( #9308, #8939 ),
 ( #8982, #8644 ),
 ( #7899, #9400 ),
 ( #7147, #2618 ) ),
 .UNSPECIFIED., .F., .F., .F.,
 ( 4, 4 ),
 ( 2, 2 ),
 ( 11.00000000000000000, 12.00000000000000000 ),
 ( 0.0000000000000000000, 1.000000000000000000 ),
 .UNSPECIFIED. ) ;
#2435 = SURFACE_SIDE_STYLE ('',( #1971 ) ) ;
#2436 = STYLED_ITEM ( 'NONE', ( #5978 ), #8803 ) ;
#2437 = CARTESIAN_POINT ( 'NONE',  ( 0.06276757072949418200, -0.3809588923993698100, 0.5400000000000000400 ) ) ;
#2438 = LINE ( 'NONE', #440, #452 ) ;
#2439 = CARTESIAN_POINT ( 'NONE',  ( 0.08988152537156514400, -0.3311577596204376400, 0.5400000000000000400 ) ) ;
#2440 = EDGE_CURVE ( 'NONE', #2960, #2397, #4372, .T. ) ;
#2441 = VERTEX_POINT ( 'NONE', #4526 ) ;
#2442 = LINE ( 'NONE', #1645, #8458 ) ;
#2443 = SURFACE_SIDE_STYLE ('',( #2821 ) ) ;
#2444 = B_SPLINE_SURFACE_WITH_KNOTS ( 'NONE', 3, 1, ( 
 ( #1704, #4693 ),
 ( #8453, #3198 ),
 ( #7724, #2428 ),
 ( #6952, #1666 ) ),
 .UNSPECIFIED., .F., .F., .F.,
 ( 4, 4 ),
 ( 2, 2 ),
 ( 4.000000000000000000, 5.000000000000000000 ),
 ( 0.0000000000000000000, 1.000000000000000000 ),
 .UNSPECIFIED. ) ;
#2445 = CARTESIAN_POINT ( 'NONE',  ( -0.1999999999999999300, 0.4000000000000000800, -0.02000000000000000000 ) ) ;
#2446 = DIRECTION ( 'NONE',  ( -0.0000000000000000000, -0.0000000000000000000, -1.000000000000000000 ) ) ;
#2447 = CARTESIAN_POINT ( 'NONE',  ( 0.6655427854081912300, -0.3379441487980494600, 0.5300000000000000300 ) ) ;
#2448 = VECTOR ( 'NONE', #8469, 1000.000000000000000 ) ;
#2449 = CARTESIAN_POINT ( 'NONE',  ( 0.6832489621453254900, -0.4562373250666672000, 0.5300000000000000300 ) ) ;
#2450 = VERTEX_POINT ( 'NONE', #1183 ) ;
#2451 = AXIS2_PLACEMENT_3D ( 'NONE', #7067, #1772, #6307 ) ;
#2452 = VERTEX_POINT ( 'NONE', #1880 ) ;
#2453 = LINE ( 'NONE', #8220, #6226 ) ;
#2454 = ADVANCED_FACE ( 'NONE', ( #2389 ), #9318, .F. ) ;
#2455 = CARTESIAN_POINT ( 'NONE',  ( 0.5140256595315849700, -0.4682536517513063400, 0.5300000000000000300 ) ) ;
#2456 = ORIENTED_EDGE ( 'NONE', *, *, #4971, .F. ) ;
#2457 = B_SPLINE_CURVE_WITH_KNOTS ( 'NONE', 3,
 ( #8770, #77, #923, #7009 ),
 .UNSPECIFIED., .F., .F.,
 ( 4, 4 ),
 ( 14.00000000000000000, 15.00000000000000000 ),
 .UNSPECIFIED. ) ;
#2458 = ORIENTED_EDGE ( 'NONE', *, *, #3948, .T. ) ;
#2459 = FILL_AREA_STYLE ('',( #7751 ) ) ;
#2460 = VECTOR ( 'NONE', #1063, 1000.000000000000000 ) ;
#2461 = DIRECTION ( 'NONE',  ( 0.0000000000000000000, 0.0000000000000000000, 1.000000000000000000 ) ) ;
#2462 = FILL_AREA_STYLE_COLOUR ( '', #4924 ) ;
#2463 = CIRCLE ( 'NONE', #8845, 0.1250000000000000000 ) ;
#2464 = EDGE_CURVE ( 'NONE', #4953, #9357, #415, .T. ) ;
#2465 = ORIENTED_EDGE ( 'NONE', *, *, #332, .T. ) ;
#2466 = STYLED_ITEM ( 'NONE', ( #701 ), #7946 ) ;
#2467 = ORIENTED_EDGE ( 'NONE', *, *, #724, .F. ) ;
#2468 = ORIENTED_EDGE ( 'NONE', *, *, #1170, .T. ) ;
#2469 = CARTESIAN_POINT ( 'NONE',  ( -0.07499999999999995600, -0.3999999999999999700, -0.02000000000000000000 ) ) ;
#2470 = VECTOR ( 'NONE', #845, 1000.000000000000000 ) ;
#2471 = DIRECTION ( 'NONE',  ( -0.0000000000000000000, -0.0000000000000000000, -1.000000000000000000 ) ) ;
#2472 = CARTESIAN_POINT ( 'NONE',  ( 0.1037151821610066400, -0.4855413672786935100, 0.5400000000000000400 ) ) ;
#2473 = VECTOR ( 'NONE', #1749, 1000.000000000000000 ) ;
#2474 = ORIENTED_EDGE ( 'NONE', *, *, #8292, .F. ) ;
#2475 = B_SPLINE_SURFACE_WITH_KNOTS ( 'NONE', 3, 1, ( 
 ( #3399, #7160 ),
 ( #7230, #2683 ),
 ( #7971, #1185 ),
 ( #6457, #1915 ) ),
 .UNSPECIFIED., .F., .F., .F.,
 ( 4, 4 ),
 ( 2, 2 ),
 ( 18.00000000000000000, 19.00000000000000000 ),
 ( 0.0000000000000000000, 1.000000000000000000 ),
 .UNSPECIFIED. ) ;
#2476 = ORIENTED_EDGE ( 'NONE', *, *, #7154, .F. ) ;
#2477 = DIRECTION ( 'NONE',  ( -1.000000000000000000, -0.0000000000000000000, -0.0000000000000000000 ) ) ;
#2478 = EDGE_CURVE ( 'NONE', #2553, #5619, #6167, .T. ) ;
#2479 = ADVANCED_FACE ( 'NONE', ( #8153 ), #9337, .T. ) ;
#2480 = FACE_BOUND ( 'NONE', #2873, .T. ) ;
#2481 = CARTESIAN_POINT ( 'NONE',  ( 0.5255247271203276100, -0.5249532064715145600, 0.5300000000000000300 ) ) ;
#2482 = ORIENTED_EDGE ( 'NONE', *, *, #9121, .T. ) ;
#2483 = EDGE_CURVE ( 'NONE', #3560, #2622, #1023, .T. ) ;
#2484 = DIRECTION ( 'NONE',  ( -0.0000000000000000000, 1.000000000000000000, -0.0000000000000000000 ) ) ;
#2485 = FILL_AREA_STYLE_COLOUR ( '', #4523 ) ;
#2486 = VECTOR ( 'NONE', #1878, 1000.000000000000000 ) ;
#2487 = CARTESIAN_POINT ( 'NONE',  ( 0.3250536907904472100, -0.4147130487388401300, 0.5400000000000000400 ) ) ;
#2488 = CARTESIAN_POINT ( 'NONE',  ( 0.3256070286187669500, -0.4479138039247974600, 0.5400000000000000400 ) ) ;
#2489 = ORIENTED_EDGE ( 'NONE', *, *, #868, .T. ) ;
#2490 = CARTESIAN_POINT ( 'NONE',  ( 0.5952154429746997500, -0.3927736129415362900, 0.5400000000000000400 ) ) ;
#2491 = UNCERTAINTY_MEASURE_WITH_UNIT (LENGTH_MEASURE( 1.000000000000000100E-005 ), #8630, 'distance_accuracy_value', 'NONE');
#2492 =( LENGTH_UNIT ( ) NAMED_UNIT ( * ) SI_UNIT ( .MILLI., .METRE. ) );
#2493 = VECTOR ( 'NONE', #5599, 1000.000000000000000 ) ;
#2494 = EDGE_LOOP ( 'NONE', ( #4791, #8856, #1514, #2285 ) ) ;
#2495 = LINE ( 'NONE', #6158, #8024 ) ;
#2496 = CARTESIAN_POINT ( 'NONE',  ( 0.4918432021587133000, -0.3887946968205875400, 0.5300000000000000300 ) ) ;
#2497 = ORIENTED_EDGE ( 'NONE', *, *, #6348, .T. ) ;
#2498 = ORIENTED_EDGE ( 'NONE', *, *, #4919, .T. ) ;
#2499 = CARTESIAN_POINT ( 'NONE',  ( 0.2138310775391865900, -0.4910748299942564500, 0.5400000000000000400 ) ) ;
#2500 = CARTESIAN_POINT ( 'NONE',  ( 0.6156073880934355100, -0.3907443657201645800, 0.5400000000000000400 ) ) ;
#2501 = LINE ( 'NONE', #5925, #510 ) ;
#2502 = B_SPLINE_SURFACE_WITH_KNOTS ( 'NONE', 3, 1, ( 
 ( #3752, #8253 ),
 ( #7511, #2204 ),
 ( #6743, #1479 ),
 ( #5974, #726 ) ),
 .UNSPECIFIED., .F., .F., .F.,
 ( 4, 4 ),
 ( 2, 2 ),
 ( 9.000000000000000000, 10.00000000000000000 ),
 ( 0.0000000000000000000, 1.000000000000000000 ),
 .UNSPECIFIED. ) ;
#2503 = EDGE_CURVE ( 'NONE', #8307, #5469, #8404, .T. ) ;
#2504 = SURFACE_STYLE_USAGE ( .BOTH. , #6893 ) ;
#2505 = ORIENTED_EDGE ( 'NONE', *, *, #2987, .T. ) ;
#2506 = ORIENTED_EDGE ( 'NONE', *, *, #2561, .F. ) ;
#2507 = ORIENTED_EDGE ( 'NONE', *, *, #6699, .T. ) ;
#2508 = ADVANCED_FACE ( 'NONE', ( #3014 ), #2551, .T. ) ;
#2509 = ORIENTED_EDGE ( 'NONE', *, *, #196, .T. ) ;
#2510 = DIRECTION ( 'NONE',  ( -1.000000000000000000, 0.0000000000000000000, 0.0000000000000000000 ) ) ;
#2511 = PLANE ( 'NONE',  #3221 ) ;
#2512 = PRESENTATION_STYLE_ASSIGNMENT (( #64 ) ) ;
#2513 = B_SPLINE_SURFACE_WITH_KNOTS ( 'NONE', 3, 1, ( 
 ( #826, #4593 ),
 ( #5379, #895 ),
 ( #6143, #9141 ),
 ( #4628, #163 ) ),
 .UNSPECIFIED., .F., .F., .F.,
 ( 4, 4 ),
 ( 2, 2 ),
 ( 3.000000000000000000, 4.000000000000000000 ),
 ( 0.0000000000000000000, 1.000000000000000000 ),
 .UNSPECIFIED. ) ;
#2514 = VERTEX_POINT ( 'NONE', #2286 ) ;
#2515 = AXIS2_PLACEMENT_3D ( 'NONE', #4165, #9440, #4902 ) ;
#2516 = LINE ( 'NONE', #5985, #2255 ) ;
#2517 = ORIENTED_EDGE ( 'NONE', *, *, #6827, .F. ) ;
#2518 = VERTEX_POINT ( 'NONE', #1313 ) ;
#2519 = VECTOR ( 'NONE', #4129, 1000.000000000000100 ) ;
#2520 = EDGE_CURVE ( 'NONE', #6637, #8857, #9567, .T. ) ;
#2521 = DIRECTION ( 'NONE',  ( -0.0000000000000000000, -0.0000000000000000000, -1.000000000000000000 ) ) ;
#2522 = B_SPLINE_SURFACE_WITH_KNOTS ( 'NONE', 3, 1, ( 
 ( #2097, #2887 ),
 ( #5871, #631 ),
 ( #5109, #9617 ),
 ( #4350, #9538 ) ),
 .UNSPECIFIED., .F., .F., .F.,
 ( 4, 4 ),
 ( 2, 2 ),
 ( 35.00000000000000000, 36.00000000000000000 ),
 ( 0.0000000000000000000, 1.000000000000000000 ),
 .UNSPECIFIED. ) ;
#2523 = CARTESIAN_POINT ( 'NONE',  ( 0.4441161032908241300, -0.3729188214990154500, 0.5400000000000000400 ) ) ;
#2524 = DIRECTION ( 'NONE',  ( 0.9306703226357374600, 0.3658589216693950400, -0.0000000000000000000 ) ) ;
#2525 = DIRECTION ( 'NONE',  ( -0.0000000000000000000, -0.0000000000000000000, -1.000000000000000000 ) ) ;
#2526 = PLANE ( 'NONE',  #4003 ) ;
#2527 = ORIENTED_EDGE ( 'NONE', *, *, #6427, .T. ) ;
#2528 = B_SPLINE_CURVE_WITH_KNOTS ( 'NONE', 3,
 ( #4410, #9682, #5165, #8911 ),
 .UNSPECIFIED., .F., .F.,
 ( 4, 4 ),
 ( 12.00000000000000000, 13.00000000000000000 ),
 .UNSPECIFIED. ) ;
#2529 = EDGE_LOOP ( 'NONE', ( #2824, #4903, #8520, #1305 ) ) ;
#2530 = EDGE_LOOP ( 'NONE', ( #901, #3056, #6296, #1095 ) ) ;
#2531 = VERTEX_POINT ( 'NONE', #9490 ) ;
#2532 = VECTOR ( 'NONE', #4028, 1000.000000000000000 ) ;
#2533 = AXIS2_PLACEMENT_3D ( 'NONE', #2169, #7471, #2946 ) ;
#2534 = DIRECTION ( 'NONE',  ( 1.000000000000000000, -0.0000000000000000000, -0.0000000000000000000 ) ) ;
#2535 = CARTESIAN_POINT ( 'NONE',  ( -0.07499999999999995600, -0.3999999999999999700, -0.02000000000000000000 ) ) ;
#2536 = CARTESIAN_POINT ( 'NONE',  ( 0.4984084137578308500, -0.5231626942171130300, 0.5400000000000000400 ) ) ;
#2537 = CARTESIAN_POINT ( 'NONE',  ( 0.2547787100791827400, -0.5253822819453388700, 0.5400000000000000400 ) ) ;
#2538 = CARTESIAN_POINT ( 'NONE',  ( 0.6082463932700258300, -0.3400927635034372000, 0.5400000000000000400 ) ) ;
#2539 = ORIENTED_EDGE ( 'NONE', *, *, #9530, .T. ) ;
#2540 = B_SPLINE_SURFACE_WITH_KNOTS ( 'NONE', 3, 1, ( 
 ( #1196, #7198 ),
 ( #5661, #429 ),
 ( #4888, #9421 ),
 ( #4152, #8659 ) ),
 .UNSPECIFIED., .F., .F., .F.,
 ( 4, 4 ),
 ( 2, 2 ),
 ( 3.000000000000000000, 4.000000000000000000 ),
 ( 0.0000000000000000000, 1.000000000000000000 ),
 .UNSPECIFIED. ) ;
#2541 = PRESENTATION_STYLE_ASSIGNMENT (( #8851 ) ) ;
#2542 = CARTESIAN_POINT ( 'NONE',  ( 0.5485626514592382200, -0.5429379073373147300, 0.5400000000000000400 ) ) ;
#2543 = EDGE_CURVE ( 'NONE', #6724, #6589, #900, .T. ) ;
#2544 = DIRECTION ( 'NONE',  ( 0.0000000000000000000, 0.0000000000000000000, 1.000000000000000000 ) ) ;
#2545 = ORIENTED_EDGE ( 'NONE', *, *, #494, .T. ) ;
#2546 = B_SPLINE_CURVE_WITH_KNOTS ( 'NONE', 3,
 ( #14, #4471, #5993, #1491 ),
 .UNSPECIFIED., .F., .F.,
 ( 4, 4 ),
 ( 7.000000000000000000, 8.000000000000000000 ),
 .UNSPECIFIED. ) ;
#2547 = FACE_OUTER_BOUND ( 'NONE', #4017, .T. ) ;
#2548 = CARTESIAN_POINT ( 'NONE',  ( 0.7000200935940980000, -0.4586644639007163000, 0.5300000000000000300 ) ) ;
#2549 = CARTESIAN_POINT ( 'NONE',  ( 0.09209491890129167800, -0.3892590864732475800, 0.5400000000000000400 ) ) ;
#2550 = B_SPLINE_SURFACE_WITH_KNOTS ( 'NONE', 3, 1, ( 
 ( #980, #7771 ),
 ( #4714, #9238 ),
 ( #3966, #8478 ),
 ( #3226, #7748 ) ),
 .UNSPECIFIED., .F., .F., .F.,
 ( 4, 4 ),
 ( 2, 2 ),
 ( 5.000000000000000000, 6.000000000000000000 ),
 ( 0.0000000000000000000, 1.000000000000000000 ),
 .UNSPECIFIED. ) ;
#2551 = PLANE ( 'NONE',  #3863 ) ;
#2552 = CARTESIAN_POINT ( 'NONE',  ( 0.4294339028051645800, -0.4472847637951952700, 0.5400000000000000400 ) ) ;
#2553 = VERTEX_POINT ( 'NONE', #9595 ) ;
#2554 = CARTESIAN_POINT ( 'NONE',  ( 0.7057099436465954500, -0.4635585307289159500, 0.5300000000000000300 ) ) ;
#2555 = EDGE_CURVE ( 'NONE', #1374, #6254, #169, .T. ) ;
#2556 = VECTOR ( 'NONE', #793, 1000.000000000000000 ) ;
#2557 = ADVANCED_FACE ( 'NONE', ( #9353 ), #1369, .F. ) ;
#2558 = UNCERTAINTY_MEASURE_WITH_UNIT (LENGTH_MEASURE( 1.000000000000000100E-005 ), #8191, 'distance_accuracy_value', 'NONE');
#2559 = DIRECTION ( 'NONE',  ( 0.0000000000000000000, -0.0000000000000000000, -1.000000000000000000 ) ) ;
#2560 = EDGE_CURVE ( 'NONE', #7253, #6111, #7349, .T. ) ;
#2561 = EDGE_CURVE ( 'NONE', #3345, #3301, #9143, .T. ) ;
#2562 = CARTESIAN_POINT ( 'NONE',  ( 0.1026084853961411600, -0.3582717248164871700, 0.5300000000000000300 ) ) ;
#2563 = DIRECTION ( 'NONE',  ( -1.000000000000000000, 0.0000000000000000000, 0.0000000000000000000 ) ) ;
#2564 = FACE_BOUND ( 'NONE', #4847, .T. ) ;
#2565 = CARTESIAN_POINT ( 'NONE',  ( 0.2918529144962699300, -0.5148686943417379900, 0.5300000000000000300 ) ) ;
#2566 = CARTESIAN_POINT ( 'NONE',  ( 0.4794488784425081100, -0.3940070769391410500, 0.5400000000000000400 ) ) ;
#2567 = B_SPLINE_CURVE_WITH_KNOTS ( 'NONE', 3,
 ( #3934, #3897, #5259, #783 ),
 .UNSPECIFIED., .F., .F.,
 ( 4, 4 ),
 ( 26.00000000000000000, 27.00000000000000000 ),
 .UNSPECIFIED. ) ;
#2568 = ORIENTED_EDGE ( 'NONE', *, *, #6962, .T. ) ;
#2569 = CARTESIAN_POINT ( 'NONE',  ( 0.4504226853421224300, -0.5094354336009293500, 0.5400000000000000400 ) ) ;
#2570 = ORIENTED_EDGE ( 'NONE', *, *, #5408, .F. ) ;
#2571 = CARTESIAN_POINT ( 'NONE',  ( 0.2409450532897411100, -0.3317111053644402100, 0.5300000000000000300 ) ) ;
#2572 = DIRECTION ( 'NONE',  ( -0.0000000000000000000, 0.0000000000000000000, -1.000000000000000000 ) ) ;
#2573 = EDGE_CURVE ( 'NONE', #7135, #5662, #5340, .T. ) ;
#2574 = ORIENTED_EDGE ( 'NONE', *, *, #3822, .T. ) ;
#2575 = ORIENTED_EDGE ( 'NONE', *, *, #8594, .T. ) ;
#2576 = VECTOR ( 'NONE', #3567, 1000.000000000000000 ) ;
#2577 = CARTESIAN_POINT ( 'NONE',  ( 0.4459662992867030600, -0.4734262427081687400, 0.5400000000000000400 ) ) ;
#2578 = ORIENTED_EDGE ( 'NONE', *, *, #5811, .T. ) ;
#2579 = PLANE ( 'NONE',  #4952 ) ;
#2580 = CARTESIAN_POINT ( 'NONE',  ( 0.0000000000000000000, 0.2750000000000000800, 0.0000000000000000000 ) ) ;
#2581 = CARTESIAN_POINT ( 'NONE',  ( 0.2409450532897411100, -0.3317111053644402100, 0.5400000000000000400 ) ) ;
#2582 = EDGE_LOOP ( 'NONE', ( #7254, #8489 ) ) ;
#2583 = AXIS2_PLACEMENT_3D ( 'NONE', #1329, #6603, #586 ) ;
#2584 = DIRECTION ( 'NONE',  ( -1.000000000000000000, 0.0000000000000000000, 0.0000000000000000000 ) ) ;
#2585 = LINE ( 'NONE', #4682, #6351 ) ;
#2586 = MECHANICAL_DESIGN_GEOMETRIC_PRESENTATION_REPRESENTATION (  '', ( #1078 ), #3105 ) ;
#2587 = B_SPLINE_CURVE_WITH_KNOTS ( 'NONE', 3,
 ( #5719, #7162, #8760, #4972 ),
 .UNSPECIFIED., .F., .F.,
 ( 4, 4 ),
 ( 7.000000000000000000, 8.000000000000000000 ),
 .UNSPECIFIED. ) ;
#2588 = VECTOR ( 'NONE', #7430, 1000.000000000000000 ) ;
#2589 = ORIENTED_EDGE ( 'NONE', *, *, #6448, .F. ) ;
#2590 = CARTESIAN_POINT ( 'NONE',  ( 0.6720483132655605800, -0.3238189965697152500, 0.5300000000000000300 ) ) ;
#2591 = CARTESIAN_POINT ( 'NONE',  ( 0.6000000000000002000, -0.3999999999999999700, -0.02000000000000000000 ) ) ;
#2592 = LINE ( 'NONE', #7197, #597 ) ;
#2593 = EDGE_CURVE ( 'NONE', #2263, #4953, #5573, .T. ) ;
#2594 = CARTESIAN_POINT ( 'NONE',  ( 0.2000000000000000900, 5.421010862427522200E-017, 0.0000000000000000000 ) ) ;
#2595 = VECTOR ( 'NONE', #7619, 1000.000000000000000 ) ;
#2596 = CARTESIAN_POINT ( 'NONE',  ( 0.5114791532143173600, -0.4782407312145751700, 0.5300000000000000300 ) ) ;
#2597 = ORIENTED_EDGE ( 'NONE', *, *, #2170, .T. ) ;
#2598 = ADVANCED_FACE ( 'NONE', ( #3579 ), #7802, .F. ) ;
#2599 = CARTESIAN_POINT ( 'NONE',  ( 0.6167811683492973000, -0.3620165913284922900, 0.5400000000000000400 ) ) ;
#2600 = CARTESIAN_POINT ( 'NONE',  ( 0.2221312927212818800, -0.5253822819453388700, 0.5400000000000000400 ) ) ;
#2601 = ORIENTED_EDGE ( 'NONE', *, *, #8862, .F. ) ;
#2602 = B_SPLINE_SURFACE_WITH_KNOTS ( 'NONE', 3, 1, ( 
 ( #5140, #5912 ),
 ( #7442, #6670 ),
 ( #2143, #4418 ),
 ( #8925, #3689 ) ),
 .UNSPECIFIED., .F., .F., .F.,
 ( 4, 4 ),
 ( 2, 2 ),
 ( 0.0000000000000000000, 1.000000000000000000 ),
 ( 0.0000000000000000000, 1.000000000000000000 ),
 .UNSPECIFIED. ) ;
#2603 = FACE_OUTER_BOUND ( 'NONE', #2199, .T. ) ;
#2604 = EDGE_CURVE ( 'NONE', #7392, #1630, #5084, .T. ) ;
#2605 = EDGE_CURVE ( 'NONE', #4109, #9186, #1328, .T. ) ;
#2606 = VECTOR ( 'NONE', #2665, 1000.000000000000000 ) ;
#2607 = DIRECTION ( 'NONE',  ( 0.0000000000000000000, 1.000000000000000000, -0.0000000000000000000 ) ) ;
#2608 = DIRECTION ( 'NONE',  ( 0.0000000000000000000, -0.0000000000000000000, -1.000000000000000000 ) ) ;
#2609 = CARTESIAN_POINT ( 'NONE',  ( 0.6720483132655605800, -0.3238189965697152500, 0.5400000000000000400 ) ) ;
#2610 = VERTEX_POINT ( 'NONE', #9713 ) ;
#2611 = CARTESIAN_POINT ( 'NONE',  ( 0.5134885058553728700, -0.5264254054360929500, 0.5400000000000000400 ) ) ;
#2612 = CARTESIAN_POINT ( 'NONE',  ( 0.5680991296116734100, -0.5148467595247607800, 0.5400000000000000400 ) ) ;
#2613 = ORIENTED_EDGE ( 'NONE', *, *, #1035, .T. ) ;
#2614 = ORIENTED_EDGE ( 'NONE', *, *, #8767, .F. ) ;
#2615 = CARTESIAN_POINT ( 'NONE',  ( 0.5332836135558864900, -0.4801904001136226800, 0.5400000000000000400 ) ) ;
#2616 = LINE ( 'NONE', #5512, #4622 ) ;
#2617 = ORIENTED_EDGE ( 'NONE', *, *, #6766, .F. ) ;
#2618 = CARTESIAN_POINT ( 'NONE',  ( 0.4517556222423695900, -0.3858105097302731400, 0.5300000000000000300 ) ) ;
#2619 = CARTESIAN_POINT ( 'NONE',  ( 0.6082463932700258300, -0.3400927635034372000, 0.5400000000000000400 ) ) ;
#2620 = CARTESIAN_POINT ( 'NONE',  ( 0.6663385686324836400, -0.3337662868712928900, 0.5400000000000000400 ) ) ;
#2621 = EDGE_LOOP ( 'NONE', ( #6573, #402, #1533, #2851 ) ) ;
#2622 = VERTEX_POINT ( 'NONE', #5897 ) ;
#2623 = FACE_OUTER_BOUND ( 'NONE', #1008, .T. ) ;
#2624 = CARTESIAN_POINT ( 'NONE',  ( 0.2741458295839214700, -0.4899681332291261900, 0.5400000000000000400 ) ) ;
#2625 = B_SPLINE_CURVE_WITH_KNOTS ( 'NONE', 3,
 ( #8157, #8190, #4423, #9698 ),
 .UNSPECIFIED., .F., .F.,
 ( 4, 4 ),
 ( 5.000000000000000000, 6.000000000000000000 ),
 .UNSPECIFIED. ) ;
#2626 = EDGE_CURVE ( 'NONE', #4306, #9582, #3124, .T. ) ;
#2627 =( NAMED_UNIT ( * ) SI_UNIT ( $, .STERADIAN. ) SOLID_ANGLE_UNIT ( ) );
#2628 = VECTOR ( 'NONE', #653, 1000.000000000000000 ) ;
#2629 = CARTESIAN_POINT ( 'NONE',  ( -0.4749999999999999200, -0.3999999999999999700, -0.02000000000000000000 ) ) ;
#2630 = LINE ( 'NONE', #966, #6634 ) ;
#2631 = CARTESIAN_POINT ( 'NONE',  ( 0.7003980906256661600, -0.5135337172053626700, 0.5300000000000000300 ) ) ;
#2632 = ORIENTED_EDGE ( 'NONE', *, *, #4417, .T. ) ;
#2633 = EDGE_LOOP ( 'NONE', ( #5649, #4211, #5994, #410 ) ) ;
#2634 = CARTESIAN_POINT ( 'NONE',  ( 0.6273451906494143000, -0.3501992104501911500, 0.5400000000000000400 ) ) ;
#2635 = ORIENTED_EDGE ( 'NONE', *, *, #4183, .T. ) ;
#2636 = ORIENTED_EDGE ( 'NONE', *, *, #3550, .T. ) ;
#2637 = CARTESIAN_POINT ( 'NONE',  ( 0.4993832482073545800, -0.4908936844783358100, 0.5400000000000000400 ) ) ;
#2638 = CARTESIAN_POINT ( 'NONE',  ( 0.1341492376519107000, -0.4694942958510384100, 0.5300000000000000300 ) ) ;
#2639 = ORIENTED_EDGE ( 'NONE', *, *, #659, .T. ) ;
#2640 = VERTEX_POINT ( 'NONE', #6239 ) ;
#2641 = LINE ( 'NONE', #9515, #5359 ) ;
#2642 = CARTESIAN_POINT ( 'NONE',  ( 0.2232379683776580500, -0.4910748299942564500, 0.5400000000000000400 ) ) ;
#2643 = DIRECTION ( 'NONE',  ( -0.0000000000000000000, -0.0000000000000000000, 1.000000000000000000 ) ) ;
#2644 = CARTESIAN_POINT ( 'NONE',  ( 0.5085148607043181700, -0.4814238641112301700, 0.5400000000000000400 ) ) ;
#2645 = ADVANCED_FACE ( 'NONE', ( #7123 ), #6091, .F. ) ;
#2646 = CARTESIAN_POINT ( 'NONE',  ( 0.04008035565278061900, -0.5242755851802133300, 0.5400000000000000400 ) ) ;
#2647 = B_SPLINE_CURVE_WITH_KNOTS ( 'NONE', 3,
 ( #7710, #3187, #4083, #2418 ),
 .UNSPECIFIED., .F., .F.,
 ( 4, 4 ),
 ( 17.00000000000000000, 18.00000000000000000 ),
 .UNSPECIFIED. ) ;
#2648 = MECHANICAL_DESIGN_GEOMETRIC_PRESENTATION_REPRESENTATION (  '', ( #1140 ), #3169 ) ;
#2649 = AXIS2_PLACEMENT_3D ( 'NONE', #1819, #3367, #8614 ) ;
#2650 = CARTESIAN_POINT ( 'NONE',  ( 0.1662433066272454600, -0.3361378739537001500, 0.5300000000000000300 ) ) ;
#2651 = FACE_OUTER_BOUND ( 'NONE', #6343, .T. ) ;
#2652 = CARTESIAN_POINT ( 'NONE',  ( 0.4523126704994259200, -0.3263257137255618500, 0.5400000000000000400 ) ) ;
#2653 =( LENGTH_UNIT ( ) NAMED_UNIT ( * ) SI_UNIT ( .MILLI., .METRE. ) );
#2654 = DIRECTION ( 'NONE',  ( 0.0000000000000000000, 0.0000000000000000000, -1.000000000000000000 ) ) ;
#2655 = CARTESIAN_POINT ( 'NONE',  ( 0.6167811683492973000, -0.3620165913284922900, 0.5400000000000000400 ) ) ;
#2656 = CARTESIAN_POINT ( 'NONE',  ( 0.3993930860938300600, -0.3238189965697173000, 0.5300000000000000300 ) ) ;
#2657 = CARTESIAN_POINT ( 'NONE',  ( 0.6665773035994542200, -0.3337662868712928900, 0.5400000000000000400 ) ) ;
#2658 = LINE ( 'NONE', #9340, #2891 ) ;
#2659 = EDGE_CURVE ( 'NONE', #2514, #8172, #8634, .T. ) ;
#2660 = CARTESIAN_POINT ( 'NONE',  ( 0.4702973713649610800, -0.4029596382106130400, 0.5300000000000000300 ) ) ;
#2661 = EDGE_CURVE ( 'NONE', #7222, #1232, #880, .T. ) ;
#2662 = B_SPLINE_CURVE_WITH_KNOTS ( 'NONE', 3,
 ( #6175, #912, #6933, #2413 ),
 .UNSPECIFIED., .F., .F.,
 ( 4, 4 ),
 ( 11.00000000000000000, 12.00000000000000000 ),
 .UNSPECIFIED. ) ;
#2663 = CARTESIAN_POINT ( 'NONE',  ( 0.2232379683776580500, -0.4910748299942564500, 0.5400000000000000400 ) ) ;
#2664 = UNCERTAINTY_MEASURE_WITH_UNIT (LENGTH_MEASURE( 1.000000000000000100E-005 ), #6919, 'distance_accuracy_value', 'NONE');
#2665 = DIRECTION ( 'NONE',  ( -1.741129794800948600E-014, 1.000000000000000000, -0.0000000000000000000 ) ) ;
#2666 = DIRECTION ( 'NONE',  ( 0.0000000000000000000, 0.0000000000000000000, -1.000000000000000000 ) ) ;
#2667 = ORIENTED_EDGE ( 'NONE', *, *, #3634, .T. ) ;
#2668 = ORIENTED_EDGE ( 'NONE', *, *, #2626, .F. ) ;
#2669 = EDGE_CURVE ( 'NONE', #90, #5435, #2857, .T. ) ;
#2670 = CIRCLE ( 'NONE', #1240, 0.1249999999999999400 ) ;
#2671 = CARTESIAN_POINT ( 'NONE',  ( 0.4405350787820243600, -0.5152048619757483300, 0.5400000000000000400 ) ) ;
#2672 = DIRECTION ( 'NONE',  ( -0.3385350342956530700, -0.9409537876827114300, 0.0000000000000000000 ) ) ;
#2673 = ORIENTED_EDGE ( 'NONE', *, *, #3468, .T. ) ;
#2674 = CARTESIAN_POINT ( 'NONE',  ( 0.6167811683492973000, -0.3620165913284922900, 0.5300000000000000300 ) ) ;
#2675 = ORIENTED_EDGE ( 'NONE', *, *, #882, .T. ) ;
#2676 = VECTOR ( 'NONE', #2221, 1000.000000000000000 ) ;
#2677 = ORIENTED_EDGE ( 'NONE', *, *, #6718, .T. ) ;
#2678 = ORIENTED_EDGE ( 'NONE', *, *, #4096, .T. ) ;
#2679 = DIRECTION ( 'NONE',  ( 0.0000000000000000000, -1.000000000000000000, 0.0000000000000000000 ) ) ;
#2680 = AXIS2_PLACEMENT_3D ( 'NONE', #2591, #9275, #2563 ) ;
#2681 = CIRCLE ( 'NONE', #6751, 0.1250000000000000000 ) ;
#2682 = ADVANCED_FACE ( 'NONE', ( #637 ), #2843, .F. ) ;
#2683 = CARTESIAN_POINT ( 'NONE',  ( 0.007432943572267011600, -0.4058594746199374300, 0.5300000000000000300 ) ) ;
#2684 = CARTESIAN_POINT ( 'NONE',  ( 0.1037151821610066400, -0.4855413672786935100, 0.5300000000000000300 ) ) ;
#2685 = COLOUR_RGB ( '',0.6666666666666666300, 0.6666666666666666300, 0.6666666666666666300 ) ;
#2686 = EDGE_CURVE ( 'NONE', #4575, #4394, #4375, .T. ) ;
#2687 = ORIENTED_EDGE ( 'NONE', *, *, #4112, .F. ) ;
#2688 = ORIENTED_EDGE ( 'NONE', *, *, #2920, .F. ) ;
#2689 = VECTOR ( 'NONE', #48, 1000.000000000000000 ) ;
#2690 = PLANE ( 'NONE',  #5606 ) ;
#2691 = CARTESIAN_POINT ( 'NONE',  ( 0.09209491890129167800, -0.3892590864732475800, 0.5300000000000000300 ) ) ;
#2692 = CARTESIAN_POINT ( 'NONE',  ( 0.5074206587713087100, -0.3238189965697173000, 0.5300000000000000300 ) ) ;
#2693 = DIRECTION ( 'NONE',  ( -0.0000000000000000000, -0.0000000000000000000, -1.000000000000000000 ) ) ;
#2694 = MECHANICAL_DESIGN_GEOMETRIC_PRESENTATION_REPRESENTATION (  '', ( #1201 ), #3235 ) ;
#2695 = ORIENTED_EDGE ( 'NONE', *, *, #598, .F. ) ;
#2696 = AXIS2_PLACEMENT_3D ( 'NONE', #9632, #8481, #3969 ) ;
#2697 = VECTOR ( 'NONE', #47, 1000.000000000000200 ) ;
#2698 = ORIENTED_EDGE ( 'NONE', *, *, #3751, .F. ) ;
#2699 = LINE ( 'NONE', #418, #8251 ) ;
#2700 = VERTEX_POINT ( 'NONE', #6400 ) ;
#2701 = CARTESIAN_POINT ( 'NONE',  ( 0.2437117846475233600, -0.4053061579003669500, 0.5400000000000000400 ) ) ;
#2702 = FILL_AREA_STYLE ('',( #4935 ) ) ;
#2703 = FILL_AREA_STYLE ('',( #3462 ) ) ;
#2704 = CARTESIAN_POINT ( 'NONE',  ( 0.5676415542583115300, -0.5158812777165562300, 0.5400000000000000400 ) ) ;
#2705 = EDGE_CURVE ( 'NONE', #3409, #1863, #8389, .T. ) ;
#2706 = CARTESIAN_POINT ( 'NONE',  ( 0.5359494873566411600, -0.5063318790265991500, 0.5300000000000000300 ) ) ;
#2707 = B_SPLINE_SURFACE_WITH_KNOTS ( 'NONE', 3, 1, ( 
 ( #3945, #8426 ),
 ( #4662, #8391 ),
 ( #172, #4337 ),
 ( #6887, #4635 ) ),
 .UNSPECIFIED., .F., .F., .F.,
 ( 4, 4 ),
 ( 2, 2 ),
 ( 4.000000000000000000, 5.000000000000000000 ),
 ( 0.0000000000000000000, 1.000000000000000000 ),
 .UNSPECIFIED. ) ;
#2708 = VERTEX_POINT ( 'NONE', #6581 ) ;
#2709 = VECTOR ( 'NONE', #1508, 1000.000000000000000 ) ;
#2710 = CARTESIAN_POINT ( 'NONE',  ( 0.1479828838871060400, -0.5065685002683939500, 0.5400000000000000400 ) ) ;
#2711 = ORIENTED_EDGE ( 'NONE', *, *, #2062, .T. ) ;
#2712 = MECHANICAL_DESIGN_GEOMETRIC_PRESENTATION_REPRESENTATION (  '', ( #716 ), #3256 ) ;
#2713 = ORIENTED_EDGE ( 'NONE', *, *, #8232, .T. ) ;
#2714 = ORIENTED_EDGE ( 'NONE', *, *, #8594, .F. ) ;
#2715 = ADVANCED_FACE ( 'NONE', ( #6402 ), #1596, .F. ) ;
#2716 = VECTOR ( 'NONE', #3736, 1000.000000000000000 ) ;
#2717 = ORIENTED_EDGE ( 'NONE', *, *, #8570, .F. ) ;
#2718 = CYLINDRICAL_SURFACE ( 'NONE', #8917, 0.1249999999999999700 ) ;
#2719 = VERTEX_POINT ( 'NONE', #8806 ) ;
#2720 = EDGE_CURVE ( 'NONE', #1326, #2185, #4636, .T. ) ;
#2721 = ORIENTED_EDGE ( 'NONE', *, *, #8767, .T. ) ;
#2722 = ORIENTED_EDGE ( 'NONE', *, *, #8920, .T. ) ;
#2723 = CARTESIAN_POINT ( 'NONE',  ( 0.1479828838871060400, -0.5010350375522992800, 0.5400000000000000400 ) ) ;
#2724 = EDGE_CURVE ( 'NONE', #1338, #5598, #6888, .T. ) ;
#2725 = CARTESIAN_POINT ( 'NONE',  ( 0.5475082386873916200, -0.3327715578411892800, 0.5400000000000000400 ) ) ;
#2726 = B_SPLINE_SURFACE_WITH_KNOTS ( 'NONE', 3, 1, ( 
 ( #9268, #6085 ),
 ( #4999, #7168 ),
 ( #7439, #5650 ),
 ( #838, #3379 ) ),
 .UNSPECIFIED., .F., .F., .F.,
 ( 4, 4 ),
 ( 2, 2 ),
 ( 5.000000000000000000, 6.000000000000000000 ),
 ( 0.0000000000000000000, 1.000000000000000000 ),
 .UNSPECIFIED. ) ;
#2727 = CARTESIAN_POINT ( 'NONE',  ( 0.2437117846475233600, -0.4053061579003669500, 0.5300000000000000300 ) ) ;
#2728 = CARTESIAN_POINT ( 'NONE',  ( 0.5221028592567049700, -0.5184675731947233600, 0.5400000000000000400 ) ) ;
#2729 = CARTESIAN_POINT ( 'NONE',  ( 0.1479828838871060400, -0.5010350375522992800, 0.5300000000000000300 ) ) ;
#2730 = ORIENTED_EDGE ( 'NONE', *, *, #3605, .T. ) ;
#2731 = VECTOR ( 'NONE', #3414, 1000.000000000000000 ) ;
#2732 = DIRECTION ( 'NONE',  ( 0.0000000000000000000, -0.0000000000000000000, -1.000000000000000000 ) ) ;
#2733 = ORIENTED_EDGE ( 'NONE', *, *, #5694, .T. ) ;
#2734 = VERTEX_POINT ( 'NONE', #6594 ) ;
#2735 = ORIENTED_EDGE ( 'NONE', *, *, #4872, .F. ) ;
#2736 = CARTESIAN_POINT ( 'NONE',  ( 0.08988152537156514400, -0.3311577596204376400, 0.5400000000000000400 ) ) ;
#2737 = ORIENTED_EDGE ( 'NONE', *, *, #7873, .T. ) ;
#2738 = LINE ( 'NONE', #1173, #8743 ) ;
#2739 = CARTESIAN_POINT ( 'NONE',  ( 0.6316623146407689400, -0.4016465958906835200, 0.5400000000000000400 ) ) ;
#2740 = CARTESIAN_POINT ( 'NONE',  ( -0.004187346072788054000, -0.4977149683664612300, 0.5300000000000000300 ) ) ;
#2741 = CARTESIAN_POINT ( 'NONE',  ( 0.5853875201566092200, -0.4016465958906835200, 0.5300000000000000300 ) ) ;
#2742 = CARTESIAN_POINT ( 'NONE',  ( 0.7142447187253383500, -0.4854823585539703200, 0.5400000000000000400 ) ) ;
#2743 = CARTESIAN_POINT ( 'NONE',  ( 0.2437117846475233600, -0.4053061579003669500, 0.5400000000000000400 ) ) ;
#2744 = PRESENTATION_LAYER_ASSIGNMENT (  '', '', ( #2227 ) ) ;
#2745 = PLANE ( 'NONE',  #5353 ) ;
#2746 = ORIENTED_EDGE ( 'NONE', *, *, #240, .F. ) ;
#2747 = VERTEX_POINT ( 'NONE', #2040 ) ;
#2748 = ORIENTED_EDGE ( 'NONE', *, *, #5170, .T. ) ;
#2749 = LINE ( 'NONE', #1617, #8753 ) ;
#2750 = EDGE_CURVE ( 'NONE', #7590, #1997, #7649, .T. ) ;
#2751 = CARTESIAN_POINT ( 'NONE',  ( -0.4749999999999999200, 5.421010862427522200E-017, -0.02000000000000000000 ) ) ;
#2752 = CARTESIAN_POINT ( 'NONE',  ( 0.2060842424023816300, -0.4988216862395458700, 0.5300000000000000300 ) ) ;
#2753 = ORIENTED_EDGE ( 'NONE', *, *, #7860, .T. ) ;
#2754 = ORIENTED_EDGE ( 'NONE', *, *, #2339, .T. ) ;
#2755 = LINE ( 'NONE', #4426, #4767 ) ;
#2756 =( GEOMETRIC_REPRESENTATION_CONTEXT ( 3 ) GLOBAL_UNCERTAINTY_ASSIGNED_CONTEXT ( ( #1810 ) ) GLOBAL_UNIT_ASSIGNED_CONTEXT ( ( #8316, #3050, #7561 ) ) REPRESENTATION_CONTEXT ( 'NONE', 'WORKASPACE' ) );
#2757 = STYLED_ITEM ( 'NONE', ( #5049 ), #3896 ) ;
#2758 = CARTESIAN_POINT ( 'NONE',  ( 0.4294339028051645800, -0.4562373250666699200, 0.5300000000000000300 ) ) ;
#2759 = CARTESIAN_POINT ( 'NONE',  ( 0.2514586197845931600, -0.4916281678223113900, 0.5300000000000000300 ) ) ;
#2760 = B_SPLINE_SURFACE_WITH_KNOTS ( 'NONE', 3, 1, ( 
 ( #4169, #115 ),
 ( #3435, #8884 ),
 ( #5764, #1847 ),
 ( #1149, #3425 ) ),
 .UNSPECIFIED., .F., .F., .F.,
 ( 4, 4 ),
 ( 2, 2 ),
 ( 0.0000000000000000000, 1.000000000000000000 ),
 ( 0.0000000000000000000, 1.000000000000000000 ),
 .UNSPECIFIED. ) ;
#2761 = DIRECTION ( 'NONE',  ( 0.0000000000000000000, 0.0000000000000000000, 1.000000000000000000 ) ) ;
#2762 = CARTESIAN_POINT ( 'NONE',  ( 0.5183626781032558700, -0.5025916978731507200, 0.5300000000000000300 ) ) ;
#2763 = CARTESIAN_POINT ( 'NONE',  ( 0.5519248355813865000, -0.4695269049100741500, 0.5400000000000000400 ) ) ;
#2764 = CARTESIAN_POINT ( 'NONE',  ( -0.4749999999999999200, 0.3649999999999998800, 0.0000000000000000000 ) ) ;
#2765 = VECTOR ( 'NONE', #4603, 1000.000000000000200 ) ;
#2766 = DIRECTION ( 'NONE',  ( -0.4673073067545585000, 0.8840949502478798700, 0.0000000000000000000 ) ) ;
#2767 = EDGE_CURVE ( 'NONE', #5141, #3804, #6886, .T. ) ;
#2768 = ADVANCED_FACE ( 'NONE', ( #419 ), #8019, .F. ) ;
#2769 = MECHANICAL_DESIGN_GEOMETRIC_PRESENTATION_REPRESENTATION (  '', ( #298 ), #3302 ) ;
#2770 = PLANE ( 'NONE',  #8633 ) ;
#2771 = UNCERTAINTY_MEASURE_WITH_UNIT (LENGTH_MEASURE( 1.000000000000000100E-005 ), #5501, 'distance_accuracy_value', 'NONE');
#2772 = CARTESIAN_POINT ( 'NONE',  ( 0.6926789933512694800, -0.5162393801670115400, 0.5300000000000000300 ) ) ;
#2773 = CARTESIAN_POINT ( 'NONE',  ( 0.4851984122370147600, -0.5251123631161622700, 0.5400000000000000400 ) ) ;
#2774 = VECTOR ( 'NONE', #9096, 1000.000000000000000 ) ;
#2775 = CARTESIAN_POINT ( 'NONE',  ( 0.4448124136116833900, -0.3339652326776322300, 0.5400000000000000400 ) ) ;
#2776 = DIRECTION ( 'NONE',  ( -0.0000000000000000000, -0.0000000000000000000, -1.000000000000000000 ) ) ;
#2777 = CARTESIAN_POINT ( 'NONE',  ( 0.4335719755707609400, -0.3758632194286974900, 0.5300000000000000300 ) ) ;
#2778 = CARTESIAN_POINT ( 'NONE',  ( 0.4993832482073545800, -0.4908936844783358100, 0.5300000000000000300 ) ) ;
#2779 = EDGE_CURVE ( 'NONE', #6223, #8967, #209, .T. ) ;
#2780 = CARTESIAN_POINT ( 'NONE',  ( 0.2392850186965596000, -0.3665719188903615000, 0.5300000000000000300 ) ) ;
#2781 = FACE_BOUND ( 'NONE', #2829, .T. ) ;
#2782 = EDGE_CURVE ( 'NONE', #2832, #7217, #4155, .T. ) ;
#2783 = ORIENTED_EDGE ( 'NONE', *, *, #4795, .F. ) ;
#2784 = VERTEX_POINT ( 'NONE', #5602 ) ;
#2785 = CARTESIAN_POINT ( 'NONE',  ( 0.6082463932700258300, -0.3400927635034372000, 0.5300000000000000300 ) ) ;
#2786 = CARTESIAN_POINT ( 'NONE',  ( 0.1656899687989250900, -0.3029370976592576900, 0.5400000000000000400 ) ) ;
#2787 = SURFACE_STYLE_USAGE ( .BOTH. , #4297 ) ;
#2788 = CARTESIAN_POINT ( 'NONE',  ( 0.6826521247273690300, -0.3803593946447457200, 0.5400000000000000400 ) ) ;
#2789 =( NAMED_UNIT ( * ) SI_UNIT ( $, .STERADIAN. ) SOLID_ANGLE_UNIT ( ) );
#2790 = CARTESIAN_POINT ( 'NONE',  ( -0.02742788842358112900, -0.4136063519742447200, 0.5300000000000000300 ) ) ;
#2791 = DIRECTION ( 'NONE',  ( -0.0000000000000000000, -0.0000000000000000000, -1.000000000000000000 ) ) ;
#2792 = ORIENTED_EDGE ( 'NONE', *, *, #7289, .T. ) ;
#2793 = VECTOR ( 'NONE', #488, 999.9999999999998900 ) ;
#2794 = FACE_OUTER_BOUND ( 'NONE', #6249, .T. ) ;
#2795 = ORIENTED_EDGE ( 'NONE', *, *, #7185, .F. ) ;
#2796 = EDGE_CURVE ( 'NONE', #3477, #8971, #7942, .T. ) ;
#2797 = ORIENTED_EDGE ( 'NONE', *, *, #5614, .F. ) ;
#2798 = CARTESIAN_POINT ( 'NONE',  ( 0.4435590550337630800, -0.3923359321682266500, 0.5400000000000000400 ) ) ;
#2799 = CARTESIAN_POINT ( 'NONE',  ( 0.7640408539765581900, -0.4572320540973008900, 0.5300000000000000300 ) ) ;
#2800 = CARTESIAN_POINT ( 'NONE',  ( 0.5174674219760534400, -0.3327715578411892800, 0.5400000000000000400 ) ) ;
#2801 = FACE_OUTER_BOUND ( 'NONE', #9075, .T. ) ;
#2802 = CARTESIAN_POINT ( 'NONE',  ( 0.7142447187253383500, -0.4854823585539703200, 0.5300000000000000300 ) ) ;
#2803 = CARTESIAN_POINT ( 'NONE',  ( 0.5092310656060270400, -0.4875911840981984000, 0.5300000000000000300 ) ) ;
#2804 = LINE ( 'NONE', #4308, #6836 ) ;
#2805 = CARTESIAN_POINT ( 'NONE',  ( 0.7801156751039408600, -0.5038251618707552100, 0.5300000000000000300 ) ) ;
#2806 = VERTEX_POINT ( 'NONE', #5015 ) ;
#2807 = AXIS2_PLACEMENT_3D ( 'NONE', #5167, #5933, #1433 ) ;
#2808 = DIRECTION ( 'NONE',  ( 1.000000000000000000, 0.0000000000000000000, 0.0000000000000000000 ) ) ;
#2809 = AXIS2_PLACEMENT_3D ( 'NONE', #417, #6418, #1876 ) ;
#2810 = DIRECTION ( 'NONE',  ( 1.000000000000000000, -0.0000000000000000000, -0.0000000000000000000 ) ) ;
#2811 = VECTOR ( 'NONE', #8657, 1000.000000000000000 ) ;
#2812 = EDGE_CURVE ( 'NONE', #5658, #3345, #6116, .T. ) ;
#2813 = ADVANCED_FACE ( 'NONE', ( #7723 ), #7644, .F. ) ;
#2814 = SURFACE_STYLE_FILL_AREA ( #1507 ) ;
#2815 = FACE_OUTER_BOUND ( 'NONE', #867, .T. ) ;
#2816 = EDGE_LOOP ( 'NONE', ( #1454, #1893, #5790, #1020, #1158, #5199, #3250 ) ) ;
#2817 = VERTEX_POINT ( 'NONE', #1238 ) ;
#2818 = EDGE_LOOP ( 'NONE', ( #5047, #2072, #1624, #1563 ) ) ;
#2819 = DIRECTION ( 'NONE',  ( -0.0000000000000000000, 1.000000000000000000, -0.0000000000000000000 ) ) ;
#2820 = CARTESIAN_POINT ( 'NONE',  ( 0.1092486554310766500, -0.4506805247283358100, 0.5400000000000000400 ) ) ;
#2821 = SURFACE_STYLE_FILL_AREA ( #6971 ) ;
#2822 = CARTESIAN_POINT ( 'NONE',  ( 0.3893463228890840000, -0.5251123631161628300, 0.5400000000000000400 ) ) ;
#2823 = CARTESIAN_POINT ( 'NONE',  ( 0.6655427854081912300, -0.3379441487980494600, 0.5300000000000000300 ) ) ;
#2824 = ORIENTED_EDGE ( 'NONE', *, *, #9499, .T. ) ;
#2825 = CARTESIAN_POINT ( 'NONE',  ( 0.5292251191126152700, -0.4690494349756042500, 0.5300000000000000300 ) ) ;
#2826 = FACE_OUTER_BOUND ( 'NONE', #4608, .T. ) ;
#2827 = MECHANICAL_DESIGN_GEOMETRIC_PRESENTATION_REPRESENTATION (  '', ( #1320 ), #3364 ) ;
#2828 = ORIENTED_EDGE ( 'NONE', *, *, #5928, .T. ) ;
#2829 = EDGE_LOOP ( 'NONE', ( #2326, #4108 ) ) ;
#2830 = LINE ( 'NONE', #1808, #8832 ) ;
#2831 = B_SPLINE_SURFACE_WITH_KNOTS ( 'NONE', 3, 1, ( 
 ( #8789, #6553 ),
 ( #9558, #5035 ),
 ( #563, #5802 ),
 ( #1296, #6578 ) ),
 .UNSPECIFIED., .F., .F., .F.,
 ( 4, 4 ),
 ( 2, 2 ),
 ( 7.000000000000000000, 8.000000000000000000 ),
 ( 0.0000000000000000000, 1.000000000000000000 ),
 .UNSPECIFIED. ) ;
#2832 = VERTEX_POINT ( 'NONE', #4312 ) ;
#2833 =( NAMED_UNIT ( * ) PLANE_ANGLE_UNIT ( ) SI_UNIT ( $, .RADIAN. ) );
#2834 = CARTESIAN_POINT ( 'NONE',  ( 0.5492788563609450900, -0.3927736129415362900, 0.5300000000000000300 ) ) ;
#2835 = CARTESIAN_POINT ( 'NONE',  ( 0.5332836135558864900, -0.4707205797465184900, 0.5400000000000000400 ) ) ;
#2836 = VERTEX_POINT ( 'NONE', #2740 ) ;
#2837 = ORIENTED_EDGE ( 'NONE', *, *, #3401, .F. ) ;
#2838 = CARTESIAN_POINT ( 'NONE',  ( 0.7003980906256661600, -0.5135337172053626700, 0.5400000000000000400 ) ) ;
#2839 = UNCERTAINTY_MEASURE_WITH_UNIT (LENGTH_MEASURE( 1.000000000000000100E-005 ), #61, 'distance_accuracy_value', 'NONE');
#2840 = VERTEX_POINT ( 'NONE', #2342 ) ;
#2841 = EDGE_CURVE ( 'NONE', #8033, #2960, #2127, .T. ) ;
#2842 = PLANE ( 'NONE',  #7880 ) ;
#2843 = B_SPLINE_SURFACE_WITH_KNOTS ( 'NONE', 3, 1, ( 
 ( #5716, #8241 ),
 ( #3563, #3809 ),
 ( #824, #9138 ),
 ( #3875, #3262 ) ),
 .UNSPECIFIED., .F., .F., .F.,
 ( 4, 4 ),
 ( 2, 2 ),
 ( 23.00000000000000000, 24.00000000000000000 ),
 ( 0.0000000000000000000, 1.000000000000000000 ),
 .UNSPECIFIED. ) ;
#2844 = CARTESIAN_POINT ( 'NONE',  ( 0.2437117846475233600, -0.4053061579003669500, 0.5400000000000000400 ) ) ;
#2845 = EDGE_CURVE ( 'NONE', #5482, #4342, #5684, .T. ) ;
#2846 = ORIENTED_EDGE ( 'NONE', *, *, #1154, .T. ) ;
#2847 = FILL_AREA_STYLE ('',( #4443 ) ) ;
#2848 = PRESENTATION_STYLE_ASSIGNMENT (( #6763 ) ) ;
#2849 = CARTESIAN_POINT ( 'NONE',  ( 0.2000000000000000900, -0.3999999999999999700, -0.02000000000000000000 ) ) ;
#2850 = ORIENTED_EDGE ( 'NONE', *, *, #8561, .F. ) ;
#2851 = ORIENTED_EDGE ( 'NONE', *, *, #5459, .T. ) ;
#2852 = LINE ( 'NONE', #5799, #6882 ) ;
#2853 = ORIENTED_EDGE ( 'NONE', *, *, #8503, .T. ) ;
#2854 = B_SPLINE_SURFACE_WITH_KNOTS ( 'NONE', 3, 1, ( 
 ( #8822, #4310 ),
 ( #9590, #5071 ),
 ( #590, #5832 ),
 ( #1334, #6604 ) ),
 .UNSPECIFIED., .F., .F., .F.,
 ( 4, 4 ),
 ( 2, 2 ),
 ( 14.00000000000000000, 15.00000000000000000 ),
 ( 0.0000000000000000000, 1.000000000000000000 ),
 .UNSPECIFIED. ) ;
#2855 = B_SPLINE_CURVE_WITH_KNOTS ( 'NONE', 3,
 ( #3916, #235, #7755, #3234 ),
 .UNSPECIFIED., .F., .F.,
 ( 4, 4 ),
 ( 0.0000000000000000000, 1.000000000000000000 ),
 .UNSPECIFIED. ) ;
#2856 = DIRECTION ( 'NONE',  ( 0.0000000000000000000, 0.0000000000000000000, -1.000000000000000000 ) ) ;
#2857 = LINE ( 'NONE', #8513, #2628 ) ;
#2858 = LINE ( 'NONE', #2835, #4852 ) ;
#2859 = ORIENTED_EDGE ( 'NONE', *, *, #7913, .T. ) ;
#2860 = EDGE_CURVE ( 'NONE', #6769, #9597, #5357, .T. ) ;
#2861 = DIRECTION ( 'NONE',  ( -0.0000000000000000000, -1.000000000000000000, -0.0000000000000000000 ) ) ;
#2862 = ORIENTED_EDGE ( 'NONE', *, *, #2669, .F. ) ;
#2863 = ORIENTED_EDGE ( 'NONE', *, *, #3773, .F. ) ;
#2864 = VERTEX_POINT ( 'NONE', #1133 ) ;
#2865 = SURFACE_STYLE_FILL_AREA ( #2459 ) ;
#2866 = CARTESIAN_POINT ( 'NONE',  ( 0.6427634906171156800, -0.4811453399825667000, 0.5300000000000000300 ) ) ;
#2867 = DIRECTION ( 'NONE',  ( -0.0000000000000000000, -0.0000000000000000000, -1.000000000000000000 ) ) ;
#2868 = CARTESIAN_POINT ( 'NONE',  ( 0.6670149843727671800, -0.3363525823499887200, 0.5300000000000000300 ) ) ;
#2869 = CARTESIAN_POINT ( 'NONE',  ( 0.07494118237177233000, -0.3488648392551344000, 0.5400000000000000400 ) ) ;
#2870 = EDGE_CURVE ( 'NONE', #3979, #6059, #3696, .T. ) ;
#2871 = B_SPLINE_CURVE_WITH_KNOTS ( 'NONE', 3,
 ( #7702, #8437, #3936, #2412 ),
 .UNSPECIFIED., .F., .F.,
 ( 4, 4 ),
 ( 7.000000000000000000, 8.000000000000000000 ),
 .UNSPECIFIED. ) ;
#2872 = CARTESIAN_POINT ( 'NONE',  ( 0.3893463228890840000, -0.4472847637951952700, 0.5400000000000000400 ) ) ;
#2873 = EDGE_LOOP ( 'NONE', ( #1904, #856, #8538, #8300, #4856, #60, #7784 ) ) ;
#2874 = ADVANCED_FACE ( 'NONE', ( #7463 ), #5411, .F. ) ;
#2875 = ORIENTED_EDGE ( 'NONE', *, *, #8968, .F. ) ;
#2876 = DIRECTION ( 'NONE',  ( -1.000000000000000000, 0.0000000000000000000, -0.0000000000000000000 ) ) ;
#2877 = CARTESIAN_POINT ( 'NONE',  ( 0.4851984122370147600, -0.4752565441237334200, 0.5300000000000000300 ) ) ;
#2878 = EDGE_CURVE ( 'NONE', #7436, #2747, #4598, .T. ) ;
#2879 =( GEOMETRIC_REPRESENTATION_CONTEXT ( 3 ) GLOBAL_UNCERTAINTY_ASSIGNED_CONTEXT ( ( #7378 ) ) GLOBAL_UNIT_ASSIGNED_CONTEXT ( ( #2220, #7520, #3009 ) ) REPRESENTATION_CONTEXT ( 'NONE', 'WORKASPACE' ) );
#2880 = DIRECTION ( 'NONE',  ( 0.0000000000000000000, 0.0000000000000000000, -1.000000000000000000 ) ) ;
#2881 = EDGE_CURVE ( 'NONE', #5482, #7363, #9461, .T. ) ;
#2882 = DIRECTION ( 'NONE',  ( 0.0000000000000000000, 0.0000000000000000000, 1.000000000000000000 ) ) ;
#2883 = ORIENTED_EDGE ( 'NONE', *, *, #8274, .F. ) ;
#2884 = DIRECTION ( 'NONE',  ( -0.0000000000000000000, -0.0000000000000000000, -1.000000000000000000 ) ) ;
#2885 = VECTOR ( 'NONE', #8749, 1000.000000000000000 ) ;
#2886 = CARTESIAN_POINT ( 'NONE',  ( 0.7634241219774903200, -0.4595796146084971100, 0.5400000000000000400 ) ) ;
#2887 = CARTESIAN_POINT ( 'NONE',  ( 0.3256070286187669500, -0.4479138039247974600, 0.5300000000000000300 ) ) ;
#2888 = B_SPLINE_SURFACE_WITH_KNOTS ( 'NONE', 3, 1, ( 
 ( #8156, #8891 ),
 ( #9661, #5144 ),
 ( #665, #5915 ),
 ( #1409, #6674 ) ),
 .UNSPECIFIED., .F., .F., .F.,
 ( 4, 4 ),
 ( 2, 2 ),
 ( 13.00000000000000000, 14.00000000000000000 ),
 ( 0.0000000000000000000, 1.000000000000000000 ),
 .UNSPECIFIED. ) ;
#2889 = PLANE ( 'NONE',  #1970 ) ;
#2890 = MECHANICAL_DESIGN_GEOMETRIC_PRESENTATION_REPRESENTATION (  '', ( #1373 ), #3415 ) ;
#2891 = VECTOR ( 'NONE', #4068, 1000.000000000000000 ) ;
#2892 = CARTESIAN_POINT ( 'NONE',  ( 0.5259425133130581900, -0.5109474217266660700, 0.5300000000000000300 ) ) ;
#2893 = CARTESIAN_POINT ( 'NONE',  ( 0.4606882889335261500, -0.5184277840335637100, 0.5400000000000000400 ) ) ;
#2894 = SURFACE_STYLE_USAGE ( .BOTH. , #1244 ) ;
#2895 = DIRECTION ( 'NONE',  ( -0.0000000000000000000, -0.0000000000000000000, -1.000000000000000000 ) ) ;
#2896 = FILL_AREA_STYLE_COLOUR ( '', #9178 ) ;
#2897 = CARTESIAN_POINT ( 'NONE',  ( -0.02742788842358112900, -0.4374002374296833700, 0.5300000000000000300 ) ) ;
#2898 = CARTESIAN_POINT ( 'NONE',  ( 0.9000000000000001300, 0.6500000000000000200, 0.0000000000000000000 ) ) ;
#2899 = UNCERTAINTY_MEASURE_WITH_UNIT (LENGTH_MEASURE( 1.000000000000000100E-005 ), #9072, 'distance_accuracy_value', 'NONE');
#2900 = EDGE_CURVE ( 'NONE', #8514, #5921, #3470, .T. ) ;
#2901 = B_SPLINE_SURFACE_WITH_KNOTS ( 'NONE', 3, 1, ( 
 ( #2537, #5553 ),
 ( #6319, #1789 ),
 ( #7081, #2565 ),
 ( #7848, #3330 ) ),
 .UNSPECIFIED., .F., .F., .F.,
 ( 4, 4 ),
 ( 2, 2 ),
 ( 33.00000000000000000, 34.00000000000000000 ),
 ( 0.0000000000000000000, 1.000000000000000000 ),
 .UNSPECIFIED. ) ;
#2902 = DIRECTION ( 'NONE',  ( -0.0000000000000000000, -0.0000000000000000000, -1.000000000000000000 ) ) ;
#2903 = CARTESIAN_POINT ( 'NONE',  ( 0.3993930860938300600, -0.4562373250666699200, 0.5400000000000000400 ) ) ;
#2904 = CARTESIAN_POINT ( 'NONE',  ( 0.5485626514592382200, -0.5429379073373147300, 0.5300000000000000300 ) ) ;
#2905 = CARTESIAN_POINT ( 'NONE',  ( 0.4734009259390251100, -0.3225059542497878400, 0.5300000000000000300 ) ) ;
#2906 = EDGE_LOOP ( 'NONE', ( #3702, #3753, #1191, #1779 ) ) ;
#2907 = DIRECTION ( 'NONE',  ( 1.000000000000000000, 0.0000000000000000000, 0.0000000000000000000 ) ) ;
#2908 = CARTESIAN_POINT ( 'NONE',  ( 0.5191584613272886000, -0.4761716948315121700, 0.5400000000000000400 ) ) ;
#2909 = ORIENTED_EDGE ( 'NONE', *, *, #6463, .F. ) ;
#2910 = B_SPLINE_SURFACE_WITH_KNOTS ( 'NONE', 3, 1, ( 
 ( #8334, #2295 ),
 ( #3598, #5951 ),
 ( #5193, #9701 ),
 ( #8940, #7450 ) ),
 .UNSPECIFIED., .F., .F., .F.,
 ( 4, 4 ),
 ( 2, 2 ),
 ( 7.000000000000000000, 8.000000000000000000 ),
 ( 0.0000000000000000000, 1.000000000000000000 ),
 .UNSPECIFIED. ) ;
#2911 = CARTESIAN_POINT ( 'NONE',  ( 0.5292251191126152700, -0.4690494349756042500, 0.5300000000000000300 ) ) ;
#2912 = CARTESIAN_POINT ( 'NONE',  ( 0.4589773550014471500, -0.4920873593142480700, 0.5300000000000000300 ) ) ;
#2913 = LINE ( 'NONE', #1761, #6942 ) ;
#2914 = ORIENTED_EDGE ( 'NONE', *, *, #6599, .F. ) ;
#2915 = EDGE_CURVE ( 'NONE', #1594, #9296, #3856, .T. ) ;
#2916 = DIRECTION ( 'NONE',  ( 1.000000000000000000, -0.0000000000000000000, -0.0000000000000000000 ) ) ;
#2917 =( NAMED_UNIT ( * ) SI_UNIT ( $, .STERADIAN. ) SOLID_ANGLE_UNIT ( ) );
#2918 = VERTEX_POINT ( 'NONE', #1979 ) ;
#2919 = FACE_OUTER_BOUND ( 'NONE', #6527, .T. ) ;
#2920 = EDGE_CURVE ( 'NONE', #6613, #1872, #9681, .T. ) ;
#2921 = EDGE_LOOP ( 'NONE', ( #7666, #9572 ) ) ;
#2922 = ADVANCED_FACE ( 'NONE', ( #5205 ), #6283, .T. ) ;
#2923 = CARTESIAN_POINT ( 'NONE',  ( 0.6149309723531775100, -0.4811453399825667000, 0.5400000000000000400 ) ) ;
#2924 = VERTEX_POINT ( 'NONE', #7563 ) ;
#2925 = DIRECTION ( 'NONE',  ( -0.0000000000000000000, -0.0000000000000000000, -1.000000000000000000 ) ) ;
#2926 = CARTESIAN_POINT ( 'NONE',  ( 0.7291258650168087600, -0.5251123631161613800, 0.5300000000000000300 ) ) ;
#2927 = B_SPLINE_SURFACE_WITH_KNOTS ( 'NONE', 3, 1, ( 
 ( #7675, #1618 ),
 ( #4668, #9190 ),
 ( #3932, #8434 ),
 ( #3175, #7697 ) ),
 .UNSPECIFIED., .F., .F., .F.,
 ( 4, 4 ),
 ( 2, 2 ),
 ( 1.000000000000000000, 2.000000000000000000 ),
 ( 0.0000000000000000000, 1.000000000000000000 ),
 .UNSPECIFIED. ) ;
#2928 = VECTOR ( 'NONE', #6978, 1000.000000000000000 ) ;
#2929 = CARTESIAN_POINT ( 'NONE',  ( 0.6149309723531720700, -0.5162393801670115400, 0.5400000000000000400 ) ) ;
#2930 = CARTESIAN_POINT ( 'NONE',  ( 0.5296826944665049600, -0.5220088085423639800, 0.5400000000000000400 ) ) ;
#2931 = EDGE_LOOP ( 'NONE', ( #2748, #2614, #1705, #529 ) ) ;
#2932 = ORIENTED_EDGE ( 'NONE', *, *, #9716, .F. ) ;
#2933 = B_SPLINE_CURVE_WITH_KNOTS ( 'NONE', 3,
 ( #4393, #8151, #3650, #7401 ),
 .UNSPECIFIED., .F., .F.,
 ( 4, 4 ),
 ( 3.000000000000000000, 4.000000000000000000 ),
 .UNSPECIFIED. ) ;
#2934 = PRESENTATION_LAYER_ASSIGNMENT (  '', '', ( #2436 ) ) ;
#2935 =( NAMED_UNIT ( * ) PLANE_ANGLE_UNIT ( ) SI_UNIT ( $, .RADIAN. ) );
#2936 = FACE_OUTER_BOUND ( 'NONE', #6943, .T. ) ;
#2937 = PRESENTATION_LAYER_ASSIGNMENT (  '', '', ( #1987 ) ) ;
#2938 = CIRCLE ( 'NONE', #7384, 0.1249999999999999400 ) ;
#2939 = EDGE_CURVE ( 'NONE', #2610, #7948, #519, .T. ) ;
#2940 = ORIENTED_EDGE ( 'NONE', *, *, #9026, .F. ) ;
#2941 =( LENGTH_UNIT ( ) NAMED_UNIT ( * ) SI_UNIT ( .MILLI., .METRE. ) );
#2942 = CARTESIAN_POINT ( 'NONE',  ( 0.4373121567242079800, -0.3416047516291759200, 0.5400000000000000400 ) ) ;
#2943 = DIRECTION ( 'NONE',  ( 0.5048830486499754600, -0.8631877589411856000, 0.0000000000000000000 ) ) ;
#2944 = CARTESIAN_POINT ( 'NONE',  ( 0.2060842424023816300, -0.5082285559695332000, 0.5400000000000000400 ) ) ;
#2945 = CARTESIAN_POINT ( 'NONE',  ( 0.07051441642080705200, -0.3483114908728360800, 0.5300000000000000300 ) ) ;
#2946 = DIRECTION ( 'NONE',  ( -1.000000000000000000, 0.0000000000000000000, 0.0000000000000000000 ) ) ;
#2947 = VECTOR ( 'NONE', #3224, 1000.000000000000000 ) ;
#2948 = B_SPLINE_SURFACE_WITH_KNOTS ( 'NONE', 3, 1, ( 
 ( #4647, #6168 ),
 ( #9155, #3895 ),
 ( #8405, #3151 ),
 ( #7663, #2368 ) ),
 .UNSPECIFIED., .F., .F., .F.,
 ( 4, 4 ),
 ( 2, 2 ),
 ( 17.00000000000000000, 18.00000000000000000 ),
 ( 0.0000000000000000000, 1.000000000000000000 ),
 .UNSPECIFIED. ) ;
#2949 = CARTESIAN_POINT ( 'NONE',  ( 0.4918432021587133000, -0.3256890871464422900, 0.5300000000000000300 ) ) ;
#2950 = ORIENTED_EDGE ( 'NONE', *, *, #2841, .T. ) ;
#2951 = SURFACE_STYLE_FILL_AREA ( #5276 ) ;
#2952 = SURFACE_SIDE_STYLE ('',( #2865 ) ) ;
#2953 = VERTEX_POINT ( 'NONE', #5815 ) ;
#2954 = ORIENTED_EDGE ( 'NONE', *, *, #5373, .F. ) ;
#2955 = ORIENTED_EDGE ( 'NONE', *, *, #9299, .T. ) ;
#2956 = CARTESIAN_POINT ( 'NONE',  ( 0.2918529144962699300, -0.5148686943417379900, 0.5400000000000000400 ) ) ;
#2957 = AXIS2_PLACEMENT_3D ( 'NONE', #4084, #1074, #5572 ) ;
#2958 = DIRECTION ( 'NONE',  ( -0.3559357243643240800, 0.9345104387438613000, -0.0000000000000000000 ) ) ;
#2959 = DIRECTION ( 'NONE',  ( -0.3315284183576122600, -0.9434452330799600900, 0.0000000000000000000 ) ) ;
#2960 = VERTEX_POINT ( 'NONE', #2834 ) ;
#2961 = LINE ( 'NONE', #6023, #8953 ) ;
#2962 = ORIENTED_EDGE ( 'NONE', *, *, #882, .F. ) ;
#2963 = ORIENTED_EDGE ( 'NONE', *, *, #2423, .F. ) ;
#2964 = CARTESIAN_POINT ( 'NONE',  ( 0.5853875201566092200, -0.4016465958906835200, 0.5400000000000000400 ) ) ;
#2965 = DIRECTION ( 'NONE',  ( 0.0000000000000000000, -1.000000000000000000, 0.0000000000000000000 ) ) ;
#2966 = CARTESIAN_POINT ( 'NONE',  ( 0.4735003988421937500, -0.3315778830052764100, 0.5400000000000000400 ) ) ;
#2967 = EDGE_CURVE ( 'NONE', #3924, #972, #3099, .T. ) ;
#2968 = DIRECTION ( 'NONE',  ( 1.000000000000000000, -0.0000000000000000000, -0.0000000000000000000 ) ) ;
#2969 = LINE ( 'NONE', #9010, #4736 ) ;
#2970 = FILL_AREA_STYLE ('',( #13 ) ) ;
#2971 = AXIS2_PLACEMENT_3D ( 'NONE', #2279, #7568, #3055 ) ;
#2972 = DIRECTION ( 'NONE',  ( -0.0000000000000000000, -0.0000000000000000000, -1.000000000000000000 ) ) ;
#2973 = ORIENTED_EDGE ( 'NONE', *, *, #3185, .T. ) ;
#2974 = EDGE_LOOP ( 'NONE', ( #3403, #3552, #5074, #7042 ) ) ;
#2975 = DIRECTION ( 'NONE',  ( -1.000000000000000000, 0.0000000000000000000, 0.0000000000000000000 ) ) ;
#2976 = ORIENTED_EDGE ( 'NONE', *, *, #15, .T. ) ;
#2977 = ORIENTED_EDGE ( 'NONE', *, *, #1846, .F. ) ;
#2978 = UNCERTAINTY_MEASURE_WITH_UNIT (LENGTH_MEASURE( 1.000000000000000100E-005 ), #7756, 'distance_accuracy_value', 'NONE');
#2979 = ORIENTED_EDGE ( 'NONE', *, *, #1122, .F. ) ;
#2980 = ADVANCED_FACE ( 'NONE', ( #2253 ), #9338, .T. ) ;
#2981 = CARTESIAN_POINT ( 'NONE',  ( 0.4448124136116833900, -0.3339652326776322300, 0.5300000000000000300 ) ) ;
#2982 = CARTESIAN_POINT ( 'NONE',  ( 0.5134487166939432100, -0.4768481105723250100, 0.5300000000000000300 ) ) ;
#2983 = CARTESIAN_POINT ( 'NONE',  ( -0.5999999999999999800, -0.3999999999999999700, 0.0000000000000000000 ) ) ;
#2984 = EDGE_LOOP ( 'NONE', ( #2316, #1227, #9359, #7938 ) ) ;
#2985 = CARTESIAN_POINT ( 'NONE',  ( 0.7640408539765581900, -0.4572320540973008900, 0.5400000000000000400 ) ) ;
#2986 = LINE ( 'NONE', #4202, #8738 ) ;
#2987 = EDGE_CURVE ( 'NONE', #7999, #1236, #7588, .T. ) ;
#2988 = CARTESIAN_POINT ( 'NONE',  ( 0.007432943572267011600, -0.4362935195565979500, 0.5400000000000000400 ) ) ;
#2989 = ORIENTED_EDGE ( 'NONE', *, *, #909, .T. ) ;
#2990 = VERTEX_POINT ( 'NONE', #2800 ) ;
#2991 = EDGE_LOOP ( 'NONE', ( #71, #3253, #4893, #164 ) ) ;
#2992 = FACE_OUTER_BOUND ( 'NONE', #8233, .T. ) ;
#2993 = CARTESIAN_POINT ( 'NONE',  ( 0.4869889244914104600, -0.3235802616022175900, 0.5400000000000000400 ) ) ;
#2994 = EDGE_CURVE ( 'NONE', #9287, #4512, #5329, .T. ) ;
#2995 = CARTESIAN_POINT ( 'NONE',  ( 0.2243446440340349000, -0.4910748299942564500, 0.5300000000000000300 ) ) ;
#2996 = CARTESIAN_POINT ( 'NONE',  ( 0.6650653154737175000, -0.3392174019568188200, 0.5400000000000000400 ) ) ;
#2997 = ORIENTED_EDGE ( 'NONE', *, *, #477, .T. ) ;
#2998 = DIRECTION ( 'NONE',  ( -1.000000000000000000, 0.0000000000000000000, 0.0000000000000000000 ) ) ;
#2999 = ORIENTED_EDGE ( 'NONE', *, *, #6261, .F. ) ;
#3000 = EDGE_LOOP ( 'NONE', ( #3630, #6636, #3679, #3555 ) ) ;
#3001 = EDGE_LOOP ( 'NONE', ( #9467, #8101 ) ) ;
#3002 = VECTOR ( 'NONE', #4288, 1000.000000000000000 ) ;
#3003 = CARTESIAN_POINT ( 'NONE',  ( 0.2254513619073846000, -0.4600874155668089900, 0.5400000000000000400 ) ) ;
#3004 = FILL_AREA_STYLE ('',( #8264 ) ) ;
#3005 = CARTESIAN_POINT ( 'NONE',  ( 0.6077888179161363700, -0.3980257822207214400, 0.5400000000000000400 ) ) ;
#3006 = ADVANCED_FACE ( 'NONE', ( #1317 ), #8397, .T. ) ;
#3007 = CARTESIAN_POINT ( 'NONE',  ( 0.4522927759188466500, -0.3402121309869244300, 0.5400000000000000400 ) ) ;
#3008 = ORIENTED_EDGE ( 'NONE', *, *, #6221, .T. ) ;
#3009 =( NAMED_UNIT ( * ) SI_UNIT ( $, .STERADIAN. ) SOLID_ANGLE_UNIT ( ) );
#3010 = ORIENTED_EDGE ( 'NONE', *, *, #5248, .F. ) ;
#3011 = DIRECTION ( 'NONE',  ( -0.0000000000000000000, -0.0000000000000000000, -1.000000000000000000 ) ) ;
#3012 = EDGE_CURVE ( 'NONE', #4463, #4552, #2616, .T. ) ;
#3013 = CARTESIAN_POINT ( 'NONE',  ( 0.5132298763075574500, -0.5006818181352645800, 0.5400000000000000400 ) ) ;
#3014 = FACE_OUTER_BOUND ( 'NONE', #1926, .T. ) ;
#3015 = B_SPLINE_CURVE_WITH_KNOTS ( 'NONE', 3,
 ( #4540, #3825, #5285, #3787 ),
 .UNSPECIFIED., .F., .F.,
 ( 4, 4 ),
 ( 5.000000000000000000, 6.000000000000000000 ),
 .UNSPECIFIED. ) ;
#3016 = CARTESIAN_POINT ( 'NONE',  ( 0.4984084137578308500, -0.5231626942171130300, 0.5300000000000000300 ) ) ;
#3017 = B_SPLINE_SURFACE_WITH_KNOTS ( 'NONE', 3, 1, ( 
 ( #5101, #7391 ),
 ( #3641, #8886 ),
 ( #4382, #9646 ),
 ( #5132, #655 ) ),
 .UNSPECIFIED., .F., .F., .F.,
 ( 4, 4 ),
 ( 2, 2 ),
 ( 2.000000000000000000, 3.000000000000000000 ),
 ( 0.0000000000000000000, 1.000000000000000000 ),
 .UNSPECIFIED. ) ;
#3018 = VERTEX_POINT ( 'NONE', #3992 ) ;
#3019 = EDGE_LOOP ( 'NONE', ( #8143, #681 ) ) ;
#3020 = DIRECTION ( 'NONE',  ( -2.509086674839019700E-014, 1.000000000000000000, 0.0000000000000000000 ) ) ;
#3021 = CARTESIAN_POINT ( 'NONE',  ( 0.5676415542583115300, -0.5158812777165562300, 0.5400000000000000400 ) ) ;
#3022 = CARTESIAN_POINT ( 'NONE',  ( 0.5259425133130581900, -0.5109474217266660700, 0.5300000000000000300 ) ) ;
#3023 = STYLED_ITEM ( 'NONE', ( #239 ), #244 ) ;
#3024 = LINE ( 'NONE', #6215, #9263 ) ;
#3025 = PLANE ( 'NONE',  #8070 ) ;
#3026 = EDGE_CURVE ( 'NONE', #785, #2123, #2312, .T. ) ;
#3027 = B_SPLINE_CURVE_WITH_KNOTS ( 'NONE', 3,
 ( #4483, #7656, #8612, #8667 ),
 .UNSPECIFIED., .F., .F.,
 ( 4, 4 ),
 ( 3.000000000000000000, 4.000000000000000000 ),
 .UNSPECIFIED. ) ;
#3028 = CARTESIAN_POINT ( 'NONE',  ( 0.5221028592567049700, -0.5184675731947233600, 0.5400000000000000400 ) ) ;
#3029 = ORIENTED_EDGE ( 'NONE', *, *, #1769, .T. ) ;
#3030 = FACE_OUTER_BOUND ( 'NONE', #8604, .T. ) ;
#3031 = CARTESIAN_POINT ( 'NONE',  ( 0.7130709384700055800, -0.4575901565477583600, 0.5300000000000000300 ) ) ;
#3032 = ADVANCED_FACE ( 'NONE', ( #6394 ), #982, .T. ) ;
#3033 = B_SPLINE_SURFACE_WITH_KNOTS ( 'NONE', 3, 1, ( 
 ( #2908, #2132 ),
 ( #8178, #3680 ),
 ( #8916, #4414 ),
 ( #9686, #5169 ) ),
 .UNSPECIFIED., .F., .F., .F.,
 ( 4, 4 ),
 ( 2, 2 ),
 ( 10.00000000000000000, 11.00000000000000000 ),
 ( 0.0000000000000000000, 1.000000000000000000 ),
 .UNSPECIFIED. ) ;
#3034 =( NAMED_UNIT ( * ) PLANE_ANGLE_UNIT ( ) SI_UNIT ( $, .RADIAN. ) );
#3035 = CARTESIAN_POINT ( 'NONE',  ( 0.7291258650168087600, -0.5251123631161613800, 0.5300000000000000300 ) ) ;
#3036 = AXIS2_PLACEMENT_3D ( 'NONE', #3142, #5220, #722 ) ;
#3037 = AXIS2_PLACEMENT_3D ( 'NONE', #2088, #2135, #7432 ) ;
#3038 = CARTESIAN_POINT ( 'NONE',  ( 0.5144434457243153300, -0.5184675731947233600, 0.5300000000000000300 ) ) ;
#3039 = CIRCLE ( 'NONE', #2680, 0.1250000000000000000 ) ;
#3040 = CARTESIAN_POINT ( 'NONE',  ( 0.4272256043582997600, -0.4811453399825681400, 0.5300000000000000300 ) ) ;
#3041 = CARTESIAN_POINT ( 'NONE',  ( 0.5087138065103916600, -0.5184675731947240300, 0.5400000000000000400 ) ) ;
#3042 = CARTESIAN_POINT ( 'NONE',  ( 0.4272256043582997600, -0.4811453399825681400, 0.5400000000000000400 ) ) ;
#3043 = CARTESIAN_POINT ( 'NONE',  ( 0.4581616771968354300, -0.5264254054360929500, 0.5300000000000000300 ) ) ;
#3044 = CARTESIAN_POINT ( 'NONE',  ( 0.7142447187253383500, -0.4854823585539703200, 0.5400000000000000400 ) ) ;
#3045 = CARTESIAN_POINT ( 'NONE',  ( 0.9000000000000001300, -0.6500000000000000200, 0.5300000000000000300 ) ) ;
#3046 = VERTEX_POINT ( 'NONE', #4754 ) ;
#3047 = ORIENTED_EDGE ( 'NONE', *, *, #9679, .F. ) ;
#3048 = EDGE_CURVE ( 'NONE', #9242, #3709, #2382, .T. ) ;
#3049 = APPLICATION_CONTEXT ( 'automotive_design' ) ;
#3050 =( NAMED_UNIT ( * ) PLANE_ANGLE_UNIT ( ) SI_UNIT ( $, .RADIAN. ) );
#3051 = SURFACE_STYLE_USAGE ( .BOTH. , #7200 ) ;
#3052 = CARTESIAN_POINT ( 'NONE',  ( 0.07051440586656337900, -0.4949482581171652500, 0.5400000000000000400 ) ) ;
#3053 = PRESENTATION_STYLE_ASSIGNMENT (( #6903 ) ) ;
#3054 = AXIS2_PLACEMENT_3D ( 'NONE', #3393, #5616, #8652 ) ;
#3055 = DIRECTION ( 'NONE',  ( 0.0000000000000000000, 0.0000000000000000000, 1.000000000000000000 ) ) ;
#3056 = ORIENTED_EDGE ( 'NONE', *, *, #2011, .F. ) ;
#3057 = CARTESIAN_POINT ( 'NONE',  ( -0.6999999999999998400, 0.4704525540507067900, 0.5099999999999999000 ) ) ;
#3058 = FACE_OUTER_BOUND ( 'NONE', #212, .T. ) ;
#3059 = LINE ( 'NONE', #155, #3298 ) ;
#3060 = ADVANCED_FACE ( 'NONE', ( #626 ), #9386, .F. ) ;
#3061 = DIRECTION ( 'NONE',  ( 1.000000000000000000, 0.0000000000000000000, 0.0000000000000000000 ) ) ;
#3062 = VERTEX_POINT ( 'NONE', #4715 ) ;
#3063 = ORIENTED_EDGE ( 'NONE', *, *, #332, .F. ) ;
#3064 = CARTESIAN_POINT ( 'NONE',  ( 0.2060842424023816300, -0.5082285559695332000, 0.5400000000000000400 ) ) ;
#3065 = EDGE_CURVE ( 'NONE', #7905, #7785, #8145, .T. ) ;
#3066 = FACE_OUTER_BOUND ( 'NONE', #6967, .T. ) ;
#3067 = CARTESIAN_POINT ( 'NONE',  ( 0.6156073880934355100, -0.3341243893222797800, 0.5400000000000000400 ) ) ;
#3068 = EDGE_CURVE ( 'NONE', #5520, #7883, #1576, .T. ) ;
#3069 = FILL_AREA_STYLE ('',( #2288 ) ) ;
#3070 = DIRECTION ( 'NONE',  ( -0.0000000000000000000, -0.0000000000000000000, -1.000000000000000000 ) ) ;
#3071 = FACE_OUTER_BOUND ( 'NONE', #3166, .T. ) ;
#3072 = B_SPLINE_CURVE_WITH_KNOTS ( 'NONE', 3,
 ( #1055, #4810, #5584, #1089 ),
 .UNSPECIFIED., .F., .F.,
 ( 4, 4 ),
 ( 11.00000000000000000, 12.00000000000000000 ),
 .UNSPECIFIED. ) ;
#3073 = DIRECTION ( 'NONE',  ( 0.0000000000000000000, -0.0000000000000000000, -1.000000000000000000 ) ) ;
#3074 = ORIENTED_EDGE ( 'NONE', *, *, #1405, .T. ) ;
#3075 = EDGE_CURVE ( 'NONE', #2257, #9070, #836, .T. ) ;
#3076 = CARTESIAN_POINT ( 'NONE',  ( 0.2464785160053062600, -0.4053061579003669500, 0.5300000000000000300 ) ) ;
#3077 = LINE ( 'NONE', #4177, #5043 ) ;
#3078 = DIRECTION ( 'NONE',  ( -1.000000000000000000, 0.0000000000000000000, 0.0000000000000000000 ) ) ;
#3079 = CARTESIAN_POINT ( 'NONE',  ( 0.3993930860938300600, -0.4811453399825681400, 0.5400000000000000400 ) ) ;
#3080 = CARTESIAN_POINT ( 'NONE',  ( 0.5684970212243489800, -0.5133347713990232800, 0.5300000000000000300 ) ) ;
#3081 = VECTOR ( 'NONE', #8189, 1000.000000000000000 ) ;
#3082 = FACE_OUTER_BOUND ( 'NONE', #6639, .T. ) ;
#3083 = FILL_AREA_STYLE ('',( #9087 ) ) ;
#3084 = ORIENTED_EDGE ( 'NONE', *, *, #1472, .F. ) ;
#3085 = DIRECTION ( 'NONE',  ( -0.0000000000000000000, -0.0000000000000000000, -1.000000000000000000 ) ) ;
#3086 = AXIS2_PLACEMENT_3D ( 'NONE', #2763, #6541, #8756 ) ;
#3087 = ADVANCED_FACE ( 'NONE', ( #6159 ), #7804, .F. ) ;
#3088 = LINE ( 'NONE', #9266, #7089 ) ;
#3089 = B_SPLINE_SURFACE_WITH_KNOTS ( 'NONE', 3, 1, ( 
 ( #320, #3286 ),
 ( #5543, #1044 ),
 ( #6310, #1775 ),
 ( #7069, #2554 ) ),
 .UNSPECIFIED., .F., .F., .F.,
 ( 4, 4 ),
 ( 2, 2 ),
 ( 4.000000000000000000, 5.000000000000000000 ),
 ( 0.0000000000000000000, 1.000000000000000000 ),
 .UNSPECIFIED. ) ;
#3090 = EDGE_CURVE ( 'NONE', #526, #1954, #2115, .T. ) ;
#3091 = ORIENTED_EDGE ( 'NONE', *, *, #5391, .T. ) ;
#3092 = CARTESIAN_POINT ( 'NONE',  ( 0.4504226853421224300, -0.5094354336009293500, 0.5300000000000000300 ) ) ;
#3093 = LINE ( 'NONE', #4848, #1300 ) ;
#3094 = COLOUR_RGB ( '',0.6666666666666666300, 0.6666666666666666300, 0.6666666666666666300 ) ;
#3095 = DIRECTION ( 'NONE',  ( 1.000000000000000000, -0.0000000000000000000, -0.0000000000000000000 ) ) ;
#3096 = CARTESIAN_POINT ( 'NONE',  ( -0.3249999999999999000, -0.3999999999999999700, -0.02000000000000000000 ) ) ;
#3097 = CARTESIAN_POINT ( 'NONE',  ( 0.4754500677412452100, -0.5025519087119874100, 0.5400000000000000400 ) ) ;
#3098 = LINE ( 'NONE', #3506, #3800 ) ;
#3099 = B_SPLINE_CURVE_WITH_KNOTS ( 'NONE', 3,
 ( #2276, #4592, #6774, #517 ),
 .UNSPECIFIED., .F., .F.,
 ( 4, 4 ),
 ( 3.000000000000000000, 4.000000000000000000 ),
 .UNSPECIFIED. ) ;
#3100 = ORIENTED_EDGE ( 'NONE', *, *, #4854, .T. ) ;
#3101 = DIRECTION ( 'NONE',  ( 0.0000000000000000000, 0.0000000000000000000, -1.000000000000000000 ) ) ;
#3102 = FACE_OUTER_BOUND ( 'NONE', #8673, .T. ) ;
#3103 = ORIENTED_EDGE ( 'NONE', *, *, #3903, .T. ) ;
#3104 = CARTESIAN_POINT ( 'NONE',  ( 0.6449717890642460100, -0.4562373250666672000, 0.5400000000000000400 ) ) ;
#3105 =( GEOMETRIC_REPRESENTATION_CONTEXT ( 3 ) GLOBAL_UNCERTAINTY_ASSIGNED_CONTEXT ( ( #5003 ) ) GLOBAL_UNIT_ASSIGNED_CONTEXT ( ( #1676, #6958, #8433 ) ) REPRESENTATION_CONTEXT ( 'NONE', 'WORKASPACE' ) );
#3106 = ORIENTED_EDGE ( 'NONE', *, *, #5436, .F. ) ;
#3107 = DIRECTION ( 'NONE',  ( 1.000000000000000000, 0.0000000000000000000, 0.0000000000000000000 ) ) ;
#3108 = B_SPLINE_SURFACE_WITH_KNOTS ( 'NONE', 3, 1, ( 
 ( #7169, #1136 ),
 ( #2644, #7926 ),
 ( #3416, #8662 ),
 ( #4156, #9427 ) ),
 .UNSPECIFIED., .F., .F., .F.,
 ( 4, 4 ),
 ( 2, 2 ),
 ( 12.00000000000000000, 13.00000000000000000 ),
 ( 0.0000000000000000000, 1.000000000000000000 ),
 .UNSPECIFIED. ) ;
#3109 = CARTESIAN_POINT ( 'NONE',  ( 0.3250000000000000700, -0.3999999999999999700, -0.02000000000000000000 ) ) ;
#3110 = EDGE_LOOP ( 'NONE', ( #5202, #2850, #8575, #8798 ) ) ;
#3111 = VECTOR ( 'NONE', #6798, 1000.000000000000000 ) ;
#3112 = CARTESIAN_POINT ( 'NONE',  ( 0.5047149958091294900, -0.4726702486455662300, 0.5400000000000000400 ) ) ;
#3113 = ORIENTED_EDGE ( 'NONE', *, *, #8670, .T. ) ;
#3114 = ORIENTED_EDGE ( 'NONE', *, *, #5198, .T. ) ;
#3115 = ORIENTED_EDGE ( 'NONE', *, *, #6301, .F. ) ;
#3116 = LINE ( 'NONE', #4189, #5336 ) ;
#3117 = CARTESIAN_POINT ( 'NONE',  ( 0.4459662992867030600, -0.4828960630758074000, 0.5300000000000000300 ) ) ;
#3118 = ADVANCED_FACE ( 'NONE', ( #198 ), #2910, .F. ) ;
#3119 = EDGE_LOOP ( 'NONE', ( #9244, #2399, #8704, #5922 ) ) ;
#3120 = EDGE_CURVE ( 'NONE', #1863, #3924, #3927, .T. ) ;
#3121 = CARTESIAN_POINT ( 'NONE',  ( 0.6029345402490949900, -0.3900679499793545100, 0.5400000000000000400 ) ) ;
#3122 = CARTESIAN_POINT ( 'NONE',  ( 0.04063371986671028600, -0.4872013807628577900, 0.5400000000000000400 ) ) ;
#3123 = CARTESIAN_POINT ( 'NONE',  ( 0.1479828838871060400, -0.5065685002683939500, 0.5400000000000000400 ) ) ;
#3124 = LINE ( 'NONE', #6499, #4849 ) ;
#3125 = CARTESIAN_POINT ( 'NONE',  ( 0.5857854117682252900, -0.3327715578411892800, 0.5400000000000000400 ) ) ;
#3126 = ORIENTED_EDGE ( 'NONE', *, *, #8531, .T. ) ;
#3127 = ORIENTED_EDGE ( 'NONE', *, *, #1793, .T. ) ;
#3128 = ORIENTED_EDGE ( 'NONE', *, *, #8248, .T. ) ;
#3129 = B_SPLINE_SURFACE_WITH_KNOTS ( 'NONE', 3, 1, ( 
 ( #520, #7292 ),
 ( #8039, #3539 ),
 ( #8781, #4281 ),
 ( #9545, #5019 ) ),
 .UNSPECIFIED., .F., .F., .F.,
 ( 4, 4 ),
 ( 2, 2 ),
 ( 17.00000000000000000, 18.00000000000000000 ),
 ( 0.0000000000000000000, 1.000000000000000000 ),
 .UNSPECIFIED. ) ;
#3130 = VERTEX_POINT ( 'NONE', #7600 ) ;
#3131 = ORIENTED_EDGE ( 'NONE', *, *, #1209, .F. ) ;
#3132 = LINE ( 'NONE', #1655, #6899 ) ;
#3133 = CARTESIAN_POINT ( 'NONE',  ( 0.6502438529239925600, -0.3803593946447465500, 0.5300000000000000300 ) ) ;
#3134 = CARTESIAN_POINT ( 'NONE',  ( -0.1999999999999999300, -0.3999999999999999700, -0.02000000000000000000 ) ) ;
#3135 = CARTESIAN_POINT ( 'NONE',  ( 0.7248087410265148200, -0.4852038344258363700, 0.5400000000000000400 ) ) ;
#3136 = CARTESIAN_POINT ( 'NONE',  ( 0.4435590550337630800, -0.3923359321682266500, 0.5300000000000000300 ) ) ;
#3137 = EDGE_CURVE ( 'NONE', #1452, #7116, #1888, .T. ) ;
#3138 = CARTESIAN_POINT ( 'NONE',  ( 0.4303888426743730000, -0.3927736129415362900, 0.5400000000000000400 ) ) ;
#3139 = ORIENTED_EDGE ( 'NONE', *, *, #8774, .T. ) ;
#3140 = EDGE_CURVE ( 'NONE', #1800, #7718, #5907, .T. ) ;
#3141 = ORIENTED_EDGE ( 'NONE', *, *, #219, .T. ) ;
#3142 = CARTESIAN_POINT ( 'NONE',  ( 0.6427634906171156800, -0.4900581120928776400, 0.5400000000000000400 ) ) ;
#3143 = ADVANCED_FACE ( 'NONE', ( #7708 ), #558, .F. ) ;
#3144 = B_SPLINE_SURFACE_WITH_KNOTS ( 'NONE', 3, 1, ( 
 ( #4300, #8811 ),
 ( #9579, #5056 ),
 ( #578, #5819 ),
 ( #1319, #6598 ) ),
 .UNSPECIFIED., .F., .F., .F.,
 ( 4, 4 ),
 ( 2, 2 ),
 ( 9.000000000000000000, 10.00000000000000000 ),
 ( 0.0000000000000000000, 1.000000000000000000 ),
 .UNSPECIFIED. ) ;
#3145 = CARTESIAN_POINT ( 'NONE',  ( 0.5012334442034981400, -0.4933208233118561700, 0.5300000000000000300 ) ) ;
#3146 = VECTOR ( 'NONE', #6105, 1000.000000000000000 ) ;
#3147 = ORIENTED_EDGE ( 'NONE', *, *, #4409, .F. ) ;
#3148 = FACE_OUTER_BOUND ( 'NONE', #4487, .T. ) ;
#3149 = CARTESIAN_POINT ( 'NONE',  ( 0.5326867761376663500, -0.5008011856187470900, 0.5400000000000000400 ) ) ;
#3150 = AXIS2_PLACEMENT_3D ( 'NONE', #3045, #8311, #3806 ) ;
#3151 = CARTESIAN_POINT ( 'NONE',  ( 0.007432943572267011600, -0.4589807188022114200, 0.5300000000000000300 ) ) ;
#3152 = CARTESIAN_POINT ( 'NONE',  ( 0.7402270409936681000, -0.5251123631161613800, 0.5400000000000000400 ) ) ;
#3153 = EDGE_CURVE ( 'NONE', #6452, #2006, #3685, .T. ) ;
#3154 = CARTESIAN_POINT ( 'NONE',  ( 0.5493186455223715300, -0.5512936311908295300, 0.5400000000000000400 ) ) ;
#3155 = EDGE_LOOP ( 'NONE', ( #3723, #1919 ) ) ;
#3156 = CARTESIAN_POINT ( 'NONE',  ( 0.4716899920072152300, -0.4761716948315121700, 0.5400000000000000400 ) ) ;
#3157 = VECTOR ( 'NONE', #7174, 1000.000000000000000 ) ;
#3158 = AXIS2_PLACEMENT_3D ( 'NONE', #925, #8427, #3165 ) ;
#3159 = CARTESIAN_POINT ( 'NONE',  ( 0.5085148607043181700, -0.4858802501661216900, 0.5400000000000000400 ) ) ;
#3160 = COLOUR_RGB ( '',0.6666666666666666300, 0.6666666666666666300, 0.6666666666666666300 ) ;
#3161 = ADVANCED_FACE ( 'NONE', ( #7452 ), #2927, .F. ) ;
#3162 = B_SPLINE_CURVE_WITH_KNOTS ( 'NONE', 3,
 ( #6740, #7997, #9294, #4565 ),
 .UNSPECIFIED., .F., .F.,
 ( 4, 4 ),
 ( 7.000000000000000000, 8.000000000000000000 ),
 .UNSPECIFIED. ) ;
#3163 = CARTESIAN_POINT ( 'NONE',  ( 0.6048842091481467800, -0.5251123631161622700, 0.5300000000000000300 ) ) ;
#3164 = EDGE_LOOP ( 'NONE', ( #7345, #8243, #9088, #4583, #4330, #5386 ) ) ;
#3165 = DIRECTION ( 'NONE',  ( 0.0000000000000000000, -0.0000000000000000000, -1.000000000000000000 ) ) ;
#3166 = EDGE_LOOP ( 'NONE', ( #6734, #3084, #2632, #7472 ) ) ;
#3167 = DIRECTION ( 'NONE',  ( -0.0000000000000000000, -0.0000000000000000000, 1.000000000000000000 ) ) ;
#3168 = CARTESIAN_POINT ( 'NONE',  ( 0.4754500677412452100, -0.5251123631161622700, 0.5400000000000000400 ) ) ;
#3169 =( GEOMETRIC_REPRESENTATION_CONTEXT ( 3 ) GLOBAL_UNCERTAINTY_ASSIGNED_CONTEXT ( ( #8536 ) ) GLOBAL_UNIT_ASSIGNED_CONTEXT ( ( #7684, #1665, #9020 ) ) REPRESENTATION_CONTEXT ( 'NONE', 'WORKASPACE' ) );
#3170 = FACE_OUTER_BOUND ( 'NONE', #1113, .T. ) ;
#3171 = ORIENTED_EDGE ( 'NONE', *, *, #8154, .F. ) ;
#3172 = CARTESIAN_POINT ( 'NONE',  ( 0.4453097781270029000, -0.5220485977035250700, 0.5400000000000000400 ) ) ;
#3173 = VERTEX_POINT ( 'NONE', #6929 ) ;
#3174 = FACE_OUTER_BOUND ( 'NONE', #1699, .T. ) ;
#3175 = CARTESIAN_POINT ( 'NONE',  ( 0.5691535423840491400, -0.5335078761308399400, 0.5400000000000000400 ) ) ;
#3176 = VERTEX_POINT ( 'NONE', #1641 ) ;
#3177 = SURFACE_SIDE_STYLE ('',( #6741 ) ) ;
#3178 = ORIENTED_EDGE ( 'NONE', *, *, #7743, .T. ) ;
#3179 = DIRECTION ( 'NONE',  ( -1.000000000000000000, 0.0000000000000000000, 0.0000000000000000000 ) ) ;
#3180 = EDGE_CURVE ( 'NONE', #5856, #6349, #6619, .T. ) ;
#3181 = ADVANCED_FACE ( 'NONE', ( #3456 ), #2948, .F. ) ;
#3182 = VECTOR ( 'NONE', #6145, 1000.000000000000000 ) ;
#3183 = CARTESIAN_POINT ( 'NONE',  ( 0.6714912650087675500, -0.5162393801670115400, 0.5300000000000000300 ) ) ;
#3184 = FACE_OUTER_BOUND ( 'NONE', #1803, .T. ) ;
#3185 = EDGE_CURVE ( 'NONE', #2840, #2784, #7233, .T. ) ;
#3186 = ORIENTED_EDGE ( 'NONE', *, *, #8104, .F. ) ;
#3187 = CARTESIAN_POINT ( 'NONE',  ( 0.02126660036170732400, -0.4783478383072152800, 0.5300000000000000300 ) ) ;
#3188 = CARTESIAN_POINT ( 'NONE',  ( 0.09928841621003974000, -0.3245176027785717200, 0.5300000000000000300 ) ) ;
#3189 = DIRECTION ( 'NONE',  ( 0.0000000000000000000, 0.0000000000000000000, -1.000000000000000000 ) ) ;
#3190 = ORIENTED_EDGE ( 'NONE', *, *, #1188, .T. ) ;
#3191 = LINE ( 'NONE', #9123, #7195 ) ;
#3192 = CARTESIAN_POINT ( 'NONE',  ( 0.5251069409278649200, -0.5070480839285693700, 0.5300000000000000300 ) ) ;
#3193 = VECTOR ( 'NONE', #6923, 1000.000000000000000 ) ;
#3194 = LINE ( 'NONE', #6214, #3432 ) ;
#3195 = VERTEX_POINT ( 'NONE', #185 ) ;
#3196 = ORIENTED_EDGE ( 'NONE', *, *, #583, .T. ) ;
#3197 = VERTEX_POINT ( 'NONE', #908 ) ;
#3198 = CARTESIAN_POINT ( 'NONE',  ( 0.4649656237631874000, -0.5184277840335637100, 0.5300000000000000300 ) ) ;
#3199 = CARTESIAN_POINT ( 'NONE',  ( 0.08047463453335898500, -0.4855413672786935100, 0.5400000000000000400 ) ) ;
#3200 = LINE ( 'NONE', #780, #9648 ) ;
#3201 = ORIENTED_EDGE ( 'NONE', *, *, #2659, .T. ) ;
#3202 = CARTESIAN_POINT ( 'NONE',  ( 0.5074206587713087100, -0.3238189965697173000, 0.5400000000000000400 ) ) ;
#3203 = VECTOR ( 'NONE', #3682, 1000.000000000000100 ) ;
#3204 = EDGE_CURVE ( 'NONE', #2864, #5089, #5195, .T. ) ;
#3205 = ORIENTED_EDGE ( 'NONE', *, *, #3204, .T. ) ;
#3206 = ORIENTED_EDGE ( 'NONE', *, *, #7682, .F. ) ;
#3207 = ORIENTED_EDGE ( 'NONE', *, *, #5508, .T. ) ;
#3208 = FILL_AREA_STYLE_COLOUR ( '', #4005 ) ;
#3209 = ADVANCED_FACE ( 'NONE', ( #1206 ), #9480, .F. ) ;
#3210 = DIRECTION ( 'NONE',  ( 0.0000000000000000000, 0.0000000000000000000, -1.000000000000000000 ) ) ;
#3211 = FACE_OUTER_BOUND ( 'NONE', #7369, .T. ) ;
#3212 = CARTESIAN_POINT ( 'NONE',  ( 0.6000000000000002000, 5.421010862427522200E-017, 0.0000000000000000000 ) ) ;
#3213 = FILL_AREA_STYLE_COLOUR ( '', #7567 ) ;
#3214 = ORIENTED_EDGE ( 'NONE', *, *, #1711, .T. ) ;
#3215 = LINE ( 'NONE', #8259, #969 ) ;
#3216 = DIRECTION ( 'NONE',  ( 1.000000000000000000, 0.0000000000000000000, 0.0000000000000000000 ) ) ;
#3217 = AXIS2_PLACEMENT_3D ( 'NONE', #5064, #7528, #2234 ) ;
#3218 = EDGE_LOOP ( 'NONE', ( #992, #2283, #2467, #5747 ) ) ;
#3219 = ORIENTED_EDGE ( 'NONE', *, *, #6525, .F. ) ;
#3220 = VERTEX_POINT ( 'NONE', #4580 ) ;
#3221 = AXIS2_PLACEMENT_3D ( 'NONE', #1009, #3278, #8539 ) ;
#3222 = EDGE_LOOP ( 'NONE', ( #6165, #5079, #6478, #8085 ) ) ;
#3223 = EDGE_CURVE ( 'NONE', #3195, #7111, #5451, .T. ) ;
#3224 = DIRECTION ( 'NONE',  ( -0.0000000000000000000, -0.0000000000000000000, -1.000000000000000000 ) ) ;
#3225 = VECTOR ( 'NONE', #3865, 1000.000000000000000 ) ;
#3226 = CARTESIAN_POINT ( 'NONE',  ( 0.4754500677412452100, -0.5025519087119874100, 0.5400000000000000400 ) ) ;
#3227 =( NAMED_UNIT ( * ) SI_UNIT ( $, .STERADIAN. ) SOLID_ANGLE_UNIT ( ) );
#3228 = CARTESIAN_POINT ( 'NONE',  ( 0.6273451906494143000, -0.3617380671998308700, 0.5400000000000000400 ) ) ;
#3229 = VERTEX_POINT ( 'NONE', #9603 ) ;
#3230 = DIRECTION ( 'NONE',  ( -1.000000000000000000, 0.0000000000000000000, 0.0000000000000000000 ) ) ;
#3231 = FILL_AREA_STYLE_COLOUR ( '', #2685 ) ;
#3232 = ORIENTED_EDGE ( 'NONE', *, *, #8708, .F. ) ;
#3233 = EDGE_LOOP ( 'NONE', ( #5401, #1436, #4954, #1615, #2035, #5567, #2570, #7494, #1831, #1435, #4138, #7336 ) ) ;
#3234 = CARTESIAN_POINT ( 'NONE',  ( 0.4530089808205556800, -0.5023927520673400200, 0.5400000000000000400 ) ) ;
#3235 =( GEOMETRIC_REPRESENTATION_CONTEXT ( 3 ) GLOBAL_UNCERTAINTY_ASSIGNED_CONTEXT ( ( #2978 ) ) GLOBAL_UNIT_ASSIGNED_CONTEXT ( ( #7756, #9326, #3227 ) ) REPRESENTATION_CONTEXT ( 'NONE', 'WORKASPACE' ) );
#3236 = DIRECTION ( 'NONE',  ( -1.000000000000000000, -0.0000000000000000000, -0.0000000000000000000 ) ) ;
#3237 = VECTOR ( 'NONE', #387, 1000.000000000000000 ) ;
#3238 = ORIENTED_EDGE ( 'NONE', *, *, #6146, .T. ) ;
#3239 = DIRECTION ( 'NONE',  ( 0.0000000000000000000, 1.000000000000000000, -0.0000000000000000000 ) ) ;
#3240 = LINE ( 'NONE', #1281, #7244 ) ;
#3241 = VERTEX_POINT ( 'NONE', #6826 ) ;
#3242 = EDGE_LOOP ( 'NONE', ( #6832, #9126, #3147, #4544 ) ) ;
#3243 = ADVANCED_FACE ( 'NONE', ( #4950 ), #123, .F. ) ;
#3244 = ORIENTED_EDGE ( 'NONE', *, *, #6035, .F. ) ;
#3245 = CARTESIAN_POINT ( 'NONE',  ( 0.2232379683776580500, -0.4910748299942564500, 0.5300000000000000300 ) ) ;
#3246 = DIRECTION ( 'NONE',  ( 0.0000000000000000000, 0.0000000000000000000, -1.000000000000000000 ) ) ;
#3247 = CARTESIAN_POINT ( 'NONE',  ( 0.4984680974995722700, -0.4795935626956676600, 0.5400000000000000400 ) ) ;
#3248 = EDGE_CURVE ( 'NONE', #7246, #2441, #9222, .T. ) ;
#3249 = CARTESIAN_POINT ( 'NONE',  ( 0.6000000000000002000, 0.4000000000000000800, -0.02000000000000000000 ) ) ;
#3250 = ORIENTED_EDGE ( 'NONE', *, *, #4986, .T. ) ;
#3251 = CARTESIAN_POINT ( 'NONE',  ( 0.09209490834705039200, -0.4855413672786935100, 0.5400000000000000400 ) ) ;
#3252 = ORIENTED_EDGE ( 'NONE', *, *, #83, .T. ) ;
#3253 = ORIENTED_EDGE ( 'NONE', *, *, #8150, .F. ) ;
#3254 = VERTEX_POINT ( 'NONE', #3040 ) ;
#3255 = B_SPLINE_CURVE_WITH_KNOTS ( 'NONE', 3,
 ( #4543, #4572, #6855, #2320 ),
 .UNSPECIFIED., .F., .F.,
 ( 4, 4 ),
 ( 27.00000000000000000, 28.00000000000000000 ),
 .UNSPECIFIED. ) ;
#3256 =( GEOMETRIC_REPRESENTATION_CONTEXT ( 3 ) GLOBAL_UNCERTAINTY_ASSIGNED_CONTEXT ( ( #2899 ) ) GLOBAL_UNIT_ASSIGNED_CONTEXT ( ( #9072, #4570, #116 ) ) REPRESENTATION_CONTEXT ( 'NONE', 'WORKASPACE' ) );
#3257 = B_SPLINE_SURFACE_WITH_KNOTS ( 'NONE', 3, 1, ( 
 ( #4311, #1298 ),
 ( #9591, #5073 ),
 ( #593, #5833 ),
 ( #1341, #6606 ) ),
 .UNSPECIFIED., .F., .F., .F.,
 ( 4, 4 ),
 ( 2, 2 ),
 ( 6.000000000000000000, 7.000000000000000000 ),
 ( 0.0000000000000000000, 1.000000000000000000 ),
 .UNSPECIFIED. ) ;
#3258 = DIRECTION ( 'NONE',  ( 1.000000000000000000, 0.0000000000000000000, 0.0000000000000000000 ) ) ;
#3259 = ORIENTED_EDGE ( 'NONE', *, *, #7110, .F. ) ;
#3260 = CARTESIAN_POINT ( 'NONE',  ( 0.7114793720219444500, -0.5027508545177980000, 0.5300000000000000300 ) ) ;
#3261 = VERTEX_POINT ( 'NONE', #3836 ) ;
#3262 = CARTESIAN_POINT ( 'NONE',  ( 0.2912995555594620800, -0.4484671628613402000, 0.5300000000000000300 ) ) ;
#3263 = CARTESIAN_POINT ( 'NONE',  ( 0.3256070286187669500, -0.4479138039247974600, 0.5400000000000000400 ) ) ;
#3264 = CARTESIAN_POINT ( 'NONE',  ( -0.8999999999999999100, -0.6500000000000000200, 0.5300000000000000300 ) ) ;
#3265 = EDGE_CURVE ( 'NONE', #3830, #8497, #113, .T. ) ;
#3266 = ADVANCED_FACE ( 'NONE', ( #8726 ), #2057, .F. ) ;
#3267 =( NAMED_UNIT ( * ) SI_UNIT ( $, .STERADIAN. ) SOLID_ANGLE_UNIT ( ) );
#3268 = EDGE_CURVE ( 'NONE', #8827, #34, #6738, .T. ) ;
#3269 = DIRECTION ( 'NONE',  ( 0.0000000000000000000, 0.0000000000000000000, 1.000000000000000000 ) ) ;
#3270 = LINE ( 'NONE', #956, #7272 ) ;
#3271 = CARTESIAN_POINT ( 'NONE',  ( 0.4606882889335261500, -0.5184277840335637100, 0.5300000000000000300 ) ) ;
#3272 = CARTESIAN_POINT ( 'NONE',  ( 0.6449717890642460100, -0.4562373250666672000, 0.5400000000000000400 ) ) ;
#3273 =( NAMED_UNIT ( * ) PLANE_ANGLE_UNIT ( ) SI_UNIT ( $, .RADIAN. ) );
#3274 = DIRECTION ( 'NONE',  ( 0.0000000000000000000, 0.0000000000000000000, -1.000000000000000000 ) ) ;
#3275 = LINE ( 'NONE', #8785, #9271 ) ;
#3276 = MECHANICAL_DESIGN_GEOMETRIC_PRESENTATION_REPRESENTATION (  '', ( #2227 ), #3770 ) ;
#3277 =( LENGTH_UNIT ( ) NAMED_UNIT ( * ) SI_UNIT ( .MILLI., .METRE. ) );
#3278 = DIRECTION ( 'NONE',  ( 0.0000000000000000000, 0.0000000000000000000, -1.000000000000000000 ) ) ;
#3279 = EDGE_CURVE ( 'NONE', #8497, #480, #2969, .T. ) ;
#3280 = B_SPLINE_SURFACE_WITH_KNOTS ( 'NONE', 3, 1, ( 
 ( #3821, #9065 ),
 ( #5316, #834 ),
 ( #6084, #1574 ),
 ( #6845, #2311 ) ),
 .UNSPECIFIED., .F., .F., .F.,
 ( 4, 4 ),
 ( 2, 2 ),
 ( 1.000000000000000000, 2.000000000000000000 ),
 ( 0.0000000000000000000, 1.000000000000000000 ),
 .UNSPECIFIED. ) ;
#3281 = LINE ( 'NONE', #620, #7045 ) ;
#3282 = SURFACE_STYLE_USAGE ( .BOTH. , #2443 ) ;
#3283 =( NAMED_UNIT ( * ) PLANE_ANGLE_UNIT ( ) SI_UNIT ( $, .RADIAN. ) );
#3284 =( NAMED_UNIT ( * ) SI_UNIT ( $, .STERADIAN. ) SOLID_ANGLE_UNIT ( ) );
#3285 = CARTESIAN_POINT ( 'NONE',  ( 0.6449717890642460100, -0.4562373250666672000, 0.5300000000000000300 ) ) ;
#3286 = CARTESIAN_POINT ( 'NONE',  ( 0.7142447187253383500, -0.4854823585539703200, 0.5300000000000000300 ) ) ;
#3287 = ORIENTED_EDGE ( 'NONE', *, *, #2202, .F. ) ;
#3288 = AXIS2_PLACEMENT_3D ( 'NONE', #7707, #9035, #3258 ) ;
#3289 = VERTEX_POINT ( 'NONE', #6653 ) ;
#3290 = UNCERTAINTY_MEASURE_WITH_UNIT (LENGTH_MEASURE( 1.000000000000000100E-005 ), #4380, 'distance_accuracy_value', 'NONE');
#3291 = B_SPLINE_CURVE_WITH_KNOTS ( 'NONE', 3,
 ( #792, #752, #6003, #21 ),
 .UNSPECIFIED., .F., .F.,
 ( 4, 4 ),
 ( 7.000000000000000000, 8.000000000000000000 ),
 .UNSPECIFIED. ) ;
#3292 = FACE_OUTER_BOUND ( 'NONE', #8924, .T. ) ;
#3293 = CARTESIAN_POINT ( 'NONE',  ( 0.5410226054105987700, -0.4695269049100741500, 0.5400000000000000400 ) ) ;
#3294 = DIRECTION ( 'NONE',  ( 0.3416038306815658000, -0.9398440417769748900, 0.0000000000000000000 ) ) ;
#3295 = ORIENTED_EDGE ( 'NONE', *, *, #7307, .F. ) ;
#3296 = DIRECTION ( 'NONE',  ( -0.0000000000000000000, -0.0000000000000000000, -1.000000000000000000 ) ) ;
#3297 = LINE ( 'NONE', #2729, #2793 ) ;
#3298 = VECTOR ( 'NONE', #881, 1000.000000000000000 ) ;
#3299 = EDGE_CURVE ( 'NONE', #1172, #3289, #740, .T. ) ;
#3300 = CARTESIAN_POINT ( 'NONE',  ( 0.4754500677412452100, -0.4972201611099502600, 0.5400000000000000400 ) ) ;
#3301 = VERTEX_POINT ( 'NONE', #1488 ) ;
#3302 =( GEOMETRIC_REPRESENTATION_CONTEXT ( 3 ) GLOBAL_UNCERTAINTY_ASSIGNED_CONTEXT ( ( #6187 ) ) GLOBAL_UNIT_ASSIGNED_CONTEXT ( ( #4366, #9635, #5120 ) ) REPRESENTATION_CONTEXT ( 'NONE', 'WORKASPACE' ) );
#3303 = ORIENTED_EDGE ( 'NONE', *, *, #373, .F. ) ;
#3304 = CARTESIAN_POINT ( 'NONE',  ( 0.6427634906171156800, -0.4811453399825667000, 0.5400000000000000400 ) ) ;
#3305 = VECTOR ( 'NONE', #3623, 1000.000000000000000 ) ;
#3306 = ADVANCED_FACE ( 'NONE', ( #8964 ), #2075, .F. ) ;
#3307 = DIRECTION ( 'NONE',  ( -0.0000000000000000000, -0.0000000000000000000, -1.000000000000000000 ) ) ;
#3308 = CARTESIAN_POINT ( 'NONE',  ( 0.6828510705337107500, -0.5251123631161613800, 0.5400000000000000400 ) ) ;
#3309 = VECTOR ( 'NONE', #5033, 1000.000000000000000 ) ;
#3310 = VECTOR ( 'NONE', #7207, 1000.000000000000000 ) ;
#3311 = EDGE_LOOP ( 'NONE', ( #9211, #2119, #2505, #950 ) ) ;
#3312 = ORIENTED_EDGE ( 'NONE', *, *, #5561, .T. ) ;
#3313 = EDGE_CURVE ( 'NONE', #6287, #2719, #4494, .T. ) ;
#3314 = LINE ( 'NONE', #907, #5294 ) ;
#3315 = CARTESIAN_POINT ( 'NONE',  ( 0.4532477157877887700, -0.5159210668777206600, 0.5300000000000000300 ) ) ;
#3316 = EDGE_CURVE ( 'NONE', #5203, #7111, #2501, .T. ) ;
#3317 = CARTESIAN_POINT ( 'NONE',  ( 0.6828510705337107500, -0.5251123631161613800, 0.5400000000000000400 ) ) ;
#3318 = VECTOR ( 'NONE', #3651, 1000.000000000000000 ) ;
#3319 = LINE ( 'NONE', #2844, #3785 ) ;
#3320 = CARTESIAN_POINT ( 'NONE',  ( 0.6156073880934355100, -0.3341243893222797800, 0.5400000000000000400 ) ) ;
#3321 = EDGE_LOOP ( 'NONE', ( #4676, #4316, #5538, #3114 ) ) ;
#3322 = CARTESIAN_POINT ( 'NONE',  ( 0.2254513619073846000, -0.4600874155668089900, 0.5300000000000000300 ) ) ;
#3323 = CARTESIAN_POINT ( 'NONE',  ( 0.5074206587713087100, -0.4016465958906849100, 0.5400000000000000400 ) ) ;
#3324 = VECTOR ( 'NONE', #4752, 1000.000000000000000 ) ;
#3325 = ORIENTED_EDGE ( 'NONE', *, *, #2284, .T. ) ;
#3326 = VECTOR ( 'NONE', #1758, 1000.000000000000000 ) ;
#3327 = LINE ( 'NONE', #7625, #9079 ) ;
#3328 = AXIS2_PLACEMENT_3D ( 'NONE', #1989, #2766, #8042 ) ;
#3329 = DIRECTION ( 'NONE',  ( 9.055032125675697600E-015, -1.000000000000000000, -0.0000000000000000000 ) ) ;
#3330 = CARTESIAN_POINT ( 'NONE',  ( 0.3051332123486368800, -0.5004816997242417200, 0.5300000000000000300 ) ) ;
#3331 = CARTESIAN_POINT ( 'NONE',  ( 0.7248087410265148200, -0.4852038344258363700, 0.5400000000000000400 ) ) ;
#3332 = VERTEX_POINT ( 'NONE', #670 ) ;
#3333 = B_SPLINE_CURVE_WITH_KNOTS ( 'NONE', 3,
 ( #7400, #2886, #3649, #1406 ),
 .UNSPECIFIED., .F., .F.,
 ( 4, 4 ),
 ( 3.000000000000000000, 4.000000000000000000 ),
 .UNSPECIFIED. ) ;
#3334 = EDGE_CURVE ( 'NONE', #6690, #7927, #6272, .T. ) ;
#3335 = CARTESIAN_POINT ( 'NONE',  ( 0.5410226054105987700, -0.4695269049100741500, 0.5300000000000000300 ) ) ;
#3336 = ORIENTED_EDGE ( 'NONE', *, *, #2555, .F. ) ;
#3337 = VECTOR ( 'NONE', #7190, 1000.000000000000000 ) ;
#3338 = ORIENTED_EDGE ( 'NONE', *, *, #686, .T. ) ;
#3339 = ORIENTED_EDGE ( 'NONE', *, *, #1427, .T. ) ;
#3340 = CARTESIAN_POINT ( 'NONE',  ( 0.4918432021587133000, -0.3984236738328714200, 0.5300000000000000300 ) ) ;
#3341 = CARTESIAN_POINT ( 'NONE',  ( 0.5585497309222428000, -0.5350994425794315400, 0.5300000000000000300 ) ) ;
#3342 = VECTOR ( 'NONE', #6550, 1000.000000000000000 ) ;
#3343 = ORIENTED_EDGE ( 'NONE', *, *, #9133, .F. ) ;
#3344 = FACE_OUTER_BOUND ( 'NONE', #7577, .T. ) ;
#3345 = VERTEX_POINT ( 'NONE', #4401 ) ;
#3346 = EDGE_LOOP ( 'NONE', ( #4098, #2517, #7536, #7005 ) ) ;
#3347 = LINE ( 'NONE', #8653, #3576 ) ;
#3348 = EDGE_CURVE ( 'NONE', #8946, #4348, #8267, .T. ) ;
#3349 = CARTESIAN_POINT ( 'NONE',  ( 0.4459662992867030600, -0.4734262427081687400, 0.5300000000000000300 ) ) ;
#3350 = ORIENTED_EDGE ( 'NONE', *, *, #3741, .F. ) ;
#3351 = CARTESIAN_POINT ( 'NONE',  ( 0.6714912650087675500, -0.4562373250666672000, 0.5400000000000000400 ) ) ;
#3352 = CARTESIAN_POINT ( 'NONE',  ( 0.3256070286187669500, -0.4479138039247974600, 0.5400000000000000400 ) ) ;
#3353 = DIRECTION ( 'NONE',  ( -0.0000000000000000000, -0.0000000000000000000, -1.000000000000000000 ) ) ;
#3354 = VECTOR ( 'NONE', #8058, 1000.000000000000000 ) ;
#3355 = CARTESIAN_POINT ( 'NONE',  ( 0.5690938586423047700, -0.5113851024999749300, 0.5400000000000000400 ) ) ;
#3356 = ADVANCED_FACE ( 'NONE', ( #6508 ), #1378, .T. ) ;
#3357 = DIRECTION ( 'NONE',  ( 0.0000000000000000000, -0.0000000000000000000, -1.000000000000000000 ) ) ;
#3358 = ORIENTED_EDGE ( 'NONE', *, *, #1228, .F. ) ;
#3359 = ORIENTED_EDGE ( 'NONE', *, *, #8656, .F. ) ;
#3360 = B_SPLINE_CURVE_WITH_KNOTS ( 'NONE', 3,
 ( #2536, #7282, #7141, #2611 ),
 .UNSPECIFIED., .F., .F.,
 ( 4, 4 ),
 ( 19.00000000000000000, 20.00000000000000000 ),
 .UNSPECIFIED. ) ;
#3361 = ORIENTED_EDGE ( 'NONE', *, *, #5404, .T. ) ;
#3362 = EDGE_LOOP ( 'NONE', ( #537, #6358, #6770, #2792 ) ) ;
#3363 = LINE ( 'NONE', #5618, #7356 ) ;
#3364 =( GEOMETRIC_REPRESENTATION_CONTEXT ( 3 ) GLOBAL_UNCERTAINTY_ASSIGNED_CONTEXT ( ( #9047 ) ) GLOBAL_UNIT_ASSIGNED_CONTEXT ( ( #7541, #3034, #8299 ) ) REPRESENTATION_CONTEXT ( 'NONE', 'WORKASPACE' ) );
#3365 = SURFACE_STYLE_USAGE ( .BOTH. , #7846 ) ;
#3366 = DIRECTION ( 'NONE',  ( -1.000000000000000000, 0.0000000000000000000, -0.0000000000000000000 ) ) ;
#3367 = DIRECTION ( 'NONE',  ( -3.367232478686859700E-014, 1.000000000000000000, 0.0000000000000000000 ) ) ;
#3368 = DIRECTION ( 'NONE',  ( -1.000000000000000000, 0.0000000000000000000, 0.0000000000000000000 ) ) ;
#3369 = VERTEX_POINT ( 'NONE', #8167 ) ;
#3370 = VECTOR ( 'NONE', #3512, 1000.000000000000000 ) ;
#3371 = FILL_AREA_STYLE ('',( #8618 ) ) ;
#3372 = CARTESIAN_POINT ( 'NONE',  ( 0.09264826728385712500, -0.4506805247283358100, 0.5400000000000000400 ) ) ;
#3373 = EDGE_CURVE ( 'NONE', #2236, #8961, #297, .T. ) ;
#3374 = EDGE_CURVE ( 'NONE', #2452, #3660, #9066, .T. ) ;
#3375 = B_SPLINE_CURVE_WITH_KNOTS ( 'NONE', 3,
 ( #7405, #2147, #3694, #8930 ),
 .UNSPECIFIED., .F., .F.,
 ( 4, 4 ),
 ( 12.00000000000000000, 13.00000000000000000 ),
 .UNSPECIFIED. ) ;
#3376 = LINE ( 'NONE', #1653, #1356 ) ;
#3377 = CARTESIAN_POINT ( 'NONE',  ( 0.4517556222423695900, -0.3858105097302731400, 0.5300000000000000300 ) ) ;
#3378 = CARTESIAN_POINT ( 'NONE',  ( 0.6427634906170947000, -0.4016465958906835200, 0.5400000000000000400 ) ) ;
#3379 = CARTESIAN_POINT ( 'NONE',  ( -0.001420598883641920400, -0.3743187698585325200, 0.5300000000000000300 ) ) ;
#3380 = CARTESIAN_POINT ( 'NONE',  ( 0.3993930860938300600, -0.4562373250666699200, 0.5400000000000000400 ) ) ;
#3381 = CARTESIAN_POINT ( 'NONE',  ( 0.6720483132655605800, -0.3238189965697152500, 0.5300000000000000300 ) ) ;
#3382 = CARTESIAN_POINT ( 'NONE',  ( 0.4717496757489552700, -0.3940070769391410500, 0.5400000000000000400 ) ) ;
#3383 = LINE ( 'NONE', #1754, #9147 ) ;
#3384 = EDGE_CURVE ( 'NONE', #4454, #6134, #1990, .T. ) ;
#3385 = EDGE_CURVE ( 'NONE', #4753, #7785, #2241, .T. ) ;
#3386 = CARTESIAN_POINT ( 'NONE',  ( 0.5492788563609450900, -0.3927736129415362900, 0.5400000000000000400 ) ) ;
#3387 = CARTESIAN_POINT ( 'NONE',  ( 0.5950562863295227900, -0.3327715578411892800, 0.5300000000000000300 ) ) ;
#3388 = DIRECTION ( 'NONE',  ( -0.0000000000000000000, -0.0000000000000000000, -1.000000000000000000 ) ) ;
#3389 = LINE ( 'NONE', #2620, #9154 ) ;
#3390 = CARTESIAN_POINT ( 'NONE',  ( 0.5304983722713826300, -0.4983342576240698500, 0.5300000000000000300 ) ) ;
#3391 = CARTESIAN_POINT ( 'NONE',  ( 0.2514586197845931600, -0.4916281678223113900, 0.5400000000000000400 ) ) ;
#3392 = B_SPLINE_CURVE_WITH_KNOTS ( 'NONE', 3,
 ( #715, #5210, #2085, #8820 ),
 .UNSPECIFIED., .F., .F.,
 ( 4, 4 ),
 ( 11.00000000000000000, 12.00000000000000000 ),
 .UNSPECIFIED. ) ;
#3393 = CARTESIAN_POINT ( 'NONE',  ( 0.2000000000000000900, -0.3999999999999999700, -0.02000000000000000000 ) ) ;
#3394 = ORIENTED_EDGE ( 'NONE', *, *, #4613, .F. ) ;
#3395 = EDGE_CURVE ( 'NONE', #1691, #6767, #8325, .T. ) ;
#3396 = CARTESIAN_POINT ( 'NONE',  ( 0.5201134011962291700, -0.4935993474405162000, 0.5400000000000000400 ) ) ;
#3397 = VERTEX_POINT ( 'NONE', #2041 ) ;
#3398 = ADVANCED_FACE ( 'NONE', ( #75 ), #1314, .F. ) ;
#3399 = CARTESIAN_POINT ( 'NONE',  ( 0.007432943572267011600, -0.4362935195565979500, 0.5400000000000000400 ) ) ;
#3400 = CARTESIAN_POINT ( 'NONE',  ( 0.6234259582707372100, -0.3410079142112194500, 0.5400000000000000400 ) ) ;
#3401 = EDGE_CURVE ( 'NONE', #6160, #5089, #7573, .T. ) ;
#3402 = LINE ( 'NONE', #1598, #5138 ) ;
#3403 = ORIENTED_EDGE ( 'NONE', *, *, #9412, .F. ) ;
#3404 = ORIENTED_EDGE ( 'NONE', *, *, #6448, .T. ) ;
#3405 = LINE ( 'NONE', #5927, #6945 ) ;
#3406 = CARTESIAN_POINT ( 'NONE',  ( 0.4984680974995734900, -0.4879492865491825100, 0.5400000000000000400 ) ) ;
#3407 = LINE ( 'NONE', #6659, #148 ) ;
#3408 = UNCERTAINTY_MEASURE_WITH_UNIT (LENGTH_MEASURE( 1.000000000000000100E-005 ), #2653, 'distance_accuracy_value', 'NONE');
#3409 = VERTEX_POINT ( 'NONE', #4279 ) ;
#3410 = CARTESIAN_POINT ( 'NONE',  ( 0.2514586197845931600, -0.4916281678223113900, 0.5400000000000000400 ) ) ;
#3411 = CARTESIAN_POINT ( 'NONE',  ( 0.5012334442034981400, -0.4933208233118561700, 0.5400000000000000400 ) ) ;
#3412 = CARTESIAN_POINT ( 'NONE',  ( 0.3250000000000000700, 0.4000000000000000800, -0.02000000000000000000 ) ) ;
#3413 = ORIENTED_EDGE ( 'NONE', *, *, #9638, .T. ) ;
#3414 = DIRECTION ( 'NONE',  ( -0.0000000000000000000, -0.0000000000000000000, -1.000000000000000000 ) ) ;
#3415 =( GEOMETRIC_REPRESENTATION_CONTEXT ( 3 ) GLOBAL_UNCERTAINTY_ASSIGNED_CONTEXT ( ( #1745 ) ) GLOBAL_UNIT_ASSIGNED_CONTEXT ( ( #1566, #3554, #7311 ) ) REPRESENTATION_CONTEXT ( 'NONE', 'WORKASPACE' ) );
#3416 = CARTESIAN_POINT ( 'NONE',  ( 0.5095095897346870700, -0.4795935626956676600, 0.5400000000000000400 ) ) ;
#3417 = FACE_OUTER_BOUND ( 'NONE', #8279, .T. ) ;
#3418 = B_SPLINE_CURVE_WITH_KNOTS ( 'NONE', 3,
 ( #993, #4164, #6247, #7150 ),
 .UNSPECIFIED., .F., .F.,
 ( 4, 4 ),
 ( 4.000000000000000000, 5.000000000000000000 ),
 .UNSPECIFIED. ) ;
#3419 = FACE_OUTER_BOUND ( 'NONE', #413, .T. ) ;
#3420 = COLOUR_RGB ( '',0.2980392156862745100, 0.2980392156862745100, 0.2980392156862745100 ) ;
#3421 = ORIENTED_EDGE ( 'NONE', *, *, #5484, .F. ) ;
#3422 = ORIENTED_EDGE ( 'NONE', *, *, #5748, .F. ) ;
#3423 = CARTESIAN_POINT ( 'NONE',  ( 0.3023664809908534500, -0.3853856900130648900, 0.5300000000000000300 ) ) ;
#3424 = EDGE_LOOP ( 'NONE', ( #2225, #4479, #9432, #5224 ) ) ;
#3425 = CARTESIAN_POINT ( 'NONE',  ( 0.4530089808205556800, -0.5023927520673400200, 0.5300000000000000300 ) ) ;
#3426 =( NAMED_UNIT ( * ) SI_UNIT ( $, .STERADIAN. ) SOLID_ANGLE_UNIT ( ) );
#3427 = LINE ( 'NONE', #5842, #4920 ) ;
#3428 = CARTESIAN_POINT ( 'NONE',  ( 0.6084652336569470500, -0.3846566240555205900, 0.5400000000000000400 ) ) ;
#3429 = EDGE_CURVE ( 'NONE', #8097, #7672, #6813, .T. ) ;
#3430 = CARTESIAN_POINT ( 'NONE',  ( 0.6427634906171156800, -0.4900581120928776400, 0.5400000000000000400 ) ) ;
#3431 = LINE ( 'NONE', #9116, #9192 ) ;
#3432 = VECTOR ( 'NONE', #1698, 1000.000000000000000 ) ;
#3433 = CARTESIAN_POINT ( 'NONE',  ( 0.7801156751039408600, -0.5038251618707552100, 0.5400000000000000400 ) ) ;
#3434 = ORIENTED_EDGE ( 'NONE', *, *, #4050, .T. ) ;
#3435 = CARTESIAN_POINT ( 'NONE',  ( 0.4578831530684388000, -0.4996075107828368300, 0.5400000000000000400 ) ) ;
#3436 = CARTESIAN_POINT ( 'NONE',  ( 0.7587687901162603100, -0.4472847637951944400, 0.5400000000000000400 ) ) ;
#3437 = VECTOR ( 'NONE', #9224, 1000.000000000000000 ) ;
#3438 = ORIENTED_EDGE ( 'NONE', *, *, #7393, .T. ) ;
#3439 = LINE ( 'NONE', #6667, #5428 ) ;
#3440 = VECTOR ( 'NONE', #6350, 1000.000000000000000 ) ;
#3441 = ORIENTED_EDGE ( 'NONE', *, *, #1170, .F. ) ;
#3442 = VERTEX_POINT ( 'NONE', #1980 ) ;
#3443 = ORIENTED_EDGE ( 'NONE', *, *, #547, .T. ) ;
#3444 = EDGE_CURVE ( 'NONE', #1782, #1691, #5061, .T. ) ;
#3445 = EDGE_CURVE ( 'NONE', #7226, #4621, #3098, .T. ) ;
#3446 = VECTOR ( 'NONE', #9110, 1000.000000000000000 ) ;
#3447 = CARTESIAN_POINT ( 'NONE',  ( 0.6156073880934355100, -0.3907443657201645800, 0.5400000000000000400 ) ) ;
#3448 = CARTESIAN_POINT ( 'NONE',  ( 0.6827913867914360300, -0.5162393801670115400, 0.5400000000000000400 ) ) ;
#3449 = ORIENTED_EDGE ( 'NONE', *, *, #1151, .T. ) ;
#3450 = PLANE ( 'NONE',  #5069 ) ;
#3451 = DIRECTION ( 'NONE',  ( -0.0000000000000000000, -0.0000000000000000000, -1.000000000000000000 ) ) ;
#3452 = LINE ( 'NONE', #5947, #5187 ) ;
#3453 = VERTEX_POINT ( 'NONE', #2727 ) ;
#3454 = ADVANCED_FACE ( 'NONE', ( #4828 ), #8645, .F. ) ;
#3455 = CARTESIAN_POINT ( 'NONE',  ( 0.6650653154737175000, -0.3392174019568188200, 0.5300000000000000300 ) ) ;
#3456 = FACE_OUTER_BOUND ( 'NONE', #9665, .T. ) ;
#3457 = VERTEX_POINT ( 'NONE', #8779 ) ;
#3458 = CARTESIAN_POINT ( 'NONE',  ( 0.4532477157877887700, -0.5159210668777206600, 0.5400000000000000400 ) ) ;
#3460 = DIRECTION ( 'NONE',  ( -0.0000000000000000000, -0.0000000000000000000, -1.000000000000000000 ) ) ;
#3459 = MECHANICAL_DESIGN_GEOMETRIC_PRESENTATION_REPRESENTATION (  '', ( #2436 ), #3959 ) ;
#3461 =( NAMED_UNIT ( * ) PLANE_ANGLE_UNIT ( ) SI_UNIT ( $, .RADIAN. ) );
#3462 = FILL_AREA_STYLE_COLOUR ( '', #2174 ) ;
#3463 = ORIENTED_EDGE ( 'NONE', *, *, #5942, .T. ) ;
#3464 = CARTESIAN_POINT ( 'NONE',  ( 0.6826521247273690300, -0.3803593946447457700, 0.5300000000000000300 ) ) ;
#3465 = MECHANICAL_DESIGN_GEOMETRIC_PRESENTATION_REPRESENTATION (  '', ( #1987 ), #3960 ) ;
#3466 = ORIENTED_EDGE ( 'NONE', *, *, #7930, .T. ) ;
#3467 = CARTESIAN_POINT ( 'NONE',  ( 0.6467424067380472800, -0.5162393801670115400, 0.5300000000000000300 ) ) ;
#3468 = EDGE_CURVE ( 'NONE', #7609, #3261, #2830, .T. ) ;
#3469 = DIRECTION ( 'NONE',  ( -0.0000000000000000000, -1.000000000000000000, -0.0000000000000000000 ) ) ;
#3470 = LINE ( 'NONE', #8065, #7241 ) ;
#3471 = LINE ( 'NONE', #8186, #1450 ) ;
#3472 = UNCERTAINTY_MEASURE_WITH_UNIT (LENGTH_MEASURE( 1.000000000000000100E-005 ), #7786, 'distance_accuracy_value', 'NONE');
#3473 = CARTESIAN_POINT ( 'NONE',  ( 0.3993930860938300600, -0.4562373250666699200, 0.5400000000000000400 ) ) ;
#3474 = EDGE_LOOP ( 'NONE', ( #1583, #5920, #7982, #3128 ) ) ;
#3475 = FILL_AREA_STYLE ('',( #1187 ) ) ;
#3476 = ORIENTED_EDGE ( 'NONE', *, *, #1476, .T. ) ;
#3477 = VERTEX_POINT ( 'NONE', #1925 ) ;
#3478 = ORIENTED_EDGE ( 'NONE', *, *, #9549, .F. ) ;
#3479 = CARTESIAN_POINT ( 'NONE',  ( 0.6167811683492973000, -0.3523080359938855500, 0.5300000000000000300 ) ) ;
#3480 = CARTESIAN_POINT ( 'NONE',  ( 0.4441161032908241300, -0.3636081577765559200, 0.5400000000000000400 ) ) ;
#3481 = VERTEX_POINT ( 'NONE', #7864 ) ;
#3482 = ORIENTED_EDGE ( 'NONE', *, *, #7481, .F. ) ;
#3483 = ORIENTED_EDGE ( 'NONE', *, *, #4173, .F. ) ;
#3484 = VERTEX_POINT ( 'NONE', #1946 ) ;
#3485 = CARTESIAN_POINT ( 'NONE',  ( 0.4651048858275191300, -0.4682536517513063400, 0.5400000000000000400 ) ) ;
#3486 = CARTESIAN_POINT ( 'NONE',  ( 0.4651048858275191300, -0.4682536517513063400, 0.5400000000000000400 ) ) ;
#3487 = B_SPLINE_SURFACE_WITH_KNOTS ( 'NONE', 3, 1, ( 
 ( #6908, #2374 ),
 ( #3156, #8409 ),
 ( #3902, #9160 ),
 ( #4651, #193 ) ),
 .UNSPECIFIED., .F., .F., .F.,
 ( 4, 4 ),
 ( 2, 2 ),
 ( 11.00000000000000000, 12.00000000000000000 ),
 ( 0.0000000000000000000, 1.000000000000000000 ),
 .UNSPECIFIED. ) ;
#3488 = DIRECTION ( 'NONE',  ( 0.0000000000000000000, 0.0000000000000000000, -1.000000000000000000 ) ) ;
#3489 = PLANE ( 'NONE',  #3328 ) ;
#3490 = EDGE_CURVE ( 'NONE', #9357, #2185, #864, .T. ) ;
#3491 = ORIENTED_EDGE ( 'NONE', *, *, #428, .T. ) ;
#3492 = VECTOR ( 'NONE', #7426, 1000.000000000000000 ) ;
#3493 = CARTESIAN_POINT ( 'NONE',  ( -0.5999999999999999800, 5.421010862427522200E-017, -0.02000000000000000000 ) ) ;
#3494 = SURFACE_STYLE_USAGE ( .BOTH. , #7988 ) ;
#3495 = DIRECTION ( 'NONE',  ( 0.0000000000000000000, -1.000000000000000000, 0.0000000000000000000 ) ) ;
#3496 = CARTESIAN_POINT ( 'NONE',  ( 0.5348552854233678000, -0.5032681136134282700, 0.5300000000000000300 ) ) ;
#3497 = VERTEX_POINT ( 'NONE', #9459 ) ;
#3498 = PLANE ( 'NONE',  #3036 ) ;
#3499 = LINE ( 'NONE', #2496, #5499 ) ;
#3500 = EDGE_CURVE ( 'NONE', #4739, #3879, #4615, .T. ) ;
#3501 = DIRECTION ( 'NONE',  ( -0.0000000000000000000, -0.0000000000000000000, -1.000000000000000000 ) ) ;
#3502 = EDGE_CURVE ( 'NONE', #4488, #3940, #6056, .T. ) ;
#3503 = B_SPLINE_CURVE_WITH_KNOTS ( 'NONE', 3,
 ( #4976, #9498, #7276, #2743 ),
 .UNSPECIFIED., .F., .F.,
 ( 4, 4 ),
 ( 21.00000000000000000, 22.00000000000000000 ),
 .UNSPECIFIED. ) ;
#3504 = CIRCLE ( 'NONE', #7056, 0.1249999999999999700 ) ;
#3505 = CARTESIAN_POINT ( 'NONE',  ( 0.09264826728385712500, -0.4506805247283358100, 0.5400000000000000400 ) ) ;
#3506 = CARTESIAN_POINT ( 'NONE',  ( 0.3893463228890822700, -0.3238189965697173000, 0.5400000000000000400 ) ) ;
#3507 = CARTESIAN_POINT ( 'NONE',  ( 0.4294339028051645800, -0.4472847637951952700, 0.5400000000000000400 ) ) ;
#3508 = CARTESIAN_POINT ( 'NONE',  ( 0.6156073880934355100, -0.3907443657201645800, 0.5300000000000000300 ) ) ;
#3509 = AXIS2_PLACEMENT_3D ( 'NONE', #8486, #991, #3997 ) ;
#3510 = CARTESIAN_POINT ( 'NONE',  ( 0.4577637855846872200, -0.3344427026121056800, 0.5300000000000000300 ) ) ;
#3511 = EDGE_CURVE ( 'NONE', #3912, #2441, #615, .T. ) ;
#3512 = DIRECTION ( 'NONE',  ( 1.000000000000000000, -0.0000000000000000000, -0.0000000000000000000 ) ) ;
#3513 = CARTESIAN_POINT ( 'NONE',  ( 0.5853875201566092200, -0.4016465958906835200, 0.5400000000000000400 ) ) ;
#3514 = CARTESIAN_POINT ( 'NONE',  ( 0.08988152537156514400, -0.3311577596204376400, 0.5300000000000000300 ) ) ;
#3515 = EDGE_LOOP ( 'NONE', ( #4358, #3186, #2021, #7524 ) ) ;
#3516 = CARTESIAN_POINT ( 'NONE',  ( 0.2708257603980817100, -0.3754254613460054100, 0.5300000000000000300 ) ) ;
#3517 = EDGE_LOOP ( 'NONE', ( #6708, #8994, #6110, #6870 ) ) ;
#3518 = AXIS2_PLACEMENT_3D ( 'NONE', #7964, #9470, #4936 ) ;
#3519 = CARTESIAN_POINT ( 'NONE',  ( 0.2232379683776580500, -0.4910748299942564500, 0.5300000000000000300 ) ) ;
#3520 = LINE ( 'NONE', #6200, #1949 ) ;
#3521 = AXIS2_PLACEMENT_3D ( 'NONE', #808, #7586, #3073 ) ;
#3522 = ORIENTED_EDGE ( 'NONE', *, *, #7743, .F. ) ;
#3523 = LINE ( 'NONE', #3322, #9288 ) ;
#3524 = EDGE_CURVE ( 'NONE', #8219, #2924, #5281, .T. ) ;
#3525 = LINE ( 'NONE', #101, #5523 ) ;
#3526 = EDGE_LOOP ( 'NONE', ( #7354, #4817, #1439, #887, #5693, #7440, #8846, #3906 ) ) ;
#3527 = ADVANCED_FACE ( 'NONE', ( #8388, #6382 ), #9392, .T. ) ;
#3528 = EDGE_LOOP ( 'NONE', ( #4012, #4620, #4685, #3700 ) ) ;
#3529 = VECTOR ( 'NONE', #576, 1000.000000000000000 ) ;
#3530 = CARTESIAN_POINT ( 'NONE',  ( 0.2912995555594620800, -0.4484671628613402000, 0.5300000000000000300 ) ) ;
#3531 = CIRCLE ( 'NONE', #3665, 0.1249999999999999700 ) ;
#3532 = DIRECTION ( 'NONE',  ( -0.0000000000000000000, -0.0000000000000000000, 1.000000000000000000 ) ) ;
#3533 = FACE_OUTER_BOUND ( 'NONE', #988, .T. ) ;
#3534 = CARTESIAN_POINT ( 'NONE',  ( 0.1479828838871060400, -0.5370025452050524200, 0.5300000000000000300 ) ) ;
#3535 = CARTESIAN_POINT ( 'NONE',  ( 0.2514586197845931600, -0.4916281678223113900, 0.5300000000000000300 ) ) ;
#3536 = AXIS2_PLACEMENT_3D ( 'NONE', #472, #4943, #4225 ) ;
#3537 = VERTEX_POINT ( 'NONE', #6433 ) ;
#3538 = CARTESIAN_POINT ( 'NONE',  ( 0.7587687901162603100, -0.4472847637951944400, 0.5300000000000000300 ) ) ;
#3539 = CARTESIAN_POINT ( 'NONE',  ( 0.5338605563932628000, -0.5191041997738421500, 0.5300000000000000300 ) ) ;
#3540 = AXIS2_PLACEMENT_3D ( 'NONE', #8962, #4448, #9717 ) ;
#3541 = DIRECTION ( 'NONE',  ( -0.0000000000000000000, -0.0000000000000000000, -1.000000000000000000 ) ) ;
#3542 = ORIENTED_EDGE ( 'NONE', *, *, #4629, .F. ) ;
#3543 = LINE ( 'NONE', #8791, #4011 ) ;
#3544 = EDGE_LOOP ( 'NONE', ( #7797, #311, #229, #4926 ) ) ;
#3545 = DIRECTION ( 'NONE',  ( 0.0000000000000000000, -0.0000000000000000000, -1.000000000000000000 ) ) ;
#3546 = CARTESIAN_POINT ( 'NONE',  ( 0.5077190774802899900, -0.5264254054360929500, 0.5300000000000000300 ) ) ;
#3547 = CARTESIAN_POINT ( 'NONE',  ( 0.6149309723531720700, -0.4900581120928776400, 0.5400000000000000400 ) ) ;
#3548 = DIRECTION ( 'NONE',  ( -0.3897582650654750600, -0.9209172030172695400, -0.0000000000000000000 ) ) ;
#3549 = CARTESIAN_POINT ( 'NONE',  ( 0.7059287840335156700, -0.5081223912809971200, 0.5400000000000000400 ) ) ;
#3550 = EDGE_CURVE ( 'NONE', #2006, #150, #6863, .T. ) ;
#3551 = DIRECTION ( 'NONE',  ( -1.000000000000000000, -0.0000000000000000000, -0.0000000000000000000 ) ) ;
#3552 = ORIENTED_EDGE ( 'NONE', *, *, #3933, .T. ) ;
#3553 = VECTOR ( 'NONE', #7783, 1000.000000000000000 ) ;
#3554 =( NAMED_UNIT ( * ) PLANE_ANGLE_UNIT ( ) SI_UNIT ( $, .RADIAN. ) );
#3555 = ORIENTED_EDGE ( 'NONE', *, *, #4757, .T. ) ;
#3556 = AXIS2_PLACEMENT_3D ( 'NONE', #1179, #2679, #7968 ) ;
#3557 = B_SPLINE_CURVE_WITH_KNOTS ( 'NONE', 3,
 ( #3644, #7435, #5172, #687 ),
 .UNSPECIFIED., .F., .F.,
 ( 4, 4 ),
 ( 11.00000000000000000, 12.00000000000000000 ),
 .UNSPECIFIED. ) ;
#3558 = EDGE_LOOP ( 'NONE', ( #4437, #3572, #8206, #7736 ) ) ;
#3559 = FACE_OUTER_BOUND ( 'NONE', #8627, .T. ) ;
#3560 = VERTEX_POINT ( 'NONE', #369 ) ;
#3561 = EDGE_CURVE ( 'NONE', #7620, #8622, #6611, .T. ) ;
#3562 = FILL_AREA_STYLE ('',( #5843 ) ) ;
#3563 = CARTESIAN_POINT ( 'NONE',  ( 0.2719324360544583800, -0.4053061579003669500, 0.5400000000000000400 ) ) ;
#3564 =( NAMED_UNIT ( * ) PLANE_ANGLE_UNIT ( ) SI_UNIT ( $, .RADIAN. ) );
#3565 = VECTOR ( 'NONE', #2317, 1000.000000000000000 ) ;
#3566 = CARTESIAN_POINT ( 'NONE',  ( 0.9000000000000001300, -0.6500000000000000200, 0.5300000000000000300 ) ) ;
#3567 = DIRECTION ( 'NONE',  ( -0.0000000000000000000, -0.0000000000000000000, -1.000000000000000000 ) ) ;
#3568 = EDGE_CURVE ( 'NONE', #3481, #264, #4351, .T. ) ;
#3569 = ORIENTED_EDGE ( 'NONE', *, *, #4341, .F. ) ;
#3570 = VECTOR ( 'NONE', #9578, 1000.000000000000000 ) ;
#3571 = CARTESIAN_POINT ( 'NONE',  ( 0.6149309723531720700, -0.4900581120928776400, 0.5400000000000000400 ) ) ;
#3572 = ORIENTED_EDGE ( 'NONE', *, *, #2503, .F. ) ;
#3573 = ORIENTED_EDGE ( 'NONE', *, *, #6328, .T. ) ;
#3574 = ORIENTED_EDGE ( 'NONE', *, *, #9193, .T. ) ;
#3575 = VERTEX_POINT ( 'NONE', #4830 ) ;
#3576 = VECTOR ( 'NONE', #5320, 1000.000000000000100 ) ;
#3577 = ORIENTED_EDGE ( 'NONE', *, *, #2920, .T. ) ;
#3578 = ADVANCED_FACE ( 'NONE', ( #4134 ), #7101, .T. ) ;
#3579 = FACE_OUTER_BOUND ( 'NONE', #5796, .T. ) ;
#3580 = CARTESIAN_POINT ( 'NONE',  ( 0.4502237395360475500, -0.3994184028629744200, 0.5400000000000000400 ) ) ;
#3581 = DIRECTION ( 'NONE',  ( 1.000000000000000000, 0.0000000000000000000, 0.0000000000000000000 ) ) ;
#3582 = CARTESIAN_POINT ( 'NONE',  ( 0.6025565432169995800, -0.3351986966747082500, 0.5300000000000000300 ) ) ;
#3583 = PLANE ( 'NONE',  #5477 ) ;
#3584 = COLOUR_RGB ( '',0.6666666666666666300, 0.6666666666666666300, 0.6666666666666666300 ) ;
#3585 = UNCERTAINTY_MEASURE_WITH_UNIT (LENGTH_MEASURE( 1.000000000000000100E-005 ), #8550, 'distance_accuracy_value', 'NONE');
#3586 = DIRECTION ( 'NONE',  ( -0.0000000000000000000, 1.000000000000000000, -0.0000000000000000000 ) ) ;
#3587 = ORIENTED_EDGE ( 'NONE', *, *, #4050, .F. ) ;
#3588 = ORIENTED_EDGE ( 'NONE', *, *, #6548, .F. ) ;
#3589 = ORIENTED_EDGE ( 'NONE', *, *, #136, .F. ) ;
#3590 = VERTEX_POINT ( 'NONE', #2581 ) ;
#3591 = EDGE_CURVE ( 'NONE', #8390, #4834, #8138, .T. ) ;
#3592 = PLANE ( 'NONE',  #1702 ) ;
#3593 = CARTESIAN_POINT ( 'NONE',  ( 0.4405350787820243600, -0.5152048619757483300, 0.5300000000000000300 ) ) ;
#3594 = ORIENTED_EDGE ( 'NONE', *, *, #6736, .F. ) ;
#3595 = VECTOR ( 'NONE', #8868, 1000.000000000000000 ) ;
#3596 = STYLED_ITEM ( 'NONE', ( #7138 ), #1661 ) ;
#3597 = CARTESIAN_POINT ( 'NONE',  ( 0.6828510705337107500, -0.5251123631161613800, 0.5400000000000000400 ) ) ;
#3598 = CARTESIAN_POINT ( 'NONE',  ( 0.5140256595315849700, -0.4682536517513063400, 0.5400000000000000400 ) ) ;
#3599 = CARTESIAN_POINT ( 'NONE',  ( 0.6663385686324836400, -0.3337662868712928900, 0.5400000000000000400 ) ) ;
#3600 = CARTESIAN_POINT ( 'NONE',  ( 0.6650653154737175000, -0.3392174019568188200, 0.5400000000000000400 ) ) ;
#3601 = ORIENTED_EDGE ( 'NONE', *, *, #7025, .T. ) ;
#3602 = CARTESIAN_POINT ( 'NONE',  ( 0.4754500677412452100, -0.5165179042956770100, 0.5400000000000000400 ) ) ;
#3603 = LINE ( 'NONE', #1695, #7370 ) ;
#3604 = DIRECTION ( 'NONE',  ( 1.000000000000000000, 0.0000000000000000000, -0.0000000000000000000 ) ) ;
#3605 = EDGE_CURVE ( 'NONE', #6223, #7322, #188, .T. ) ;
#3606 = PLANE ( 'NONE',  #2583 ) ;
#3607 = CARTESIAN_POINT ( 'NONE',  ( 0.07494118237177233000, -0.3488648392551344000, 0.5300000000000000300 ) ) ;
#3608 = DIRECTION ( 'NONE',  ( 1.000000000000000000, 2.490470870474808300E-013, -0.0000000000000000000 ) ) ;
#3609 = LINE ( 'NONE', #8269, #129 ) ;
#3610 = CARTESIAN_POINT ( 'NONE',  ( 0.6827913867914360300, -0.5162393801670115400, 0.5300000000000000300 ) ) ;
#3611 = DIRECTION ( 'NONE',  ( -1.000000000000000000, 0.0000000000000000000, 0.0000000000000000000 ) ) ;
#3612 = DIRECTION ( 'NONE',  ( -0.0000000000000000000, 1.000000000000000000, -0.0000000000000000000 ) ) ;
#3613 = EDGE_CURVE ( 'NONE', #4386, #2708, #3917, .T. ) ;
#3614 = EDGE_CURVE ( 'NONE', #6702, #3830, #4537, .T. ) ;
#3615 = ADVANCED_FACE ( 'NONE', ( #2101 ), #2120, .F. ) ;
#3616 = B_SPLINE_CURVE_WITH_KNOTS ( 'NONE', 3,
 ( #6321, #1058, #2566, #7850 ),
 .UNSPECIFIED., .F., .F.,
 ( 4, 4 ),
 ( 12.00000000000000000, 13.00000000000000000 ),
 .UNSPECIFIED. ) ;
#3617 = VERTEX_POINT ( 'NONE', #260 ) ;
#3618 = ORIENTED_EDGE ( 'NONE', *, *, #6148, .T. ) ;
#3619 = FILL_AREA_STYLE_COLOUR ( '', #2078 ) ;
#3620 = CARTESIAN_POINT ( 'NONE',  ( 0.7130709384700055800, -0.4575901565477583600, 0.5300000000000000300 ) ) ;
#3621 = CARTESIAN_POINT ( 'NONE',  ( 0.2060842424023816300, -0.5170820878714630400, 0.5400000000000000400 ) ) ;
#3622 = CARTESIAN_POINT ( 'NONE',  ( 0.5519248355813865000, -0.4695269049100741500, 0.5300000000000000300 ) ) ;
#3623 = DIRECTION ( 'NONE',  ( -0.0000000000000000000, 1.000000000000000000, -0.0000000000000000000 ) ) ;
#3624 = DIRECTION ( 'NONE',  ( 0.9409537876760556400, -0.3385350343141527700, 0.0000000000000000000 ) ) ;
#3625 = SURFACE_SIDE_STYLE ('',( #6112 ) ) ;
#3626 = LINE ( 'NONE', #9166, #1622 ) ;
#3627 = B_SPLINE_CURVE_WITH_KNOTS ( 'NONE', 3,
 ( #6671, #5014, #8215, #9657 ),
 .UNSPECIFIED., .F., .F.,
 ( 4, 4 ),
 ( 23.00000000000000000, 24.00000000000000000 ),
 .UNSPECIFIED. ) ;
#3628 = STYLED_ITEM ( 'NONE', ( #4579 ), #9583 ) ;
#3629 = CARTESIAN_POINT ( 'NONE',  ( 0.7880536127652577600, -0.5251123631161613800, 0.5300000000000000300 ) ) ;
#3630 = ORIENTED_EDGE ( 'NONE', *, *, #7229, .T. ) ;
#3631 = EDGE_LOOP ( 'NONE', ( #5810, #7444, #3589, #9426 ) ) ;
#3632 = FACE_OUTER_BOUND ( 'NONE', #4951, .T. ) ;
#3633 = EDGE_LOOP ( 'NONE', ( #8002, #3711, #553, #3206, #8595, #3131, #5179 ) ) ;
#3634 = EDGE_CURVE ( 'NONE', #3617, #5413, #3784, .T. ) ;
#3635 = ORIENTED_EDGE ( 'NONE', *, *, #3591, .T. ) ;
#3636 = CARTESIAN_POINT ( 'NONE',  ( 0.08213467968051899000, -0.3394579536937830700, 0.5400000000000000400 ) ) ;
#3637 = CARTESIAN_POINT ( 'NONE',  ( -0.1999999999999999300, 5.421010862427522200E-017, -0.02000000000000000000 ) ) ;
#3638 = DIRECTION ( 'NONE',  ( -1.000000000000000000, 0.0000000000000000000, 0.0000000000000000000 ) ) ;
#3639 =( NAMED_UNIT ( * ) SI_UNIT ( $, .STERADIAN. ) SOLID_ANGLE_UNIT ( ) );
#3640 = VECTOR ( 'NONE', #6762, 1000.000000000000000 ) ;
#3641 = CARTESIAN_POINT ( 'NONE',  ( 0.4335719755707609400, -0.3758632194286974900, 0.5400000000000000400 ) ) ;
#3642 = DIRECTION ( 'NONE',  ( 0.1333547648938786200, -0.9910683662997716900, 0.0000000000000000000 ) ) ;
#3643 = LINE ( 'NONE', #5095, #5862 ) ;
#3644 = CARTESIAN_POINT ( 'NONE',  ( 0.4641897351197373800, -0.4761716948315121700, 0.5400000000000000400 ) ) ;
#3645 = ORIENTED_EDGE ( 'NONE', *, *, #9388, .T. ) ;
#3646 = ORIENTED_EDGE ( 'NONE', *, *, #509, .T. ) ;
#3647 = DIRECTION ( 'NONE',  ( -0.0000000000000000000, -0.0000000000000000000, 1.000000000000000000 ) ) ;
#3648 = ORIENTED_EDGE ( 'NONE', *, *, #1625, .F. ) ;
#3649 = CARTESIAN_POINT ( 'NONE',  ( 0.7630063357852903100, -0.4614099160240596200, 0.5400000000000000400 ) ) ;
#3650 = CARTESIAN_POINT ( 'NONE',  ( 0.4335719755707609400, -0.3516714094147702100, 0.5400000000000000400 ) ) ;
#3651 = DIRECTION ( 'NONE',  ( -0.0000000000000000000, 1.000000000000000000, -0.0000000000000000000 ) ) ;
#3652 = VECTOR ( 'NONE', #1582, 1000.000000000000000 ) ;
#3653 = ORIENTED_EDGE ( 'NONE', *, *, #1427, .F. ) ;
#3654 = EDGE_LOOP ( 'NONE', ( #4224, #4099 ) ) ;
#3655 = FILL_AREA_STYLE ('',( #3619 ) ) ;
#3656 = CARTESIAN_POINT ( 'NONE',  ( 0.4754500677412452100, -0.5251123631161622700, 0.5400000000000000400 ) ) ;
#3657 = VECTOR ( 'NONE', #2292, 1000.000000000000000 ) ;
#3658 = CARTESIAN_POINT ( 'NONE',  ( 0.4405350787820243600, -0.5102312168246958500, 0.5400000000000000400 ) ) ;
#3659 = DIRECTION ( 'NONE',  ( -0.0000000000000000000, -0.0000000000000000000, -1.000000000000000000 ) ) ;
#3660 = VERTEX_POINT ( 'NONE', #7987 ) ;
#3661 = PRESENTATION_LAYER_ASSIGNMENT (  '', '', ( #4162 ) ) ;
#3662 = CARTESIAN_POINT ( 'NONE',  ( 0.1662433066272454600, -0.3361378739537001500, 0.5400000000000000400 ) ) ;
#3663 = CARTESIAN_POINT ( 'NONE',  ( 0.6502438529239925600, -0.3803593946447465500, 0.5400000000000000400 ) ) ;
#3664 = VECTOR ( 'NONE', #3611, 1000.000000000000000 ) ;
#3665 = AXIS2_PLACEMENT_3D ( 'NONE', #4166, #9441, #4904 ) ;
#3666 = VECTOR ( 'NONE', #1092, 999.9999999999998900 ) ;
#3667 = EDGE_LOOP ( 'NONE', ( #7228, #2979, #8522, #9102 ) ) ;
#3668 = ORIENTED_EDGE ( 'NONE', *, *, #7519, .F. ) ;
#3669 = ORIENTED_EDGE ( 'NONE', *, *, #1492, .F. ) ;
#3670 = CARTESIAN_POINT ( 'NONE',  ( 0.06276757072949418200, -0.3809588923993698100, 0.5400000000000000400 ) ) ;
#3671 = ADVANCED_FACE ( 'NONE', ( #3672 ), #5432, .T. ) ;
#3672 = FACE_OUTER_BOUND ( 'NONE', #7052, .T. ) ;
#3673 = ORIENTED_EDGE ( 'NONE', *, *, #8949, .F. ) ;
#3674 = CARTESIAN_POINT ( 'NONE',  ( 0.5857854117682252900, -0.3327715578411892800, 0.5400000000000000400 ) ) ;
#3675 = CARTESIAN_POINT ( 'NONE',  ( 0.07051440586656337900, -0.4949482581171652500, 0.5300000000000000300 ) ) ;
#3676 = CARTESIAN_POINT ( 'NONE',  ( 0.5191584613272886000, -0.4761716948315121700, 0.5400000000000000400 ) ) ;
#3677 = ORIENTED_EDGE ( 'NONE', *, *, #1049, .F. ) ;
#3678 = EDGE_LOOP ( 'NONE', ( #1061, #1830, #4741, #4845 ) ) ;
#3679 = ORIENTED_EDGE ( 'NONE', *, *, #7873, .F. ) ;
#3680 = CARTESIAN_POINT ( 'NONE',  ( 0.5244305251873192500, -0.4761716948315121700, 0.5300000000000000300 ) ) ;
#3681 = EDGE_CURVE ( 'NONE', #5598, #4161, #9660, .T. ) ;
#3682 = DIRECTION ( 'NONE',  ( -0.3559357243698801400, -0.9345104387417448900, -0.0000000000000000000 ) ) ;
#3683 = CARTESIAN_POINT ( 'NONE',  ( 0.5201134011962291700, -0.4682536517513063400, 0.5300000000000000300 ) ) ;
#3684 = EDGE_CURVE ( 'NONE', #573, #1648, #3027, .T. ) ;
#3685 = LINE ( 'NONE', #917, #5671 ) ;
#3686 = EDGE_LOOP ( 'NONE', ( #2639, #8490, #7194, #4000 ) ) ;
#3687 = DIRECTION ( 'NONE',  ( -1.000000000000000000, 0.0000000000000000000, 0.0000000000000000000 ) ) ;
#3688 = FACE_OUTER_BOUND ( 'NONE', #8130, .T. ) ;
#3689 = CARTESIAN_POINT ( 'NONE',  ( 0.4984084137578308500, -0.5130960364320531500, 0.5300000000000000300 ) ) ;
#3690 =( LENGTH_UNIT ( ) NAMED_UNIT ( * ) SI_UNIT ( .MILLI., .METRE. ) );
#3691 = ORIENTED_EDGE ( 'NONE', *, *, #9361, .F. ) ;
#3692 = ORIENTED_EDGE ( 'NONE', *, *, #3068, .F. ) ;
#3693 = CARTESIAN_POINT ( 'NONE',  ( 0.2708257603980817100, -0.3754254613460054100, 0.5300000000000000300 ) ) ;
#3694 = CARTESIAN_POINT ( 'NONE',  ( 0.4575250506174526900, -0.4761716948315121700, 0.5300000000000000300 ) ) ;
#3695 = B_SPLINE_CURVE_WITH_KNOTS ( 'NONE', 3,
 ( #1480, #7514, #4502, #41 ),
 .UNSPECIFIED., .F., .F.,
 ( 4, 4 ),
 ( 2.000000000000000000, 3.000000000000000000 ),
 .UNSPECIFIED. ) ;
#3696 = LINE ( 'NONE', #5700, #5465 ) ;
#3697 = VECTOR ( 'NONE', #9692, 1000.000000000000000 ) ;
#3698 =( NAMED_UNIT ( * ) PLANE_ANGLE_UNIT ( ) SI_UNIT ( $, .RADIAN. ) );
#3699 = CARTESIAN_POINT ( 'NONE',  ( 0.4717496757489552700, -0.3940070769391410500, 0.5300000000000000300 ) ) ;
#3700 = ORIENTED_EDGE ( 'NONE', *, *, #6104, .T. ) ;
#3701 = DIRECTION ( 'NONE',  ( 0.0000000000000000000, 0.0000000000000000000, -1.000000000000000000 ) ) ;
#3702 = ORIENTED_EDGE ( 'NONE', *, *, #4701, .T. ) ;
#3703 = ORIENTED_EDGE ( 'NONE', *, *, #2750, .T. ) ;
#3704 = CARTESIAN_POINT ( 'NONE',  ( 0.4918432021587133000, -0.3361934257048131400, 0.5400000000000000400 ) ) ;
#3705 = CARTESIAN_POINT ( 'NONE',  ( 0.1656899687989250900, -0.3029370976592576900, 0.5400000000000000400 ) ) ;
#3706 = CARTESIAN_POINT ( 'NONE',  ( 0.5106435808288617400, -0.4888246480952716000, 0.5400000000000000400 ) ) ;
#3707 = EDGE_CURVE ( 'NONE', #8971, #2263, #1663, .T. ) ;
#3708 = B_SPLINE_CURVE_WITH_KNOTS ( 'NONE', 3,
 ( #9058, #3811, #3052, #4560, #108, #5311, #825 ),
 .UNSPECIFIED., .F., .F.,
 ( 4, 3, 4 ),
 ( 2.000000000000000000, 3.000000000000000000, 4.000000000000000000 ),
 .UNSPECIFIED. ) ;
#3709 = VERTEX_POINT ( 'NONE', #2535 ) ;
#3710 = VERTEX_POINT ( 'NONE', #2741 ) ;
#3711 = ORIENTED_EDGE ( 'NONE', *, *, #564, .F. ) ;
#3712 = LINE ( 'NONE', #3760, #7739 ) ;
#3713 =( NAMED_UNIT ( * ) SI_UNIT ( $, .STERADIAN. ) SOLID_ANGLE_UNIT ( ) );
#3714 = DIRECTION ( 'NONE',  ( 1.000000000000000000, -0.0000000000000000000, -0.0000000000000000000 ) ) ;
#3715 = CARTESIAN_POINT ( 'NONE',  ( 0.6084652336569470500, -0.3846566240555205900, 0.5300000000000000300 ) ) ;
#3716 = CARTESIAN_POINT ( 'NONE',  ( 0.7648764263620145800, -0.4616088618298676000, 0.5300000000000000300 ) ) ;
#3717 = CARTESIAN_POINT ( 'NONE',  ( 0.6663385686324836400, -0.3337662868712928900, 0.5300000000000000300 ) ) ;
#3718 = CARTESIAN_POINT ( 'NONE',  ( 0.1479828838871060400, -0.5370025452050524200, 0.5400000000000000400 ) ) ;
#3719 = CARTESIAN_POINT ( 'NONE',  ( 0.6677908730164815500, -0.3392174019568188200, 0.5300000000000000300 ) ) ;
#3720 = EDGE_CURVE ( 'NONE', #3176, #4266, #5438, .T. ) ;
#3721 = CARTESIAN_POINT ( 'NONE',  ( 0.5430319580516553800, -0.5418238108231916400, 0.5400000000000000400 ) ) ;
#3722 = ORIENTED_EDGE ( 'NONE', *, *, #7770, .F. ) ;
#3723 = ORIENTED_EDGE ( 'NONE', *, *, #4971, .T. ) ;
#3724 = VECTOR ( 'NONE', #2128, 1000.000000000000000 ) ;
#3725 = CARTESIAN_POINT ( 'NONE',  ( 0.7695118636426638800, -0.4472847637951944400, 0.5400000000000000400 ) ) ;
#3726 = CARTESIAN_POINT ( 'NONE',  ( 0.4513577306304862900, -0.5142499221068056500, 0.5300000000000000300 ) ) ;
#3727 = ADVANCED_FACE ( 'NONE', ( #1426 ), #2158, .F. ) ;
#3728 = CARTESIAN_POINT ( 'NONE',  ( -0.4749999999999999200, 0.3649999999999998800, -0.0000000000000000000 ) ) ;
#3729 = CARTESIAN_POINT ( 'NONE',  ( 0.4272256043582997600, -0.4811453399825681400, 0.5400000000000000400 ) ) ;
#3730 = PRESENTATION_LAYER_ASSIGNMENT (  '', '', ( #4203 ) ) ;
#3731 = STYLED_ITEM ( 'NONE', ( #7188 ), #4896 ) ;
#3732 = FACE_OUTER_BOUND ( 'NONE', #5678, .T. ) ;
#3733 = CARTESIAN_POINT ( 'NONE',  ( -0.7249999999999999800, 6.951819361361712800E-017, -0.02000000000000000000 ) ) ;
#3734 = CARTESIAN_POINT ( 'NONE',  ( -0.3249999999999999000, 6.951819361361712800E-017, 0.0000000000000000000 ) ) ;
#3735 = SURFACE_SIDE_STYLE ('',( #5489 ) ) ;
#3736 = DIRECTION ( 'NONE',  ( -1.000000000000000000, -0.0000000000000000000, -0.0000000000000000000 ) ) ;
#3737 = CARTESIAN_POINT ( 'NONE',  ( 0.4532477157877887700, -0.5159210668777206600, 0.5300000000000000300 ) ) ;
#3738 = DIRECTION ( 'NONE',  ( 0.0000000000000000000, 1.000000000000000000, -0.0000000000000000000 ) ) ;
#3739 = CARTESIAN_POINT ( 'NONE',  ( 0.6905900623881550100, -0.4016465958906862400, 0.5300000000000000300 ) ) ;
#3740 = CARTESIAN_POINT ( 'NONE',  ( 0.7052523682932337900, -0.5214915494467268200, 0.5300000000000000300 ) ) ;
#3741 = EDGE_CURVE ( 'NONE', #3173, #489, #2242, .T. ) ;
#3742 = DIRECTION ( 'NONE',  ( -0.0000000000000000000, 1.000000000000000000, -0.0000000000000000000 ) ) ;
#3743 = DIRECTION ( 'NONE',  ( -1.000000000000000000, 0.0000000000000000000, 0.0000000000000000000 ) ) ;
#3744 = PRESENTATION_LAYER_ASSIGNMENT (  '', '', ( #4226 ) ) ;
#3745 = CARTESIAN_POINT ( 'NONE',  ( 0.5519248355813865000, -0.4695269049100741500, 0.5300000000000000300 ) ) ;
#3746 = CARTESIAN_POINT ( 'NONE',  ( 0.5201134011962291700, -0.5264254054360929500, 0.5400000000000000400 ) ) ;
#3747 = ADVANCED_FACE ( 'NONE', ( #7443, #7921 ), #619, .F. ) ;
#3748 = CARTESIAN_POINT ( 'NONE',  ( 0.4808414990847580900, -0.3225059542497878400, 0.5400000000000000400 ) ) ;
#3749 = DIRECTION ( 'NONE',  ( 0.0000000000000000000, 0.0000000000000000000, -1.000000000000000000 ) ) ;
#3750 = ORIENTED_EDGE ( 'NONE', *, *, #3180, .T. ) ;
#3751 = EDGE_CURVE ( 'NONE', #4309, #8270, #7699, .T. ) ;
#3752 = CARTESIAN_POINT ( 'NONE',  ( 0.4441161032908241300, -0.3636081577765559200, 0.5400000000000000400 ) ) ;
#3753 = ORIENTED_EDGE ( 'NONE', *, *, #4757, .F. ) ;
#3754 = EDGE_CURVE ( 'NONE', #3590, #6039, #4661, .T. ) ;
#3755 = CARTESIAN_POINT ( 'NONE',  ( 0.7248087410265148200, -0.4852038344258363700, 0.5300000000000000300 ) ) ;
#3756 = PLANE ( 'NONE',  #4839 ) ;
#3757 = B_SPLINE_CURVE_WITH_KNOTS ( 'NONE', 3,
 ( #8588, #4074, #9352, #4816 ),
 .UNSPECIFIED., .F., .F.,
 ( 4, 4 ),
 ( 4.000000000000000000, 5.000000000000000000 ),
 .UNSPECIFIED. ) ;
#3758 = FACE_OUTER_BOUND ( 'NONE', #2198, .T. ) ;
#3759 = CARTESIAN_POINT ( 'NONE',  ( 0.6139362433225208400, -0.3449868303316375700, 0.5300000000000000300 ) ) ;
#3760 = CARTESIAN_POINT ( 'NONE',  ( 0.4754500677412452100, -0.4972201611099502600, 0.5400000000000000400 ) ) ;
#3761 = VECTOR ( 'NONE', #4119, 1000.000000000000000 ) ;
#3762 = CARTESIAN_POINT ( 'NONE',  ( 0.5977022655499615300, -0.4016465958906835200, 0.5400000000000000400 ) ) ;
#3763 = CARTESIAN_POINT ( 'NONE',  ( 0.4294339028051645800, -0.4562373250666699200, 0.5400000000000000400 ) ) ;
#3764 = ORIENTED_EDGE ( 'NONE', *, *, #9349, .F. ) ;
#3765 = ORIENTED_EDGE ( 'NONE', *, *, #9484, .T. ) ;
#3766 = DIRECTION ( 'NONE',  ( -1.000000000000000000, -0.0000000000000000000, -0.0000000000000000000 ) ) ;
#3767 = ORIENTED_EDGE ( 'NONE', *, *, #5266, .F. ) ;
#3768 = CARTESIAN_POINT ( 'NONE',  ( 0.5077190774802899900, -0.5264254054360929500, 0.5300000000000000300 ) ) ;
#3769 = LINE ( 'NONE', #3381, #3529 ) ;
#3770 =( GEOMETRIC_REPRESENTATION_CONTEXT ( 3 ) GLOBAL_UNCERTAINTY_ASSIGNED_CONTEXT ( ( #1510 ) ) GLOBAL_UNIT_ASSIGNED_CONTEXT ( ( #9258, #4051, #9315 ) ) REPRESENTATION_CONTEXT ( 'NONE', 'WORKASPACE' ) );
#3771 = ADVANCED_FACE ( 'NONE', ( #3211 ), #66, .T. ) ;
#3772 = VECTOR ( 'NONE', #5613, 1000.000000000000000 ) ;
#3773 = EDGE_CURVE ( 'NONE', #8679, #6896, #500, .T. ) ;
#3774 = LINE ( 'NONE', #3323, #1752 ) ;
#3775 = ORIENTED_EDGE ( 'NONE', *, *, #2205, .F. ) ;
#3776 = FILL_AREA_STYLE ('',( #1466 ) ) ;
#3777 = CARTESIAN_POINT ( 'NONE',  ( -0.07499999999999995600, -0.3999999999999999700, 0.0000000000000000000 ) ) ;
#3778 = DIRECTION ( 'NONE',  ( -1.000000000000000000, -0.0000000000000000000, -0.0000000000000000000 ) ) ;
#3779 = ORIENTED_EDGE ( 'NONE', *, *, #5808, .T. ) ;
#3780 = CARTESIAN_POINT ( 'NONE',  ( 0.7640408539765581900, -0.4572320540973008900, 0.5400000000000000400 ) ) ;
#3781 = DIRECTION ( 'NONE',  ( 0.0000000000000000000, 0.0000000000000000000, -1.000000000000000000 ) ) ;
#3782 = CARTESIAN_POINT ( 'NONE',  ( 0.4713517841370725200, -0.5231229050559527100, 0.5300000000000000300 ) ) ;
#3783 = VERTEX_POINT ( 'NONE', #4322 ) ;
#3784 = B_SPLINE_CURVE_WITH_KNOTS ( 'NONE', 3,
 ( #1394, #6662, #6107, #5710 ),
 .UNSPECIFIED., .F., .F.,
 ( 4, 4 ),
 ( 1.000000000000000000, 2.000000000000000000 ),
 .UNSPECIFIED. ) ;
#3785 = VECTOR ( 'NONE', #7368, 1000.000000000000000 ) ;
#3786 = ORIENTED_EDGE ( 'NONE', *, *, #6805, .F. ) ;
#3787 = CARTESIAN_POINT ( 'NONE',  ( 0.4734009259390251100, -0.3225059542497878400, 0.5400000000000000400 ) ) ;
#3788 = PRESENTATION_LAYER_ASSIGNMENT (  '', '', ( #2757 ) ) ;
#3789 = CARTESIAN_POINT ( 'NONE',  ( 0.04008035565278061900, -0.5242755851802133300, 0.5300000000000000300 ) ) ;
#3790 = VERTEX_POINT ( 'NONE', #8319 ) ;
#3791 = CARTESIAN_POINT ( 'NONE',  ( 0.5664478794218689200, -0.5113055241776516300, 0.5300000000000000300 ) ) ;
#3792 = LINE ( 'NONE', #1005, #1550 ) ;
#3793 = SURFACE_STYLE_FILL_AREA ( #6999 ) ;
#3794 = FILL_AREA_STYLE ('',( #7133 ) ) ;
#3795 = CARTESIAN_POINT ( 'NONE',  ( 0.09209490834705039200, -0.5287023933481510600, 0.5400000000000000400 ) ) ;
#3796 = DIRECTION ( 'NONE',  ( -0.0000000000000000000, -0.0000000000000000000, -1.000000000000000000 ) ) ;
#3797 = ADVANCED_FACE ( 'NONE', ( #6497 ), #8694, .F. ) ;
#3798 = EDGE_CURVE ( 'NONE', #3442, #5344, #2228, .T. ) ;
#3799 = CARTESIAN_POINT ( 'NONE',  ( 0.4568486348769079700, -0.3912616248157982400, 0.5300000000000000300 ) ) ;
#3800 = VECTOR ( 'NONE', #7266, 1000.000000000000000 ) ;
#3801 = DIRECTION ( 'NONE',  ( -0.0000000000000000000, -0.0000000000000000000, -1.000000000000000000 ) ) ;
#3802 = CARTESIAN_POINT ( 'NONE',  ( 0.4984084137578308500, -0.5130960364320531500, 0.5400000000000000400 ) ) ;
#3803 = CARTESIAN_POINT ( 'NONE',  ( 0.7113997936990905700, -0.4684525975576457300, 0.5400000000000000400 ) ) ;
#3804 = VERTEX_POINT ( 'NONE', #8547 ) ;
#3805 = CIRCLE ( 'NONE', #1184, 0.1250000000000000000 ) ;
#3806 = DIRECTION ( 'NONE',  ( 0.0000000000000000000, 0.0000000000000000000, 1.000000000000000000 ) ) ;
#3807 = ORIENTED_EDGE ( 'NONE', *, *, #1801, .F. ) ;
#3808 = SURFACE_STYLE_USAGE ( .BOTH. , #9053 ) ;
#3809 = CARTESIAN_POINT ( 'NONE',  ( 0.2719324360544583800, -0.4053061579003669500, 0.5300000000000000300 ) ) ;
#3810 = CARTESIAN_POINT ( 'NONE',  ( 0.5114791532143173600, -0.4782407312145751700, 0.5400000000000000400 ) ) ;
#3811 = CARTESIAN_POINT ( 'NONE',  ( 0.08047463453335898500, -0.4855413672786935100, 0.5400000000000000400 ) ) ;
#3812 = VERTEX_POINT ( 'NONE', #1069 ) ;
#3813 = CARTESIAN_POINT ( 'NONE',  ( 0.5485626514592382200, -0.5429379073373147300, 0.5400000000000000400 ) ) ;
#3814 = CARTESIAN_POINT ( 'NONE',  ( 0.2547787100791827400, -0.5253822819453388700, 0.5300000000000000300 ) ) ;
#3815 = LINE ( 'NONE', #9544, #1785 ) ;
#3816 = EDGE_CURVE ( 'NONE', #8857, #5435, #5418, .T. ) ;
#3817 = DIRECTION ( 'NONE',  ( 1.000000000000000000, 0.0000000000000000000, -0.0000000000000000000 ) ) ;
#3818 = ORIENTED_EDGE ( 'NONE', *, *, #133, .F. ) ;
#3819 = ORIENTED_EDGE ( 'NONE', *, *, #5750, .T. ) ;
#3820 = FACE_OUTER_BOUND ( 'NONE', #7337, .T. ) ;
#3821 = CARTESIAN_POINT ( 'NONE',  ( 0.7652544233930525000, -0.4626831691822945700, 0.5400000000000000400 ) ) ;
#3822 = EDGE_CURVE ( 'NONE', #6134, #6059, #1868, .T. ) ;
#3823 = DIRECTION ( 'NONE',  ( 0.0000000000000000000, 0.0000000000000000000, 1.000000000000000000 ) ) ;
#3824 = UNCERTAINTY_MEASURE_WITH_UNIT (LENGTH_MEASURE( 1.000000000000000100E-005 ), #1538, 'distance_accuracy_value', 'NONE');
#3825 = CARTESIAN_POINT ( 'NONE',  ( 0.4869889244914104600, -0.3235802616022175900, 0.5400000000000000400 ) ) ;
#3826 = SURFACE_STYLE_FILL_AREA ( #9282 ) ;
#3827 = ORIENTED_EDGE ( 'NONE', *, *, #3374, .T. ) ;
#3828 = SURFACE_STYLE_USAGE ( .BOTH. , #8330 ) ;
#3829 = ADVANCED_FACE ( 'NONE', ( #4237 ), #2183, .T. ) ;
#3830 = VERTEX_POINT ( 'NONE', #2038 ) ;
#3831 = DIRECTION ( 'NONE',  ( -0.0000000000000000000, -0.0000000000000000000, 1.000000000000000000 ) ) ;
#3832 = VERTEX_POINT ( 'NONE', #6364 ) ;
#3833 = CARTESIAN_POINT ( 'NONE',  ( 0.1241890089851163900, -0.4578740220370838800, 0.5300000000000000300 ) ) ;
#3834 = CARTESIAN_POINT ( 'NONE',  ( 0.2437117846475233600, -0.4053061579003669500, 0.5300000000000000300 ) ) ;
#3835 = CARTESIAN_POINT ( 'NONE',  ( 0.5452999402402571900, -0.3576795727570894500, 0.5400000000000000400 ) ) ;
#3836 = CARTESIAN_POINT ( 'NONE',  ( 0.4589773550014471500, -0.4920873593142480700, 0.5300000000000000300 ) ) ;
#3837 = CARTESIAN_POINT ( 'NONE',  ( 0.5690938586423047700, -0.5113851024999749300, 0.5300000000000000300 ) ) ;
#3838 = ORIENTED_EDGE ( 'NONE', *, *, #4409, .T. ) ;
#3839 = CARTESIAN_POINT ( 'NONE',  ( 0.4522927759188466500, -0.3402121309869244300, 0.5400000000000000400 ) ) ;
#3840 = ORIENTED_EDGE ( 'NONE', *, *, #2099, .F. ) ;
#3841 = VECTOR ( 'NONE', #2861, 1000.000000000000000 ) ;
#3842 = EDGE_CURVE ( 'NONE', #9394, #696, #8021, .T. ) ;
#3843 = CARTESIAN_POINT ( 'NONE',  ( 0.7991547887415855200, -0.5251123631161613800, 0.5300000000000000300 ) ) ;
#3844 = CARTESIAN_POINT ( 'NONE',  ( 0.5430319580516553800, -0.5504978479665310100, 0.5400000000000000400 ) ) ;
#3845 = VECTOR ( 'NONE', #6238, 1000.000000000000000 ) ;
#3846 = CARTESIAN_POINT ( 'NONE',  ( 0.6926789933512694800, -0.5162393801670115400, 0.5400000000000000400 ) ) ;
#3847 = DIRECTION ( 'NONE',  ( -0.0000000000000000000, -0.0000000000000000000, 1.000000000000000000 ) ) ;
#3848 = PLANE ( 'NONE',  #8312 ) ;
#3849 = AXIS2_PLACEMENT_3D ( 'NONE', #5995, #1493, #6764 ) ;
#3850 = COLOUR_RGB ( '',0.6666666666666666300, 0.6666666666666666300, 0.6666666666666666300 ) ;
#3851 = AXIS2_PLACEMENT_3D ( 'NONE', #442, #1912, #7220 ) ;
#3852 = DIRECTION ( 'NONE',  ( -1.000000000000000000, 0.0000000000000000000, 0.0000000000000000000 ) ) ;
#3853 = EDGE_CURVE ( 'NONE', #7799, #8906, #236, .T. ) ;
#3854 = ADVANCED_FACE ( 'NONE', ( #8256 ), #1297, .T. ) ;
#3855 = CARTESIAN_POINT ( 'NONE',  ( 0.4651048858275191300, -0.4682536517513063400, 0.5300000000000000300 ) ) ;
#3856 = B_SPLINE_CURVE_WITH_KNOTS ( 'NONE', 3,
 ( #916, #6333, #2652, #2166 ),
 .UNSPECIFIED., .F., .F.,
 ( 4, 4 ),
 ( 4.000000000000000000, 5.000000000000000000 ),
 .UNSPECIFIED. ) ;
#3857 = ORIENTED_EDGE ( 'NONE', *, *, #2299, .F. ) ;
#3858 = CARTESIAN_POINT ( 'NONE',  ( 0.5047149958091294900, -0.4726702486455662300, 0.5300000000000000300 ) ) ;
#3859 = LINE ( 'NONE', #3739, #7640 ) ;
#3860 = CARTESIAN_POINT ( 'NONE',  ( 0.5639809514271839600, -0.3238189965697173000, 0.5300000000000000300 ) ) ;
#3861 = CARTESIAN_POINT ( 'NONE',  ( 0.5410226054105987700, -0.4695269049100741500, 0.5400000000000000400 ) ) ;
#3862 = CARTESIAN_POINT ( 'NONE',  ( 0.1026084853961411600, -0.3582717248164871700, 0.5300000000000000300 ) ) ;
#3863 = AXIS2_PLACEMENT_3D ( 'NONE', #3134, #7503, #4262 ) ;
#3864 = PLANE ( 'NONE',  #9333 ) ;
#3865 = DIRECTION ( 'NONE',  ( -0.0000000000000000000, -0.0000000000000000000, -1.000000000000000000 ) ) ;
#3866 = FILL_AREA_STYLE_COLOUR ( '', #8148 ) ;
#3867 = CARTESIAN_POINT ( 'NONE',  ( 0.1479828838871060400, -0.5370025452050524200, 0.5400000000000000400 ) ) ;
#3868 = CARTESIAN_POINT ( 'NONE',  ( 0.4712722058144859800, -0.5138918196558173200, 0.5400000000000000400 ) ) ;
#3869 = ORIENTED_EDGE ( 'NONE', *, *, #3842, .T. ) ;
#3870 = ORIENTED_EDGE ( 'NONE', *, *, #4742, .F. ) ;
#3871 = EDGE_CURVE ( 'NONE', #9161, #8162, #5306, .T. ) ;
#3872 = ADVANCED_FACE ( 'NONE', ( #9316 ), #8730, .T. ) ;
#3873 = EDGE_CURVE ( 'NONE', #3497, #1452, #3088, .T. ) ;
#3874 = CARTESIAN_POINT ( 'NONE',  ( 0.01573313764587742200, -0.3571650333284799300, 0.5300000000000000300 ) ) ;
#3875 = CARTESIAN_POINT ( 'NONE',  ( 0.2912995555594620800, -0.4484671628613402000, 0.5400000000000000400 ) ) ;
#3876 = CARTESIAN_POINT ( 'NONE',  ( 0.5047149958091294900, -0.4726702486455662300, 0.5400000000000000400 ) ) ;
#3877 = DIRECTION ( 'NONE',  ( -1.000000000000000000, 0.0000000000000000000, -0.0000000000000000000 ) ) ;
#3878 = CARTESIAN_POINT ( 'NONE',  ( 0.7625288658502892300, -0.4626831691822945700, 0.5300000000000000300 ) ) ;
#3879 = VERTEX_POINT ( 'NONE', #9485 ) ;
#3880 = VERTEX_POINT ( 'NONE', #4678 ) ;
#3881 = CYLINDRICAL_SURFACE ( 'NONE', #7696, 0.1250000000000000000 ) ;
#3882 = ORIENTED_EDGE ( 'NONE', *, *, #6412, .F. ) ;
#3883 = EDGE_LOOP ( 'NONE', ( #1736, #414, #8741, #4120 ) ) ;
#3884 = FACE_OUTER_BOUND ( 'NONE', #4040, .T. ) ;
#3885 = UNCERTAINTY_MEASURE_WITH_UNIT (LENGTH_MEASURE( 1.000000000000000100E-005 ), #5050, 'distance_accuracy_value', 'NONE');
#3886 = EDGE_CURVE ( 'NONE', #8843, #3130, #1081, .T. ) ;
#3887 = B_SPLINE_CURVE_WITH_KNOTS ( 'NONE', 3,
 ( #9099, #6878, #8383, #3878 ),
 .UNSPECIFIED., .F., .F.,
 ( 4, 4 ),
 ( 3.000000000000000000, 4.000000000000000000 ),
 .UNSPECIFIED. ) ;
#3888 = LINE ( 'NONE', #3571, #1851 ) ;
#3889 = ORIENTED_EDGE ( 'NONE', *, *, #4343, .T. ) ;
#3890 = EDGE_CURVE ( 'NONE', #1623, #6720, #9073, .T. ) ;
#3891 = VERTEX_POINT ( 'NONE', #6302 ) ;
#3892 = ORIENTED_EDGE ( 'NONE', *, *, #167, .F. ) ;
#3893 = CARTESIAN_POINT ( 'NONE',  ( -0.5200000000000001300, 0.3199999999999998400, -0.02000000000000000000 ) ) ;
#3894 = CARTESIAN_POINT ( 'NONE',  ( 0.06276757072949418200, -0.3809588923993698100, 0.5300000000000000300 ) ) ;
#3895 = CARTESIAN_POINT ( 'NONE',  ( 0.02126660036170732400, -0.4783478383072152800, 0.5300000000000000300 ) ) ;
#3896 = ADVANCED_FACE ( 'NONE', ( #6853 ), #176, .T. ) ;
#3897 = CARTESIAN_POINT ( 'NONE',  ( 0.2254513407988977800, -0.4916281678223113900, 0.5400000000000000400 ) ) ;
#3898 = CARTESIAN_POINT ( 'NONE',  ( 0.6000000000000002000, -0.3999999999999999700, -0.02000000000000000000 ) ) ;
#3899 = FACE_OUTER_BOUND ( 'NONE', #7269, .T. ) ;
#3900 = CARTESIAN_POINT ( 'NONE',  ( 0.5468716121080069400, -0.5512936311908295300, 0.5400000000000000400 ) ) ;
#3901 = ORIENTED_EDGE ( 'NONE', *, *, #474, .T. ) ;
#3902 = CARTESIAN_POINT ( 'NONE',  ( 0.4754500677412452100, -0.4807076592092585100, 0.5400000000000000400 ) ) ;
#3903 = EDGE_CURVE ( 'NONE', #1778, #480, #5610, .T. ) ;
#3904 = VECTOR ( 'NONE', #5292, 1000.000000000000100 ) ;
#3905 = EDGE_CURVE ( 'NONE', #3891, #7718, #4123, .T. ) ;
#3906 = ORIENTED_EDGE ( 'NONE', *, *, #8887, .F. ) ;
#3907 = CARTESIAN_POINT ( 'NONE',  ( 0.5468716121080069400, -0.5512936311908295300, 0.5300000000000000300 ) ) ;
#3908 = VECTOR ( 'NONE', #3551, 1000.000000000000000 ) ;
#3909 = CARTESIAN_POINT ( 'NONE',  ( 0.4918432021587133000, -0.3887946968205875400, 0.5400000000000000400 ) ) ;
#3910 = CARTESIAN_POINT ( 'NONE',  ( 0.2232379683776580500, -0.4910748299942564500, 0.5300000000000000300 ) ) ;
#3911 = DIRECTION ( 'NONE',  ( -0.0000000000000000000, -0.0000000000000000000, -1.000000000000000000 ) ) ;
#3912 = VERTEX_POINT ( 'NONE', #4712 ) ;
#3913 = ORIENTED_EDGE ( 'NONE', *, *, #9655, .T. ) ;
#3914 = CARTESIAN_POINT ( 'NONE',  ( 0.4435590550337630800, -0.3923359321682266500, 0.5400000000000000400 ) ) ;
#3915 = ORIENTED_EDGE ( 'NONE', *, *, #4590, .F. ) ;
#3916 = CARTESIAN_POINT ( 'NONE',  ( 0.4624390120265000100, -0.4989708842031906300, 0.5400000000000000400 ) ) ;
#3917 = LINE ( 'NONE', #2552, #1877 ) ;
#3918 = B_SPLINE_CURVE_WITH_KNOTS ( 'NONE', 3,
 ( #9368, #9501, #9069, #3352 ),
 .UNSPECIFIED., .F., .F.,
 ( 4, 4 ),
 ( 34.00000000000000000, 35.00000000000000000 ),
 .UNSPECIFIED. ) ;
#3919 = VERTEX_POINT ( 'NONE', #736 ) ;
#3920 = STYLED_ITEM ( 'NONE', ( #4056 ), #1832 ) ;
#3921 = DIRECTION ( 'NONE',  ( -1.000000000000000000, 0.0000000000000000000, -0.0000000000000000000 ) ) ;
#3922 = ORIENTED_EDGE ( 'NONE', *, *, #7166, .T. ) ;
#3923 = AXIS2_PLACEMENT_3D ( 'NONE', #6030, #9081, #7063 ) ;
#3924 = VERTEX_POINT ( 'NONE', #7007 ) ;
#3925 = ADVANCED_FACE ( 'NONE', ( #2089 ), #8747, .F. ) ;
#3926 = CARTESIAN_POINT ( 'NONE',  ( 0.2265580375637614200, -0.4916281678223113900, 0.5300000000000000300 ) ) ;
#3927 = LINE ( 'NONE', #8066, #7931 ) ;
#3928 = ORIENTED_EDGE ( 'NONE', *, *, #3720, .F. ) ;
#3929 = LINE ( 'NONE', #814, #5674 ) ;
#3930 = ORIENTED_EDGE ( 'NONE', *, *, #9484, .F. ) ;
#3931 = EDGE_LOOP ( 'NONE', ( #9220, #4577 ) ) ;
#3932 = CARTESIAN_POINT ( 'NONE',  ( 0.5644584213616583600, -0.5453650461708330300, 0.5400000000000000400 ) ) ;
#3933 = EDGE_CURVE ( 'NONE', #4146, #302, #5882, .T. ) ;
#3934 = CARTESIAN_POINT ( 'NONE',  ( 0.2265580375637614200, -0.4916281678223113900, 0.5400000000000000400 ) ) ;
#3935 =( LENGTH_UNIT ( ) NAMED_UNIT ( * ) SI_UNIT ( .MILLI., .METRE. ) );
#3936 = CARTESIAN_POINT ( 'NONE',  ( -0.01912769435023612900, -0.4811146013277278800, 0.5300000000000000300 ) ) ;
#3937 = VECTOR ( 'NONE', #7357, 1000.000000000000000 ) ;
#3938 = FILL_AREA_STYLE ('',( #4674 ) ) ;
#3939 = VECTOR ( 'NONE', #1344, 1000.000000000000000 ) ;
#3940 = VERTEX_POINT ( 'NONE', #8597 ) ;
#3941 = ORIENTED_EDGE ( 'NONE', *, *, #2059, .F. ) ;
#3942 = ORIENTED_EDGE ( 'NONE', *, *, #6939, .F. ) ;
#3943 = CYLINDRICAL_SURFACE ( 'NONE', #4725, 0.1249999999999999700 ) ;
#3944 = CARTESIAN_POINT ( 'NONE',  ( 0.4606882889335261500, -0.5184277840335637100, 0.5400000000000000400 ) ) ;
#3945 = CARTESIAN_POINT ( 'NONE',  ( 0.6156073880934355100, -0.3907443657201645800, 0.5400000000000000400 ) ) ;
#3946 = CARTESIAN_POINT ( 'NONE',  ( 0.6273451906494143000, -0.3737941830456324400, 0.5400000000000000400 ) ) ;
#3947 = DIRECTION ( 'NONE',  ( 2.228930984781728700E-014, -1.000000000000000000, -0.0000000000000000000 ) ) ;
#3948 = EDGE_CURVE ( 'NONE', #3453, #3241, #6373, .T. ) ;
#3949 = ADVANCED_FACE ( 'NONE', ( #8125 ), #6821, .F. ) ;
#3950 = CARTESIAN_POINT ( 'NONE',  ( 0.5259425133130581900, -0.5087988070212776700, 0.5300000000000000300 ) ) ;
#3951 = EDGE_LOOP ( 'NONE', ( #4486, #605, #2863, #7460 ) ) ;
#3952 = EDGE_CURVE ( 'NONE', #7581, #4388, #7688, .T. ) ;
#3953 = FILL_AREA_STYLE ('',( #7722 ) ) ;
#3954 = CARTESIAN_POINT ( 'NONE',  ( 0.07500000000000012200, -0.3999999999999999700, 0.0000000000000000000 ) ) ;
#3955 = CARTESIAN_POINT ( 'NONE',  ( -0.1999999999999999300, 5.421010862427522200E-017, -0.02000000000000000000 ) ) ;
#3956 = CARTESIAN_POINT ( 'NONE',  ( -0.3249999999999999000, 0.4000000000000000800, 0.0000000000000000000 ) ) ;
#3957 = FACE_OUTER_BOUND ( 'NONE', #1788, .T. ) ;
#3958 = LINE ( 'NONE', #7863, #7754 ) ;
#3959 =( GEOMETRIC_REPRESENTATION_CONTEXT ( 3 ) GLOBAL_UNCERTAINTY_ASSIGNED_CONTEXT ( ( #2839 ) ) GLOBAL_UNIT_ASSIGNED_CONTEXT ( ( #61, #5267, #791 ) ) REPRESENTATION_CONTEXT ( 'NONE', 'WORKASPACE' ) );
#3960 =( GEOMETRIC_REPRESENTATION_CONTEXT ( 3 ) GLOBAL_UNCERTAINTY_ASSIGNED_CONTEXT ( ( #9527 ) ) GLOBAL_UNIT_ASSIGNED_CONTEXT ( ( #149, #5369, #878 ) ) REPRESENTATION_CONTEXT ( 'NONE', 'WORKASPACE' ) );
#3961 = DIRECTION ( 'NONE',  ( 0.0000000000000000000, -1.000000000000000000, 0.0000000000000000000 ) ) ;
#3962 = DIRECTION ( 'NONE',  ( -1.000000000000000000, 0.0000000000000000000, 0.0000000000000000000 ) ) ;
#3963 = EDGE_CURVE ( 'NONE', #7785, #8542, #1867, .T. ) ;
#3964 = CARTESIAN_POINT ( 'NONE',  ( 0.5359494873566411600, -0.5063318790265991500, 0.5400000000000000400 ) ) ;
#3965 = ADVANCED_FACE ( 'NONE', ( #9430 ), #4546, .F. ) ;
#3966 = CARTESIAN_POINT ( 'NONE',  ( 0.4754500677412452100, -0.5071276622508941200, 0.5400000000000000400 ) ) ;
#3967 = FILL_AREA_STYLE ('',( #4184 ) ) ;
#3968 = CARTESIAN_POINT ( 'NONE',  ( 0.1656899687989250900, -0.3029370976592576900, 0.5400000000000000400 ) ) ;
#3969 = DIRECTION ( 'NONE',  ( -2.228930984781729000E-014, 1.000000000000000000, 0.0000000000000000000 ) ) ;
#3970 = AXIS2_PLACEMENT_3D ( 'NONE', #3378, #2607, #7136 ) ;
#3971 = CARTESIAN_POINT ( 'NONE',  ( 0.6000000000000002000, 0.4000000000000000800, -0.02000000000000000000 ) ) ;
#3972 = CARTESIAN_POINT ( 'NONE',  ( 0.3993930860938300600, -0.4811453399825681400, 0.5400000000000000400 ) ) ;
#3973 = ORIENTED_EDGE ( 'NONE', *, *, #252, .F. ) ;
#3974 = VECTOR ( 'NONE', #2333, 1000.000000000000000 ) ;
#3975 = DIRECTION ( 'NONE',  ( -0.0000000000000000000, -0.0000000000000000000, 1.000000000000000000 ) ) ;
#3976 = EDGE_CURVE ( 'NONE', #3812, #2353, #7145, .T. ) ;
#3977 = DIRECTION ( 'NONE',  ( 0.0000000000000000000, -1.000000000000000000, 0.0000000000000000000 ) ) ;
#3978 = DIRECTION ( 'NONE',  ( 0.0000000000000000000, 0.0000000000000000000, 1.000000000000000000 ) ) ;
#3979 = VERTEX_POINT ( 'NONE', #4574 ) ;
#3980 = CARTESIAN_POINT ( 'NONE',  ( 0.4441161032908241300, -0.3729188214990154500, 0.5300000000000000300 ) ) ;
#3981 = ORIENTED_EDGE ( 'NONE', *, *, #3903, .F. ) ;
#3982 = ADVANCED_FACE ( 'NONE', ( #1650 ), #3864, .F. ) ;
#3983 = SURFACE_STYLE_USAGE ( .BOTH. , #8501 ) ;
#3984 = CARTESIAN_POINT ( 'NONE',  ( 0.3893463228890840000, -0.4472847637951952700, 0.5400000000000000400 ) ) ;
#3985 = FACE_OUTER_BOUND ( 'NONE', #7951, .T. ) ;
#3986 = EDGE_CURVE ( 'NONE', #2236, #1086, #7895, .T. ) ;
#3987 = LINE ( 'NONE', #9270, #1737 ) ;
#3988 = CARTESIAN_POINT ( 'NONE',  ( 0.6273451906494143000, -0.3501992104501911500, 0.5300000000000000300 ) ) ;
#3989 = EDGE_CURVE ( 'NONE', #9328, #6455, #5424, .T. ) ;
#3990 = ORIENTED_EDGE ( 'NONE', *, *, #4771, .F. ) ;
#3991 = DIRECTION ( 'NONE',  ( -0.0000000000000000000, -0.0000000000000000000, -1.000000000000000000 ) ) ;
#3992 = CARTESIAN_POINT ( 'NONE',  ( 0.6905900623881550100, -0.4016465958906862400, 0.5300000000000000300 ) ) ;
#3993 = ORIENTED_EDGE ( 'NONE', *, *, #8487, .F. ) ;
#3994 = CARTESIAN_POINT ( 'NONE',  ( 0.7248087410265148200, -0.4852038344258363700, 0.5400000000000000400 ) ) ;
#3995 = ORIENTED_EDGE ( 'NONE', *, *, #1242, .T. ) ;
#3996 = FACE_OUTER_BOUND ( 'NONE', #4132, .T. ) ;
#3997 = DIRECTION ( 'NONE',  ( 1.000000000000000000, 0.0000000000000000000, 0.0000000000000000000 ) ) ;
#3998 = FACE_OUTER_BOUND ( 'NONE', #3000, .T. ) ;
#3999 = FACE_OUTER_BOUND ( 'NONE', #3631, .T. ) ;
#4000 = ORIENTED_EDGE ( 'NONE', *, *, #1066, .T. ) ;
#4001 = VERTEX_POINT ( 'NONE', #7762 ) ;
#4002 = CARTESIAN_POINT ( 'NONE',  ( 0.4754500677412452100, -0.5025519087119874100, 0.5400000000000000400 ) ) ;
#4003 = AXIS2_PLACEMENT_3D ( 'NONE', #7809, #8555, #4036 ) ;
#4004 = DIRECTION ( 'NONE',  ( 0.0000000000000000000, 0.0000000000000000000, -1.000000000000000000 ) ) ;
#4005 = COLOUR_RGB ( '',0.2980392156862745100, 0.2980392156862745100, 0.2980392156862745100 ) ;
#4006 = CARTESIAN_POINT ( 'NONE',  ( 0.2912995555594620800, -0.4484671628613402000, 0.5400000000000000400 ) ) ;
#4007 = VERTEX_POINT ( 'NONE', #266 ) ;
#4008 = CARTESIAN_POINT ( 'NONE',  ( 0.6449717890642460100, -0.4472847637951952700, 0.5400000000000000400 ) ) ;
#4009 = LINE ( 'NONE', #4397, #3081 ) ;
#4010 = EDGE_CURVE ( 'NONE', #2719, #3477, #1415, .T. ) ;
#4011 = VECTOR ( 'NONE', #4287, 1000.000000000000000 ) ;
#4012 = ORIENTED_EDGE ( 'NONE', *, *, #6507, .T. ) ;
#4013 = CARTESIAN_POINT ( 'NONE',  ( 0.6832489621453254900, -0.4562373250666672000, 0.5400000000000000400 ) ) ;
#4014 =( NAMED_UNIT ( * ) SI_UNIT ( $, .STERADIAN. ) SOLID_ANGLE_UNIT ( ) );
#4015 = COLOUR_RGB ( '',0.6666666666666666300, 0.6666666666666666300, 0.6666666666666666300 ) ;
#4016 = CARTESIAN_POINT ( 'NONE',  ( 0.4918432021587133000, -0.3256890871464422900, 0.5300000000000000300 ) ) ;
#4017 = EDGE_LOOP ( 'NONE', ( #7068, #1890, #1401, #3476 ) ) ;
#4018 = FACE_OUTER_BOUND ( 'NONE', #5330, .T. ) ;
#4019 = SURFACE_STYLE_FILL_AREA ( #3069 ) ;
#4020 = PRESENTATION_LAYER_ASSIGNMENT (  '', '', ( #3023 ) ) ;
#4021 = CARTESIAN_POINT ( 'NONE',  ( 0.5030637456190603100, -0.4957479621453744800, 0.5300000000000000300 ) ) ;
#4022 = ORIENTED_EDGE ( 'NONE', *, *, #3065, .F. ) ;
#4023 = AXIS2_PLACEMENT_3D ( 'NONE', #928, #6194, #1671 ) ;
#4024 = EDGE_CURVE ( 'NONE', #3709, #1475, #7433, .T. ) ;
#4025 = CARTESIAN_POINT ( 'NONE',  ( 0.4578632584878590800, -0.4682536517513063400, 0.5300000000000000300 ) ) ;
#4026 = VECTOR ( 'NONE', #2867, 1000.000000000000000 ) ;
#4027 = SURFACE_STYLE_USAGE ( .BOTH. , #9292 ) ;
#4028 = DIRECTION ( 'NONE',  ( -1.000000000000000000, -0.0000000000000000000, -0.0000000000000000000 ) ) ;
#4029 =( NAMED_UNIT ( * ) PLANE_ANGLE_UNIT ( ) SI_UNIT ( $, .RADIAN. ) );
#4030 = ORIENTED_EDGE ( 'NONE', *, *, #9600, .T. ) ;
#4031 = CARTESIAN_POINT ( 'NONE',  ( 0.3184135313100210400, -0.4860947051067469000, 0.5400000000000000400 ) ) ;
#4032 = CARTESIAN_POINT ( 'NONE',  ( 0.6029345402490949900, -0.3900679499793545100, 0.5400000000000000400 ) ) ;
#4033 = ORIENTED_EDGE ( 'NONE', *, *, #3401, .T. ) ;
#4034 = ORIENTED_EDGE ( 'NONE', *, *, #1822, .F. ) ;
#4035 = ADVANCED_FACE ( 'NONE', ( #5171 ), #9256, .F. ) ;
#4036 = DIRECTION ( 'NONE',  ( 0.0000000000000000000, -0.0000000000000000000, -1.000000000000000000 ) ) ;
#4037 = B_SPLINE_CURVE_WITH_KNOTS ( 'NONE', 3,
 ( #9134, #5348, #8342, #3092 ),
 .UNSPECIFIED., .F., .F.,
 ( 4, 4 ),
 ( 1.000000000000000000, 2.000000000000000000 ),
 .UNSPECIFIED. ) ;
#4038 = AXIS2_PLACEMENT_3D ( 'NONE', #8175, #8912, #8706 ) ;
#4039 = AXIS2_PLACEMENT_3D ( 'NONE', #28, #5246, #759 ) ;
#4040 = EDGE_LOOP ( 'NONE', ( #8027, #6139, #5188, #7480 ) ) ;
#4041 = CARTESIAN_POINT ( 'NONE',  ( 0.5842734236430170400, -0.4695269049100720400, 0.5400000000000000400 ) ) ;
#4042 = FACE_OUTER_BOUND ( 'NONE', #6470, .T. ) ;
#4043 = CARTESIAN_POINT ( 'NONE',  ( 0.4851984122370147600, -0.4893419071914362200, 0.5400000000000000400 ) ) ;
#4044 = ORIENTED_EDGE ( 'NONE', *, *, #7036, .F. ) ;
#4045 = EDGE_LOOP ( 'NONE', ( #37, #955, #5527, #469 ) ) ;
#4046 = CIRCLE ( 'NONE', #9274, 0.1249999999999999700 ) ;
#4047 = VERTEX_POINT ( 'NONE', #6258 ) ;
#4048 = CARTESIAN_POINT ( 'NONE',  ( 0.5585497309222428000, -0.5350994425794315400, 0.5400000000000000400 ) ) ;
#4049 = SURFACE_SIDE_STYLE ('',( #393 ) ) ;
#4050 = EDGE_CURVE ( 'NONE', #3173, #8576, #7208, .T. ) ;
#4051 =( NAMED_UNIT ( * ) PLANE_ANGLE_UNIT ( ) SI_UNIT ( $, .RADIAN. ) );
#4052 = ORIENTED_EDGE ( 'NONE', *, *, #252, .T. ) ;
#4053 = CARTESIAN_POINT ( 'NONE',  ( 0.4918432021587133000, -0.3984236738328714200, 0.5300000000000000300 ) ) ;
#4054 = ORIENTED_EDGE ( 'NONE', *, *, #8503, .F. ) ;
#4055 = ORIENTED_EDGE ( 'NONE', *, *, #2705, .T. ) ;
#4056 = PRESENTATION_STYLE_ASSIGNMENT (( #2894 ) ) ;
#4057 = CARTESIAN_POINT ( 'NONE',  ( 0.5201134011962291700, -0.5264254054360929500, 0.5400000000000000400 ) ) ;
#4058 = ORIENTED_EDGE ( 'NONE', *, *, #5251, .T. ) ;
#4059 = ORIENTED_EDGE ( 'NONE', *, *, #5989, .F. ) ;
#4060 = DIRECTION ( 'NONE',  ( -0.9903286039881246100, -0.1387416884823455000, -0.0000000000000000000 ) ) ;
#4061 = DIRECTION ( 'NONE',  ( -0.0000000000000000000, -0.0000000000000000000, -1.000000000000000000 ) ) ;
#4062 = CARTESIAN_POINT ( 'NONE',  ( 0.4641897351197373800, -0.4761716948315121700, 0.5400000000000000400 ) ) ;
#4063 = CARTESIAN_POINT ( 'NONE',  ( 0.4517556222423695900, -0.3858105097302731400, 0.5300000000000000300 ) ) ;
#4064 = CARTESIAN_POINT ( 'NONE',  ( 0.6048842091481451100, -0.4472847637951952700, 0.5300000000000000300 ) ) ;
#4065 = EDGE_CURVE ( 'NONE', #2185, #4799, #3200, .T. ) ;
#4066 = CIRCLE ( 'NONE', #7509, 0.1250000000000000000 ) ;
#4067 = EDGE_CURVE ( 'NONE', #5976, #2257, #1186, .T. ) ;
#4068 = DIRECTION ( 'NONE',  ( 1.000000000000000000, -0.0000000000000000000, -0.0000000000000000000 ) ) ;
#4069 = VECTOR ( 'NONE', #4499, 1000.000000000000000 ) ;
#4070 = CARTESIAN_POINT ( 'NONE',  ( 0.4651048858275191300, -0.4682536517513063400, 0.5400000000000000400 ) ) ;
#4071 = CARTESIAN_POINT ( 'NONE',  ( 0.5628270657521693400, -0.5249929956326747600, 0.5300000000000000300 ) ) ;
#4072 = CARTESIAN_POINT ( 'NONE',  ( 0.4504226853421224300, -0.5121013074014185700, 0.5400000000000000400 ) ) ;
#4073 = B_SPLINE_CURVE_WITH_KNOTS ( 'NONE', 3,
 ( #1549, #3833, #119, #5328 ),
 .UNSPECIFIED., .F., .F.,
 ( 4, 4 ),
 ( 15.00000000000000000, 16.00000000000000000 ),
 .UNSPECIFIED. ) ;
#4074 = CARTESIAN_POINT ( 'NONE',  ( 0.7142447187253383500, -0.4757738032193628600, 0.5300000000000000300 ) ) ;
#4075 = CIRCLE ( 'NONE', #1302, 0.1249999999999999400 ) ;
#4076 = ADVANCED_FACE ( 'NONE', ( #8709 ), #5486, .T. ) ;
#4077 = AXIS2_PLACEMENT_3D ( 'NONE', #3507, #4961, #486 ) ;
#4078 = CARTESIAN_POINT ( 'NONE',  ( 0.4789316193468715100, -0.4029596382106130400, 0.5300000000000000300 ) ) ;
#4079 = CARTESIAN_POINT ( 'NONE',  ( -0.01802100154308240400, -0.3909191527286312600, 0.5400000000000000400 ) ) ;
#4080 = EDGE_CURVE ( 'NONE', #5746, #8957, #6712, .T. ) ;
#4081 = PRESENTATION_STYLE_ASSIGNMENT (( #8613 ) ) ;
#4082 = DIRECTION ( 'NONE',  ( 2.507547357879469300E-014, -1.000000000000000000, -0.0000000000000000000 ) ) ;
#4083 = CARTESIAN_POINT ( 'NONE',  ( 0.007432943572267011600, -0.4589807188022114200, 0.5300000000000000300 ) ) ;
#4084 = CARTESIAN_POINT ( 'NONE',  ( 0.6714912650087675500, -0.4562373250666672000, 0.5400000000000000400 ) ) ;
#4085 = AXIS2_PLACEMENT_3D ( 'NONE', #4304, #6549, #4212 ) ;
#4086 = CARTESIAN_POINT ( 'NONE',  ( 0.06885437127364359100, -0.4506805247283358100, 0.5300000000000000300 ) ) ;
#4087 = ORIENTED_EDGE ( 'NONE', *, *, #5905, .T. ) ;
#4088 = ORIENTED_EDGE ( 'NONE', *, *, #5623, .T. ) ;
#4089 = B_SPLINE_CURVE_WITH_KNOTS ( 'NONE', 3,
 ( #23, #7505, #7529, #3022 ),
 .UNSPECIFIED., .F., .F.,
 ( 4, 4 ),
 ( 2.000000000000000000, 3.000000000000000000 ),
 .UNSPECIFIED. ) ;
#4090 =( LENGTH_UNIT ( ) NAMED_UNIT ( * ) SI_UNIT ( .MILLI., .METRE. ) );
#4091 =( LENGTH_UNIT ( ) NAMED_UNIT ( * ) SI_UNIT ( .MILLI., .METRE. ) );
#4092 = ORIENTED_EDGE ( 'NONE', *, *, #9487, .T. ) ;
#4093 = CARTESIAN_POINT ( 'NONE',  ( 0.5326867761376663500, -0.5008011856187470900, 0.5400000000000000400 ) ) ;
#4094 = ORIENTED_EDGE ( 'NONE', *, *, #6075, .T. ) ;
#4095 = VECTOR ( 'NONE', #5094, 1000.000000000000000 ) ;
#4096 = EDGE_CURVE ( 'NONE', #1455, #1261, #958, .T. ) ;
#4097 = DIRECTION ( 'NONE',  ( 0.0000000000000000000, 0.0000000000000000000, 1.000000000000000000 ) ) ;
#4098 = ORIENTED_EDGE ( 'NONE', *, *, #1349, .T. ) ;
#4099 = ORIENTED_EDGE ( 'NONE', *, *, #2229, .T. ) ;
#4100 = CARTESIAN_POINT ( 'NONE',  ( 0.5255247271203276100, -0.5249532064715145600, 0.5300000000000000300 ) ) ;
#4101 = CARTESIAN_POINT ( 'NONE',  ( 0.4861533521059531200, -0.3922563538459033500, 0.5400000000000000400 ) ) ;
#4102 = DIRECTION ( 'NONE',  ( -0.0000000000000000000, -0.0000000000000000000, -1.000000000000000000 ) ) ;
#4103 = LINE ( 'NONE', #6715, #5405 ) ;
#4104 = CARTESIAN_POINT ( 'NONE',  ( 0.4754500677412452100, -0.5251123631161622700, 0.5400000000000000400 ) ) ;
#4105 = CARTESIAN_POINT ( 'NONE',  ( -0.02742788842358112900, -0.4136063519742447200, 0.5400000000000000400 ) ) ;
#4106 = PRESENTATION_STYLE_ASSIGNMENT (( #5274 ) ) ;
#4107 = VECTOR ( 'NONE', #5022, 1000.000000000000000 ) ;
#4108 = ORIENTED_EDGE ( 'NONE', *, *, #390, .F. ) ;
#4109 = VERTEX_POINT ( 'NONE', #4645 ) ;
#4110 = EDGE_CURVE ( 'NONE', #5746, #9504, #8639, .T. ) ;
#4111 =( NAMED_UNIT ( * ) PLANE_ANGLE_UNIT ( ) SI_UNIT ( $, .RADIAN. ) );
#4112 = EDGE_CURVE ( 'NONE', #7609, #5637, #9396, .T. ) ;
#4113 = PLANE ( 'NONE',  #3970 ) ;
#4114 = LINE ( 'NONE', #118, #9639 ) ;
#4115 = CARTESIAN_POINT ( 'NONE',  ( 0.3893463228890822700, -0.3238189965697173000, 0.5400000000000000400 ) ) ;
#4116 = SURFACE_STYLE_FILL_AREA ( #898 ) ;
#4117 = DIRECTION ( 'NONE',  ( 0.0000000000000000000, 0.0000000000000000000, 1.000000000000000000 ) ) ;
#4118 = ORIENTED_EDGE ( 'NONE', *, *, #2381, .T. ) ;
#4119 = DIRECTION ( 'NONE',  ( -0.0000000000000000000, -0.0000000000000000000, -1.000000000000000000 ) ) ;
#4120 = ORIENTED_EDGE ( 'NONE', *, *, #1999, .T. ) ;
#4121 = ADVANCED_FACE ( 'NONE', ( #4710, #8492, #719, #6970, #6491, #4464, #2480, #492, #8247, #6252, #4228, #2215, #275, #8010, #6009 ), #7695, .F. ) ;
#4122 = DIRECTION ( 'NONE',  ( 0.0000000000000000000, 1.000000000000000000, 0.0000000000000000000 ) ) ;
#4123 = LINE ( 'NONE', #3183, #6137 ) ;
#4124 = ORIENTED_EDGE ( 'NONE', *, *, #6393, .T. ) ;
#4125 = ORIENTED_EDGE ( 'NONE', *, *, #8417, .T. ) ;
#4126 = VECTOR ( 'NONE', #7278, 1000.000000000000000 ) ;
#4127 = ORIENTED_EDGE ( 'NONE', *, *, #377, .F. ) ;
#4129 = DIRECTION ( 'NONE',  ( -0.8863488427958663400, -0.4630180653866850500, 0.0000000000000000000 ) ) ;
#4128 = AXIS2_PLACEMENT_3D ( 'NONE', #8339, #4587, #128 ) ;
#4130 = CARTESIAN_POINT ( 'NONE',  ( 0.3893463228890830000, -0.4016465958906849100, 0.5400000000000000400 ) ) ;
#4131 = CARTESIAN_POINT ( 'NONE',  ( 0.5263205103446253500, -0.4959071187905514900, 0.5300000000000000300 ) ) ;
#4132 = EDGE_LOOP ( 'NONE', ( #8508, #1520, #8745, #8086, #9553, #2636, #9610, #1404, #4451, #4978, #2092, #1943 ) ) ;
#4133 = DIRECTION ( 'NONE',  ( -0.0000000000000000000, -0.0000000000000000000, -1.000000000000000000 ) ) ;
#4134 = FACE_OUTER_BOUND ( 'NONE', #865, .T. ) ;
#4135 = B_SPLINE_CURVE_WITH_KNOTS ( 'NONE', 3,
 ( #5689, #449, #6458, #1916, #7231, #2684, #7972 ),
 .UNSPECIFIED., .F., .F.,
 ( 4, 3, 4 ),
 ( 0.0000000000000000000, 1.000000000000000000, 2.000000000000000000 ),
 .UNSPECIFIED. ) ;
#4136 = EDGE_CURVE ( 'NONE', #8622, #973, #3314, .T. ) ;
#4137 = DIRECTION ( 'NONE',  ( -0.0000000000000000000, -0.0000000000000000000, -1.000000000000000000 ) ) ;
#4138 = ORIENTED_EDGE ( 'NONE', *, *, #1542, .F. ) ;
#4139 = VECTOR ( 'NONE', #7408, 1000.000000000000000 ) ;
#4140 = CARTESIAN_POINT ( 'NONE',  ( 0.6449717890642460100, -0.4472847637951952700, 0.5400000000000000400 ) ) ;
#4141 = VERTEX_POINT ( 'NONE', #6199 ) ;
#4142 = EDGE_LOOP ( 'NONE', ( #104, #79, #5721, #8541 ) ) ;
#4143 = CARTESIAN_POINT ( 'NONE',  ( 0.6427634906171156800, -0.4811453399825667000, 0.5300000000000000300 ) ) ;
#4144 = CARTESIAN_POINT ( 'NONE',  ( 0.6156073880934355100, -0.3341243893222797800, 0.5400000000000000400 ) ) ;
#4145 = VECTOR ( 'NONE', #7202, 1000.000000000000000 ) ;
#4146 = VERTEX_POINT ( 'NONE', #1194 ) ;
#4147 = AXIS2_PLACEMENT_3D ( 'NONE', #2395, #2355, #6889 ) ;
#4148 = LINE ( 'NONE', #1521, #3111 ) ;
#4149 = AXIS2_PLACEMENT_3D ( 'NONE', #7550, #2262, #6796 ) ;
#4150 = ORIENTED_EDGE ( 'NONE', *, *, #4869, .T. ) ;
#4151 = VECTOR ( 'NONE', #2245, 1000.000000000000000 ) ;
#4152 = CARTESIAN_POINT ( 'NONE',  ( 0.7625288658502892300, -0.4626831691822945700, 0.5400000000000000400 ) ) ;
#4153 = CARTESIAN_POINT ( 'NONE',  ( 0.2708257603980817100, -0.3754254613460054100, 0.5400000000000000400 ) ) ;
#4154 = CARTESIAN_POINT ( 'NONE',  ( 0.1037151821610066400, -0.4855413672786935100, 0.5400000000000000400 ) ) ;
#4155 = LINE ( 'NONE', #2799, #5917 ) ;
#4156 = CARTESIAN_POINT ( 'NONE',  ( 0.5114791532143173600, -0.4782407312145751700, 0.5400000000000000400 ) ) ;
#4157 = VECTOR ( 'NONE', #8772, 1000.000000000000000 ) ;
#4158 = VERTEX_POINT ( 'NONE', #6466 ) ;
#4159 = ORIENTED_EDGE ( 'NONE', *, *, #6643, .T. ) ;
#4160 = ORIENTED_EDGE ( 'NONE', *, *, #7680, .F. ) ;
#4161 = VERTEX_POINT ( 'NONE', #1922 ) ;
#4162 = STYLED_ITEM ( 'NONE', ( #2512 ), #2980 ) ;
#4163 = CARTESIAN_POINT ( 'NONE',  ( 0.2708257603980817100, -0.3754254613460054100, 0.5300000000000000300 ) ) ;
#4164 = CARTESIAN_POINT ( 'NONE',  ( 0.6167811683492973000, -0.3523080359938855500, 0.5300000000000000300 ) ) ;
#4165 = CARTESIAN_POINT ( 'NONE',  ( -0.1999999999999999300, 0.4000000000000000800, -0.02000000000000000000 ) ) ;
#4166 = CARTESIAN_POINT ( 'NONE',  ( 0.2000000000000000900, 0.4000000000000000800, -0.02000000000000000000 ) ) ;
#4167 = ORIENTED_EDGE ( 'NONE', *, *, #2284, .F. ) ;
#4168 = VERTEX_POINT ( 'NONE', #7974 ) ;
#4169 = CARTESIAN_POINT ( 'NONE',  ( 0.4624390120265000100, -0.4989708842031906300, 0.5400000000000000400 ) ) ;
#4170 = ADVANCED_FACE ( 'NONE', ( #9062 ), #2690, .F. ) ;
#4171 = EDGE_CURVE ( 'NONE', #3919, #4956, #3077, .T. ) ;
#4172 = CARTESIAN_POINT ( 'NONE',  ( -0.7249999999999999800, 0.0000000000000000000, 0.0000000000000000000 ) ) ;
#4173 = EDGE_CURVE ( 'NONE', #4956, #2364, #1286, .T. ) ;
#4174 = ORIENTED_EDGE ( 'NONE', *, *, #3185, .F. ) ;
#4175 = VECTOR ( 'NONE', #8276, 1000.000000000000000 ) ;
#4176 = LINE ( 'NONE', #4829, #232 ) ;
#4177 = CARTESIAN_POINT ( 'NONE',  ( 0.5740277146321974800, -0.3327715578411892800, 0.5400000000000000400 ) ) ;
#4178 = CARTESIAN_POINT ( 'NONE',  ( 0.4441161032908241300, -0.3636081577765559200, 0.5300000000000000300 ) ) ;
#4179 = CARTESIAN_POINT ( 'NONE',  ( 0.4712722058144859800, -0.5138918196558173200, 0.5300000000000000300 ) ) ;
#4180 = CARTESIAN_POINT ( 'NONE',  ( 0.5430319580516553800, -0.5504978479665310100, 0.5400000000000000400 ) ) ;
#4181 = CARTESIAN_POINT ( 'NONE',  ( 0.09928841621003974000, -0.3245176027785717200, 0.5300000000000000300 ) ) ;
#4182 = PLANE ( 'NONE',  #9036 ) ;
#4183 = EDGE_CURVE ( 'NONE', #4440, #8983, #7080, .T. ) ;
#4184 = FILL_AREA_STYLE_COLOUR ( '', #5699 ) ;
#4185 = FACE_OUTER_BOUND ( 'NONE', #8141, .T. ) ;
#4186 = CARTESIAN_POINT ( 'NONE',  ( 0.4589773550014471500, -0.4920873593142480700, 0.5400000000000000400 ) ) ;
#4187 = DIRECTION ( 'NONE',  ( -1.000000000000000000, -0.0000000000000000000, -0.0000000000000000000 ) ) ;
#4188 = DIRECTION ( 'NONE',  ( 1.000000000000000000, 0.0000000000000000000, 0.0000000000000000000 ) ) ;
#4189 = CARTESIAN_POINT ( 'NONE',  ( 0.7695118636426638800, -0.4472847637951944400, 0.5400000000000000400 ) ) ;
#4190 = ORIENTED_EDGE ( 'NONE', *, *, #1367, .T. ) ;
#4191 = AXIS2_PLACEMENT_3D ( 'NONE', #1762, #7055, #2544 ) ;
#4192 = CARTESIAN_POINT ( 'NONE',  ( 0.07051441642080705200, -0.3483114908728360800, 0.5400000000000000400 ) ) ;
#4193 = LINE ( 'NONE', #2371, #6218 ) ;
#4194 = EDGE_CURVE ( 'NONE', #4495, #6898, #1068, .T. ) ;
#4195 = ORIENTED_EDGE ( 'NONE', *, *, #7761, .F. ) ;
#4196 = ORIENTED_EDGE ( 'NONE', *, *, #1722, .T. ) ;
#4197 = VECTOR ( 'NONE', #5252, 1000.000000000000000 ) ;
#4198 = DIRECTION ( 'NONE',  ( 0.0000000000000000000, 1.000000000000000000, -0.0000000000000000000 ) ) ;
#4199 = CARTESIAN_POINT ( 'NONE',  ( 0.02126660036170732400, -0.4783478383072152800, 0.5400000000000000400 ) ) ;
#4200 = DIRECTION ( 'NONE',  ( -0.8631877589411857100, -0.5048830486499755700, 0.0000000000000000000 ) ) ;
#4201 = CARTESIAN_POINT ( 'NONE',  ( 0.4784939385735635900, -0.4682536517513084500, 0.5300000000000000300 ) ) ;
#4202 = CARTESIAN_POINT ( 'NONE',  ( 0.7130709384700055800, -0.4575901565477583600, 0.5400000000000000400 ) ) ;
#4203 = STYLED_ITEM ( 'NONE', ( #9690 ), #2009 ) ;
#4204 = CARTESIAN_POINT ( 'NONE',  ( 0.4551178063645157600, -0.5175922116481055400, 0.5400000000000000400 ) ) ;
#4205 = LINE ( 'NONE', #388, #8475 ) ;
#4206 = AXIS2_PLACEMENT_3D ( 'NONE', #6654, #8942, #1489 ) ;
#4207 = ADVANCED_FACE ( 'NONE', ( #8596 ), #8762, .F. ) ;
#4208 = FILL_AREA_STYLE ('',( #8725 ) ) ;
#4209 = VECTOR ( 'NONE', #5997, 1000.000000000000000 ) ;
#4210 = ORIENTED_EDGE ( 'NONE', *, *, #1289, .T. ) ;
#4211 = ORIENTED_EDGE ( 'NONE', *, *, #1154, .F. ) ;
#4212 = DIRECTION ( 'NONE',  ( 0.8863488427958663400, 0.4630180653866850500, 0.0000000000000000000 ) ) ;
#4213 = ORIENTED_EDGE ( 'NONE', *, *, #4218, .F. ) ;
#4214 = SURFACE_STYLE_USAGE ( .BOTH. , #2094 ) ;
#4215 =( NAMED_UNIT ( * ) PLANE_ANGLE_UNIT ( ) SI_UNIT ( $, .RADIAN. ) );
#4216 = LINE ( 'NONE', #8465, #5998 ) ;
#4217 = CARTESIAN_POINT ( 'NONE',  ( 0.5174674219760534400, -0.3327715578411892800, 0.5400000000000000400 ) ) ;
#4218 = EDGE_CURVE ( 'NONE', #5637, #6248, #6600, .T. ) ;
#4219 = CARTESIAN_POINT ( 'NONE',  ( 0.5326867761376663500, -0.5008011856187470900, 0.5300000000000000300 ) ) ;
#4220 = FACE_OUTER_BOUND ( 'NONE', #2186, .T. ) ;
#4221 = VECTOR ( 'NONE', #286, 1000.000000000000000 ) ;
#4222 = CARTESIAN_POINT ( 'NONE',  ( 0.5291256462097089200, -0.4775245263126034500, 0.5300000000000000300 ) ) ;
#4223 = ORIENTED_EDGE ( 'NONE', *, *, #1930, .T. ) ;
#4224 = ORIENTED_EDGE ( 'NONE', *, *, #8902, .T. ) ;
#4225 = DIRECTION ( 'NONE',  ( -1.000000000000000000, 0.0000000000000000000, 0.0000000000000000000 ) ) ;
#4226 = STYLED_ITEM ( 'NONE', ( #1085 ), #8509 ) ;
#4227 = PLANE ( 'NONE',  #6103 ) ;
#4228 = FACE_BOUND ( 'NONE', #5757, .T. ) ;
#4229 = ORIENTED_EDGE ( 'NONE', *, *, #2767, .T. ) ;
#4230 = VECTOR ( 'NONE', #111, 1000.000000000000000 ) ;
#4231 = PRODUCT ( 'BGA-12_L1.8-W1.3-R3-C4-P0.40-TL', 'BGA-12_L1.8-W1.3-R3-C4-P0.40-TL', '', ( #7560 ) ) ;
#4232 = VECTOR ( 'NONE', #4911, 1000.000000000000000 ) ;
#4233 = EDGE_LOOP ( 'NONE', ( #9334, #2398, #4833, #4728 ) ) ;
#4234 = EDGE_CURVE ( 'NONE', #6904, #4707, #2592, .T. ) ;
#4235 = CARTESIAN_POINT ( 'NONE',  ( 0.5493186455223715300, -0.5512936311908295300, 0.5400000000000000400 ) ) ;
#4236 = EDGE_CURVE ( 'NONE', #4512, #9525, #6844, .T. ) ;
#4237 = FACE_OUTER_BOUND ( 'NONE', #7227, .T. ) ;
#4238 = CARTESIAN_POINT ( 'NONE',  ( 0.6048842091481451100, -0.4472847637951952700, 0.5400000000000000400 ) ) ;
#4239 = CARTESIAN_POINT ( 'NONE',  ( 0.4851984122370147600, -0.4893419071914362200, 0.5300000000000000300 ) ) ;
#4240 = ORIENTED_EDGE ( 'NONE', *, *, #5126, .T. ) ;
#4241 = CARTESIAN_POINT ( 'NONE',  ( 0.5259425133130581900, -0.5159608560388804200, 0.5400000000000000400 ) ) ;
#4242 = CARTESIAN_POINT ( 'NONE',  ( 0.2708257603980817100, -0.3754254613460054100, 0.5400000000000000400 ) ) ;
#4243 = LINE ( 'NONE', #1584, #6024 ) ;
#4244 = ORIENTED_EDGE ( 'NONE', *, *, #5048, .T. ) ;
#4245 = ORIENTED_EDGE ( 'NONE', *, *, #5072, .F. ) ;
#4246 = ORIENTED_EDGE ( 'NONE', *, *, #3591, .F. ) ;
#4247 = CARTESIAN_POINT ( 'NONE',  ( 0.3993930860938320600, -0.4900581120928790800, 0.5400000000000000400 ) ) ;
#4248 = ADVANCED_FACE ( 'NONE', ( #4332 ), #8800, .F. ) ;
#4249 = VECTOR ( 'NONE', #3659, 1000.000000000000000 ) ;
#4250 = VERTEX_POINT ( 'NONE', #2663 ) ;
#4251 = CARTESIAN_POINT ( 'NONE',  ( 0.4532477157877887700, -0.5159210668777206600, 0.5300000000000000300 ) ) ;
#4252 = VERTEX_POINT ( 'NONE', #8160 ) ;
#4253 = CARTESIAN_POINT ( 'NONE',  ( 0.2082976359318415600, -0.4307600568410350800, 0.5400000000000000400 ) ) ;
#4254 = CARTESIAN_POINT ( 'NONE',  ( 0.08213467968051899000, -0.3394579536937830700, 0.5300000000000000300 ) ) ;
#4255 = VERTEX_POINT ( 'NONE', #3733 ) ;
#4256 = PRESENTATION_LAYER_ASSIGNMENT (  '', '', ( #4769 ) ) ;
#4257 = CARTESIAN_POINT ( 'NONE',  ( 0.5201134011962291700, -0.4935993474405162000, 0.5300000000000000300 ) ) ;
#4258 = EDGE_CURVE ( 'NONE', #2836, #8470, #407, .T. ) ;
#4259 = CARTESIAN_POINT ( 'NONE',  ( 0.5585497309222428000, -0.5350994425794315400, 0.5300000000000000300 ) ) ;
#4260 = VECTOR ( 'NONE', #6274, 1000.000000000000000 ) ;
#4261 = EDGE_LOOP ( 'NONE', ( #1335, #2107, #1765, #1418 ) ) ;
#4262 = DIRECTION ( 'NONE',  ( -1.000000000000000000, 0.0000000000000000000, -0.0000000000000000000 ) ) ;
#4263 = VECTOR ( 'NONE', #7516, 1000.000000000000000 ) ;
#4264 = CARTESIAN_POINT ( 'NONE',  ( 0.6082463932700258300, -0.3400927635034372000, 0.5300000000000000300 ) ) ;
#4265 = ORIENTED_EDGE ( 'NONE', *, *, #3026, .T. ) ;
#4266 = VERTEX_POINT ( 'NONE', #5114 ) ;
#4267 = LINE ( 'NONE', #5643, #313 ) ;
#4268 = AXIS2_PLACEMENT_3D ( 'NONE', #6807, #1531, #6043 ) ;
#4269 = PRESENTATION_STYLE_ASSIGNMENT (( #3051 ) ) ;
#4270 = MECHANICAL_DESIGN_GEOMETRIC_PRESENTATION_REPRESENTATION (  '', ( #2757 ), #4778 ) ;
#4271 = CARTESIAN_POINT ( 'NONE',  ( 0.4532477157877887700, -0.5159210668777206600, 0.5400000000000000400 ) ) ;
#4272 = ORIENTED_EDGE ( 'NONE', *, *, #3524, .T. ) ;
#4273 = CARTESIAN_POINT ( 'NONE',  ( 0.2741458295839214700, -0.4899681332291261900, 0.5300000000000000300 ) ) ;
#4274 = EDGE_LOOP ( 'NONE', ( #623, #7845, #9606, #3338 ) ) ;
#4275 = ORIENTED_EDGE ( 'NONE', *, *, #7807, .T. ) ;
#4276 = EDGE_LOOP ( 'NONE', ( #8044, #5216, #2218, #1428, #5580, #8054, #6191, #775, #9004, #6257, #4641, #1169, #7716, #4167 ) ) ;
#4277 = VECTOR ( 'NONE', #464, 1000.000000000000000 ) ;
#4278 = CARTESIAN_POINT ( 'NONE',  ( 0.7801156751039408600, -0.5038251618707552100, 0.5400000000000000400 ) ) ;
#4279 = CARTESIAN_POINT ( 'NONE',  ( 0.6677908730164815500, -0.3392174019568188200, 0.5400000000000000400 ) ) ;
#4280 = CARTESIAN_POINT ( 'NONE',  ( 0.5332836135558864900, -0.4801904001136226800, 0.5300000000000000300 ) ) ;
#4281 = CARTESIAN_POINT ( 'NONE',  ( 0.5359494873566411600, -0.5150854944922639300, 0.5300000000000000300 ) ) ;
#4282 = EDGE_CURVE ( 'NONE', #5856, #8692, #381, .T. ) ;
#4283 = VERTEX_POINT ( 'NONE', #2964 ) ;
#4284 = DIRECTION ( 'NONE',  ( -0.0000000000000000000, -0.0000000000000000000, 1.000000000000000000 ) ) ;
#4285 = CARTESIAN_POINT ( 'NONE',  ( 0.6832489621453254900, -0.4562373250666672000, 0.5300000000000000300 ) ) ;
#4286 = CARTESIAN_POINT ( 'NONE',  ( 0.7059287840335156700, -0.5081223912809971200, 0.5300000000000000300 ) ) ;
#4287 = DIRECTION ( 'NONE',  ( -0.0000000000000000000, -0.0000000000000000000, -1.000000000000000000 ) ) ;
#4288 = DIRECTION ( 'NONE',  ( -1.000000000000000000, -0.0000000000000000000, -0.0000000000000000000 ) ) ;
#4289 = FACE_OUTER_BOUND ( 'NONE', #989, .T. ) ;
#4290 = EDGE_CURVE ( 'NONE', #2177, #4283, #4596, .T. ) ;
#4291 = CARTESIAN_POINT ( 'NONE',  ( 0.5359494873566411600, -0.5063318790265991500, 0.5300000000000000300 ) ) ;
#4292 = EDGE_CURVE ( 'NONE', #8415, #6623, #1139, .T. ) ;
#4293 = ADVANCED_FACE ( 'NONE', ( #166 ), #8866, .F. ) ;
#4294 = EDGE_LOOP ( 'NONE', ( #434, #3542, #8263, #6406, #7352, #6361, #6389, #5470 ) ) ;
#4295 = VECTOR ( 'NONE', #6045, 1000.000000000000000 ) ;
#4296 = CARTESIAN_POINT ( 'NONE',  ( 0.6167811683492973000, -0.3620165913284922900, 0.5300000000000000300 ) ) ;
#4297 = SURFACE_SIDE_STYLE ('',( #9129 ) ) ;
#4298 = DIRECTION ( 'NONE',  ( -0.5048830486499754600, 0.8631877589411856000, 0.0000000000000000000 ) ) ;
#4299 = CARTESIAN_POINT ( 'NONE',  ( 0.5292251191126152700, -0.4690494349756042500, 0.5400000000000000400 ) ) ;
#4300 = CARTESIAN_POINT ( 'NONE',  ( 0.4589773550014471500, -0.4920873593142480700, 0.5400000000000000400 ) ) ;
#4301 = AXIS2_PLACEMENT_3D ( 'NONE', #1285, #2020, #7327 ) ;
#4302 = FACE_BOUND ( 'NONE', #6070, .T. ) ;
#4303 = EDGE_CURVE ( 'NONE', #4835, #5141, #1407, .T. ) ;
#4304 = CARTESIAN_POINT ( 'NONE',  ( 0.2082976359318415600, -0.4307600568410350800, 0.5400000000000000400 ) ) ;
#4305 = CARTESIAN_POINT ( 'NONE',  ( 0.5639809514271858500, -0.4016465958906835200, 0.5400000000000000400 ) ) ;
#4306 = VERTEX_POINT ( 'NONE', #2926 ) ;
#4307 = DIRECTION ( 'NONE',  ( -0.0000000000000000000, -0.0000000000000000000, -1.000000000000000000 ) ) ;
#4308 = CARTESIAN_POINT ( 'NONE',  ( 0.5475082386873916200, -0.3327715578411892800, 0.5400000000000000400 ) ) ;
#4309 = VERTEX_POINT ( 'NONE', #2149 ) ;
#4310 = CARTESIAN_POINT ( 'NONE',  ( 0.5201134011962291700, -0.4935993474405162000, 0.5300000000000000300 ) ) ;
#4311 = CARTESIAN_POINT ( 'NONE',  ( 0.4581616771968354300, -0.5264254054360929500, 0.5400000000000000400 ) ) ;
#4312 = CARTESIAN_POINT ( 'NONE',  ( 0.7640408539765581900, -0.4572320540973008900, 0.5300000000000000300 ) ) ;
#4313 = COLOUR_RGB ( '',0.4980392156862745200, 0.4980392156862745200, 0.4980392156862745200 ) ;
#4314 = ORIENTED_EDGE ( 'NONE', *, *, #6696, .T. ) ;
#4315 = CARTESIAN_POINT ( 'NONE',  ( 0.4448124136116833900, -0.3339652326776322300, 0.5300000000000000300 ) ) ;
#4316 = ORIENTED_EDGE ( 'NONE', *, *, #3568, .F. ) ;
#4317 = FACE_OUTER_BOUND ( 'NONE', #803, .T. ) ;
#4318 = EDGE_CURVE ( 'NONE', #8672, #6052, #7842, .T. ) ;
#4319 = VERTEX_POINT ( 'NONE', #5814 ) ;
#4320 = ORIENTED_EDGE ( 'NONE', *, *, #8889, .T. ) ;
#4321 = LINE ( 'NONE', #1379, #7670 ) ;
#4322 = CARTESIAN_POINT ( 'NONE',  ( 0.7695118636426638800, -0.4472847637951944400, 0.5300000000000000300 ) ) ;
#4323 = CARTESIAN_POINT ( 'NONE',  ( 0.1662433066272454600, -0.3361378739537001500, 0.5400000000000000400 ) ) ;
#4324 = CIRCLE ( 'NONE', #7213, 0.1250000000000000000 ) ;
#4325 = CARTESIAN_POINT ( 'NONE',  ( -0.5999999999999999800, 5.421010862427522200E-017, 0.0000000000000000000 ) ) ;
#4326 = VECTOR ( 'NONE', #3541, 1000.000000000000000 ) ;
#4327 = CARTESIAN_POINT ( 'NONE',  ( 0.6659605716009189300, -0.3361138473824884000, 0.5300000000000000300 ) ) ;
#4328 = VERTEX_POINT ( 'NONE', #7788 ) ;
#4329 = DIRECTION ( 'NONE',  ( 1.000000000000000000, -0.0000000000000000000, -0.0000000000000000000 ) ) ;
#4330 = ORIENTED_EDGE ( 'NONE', *, *, #711, .T. ) ;
#4331 = CARTESIAN_POINT ( 'NONE',  ( 0.6149309723531775100, -0.4811453399825667000, 0.5300000000000000300 ) ) ;
#4332 = FACE_OUTER_BOUND ( 'NONE', #601, .T. ) ;
#4333 = ADVANCED_FACE ( 'NONE', ( #9189 ), #5574, .F. ) ;
#4334 = FACE_OUTER_BOUND ( 'NONE', #8824, .T. ) ;
#4335 = ORIENTED_EDGE ( 'NONE', *, *, #1006, .F. ) ;
#4336 =( LENGTH_UNIT ( ) NAMED_UNIT ( * ) SI_UNIT ( .MILLI., .METRE. ) );
#4337 = CARTESIAN_POINT ( 'NONE',  ( 0.6273451906494143000, -0.3737941830456324400, 0.5300000000000000300 ) ) ;
#4338 = CARTESIAN_POINT ( 'NONE',  ( 0.5191584613272886000, -0.4761716948315121700, 0.5400000000000000400 ) ) ;
#4339 = CARTESIAN_POINT ( 'NONE',  ( 0.6000000000000002000, 5.421010862427522200E-017, -0.02000000000000000000 ) ) ;
#4340 = DIRECTION ( 'NONE',  ( -1.000000000000000000, 0.0000000000000000000, 0.0000000000000000000 ) ) ;
#4341 = EDGE_CURVE ( 'NONE', #9394, #2553, #5160, .T. ) ;
#4342 = VERTEX_POINT ( 'NONE', #3835 ) ;
#4343 = EDGE_CURVE ( 'NONE', #4584, #3332, #7421, .T. ) ;
#4344 = LINE ( 'NONE', #8700, #8379 ) ;
#4345 = PRESENTATION_STYLE_ASSIGNMENT (( #9311 ) ) ;
#4346 = CARTESIAN_POINT ( 'NONE',  ( 0.4459662992867030600, -0.4828960630758074000, 0.5400000000000000400 ) ) ;
#4347 = ORIENTED_EDGE ( 'NONE', *, *, #668, .F. ) ;
#4348 = VERTEX_POINT ( 'NONE', #301 ) ;
#4349 = DIRECTION ( 'NONE',  ( -0.0000000000000000000, -0.0000000000000000000, 1.000000000000000000 ) ) ;
#4350 = CARTESIAN_POINT ( 'NONE',  ( 0.2708257603980817100, -0.3754254613460054100, 0.5400000000000000400 ) ) ;
#4351 = LINE ( 'NONE', #6368, #2370 ) ;
#4352 = CARTESIAN_POINT ( 'NONE',  ( 0.4702973713649610800, -0.4029596382106130400, 0.5400000000000000400 ) ) ;
#4353 = ORIENTED_EDGE ( 'NONE', *, *, #8428, .F. ) ;
#4354 = DIRECTION ( 'NONE',  ( -1.000000000000000000, -0.0000000000000000000, -0.0000000000000000000 ) ) ;
#4355 = LINE ( 'NONE', #6649, #4139 ) ;
#4356 = ORIENTED_EDGE ( 'NONE', *, *, #2686, .F. ) ;
#4357 = ORIENTED_EDGE ( 'NONE', *, *, #3989, .F. ) ;
#4358 = ORIENTED_EDGE ( 'NONE', *, *, #6525, .T. ) ;
#4359 = CARTESIAN_POINT ( 'NONE',  ( 0.4466626096078296600, -0.3803196054835862300, 0.5300000000000000300 ) ) ;
#4360 = EDGE_CURVE ( 'NONE', #556, #8018, #3191, .T. ) ;
#4361 = CARTESIAN_POINT ( 'NONE',  ( -0.4749999999999999200, 5.421010862427522200E-017, 0.0000000000000000000 ) ) ;
#4362 = CARTESIAN_POINT ( 'NONE',  ( 0.6149309723531775100, -0.4811453399825667000, 0.5400000000000000400 ) ) ;
#4363 = DIRECTION ( 'NONE',  ( -0.0000000000000000000, -0.0000000000000000000, -1.000000000000000000 ) ) ;
#4364 = VECTOR ( 'NONE', #2446, 1000.000000000000000 ) ;
#4365 = CARTESIAN_POINT ( 'NONE',  ( 0.07328114777885405600, -0.3809588923993698100, 0.5400000000000000400 ) ) ;
#4366 =( LENGTH_UNIT ( ) NAMED_UNIT ( * ) SI_UNIT ( .MILLI., .METRE. ) );
#4367 = EDGE_CURVE ( 'NONE', #6637, #90, #8578, .T. ) ;
#4368 = EDGE_LOOP ( 'NONE', ( #3008, #4509, #9593, #4369 ) ) ;
#4369 = ORIENTED_EDGE ( 'NONE', *, *, #8591, .T. ) ;
#4370 = ORIENTED_EDGE ( 'NONE', *, *, #7665, .F. ) ;
#4371 = ORIENTED_EDGE ( 'NONE', *, *, #4996, .F. ) ;
#4372 = LINE ( 'NONE', #8211, #6625 ) ;
#4373 = ORIENTED_EDGE ( 'NONE', *, *, #2720, .T. ) ;
#4374 = CARTESIAN_POINT ( 'NONE',  ( 0.07494118237177233000, -0.3488648392551344000, 0.5400000000000000400 ) ) ;
#4375 = LINE ( 'NONE', #5835, #8408 ) ;
#4376 =( NAMED_UNIT ( * ) SI_UNIT ( $, .STERADIAN. ) SOLID_ANGLE_UNIT ( ) );
#4377 = CARTESIAN_POINT ( 'NONE',  ( 0.1479828838871060400, -0.5010350375522992800, 0.5400000000000000400 ) ) ;
#4378 = CARTESIAN_POINT ( 'NONE',  ( 0.08047463453335898500, -0.5287023933481510600, 0.5300000000000000300 ) ) ;
#4379 = CARTESIAN_POINT ( 'NONE',  ( -0.1999999999999999300, 0.4000000000000000800, -0.02000000000000000000 ) ) ;
#4380 =( LENGTH_UNIT ( ) NAMED_UNIT ( * ) SI_UNIT ( .MILLI., .METRE. ) );
#4381 = EDGE_CURVE ( 'NONE', #6500, #8273, #3427, .T. ) ;
#4382 = CARTESIAN_POINT ( 'NONE',  ( 0.4368943705314791100, -0.3852534614734790000, 0.5400000000000000400 ) ) ;
#4383 = VECTOR ( 'NONE', #6876, 1000.000000000000000 ) ;
#4384 = AXIS2_PLACEMENT_3D ( 'NONE', #9014, #4514, #53 ) ;
#4385 = VERTEX_POINT ( 'NONE', #1251 ) ;
#4386 = VERTEX_POINT ( 'NONE', #1553 ) ;
#4387 = VERTEX_POINT ( 'NONE', #3734 ) ;
#4388 = VERTEX_POINT ( 'NONE', #2638 ) ;
#4389 = EDGE_CURVE ( 'NONE', #8563, #3397, #8926, .T. ) ;
#4390 = DIRECTION ( 'NONE',  ( -0.0000000000000000000, -0.0000000000000000000, -1.000000000000000000 ) ) ;
#4391 = CARTESIAN_POINT ( 'NONE',  ( 0.2254513407988977800, -0.4916281678223113900, 0.5400000000000000400 ) ) ;
#4392 = CARTESIAN_POINT ( 'NONE',  ( 0.2912995555594620800, -0.4484671628613402000, 0.5300000000000000300 ) ) ;
#4393 = CARTESIAN_POINT ( 'NONE',  ( 0.4448124136116833900, -0.3339652326776322300, 0.5400000000000000400 ) ) ;
#4394 = VERTEX_POINT ( 'NONE', #4850 ) ;
#4395 = ADVANCED_FACE ( 'NONE', ( #2936 ), #1040, .F. ) ;
#4396 = VERTEX_POINT ( 'NONE', #7763 ) ;
#4397 = CARTESIAN_POINT ( 'NONE',  ( 0.6149309723531775100, -0.4562373250666672000, 0.5400000000000000400 ) ) ;
#4398 = FACE_OUTER_BOUND ( 'NONE', #8548, .T. ) ;
#4399 = SURFACE_SIDE_STYLE ('',( #8140 ) ) ;
#4400 = SURFACE_STYLE_USAGE ( .BOTH. , #8896 ) ;
#4401 = CARTESIAN_POINT ( 'NONE',  ( 0.6084652336569470500, -0.3846566240555205900, 0.5300000000000000300 ) ) ;
#4402 = CARTESIAN_POINT ( 'NONE',  ( -0.3249999999999999000, 6.951819361361712800E-017, -0.02000000000000000000 ) ) ;
#4403 = DIRECTION ( 'NONE',  ( -0.0000000000000000000, -0.0000000000000000000, -1.000000000000000000 ) ) ;
#4404 = ORIENTED_EDGE ( 'NONE', *, *, #6981, .F. ) ;
#4405 = PLANE ( 'NONE',  #5445 ) ;
#4406 = LINE ( 'NONE', #1132, #2421 ) ;
#4407 = CARTESIAN_POINT ( 'NONE',  ( 0.7250000000000002000, 0.4000000000000000800, -0.02000000000000000000 ) ) ;
#4408 = UNCERTAINTY_MEASURE_WITH_UNIT (LENGTH_MEASURE( 1.000000000000000100E-005 ), #2492, 'distance_accuracy_value', 'NONE');
#4409 = EDGE_CURVE ( 'NONE', #1997, #5782, #9336, .T. ) ;
#4410 = CARTESIAN_POINT ( 'NONE',  ( 0.5085148607043181700, -0.4836520571384098600, 0.5400000000000000400 ) ) ;
#4411 = PLANE ( 'NONE',  #4038 ) ;
#4412 = CARTESIAN_POINT ( 'NONE',  ( 0.6614445018042879300, -0.5251123631161613800, 0.5400000000000000400 ) ) ;
#4413 = COLOUR_RGB ( '',0.2980392156862745100, 0.2980392156862745100, 0.2980392156862745100 ) ;
#4414 = CARTESIAN_POINT ( 'NONE',  ( 0.5291256462097089200, -0.4775245263126034500, 0.5300000000000000300 ) ) ;
#4415 = CARTESIAN_POINT ( 'NONE',  ( 0.4740574470989907300, -0.5109076325655072000, 0.5400000000000000400 ) ) ;
#4416 = CARTESIAN_POINT ( 'NONE',  ( 0.5259425133130581900, -0.5159608560388804200, 0.5400000000000000400 ) ) ;
#4417 = EDGE_CURVE ( 'NONE', #4385, #253, #346, .T. ) ;
#4418 = CARTESIAN_POINT ( 'NONE',  ( 0.5033820589086188700, -0.5166770609403238400, 0.5300000000000000300 ) ) ;
#4419 = SURFACE_SIDE_STYLE ('',( #7859 ) ) ;
#4420 = FACE_OUTER_BOUND ( 'NONE', #9559, .T. ) ;
#4421 = EDGE_CURVE ( 'NONE', #1452, #6041, #1082, .T. ) ;
#4422 = CARTESIAN_POINT ( 'NONE',  ( 0.09264825672961345100, -0.5619031274256207600, 0.5400000000000000400 ) ) ;
#4423 = CARTESIAN_POINT ( 'NONE',  ( 0.4808414990847580900, -0.3225059542497878400, 0.5300000000000000300 ) ) ;
#4424 = ORIENTED_EDGE ( 'NONE', *, *, #8712, .F. ) ;
#4425 = DIRECTION ( 'NONE',  ( 1.000000000000000000, -0.0000000000000000000, 0.0000000000000000000 ) ) ;
#4426 = CARTESIAN_POINT ( 'NONE',  ( 0.5012334442034981400, -0.4933208233118561700, 0.5400000000000000400 ) ) ;
#4427 = COLOUR_RGB ( '',0.6666666666666666300, 0.6666666666666666300, 0.6666666666666666300 ) ;
#4428 = CARTESIAN_POINT ( 'NONE',  ( 0.4862727195897053600, -0.3330898711310145100, 0.5300000000000000300 ) ) ;
#4429 =( NAMED_UNIT ( * ) SI_UNIT ( $, .STERADIAN. ) SOLID_ANGLE_UNIT ( ) );
#4430 = CARTESIAN_POINT ( 'NONE',  ( -0.4749999999999999200, 0.5250000000000000200, -0.02000000000000000000 ) ) ;
#4431 = SURFACE_STYLE_FILL_AREA ( #5505 ) ;
#4432 = B_SPLINE_CURVE_WITH_KNOTS ( 'NONE', 3,
 ( #6694, #3716, #8955, #4444 ),
 .UNSPECIFIED., .F., .F.,
 ( 4, 4 ),
 ( 1.000000000000000000, 2.000000000000000000 ),
 .UNSPECIFIED. ) ;
#4433 = DIRECTION ( 'NONE',  ( 1.000000000000000000, 0.0000000000000000000, 0.0000000000000000000 ) ) ;
#4434 = ORIENTED_EDGE ( 'NONE', *, *, #7810, .F. ) ;
#4435 = ORIENTED_EDGE ( 'NONE', *, *, #5706, .F. ) ;
#4436 = FACE_OUTER_BOUND ( 'NONE', #7806, .T. ) ;
#4437 = ORIENTED_EDGE ( 'NONE', *, *, #1104, .T. ) ;
#4438 = ADVANCED_FACE ( 'NONE', ( #6704 ), #5591, .F. ) ;
#4439 = EDGE_CURVE ( 'NONE', #6052, #2832, #710, .T. ) ;
#4440 = VERTEX_POINT ( 'NONE', #1070 ) ;
#4441 = CARTESIAN_POINT ( 'NONE',  ( -0.5999999999999999800, 5.421010862427522200E-017, -0.02000000000000000000 ) ) ;
#4442 = DIRECTION ( 'NONE',  ( 1.000000000000000000, -0.0000000000000000000, -0.0000000000000000000 ) ) ;
#4443 = FILL_AREA_STYLE_COLOUR ( '', #1212 ) ;
#4444 = CARTESIAN_POINT ( 'NONE',  ( 0.7640408539765581900, -0.4572320540973008900, 0.5300000000000000300 ) ) ;
#4445 = CARTESIAN_POINT ( 'NONE',  ( 0.07500000000000012200, 6.951819361361712800E-017, 0.0000000000000000000 ) ) ;
#4446 = CYLINDRICAL_SURFACE ( 'NONE', #7271, 0.1250000000000000000 ) ;
#4447 = CARTESIAN_POINT ( 'NONE',  ( 0.7057099436465954500, -0.4635585307289159500, 0.5300000000000000300 ) ) ;
#4448 = DIRECTION ( 'NONE',  ( 0.0000000000000000000, 0.0000000000000000000, -1.000000000000000000 ) ) ;
#4449 = LINE ( 'NONE', #5201, #8227 ) ;
#4450 = CARTESIAN_POINT ( 'NONE',  ( 0.4581616771968354300, -0.5264254054360929500, 0.5400000000000000400 ) ) ;
#4451 = ORIENTED_EDGE ( 'NONE', *, *, #8385, .T. ) ;
#4452 = ORIENTED_EDGE ( 'NONE', *, *, #9094, .F. ) ;
#4453 = STYLED_ITEM ( 'NONE', ( #1920 ), #1247 ) ;
#4454 = VERTEX_POINT ( 'NONE', #2569 ) ;
#4455 = CARTESIAN_POINT ( 'NONE',  ( -0.001420598883641920400, -0.3743187698585325200, 0.5300000000000000300 ) ) ;
#4456 = LINE ( 'NONE', #6164, #2470 ) ;
#4457 = FILL_AREA_STYLE_COLOUR ( '', #3850 ) ;
#4458 = CARTESIAN_POINT ( 'NONE',  ( -0.4749999999999999200, 0.3649999999999998800, 0.0000000000000000000 ) ) ;
#4459 = CARTESIAN_POINT ( 'NONE',  ( 0.2254513619073846000, -0.4600874155668089900, 0.5400000000000000400 ) ) ;
#4460 = LINE ( 'NONE', #1025, #4221 ) ;
#4461 = CARTESIAN_POINT ( 'NONE',  ( 0.4751914381934273000, -0.5165179042956770100, 0.5300000000000000300 ) ) ;
#4462 = ORIENTED_EDGE ( 'NONE', *, *, #6981, .T. ) ;
#4463 = VERTEX_POINT ( 'NONE', #7824 ) ;
#4464 = FACE_BOUND ( 'NONE', #8894, .T. ) ;
#4465 = CARTESIAN_POINT ( 'NONE',  ( 0.6905900623881550100, -0.4016465958906862400, 0.5400000000000000400 ) ) ;
#4466 = CARTESIAN_POINT ( 'NONE',  ( 0.4851984122370147600, -0.4893419071914362200, 0.5400000000000000400 ) ) ;
#4467 = ORIENTED_EDGE ( 'NONE', *, *, #2156, .T. ) ;
#4468 = EDGE_CURVE ( 'NONE', #8946, #6739, #8698, .T. ) ;
#4469 = FILL_AREA_STYLE ('',( #2896 ) ) ;
#4470 = PLANE ( 'NONE',  #4384 ) ;
#4471 = CARTESIAN_POINT ( 'NONE',  ( 0.4801650833442131000, -0.3315778830052764100, 0.5400000000000000400 ) ) ;
#4472 = PRESENTATION_LAYER_ASSIGNMENT (  '', '', ( #2466 ) ) ;
#4473 = LINE ( 'NONE', #3433, #2223 ) ;
#4474 = DIRECTION ( 'NONE',  ( 0.3493954794690841700, -0.9369753459545074900, -0.0000000000000000000 ) ) ;
#4475 = EDGE_LOOP ( 'NONE', ( #6906, #3232, #8528, #6587 ) ) ;
#4476 = CARTESIAN_POINT ( 'NONE',  ( 0.5074206587713087100, -0.3238189965697173000, 0.5400000000000000400 ) ) ;
#4477 = VECTOR ( 'NONE', #2819, 1000.000000000000000 ) ;
#4478 = CARTESIAN_POINT ( 'NONE',  ( 0.5030637456190603100, -0.4957479621453744800, 0.5400000000000000400 ) ) ;
#4479 = ORIENTED_EDGE ( 'NONE', *, *, #7373, .T. ) ;
#4480 = CARTESIAN_POINT ( 'NONE',  ( 0.5114791532143173600, -0.4782407312145751700, 0.5300000000000000300 ) ) ;
#4481 = VECTOR ( 'NONE', #86, 1000.000000000000100 ) ;
#4482 = DIRECTION ( 'NONE',  ( -0.0000000000000000000, -0.0000000000000000000, -1.000000000000000000 ) ) ;
#4483 = CARTESIAN_POINT ( 'NONE',  ( 0.7248087410265148200, -0.4852038344258363700, 0.5300000000000000300 ) ) ;
#4484 = DIRECTION ( 'NONE',  ( -1.000000000000000000, 0.0000000000000000000, -0.0000000000000000000 ) ) ;
#4485 = CARTESIAN_POINT ( 'NONE',  ( 0.5201134011962291700, -0.4682536517513063400, 0.5300000000000000300 ) ) ;
#4486 = ORIENTED_EDGE ( 'NONE', *, *, #58, .T. ) ;
#4487 = EDGE_LOOP ( 'NONE', ( #467, #3668, #4370, #4092 ) ) ;
#4488 = VERTEX_POINT ( 'NONE', #3795 ) ;
#4489 = CARTESIAN_POINT ( 'NONE',  ( 0.07328114777885405600, -0.3809588923993698100, 0.5300000000000000300 ) ) ;
#4490 = EDGE_LOOP ( 'NONE', ( #7937, #5885, #2476, #536 ) ) ;
#4491 = EDGE_CURVE ( 'NONE', #8377, #771, #8484, .T. ) ;
#4492 = CARTESIAN_POINT ( 'NONE',  ( 0.4734009259390251100, -0.3225059542497878400, 0.5400000000000000400 ) ) ;
#4493 = EDGE_CURVE ( 'NONE', #4552, #4512, #6960, .T. ) ;
#4494 = LINE ( 'NONE', #2929, #2716 ) ;
#4495 = VERTEX_POINT ( 'NONE', #2758 ) ;
#4496 = CARTESIAN_POINT ( 'NONE',  ( 0.5174674219760517800, -0.3927736129415362900, 0.5300000000000000300 ) ) ;
#4497 = PRESENTATION_STYLE_ASSIGNMENT (( #8436 ) ) ;
#4498 = ORIENTED_EDGE ( 'NONE', *, *, #9132, .T. ) ;
#4499 = DIRECTION ( 'NONE',  ( -0.0000000000000000000, -0.0000000000000000000, -1.000000000000000000 ) ) ;
#4500 = EDGE_LOOP ( 'NONE', ( #9689, #7077, #5455, #6700 ) ) ;
#4501 = ADVANCED_FACE ( 'NONE', ( #8237 ), #5604, .F. ) ;
#4502 = CARTESIAN_POINT ( 'NONE',  ( 0.1186555357153068200, -0.3106839453292920000, 0.5400000000000000400 ) ) ;
#4503 = SURFACE_STYLE_FILL_AREA ( #1532 ) ;
#4504 = ORIENTED_EDGE ( 'NONE', *, *, #2705, .F. ) ;
#4505 = FACE_OUTER_BOUND ( 'NONE', #6265, .T. ) ;
#4506 = PLANE ( 'NONE',  #6437 ) ;
#4507 = EDGE_LOOP ( 'NONE', ( #5447, #4022, #4160, #8181 ) ) ;
#4508 = CARTESIAN_POINT ( 'NONE',  ( 0.5047149958091294900, -0.4726702486455662300, 0.5400000000000000400 ) ) ;
#4509 = ORIENTED_EDGE ( 'NONE', *, *, #922, .F. ) ;
#4510 = LINE ( 'NONE', #4875, #8288 ) ;
#4511 = CARTESIAN_POINT ( 'NONE',  ( 0.5853875201566092200, -0.4016465958906835200, 0.5400000000000000400 ) ) ;
#4512 = VERTEX_POINT ( 'NONE', #5592 ) ;
#4513 = DIRECTION ( 'NONE',  ( 1.000000000000000000, -0.0000000000000000000, -0.0000000000000000000 ) ) ;
#4514 = DIRECTION ( 'NONE',  ( 0.0000000000000000000, 0.0000000000000000000, -1.000000000000000000 ) ) ;
#4515 = PLANE ( 'NONE',  #8476 ) ;
#4516 = EDGE_CURVE ( 'NONE', #3062, #2410, #4456, .T. ) ;
#4517 = CARTESIAN_POINT ( 'NONE',  ( 0.5217646513862997900, -0.5042628426440655100, 0.5400000000000000400 ) ) ;
#4518 = PLANE ( 'NONE',  #3150 ) ;
#4519 = VERTEX_POINT ( 'NONE', #6959 ) ;
#4520 = ORIENTED_EDGE ( 'NONE', *, *, #9655, .F. ) ;
#4521 = ORIENTED_EDGE ( 'NONE', *, *, #7154, .T. ) ;
#4522 = ORIENTED_EDGE ( 'NONE', *, *, #5735, .F. ) ;
#4523 = COLOUR_RGB ( '',0.6666666666666666300, 0.6666666666666666300, 0.6666666666666666300 ) ;
#4524 = SURFACE_STYLE_USAGE ( .BOTH. , #9018 ) ;
#4525 = CARTESIAN_POINT ( 'NONE',  ( 0.4918432021587133000, -0.3361934257048131400, 0.5400000000000000400 ) ) ;
#4526 = CARTESIAN_POINT ( 'NONE',  ( 0.3250000000000000700, 0.4000000000000000800, 0.0000000000000000000 ) ) ;
#4527 = CARTESIAN_POINT ( 'NONE',  ( 0.2409450532897411100, -0.3317111053644402100, 0.5400000000000000400 ) ) ;
#4528 = CARTESIAN_POINT ( 'NONE',  ( 0.4303888426743730000, -0.3927736129415362900, 0.5400000000000000400 ) ) ;
#4529 = PLANE ( 'NONE',  #9462 ) ;
#4530 = MECHANICAL_DESIGN_GEOMETRIC_PRESENTATION_REPRESENTATION (  '', ( #3023 ), #5006 ) ;
#4531 = FILL_AREA_STYLE ('',( #2237 ) ) ;
#4532 = AXIS2_PLACEMENT_3D ( 'NONE', #5364, #6900, #2360 ) ;
#4533 = EDGE_CURVE ( 'NONE', #9041, #7116, #2203, .T. ) ;
#4534 = ADVANCED_FACE ( 'NONE', ( #267 ), #2039, .F. ) ;
#4535 = CARTESIAN_POINT ( 'NONE',  ( 0.7625288658502892300, -0.4626831691822945700, 0.5400000000000000400 ) ) ;
#4536 = ORIENTED_EDGE ( 'NONE', *, *, #7087, .F. ) ;
#4537 = B_SPLINE_CURVE_WITH_KNOTS ( 'NONE', 3,
 ( #5454, #7837, #3946, #3228 ),
 .UNSPECIFIED., .F., .F.,
 ( 4, 4 ),
 ( 4.000000000000000000, 5.000000000000000000 ),
 .UNSPECIFIED. ) ;
#4538 = SURFACE_STYLE_FILL_AREA ( #1359 ) ;
#4539 = DIRECTION ( 'NONE',  ( 0.0000000000000000000, 0.0000000000000000000, 1.000000000000000000 ) ) ;
#4540 = CARTESIAN_POINT ( 'NONE',  ( 0.4918432021587133000, -0.3256890871464422900, 0.5400000000000000400 ) ) ;
#4541 = DIRECTION ( 'NONE',  ( -0.0000000000000000000, -0.0000000000000000000, 1.000000000000000000 ) ) ;
#4542 = DIRECTION ( 'NONE',  ( 0.0000000000000000000, 0.0000000000000000000, -1.000000000000000000 ) ) ;
#4543 = CARTESIAN_POINT ( 'NONE',  ( 0.2232379683776580500, -0.4910748299942564500, 0.5400000000000000400 ) ) ;
#4544 = ORIENTED_EDGE ( 'NONE', *, *, #9434, .T. ) ;
#4545 = LINE ( 'NONE', #866, #555 ) ;
#4546 = PLANE ( 'NONE',  #8328 ) ;
#4547 = CARTESIAN_POINT ( 'NONE',  ( 0.0000000000000000000, 0.0000000000000000000, 0.5400000000000000400 ) ) ;
#4548 =( LENGTH_UNIT ( ) NAMED_UNIT ( * ) SI_UNIT ( .MILLI., .METRE. ) );
#4549 = CARTESIAN_POINT ( 'NONE',  ( 0.5853278364148646300, -0.3927736129415362900, 0.5300000000000000300 ) ) ;
#4550 = DIRECTION ( 'NONE',  ( -0.0000000000000000000, -0.0000000000000000000, -1.000000000000000000 ) ) ;
#4551 = PLANE ( 'NONE',  #9478 ) ;
#4552 = VERTEX_POINT ( 'NONE', #7954 ) ;
#4553 = CARTESIAN_POINT ( 'NONE',  ( 0.6836468537574730300, -0.4472847637951944400, 0.5300000000000000300 ) ) ;
#4554 = LINE ( 'NONE', #4528, #8565 ) ;
#4555 = EDGE_CURVE ( 'NONE', #6039, #3660, #8003, .T. ) ;
#4556 = ADVANCED_FACE ( 'NONE', ( #3996 ), #8897, .F. ) ;
#4557 = EDGE_CURVE ( 'NONE', #2864, #6857, #1812, .T. ) ;
#4558 = FILL_AREA_STYLE ('',( #6838 ) ) ;
#4559 = CARTESIAN_POINT ( 'NONE',  ( 0.7057099436465954500, -0.4635585307289159500, 0.5400000000000000400 ) ) ;
#4560 = CARTESIAN_POINT ( 'NONE',  ( 0.07051440586656337900, -0.5071218803134245300, 0.5400000000000000400 ) ) ;
#4561 = DIRECTION ( 'NONE',  ( -1.000000000000000000, 0.0000000000000000000, 0.0000000000000000000 ) ) ;
#4562 = CARTESIAN_POINT ( 'NONE',  ( 0.5690938586423047700, -0.5113851024999749300, 0.5400000000000000400 ) ) ;
#4563 = CARTESIAN_POINT ( 'NONE',  ( 0.4702973713649610800, -0.4029596382106130400, 0.5400000000000000400 ) ) ;
#4564 = FACE_BOUND ( 'NONE', #2582, .T. ) ;
#4565 = CARTESIAN_POINT ( 'NONE',  ( 0.4918432021587133000, -0.3361934257048131400, 0.5300000000000000300 ) ) ;
#4566 = ORIENTED_EDGE ( 'NONE', *, *, #1850, .F. ) ;
#4567 = DIRECTION ( 'NONE',  ( -0.0000000000000000000, 1.000000000000000000, -0.0000000000000000000 ) ) ;
#4568 = VERTEX_POINT ( 'NONE', #7593 ) ;
#4569 = EDGE_CURVE ( 'NONE', #5762, #7253, #7789, .T. ) ;
#4570 =( NAMED_UNIT ( * ) PLANE_ANGLE_UNIT ( ) SI_UNIT ( $, .RADIAN. ) );
#4571 = DIRECTION ( 'NONE',  ( 0.3416038306902292600, -0.9398440417738259700, 0.0000000000000000000 ) ) ;
#4572 = CARTESIAN_POINT ( 'NONE',  ( 0.2138310775391865900, -0.4910748299942564500, 0.5400000000000000400 ) ) ;
#4573 = EDGE_CURVE ( 'NONE', #3879, #1503, #4216, .T. ) ;
#4574 = CARTESIAN_POINT ( 'NONE',  ( 0.4532477157877887700, -0.5159210668777206600, 0.5400000000000000400 ) ) ;
#4575 = VERTEX_POINT ( 'NONE', #5627 ) ;
#4576 = DIRECTION ( 'NONE',  ( -0.0000000000000000000, -0.0000000000000000000, -1.000000000000000000 ) ) ;
#4577 = ORIENTED_EDGE ( 'NONE', *, *, #2604, .F. ) ;
#4578 = LINE ( 'NONE', #7360, #8098 ) ;
#4579 = PRESENTATION_STYLE_ASSIGNMENT (( #942 ) ) ;
#4580 = CARTESIAN_POINT ( 'NONE',  ( 0.3993930860938300600, -0.3927736129415362900, 0.5300000000000000300 ) ) ;
#4581 = ADVANCED_FACE ( 'NONE', ( #1746 ), #2354, .F. ) ;
#4582 = CARTESIAN_POINT ( 'NONE',  ( 0.6084652336569470500, -0.3846566240555205900, 0.5300000000000000300 ) ) ;
#4583 = ORIENTED_EDGE ( 'NONE', *, *, #213, .T. ) ;
#4584 = VERTEX_POINT ( 'NONE', #6530 ) ;
#4585 = CARTESIAN_POINT ( 'NONE',  ( 0.6832489621453254900, -0.4562373250666672000, 0.5400000000000000400 ) ) ;
#4586 = B_SPLINE_CURVE_WITH_KNOTS ( 'NONE', 3,
 ( #8765, #3514, #4254, #9518 ),
 .UNSPECIFIED., .F., .F.,
 ( 4, 4 ),
 ( 3.000000000000000000, 4.000000000000000000 ),
 .UNSPECIFIED. ) ;
#4587 = DIRECTION ( 'NONE',  ( -1.000000000000000000, 0.0000000000000000000, 0.0000000000000000000 ) ) ;
#4588 = VECTOR ( 'NONE', #9269, 1000.000000000000000 ) ;
#4589 = VECTOR ( 'NONE', #9715, 1000.000000000000000 ) ;
#4590 = EDGE_CURVE ( 'NONE', #8262, #610, #2587, .T. ) ;
#4591 = EDGE_LOOP ( 'NONE', ( #1991, #7298, #5177, #1529 ) ) ;
#4592 = CARTESIAN_POINT ( 'NONE',  ( 0.6659605716009189300, -0.3361138473824884000, 0.5400000000000000400 ) ) ;
#4593 = CARTESIAN_POINT ( 'NONE',  ( 0.5132298763075574500, -0.5006818181352645800, 0.5300000000000000300 ) ) ;
#4594 = CARTESIAN_POINT ( 'NONE',  ( 0.5684970212243489800, -0.5133347713990232800, 0.5400000000000000400 ) ) ;
#4595 = FILL_AREA_STYLE_COLOUR ( '', #8015 ) ;
#4596 = LINE ( 'NONE', #6710, #2347 ) ;
#4597 = CARTESIAN_POINT ( 'NONE',  ( 0.6149309723531720700, -0.4900581120928776400, 0.5300000000000000300 ) ) ;
#4598 = B_SPLINE_CURVE_WITH_KNOTS ( 'NONE', 3,
 ( #7388, #8778, #678, #5490 ),
 .UNSPECIFIED., .F., .F.,
 ( 4, 4 ),
 ( 5.000000000000000000, 6.000000000000000000 ),
 .UNSPECIFIED. ) ;
#4599 = VECTOR ( 'NONE', #8290, 1000.000000000000000 ) ;
#4600 = DIRECTION ( 'NONE',  ( 0.0000000000000000000, 0.0000000000000000000, -1.000000000000000000 ) ) ;
#4601 = ORIENTED_EDGE ( 'NONE', *, *, #2796, .F. ) ;
#4602 = ORIENTED_EDGE ( 'NONE', *, *, #2604, .T. ) ;
#4603 = DIRECTION ( 'NONE',  ( -0.9903286039881246100, -0.1387416884823455000, -0.0000000000000000000 ) ) ;
#4604 = AXIS2_PLACEMENT_3D ( 'NONE', #9187, #1640, #930 ) ;
#4605 = CARTESIAN_POINT ( 'NONE',  ( 0.6167811683492973000, -0.3523080359938855500, 0.5400000000000000400 ) ) ;
#4606 = ADVANCED_FACE ( 'NONE', ( #5529 ), #4506, .F. ) ;
#4607 = CARTESIAN_POINT ( 'NONE',  ( 0.7250000000000002000, 5.421010862427522200E-017, -0.02000000000000000000 ) ) ;
#4608 = EDGE_LOOP ( 'NONE', ( #6477, #9346, #3238, #4909, #5852, #2050, #2365, #4918 ) ) ;
#4609 = CARTESIAN_POINT ( 'NONE',  ( 0.1662433066272454600, -0.3361378739537001500, 0.5300000000000000300 ) ) ;
#4610 = VECTOR ( 'NONE', #4939, 1000.000000000000000 ) ;
#4611 = DIRECTION ( 'NONE',  ( 0.0000000000000000000, -0.0000000000000000000, -1.000000000000000000 ) ) ;
#4612 = CARTESIAN_POINT ( 'NONE',  ( 0.1479828838871060400, -0.5065685002683939500, 0.5400000000000000400 ) ) ;
#4613 = EDGE_CURVE ( 'NONE', #9161, #6500, #3360, .T. ) ;
#4614 = CARTESIAN_POINT ( 'NONE',  ( 0.5952154429746997500, -0.3927736129415362900, 0.5400000000000000400 ) ) ;
#4615 = LINE ( 'NONE', #1198, #2606 ) ;
#4616 = DIRECTION ( 'NONE',  ( 1.000000000000000000, -0.0000000000000000000, -0.0000000000000000000 ) ) ;
#4617 = CARTESIAN_POINT ( 'NONE',  ( 0.1230823016660108100, -0.5619031274256207600, 0.5400000000000000400 ) ) ;
#4618 = ORIENTED_EDGE ( 'NONE', *, *, #1269, .T. ) ;
#4619 = CARTESIAN_POINT ( 'NONE',  ( 0.4312045204789852800, -0.5162393801670129800, 0.5300000000000000300 ) ) ;
#4620 = ORIENTED_EDGE ( 'NONE', *, *, #6580, .F. ) ;
#4621 = VERTEX_POINT ( 'NONE', #1315 ) ;
#4622 = VECTOR ( 'NONE', #1021, 1000.000000000000000 ) ;
#4623 = CARTESIAN_POINT ( 'NONE',  ( 0.03842033161410493600, -0.3477581477676581200, 0.5300000000000000300 ) ) ;
#4624 = CARTESIAN_POINT ( 'NONE',  ( 0.6167811683492980800, -0.3717251466630996900, 0.5300000000000000300 ) ) ;
#4625 = DIRECTION ( 'NONE',  ( -1.000000000000000000, -0.0000000000000000000, -0.0000000000000000000 ) ) ;
#4626 = CARTESIAN_POINT ( 'NONE',  ( 0.5005570284629505800, -0.4756544357358798400, 0.5300000000000000300 ) ) ;
#4627 = ORIENTED_EDGE ( 'NONE', *, *, #1224, .T. ) ;
#4628 = CARTESIAN_POINT ( 'NONE',  ( 0.5234357961569492400, -0.5056554632863186100, 0.5400000000000000400 ) ) ;
#4629 = EDGE_CURVE ( 'NONE', #539, #762, #3769, .T. ) ;
#4630 = ORIENTED_EDGE ( 'NONE', *, *, #3886, .T. ) ;
#4631 = LINE ( 'NONE', #4238, #876 ) ;
#4632 = ADVANCED_FACE ( 'NONE', ( #38 ), #9576, .F. ) ;
#4633 = CARTESIAN_POINT ( 'NONE',  ( 0.6316623146407689400, -0.4016465958906835200, 0.5300000000000000300 ) ) ;
#4634 = EDGE_CURVE ( 'NONE', #7672, #7799, #4089, .T. ) ;
#4635 = CARTESIAN_POINT ( 'NONE',  ( 0.6273451906494143000, -0.3617380671998308700, 0.5300000000000000300 ) ) ;
#4636 = LINE ( 'NONE', #8899, #8158 ) ;
#4637 = DIRECTION ( 'NONE',  ( -0.0000000000000000000, -0.0000000000000000000, -1.000000000000000000 ) ) ;
#4638 = VECTOR ( 'NONE', #3608, 1000.000000000000000 ) ;
#4639 = ORIENTED_EDGE ( 'NONE', *, *, #4861, .T. ) ;
#4640 = ORIENTED_EDGE ( 'NONE', *, *, #6007, .F. ) ;
#4641 = ORIENTED_EDGE ( 'NONE', *, *, #8371, .F. ) ;
#4642 = ORIENTED_EDGE ( 'NONE', *, *, #3048, .F. ) ;
#4643 = PRESENTATION_STYLE_ASSIGNMENT (( #7300 ) ) ;
#4644 = DIRECTION ( 'NONE',  ( -0.0000000000000000000, -0.0000000000000000000, -1.000000000000000000 ) ) ;
#4645 = CARTESIAN_POINT ( 'NONE',  ( 0.4459662992867030600, -0.4734262427081687400, 0.5300000000000000300 ) ) ;
#4646 = CARTESIAN_POINT ( 'NONE',  ( 0.09209491890129167800, -0.3892590864732475800, 0.5400000000000000400 ) ) ;
#4647 = CARTESIAN_POINT ( 'NONE',  ( 0.04063371986671028600, -0.4872013807628577900, 0.5400000000000000400 ) ) ;
#4648 = ORIENTED_EDGE ( 'NONE', *, *, #271, .F. ) ;
#4649 = EDGE_CURVE ( 'NONE', #6896, #4168, #1525, .T. ) ;
#4650 = CARTESIAN_POINT ( 'NONE',  ( 0.5447627865640487500, -0.5510151070621655000, 0.5400000000000000400 ) ) ;
#4651 = CARTESIAN_POINT ( 'NONE',  ( 0.4754500677412452100, -0.4897795879642127800, 0.5400000000000000400 ) ) ;
#4652 = ADVANCED_FACE ( 'NONE', ( #7538 ), #5242, .T. ) ;
#4653 = CARTESIAN_POINT ( 'NONE',  ( 0.4504226853421224300, -0.5121013074014185700, 0.5300000000000000300 ) ) ;
#4654 = ORIENTED_EDGE ( 'NONE', *, *, #3634, .F. ) ;
#4655 = CARTESIAN_POINT ( 'NONE',  ( 0.4517556222423695900, -0.3858105097302731400, 0.5300000000000000300 ) ) ;
#4656 = CARTESIAN_POINT ( 'NONE',  ( 0.5030637456190603100, -0.4957479621453744800, 0.5300000000000000300 ) ) ;
#4657 = VECTOR ( 'NONE', #7888, 1000.000000000000000 ) ;
#4658 = CARTESIAN_POINT ( 'NONE',  ( 0.4502237395360475500, -0.3994184028629744200, 0.5400000000000000400 ) ) ;
#4659 = UNCERTAINTY_MEASURE_WITH_UNIT (LENGTH_MEASURE( 1.000000000000000100E-005 ), #1844, 'distance_accuracy_value', 'NONE');
#4660 = AXIS2_PLACEMENT_3D ( 'NONE', #3079, #812, #5296 ) ;
#4661 = B_SPLINE_CURVE_WITH_KNOTS ( 'NONE', 3,
 ( #4527, #7151, #2277, #9469 ),
 .UNSPECIFIED., .F., .F.,
 ( 4, 4 ),
 ( 1.000000000000000000, 2.000000000000000000 ),
 .UNSPECIFIED. ) ;
#4662 = CARTESIAN_POINT ( 'NONE',  ( 0.6234259582707364400, -0.3834629492190774800, 0.5400000000000000400 ) ) ;
#4663 = DIRECTION ( 'NONE',  ( 1.000000000000000000, -0.0000000000000000000, -0.0000000000000000000 ) ) ;
#4664 = VECTOR ( 'NONE', #1171, 1000.000000000000000 ) ;
#4665 = DIRECTION ( 'NONE',  ( 0.0000000000000000000, -0.0000000000000000000, -1.000000000000000000 ) ) ;
#4666 = AXIS2_PLACEMENT_3D ( 'NONE', #9540, #3532, #1072 ) ;
#4667 = SURFACE_STYLE_USAGE ( .BOTH. , #2435 ) ;
#4668 = CARTESIAN_POINT ( 'NONE',  ( 0.5578534206011176400, -0.5512936311908295300, 0.5400000000000000400 ) ) ;
#4669 = ADVANCED_FACE ( 'NONE', ( #7303 ), #4529, .F. ) ;
#4670 = DIRECTION ( 'NONE',  ( 0.9400931103999087300, -0.3409177962187146000, 0.0000000000000000000 ) ) ;
#4671 =( NAMED_UNIT ( * ) SI_UNIT ( $, .STERADIAN. ) SOLID_ANGLE_UNIT ( ) );
#4672 = DIRECTION ( 'NONE',  ( 1.000000000000000000, 0.0000000000000000000, 0.0000000000000000000 ) ) ;
#4673 = B_SPLINE_CURVE_WITH_KNOTS ( 'NONE', 3,
 ( #6520, #1241, #8768, #4257 ),
 .UNSPECIFIED., .F., .F.,
 ( 4, 4 ),
 ( 15.00000000000000000, 16.00000000000000000 ),
 .UNSPECIFIED. ) ;
#4674 = FILL_AREA_STYLE_COLOUR ( '', #1057 ) ;
#4675 = VERTEX_POINT ( 'NONE', #6729 ) ;
#4676 = ORIENTED_EDGE ( 'NONE', *, *, #5861, .T. ) ;
#4677 = EDGE_CURVE ( 'NONE', #5996, #1782, #4837, .T. ) ;
#4678 = CARTESIAN_POINT ( 'NONE',  ( 0.4303888426743730000, -0.4016465958906849100, 0.5300000000000000300 ) ) ;
#4679 = EDGE_CURVE ( 'NONE', #470, #7226, #1275, .T. ) ;
#4680 = CARTESIAN_POINT ( 'NONE',  ( 0.7142447187253383500, -0.4854823585539703200, 0.5300000000000000300 ) ) ;
#4681 = CARTESIAN_POINT ( 'NONE',  ( 0.1186555357153068200, -0.3106839453292920000, 0.5400000000000000400 ) ) ;
#4682 = CARTESIAN_POINT ( 'NONE',  ( 0.5639809514271858500, -0.4016465958906835200, 0.5400000000000000400 ) ) ;
#4683 = VECTOR ( 'NONE', #6262, 1000.000000000000000 ) ;
#4684 = CARTESIAN_POINT ( 'NONE',  ( 0.4712722058144859800, -0.5138918196558173200, 0.5400000000000000400 ) ) ;
#4685 = ORIENTED_EDGE ( 'NONE', *, *, #4679, .F. ) ;
#4686 = ORIENTED_EDGE ( 'NONE', *, *, #8411, .T. ) ;
#4687 = FACE_OUTER_BOUND ( 'NONE', #4591, .T. ) ;
#4688 = SURFACE_STYLE_FILL_AREA ( #3776 ) ;
#4689 = CARTESIAN_POINT ( 'NONE',  ( 0.5259425133130581900, -0.5109474217266660700, 0.5300000000000000300 ) ) ;
#4690 = ORIENTED_EDGE ( 'NONE', *, *, #920, .T. ) ;
#4691 = ORIENTED_EDGE ( 'NONE', *, *, #4096, .F. ) ;
#4692 = DIRECTION ( 'NONE',  ( -0.0000000000000000000, -0.0000000000000000000, -1.000000000000000000 ) ) ;
#4693 = CARTESIAN_POINT ( 'NONE',  ( 0.4606882889335261500, -0.5184277840335637100, 0.5300000000000000300 ) ) ;
#4694 = AXIS2_PLACEMENT_3D ( 'NONE', #5279, #800, #6055 ) ;
#4695 = CARTESIAN_POINT ( 'NONE',  ( 0.5485626514592382200, -0.5429379073373147300, 0.5400000000000000400 ) ) ;
#4696 = ADVANCED_FACE ( 'NONE', ( #9049 ), #5633, .F. ) ;
#4697 = CARTESIAN_POINT ( 'NONE',  ( -0.1999999999999999300, -0.3999999999999999700, 0.0000000000000000000 ) ) ;
#4698 = VECTOR ( 'NONE', #5457, 1000.000000000000000 ) ;
#4699 = CARTESIAN_POINT ( 'NONE',  ( 0.5452999402402571900, -0.3665923448673997800, 0.5300000000000000300 ) ) ;
#4700 = VERTEX_POINT ( 'NONE', #8871 ) ;
#4701 = EDGE_CURVE ( 'NONE', #4396, #5569, #5032, .T. ) ;
#4702 = ORIENTED_EDGE ( 'NONE', *, *, #2156, .F. ) ;
#4703 = VECTOR ( 'NONE', #4576, 1000.000000000000000 ) ;
#4704 = CARTESIAN_POINT ( 'NONE',  ( 0.6467424067380472800, -0.5251123631161622700, 0.5400000000000000400 ) ) ;
#4705 = CARTESIAN_POINT ( 'NONE',  ( 0.1042685199890618200, -0.5287023933481510600, 0.5300000000000000300 ) ) ;
#4706 = CARTESIAN_POINT ( 'NONE',  ( 0.2232379683776580500, -0.4910748299942564500, 0.5400000000000000400 ) ) ;
#4707 = VERTEX_POINT ( 'NONE', #794 ) ;
#4708 = ORIENTED_EDGE ( 'NONE', *, *, #5374, .F. ) ;
#4709 = STYLED_ITEM ( 'NONE', ( #1094 ), #6352 ) ;
#4710 = FACE_BOUND ( 'NONE', #1464, .T. ) ;
#4711 = EDGE_CURVE ( 'NONE', #6052, #6544, #9300, .T. ) ;
#4712 = CARTESIAN_POINT ( 'NONE',  ( 0.3250000000000000700, 0.4000000000000000800, -0.02000000000000000000 ) ) ;
#4713 = VERTEX_POINT ( 'NONE', #9021 ) ;
#4714 = CARTESIAN_POINT ( 'NONE',  ( 0.4740574470989907300, -0.5109076325655072000, 0.5400000000000000400 ) ) ;
#4715 = CARTESIAN_POINT ( 'NONE',  ( 0.5201134011962291700, -0.4682536517513063400, 0.5400000000000000400 ) ) ;
#4716 = CARTESIAN_POINT ( 'NONE',  ( -0.1999999999999999300, 5.421010862427522200E-017, -0.02000000000000000000 ) ) ;
#4717 = VERTEX_POINT ( 'NONE', #3813 ) ;
#4718 = SURFACE_SIDE_STYLE ('',( #8690 ) ) ;
#4719 = EDGE_LOOP ( 'NONE', ( #2377, #1981, #4967, #4373 ) ) ;
#4720 = ADVANCED_FACE ( 'NONE', ( #1062 ), #5664, .F. ) ;
#4721 = UNCERTAINTY_MEASURE_WITH_UNIT (LENGTH_MEASURE( 1.000000000000000100E-005 ), #6183, 'distance_accuracy_value', 'NONE');
#4722 = CARTESIAN_POINT ( 'NONE',  ( 0.5088928577358860000, -0.4697258507158848000, 0.5300000000000000300 ) ) ;
#4723 = B_SPLINE_CURVE_WITH_KNOTS ( 'NONE', 3,
 ( #2, #8479, #7575, #7341 ),
 .UNSPECIFIED., .F., .F.,
 ( 4, 4 ),
 ( 0.0000000000000000000, 1.000000000000000000 ),
 .UNSPECIFIED. ) ;
#4724 = EDGE_LOOP ( 'NONE', ( #8146, #4353, #1841, #5867, #2124, #6616, #2668, #8353 ) ) ;
#4725 = AXIS2_PLACEMENT_3D ( 'NONE', #2445, #6306, #5137 ) ;
#4726 = CARTESIAN_POINT ( 'NONE',  ( 0.6234259582707364400, -0.3834629492190774800, 0.5300000000000000300 ) ) ;
#4727 = LINE ( 'NONE', #3791, #8506 ) ;
#4728 = ORIENTED_EDGE ( 'NONE', *, *, #2900, .T. ) ;
#4729 = CARTESIAN_POINT ( 'NONE',  ( 0.6156073880934355100, -0.3907443657201645800, 0.5300000000000000300 ) ) ;
#4730 = VERTEX_POINT ( 'NONE', #606 ) ;
#4731 = PRESENTATION_LAYER_ASSIGNMENT (  '', '', ( #3731 ) ) ;
#4732 = ORIENTED_EDGE ( 'NONE', *, *, #6207, .F. ) ;
#4733 = CARTESIAN_POINT ( 'NONE',  ( 0.4984084137578308500, -0.5231626942171130300, 0.5400000000000000400 ) ) ;
#4734 = SURFACE_SIDE_STYLE ('',( #8701 ) ) ;
#4735 = CARTESIAN_POINT ( 'NONE',  ( 0.6427634906170947000, -0.4016465958906835200, 0.5400000000000000400 ) ) ;
#4736 = VECTOR ( 'NONE', #7381, 1000.000000000000000 ) ;
#4737 = ORIENTED_EDGE ( 'NONE', *, *, #2520, .F. ) ;
#4738 = LINE ( 'NONE', #3152, #8731 ) ;
#4739 = VERTEX_POINT ( 'NONE', #6618 ) ;
#4740 = DIRECTION ( 'NONE',  ( 1.000000000000000000, -0.0000000000000000000, -0.0000000000000000000 ) ) ;
#4741 = ORIENTED_EDGE ( 'NONE', *, *, #7249, .F. ) ;
#4742 = EDGE_CURVE ( 'NONE', #7058, #4306, #7070, .T. ) ;
#4743 = CARTESIAN_POINT ( 'NONE',  ( -0.8999999999999999100, -0.6500000000000000200, 0.5300000000000000300 ) ) ;
#4744 = EDGE_LOOP ( 'NONE', ( #3818, #6660, #2213, #3441 ) ) ;
#4745 = AXIS2_PLACEMENT_3D ( 'NONE', #6060, #4541, #841 ) ;
#4746 = VECTOR ( 'NONE', #9460, 1000.000000000000000 ) ;
#4747 = ORIENTED_EDGE ( 'NONE', *, *, #5096, .T. ) ;
#4748 = ADVANCED_FACE ( 'NONE', ( #3066 ), #2427, .T. ) ;
#4749 = ORIENTED_EDGE ( 'NONE', *, *, #2659, .F. ) ;
#4750 = ORIENTED_EDGE ( 'NONE', *, *, #5826, .F. ) ;
#4751 = VECTOR ( 'NONE', #4482, 1000.000000000000000 ) ;
#4752 = DIRECTION ( 'NONE',  ( -0.0000000000000000000, -0.0000000000000000000, -1.000000000000000000 ) ) ;
#4753 = VERTEX_POINT ( 'NONE', #8446 ) ;
#4754 = CARTESIAN_POINT ( 'NONE',  ( 0.6467424067380472800, -0.5251123631161622700, 0.5400000000000000400 ) ) ;
#4755 = DIRECTION ( 'NONE',  ( -0.0000000000000000000, -0.0000000000000000000, -1.000000000000000000 ) ) ;
#4756 = CARTESIAN_POINT ( 'NONE',  ( -0.8999999999999999100, 0.6500000000000000200, 0.5300000000000000300 ) ) ;
#4757 = EDGE_CURVE ( 'NONE', #1660, #5569, #4801, .T. ) ;
#4758 = CARTESIAN_POINT ( 'NONE',  ( 0.5430319580516553800, -0.5418238108231916400, 0.5300000000000000300 ) ) ;
#4759 = ORIENTED_EDGE ( 'NONE', *, *, #4218, .T. ) ;
#4760 = EDGE_CURVE ( 'NONE', #6225, #1172, #6590, .T. ) ;
#4761 = ORIENTED_EDGE ( 'NONE', *, *, #6148, .F. ) ;
#4762 = ORIENTED_EDGE ( 'NONE', *, *, #5374, .T. ) ;
#4763 = FACE_OUTER_BOUND ( 'NONE', #3515, .T. ) ;
#4764 = CARTESIAN_POINT ( 'NONE',  ( 0.3250000000000000700, -0.3999999999999999700, -0.02000000000000000000 ) ) ;
#4765 = CARTESIAN_POINT ( 'NONE',  ( 0.4712722058144859800, -0.5138918196558173200, 0.5300000000000000300 ) ) ;
#4766 = ORIENTED_EDGE ( 'NONE', *, *, #7995, .T. ) ;
#4767 = VECTOR ( 'NONE', #2083, 1000.000000000000000 ) ;
#4768 = ADVANCED_FACE ( 'NONE', ( #2801 ), #5456, .F. ) ;
#4769 = STYLED_ITEM ( 'NONE', ( #1579 ), #5448 ) ;
#4770 = SURFACE_SIDE_STYLE ('',( #3826 ) ) ;
#4771 = EDGE_CURVE ( 'NONE', #6769, #573, #588, .T. ) ;
#4772 = VECTOR ( 'NONE', #4637, 1000.000000000000000 ) ;
#4773 = FILL_AREA_STYLE_COLOUR ( '', #4819 ) ;
#4774 = FILL_AREA_STYLE ('',( #5539 ) ) ;
#4775 = DIRECTION ( 'NONE',  ( 0.0000000000000000000, 0.0000000000000000000, 1.000000000000000000 ) ) ;
#4776 = SURFACE_STYLE_USAGE ( .BOTH. , #318 ) ;
#4777 = DIRECTION ( 'NONE',  ( -0.0000000000000000000, -0.0000000000000000000, -1.000000000000000000 ) ) ;
#4778 =( GEOMETRIC_REPRESENTATION_CONTEXT ( 3 ) GLOBAL_UNCERTAINTY_ASSIGNED_CONTEXT ( ( #515 ) ) GLOBAL_UNIT_ASSIGNED_CONTEXT ( ( #314, #5571, #9323 ) ) REPRESENTATION_CONTEXT ( 'NONE', 'WORKASPACE' ) );
#4779 = LINE ( 'NONE', #8343, #2774 ) ;
#4780 = CARTESIAN_POINT ( 'NONE',  ( 0.06221422234719555700, -0.3477581477676581200, 0.5300000000000000300 ) ) ;
#4781 = B_SPLINE_CURVE_WITH_KNOTS ( 'NONE', 3,
 ( #8761, #4623, #3874, #8378 ),
 .UNSPECIFIED., .F., .F.,
 ( 4, 4 ),
 ( 5.000000000000000000, 6.000000000000000000 ),
 .UNSPECIFIED. ) ;
#4782 = DIRECTION ( 'NONE',  ( -1.000000000000000000, 0.0000000000000000000, -0.0000000000000000000 ) ) ;
#4783 = VECTOR ( 'NONE', #294, 1000.000000000000000 ) ;
#4784 = CARTESIAN_POINT ( 'NONE',  ( 0.4648263616991180600, -0.3315778830052764100, 0.5400000000000000400 ) ) ;
#4785 = EDGE_CURVE ( 'NONE', #6626, #2177, #2585, .T. ) ;
#4786 = CARTESIAN_POINT ( 'NONE',  ( 0.6650653154737175000, -0.3392174019568188200, 0.5300000000000000300 ) ) ;
#4787 =( LENGTH_UNIT ( ) NAMED_UNIT ( * ) SI_UNIT ( .MILLI., .METRE. ) );
#4788 = EDGE_LOOP ( 'NONE', ( #5145, #7076, #9407, #4498 ) ) ;
#4789 = ORIENTED_EDGE ( 'NONE', *, *, #4825, .T. ) ;
#4790 = CARTESIAN_POINT ( 'NONE',  ( 0.7130709384700055800, -0.5142101329456405500, 0.5400000000000000400 ) ) ;
#4791 = ORIENTED_EDGE ( 'NONE', *, *, #7571, .F. ) ;
#4792 = EDGE_CURVE ( 'NONE', #2640, #8703, #8590, .T. ) ;
#4793 = LINE ( 'NONE', #554, #6344 ) ;
#4794 = VECTOR ( 'NONE', #7704, 1000.000000000000000 ) ;
#4795 = EDGE_CURVE ( 'NONE', #8922, #9550, #8356, .T. ) ;
#4796 = ORIENTED_EDGE ( 'NONE', *, *, #855, .T. ) ;
#4797 = DIRECTION ( 'NONE',  ( -0.0000000000000000000, -0.0000000000000000000, -1.000000000000000000 ) ) ;
#4798 = CARTESIAN_POINT ( 'NONE',  ( 0.5174674219760517800, -0.3927736129415362900, 0.5400000000000000400 ) ) ;
#4799 = VERTEX_POINT ( 'NONE', #3285 ) ;
#4800 = CARTESIAN_POINT ( 'NONE',  ( 0.09209490834705039200, -0.4855413672786935100, 0.5300000000000000300 ) ) ;
#4801 = LINE ( 'NONE', #9059, #839 ) ;
#4802 = ADVANCED_FACE ( 'NONE', ( #6119 ), #8935, .F. ) ;
#4803 = DIRECTION ( 'NONE',  ( -0.0000000000000000000, -1.000000000000000000, -0.0000000000000000000 ) ) ;
#4804 = LINE ( 'NONE', #6666, #8593 ) ;
#4805 = ORIENTED_EDGE ( 'NONE', *, *, #2362, .T. ) ;
#4806 = CARTESIAN_POINT ( 'NONE',  ( 0.7250000000000002000, 0.4000000000000000800, 0.0000000000000000000 ) ) ;
#4807 = CARTESIAN_POINT ( 'NONE',  ( 0.5857854117682252900, -0.3327715578411892800, 0.5300000000000000300 ) ) ;
#4808 = CARTESIAN_POINT ( 'NONE',  ( 0.3893463228890840000, -0.5251123631161628300, 0.5400000000000000400 ) ) ;
#4809 = VECTOR ( 'NONE', #4921, 1000.000000000000000 ) ;
#4810 = CARTESIAN_POINT ( 'NONE',  ( 0.4716899920072152300, -0.4761716948315121700, 0.5300000000000000300 ) ) ;
#4811 = PLANE ( 'NONE',  #1303 ) ;
#4812 = VECTOR ( 'NONE', #728, 1000.000000000000000 ) ;
#4813 = B_SPLINE_CURVE_WITH_KNOTS ( 'NONE', 3,
 ( #5595, #4079, #4105, #9385 ),
 .UNSPECIFIED., .F., .F.,
 ( 4, 4 ),
 ( 6.000000000000000000, 7.000000000000000000 ),
 .UNSPECIFIED. ) ;
#4814 = EDGE_CURVE ( 'NONE', #1667, #5158, #2067, .T. ) ;
#4815 = CIRCLE ( 'NONE', #4694, 0.05000000000000002400 ) ;
#4816 = CARTESIAN_POINT ( 'NONE',  ( 0.7057099436465954500, -0.4635585307289159500, 0.5300000000000000300 ) ) ;
#4817 = ORIENTED_EDGE ( 'NONE', *, *, #8110, .F. ) ;
#4818 = CARTESIAN_POINT ( 'NONE',  ( 0.1656899687989250900, -0.3029370976592576900, 0.5400000000000000400 ) ) ;
#4819 = COLOUR_RGB ( '',0.6666666666666666300, 0.6666666666666666300, 0.6666666666666666300 ) ;
#4820 = CARTESIAN_POINT ( 'NONE',  ( 0.5485626514592382200, -0.5429379073373147300, 0.5300000000000000300 ) ) ;
#4821 = VERTEX_POINT ( 'NONE', #646 ) ;
#4822 = FACE_OUTER_BOUND ( 'NONE', #7126, .T. ) ;
#4823 = STYLED_ITEM ( 'NONE', ( #6438 ), #712 ) ;
#4824 = AXIS2_PLACEMENT_3D ( 'NONE', #7394, #2880, #8144 ) ;
#4825 = EDGE_CURVE ( 'NONE', #8981, #9492, #7892, .T. ) ;
#4826 = CARTESIAN_POINT ( 'NONE',  ( 0.5221028592567049700, -0.5184675731947233600, 0.5300000000000000300 ) ) ;
#4827 = DIRECTION ( 'NONE',  ( 0.9345104387438694100, -0.3559357243643027100, 0.0000000000000000000 ) ) ;
#4828 = FACE_OUTER_BOUND ( 'NONE', #4233, .T. ) ;
#4829 = CARTESIAN_POINT ( 'NONE',  ( 0.5639809514271858500, -0.4016465958906835200, 0.5300000000000000300 ) ) ;
#4830 = CARTESIAN_POINT ( 'NONE',  ( 0.5676415542583115300, -0.5158812777165562300, 0.5400000000000000400 ) ) ;
#4831 = ORIENTED_EDGE ( 'NONE', *, *, #1551, .T. ) ;
#4832 = CARTESIAN_POINT ( 'NONE',  ( 0.5684970212243489800, -0.5133347713990232800, 0.5400000000000000400 ) ) ;
#4833 = ORIENTED_EDGE ( 'NONE', *, *, #152, .F. ) ;
#4834 = VERTEX_POINT ( 'NONE', #7451 ) ;
#4835 = VERTEX_POINT ( 'NONE', #2930 ) ;
#4836 = CARTESIAN_POINT ( 'NONE',  ( 0.5191584613272886000, -0.4761716948315121700, 0.5400000000000000400 ) ) ;
#4837 = B_SPLINE_CURVE_WITH_KNOTS ( 'NONE', 3,
 ( #7565, #1535, #2868, #8131 ),
 .UNSPECIFIED., .F., .F.,
 ( 4, 4 ),
 ( 1.000000000000000000, 2.000000000000000000 ),
 .UNSPECIFIED. ) ;
#4838 = AXIS2_PLACEMENT_3D ( 'NONE', #505, #9529, #2761 ) ;
#4839 = AXIS2_PLACEMENT_3D ( 'NONE', #9032, #4542, #85 ) ;
#4840 = VERTEX_POINT ( 'NONE', #8194 ) ;
#4841 = COLOUR_RGB ( '',0.2980392156862745100, 0.2980392156862745100, 0.2980392156862745100 ) ;
#4842 = CARTESIAN_POINT ( 'NONE',  ( 0.5077190774802899900, -0.5264254054360929500, 0.5400000000000000400 ) ) ;
#4843 =( NAMED_UNIT ( * ) SI_UNIT ( $, .STERADIAN. ) SOLID_ANGLE_UNIT ( ) );
#4844 = EDGE_LOOP ( 'NONE', ( #3190, #2695, #7652, #1605 ) ) ;
#4845 = ORIENTED_EDGE ( 'NONE', *, *, #4555, .T. ) ;
#4846 = LINE ( 'NONE', #1259, #634 ) ;
#4847 = EDGE_LOOP ( 'NONE', ( #2254, #9159 ) ) ;
#4848 = CARTESIAN_POINT ( 'NONE',  ( 0.5679001838058627100, -0.5158812777165562300, 0.5400000000000000400 ) ) ;
#4849 = VECTOR ( 'NONE', #1719, 1000.000000000000000 ) ;
#4850 = CARTESIAN_POINT ( 'NONE',  ( 0.7770121205301417900, -0.4950317572439287300, 0.5300000000000000300 ) ) ;
#4851 = DIRECTION ( 'NONE',  ( 1.000000000000000000, 0.0000000000000000000, 0.0000000000000000000 ) ) ;
#4852 = VECTOR ( 'NONE', #8177, 1000.000000000000000 ) ;
#4853 = ADVANCED_FACE ( 'NONE', ( #3884 ), #2151, .F. ) ;
#4854 = EDGE_CURVE ( 'NONE', #5782, #6237, #1848, .T. ) ;
#4855 = CARTESIAN_POINT ( 'NONE',  ( 0.6827913867914360300, -0.5162393801670115400, 0.5300000000000000300 ) ) ;
#4856 = ORIENTED_EDGE ( 'NONE', *, *, #1050, .F. ) ;
#4857 = ORIENTED_EDGE ( 'NONE', *, *, #3444, .T. ) ;
#4858 = ORIENTED_EDGE ( 'NONE', *, *, #1649, .T. ) ;
#4859 = ORIENTED_EDGE ( 'NONE', *, *, #4292, .T. ) ;
#4860 = COLOUR_RGB ( '',0.6666666666666666300, 0.6666666666666666300, 0.6666666666666666300 ) ;
#4861 = EDGE_CURVE ( 'NONE', #6614, #303, #4321, .T. ) ;
#4862 = B_SPLINE_CURVE_WITH_KNOTS ( 'NONE', 3,
 ( #84, #806, #1545, #6818 ),
 .UNSPECIFIED., .F., .F.,
 ( 4, 4 ),
 ( 16.00000000000000000, 17.00000000000000000 ),
 .UNSPECIFIED. ) ;
#4863 = CARTESIAN_POINT ( 'NONE',  ( 0.7640408539765581900, -0.4572320540973008900, 0.5400000000000000400 ) ) ;
#4864 = ORIENTED_EDGE ( 'NONE', *, *, #4171, .T. ) ;
#4865 = ORIENTED_EDGE ( 'NONE', *, *, #4360, .T. ) ;
#4866 = CARTESIAN_POINT ( 'NONE',  ( 0.6149309723531775100, -0.4562373250666672000, 0.5300000000000000300 ) ) ;
#4867 = CARTESIAN_POINT ( 'NONE',  ( 0.4993832482073545800, -0.4908936844783358100, 0.5400000000000000400 ) ) ;
#4868 = CARTESIAN_POINT ( 'NONE',  ( 0.2647389598541977600, -0.3588250731993156700, 0.5400000000000000400 ) ) ;
#4869 = EDGE_CURVE ( 'NONE', #2700, #8498, #9626, .T. ) ;
#4870 = ORIENTED_EDGE ( 'NONE', *, *, #5537, .F. ) ;
#4871 = PRESENTATION_STYLE_ASSIGNMENT (( #3808 ) ) ;
#4872 = EDGE_CURVE ( 'NONE', #5632, #2014, #5634, .T. ) ;
#4873 = CARTESIAN_POINT ( 'NONE',  ( 0.3250536907904472100, -0.4147130487388401300, 0.5300000000000000300 ) ) ;
#4874 = VECTOR ( 'NONE', #1252, 1000.000000000000200 ) ;
#4875 = CARTESIAN_POINT ( 'NONE',  ( 0.5452999402402571900, -0.3576795727570894500, 0.5400000000000000400 ) ) ;
#4876 = FILL_AREA_STYLE_COLOUR ( '', #3160 ) ;
#4877 = CARTESIAN_POINT ( 'NONE',  ( 0.5201134011962291700, -0.4935993474405162000, 0.5300000000000000300 ) ) ;
#4878 = DIRECTION ( 'NONE',  ( -1.000000000000000000, -0.0000000000000000000, -0.0000000000000000000 ) ) ;
#4879 = B_SPLINE_CURVE_WITH_KNOTS ( 'NONE', 3,
 ( #6703, #7478, #2956, #725 ),
 .UNSPECIFIED., .F., .F.,
 ( 4, 4 ),
 ( 33.00000000000000000, 34.00000000000000000 ),
 .UNSPECIFIED. ) ;
#4880 = DIRECTION ( 'NONE',  ( -1.000000000000000000, -0.0000000000000000000, -0.0000000000000000000 ) ) ;
#4881 = EDGE_CURVE ( 'NONE', #2924, #7799, #4103, .T. ) ;
#4882 = VECTOR ( 'NONE', #2534, 1000.000000000000000 ) ;
#4883 = STYLED_ITEM ( 'NONE', ( #7456 ), #6136 ) ;
#4884 = CARTESIAN_POINT ( 'NONE',  ( 0.7052523682932337900, -0.4507066316593479300, 0.5400000000000000400 ) ) ;
#4885 = EDGE_CURVE ( 'NONE', #6225, #4387, #7409, .T. ) ;
#4886 = DIRECTION ( 'NONE',  ( 0.3315284183576122600, 0.9434452330799599800, -0.0000000000000000000 ) ) ;
#4887 = CARTESIAN_POINT ( 'NONE',  ( 0.4861533521059531200, -0.3922563538459033500, 0.5300000000000000300 ) ) ;
#4888 = CARTESIAN_POINT ( 'NONE',  ( 0.7630063357852903100, -0.4614099160240596200, 0.5400000000000000400 ) ) ;
#4889 = CARTESIAN_POINT ( 'NONE',  ( 0.1136754108275356600, -0.5071218803134245300, 0.5400000000000000400 ) ) ;
#4890 = CARTESIAN_POINT ( 'NONE',  ( 0.6795485701530403800, -0.3715659900179227900, 0.5400000000000000400 ) ) ;
#4891 = AXIS2_PLACEMENT_3D ( 'NONE', #2048, #1909, #3581 ) ;
#4892 = CARTESIAN_POINT ( 'NONE',  ( 0.4459662992867030600, -0.4828960630758074000, 0.5400000000000000400 ) ) ;
#4893 = ORIENTED_EDGE ( 'NONE', *, *, #3026, .F. ) ;
#4894 = AXIS2_PLACEMENT_3D ( 'NONE', #4547, #5147, #7660 ) ;
#4895 = ORIENTED_EDGE ( 'NONE', *, *, #5404, .F. ) ;
#4896 = ADVANCED_FACE ( 'NONE', ( #3417 ), #4446, .T. ) ;
#4897 = CARTESIAN_POINT ( 'NONE',  ( 0.04727385823864965800, -0.5464094360435291000, 0.5400000000000000400 ) ) ;
#4898 = B_SPLINE_CURVE_WITH_KNOTS ( 'NONE', 3,
 ( #4655, #5376, #7674, #1604 ),
 .UNSPECIFIED., .F., .F.,
 ( 4, 4 ),
 ( 10.00000000000000000, 11.00000000000000000 ),
 .UNSPECIFIED. ) ;
#4899 = LINE ( 'NONE', #1731, #4683 ) ;
#4900 = CARTESIAN_POINT ( 'NONE',  ( 0.2060842424023816300, -0.5170820878714630400, 0.5300000000000000300 ) ) ;
#4901 = DIRECTION ( 'NONE',  ( -0.3385350343141527700, -0.9409537876760555300, 0.0000000000000000000 ) ) ;
#4902 = DIRECTION ( 'NONE',  ( -1.000000000000000000, 0.0000000000000000000, -0.0000000000000000000 ) ) ;
#4903 = ORIENTED_EDGE ( 'NONE', *, *, #1757, .F. ) ;
#4904 = DIRECTION ( 'NONE',  ( -1.000000000000000000, 0.0000000000000000000, 0.0000000000000000000 ) ) ;
#4905 = ORIENTED_EDGE ( 'NONE', *, *, #3952, .F. ) ;
#4906 = FACE_OUTER_BOUND ( 'NONE', #6533, .T. ) ;
#4907 = EDGE_CURVE ( 'NONE', #4717, #3497, #6948, .T. ) ;
#4908 = CARTESIAN_POINT ( 'NONE',  ( -0.7499999999999998900, 0.4704525540507067900, 0.5099999999999999000 ) ) ;
#4909 = ORIENTED_EDGE ( 'NONE', *, *, #4234, .T. ) ;
#4910 = ORIENTED_EDGE ( 'NONE', *, *, #6007, .T. ) ;
#4911 = DIRECTION ( 'NONE',  ( -0.0000000000000000000, -0.0000000000000000000, -1.000000000000000000 ) ) ;
#4912 = AXIS2_PLACEMENT_3D ( 'NONE', #2074, #7383, #5887 ) ;
#4913 = CARTESIAN_POINT ( 'NONE',  ( 0.3993930860938320600, -0.5162393801670129800, 0.5300000000000000300 ) ) ;
#4914 = CARTESIAN_POINT ( 'NONE',  ( 0.6836468537574730300, -0.4472847637951944400, 0.5400000000000000400 ) ) ;
#4915 = LINE ( 'NONE', #7714, #1167 ) ;
#4916 = ORIENTED_EDGE ( 'NONE', *, *, #6054, .F. ) ;
#4917 = B_SPLINE_CURVE_WITH_KNOTS ( 'NONE', 3,
 ( #142, #5363, #870, #6122 ),
 .UNSPECIFIED., .F., .F.,
 ( 4, 4 ),
 ( 2.000000000000000000, 3.000000000000000000 ),
 .UNSPECIFIED. ) ;
#4918 = ORIENTED_EDGE ( 'NONE', *, *, #6486, .T. ) ;
#4919 = EDGE_CURVE ( 'NONE', #6623, #6270, #7721, .T. ) ;
#4920 = VECTOR ( 'NONE', #5722, 1000.000000000000000 ) ;
#4921 = DIRECTION ( 'NONE',  ( -0.0000000000000000000, -0.0000000000000000000, -1.000000000000000000 ) ) ;
#4922 = EDGE_CURVE ( 'NONE', #2450, #408, #8449, .T. ) ;
#4923 = CARTESIAN_POINT ( 'NONE',  ( 0.5201134011962291700, -0.4935993474405162000, 0.5300000000000000300 ) ) ;
#4924 = COLOUR_RGB ( '',0.6666666666666666300, 0.6666666666666666300, 0.6666666666666666300 ) ;
#4925 = FILL_AREA_STYLE_COLOUR ( '', #8275 ) ;
#4926 = ORIENTED_EDGE ( 'NONE', *, *, #4516, .T. ) ;
#4927 = CARTESIAN_POINT ( 'NONE',  ( 0.5132298763075574500, -0.5006818181352645800, 0.5300000000000000300 ) ) ;
#4928 = CARTESIAN_POINT ( 'NONE',  ( 0.4522927759188466500, -0.3402121309869244300, 0.5300000000000000300 ) ) ;
#4929 = VECTOR ( 'NONE', #2521, 1000.000000000000000 ) ;
#4930 = VERTEX_POINT ( 'NONE', #334 ) ;
#4931 = COLOUR_RGB ( '',0.4980392156862745200, 0.4980392156862745200, 0.4980392156862745200 ) ;
#4932 = EDGE_LOOP ( 'NONE', ( #4033, #2340, #4195, #1541 ) ) ;
#4933 = CARTESIAN_POINT ( 'NONE',  ( 0.3893463228890840000, -0.4472847637951952700, 0.5400000000000000400 ) ) ;
#4934 = CARTESIAN_POINT ( 'NONE',  ( 0.4459662992867030600, -0.4734262427081687400, 0.5400000000000000400 ) ) ;
#4935 = FILL_AREA_STYLE_COLOUR ( '', #7221 ) ;
#4936 = DIRECTION ( 'NONE',  ( 0.0000000000000000000, 0.0000000000000000000, 1.000000000000000000 ) ) ;
#4937 = CARTESIAN_POINT ( 'NONE',  ( 0.7130709384700055800, -0.5142101329456405500, 0.5400000000000000400 ) ) ;
#4938 = STYLED_ITEM ( 'NONE', ( #8094 ), #5286 ) ;
#4939 = DIRECTION ( 'NONE',  ( 1.000000000000000000, -0.0000000000000000000, -0.0000000000000000000 ) ) ;
#4940 = EDGE_CURVE ( 'NONE', #6614, #5487, #6473, .T. ) ;
#4941 = ORIENTED_EDGE ( 'NONE', *, *, #1544, .T. ) ;
#4942 = LINE ( 'NONE', #3003, #6983 ) ;
#4943 = DIRECTION ( 'NONE',  ( 0.0000000000000000000, 0.0000000000000000000, -1.000000000000000000 ) ) ;
#4944 = ORIENTED_EDGE ( 'NONE', *, *, #2483, .F. ) ;
#4945 = ORIENTED_EDGE ( 'NONE', *, *, #1272, .T. ) ;
#4946 = ORIENTED_EDGE ( 'NONE', *, *, #2573, .T. ) ;
#4947 = ADVANCED_FACE ( 'NONE', ( #473 ), #8952, .F. ) ;
#4948 = ORIENTED_EDGE ( 'NONE', *, *, #3822, .F. ) ;
#4949 = DIRECTION ( 'NONE',  ( 0.0000000000000000000, 0.0000000000000000000, 1.000000000000000000 ) ) ;
#4950 = FACE_OUTER_BOUND ( 'NONE', #2818, .T. ) ;
#4951 = EDGE_LOOP ( 'NONE', ( #1843, #4985, #4732, #6686 ) ) ;
#4952 = AXIS2_PLACEMENT_3D ( 'NONE', #9365, #1804, #6332 ) ;
#4953 = VERTEX_POINT ( 'NONE', #4143 ) ;
#4954 = ORIENTED_EDGE ( 'NONE', *, *, #4493, .F. ) ;
#4955 = ORIENTED_EDGE ( 'NONE', *, *, #1673, .F. ) ;
#4956 = VERTEX_POINT ( 'NONE', #5594 ) ;
#4957 = CARTESIAN_POINT ( 'NONE',  ( 0.4441161032908241300, -0.3636081577765559200, 0.5400000000000000400 ) ) ;
#4958 = DIRECTION ( 'NONE',  ( 0.0000000000000000000, 0.0000000000000000000, 1.000000000000000000 ) ) ;
#4959 = DIRECTION ( 'NONE',  ( -0.0000000000000000000, -0.0000000000000000000, -1.000000000000000000 ) ) ;
#4960 = CARTESIAN_POINT ( 'NONE',  ( 0.4851984122370147600, -0.4752565441237334200, 0.5300000000000000300 ) ) ;
#4961 = DIRECTION ( 'NONE',  ( -1.000000000000000000, 0.0000000000000000000, 0.0000000000000000000 ) ) ;
#4962 = ORIENTED_EDGE ( 'NONE', *, *, #9234, .F. ) ;
#4963 = FACE_OUTER_BOUND ( 'NONE', #5222, .T. ) ;
#4964 = SURFACE_STYLE_USAGE ( .BOTH. , #9494 ) ;
#4965 = VERTEX_POINT ( 'NONE', #6325 ) ;
#4966 = ORIENTED_EDGE ( 'NONE', *, *, #8483, .F. ) ;
#4967 = ORIENTED_EDGE ( 'NONE', *, *, #9589, .F. ) ;
#4968 = ORIENTED_EDGE ( 'NONE', *, *, #3948, .F. ) ;
#4969 = LINE ( 'NONE', #4798, #8985 ) ;
#4970 = EDGE_LOOP ( 'NONE', ( #1580, #89 ) ) ;
#4971 = EDGE_CURVE ( 'NONE', #7547, #4158, #2681, .T. ) ;
#4972 = CARTESIAN_POINT ( 'NONE',  ( -0.004187346072788054000, -0.4977149683664612300, 0.5400000000000000400 ) ) ;
#4973 = MECHANICAL_DESIGN_GEOMETRIC_PRESENTATION_REPRESENTATION (  '', ( #2466 ), #5503 ) ;
#4974 = CARTESIAN_POINT ( 'NONE',  ( 0.6828510705337107500, -0.5251123631161613800, 0.5400000000000000400 ) ) ;
#4975 = CARTESIAN_POINT ( 'NONE',  ( 0.7770121205301417900, -0.4950317572439287300, 0.5400000000000000400 ) ) ;
#4976 = CARTESIAN_POINT ( 'NONE',  ( 0.1662433066272454600, -0.3361378739537001500, 0.5400000000000000400 ) ) ;
#4977 = CARTESIAN_POINT ( 'NONE',  ( 0.5174674219760517800, -0.3665923448673997800, 0.5400000000000000400 ) ) ;
#4978 = ORIENTED_EDGE ( 'NONE', *, *, #1614, .T. ) ;
#4979 = ORIENTED_EDGE ( 'NONE', *, *, #9319, .F. ) ;
#4980 = ORIENTED_EDGE ( 'NONE', *, *, #1405, .F. ) ;
#4981 = VECTOR ( 'NONE', #4102, 1000.000000000000000 ) ;
#4982 = CARTESIAN_POINT ( 'NONE',  ( 0.6832489621453254900, -0.4562373250666672000, 0.5400000000000000400 ) ) ;
#4983 = DIRECTION ( 'NONE',  ( 0.0000000000000000000, -1.000000000000000000, 0.0000000000000000000 ) ) ;
#4984 = EDGE_CURVE ( 'NONE', #3018, #539, #6231, .T. ) ;
#4985 = ORIENTED_EDGE ( 'NONE', *, *, #4067, .F. ) ;
#4986 = EDGE_CURVE ( 'NONE', #7718, #7631, #7209, .T. ) ;
#4987 = ADVANCED_FACE ( 'NONE', ( #2193 ), #2475, .F. ) ;
#4988 = ORIENTED_EDGE ( 'NONE', *, *, #7810, .T. ) ;
#4989 = CARTESIAN_POINT ( 'NONE',  ( 0.4984680974995734900, -0.4845274186850290200, 0.5400000000000000400 ) ) ;
#4990 =( NAMED_UNIT ( * ) SI_UNIT ( $, .STERADIAN. ) SOLID_ANGLE_UNIT ( ) );
#4991 = CARTESIAN_POINT ( 'NONE',  ( 0.4405350787820243600, -0.5152048619757483300, 0.5300000000000000300 ) ) ;
#4992 = ORIENTED_EDGE ( 'NONE', *, *, #3568, .T. ) ;
#4993 = LINE ( 'NONE', #6154, #4772 ) ;
#4994 = AXIS2_PLACEMENT_3D ( 'NONE', #6313, #7071, #2559 ) ;
#4995 = CARTESIAN_POINT ( 'NONE',  ( 0.4735003988421937500, -0.3315778830052764100, 0.5300000000000000300 ) ) ;
#4996 = EDGE_CURVE ( 'NONE', #1135, #5679, #4205, .T. ) ;
#4997 = CARTESIAN_POINT ( 'NONE',  ( 0.4754500677412452100, -0.4897795879642127800, 0.5400000000000000400 ) ) ;
#4998 = EDGE_LOOP ( 'NONE', ( #9456, #3870, #4044, #206 ) ) ;
#4999 = CARTESIAN_POINT ( 'NONE',  ( 0.03842033161410493600, -0.3477581477676581200, 0.5400000000000000400 ) ) ;
#5000 = PLANE ( 'NONE',  #7566 ) ;
#5001 = VECTOR ( 'NONE', #6914, 1000.000000000000100 ) ;
#5002 = CARTESIAN_POINT ( 'NONE',  ( 0.2409450532897411100, -0.3317111053644402100, 0.5300000000000000300 ) ) ;
#5003 = UNCERTAINTY_MEASURE_WITH_UNIT (LENGTH_MEASURE( 1.000000000000000100E-005 ), #1676, 'distance_accuracy_value', 'NONE');
#5004 = CARTESIAN_POINT ( 'NONE',  ( 0.5174674219760517800, -0.3927736129415362900, 0.5400000000000000400 ) ) ;
#5005 = CARTESIAN_POINT ( 'NONE',  ( 0.5740277146321974800, -0.3927736129415362900, 0.5400000000000000400 ) ) ;
#5006 =( GEOMETRIC_REPRESENTATION_CONTEXT ( 3 ) GLOBAL_UNCERTAINTY_ASSIGNED_CONTEXT ( ( #6918 ) ) GLOBAL_UNIT_ASSIGNED_CONTEXT ( ( #8732, #4215, #9497 ) ) REPRESENTATION_CONTEXT ( 'NONE', 'WORKASPACE' ) );
#5007 =( LENGTH_UNIT ( ) NAMED_UNIT ( * ) SI_UNIT ( .MILLI., .METRE. ) );
#5008 = FACE_OUTER_BOUND ( 'NONE', #9320, .T. ) ;
#5009 = EDGE_CURVE ( 'NONE', #7948, #5856, #7998, .T. ) ;
#5010 = ORIENTED_EDGE ( 'NONE', *, *, #548, .T. ) ;
#5011 = ORIENTED_EDGE ( 'NONE', *, *, #1526, .F. ) ;
#5012 = CARTESIAN_POINT ( 'NONE',  ( 0.4576046289397770500, -0.5184277840335637100, 0.5400000000000000400 ) ) ;
#5013 = DIRECTION ( 'NONE',  ( -0.3897582650654750600, -0.9209172030172695400, -0.0000000000000000000 ) ) ;
#5014 = CARTESIAN_POINT ( 'NONE',  ( 0.2719324360544583800, -0.4053061579003669500, 0.5400000000000000400 ) ) ;
#5015 = CARTESIAN_POINT ( 'NONE',  ( 0.4606882889335261500, -0.5184277840335637100, 0.5300000000000000300 ) ) ;
#5016 = CARTESIAN_POINT ( 'NONE',  ( 0.1230823016660108100, -0.5619031274256207600, 0.5300000000000000300 ) ) ;
#5017 = CARTESIAN_POINT ( 'NONE',  ( -0.02742788842358112900, -0.4374002374296833700, 0.5400000000000000400 ) ) ;
#5018 = CARTESIAN_POINT ( 'NONE',  ( 0.6000000000000002000, 5.421010862427522200E-017, -0.02000000000000000000 ) ) ;
#5019 = CARTESIAN_POINT ( 'NONE',  ( 0.5359494873566411600, -0.5099924818577248300, 0.5300000000000000300 ) ) ;
#5020 = STYLED_ITEM ( 'NONE', ( #8945 ), #7106 ) ;
#5021 = COLOUR_RGB ( '',0.6666666666666666300, 0.6666666666666666300, 0.6666666666666666300 ) ;
#5022 = DIRECTION ( 'NONE',  ( -0.0000000000000000000, -0.0000000000000000000, -1.000000000000000000 ) ) ;
#5023 = ORIENTED_EDGE ( 'NONE', *, *, #1801, .T. ) ;
#5024 = VECTOR ( 'NONE', #7205, 1000.000000000000000 ) ;
#5025 = LINE ( 'NONE', #1592, #7062 ) ;
#5026 = EDGE_LOOP ( 'NONE', ( #5794, #905, #5880, #4946 ) ) ;
#5027 = ADVANCED_FACE ( 'NONE', ( #3985 ), #8998, .F. ) ;
#5028 = VERTEX_POINT ( 'NONE', #3436 ) ;
#5029 = DIRECTION ( 'NONE',  ( -0.0000000000000000000, -0.0000000000000000000, 1.000000000000000000 ) ) ;
#5030 = CARTESIAN_POINT ( 'NONE',  ( -0.7249999999999999800, -0.3999999999999999700, 0.0000000000000000000 ) ) ;
#5031 = CARTESIAN_POINT ( 'NONE',  ( -0.5999999999999999800, -0.3999999999999999700, -0.02000000000000000000 ) ) ;
#5032 = LINE ( 'NONE', #5092, #5284 ) ;
#5033 = DIRECTION ( 'NONE',  ( -0.0000000000000000000, -0.0000000000000000000, -1.000000000000000000 ) ) ;
#5034 = EDGE_CURVE ( 'NONE', #9525, #526, #25, .T. ) ;
#5035 = CARTESIAN_POINT ( 'NONE',  ( 0.4484929110233913900, -0.5249532064715145600, 0.5300000000000000300 ) ) ;
#5036 = VECTOR ( 'NONE', #7990, 1000.000000000000000 ) ;
#5037 = SURFACE_STYLE_FILL_AREA ( #4208 ) ;
#5038 = EDGE_CURVE ( 'NONE', #8497, #6895, #6440, .T. ) ;
#5039 = ORIENTED_EDGE ( 'NONE', *, *, #3444, .F. ) ;
#5040 = CARTESIAN_POINT ( 'NONE',  ( 0.6665773035994542200, -0.3337662868712928900, 0.5300000000000000300 ) ) ;
#5041 = AXIS2_PLACEMENT_3D ( 'NONE', #4982, #5737, #1243 ) ;
#5042 = CARTESIAN_POINT ( 'NONE',  ( 0.4272256043582997600, -0.4900581120928790800, 0.5400000000000000400 ) ) ;
#5043 = VECTOR ( 'NONE', #8681, 1000.000000000000000 ) ;
#5044 = VECTOR ( 'NONE', #5184, 1000.000000000000000 ) ;
#5045 = B_SPLINE_CURVE_WITH_KNOTS ( 'NONE', 3,
 ( #7046, #7818, #4784, #329 ),
 .UNSPECIFIED., .F., .F.,
 ( 4, 4 ),
 ( 8.000000000000000000, 9.000000000000000000 ),
 .UNSPECIFIED. ) ;
#5046 = LINE ( 'NONE', #3721, #851 ) ;
#5047 = ORIENTED_EDGE ( 'NONE', *, *, #534, .T. ) ;
#5048 = EDGE_CURVE ( 'NONE', #6744, #6677, #5740, .T. ) ;
#5049 = PRESENTATION_STYLE_ASSIGNMENT (( #3282 ) ) ;
#5050 =( LENGTH_UNIT ( ) NAMED_UNIT ( * ) SI_UNIT ( .MILLI., .METRE. ) );
#5051 =( NAMED_UNIT ( * ) SI_UNIT ( $, .STERADIAN. ) SOLID_ANGLE_UNIT ( ) );
#5052 = DIRECTION ( 'NONE',  ( -1.000000000000000000, -0.0000000000000000000, -0.0000000000000000000 ) ) ;
#5053 = ORIENTED_EDGE ( 'NONE', *, *, #1104, .F. ) ;
#5054 = DIRECTION ( 'NONE',  ( 0.0000000000000000000, 1.000000000000000000, 0.0000000000000000000 ) ) ;
#5055 = CARTESIAN_POINT ( 'NONE',  ( 0.6614445018042879300, -0.5251123631161613800, 0.5400000000000000400 ) ) ;
#5056 = CARTESIAN_POINT ( 'NONE',  ( 0.4466825041886762200, -0.4937982932463247400, 0.5300000000000000300 ) ) ;
#5057 = CIRCLE ( 'NONE', #9060, 0.1249999999999999700 ) ;
#5058 = EDGE_CURVE ( 'NONE', #8622, #762, #7779, .T. ) ;
#5059 = CYLINDRICAL_SURFACE ( 'NONE', #4745, 0.1250000000000000000 ) ;
#5060 = CARTESIAN_POINT ( 'NONE',  ( 0.4448124136116833900, -0.3339652326776322300, 0.5400000000000000400 ) ) ;
#5061 = LINE ( 'NONE', #518, #1091 ) ;
#5062 = EDGE_LOOP ( 'NONE', ( #5579, #6408, #7448, #7738 ) ) ;
#5063 = SURFACE_STYLE_FILL_AREA ( #3475 ) ;
#5064 = CARTESIAN_POINT ( 'NONE',  ( -0.4749999999999999200, 0.2750000000000000800, 0.0000000000000000000 ) ) ;
#5065 = CARTESIAN_POINT ( 'NONE',  ( 0.7652544233930525000, -0.4626831691822945700, 0.5400000000000000400 ) ) ;
#5066 = ORIENTED_EDGE ( 'NONE', *, *, #7973, .T. ) ;
#5067 = EDGE_LOOP ( 'NONE', ( #2109, #9437, #9671, #3691, #5581, #2746 ) ) ;
#5068 = CARTESIAN_POINT ( 'NONE',  ( 0.5234357961569492400, -0.5056554632863186100, 0.5300000000000000300 ) ) ;
#5069 = AXIS2_PLACEMENT_3D ( 'NONE', #1899, #7203, #2666 ) ;
#5070 = ORIENTED_EDGE ( 'NONE', *, *, #2299, .T. ) ;
#5071 = CARTESIAN_POINT ( 'NONE',  ( 0.5152193343677653500, -0.4916894677026310000, 0.5300000000000000300 ) ) ;
#5072 = EDGE_CURVE ( 'NONE', #730, #8012, #9216, .T. ) ;
#5073 = CARTESIAN_POINT ( 'NONE',  ( 0.4656619340843122800, -0.5264254054360929500, 0.5300000000000000300 ) ) ;
#5074 = ORIENTED_EDGE ( 'NONE', *, *, #390, .T. ) ;
#5075 = CARTESIAN_POINT ( 'NONE',  ( 0.5070824509009047600, -0.4982148901405839500, 0.5400000000000000400 ) ) ;
#5076 = LINE ( 'NONE', #7493, #6879 ) ;
#5077 = CARTESIAN_POINT ( 'NONE',  ( 0.4453097781270029000, -0.5220485977035250700, 0.5300000000000000300 ) ) ;
#5078 = EDGE_LOOP ( 'NONE', ( #5775, #4213, #2687, #2673 ) ) ;
#5079 = ORIENTED_EDGE ( 'NONE', *, *, #9429, .F. ) ;
#5080 = CIRCLE ( 'NONE', #7075, 0.1249999999999999700 ) ;
#5081 = ADVANCED_FACE ( 'NONE', ( #3758 ), #5738, .T. ) ;
#5082 = SURFACE_STYLE_USAGE ( .BOTH. , #9479 ) ;
#5083 = PRESENTATION_LAYER_ASSIGNMENT (  '', '', ( #3596 ) ) ;
#5084 = CIRCLE ( 'NONE', #5365, 0.1250000000000000000 ) ;
#5085 = STYLED_ITEM ( 'NONE', ( #8117 ), #4293 ) ;
#5086 = VERTEX_POINT ( 'NONE', #9125 ) ;
#5087 = DIRECTION ( 'NONE',  ( -0.0000000000000000000, -0.0000000000000000000, -1.000000000000000000 ) ) ;
#5088 = ORIENTED_EDGE ( 'NONE', *, *, #5110, .F. ) ;
#5089 = VERTEX_POINT ( 'NONE', #8337 ) ;
#5090 = VECTOR ( 'NONE', #8852, 1000.000000000000000 ) ;
#5091 = FILL_AREA_STYLE ('',( #8839 ) ) ;
#5092 = CARTESIAN_POINT ( 'NONE',  ( 0.5074206587713087100, -0.4016465958906849100, 0.5300000000000000300 ) ) ;
#5093 = DIRECTION ( 'NONE',  ( 0.0000000000000000000, 0.0000000000000000000, -1.000000000000000000 ) ) ;
#5094 = DIRECTION ( 'NONE',  ( -0.0000000000000000000, -0.0000000000000000000, -1.000000000000000000 ) ) ;
#5095 = CARTESIAN_POINT ( 'NONE',  ( 0.5740277146321974800, -0.3927736129415362900, 0.5300000000000000300 ) ) ;
#5096 = EDGE_CURVE ( 'NONE', #264, #1976, #6421, .T. ) ;
#5097 = EDGE_LOOP ( 'NONE', ( #1189, #3775, #6289, #8909 ) ) ;
#5098 = EDGE_LOOP ( 'NONE', ( #3029, #1012, #2146, #5356 ) ) ;
#5099 = SURFACE_SIDE_STYLE ('',( #4538 ) ) ;
#5100 = CARTESIAN_POINT ( 'NONE',  ( 0.5132298763075574500, -0.5006818181352645800, 0.5400000000000000400 ) ) ;
#5101 = CARTESIAN_POINT ( 'NONE',  ( 0.4335719755707609400, -0.3642049951950437900, 0.5400000000000000400 ) ) ;
#5102 = CARTESIAN_POINT ( 'NONE',  ( 0.5085148607043181700, -0.4858802501661216900, 0.5300000000000000300 ) ) ;
#5103 = CARTESIAN_POINT ( 'NONE',  ( 0.5114791532143173600, -0.4782407312145751700, 0.5300000000000000300 ) ) ;
#5104 = COLOUR_RGB ( '',0.6666666666666666300, 0.6666666666666666300, 0.6666666666666666300 ) ;
#5105 = CARTESIAN_POINT ( 'NONE',  ( 0.5221028592567049700, -0.5184675731947233600, 0.5300000000000000300 ) ) ;
#5106 = FACE_OUTER_BOUND ( 'NONE', #2991, .T. ) ;
#5107 = EDGE_CURVE ( 'NONE', #932, #4250, #2567, .T. ) ;
#5108 = DIRECTION ( 'NONE',  ( -1.000000000000000000, 0.0000000000000000000, 0.0000000000000000000 ) ) ;
#5109 = CARTESIAN_POINT ( 'NONE',  ( 0.3023664809908534500, -0.3853856900130648900, 0.5400000000000000400 ) ) ;
#5110 = EDGE_CURVE ( 'NONE', #150, #4386, #5517, .T. ) ;
#5111 = SURFACE_SIDE_STYLE ('',( #54 ) ) ;
#5112 = DIRECTION ( 'NONE',  ( -0.0000000000000000000, -0.0000000000000000000, -1.000000000000000000 ) ) ;
#5113 = FACE_OUTER_BOUND ( 'NONE', #8472, .T. ) ;
#5114 = CARTESIAN_POINT ( 'NONE',  ( 0.06276757072949418200, -0.3809588923993698100, 0.5300000000000000300 ) ) ;
#5115 = CARTESIAN_POINT ( 'NONE',  ( 0.7640408539765581900, -0.4572320540973008900, 0.5400000000000000400 ) ) ;
#5116 = CARTESIAN_POINT ( 'NONE',  ( 0.6951658159270623900, -0.5251123631161613800, 0.5400000000000000400 ) ) ;
#5117 = CARTESIAN_POINT ( 'NONE',  ( 0.2254513619073846000, -0.4600874155668089900, 0.5400000000000000400 ) ) ;
#5118 = DIRECTION ( 'NONE',  ( 0.0000000000000000000, -0.0000000000000000000, 1.000000000000000000 ) ) ;
#5119 = CARTESIAN_POINT ( 'NONE',  ( 0.09209491890129167800, -0.3892590864732475800, 0.5400000000000000400 ) ) ;
#5120 =( NAMED_UNIT ( * ) SI_UNIT ( $, .STERADIAN. ) SOLID_ANGLE_UNIT ( ) );
#5121 = B_SPLINE_CURVE_WITH_KNOTS ( 'NONE', 3,
 ( #436, #4900, #9438, #6442 ),
 .UNSPECIFIED., .F., .F.,
 ( 4, 4 ),
 ( 28.00000000000000000, 29.00000000000000000 ),
 .UNSPECIFIED. ) ;
#5122 = PRESENTATION_LAYER_ASSIGNMENT (  '', '', ( #3628 ) ) ;
#5123 = CARTESIAN_POINT ( 'NONE',  ( 0.5943798705892429100, -0.4695269049100720400, 0.5400000000000000400 ) ) ;
#5124 = VECTOR ( 'NONE', #3329, 1000.000000000000000 ) ;
#5125 = ADVANCED_FACE ( 'NONE', ( #1511 ), #9013, .F. ) ;
#5126 = EDGE_CURVE ( 'NONE', #5089, #3457, #3392, .T. ) ;
#5127 =( LENGTH_UNIT ( ) NAMED_UNIT ( * ) SI_UNIT ( .MILLI., .METRE. ) );
#5128 = CARTESIAN_POINT ( 'NONE',  ( 0.6427634906171156800, -0.4900581120928776400, 0.5300000000000000300 ) ) ;
#5129 = CARTESIAN_POINT ( 'NONE',  ( 0.08047463453335898500, -0.5287023933481510600, 0.5400000000000000400 ) ) ;
#5130 = DIRECTION ( 'NONE',  ( -1.000000000000000000, 0.0000000000000000000, 0.0000000000000000000 ) ) ;
#5131 = ORIENTED_EDGE ( 'NONE', *, *, #1673, .T. ) ;
#5132 = CARTESIAN_POINT ( 'NONE',  ( 0.4435590550337630800, -0.3923359321682266500, 0.5400000000000000400 ) ) ;
#5133 = ORIENTED_EDGE ( 'NONE', *, *, #7612, .T. ) ;
#5134 = PLANE ( 'NONE',  #3037 ) ;
#5135 = CARTESIAN_POINT ( 'NONE',  ( 0.6000000000000002000, -0.3999999999999999700, 0.0000000000000000000 ) ) ;
#5136 = AXIS2_PLACEMENT_3D ( 'NONE', #6120, #840, #5323 ) ;
#5137 = DIRECTION ( 'NONE',  ( 1.000000000000000000, 0.0000000000000000000, 0.0000000000000000000 ) ) ;
#5138 = VECTOR ( 'NONE', #6841, 999.9999999999998900 ) ;
#5139 = ORIENTED_EDGE ( 'NONE', *, *, #7624, .T. ) ;
#5140 = CARTESIAN_POINT ( 'NONE',  ( 0.5144434457243153300, -0.5184675731947233600, 0.5400000000000000400 ) ) ;
#5141 = VERTEX_POINT ( 'NONE', #8853 ) ;
#5142 = VECTOR ( 'NONE', #8901, 1000.000000000000000 ) ;
#5143 = ORIENTED_EDGE ( 'NONE', *, *, #5339, .T. ) ;
#5144 = CARTESIAN_POINT ( 'NONE',  ( 0.5092310656060270400, -0.4875911840981984000, 0.5300000000000000300 ) ) ;
#5145 = ORIENTED_EDGE ( 'NONE', *, *, #616, .F. ) ;
#5146 =( LENGTH_UNIT ( ) NAMED_UNIT ( * ) SI_UNIT ( .MILLI., .METRE. ) );
#5147 = DIRECTION ( 'NONE',  ( 0.0000000000000000000, 0.0000000000000000000, -1.000000000000000000 ) ) ;
#5148 = CARTESIAN_POINT ( 'NONE',  ( 0.04008035565278061900, -0.5242755851802133300, 0.5400000000000000400 ) ) ;
#5149 = VECTOR ( 'NONE', #165, 1000.000000000000000 ) ;
#5150 = CARTESIAN_POINT ( 'NONE',  ( 0.4750000000000001400, 6.951819361361712800E-017, -0.02000000000000000000 ) ) ;
#5151 = LINE ( 'NONE', #8905, #7192 ) ;
#5152 = DIRECTION ( 'NONE',  ( -0.0000000000000000000, -0.0000000000000000000, -1.000000000000000000 ) ) ;
#5153 = CARTESIAN_POINT ( 'NONE',  ( 0.4702973713649610800, -0.4029596382106130400, 0.5300000000000000300 ) ) ;
#5154 = MECHANICAL_DESIGN_GEOMETRIC_PRESENTATION_REPRESENTATION (  '', ( #4162 ), #5670 ) ;
#5155 = VERTEX_POINT ( 'NONE', #6632 ) ;
#5156 = CARTESIAN_POINT ( 'NONE',  ( -0.02742788842358112900, -0.4595340882929978000, 0.5300000000000000300 ) ) ;
#5157 = DIRECTION ( 'NONE',  ( -0.9434452330824841800, 0.3315284183504291200, 0.0000000000000000000 ) ) ;
#5158 = VERTEX_POINT ( 'NONE', #109 ) ;
#5159 = FILL_AREA_STYLE_COLOUR ( '', #3420 ) ;
#5160 = CIRCLE ( 'NONE', #9146, 0.1250000000000000000 ) ;
#5161 = LINE ( 'NONE', #6157, #3193 ) ;
#5162 = SURFACE_STYLE_FILL_AREA ( #6243 ) ;
#5163 = ORIENTED_EDGE ( 'NONE', *, *, #6599, .T. ) ;
#5164 = CARTESIAN_POINT ( 'NONE',  ( 0.3256070286187669500, -0.4672809234297993200, 0.5300000000000000300 ) ) ;
#5165 = CARTESIAN_POINT ( 'NONE',  ( 0.5095095897346870700, -0.4795935626956676600, 0.5400000000000000400 ) ) ;
#5166 = CARTESIAN_POINT ( 'NONE',  ( 0.6449717890642460100, -0.4472847637951952700, 0.5300000000000000300 ) ) ;
#5167 = CARTESIAN_POINT ( 'NONE',  ( 0.5740277146321974800, -0.3927736129415362900, 0.5400000000000000400 ) ) ;
#5168 = CARTESIAN_POINT ( 'NONE',  ( 0.5664478794218689200, -0.5113055241776516300, 0.5400000000000000400 ) ) ;
#5169 = CARTESIAN_POINT ( 'NONE',  ( 0.5332836135558864900, -0.4801904001136226800, 0.5300000000000000300 ) ) ;
#5170 = EDGE_CURVE ( 'NONE', #649, #3453, #1060, .T. ) ;
#5171 = FACE_OUTER_BOUND ( 'NONE', #8759, .T. ) ;
#5172 = CARTESIAN_POINT ( 'NONE',  ( 0.4754500677412452100, -0.4807076592092585100, 0.5400000000000000400 ) ) ;
#5173 = EDGE_LOOP ( 'NONE', ( #284, #511, #7523, #7582 ) ) ;
#5174 = EDGE_CURVE ( 'NONE', #5921, #8957, #1177, .T. ) ;
#5175 = CIRCLE ( 'NONE', #3540, 0.1250000000000000000 ) ;
#5176 = CARTESIAN_POINT ( 'NONE',  ( 0.7059287840335156700, -0.5081223912809971200, 0.5400000000000000400 ) ) ;
#5177 = ORIENTED_EDGE ( 'NONE', *, *, #9299, .F. ) ;
#5178 = VERTEX_POINT ( 'NONE', #937 ) ;
#5179 = ORIENTED_EDGE ( 'NONE', *, *, #7132, .F. ) ;
#5180 = CARTESIAN_POINT ( 'NONE',  ( 0.6467424067380472800, -0.5162393801670115400, 0.5400000000000000400 ) ) ;
#5181 = CARTESIAN_POINT ( 'NONE',  ( 0.2708257603980817100, -0.3754254613460054100, 0.5400000000000000400 ) ) ;
#5182 = ADVANCED_FACE ( 'NONE', ( #9285 ), #6664, .F. ) ;
#5183 = SURFACE_STYLE_FILL_AREA ( #2702 ) ;
#5184 = DIRECTION ( 'NONE',  ( -0.0000000000000000000, -0.0000000000000000000, -1.000000000000000000 ) ) ;
#5185 = ORIENTED_EDGE ( 'NONE', *, *, #5408, .T. ) ;
#5186 = CARTESIAN_POINT ( 'NONE',  ( 0.5332836135558864900, -0.4707205797465184900, 0.5400000000000000400 ) ) ;
#5187 = VECTOR ( 'NONE', #6707, 1000.000000000000000 ) ;
#5188 = ORIENTED_EDGE ( 'NONE', *, *, #3561, .F. ) ;
#5189 = ORIENTED_EDGE ( 'NONE', *, *, #8483, .T. ) ;
#5190 = AXIS2_PLACEMENT_3D ( 'NONE', #5937, #6698, #2171 ) ;
#5191 = CARTESIAN_POINT ( 'NONE',  ( 0.08379472482794612900, -0.3842789721394494500, 0.5300000000000000300 ) ) ;
#5192 = FILL_AREA_STYLE_COLOUR ( '', #8552 ) ;
#5193 = CARTESIAN_POINT ( 'NONE',  ( 0.5088928577358860000, -0.4697258507158848000, 0.5400000000000000400 ) ) ;
#5194 = DIRECTION ( 'NONE',  ( 1.000000000000000000, 0.0000000000000000000, 0.0000000000000000000 ) ) ;
#5195 = LINE ( 'NONE', #4612, #3225 ) ;
#5196 = DIRECTION ( 'NONE',  ( 1.000000000000000000, -0.0000000000000000000, -0.0000000000000000000 ) ) ;
#5197 = DIRECTION ( 'NONE',  ( 0.3559357243643240200, -0.9345104387438611900, 0.0000000000000000000 ) ) ;
#5198 = EDGE_CURVE ( 'NONE', #2817, #4161, #3520, .T. ) ;
#5199 = ORIENTED_EDGE ( 'NONE', *, *, #3905, .T. ) ;
#5200 = B_SPLINE_CURVE_WITH_KNOTS ( 'NONE', 3,
 ( #2905, #1498, #6775, #8176 ),
 .UNSPECIFIED., .F., .F.,
 ( 4, 4 ),
 ( 4.000000000000000000, 5.000000000000000000 ),
 .UNSPECIFIED. ) ;
#5201 = CARTESIAN_POINT ( 'NONE',  ( 0.7991547887415855200, -0.5251123631161613800, 0.5400000000000000400 ) ) ;
#5202 = ORIENTED_EDGE ( 'NONE', *, *, #2593, .T. ) ;
#5203 = VERTEX_POINT ( 'NONE', #682 ) ;
#5204 = DIRECTION ( 'NONE',  ( -1.000000000000000000, 0.0000000000000000000, -0.0000000000000000000 ) ) ;
#5205 = FACE_OUTER_BOUND ( 'NONE', #6419, .T. ) ;
#5206 = CARTESIAN_POINT ( 'NONE',  ( 0.5475082386873916200, -0.3327715578411892800, 0.5300000000000000300 ) ) ;
#5207 = CARTESIAN_POINT ( 'NONE',  ( 0.4984680974995734900, -0.4845274186850290200, 0.5300000000000000300 ) ) ;
#5208 = CARTESIAN_POINT ( 'NONE',  ( 0.4861533521059531200, -0.3922563538459033500, 0.5300000000000000300 ) ) ;
#5209 = VERTEX_POINT ( 'NONE', #4445 ) ;
#5210 = CARTESIAN_POINT ( 'NONE',  ( 0.1479828838871060400, -0.5049084656752074200, 0.5300000000000000300 ) ) ;
#5211 = AXIS2_PLACEMENT_3D ( 'NONE', #7870, #347, #3294 ) ;
#5212 = CARTESIAN_POINT ( 'NONE',  ( 0.7000200935940980000, -0.4586644639007163000, 0.5400000000000000400 ) ) ;
#5213 = LINE ( 'NONE', #7291, #1216 ) ;
#5214 = AXIS2_PLACEMENT_3D ( 'NONE', #335, #7090, #2572 ) ;
#5215 = CARTESIAN_POINT ( 'NONE',  ( 0.6674128759849122800, -0.3381430946043909000, 0.5400000000000000400 ) ) ;
#5216 = ORIENTED_EDGE ( 'NONE', *, *, #7163, .F. ) ;
#5217 = VERTEX_POINT ( 'NONE', #5168 ) ;
#5218 = EDGE_CURVE ( 'NONE', #8981, #470, #7530, .T. ) ;
#5219 = CARTESIAN_POINT ( 'NONE',  ( 0.4656619340843122800, -0.5264254054360929500, 0.5400000000000000400 ) ) ;
#5220 = DIRECTION ( 'NONE',  ( 0.0000000000000000000, 1.000000000000000000, -0.0000000000000000000 ) ) ;
#5221 = CARTESIAN_POINT ( 'NONE',  ( 0.6613052397396891300, -0.3238189965697152500, 0.5400000000000000400 ) ) ;
#5222 = EDGE_LOOP ( 'NONE', ( #7841, #633, #5890, #6755 ) ) ;
#5223 = EDGE_LOOP ( 'NONE', ( #6638, #5586, #9279, #8619 ) ) ;
#5224 = ORIENTED_EDGE ( 'NONE', *, *, #7973, .F. ) ;
#5225 = ORIENTED_EDGE ( 'NONE', *, *, #2336, .T. ) ;
#5226 = CARTESIAN_POINT ( 'NONE',  ( 0.4530089808205556800, -0.5023927520673400200, 0.5300000000000000300 ) ) ;
#5227 = MECHANICAL_DESIGN_GEOMETRIC_PRESENTATION_REPRESENTATION (  '', ( #4203 ), #5725 ) ;
#5228 = MECHANICAL_DESIGN_GEOMETRIC_PRESENTATION_REPRESENTATION (  '', ( #3731 ), #5727 ) ;
#5229 = CARTESIAN_POINT ( 'NONE',  ( 0.4591365116463585500, -0.4029596382106130400, 0.5300000000000000300 ) ) ;
#5230 = DIRECTION ( 'NONE',  ( -0.0000000000000000000, -0.0000000000000000000, -1.000000000000000000 ) ) ;
#5231 = CARTESIAN_POINT ( 'NONE',  ( 0.7880536127652577600, -0.5251123631161613800, 0.5400000000000000400 ) ) ;
#5232 = CARTESIAN_POINT ( 'NONE',  ( -0.5999999999999999800, 5.421010862427522200E-017, -0.02000000000000000000 ) ) ;
#5233 = EDGE_LOOP ( 'NONE', ( #3618, #8786, #5901, #1110 ) ) ;
#5234 = CARTESIAN_POINT ( 'NONE',  ( 0.6614445018042879300, -0.5251123631161613800, 0.5300000000000000300 ) ) ;
#5235 = ORIENTED_EDGE ( 'NONE', *, *, #1564, .T. ) ;
#5236 = CARTESIAN_POINT ( 'NONE',  ( 0.09264825672961345100, -0.5619031274256207600, 0.5400000000000000400 ) ) ;
#5237 = EDGE_CURVE ( 'NONE', #1453, #8377, #7122, .T. ) ;
#5238 = ADVANCED_FACE ( 'NONE', ( #7293 ), #813, .F. ) ;
#5239 = DIRECTION ( 'NONE',  ( 0.0000000000000000000, 0.0000000000000000000, -1.000000000000000000 ) ) ;
#5240 = ORIENTED_EDGE ( 'NONE', *, *, #5628, .T. ) ;
#5241 = CARTESIAN_POINT ( 'NONE',  ( 0.4530089808205556800, -0.5023927520673400200, 0.5300000000000000300 ) ) ;
#5242 = PLANE ( 'NONE',  #8454 ) ;
#5243 = MECHANICAL_DESIGN_GEOMETRIC_PRESENTATION_REPRESENTATION (  '', ( #4226 ), #5741 ) ;
#5244 = LINE ( 'NONE', #6984, #9008 ) ;
#5245 = CARTESIAN_POINT ( 'NONE',  ( 0.6714912650087675500, -0.4562373250666672000, 0.5300000000000000300 ) ) ;
#5246 = DIRECTION ( 'NONE',  ( 0.0000000000000000000, 0.0000000000000000000, -1.000000000000000000 ) ) ;
#5247 = CARTESIAN_POINT ( 'NONE',  ( 0.5740277146321974800, -0.3927736129415362900, 0.5400000000000000400 ) ) ;
#5248 = EDGE_CURVE ( 'NONE', #1011, #9213, #5647, .T. ) ;
#5249 = DIRECTION ( 'NONE',  ( -1.000000000000000000, 0.0000000000000000000, -0.0000000000000000000 ) ) ;
#5250 = LINE ( 'NONE', #559, #5001 ) ;
#5251 = EDGE_CURVE ( 'NONE', #8672, #5086, #7057, .T. ) ;
#5252 = DIRECTION ( 'NONE',  ( -0.0000000000000000000, -0.0000000000000000000, 1.000000000000000000 ) ) ;
#5253 = B_SPLINE_CURVE_WITH_KNOTS ( 'NONE', 3,
 ( #764, #4415, #6780, #2240 ),
 .UNSPECIFIED., .F., .F.,
 ( 4, 4 ),
 ( 5.000000000000000000, 6.000000000000000000 ),
 .UNSPECIFIED. ) ;
#5254 = CARTESIAN_POINT ( 'NONE',  ( 0.1479828838871060400, -0.5065685002683939500, 0.5400000000000000400 ) ) ;
#5255 = CARTESIAN_POINT ( 'NONE',  ( 0.5201134011962291700, -0.4682536517513063400, 0.5400000000000000400 ) ) ;
#5256 = FACE_OUTER_BOUND ( 'NONE', #6040, .T. ) ;
#5257 = CARTESIAN_POINT ( 'NONE',  ( 0.6156073880934355100, -0.3341243893222797800, 0.5400000000000000400 ) ) ;
#5258 = ADVANCED_FACE ( 'NONE', ( #3292 ), #3583, .T. ) ;
#5259 = CARTESIAN_POINT ( 'NONE',  ( 0.2243446440340349000, -0.4910748299942564500, 0.5400000000000000400 ) ) ;
#5260 = DIRECTION ( 'NONE',  ( -1.000000000000000000, 0.0000000000000000000, 0.0000000000000000000 ) ) ;
#5261 = B_SPLINE_CURVE_WITH_KNOTS ( 'NONE', 3,
 ( #6534, #1978, #5751, #516 ),
 .UNSPECIFIED., .F., .F.,
 ( 4, 4 ),
 ( 24.00000000000000000, 25.00000000000000000 ),
 .UNSPECIFIED. ) ;
#5262 = FILL_AREA_STYLE ('',( #8271 ) ) ;
#5263 = ORIENTED_EDGE ( 'NONE', *, *, #9361, .T. ) ;
#5264 = ORIENTED_EDGE ( 'NONE', *, *, #6393, .F. ) ;
#5265 = AXIS2_PLACEMENT_3D ( 'NONE', #3249, #269, #7827 ) ;
#5266 = EDGE_CURVE ( 'NONE', #6299, #8097, #6338, .T. ) ;
#5267 =( NAMED_UNIT ( * ) PLANE_ANGLE_UNIT ( ) SI_UNIT ( $, .RADIAN. ) );
#5268 = CARTESIAN_POINT ( 'NONE',  ( 0.5144434457243153300, -0.5184675731947233600, 0.5400000000000000400 ) ) ;
#5269 = DIRECTION ( 'NONE',  ( -0.0000000000000000000, -0.0000000000000000000, 1.000000000000000000 ) ) ;
#5270 = DIRECTION ( 'NONE',  ( 0.0000000000000000000, -0.0000000000000000000, 1.000000000000000000 ) ) ;
#5271 = DIRECTION ( 'NONE',  ( -0.0000000000000000000, -0.0000000000000000000, -1.000000000000000000 ) ) ;
#5272 = CARTESIAN_POINT ( 'NONE',  ( 0.5853875201566092200, -0.4016465958906835200, 0.5400000000000000400 ) ) ;
#5273 = SURFACE_STYLE_FILL_AREA ( #6131 ) ;
#5274 = SURFACE_STYLE_USAGE ( .BOTH. , #72 ) ;
#5275 = ORIENTED_EDGE ( 'NONE', *, *, #2841, .F. ) ;
#5276 = FILL_AREA_STYLE ('',( #2238 ) ) ;
#5277 = LINE ( 'NONE', #3382, #3761 ) ;
#5278 = VECTOR ( 'NONE', #5304, 1000.000000000000000 ) ;
#5279 = CARTESIAN_POINT ( 'NONE',  ( -0.6999999999999998400, 0.4704525540507067900, 0.5300000000000000300 ) ) ;
#5280 = ORIENTED_EDGE ( 'NONE', *, *, #6463, .T. ) ;
#5281 = B_SPLINE_CURVE_WITH_KNOTS ( 'NONE', 3,
 ( #1859, #7924, #1134, #5631 ),
 .UNSPECIFIED., .F., .F.,
 ( 4, 4 ),
 ( 2.000000000000000000, 3.000000000000000000 ),
 .UNSPECIFIED. ) ;
#5282 = ORIENTED_EDGE ( 'NONE', *, *, #3773, .T. ) ;
#5283 = DIRECTION ( 'NONE',  ( 0.0000000000000000000, 0.0000000000000000000, 1.000000000000000000 ) ) ;
#5284 = VECTOR ( 'NONE', #8245, 1000.000000000000000 ) ;
#5285 = CARTESIAN_POINT ( 'NONE',  ( 0.4808414990847580900, -0.3225059542497878400, 0.5400000000000000400 ) ) ;
#5286 = ADVANCED_FACE ( 'NONE', ( #360 ), #5392, .F. ) ;
#5287 = CARTESIAN_POINT ( 'NONE',  ( 0.7770121205301417900, -0.4950317572439287300, 0.5400000000000000400 ) ) ;
#5288 = LINE ( 'NONE', #7965, #5752 ) ;
#5289 = LINE ( 'NONE', #3455, #9305 ) ;
#5290 = ORIENTED_EDGE ( 'NONE', *, *, #5072, .T. ) ;
#5291 = ORIENTED_EDGE ( 'NONE', *, *, #3348, .F. ) ;
#5292 = DIRECTION ( 'NONE',  ( -0.8863488427958663400, -0.4630180653866850500, 0.0000000000000000000 ) ) ;
#5293 = CARTESIAN_POINT ( 'NONE',  ( 0.7057099436465954500, -0.4635585307289159500, 0.5400000000000000400 ) ) ;
#5294 = VECTOR ( 'NONE', #220, 1000.000000000000000 ) ;
#5295 =( NAMED_UNIT ( * ) SI_UNIT ( $, .STERADIAN. ) SOLID_ANGLE_UNIT ( ) );
#5296 = DIRECTION ( 'NONE',  ( 0.0000000000000000000, -0.0000000000000000000, -1.000000000000000000 ) ) ;
#5297 = EDGE_CURVE ( 'NONE', #6589, #8097, #1842, .T. ) ;
#5298 = CARTESIAN_POINT ( 'NONE',  ( 0.4635133193791931600, -0.3940070769391410500, 0.5300000000000000300 ) ) ;
#5299 = DIRECTION ( 'NONE',  ( 0.0000000000000000000, 0.0000000000000000000, -1.000000000000000000 ) ) ;
#5300 = CARTESIAN_POINT ( 'NONE',  ( 0.04727385823864965800, -0.5464094360435291000, 0.5400000000000000400 ) ) ;
#5301 = LINE ( 'NONE', #625, #7083 ) ;
#5302 = CARTESIAN_POINT ( 'NONE',  ( 0.007986270846080346600, -0.5109952873278446100, 0.5400000000000000400 ) ) ;
#5303 = ORIENTED_EDGE ( 'NONE', *, *, #595, .F. ) ;
#5304 = DIRECTION ( 'NONE',  ( -0.0000000000000000000, -0.0000000000000000000, -1.000000000000000000 ) ) ;
#5305 = ORIENTED_EDGE ( 'NONE', *, *, #1016, .F. ) ;
#5306 = LINE ( 'NONE', #5784, #7320 ) ;
#5307 = ORIENTED_EDGE ( 'NONE', *, *, #1711, .F. ) ;
#5308 = DIRECTION ( 'NONE',  ( -1.000000000000000000, 0.0000000000000000000, 0.0000000000000000000 ) ) ;
#5309 = VECTOR ( 'NONE', #8532, 1000.000000000000000 ) ;
#5310 = SURFACE_SIDE_STYLE ('',( #4503 ) ) ;
#5311 = CARTESIAN_POINT ( 'NONE',  ( 0.08047463453335898500, -0.5287023933481510600, 0.5400000000000000400 ) ) ;
#5312 = CARTESIAN_POINT ( 'NONE',  ( 0.3051332123486368800, -0.5004816997242417200, 0.5300000000000000300 ) ) ;
#5313 = EDGE_CURVE ( 'NONE', #1863, #1782, #3626, .T. ) ;
#5314 = CARTESIAN_POINT ( 'NONE',  ( 0.7402270409936681000, -0.5251123631161613800, 0.5400000000000000400 ) ) ;
#5315 = ADVANCED_FACE ( 'NONE', ( #1382 ), #1294, .F. ) ;
#5316 = CARTESIAN_POINT ( 'NONE',  ( 0.7648764263620145800, -0.4616088618298676000, 0.5400000000000000400 ) ) ;
#5317 = EDGE_CURVE ( 'NONE', #4621, #4047, #9167, .T. ) ;
#5318 = ORIENTED_EDGE ( 'NONE', *, *, #7418, .T. ) ;
#5319 = ORIENTED_EDGE ( 'NONE', *, *, #315, .T. ) ;
#5320 = DIRECTION ( 'NONE',  ( -0.3416038306815658000, 0.9398440417769747800, 0.0000000000000000000 ) ) ;
#5321 = VECTOR ( 'NONE', #8625, 1000.000000000000000 ) ;
#5322 = EDGE_LOOP ( 'NONE', ( #6624, #2688, #9564, #2330 ) ) ;
#5323 = DIRECTION ( 'NONE',  ( 1.741129794800948600E-014, -1.000000000000000000, 0.0000000000000000000 ) ) ;
#5324 = ORIENTED_EDGE ( 'NONE', *, *, #5563, .F. ) ;
#5325 = VERTEX_POINT ( 'NONE', #2026 ) ;
#5326 = ORIENTED_EDGE ( 'NONE', *, *, #3223, .T. ) ;
#5327 = CARTESIAN_POINT ( 'NONE',  ( 0.6534269858206459600, -0.3715659900179227900, 0.5400000000000000400 ) ) ;
#5328 = CARTESIAN_POINT ( 'NONE',  ( 0.09264826728385712500, -0.4506805247283358100, 0.5300000000000000300 ) ) ;
#5329 = LINE ( 'NONE', #2024, #3342 ) ;
#5330 = EDGE_LOOP ( 'NONE', ( #4052, #9454, #2797, #5410 ) ) ;
#5331 = VECTOR ( 'NONE', #4403, 1000.000000000000000 ) ;
#5332 = CARTESIAN_POINT ( 'NONE',  ( 0.5263205103446253500, -0.4959071187905514900, 0.5400000000000000400 ) ) ;
#5333 = AXIS2_PLACEMENT_3D ( 'NONE', #579, #8095, #3604 ) ;
#5334 = ORIENTED_EDGE ( 'NONE', *, *, #6843, .T. ) ;
#5335 = ORIENTED_EDGE ( 'NONE', *, *, #6207, .T. ) ;
#5336 = VECTOR ( 'NONE', #7476, 1000.000000000000000 ) ;
#5337 = DIRECTION ( 'NONE',  ( 0.0000000000000000000, 0.0000000000000000000, 1.000000000000000000 ) ) ;
#5338 = CARTESIAN_POINT ( 'NONE',  ( 0.4577637855846872200, -0.3344427026121056800, 0.5300000000000000300 ) ) ;
#5339 = EDGE_CURVE ( 'NONE', #9550, #4575, #3402, .T. ) ;
#5340 = LINE ( 'NONE', #6539, #3354 ) ;
#5341 = B_SPLINE_CURVE_WITH_KNOTS ( 'NONE', 3,
 ( #1835, #5987, #5611, #378 ),
 .UNSPECIFIED., .F., .F.,
 ( 4, 4 ),
 ( 1.000000000000000000, 2.000000000000000000 ),
 .UNSPECIFIED. ) ;
#5342 = ORIENTED_EDGE ( 'NONE', *, *, #7477, .F. ) ;
#5343 = ADVANCED_FACE ( 'NONE', ( #9399 ), #2513, .F. ) ;
#5344 = VERTEX_POINT ( 'NONE', #131 ) ;
#5345 = ORIENTED_EDGE ( 'NONE', *, *, #8546, .F. ) ;
#5346 = ORIENTED_EDGE ( 'NONE', *, *, #7411, .F. ) ;
#5347 = LINE ( 'NONE', #5972, #5090 ) ;
#5348 = CARTESIAN_POINT ( 'NONE',  ( 0.4512980468884779700, -0.5040638968377261200, 0.5300000000000000300 ) ) ;
#5349 = CARTESIAN_POINT ( 'NONE',  ( 0.7130709384700055800, -0.5142101329456405500, 0.5400000000000000400 ) ) ;
#5350 = CARTESIAN_POINT ( 'NONE',  ( 0.3893463228890822700, -0.3238189965697173000, 0.5400000000000000400 ) ) ;
#5351 = AXIS2_PLACEMENT_3D ( 'NONE', #3293, #7868, #3545 ) ;
#5352 = CARTESIAN_POINT ( 'NONE',  ( 0.5680991296116734100, -0.5148467595247607800, 0.5400000000000000400 ) ) ;
#5353 = AXIS2_PLACEMENT_3D ( 'NONE', #9521, #535, #5768 ) ;
#5354 = EDGE_CURVE ( 'NONE', #5487, #7389, #8903, .T. ) ;
#5355 = CARTESIAN_POINT ( 'NONE',  ( 0.5047149958091294900, -0.4726702486455662300, 0.5300000000000000300 ) ) ;
#5356 = ORIENTED_EDGE ( 'NONE', *, *, #2357, .T. ) ;
#5357 = B_SPLINE_CURVE_WITH_KNOTS ( 'NONE', 3,
 ( #2191, #1417, #2056, #7258 ),
 .UNSPECIFIED., .F., .F.,
 ( 4, 4 ),
 ( 3.000000000000000000, 4.000000000000000000 ),
 .UNSPECIFIED. ) ;
#5358 = ORIENTED_EDGE ( 'NONE', *, *, #1834, .F. ) ;
#5359 = VECTOR ( 'NONE', #3796, 1000.000000000000000 ) ;
#5360 = PLANE ( 'NONE',  #8757 ) ;
#5361 = CARTESIAN_POINT ( 'NONE',  ( 0.4984680974995722700, -0.4795935626956676600, 0.5300000000000000300 ) ) ;
#5362 = CARTESIAN_POINT ( 'NONE',  ( 0.6082463932700258300, -0.3400927635034372000, 0.5400000000000000400 ) ) ;
#5363 = CARTESIAN_POINT ( 'NONE',  ( 0.7052523682932337900, -0.4507066316593479300, 0.5300000000000000300 ) ) ;
#5364 = CARTESIAN_POINT ( 'NONE',  ( 0.5452999402402571900, -0.3665923448673997800, 0.5400000000000000400 ) ) ;
#5365 = AXIS2_PLACEMENT_3D ( 'NONE', #4325, #2129, #6661 ) ;
#5366 = LINE ( 'NONE', #858, #3146 ) ;
#5367 = DIRECTION ( 'NONE',  ( -0.0000000000000000000, -0.0000000000000000000, -1.000000000000000000 ) ) ;
#5368 = ADVANCED_FACE ( 'NONE', ( #3170 ), #7302, .F. ) ;
#5369 =( NAMED_UNIT ( * ) PLANE_ANGLE_UNIT ( ) SI_UNIT ( $, .RADIAN. ) );
#5370 = SURFACE_SIDE_STYLE ('',( #9455 ) ) ;
#5371 = CARTESIAN_POINT ( 'NONE',  ( 0.4754500677412452100, -0.5025519087119874100, 0.5300000000000000300 ) ) ;
#5372 = FACE_OUTER_BOUND ( 'NONE', #6476, .T. ) ;
#5373 = EDGE_CURVE ( 'NONE', #932, #4821, #2913, .T. ) ;
#5374 = EDGE_CURVE ( 'NONE', #7486, #6111, #7173, .T. ) ;
#5375 = DIRECTION ( 'NONE',  ( -0.0000000000000000000, -0.0000000000000000000, -1.000000000000000000 ) ) ;
#5376 = CARTESIAN_POINT ( 'NONE',  ( 0.4466626096078296600, -0.3803196054835862300, 0.5300000000000000300 ) ) ;
#5377 = CARTESIAN_POINT ( 'NONE',  ( 0.07051440586656337900, -0.4949482581171652500, 0.5400000000000000400 ) ) ;
#5378 = CARTESIAN_POINT ( 'NONE',  ( 0.4984680974995722700, -0.4795935626956676600, 0.5300000000000000300 ) ) ;
#5379 = CARTESIAN_POINT ( 'NONE',  ( 0.5183626781032558700, -0.5025916978731507200, 0.5400000000000000400 ) ) ;
#5380 = CARTESIAN_POINT ( 'NONE',  ( 0.5492788563609450900, -0.4016465958906835200, 0.5400000000000000400 ) ) ;
#5381 = UNCERTAINTY_MEASURE_WITH_UNIT (LENGTH_MEASURE( 1.000000000000000100E-005 ), #4336, 'distance_accuracy_value', 'NONE');
#5382 = LINE ( 'NONE', #4130, #5124 ) ;
#5383 = CARTESIAN_POINT ( 'NONE',  ( 0.4717496757489552700, -0.3940070769391410500, 0.5400000000000000400 ) ) ;
#5384 = ORIENTED_EDGE ( 'NONE', *, *, #5928, .F. ) ;
#5385 = CARTESIAN_POINT ( 'NONE',  ( 0.4717496757489552700, -0.3940070769391410500, 0.5400000000000000400 ) ) ;
#5386 = ORIENTED_EDGE ( 'NONE', *, *, #355, .T. ) ;
#5387 = EDGE_CURVE ( 'NONE', #2353, #8993, #4899, .T. ) ;
#5388 = ADVANCED_FACE ( 'NONE', ( #688 ), #1680, .F. ) ;
#5389 = B_SPLINE_CURVE_WITH_KNOTS ( 'NONE', 3,
 ( #4450, #5219, #5970, #1474 ),
 .UNSPECIFIED., .F., .F.,
 ( 4, 4 ),
 ( 6.000000000000000000, 7.000000000000000000 ),
 .UNSPECIFIED. ) ;
#5390 = CARTESIAN_POINT ( 'NONE',  ( 0.4702973713649610800, -0.4029596382106130400, 0.5300000000000000300 ) ) ;
#5391 = EDGE_CURVE ( 'NONE', #6101, #571, #8461, .T. ) ;
#5392 = CYLINDRICAL_SURFACE ( 'NONE', #8500, 0.05000000000000002400 ) ;
#5393 = CARTESIAN_POINT ( 'NONE',  ( 0.4651048858275191300, -0.4682536517513063400, 0.5400000000000000400 ) ) ;
#5394 = ORIENTED_EDGE ( 'NONE', *, *, #6234, .F. ) ;
#5395 = DIRECTION ( 'NONE',  ( 1.000000000000000000, 0.0000000000000000000, 0.0000000000000000000 ) ) ;
#5396 = ORIENTED_EDGE ( 'NONE', *, *, #31, .F. ) ;
#5397 = LINE ( 'NONE', #8268, #935 ) ;
#5398 = FACE_OUTER_BOUND ( 'NONE', #458, .T. ) ;
#5399 = DIRECTION ( 'NONE',  ( 0.0000000000000000000, 0.0000000000000000000, -1.000000000000000000 ) ) ;
#5400 = ORIENTED_EDGE ( 'NONE', *, *, #8862, .T. ) ;
#5401 = ORIENTED_EDGE ( 'NONE', *, *, #5034, .F. ) ;
#5402 = DIRECTION ( 'NONE',  ( -0.0000000000000000000, 1.000000000000000000, -0.0000000000000000000 ) ) ;
#5403 = CARTESIAN_POINT ( 'NONE',  ( 0.7625288658502892300, -0.4626831691822945700, 0.5300000000000000300 ) ) ;
#5404 = EDGE_CURVE ( 'NONE', #2734, #8023, #2670, .T. ) ;
#5405 = VECTOR ( 'NONE', #8168, 1000.000000000000000 ) ;
#5406 = AXIS2_PLACEMENT_3D ( 'NONE', #9042, #98, #5299 ) ;
#5407 = LINE ( 'NONE', #1568, #7412 ) ;
#5408 = EDGE_CURVE ( 'NONE', #7263, #4495, #6684, .T. ) ;
#5409 = LINE ( 'NONE', #3629, #9183 ) ;
#5410 = ORIENTED_EDGE ( 'NONE', *, *, #1757, .T. ) ;
#5411 = PLANE ( 'NONE',  #1636 ) ;
#5412 = CARTESIAN_POINT ( 'NONE',  ( -0.7249999999999999800, 0.5250000000000000200, 0.0000000000000000000 ) ) ;
#5413 = VERTEX_POINT ( 'NONE', #1657 ) ;
#5414 = CARTESIAN_POINT ( 'NONE',  ( 0.4591365116463585500, -0.4029596382106130400, 0.5400000000000000400 ) ) ;
#5415 = VECTOR ( 'NONE', #1845, 1000.000000000000000 ) ;
#5416 = ADVANCED_FACE ( 'NONE', ( #6461 ), #5575, .T. ) ;
#5417 = CARTESIAN_POINT ( 'NONE',  ( 0.4530089808205556800, -0.5023927520673400200, 0.5400000000000000400 ) ) ;
#5418 = B_SPLINE_CURVE_WITH_KNOTS ( 'NONE', 3,
 ( #7061, #2548, #7318, #6330 ),
 .UNSPECIFIED., .F., .F.,
 ( 4, 4 ),
 ( 5.000000000000000000, 6.000000000000000000 ),
 .UNSPECIFIED. ) ;
#5419 = FACE_OUTER_BOUND ( 'NONE', #7531, .T. ) ;
#5420 = FACE_OUTER_BOUND ( 'NONE', #76, .T. ) ;
#5421 = AXIS2_PLACEMENT_3D ( 'NONE', #8147, #1771, #6652 ) ;
#5422 = CARTESIAN_POINT ( 'NONE',  ( 0.04838056555802260800, -0.4661742161104302500, 0.5400000000000000400 ) ) ;
#5423 = EDGE_LOOP ( 'NONE', ( #6316, #1299 ) ) ;
#5424 = LINE ( 'NONE', #965, #5653 ) ;
#5425 = CARTESIAN_POINT ( 'NONE',  ( -0.7249999999999999800, 6.951819361361712800E-017, 0.0000000000000000000 ) ) ;
#5426 = EDGE_LOOP ( 'NONE', ( #5318, #8883, #7484, #8863 ) ) ;
#5427 = CARTESIAN_POINT ( 'NONE',  ( 0.7057099436465954500, -0.4635585307289159500, 0.5400000000000000400 ) ) ;
#5428 = VECTOR ( 'NONE', #8179, 1000.000000000000000 ) ;
#5429 = COLOUR_RGB ( '',0.6666666666666666300, 0.6666666666666666300, 0.6666666666666666300 ) ;
#5430 = ORIENTED_EDGE ( 'NONE', *, *, #2503, .T. ) ;
#5431 = ORIENTED_EDGE ( 'NONE', *, *, #7038, .F. ) ;
#5432 = B_SPLINE_SURFACE_WITH_KNOTS ( 'NONE', 3, 1, ( 
 ( #1331, #2419 ),
 ( #3199, #6142 ),
 ( #5377, #3675 ),
 ( #893, #8525 ),
 ( #770, #998 ),
 ( #5129, #4378 ),
 ( #6728, #2356 ) ),
 .UNSPECIFIED., .F., .F., .F.,
 ( 4, 3, 4 ),
 ( 2, 2 ),
 ( 2.000000000000000000, 3.000000000000000000, 4.000000000000000000 ),
 ( 0.0000000000000000000, 1.000000000000000000 ),
 .UNSPECIFIED. ) ;
#5433 = DIRECTION ( 'NONE',  ( 0.0000000000000000000, -1.000000000000000000, 0.0000000000000000000 ) ) ;
#5434 = CARTESIAN_POINT ( 'NONE',  ( 0.4918432021587133000, -0.3887946968205875400, 0.5300000000000000300 ) ) ;
#5435 = VERTEX_POINT ( 'NONE', #4285 ) ;
#5436 = EDGE_CURVE ( 'NONE', #9162, #8470, #9568, .T. ) ;
#5437 = CARTESIAN_POINT ( 'NONE',  ( 0.4651048858275191300, -0.4682536517513063400, 0.5300000000000000300 ) ) ;
#5438 = LINE ( 'NONE', #8999, #3446 ) ;
#5439 = DIRECTION ( 'NONE',  ( 1.000000000000000000, 0.0000000000000000000, 0.0000000000000000000 ) ) ;
#5440 =( NAMED_UNIT ( * ) SI_UNIT ( $, .STERADIAN. ) SOLID_ANGLE_UNIT ( ) );
#5441 = EDGE_LOOP ( 'NONE', ( #9404, #7355, #1571, #5163 ) ) ;
#5442 = VECTOR ( 'NONE', #2925, 1000.000000000000000 ) ;
#5443 = B_SPLINE_CURVE_WITH_KNOTS ( 'NONE', 3,
 ( #1392, #5896, #2126, #7425 ),
 .UNSPECIFIED., .F., .F.,
 ( 4, 4 ),
 ( 12.00000000000000000, 13.00000000000000000 ),
 .UNSPECIFIED. ) ;
#5444 = SURFACE_SIDE_STYLE ('',( #6586 ) ) ;
#5445 = AXIS2_PLACEMENT_3D ( 'NONE', #3663, #5157, #673 ) ;
#5446 = ORIENTED_EDGE ( 'NONE', *, *, #7060, .T. ) ;
#5447 = ORIENTED_EDGE ( 'NONE', *, *, #3385, .T. ) ;
#5448 = ADVANCED_FACE ( 'NONE', ( #7607 ), #8635, .T. ) ;
#5449 = CARTESIAN_POINT ( 'NONE',  ( 0.4578632584878590800, -0.4682536517513063400, 0.5400000000000000400 ) ) ;
#5450 = ORIENTED_EDGE ( 'NONE', *, *, #8605, .T. ) ;
#5451 = LINE ( 'NONE', #8368, #1438 ) ;
#5452 = CARTESIAN_POINT ( 'NONE',  ( 0.7142447187253383500, -0.4951909138885769400, 0.5300000000000000300 ) ) ;
#5453 = CARTESIAN_POINT ( 'NONE',  ( 0.6273451906494143000, -0.3617380671998308700, 0.5300000000000000300 ) ) ;
#5454 = CARTESIAN_POINT ( 'NONE',  ( 0.6156073880934355100, -0.3907443657201645800, 0.5400000000000000400 ) ) ;
#5455 = ORIENTED_EDGE ( 'NONE', *, *, #6643, .F. ) ;
#5456 = PLANE ( 'NONE',  #2696 ) ;
#5457 = DIRECTION ( 'NONE',  ( -0.0000000000000000000, -0.0000000000000000000, -1.000000000000000000 ) ) ;
#5458 = FACE_OUTER_BOUND ( 'NONE', #370, .T. ) ;
#5459 = EDGE_CURVE ( 'NONE', #6409, #4007, #2858, .T. ) ;
#5460 = ORIENTED_EDGE ( 'NONE', *, *, #3853, .F. ) ;
#5461 = ORIENTED_EDGE ( 'NONE', *, *, #5808, .F. ) ;
#5462 = UNCERTAINTY_MEASURE_WITH_UNIT (LENGTH_MEASURE( 1.000000000000000100E-005 ), #5495, 'distance_accuracy_value', 'NONE');
#5463 = EDGE_CURVE ( 'NONE', #1504, #7620, #6890, .T. ) ;
#5464 = CARTESIAN_POINT ( 'NONE',  ( -0.004187346072788054000, -0.4977149683664612300, 0.5400000000000000400 ) ) ;
#5465 = VECTOR ( 'NONE', #6044, 1000.000000000000000 ) ;
#5466 = DIRECTION ( 'NONE',  ( 1.000000000000000000, 0.0000000000000000000, 0.0000000000000000000 ) ) ;
#5467 = FACE_OUTER_BOUND ( 'NONE', #4507, .T. ) ;
#5468 = ORIENTED_EDGE ( 'NONE', *, *, #7995, .F. ) ;
#5469 = VERTEX_POINT ( 'NONE', #8344 ) ;
#5470 = ORIENTED_EDGE ( 'NONE', *, *, #310, .F. ) ;
#5471 = DIRECTION ( 'NONE',  ( -1.000000000000000000, 0.0000000000000000000, 0.0000000000000000000 ) ) ;
#5472 = PLANE ( 'NONE',  #7570 ) ;
#5473 = CARTESIAN_POINT ( 'NONE',  ( 0.5114791532143173600, -0.4782407312145751700, 0.5400000000000000400 ) ) ;
#5474 = AXIS2_PLACEMENT_3D ( 'NONE', #6725, #1530, #6806 ) ;
#5475 = CARTESIAN_POINT ( 'NONE',  ( 0.5447627865640487500, -0.5510151070621655000, 0.5400000000000000400 ) ) ;
#5476 = ADVANCED_FACE ( 'NONE', ( #883 ), #3848, .F. ) ;
#5477 = AXIS2_PLACEMENT_3D ( 'NONE', #4339, #9607, #5859 ) ;
#5478 = CARTESIAN_POINT ( 'NONE',  ( 0.1662433066272454600, -0.3361378739537001500, 0.5300000000000000300 ) ) ;
#5479 = ORIENTED_EDGE ( 'NONE', *, *, #2478, .F. ) ;
#5480 = CARTESIAN_POINT ( 'NONE',  ( 0.1136754108275356600, -0.5187421435731359700, 0.5300000000000000300 ) ) ;
#5481 = VERTEX_POINT ( 'NONE', #9098 ) ;
#5482 = VERTEX_POINT ( 'NONE', #7646 ) ;
#5483 = EDGE_LOOP ( 'NONE', ( #19, #8752 ) ) ;
#5484 = EDGE_CURVE ( 'NONE', #7127, #649, #6403, .T. ) ;
#5485 = CARTESIAN_POINT ( 'NONE',  ( 0.7130709384700055800, -0.4575901565477583600, 0.5400000000000000400 ) ) ;
#5486 = PLANE ( 'NONE',  #1578 ) ;
#5487 = VERTEX_POINT ( 'NONE', #1620 ) ;
#5488 = CARTESIAN_POINT ( 'NONE',  ( 0.4918432021587133000, -0.3256890871464422900, 0.5400000000000000400 ) ) ;
#5489 = SURFACE_STYLE_FILL_AREA ( #8226 ) ;
#5490 = CARTESIAN_POINT ( 'NONE',  ( -0.001420598883641920400, -0.3743187698585325200, 0.5400000000000000400 ) ) ;
#5491 = DIRECTION ( 'NONE',  ( 0.0000000000000000000, 1.000000000000000000, 0.0000000000000000000 ) ) ;
#5492 = CARTESIAN_POINT ( 'NONE',  ( 0.3256070286187669500, -0.4479138039247974600, 0.5300000000000000300 ) ) ;
#5493 = PRESENTATION_LAYER_ASSIGNMENT (  '', '', ( #4453 ) ) ;
#5494 = COLOUR_RGB ( '',0.6666666666666666300, 0.6666666666666666300, 0.6666666666666666300 ) ;
#5495 =( LENGTH_UNIT ( ) NAMED_UNIT ( * ) SI_UNIT ( .MILLI., .METRE. ) );
#5496 = STYLED_ITEM ( 'NONE', ( #1195 ), #3771 ) ;
#5497 = ORIENTED_EDGE ( 'NONE', *, *, #4634, .T. ) ;
#5498 = CARTESIAN_POINT ( 'NONE',  ( 0.5977022655499615300, -0.4016465958906835200, 0.5300000000000000300 ) ) ;
#5499 = VECTOR ( 'NONE', #7780, 1000.000000000000000 ) ;
#5500 = ADVANCED_FACE ( 'NONE', ( #8410 ), #8420, .F. ) ;
#5501 =( LENGTH_UNIT ( ) NAMED_UNIT ( * ) SI_UNIT ( .MILLI., .METRE. ) );
#5502 = EDGE_CURVE ( 'NONE', #6287, #6871, #2630, .T. ) ;
#5503 =( GEOMETRIC_REPRESENTATION_CONTEXT ( 3 ) GLOBAL_UNCERTAINTY_ASSIGNED_CONTEXT ( ( #5462 ) ) GLOBAL_UNIT_ASSIGNED_CONTEXT ( ( #5495, #985, #6241 ) ) REPRESENTATION_CONTEXT ( 'NONE', 'WORKASPACE' ) );
#5504 = VECTOR ( 'NONE', #5711, 1000.000000000000000 ) ;
#5505 = FILL_AREA_STYLE ('',( #2420 ) ) ;
#5506 = B_SPLINE_CURVE_WITH_KNOTS ( 'NONE', 3,
 ( #4928, #3510, #9509, #4995 ),
 .UNSPECIFIED., .F., .F.,
 ( 4, 4 ),
 ( 8.000000000000000000, 9.000000000000000000 ),
 .UNSPECIFIED. ) ;
#5507 = CARTESIAN_POINT ( 'NONE',  ( 0.4405350787820243600, -0.5102312168246958500, 0.5300000000000000300 ) ) ;
#5508 = EDGE_CURVE ( 'NONE', #3442, #3046, #2396, .T. ) ;
#5509 = CARTESIAN_POINT ( 'NONE',  ( 0.2000000000000000900, 5.421010862427522200E-017, -0.02000000000000000000 ) ) ;
#5510 = EDGE_CURVE ( 'NONE', #8347, #3790, #420, .T. ) ;
#5511 = CARTESIAN_POINT ( 'NONE',  ( 0.5338605563932628000, -0.5191041997738421500, 0.5400000000000000400 ) ) ;
#5512 = CARTESIAN_POINT ( 'NONE',  ( 0.3893463228890840000, -0.5251123631161628300, 0.5300000000000000300 ) ) ;
#5513 = DIRECTION ( 'NONE',  ( 0.0000000000000000000, 0.0000000000000000000, -1.000000000000000000 ) ) ;
#5514 = ORIENTED_EDGE ( 'NONE', *, *, #4861, .F. ) ;
#5515 = ORIENTED_EDGE ( 'NONE', *, *, #3684, .T. ) ;
#5516 = ADVANCED_FACE ( 'NONE', ( #6176 ), #9054, .F. ) ;
#5517 = LINE ( 'NONE', #3763, #9508 ) ;
#5518 = DIRECTION ( 'NONE',  ( -0.0000000000000000000, -0.0000000000000000000, -1.000000000000000000 ) ) ;
#5519 = AXIS2_PLACEMENT_3D ( 'NONE', #5609, #1108, #6372 ) ;
#5520 = VERTEX_POINT ( 'NONE', #4264 ) ;
#5521 = CARTESIAN_POINT ( 'NONE',  ( 0.6427634906171156800, -0.4900581120928776400, 0.5400000000000000400 ) ) ;
#5522 = CIRCLE ( 'NONE', #8016, 0.1249999999999999400 ) ;
#5523 = VECTOR ( 'NONE', #9048, 1000.000000000000000 ) ;
#5524 = PLANE ( 'NONE',  #8568 ) ;
#5525 = ORIENTED_EDGE ( 'NONE', *, *, #8274, .T. ) ;
#5526 = EDGE_CURVE ( 'NONE', #3804, #2531, #7048, .T. ) ;
#5527 = ORIENTED_EDGE ( 'NONE', *, *, #9112, .F. ) ;
#5528 = PLANE ( 'NONE',  #70 ) ;
#5529 = FACE_OUTER_BOUND ( 'NONE', #7825, .T. ) ;
#5530 = PLANE ( 'NONE',  #4191 ) ;
#5531 = VECTOR ( 'NONE', #6381, 1000.000000000000000 ) ;
#5532 = LINE ( 'NONE', #7929, #3310 ) ;
#5533 = ORIENTED_EDGE ( 'NONE', *, *, #6577, .F. ) ;
#5534 = ORIENTED_EDGE ( 'NONE', *, *, #428, .F. ) ;
#5535 = ORIENTED_EDGE ( 'NONE', *, *, #7884, .F. ) ;
#5536 = AXIS2_PLACEMENT_3D ( 'NONE', #7760, #3246, #8495 ) ;
#5537 = EDGE_CURVE ( 'NONE', #4700, #8390, #211, .T. ) ;
#5538 = ORIENTED_EDGE ( 'NONE', *, *, #8468, .F. ) ;
#5539 = FILL_AREA_STYLE_COLOUR ( '', #5494 ) ;
#5540 = LINE ( 'NONE', #2805, #7313 ) ;
#5541 = FILL_AREA_STYLE ('',( #9247 ) ) ;
#5542 = ORIENTED_EDGE ( 'NONE', *, *, #9412, .T. ) ;
#5543 = CARTESIAN_POINT ( 'NONE',  ( 0.7142447187253383500, -0.4757738032193628600, 0.5400000000000000400 ) ) ;
#5544 = B_SPLINE_CURVE_WITH_KNOTS ( 'NONE', 3,
 ( #7673, #2415, #3907, #6911 ),
 .UNSPECIFIED., .F., .F.,
 ( 4, 4 ),
 ( 2.000000000000000000, 3.000000000000000000 ),
 .UNSPECIFIED. ) ;
#5545 = ORIENTED_EDGE ( 'NONE', *, *, #1833, .F. ) ;
#5546 = AXIS2_PLACEMENT_3D ( 'NONE', #4115, #4983, #2608 ) ;
#5547 = LINE ( 'NONE', #7026, #3553 ) ;
#5548 = PRESENTATION_LAYER_ASSIGNMENT (  '', '', ( #5020 ) ) ;
#5549 = CARTESIAN_POINT ( 'NONE',  ( 0.0000000000000000000, 0.0000000000000000000, 0.5300000000000000300 ) ) ;
#5550 = PRESENTATION_STYLE_ASSIGNMENT (( #1682 ) ) ;
#5551 = CARTESIAN_POINT ( 'NONE',  ( 0.5950562863295227900, -0.3327715578411892800, 0.5300000000000000300 ) ) ;
#5552 = FILL_AREA_STYLE ('',( #8526 ) ) ;
#5553 = CARTESIAN_POINT ( 'NONE',  ( 0.2547787100791827400, -0.5253822819453388700, 0.5300000000000000300 ) ) ;
#5554 = DIRECTION ( 'NONE',  ( 0.3897582650654751200, 0.9209172030172695400, 0.0000000000000000000 ) ) ;
#5555 =( NAMED_UNIT ( * ) SI_UNIT ( $, .STERADIAN. ) SOLID_ANGLE_UNIT ( ) );
#5556 = VERTEX_POINT ( 'NONE', #2033 ) ;
#5557 = FACE_OUTER_BOUND ( 'NONE', #8466, .T. ) ;
#5558 = UNCERTAINTY_MEASURE_WITH_UNIT (LENGTH_MEASURE( 1.000000000000000100E-005 ), #5873, 'distance_accuracy_value', 'NONE');
#5559 = ORIENTED_EDGE ( 'NONE', *, *, #9237, .T. ) ;
#5560 = ADVANCED_FACE ( 'NONE', ( #2133 ), #5834, .F. ) ;
#5561 = EDGE_CURVE ( 'NONE', #1221, #7883, #9687, .T. ) ;
#5562 = CARTESIAN_POINT ( 'NONE',  ( 0.4405350787820243600, -0.5102312168246958500, 0.5300000000000000300 ) ) ;
#5563 = EDGE_CURVE ( 'NONE', #6576, #2953, #1902, .T. ) ;
#5564 = COLOUR_RGB ( '',0.6666666666666666300, 0.6666666666666666300, 0.6666666666666666300 ) ;
#5565 = ORIENTED_EDGE ( 'NONE', *, *, #8814, .T. ) ;
#5566 = LINE ( 'NONE', #3566, #3570 ) ;
#5567 = ORIENTED_EDGE ( 'NONE', *, *, #4194, .F. ) ;
#5568 = EDGE_LOOP ( 'NONE', ( #4642, #2465, #6956, #6291 ) ) ;
#5569 = VERTEX_POINT ( 'NONE', #9596 ) ;
#5570 = VECTOR ( 'NONE', #7889, 1000.000000000000000 ) ;
#5571 =( NAMED_UNIT ( * ) PLANE_ANGLE_UNIT ( ) SI_UNIT ( $, .RADIAN. ) );
#5572 = DIRECTION ( 'NONE',  ( -0.0000000000000000000, 0.0000000000000000000, -1.000000000000000000 ) ) ;
#5573 = LINE ( 'NONE', #2866, #9108 ) ;
#5574 = B_SPLINE_SURFACE_WITH_KNOTS ( 'NONE', 3, 1, ( 
 ( #6564, #5434 ),
 ( #4101, #4887 ),
 ( #340, #5986 ),
 ( #6066, #3699 ) ),
 .UNSPECIFIED., .F., .F., .F.,
 ( 4, 4 ),
 ( 2, 2 ),
 ( 12.00000000000000000, 13.00000000000000000 ),
 ( 0.0000000000000000000, 1.000000000000000000 ),
 .UNSPECIFIED. ) ;
#5575 = CYLINDRICAL_SURFACE ( 'NONE', #5265, 0.1250000000000000000 ) ;
#5576 = PLANE ( 'NONE',  #6029 ) ;
#5577 = ORIENTED_EDGE ( 'NONE', *, *, #7434, .T. ) ;
#5578 = EDGE_CURVE ( 'NONE', #9695, #5481, #383, .T. ) ;
#5579 = ORIENTED_EDGE ( 'NONE', *, *, #6261, .T. ) ;
#5580 = ORIENTED_EDGE ( 'NONE', *, *, #5174, .F. ) ;
#5581 = ORIENTED_EDGE ( 'NONE', *, *, #2141, .F. ) ;
#5582 = EDGE_CURVE ( 'NONE', #2235, #7246, #7725, .T. ) ;
#5583 = DIRECTION ( 'NONE',  ( -0.0000000000000000000, -0.0000000000000000000, -1.000000000000000000 ) ) ;
#5584 = CARTESIAN_POINT ( 'NONE',  ( 0.4754500677412452100, -0.4807076592092585100, 0.5300000000000000300 ) ) ;
#5585 = CARTESIAN_POINT ( 'NONE',  ( 0.4532477157877887700, -0.5159210668777206600, 0.5400000000000000400 ) ) ;
#5586 = ORIENTED_EDGE ( 'NONE', *, *, #8079, .F. ) ;
#5587 = ORIENTED_EDGE ( 'NONE', *, *, #635, .F. ) ;
#5588 = B_SPLINE_CURVE_WITH_KNOTS ( 'NONE', 3,
 ( #5847, #1354, #6620, #2073 ),
 .UNSPECIFIED., .F., .F.,
 ( 4, 4 ),
 ( 4.000000000000000000, 5.000000000000000000 ),
 .UNSPECIFIED. ) ;
#5589 = LINE ( 'NONE', #2068, #3595 ) ;
#5590 = CARTESIAN_POINT ( 'NONE',  ( 0.4453097781270029000, -0.5220485977035250700, 0.5400000000000000400 ) ) ;
#5591 = B_SPLINE_SURFACE_WITH_KNOTS ( 'NONE', 3, 1, ( 
 ( #8937, #221 ),
 ( #7351, #2404 ),
 ( #2820, #8303 ),
 ( #3372, #7157 ) ),
 .UNSPECIFIED., .F., .F., .F.,
 ( 4, 4 ),
 ( 2, 2 ),
 ( 15.00000000000000000, 16.00000000000000000 ),
 ( 0.0000000000000000000, 1.000000000000000000 ),
 .UNSPECIFIED. ) ;
#5592 = CARTESIAN_POINT ( 'NONE',  ( 0.4312045204789852800, -0.5251123631161628300, 0.5300000000000000300 ) ) ;
#5593 = AXIS2_PLACEMENT_3D ( 'NONE', #5018, #552, #5788 ) ;
#5594 = CARTESIAN_POINT ( 'NONE',  ( 0.5740277146321974800, -0.3327715578411892800, 0.5300000000000000300 ) ) ;
#5595 = CARTESIAN_POINT ( 'NONE',  ( -0.001420598883641920400, -0.3743187698585325200, 0.5400000000000000400 ) ) ;
#5596 = EDGE_CURVE ( 'NONE', #6544, #8922, #3333, .T. ) ;
#5597 = LINE ( 'NONE', #6208, #9594 ) ;
#5598 = VERTEX_POINT ( 'NONE', #8116 ) ;
#5599 = DIRECTION ( 'NONE',  ( -0.0000000000000000000, -0.0000000000000000000, 1.000000000000000000 ) ) ;
#5600 = CARTESIAN_POINT ( 'NONE',  ( 0.4522927759188466500, -0.3402121309869244300, 0.5400000000000000400 ) ) ;
#5601 = CARTESIAN_POINT ( 'NONE',  ( -0.07499999999999995600, 5.421010862427522200E-017, -0.02000000000000000000 ) ) ;
#5602 = CARTESIAN_POINT ( 'NONE',  ( 0.09264826728385712500, -0.4506805247283358100, 0.5300000000000000300 ) ) ;
#5603 = MECHANICAL_DESIGN_GEOMETRIC_PRESENTATION_REPRESENTATION (  '', ( #3596 ), #6118 ) ;
#5604 = B_SPLINE_SURFACE_WITH_KNOTS ( 'NONE', 3, 1, ( 
 ( #7975, #3377 ),
 ( #9486, #4359 ),
 ( #6591, #3980 ),
 ( #3480, #4178 ) ),
 .UNSPECIFIED., .F., .F., .F.,
 ( 4, 4 ),
 ( 2, 2 ),
 ( 10.00000000000000000, 11.00000000000000000 ),
 ( 0.0000000000000000000, 1.000000000000000000 ),
 .UNSPECIFIED. ) ;
#5605 = CARTESIAN_POINT ( 'NONE',  ( 0.04838056555802260800, -0.4661742161104302500, 0.5300000000000000300 ) ) ;
#5606 = AXIS2_PLACEMENT_3D ( 'NONE', #8716, #4198, #8442 ) ;
#5607 = LINE ( 'NONE', #1461, #1607 ) ;
#5608 = ADVANCED_FACE ( 'NONE', ( #7470 ), #2602, .F. ) ;
#5609 = CARTESIAN_POINT ( 'NONE',  ( -0.6999999999999998400, 0.4704525540507067900, 0.5300000000000000300 ) ) ;
#5610 = B_SPLINE_CURVE_WITH_KNOTS ( 'NONE', 3,
 ( #6235, #3988, #7287, #7745 ),
 .UNSPECIFIED., .F., .F.,
 ( 4, 4 ),
 ( 3.000000000000000000, 4.000000000000000000 ),
 .UNSPECIFIED. ) ;
#5611 = CARTESIAN_POINT ( 'NONE',  ( 0.5644584213616583600, -0.5453650461708330300, 0.5400000000000000400 ) ) ;
#5612 = CARTESIAN_POINT ( 'NONE',  ( 0.0000000000000000000, 0.0000000000000000000, 0.0000000000000000000 ) ) ;
#5613 = DIRECTION ( 'NONE',  ( -0.0000000000000000000, -0.0000000000000000000, -1.000000000000000000 ) ) ;
#5614 = EDGE_CURVE ( 'NONE', #3046, #6287, #5918, .T. ) ;
#5615 = CARTESIAN_POINT ( 'NONE',  ( 0.2912995555594620800, -0.4484671628613402000, 0.5400000000000000400 ) ) ;
#5616 = DIRECTION ( 'NONE',  ( -0.0000000000000000000, -0.0000000000000000000, 1.000000000000000000 ) ) ;
#5617 = EDGE_LOOP ( 'NONE', ( #1988, #1674, #514, #1783, #8032, #9057 ) ) ;
#5618 = CARTESIAN_POINT ( 'NONE',  ( 0.07500000000000012200, -0.3999999999999999700, -0.02000000000000000000 ) ) ;
#5619 = VERTEX_POINT ( 'NONE', #5870 ) ;
#5620 = UNCERTAINTY_MEASURE_WITH_UNIT (LENGTH_MEASURE( 1.000000000000000100E-005 ), #3277, 'distance_accuracy_value', 'NONE');
#5621 = CARTESIAN_POINT ( 'NONE',  ( 0.5132298763075574500, -0.5006818181352645800, 0.5400000000000000400 ) ) ;
#5622 = VERTEX_POINT ( 'NONE', #690 ) ;
#5623 = EDGE_CURVE ( 'NONE', #8161, #3880, #3471, .T. ) ;
#5624 = ORIENTED_EDGE ( 'NONE', *, *, #426, .T. ) ;
#5625 = CARTESIAN_POINT ( 'NONE',  ( 0.4405350787820243600, -0.5102312168246958500, 0.5400000000000000400 ) ) ;
#5626 = VECTOR ( 'NONE', #1014, 1000.000000000000000 ) ;
#5627 = CARTESIAN_POINT ( 'NONE',  ( 0.7508905361977452600, -0.4950317572439287300, 0.5300000000000000300 ) ) ;
#5628 = EDGE_CURVE ( 'NONE', #4584, #6101, #4879, .T. ) ;
#5629 = ORIENTED_EDGE ( 'NONE', *, *, #1834, .T. ) ;
#5630 = DIRECTION ( 'NONE',  ( -0.9910683662997715700, -0.1333547648938786000, 0.0000000000000000000 ) ) ;
#5631 = CARTESIAN_POINT ( 'NONE',  ( 0.5259425133130581900, -0.5109474217266660700, 0.5400000000000000400 ) ) ;
#5632 = VERTEX_POINT ( 'NONE', #8969 ) ;
#5633 = B_SPLINE_SURFACE_WITH_KNOTS ( 'NONE', 3, 1, ( 
 ( #68, #1246 ),
 ( #4299, #2825 ),
 ( #8092, #2042 ),
 ( #7359, #4485 ) ),
 .UNSPECIFIED., .F., .F., .F.,
 ( 4, 4 ),
 ( 2, 2 ),
 ( 8.000000000000000000, 9.000000000000000000 ),
 ( 0.0000000000000000000, 1.000000000000000000 ),
 .UNSPECIFIED. ) ;
#5634 = LINE ( 'NONE', #8229, #9410 ) ;
#5635 = CARTESIAN_POINT ( 'NONE',  ( 0.5691535423840491400, -0.5335078761308399400, 0.5400000000000000400 ) ) ;
#5636 = LINE ( 'NONE', #7385, #1635 ) ;
#5637 = VERTEX_POINT ( 'NONE', #3 ) ;
#5638 = B_SPLINE_SURFACE_WITH_KNOTS ( 'NONE', 3, 1, ( 
 ( #100, #6036 ),
 ( #5302, #817 ),
 ( #6073, #1559 ),
 ( #5148, #6756 ) ),
 .UNSPECIFIED., .F., .F., .F.,
 ( 4, 4 ),
 ( 2, 2 ),
 ( 8.000000000000000000, 9.000000000000000000 ),
 ( 0.0000000000000000000, 1.000000000000000000 ),
 .UNSPECIFIED. ) ;
#5639 = ORIENTED_EDGE ( 'NONE', *, *, #5889, .T. ) ;
#5640 = CARTESIAN_POINT ( 'NONE',  ( -0.7499999999999998900, 0.4704525540507067900, 0.5099999999999999000 ) ) ;
#5641 = EDGE_LOOP ( 'NONE', ( #8230, #5282, #1263, #496, #2711, #5139, #6177, #1204, #4159, #2482, #2737, #35 ) ) ;
#5643 = CARTESIAN_POINT ( 'NONE',  ( 0.7508905361977452600, -0.4950317572439287300, 0.5400000000000000400 ) ) ;
#5642 = MECHANICAL_DESIGN_GEOMETRIC_PRESENTATION_REPRESENTATION (  '', ( #3628 ), #6163 ) ;
#5644 = CARTESIAN_POINT ( 'NONE',  ( 0.5430319580516553800, -0.5418238108231916400, 0.5300000000000000300 ) ) ;
#5645 = DIRECTION ( 'NONE',  ( 0.0000000000000000000, -1.000000000000000000, 0.0000000000000000000 ) ) ;
#5646 = LINE ( 'NONE', #3861, #7423 ) ;
#5647 = B_SPLINE_CURVE_WITH_KNOTS ( 'NONE', 3,
 ( #1519, #6097, #2329, #1332 ),
 .UNSPECIFIED., .F., .F.,
 ( 4, 4 ),
 ( 6.000000000000000000, 7.000000000000000000 ),
 .UNSPECIFIED. ) ;
#5648 = EDGE_CURVE ( 'NONE', #3575, #5217, #1686, .T. ) ;
#5649 = ORIENTED_EDGE ( 'NONE', *, *, #5526, .T. ) ;
#5650 = CARTESIAN_POINT ( 'NONE',  ( 0.01573313764587742200, -0.3571650333284799300, 0.5300000000000000300 ) ) ;
#5651 = ADVANCED_FACE ( 'NONE', ( #7945 ), #9136, .F. ) ;
#5652 = CARTESIAN_POINT ( 'NONE',  ( 0.6926789933512694800, -0.5162393801670115400, 0.5300000000000000300 ) ) ;
#5653 = VECTOR ( 'NONE', #8836, 1000.000000000000000 ) ;
#5654 = VERTEX_POINT ( 'NONE', #8067 ) ;
#5655 = LINE ( 'NONE', #8080, #9650 ) ;
#5656 = ORIENTED_EDGE ( 'NONE', *, *, #1526, .T. ) ;
#5657 = ORIENTED_EDGE ( 'NONE', *, *, #1940, .T. ) ;
#5658 = VERTEX_POINT ( 'NONE', #8780 ) ;
#5659 = CARTESIAN_POINT ( 'NONE',  ( 0.4984680974995734900, -0.4845274186850290200, 0.5400000000000000400 ) ) ;
#5660 = VECTOR ( 'NONE', #4625, 1000.000000000000000 ) ;
#5661 = CARTESIAN_POINT ( 'NONE',  ( 0.7634241219774903200, -0.4595796146084971100, 0.5400000000000000400 ) ) ;
#5662 = VERTEX_POINT ( 'NONE', #4280 ) ;
#5663 = CARTESIAN_POINT ( 'NONE',  ( 0.2719324360544583800, -0.4053061579003669500, 0.5300000000000000300 ) ) ;
#5664 = B_SPLINE_SURFACE_WITH_KNOTS ( 'NONE', 3, 1, ( 
 ( #756, #8320 ),
 ( #8956, #2945 ),
 ( #8205, #2167 ),
 ( #7382, #1353 ) ),
 .UNSPECIFIED., .F., .F., .F.,
 ( 4, 4 ),
 ( 2, 2 ),
 ( 4.000000000000000000, 5.000000000000000000 ),
 ( 0.0000000000000000000, 1.000000000000000000 ),
 .UNSPECIFIED. ) ;
#5665 = ORIENTED_EDGE ( 'NONE', *, *, #7229, .F. ) ;
#5666 = ORIENTED_EDGE ( 'NONE', *, *, #1101, .F. ) ;
#5667 = CARTESIAN_POINT ( 'NONE',  ( 0.06830101233683673300, -0.5619031274256207600, 0.5400000000000000400 ) ) ;
#5668 = ORIENTED_EDGE ( 'NONE', *, *, #2994, .F. ) ;
#5669 = B_SPLINE_CURVE_WITH_KNOTS ( 'NONE', 3,
 ( #5464, #6078, #5868, #2031 ),
 .UNSPECIFIED., .F., .F.,
 ( 4, 4 ),
 ( 8.000000000000000000, 9.000000000000000000 ),
 .UNSPECIFIED. ) ;
#5670 =( GEOMETRIC_REPRESENTATION_CONTEXT ( 3 ) GLOBAL_UNCERTAINTY_ASSIGNED_CONTEXT ( ( #1225 ) ) GLOBAL_UNIT_ASSIGNED_CONTEXT ( ( #2233, #9574, #4990 ) ) REPRESENTATION_CONTEXT ( 'NONE', 'WORKASPACE' ) );
#5671 = VECTOR ( 'NONE', #5052, 1000.000000000000000 ) ;
#5672 = AXIS2_PLACEMENT_3D ( 'NONE', #2704, #3495, #8734 ) ;
#5673 = ORIENTED_EDGE ( 'NONE', *, *, #8441, .F. ) ;
#5674 = VECTOR ( 'NONE', #4550, 1000.000000000000000 ) ;
#5675 = UNCERTAINTY_MEASURE_WITH_UNIT (LENGTH_MEASURE( 1.000000000000000100E-005 ), #4091, 'distance_accuracy_value', 'NONE');
#5676 = DIRECTION ( 'NONE',  ( 0.0000000000000000000, -1.000000000000000000, 0.0000000000000000000 ) ) ;
#5677 = CARTESIAN_POINT ( 'NONE',  ( 0.4547398093329471600, -0.5007216072964277800, 0.5300000000000000300 ) ) ;
#5678 = EDGE_LOOP ( 'NONE', ( #8393, #5291, #8529, #6875 ) ) ;
#5679 = VERTEX_POINT ( 'NONE', #3535 ) ;
#5680 = CARTESIAN_POINT ( 'NONE',  ( 0.6140158216453747200, -0.3792850872923186900, 0.5400000000000000400 ) ) ;
#5681 = ORIENTED_EDGE ( 'NONE', *, *, #3605, .F. ) ;
#5682 = CARTESIAN_POINT ( 'NONE',  ( 0.1479828838871060400, -0.5010350375522992800, 0.5400000000000000400 ) ) ;
#5683 = PLANE ( 'NONE',  #3556 ) ;
#5684 = LINE ( 'NONE', #368, #1683 ) ;
#5685 = CARTESIAN_POINT ( 'NONE',  ( 0.7801156751039407500, -0.5038251618707552100, 0.5300000000000000300 ) ) ;
#5686 = VECTOR ( 'NONE', #4349, 1000.000000000000000 ) ;
#5687 = EDGE_CURVE ( 'NONE', #6051, #1455, #3240, .T. ) ;
#5688 = ORIENTED_EDGE ( 'NONE', *, *, #1101, .T. ) ;
#5689 = CARTESIAN_POINT ( 'NONE',  ( 0.09209490834705039200, -0.5287023933481510600, 0.5300000000000000300 ) ) ;
#5690 = ORIENTED_EDGE ( 'NONE', *, *, #9133, .T. ) ;
#5691 = EDGE_LOOP ( 'NONE', ( #1820, #6102, #4059, #5734 ) ) ;
#5692 = FACE_OUTER_BOUND ( 'NONE', #1678, .T. ) ;
#5693 = ORIENTED_EDGE ( 'NONE', *, *, #9023, .F. ) ;
#5694 = EDGE_CURVE ( 'NONE', #1261, #2610, #5213, .T. ) ;
#5695 = CARTESIAN_POINT ( 'NONE',  ( 0.4984084137578308500, -0.5130960364320531500, 0.5400000000000000400 ) ) ;
#5696 = ORIENTED_EDGE ( 'NONE', *, *, #8626, .F. ) ;
#5697 = CARTESIAN_POINT ( 'NONE',  ( 0.5152193343677653500, -0.4916894677026310000, 0.5300000000000000300 ) ) ;
#5698 = ORIENTED_EDGE ( 'NONE', *, *, #564, .T. ) ;
#5699 = COLOUR_RGB ( '',0.6666666666666666300, 0.6666666666666666300, 0.6666666666666666300 ) ;
#5700 = CARTESIAN_POINT ( 'NONE',  ( 0.4532477157877887700, -0.5159210668777206600, 0.5400000000000000400 ) ) ;
#5701 = CARTESIAN_POINT ( 'NONE',  ( 0.6614445018042879300, -0.5251123631161613800, 0.5400000000000000400 ) ) ;
#5702 = CARTESIAN_POINT ( 'NONE',  ( 0.4532477157877887700, -0.5159210668777206600, 0.5400000000000000400 ) ) ;
#5703 = ADVANCED_FACE ( 'NONE', ( #5467 ), #5756, .F. ) ;
#5704 = EDGE_LOOP ( 'NONE', ( #1336, #4945, #5991, #1799, #8980, #5902, #6757, #3126, #2426, #7877, #8403, #2082, #3449, #1444, #1161 ) ) ;
#5705 = FACE_OUTER_BOUND ( 'NONE', #7458, .T. ) ;
#5706 = EDGE_CURVE ( 'NONE', #2924, #1453, #9379, .T. ) ;
#5707 = CARTESIAN_POINT ( 'NONE',  ( 0.2254513619073846000, -0.4600874155668089300, 0.5300000000000000300 ) ) ;
#5708 = SURFACE_STYLE_FILL_AREA ( #4774 ) ;
#5709 = DIRECTION ( 'NONE',  ( 0.0000000000000000000, -0.0000000000000000000, -1.000000000000000000 ) ) ;
#5710 = CARTESIAN_POINT ( 'NONE',  ( 0.5691535423840492500, -0.5335078761308399400, 0.5300000000000000300 ) ) ;
#5711 = DIRECTION ( 'NONE',  ( -0.0000000000000000000, 1.000000000000000000, -0.0000000000000000000 ) ) ;
#5712 = CARTESIAN_POINT ( 'NONE',  ( 0.7208895086473096100, -0.5069287164445540600, 0.5400000000000000400 ) ) ;
#5713 = CARTESIAN_POINT ( 'NONE',  ( 0.7130709384700055800, -0.5142101329456405500, 0.5400000000000000400 ) ) ;
#5714 = DIRECTION ( 'NONE',  ( 0.0000000000000000000, 0.0000000000000000000, -1.000000000000000000 ) ) ;
#5715 = STYLED_ITEM ( 'NONE', ( #4081 ), #186 ) ;
#5716 = CARTESIAN_POINT ( 'NONE',  ( 0.2481385505984884100, -0.4053061579003669500, 0.5400000000000000400 ) ) ;
#5717 = LINE ( 'NONE', #4041, #7757 ) ;
#5718 = EDGE_CURVE ( 'NONE', #6248, #3397, #7941, .T. ) ;
#5719 = CARTESIAN_POINT ( 'NONE',  ( -0.02742788842358112900, -0.4374002374296833700, 0.5400000000000000400 ) ) ;
#5720 = B_SPLINE_SURFACE_WITH_KNOTS ( 'NONE', 3, 1, ( 
 ( #3067, #9071 ),
 ( #7579, #2287 ),
 ( #6816, #1543 ),
 ( #6058, #804 ) ),
 .UNSPECIFIED., .F., .F., .F.,
 ( 4, 4 ),
 ( 2, 2 ),
 ( 2.000000000000000000, 3.000000000000000000 ),
 ( 0.0000000000000000000, 1.000000000000000000 ),
 .UNSPECIFIED. ) ;
#5721 = ORIENTED_EDGE ( 'NONE', *, *, #9092, .F. ) ;
#5722 = DIRECTION ( 'NONE',  ( -0.0000000000000000000, -0.0000000000000000000, -1.000000000000000000 ) ) ;
#5723 = CARTESIAN_POINT ( 'NONE',  ( 0.4851984122370147600, -0.4893419071914362200, 0.5400000000000000400 ) ) ;
#5724 = PLANE ( 'NONE',  #4077 ) ;
#5725 =( GEOMETRIC_REPRESENTATION_CONTEXT ( 3 ) GLOBAL_UNCERTAINTY_ASSIGNED_CONTEXT ( ( #6483 ) ) GLOBAL_UNIT_ASSIGNED_CONTEXT ( ( #902, #6151, #1631 ) ) REPRESENTATION_CONTEXT ( 'NONE', 'WORKASPACE' ) );
#5726 = DIRECTION ( 'NONE',  ( -0.0000000000000000000, -0.0000000000000000000, -1.000000000000000000 ) ) ;
#5727 =( GEOMETRIC_REPRESENTATION_CONTEXT ( 3 ) GLOBAL_UNCERTAINTY_ASSIGNED_CONTEXT ( ( #821 ) ) GLOBAL_UNIT_ASSIGNED_CONTEXT ( ( #5952, #1457, #4429 ) ) REPRESENTATION_CONTEXT ( 'NONE', 'WORKASPACE' ) );
#5728 = ORIENTED_EDGE ( 'NONE', *, *, #3012, .T. ) ;
#5729 =( NAMED_UNIT ( * ) PLANE_ANGLE_UNIT ( ) SI_UNIT ( $, .RADIAN. ) );
#5730 = ADVANCED_FACE ( 'NONE', ( #4963 ), #5724, .F. ) ;
#5731 = DIRECTION ( 'NONE',  ( -0.0000000000000000000, -0.0000000000000000000, -1.000000000000000000 ) ) ;
#5732 = DIRECTION ( 'NONE',  ( -0.7071067811865458000, 0.7071067811865492400, 0.0000000000000000000 ) ) ;
#5733 = ORIENTED_EDGE ( 'NONE', *, *, #2782, .T. ) ;
#5734 = ORIENTED_EDGE ( 'NONE', *, *, #3720, .T. ) ;
#5735 = EDGE_CURVE ( 'NONE', #6702, #8142, #7002, .T. ) ;
#5736 = CARTESIAN_POINT ( 'NONE',  ( 0.7402270409936681000, -0.5251123631161613800, 0.5400000000000000400 ) ) ;
#5737 = DIRECTION ( 'NONE',  ( 0.0000000000000000000, -1.000000000000000000, 0.0000000000000000000 ) ) ;
#5738 = B_SPLINE_SURFACE_WITH_KNOTS ( 'NONE', 3, 1, ( 
 ( #8306, #4549 ),
 ( #4614, #7634 ),
 ( #3121, #8369 ),
 ( #9083, #4582 ) ),
 .UNSPECIFIED., .F., .F., .F.,
 ( 4, 4 ),
 ( 2, 2 ),
 ( 2.000000000000000000, 3.000000000000000000 ),
 ( 0.0000000000000000000, 1.000000000000000000 ),
 .UNSPECIFIED. ) ;
#5739 = CARTESIAN_POINT ( 'NONE',  ( 0.2138310775391865900, -0.4910748299942564500, 0.5300000000000000300 ) ) ;
#5740 = LINE ( 'NONE', #4062, #8223 ) ;
#5741 =( GEOMETRIC_REPRESENTATION_CONTEXT ( 3 ) GLOBAL_UNCERTAINTY_ASSIGNED_CONTEXT ( ( #3472 ) ) GLOBAL_UNIT_ASSIGNED_CONTEXT ( ( #7786, #3273, #8534 ) ) REPRESENTATION_CONTEXT ( 'NONE', 'WORKASPACE' ) );
#5742 = CARTESIAN_POINT ( 'NONE',  ( 0.06221422234719555700, -0.3477581477676581200, 0.5400000000000000400 ) ) ;
#5743 = VECTOR ( 'NONE', #8515, 1000.000000000000000 ) ;
#5744 = EDGE_LOOP ( 'NONE', ( #8910, #4520, #5514, #960 ) ) ;
#5745 = B_SPLINE_CURVE_WITH_KNOTS ( 'NONE', 3,
 ( #6277, #2490, #4032, #9298 ),
 .UNSPECIFIED., .F., .F.,
 ( 4, 4 ),
 ( 2.000000000000000000, 3.000000000000000000 ),
 .UNSPECIFIED. ) ;
#5746 = VERTEX_POINT ( 'NONE', #3486 ) ;
#5747 = ORIENTED_EDGE ( 'NONE', *, *, #2724, .T. ) ;
#5748 = EDGE_CURVE ( 'NONE', #9597, #1648, #2986, .T. ) ;
#5749 = VECTOR ( 'NONE', #5013, 1000.000000000000100 ) ;
#5750 = EDGE_CURVE ( 'NONE', #7948, #7928, #9233, .T. ) ;
#5751 = CARTESIAN_POINT ( 'NONE',  ( 0.2741458295839214700, -0.4899681332291261900, 0.5400000000000000400 ) ) ;
#5752 = VECTOR ( 'NONE', #7153, 1000.000000000000000 ) ;
#5753 = DIRECTION ( 'NONE',  ( -0.0000000000000000000, -0.0000000000000000000, -1.000000000000000000 ) ) ;
#5754 = LINE ( 'NONE', #5635, #9523 ) ;
#5755 = CARTESIAN_POINT ( 'NONE',  ( 0.5217646513862997900, -0.5042628426440655100, 0.5300000000000000300 ) ) ;
#5756 = PLANE ( 'NONE',  #3086 ) ;
#5757 = EDGE_LOOP ( 'NONE', ( #4245, #2015, #223, #6022, #8965, #4424, #585, #5534, #502, #1384, #6854, #4962, #112, #3287 ) ) ;
#5758 = CARTESIAN_POINT ( 'NONE',  ( 0.3893463228890830000, -0.4016465958906849100, 0.5300000000000000300 ) ) ;
#5759 = ORIENTED_EDGE ( 'NONE', *, *, #939, .T. ) ;
#5760 = ORIENTED_EDGE ( 'NONE', *, *, #7630, .T. ) ;
#5761 = VECTOR ( 'NONE', #8022, 1000.000000000000000 ) ;
#5762 = VERTEX_POINT ( 'NONE', #7958 ) ;
#5763 = DIRECTION ( 'NONE',  ( 0.0000000000000000000, 0.0000000000000000000, -1.000000000000000000 ) ) ;
#5764 = CARTESIAN_POINT ( 'NONE',  ( 0.4547398093329471600, -0.5007216072964277800, 0.5400000000000000400 ) ) ;
#5765 = CARTESIAN_POINT ( 'NONE',  ( 0.5690938586423047700, -0.5113851024999749300, 0.5300000000000000300 ) ) ;
#5766 = CARTESIAN_POINT ( 'NONE',  ( 0.4734009259390251100, -0.3225059542497878400, 0.5400000000000000400 ) ) ;
#5767 = MECHANICAL_DESIGN_GEOMETRIC_PRESENTATION_REPRESENTATION (  '', ( #4769 ), #6295 ) ;
#5768 = DIRECTION ( 'NONE',  ( 0.3385350342956530700, 0.9409537876827114300, 0.0000000000000000000 ) ) ;
#5769 = EDGE_CURVE ( 'NONE', #4158, #5155, #758, .T. ) ;
#5770 = CARTESIAN_POINT ( 'NONE',  ( 0.5563414324753793700, -0.5403516118586188000, 0.5300000000000000300 ) ) ;
#5771 = VERTEX_POINT ( 'NONE', #5701 ) ;
#5772 = CIRCLE ( 'NONE', #5536, 0.1250000000000000000 ) ;
#5773 = ORIENTED_EDGE ( 'NONE', *, *, #4067, .T. ) ;
#5774 = ORIENTED_EDGE ( 'NONE', *, *, #6130, .T. ) ;
#5775 = ORIENTED_EDGE ( 'NONE', *, *, #9605, .T. ) ;
#5776 = CARTESIAN_POINT ( 'NONE',  ( 0.2060842424023798000, -0.3361378739537001500, 0.5400000000000000400 ) ) ;
#5777 = ADVANCED_FACE ( 'NONE', ( #6524 ), #3450, .F. ) ;
#5778 = COLOUR_RGB ( '',0.2980392156862745100, 0.2980392156862745100, 0.2980392156862745100 ) ;
#5779 = ORIENTED_EDGE ( 'NONE', *, *, #2013, .F. ) ;
#5780 = STYLED_ITEM ( 'NONE', ( #9254 ), #1573 ) ;
#5781 = VECTOR ( 'NONE', #1681, 1000.000000000000000 ) ;
#5782 = VERTEX_POINT ( 'NONE', #456 ) ;
#5783 = ORIENTED_EDGE ( 'NONE', *, *, #4290, .T. ) ;
#5784 = CARTESIAN_POINT ( 'NONE',  ( 0.4984084137578308500, -0.5231626942171130300, 0.5400000000000000400 ) ) ;
#5785 = ORIENTED_EDGE ( 'NONE', *, *, #5391, .F. ) ;
#5786 = CARTESIAN_POINT ( 'NONE',  ( 0.4441161032908241300, -0.3636081577765559200, 0.5400000000000000400 ) ) ;
#5787 = DIRECTION ( 'NONE',  ( 0.0000000000000000000, 0.0000000000000000000, -1.000000000000000000 ) ) ;
#5788 = DIRECTION ( 'NONE',  ( -1.000000000000000000, 0.0000000000000000000, 0.0000000000000000000 ) ) ;
#5789 = CARTESIAN_POINT ( 'NONE',  ( 0.4984084137578308500, -0.5231626942171130300, 0.5300000000000000300 ) ) ;
#5790 = ORIENTED_EDGE ( 'NONE', *, *, #3816, .T. ) ;
#5791 = LINE ( 'NONE', #2764, #88 ) ;
#5792 = PLANE ( 'NONE',  #4301 ) ;
#5793 = ORIENTED_EDGE ( 'NONE', *, *, #3816, .F. ) ;
#5794 = ORIENTED_EDGE ( 'NONE', *, *, #358, .T. ) ;
#5795 = VECTOR ( 'NONE', #412, 1000.000000000000000 ) ;
#5796 = EDGE_LOOP ( 'NONE', ( #4240, #8424, #8294, #3205 ) ) ;
#5797 = EDGE_CURVE ( 'NONE', #1236, #8018, #996, .T. ) ;
#5798 = PLANE ( 'NONE',  #4085 ) ;
#5799 = CARTESIAN_POINT ( 'NONE',  ( 0.4335719755707609400, -0.3642049951950437900, 0.5400000000000000400 ) ) ;
#5800 = CARTESIAN_POINT ( 'NONE',  ( 0.5134487166939432100, -0.4768481105723250100, 0.5400000000000000400 ) ) ;
#5801 = CARTESIAN_POINT ( 'NONE',  ( 0.7114793720219444500, -0.5027508545177980000, 0.5400000000000000400 ) ) ;
#5802 = CARTESIAN_POINT ( 'NONE',  ( 0.4527702458533204300, -0.5264254054360929500, 0.5300000000000000300 ) ) ;
#5803 = EDGE_LOOP ( 'NONE', ( #1639, #7795, #7918, #650, #9653, #6676, #7830 ) ) ;
#5804 = EDGE_LOOP ( 'NONE', ( #6026, #3930, #7685, #8715 ) ) ;
#5805 = ORIENTED_EDGE ( 'NONE', *, *, #7262, .F. ) ;
#5806 = CARTESIAN_POINT ( 'NONE',  ( 0.4435590550337630800, -0.3923359321682266500, 0.5300000000000000300 ) ) ;
#5807 = CARTESIAN_POINT ( 'NONE',  ( 0.6677908730164815500, -0.3392174019568188200, 0.5400000000000000400 ) ) ;
#5808 = EDGE_CURVE ( 'NONE', #3241, #6944, #1792, .T. ) ;
#5809 = CARTESIAN_POINT ( 'NONE',  ( 0.5348552854233678000, -0.5032681136134282700, 0.5300000000000000300 ) ) ;
#5810 = ORIENTED_EDGE ( 'NONE', *, *, #5034, .T. ) ;
#5811 = EDGE_CURVE ( 'NONE', #7916, #5487, #6752, .T. ) ;
#5812 = ORIENTED_EDGE ( 'NONE', *, *, #857, .T. ) ;
#5813 = CIRCLE ( 'NONE', #2034, 0.1249999999999999700 ) ;
#5814 = CARTESIAN_POINT ( 'NONE',  ( 0.4712722058144859800, -0.5138918196558173200, 0.5400000000000000400 ) ) ;
#5815 = CARTESIAN_POINT ( 'NONE',  ( 0.07500000000000012200, -0.3999999999999999700, -0.02000000000000000000 ) ) ;
#5816 = SURFACE_SIDE_STYLE ('',( #8031 ) ) ;
#5817 = DIRECTION ( 'NONE',  ( 1.000000000000000000, 1.253773678939723400E-014, -0.0000000000000000000 ) ) ;
#5818 = EDGE_LOOP ( 'NONE', ( #2597, #8402, #8650, #8517 ) ) ;
#5819 = CARTESIAN_POINT ( 'NONE',  ( 0.4405350787820243600, -0.4998462457498070700, 0.5300000000000000300 ) ) ;
#5820 = FACE_OUTER_BOUND ( 'NONE', #277, .T. ) ;
#5821 = CIRCLE ( 'NONE', #6185, 0.1250000000000000000 ) ;
#5822 = STYLED_ITEM ( 'NONE', ( #1168 ), #9411 ) ;
#5823 = DIRECTION ( 'NONE',  ( -0.0000000000000000000, 1.000000000000000000, -0.0000000000000000000 ) ) ;
#5824 = ADVANCED_FACE ( 'NONE', ( #4505 ), #4227, .F. ) ;
#5825 = B_SPLINE_SURFACE_WITH_KNOTS ( 'NONE', 3, 1, ( 
 ( #8997, #4480 ),
 ( #8240, #2982 ),
 ( #7501, #2190 ),
 ( #6726, #1467 ) ),
 .UNSPECIFIED., .F., .F., .F.,
 ( 4, 4 ),
 ( 2, 2 ),
 ( 11.00000000000000000, 12.00000000000000000 ),
 ( 0.0000000000000000000, 1.000000000000000000 ),
 .UNSPECIFIED. ) ;
#5826 = EDGE_CURVE ( 'NONE', #5976, #7436, #6293, .T. ) ;
#5827 = EDGE_LOOP ( 'NONE', ( #5307, #4054, #9654, #1181, #2001, #9306, #7917 ) ) ;
#5828 = CARTESIAN_POINT ( 'NONE',  ( 0.6082463932700258300, -0.3400927635034372000, 0.5300000000000000300 ) ) ;
#5829 = CARTESIAN_POINT ( 'NONE',  ( 0.5690938586423047700, -0.5113851024999749300, 0.5400000000000000400 ) ) ;
#5830 = FACE_OUTER_BOUND ( 'NONE', #642, .T. ) ;
#5831 = CARTESIAN_POINT ( 'NONE',  ( 0.6827913867914360300, -0.5162393801670115400, 0.5400000000000000400 ) ) ;
#5832 = CARTESIAN_POINT ( 'NONE',  ( 0.5120759906325400600, -0.4900979012540394000, 0.5300000000000000300 ) ) ;
#5833 = CARTESIAN_POINT ( 'NONE',  ( 0.4713517841370725200, -0.5231229050559527100, 0.5300000000000000300 ) ) ;
#5834 = B_SPLINE_SURFACE_WITH_KNOTS ( 'NONE', 3, 1, ( 
 ( #241, #6584 ),
 ( #8829, #3593 ),
 ( #8083, #5836 ),
 ( #596, #5077 ) ),
 .UNSPECIFIED., .F., .F., .F.,
 ( 4, 4 ),
 ( 2, 2 ),
 ( 8.000000000000000000, 9.000000000000000000 ),
 ( 0.0000000000000000000, 1.000000000000000000 ),
 .UNSPECIFIED. ) ;
#5835 = CARTESIAN_POINT ( 'NONE',  ( 0.7508905361977452600, -0.4950317572439287300, 0.5300000000000000300 ) ) ;
#5836 = CARTESIAN_POINT ( 'NONE',  ( 0.4421266452303495000, -0.5191439889355340400, 0.5300000000000000300 ) ) ;
#5837 = EDGE_CURVE ( 'NONE', #5771, #6061, #6286, .T. ) ;
#5838 =( NAMED_UNIT ( * ) PLANE_ANGLE_UNIT ( ) SI_UNIT ( $, .RADIAN. ) );
#5839 = ORIENTED_EDGE ( 'NONE', *, *, #9169, .F. ) ;
#5840 = ORIENTED_EDGE ( 'NONE', *, *, #2543, .F. ) ;
#5841 = DIRECTION ( 'NONE',  ( -0.0000000000000000000, -0.0000000000000000000, -1.000000000000000000 ) ) ;
#5842 = CARTESIAN_POINT ( 'NONE',  ( 0.5134885058553728700, -0.5264254054360929500, 0.5400000000000000400 ) ) ;
#5843 = FILL_AREA_STYLE_COLOUR ( '', #1347 ) ;
#5844 = CARTESIAN_POINT ( 'NONE',  ( 0.2060842424023816300, -0.5082285559695332000, 0.5300000000000000300 ) ) ;
#5845 = CARTESIAN_POINT ( 'NONE',  ( 0.1933572823775382400, -0.3029370976592576900, 0.5300000000000000300 ) ) ;
#5846 = AXIS2_PLACEMENT_3D ( 'NONE', #2710, #1214, #7772 ) ;
#5847 = CARTESIAN_POINT ( 'NONE',  ( 0.5485626514592382200, -0.5429379073373147300, 0.5300000000000000300 ) ) ;
#5848 = DIRECTION ( 'NONE',  ( 0.3315284183576122600, 0.9434452330799599800, -0.0000000000000000000 ) ) ;
#5849 = AXIS2_PLACEMENT_3D ( 'NONE', #5287, #9074, #4571 ) ;
#5850 = CARTESIAN_POINT ( 'NONE',  ( 0.4751914381934273000, -0.5165179042956770100, 0.5400000000000000400 ) ) ;
#5851 = EDGE_LOOP ( 'NONE', ( #7018, #3421, #4640, #3995 ) ) ;
#5852 = ORIENTED_EDGE ( 'NONE', *, *, #8608, .T. ) ;
#5853 = LINE ( 'NONE', #8474, #4794 ) ;
#5854 = EDGE_LOOP ( 'NONE', ( #7247, #3990, #6216, #194 ) ) ;
#5855 = B_SPLINE_SURFACE_WITH_KNOTS ( 'NONE', 3, 1, ( 
 ( #3597, #8089 ),
 ( #5116, #9629 ),
 ( #641, #1377 ),
 ( #5883, #2111 ) ),
 .UNSPECIFIED., .F., .F., .F.,
 ( 4, 4 ),
 ( 2, 2 ),
 ( 5.000000000000000000, 6.000000000000000000 ),
 ( 0.0000000000000000000, 1.000000000000000000 ),
 .UNSPECIFIED. ) ;
#5856 = VERTEX_POINT ( 'NONE', #8740 ) ;
#5857 = CARTESIAN_POINT ( 'NONE',  ( 0.5952154429746997500, -0.3927736129415362900, 0.5300000000000000300 ) ) ;
#5858 = CARTESIAN_POINT ( 'NONE',  ( 0.2060842424023816300, -0.4988216862395458700, 0.5400000000000000400 ) ) ;
#5859 = DIRECTION ( 'NONE',  ( -1.000000000000000000, 0.0000000000000000000, -0.0000000000000000000 ) ) ;
#5860 = VECTOR ( 'NONE', #2113, 1000.000000000000000 ) ;
#5861 = EDGE_CURVE ( 'NONE', #4161, #264, #309, .T. ) ;
#5862 = VECTOR ( 'NONE', #613, 1000.000000000000000 ) ;
#5863 = PLANE ( 'NONE',  #7096 ) ;
#5864 = EDGE_CURVE ( 'NONE', #4707, #594, #2516, .T. ) ;
#5865 = VERTEX_POINT ( 'NONE', #9431 ) ;
#5866 = B_SPLINE_SURFACE_WITH_KNOTS ( 'NONE', 3, 1, ( 
 ( #1601, #9095 ),
 ( #4478, #4021 ),
 ( #8545, #7288 ),
 ( #1254, #6542 ) ),
 .UNSPECIFIED., .F., .F., .F.,
 ( 4, 4 ),
 ( 2, 2 ),
 ( 4.000000000000000000, 5.000000000000000000 ),
 ( 0.0000000000000000000, 1.000000000000000000 ),
 .UNSPECIFIED. ) ;
#5867 = ORIENTED_EDGE ( 'NONE', *, *, #9364, .F. ) ;
#5868 = CARTESIAN_POINT ( 'NONE',  ( 0.02292662440038213700, -0.5198488192292469700, 0.5400000000000000400 ) ) ;
#5869 = ORIENTED_EDGE ( 'NONE', *, *, #2767, .F. ) ;
#5870 = CARTESIAN_POINT ( 'NONE',  ( 0.4750000000000001400, 0.4000000000000000800, 0.0000000000000000000 ) ) ;
#5871 = CARTESIAN_POINT ( 'NONE',  ( 0.3250536907904472100, -0.4147130487388401300, 0.5400000000000000400 ) ) ;
#5872 = ADVANCED_FACE ( 'NONE', ( #4042 ), #5866, .F. ) ;
#5873 =( LENGTH_UNIT ( ) NAMED_UNIT ( * ) SI_UNIT ( .MILLI., .METRE. ) );
#5874 = LINE ( 'NONE', #5327, #3652 ) ;
#5875 = B_SPLINE_CURVE_WITH_KNOTS ( 'NONE', 3,
 ( #7959, #1901, #8688, #4181 ),
 .UNSPECIFIED., .F., .F.,
 ( 4, 4 ),
 ( 2.000000000000000000, 3.000000000000000000 ),
 .UNSPECIFIED. ) ;
#5876 = FILL_AREA_STYLE_COLOUR ( '', #6152 ) ;
#5877 = EDGE_LOOP ( 'NONE', ( #5345, #6781, #5698, #8354 ) ) ;
#5878 = ORIENTED_EDGE ( 'NONE', *, *, #2870, .F. ) ;
#5879 = DIRECTION ( 'NONE',  ( 1.000000000000000000, -0.0000000000000000000, -0.0000000000000000000 ) ) ;
#5880 = ORIENTED_EDGE ( 'NONE', *, *, #1269, .F. ) ;
#5881 = EDGE_CURVE ( 'NONE', #1628, #4552, #2004, .T. ) ;
#5882 = LINE ( 'NONE', #8035, #7910 ) ;
#5883 = CARTESIAN_POINT ( 'NONE',  ( 0.7130709384700055800, -0.5142101329456405500, 0.5400000000000000400 ) ) ;
#5884 = CARTESIAN_POINT ( 'NONE',  ( 0.4459662992867030600, -0.4828960630758074000, 0.5300000000000000300 ) ) ;
#5885 = ORIENTED_EDGE ( 'NONE', *, *, #7025, .F. ) ;
#5886 = CARTESIAN_POINT ( 'NONE',  ( 0.08379472482794612900, -0.3842789721394494500, 0.5400000000000000400 ) ) ;
#5887 = DIRECTION ( 'NONE',  ( 1.000000000000000000, 0.0000000000000000000, 0.0000000000000000000 ) ) ;
#5888 = FACE_OUTER_BOUND ( 'NONE', #974, .T. ) ;
#5889 = EDGE_CURVE ( 'NONE', #7322, #6223, #7831, .T. ) ;
#5890 = ORIENTED_EDGE ( 'NONE', *, *, #3613, .F. ) ;
#5891 = B_SPLINE_CURVE_WITH_KNOTS ( 'NONE', 3,
 ( #6250, #5498, #259, #4729 ),
 .UNSPECIFIED., .F., .F.,
 ( 4, 4 ),
 ( 5.000000000000000000, 6.000000000000000000 ),
 .UNSPECIFIED. ) ;
#5892 = DIRECTION ( 'NONE',  ( -0.9303007377811918200, 0.3667976789509036500, 0.0000000000000000000 ) ) ;
#5893 = VECTOR ( 'NONE', #4061, 1000.000000000000000 ) ;
#5894 = B_SPLINE_SURFACE_WITH_KNOTS ( 'NONE', 3, 1, ( 
 ( #3505, #1266 ),
 ( #8869, #8792 ),
 ( #5422, #1959 ),
 ( #1897, #454 ) ),
 .UNSPECIFIED., .F., .F., .F.,
 ( 4, 4 ),
 ( 2, 2 ),
 ( 16.00000000000000000, 17.00000000000000000 ),
 ( 0.0000000000000000000, 1.000000000000000000 ),
 .UNSPECIFIED. ) ;
#5895 = VERTEX_POINT ( 'NONE', #3538 ) ;
#5896 = CARTESIAN_POINT ( 'NONE',  ( 0.4514572035333913600, -0.4784396770203850300, 0.5400000000000000400 ) ) ;
#5897 = CARTESIAN_POINT ( 'NONE',  ( 0.6714912650087675500, -0.4562373250666672000, 0.5300000000000000300 ) ) ;
#5898 = CARTESIAN_POINT ( 'NONE',  ( 0.2392850186965596000, -0.3665719188903615000, 0.5300000000000000300 ) ) ;
#5899 = EDGE_CURVE ( 'NONE', #1462, #1282, #3815, .T. ) ;
#5900 = EDGE_LOOP ( 'NONE', ( #1763, #5577, #6374, #3252, #5326, #3141, #9339, #2574 ) ) ;
#5901 = ORIENTED_EDGE ( 'NONE', *, *, #7461, .F. ) ;
#5902 = ORIENTED_EDGE ( 'NONE', *, *, #7461, .T. ) ;
#5903 = CARTESIAN_POINT ( 'NONE',  ( 0.1230823016660108100, -0.5619031274256207600, 0.5400000000000000400 ) ) ;
#5904 = ORIENTED_EDGE ( 'NONE', *, *, #816, .T. ) ;
#5905 = EDGE_CURVE ( 'NONE', #2610, #7235, #5791, .T. ) ;
#5906 = DIRECTION ( 'NONE',  ( -1.000000000000000000, 0.0000000000000000000, 0.0000000000000000000 ) ) ;
#5907 = LINE ( 'NONE', #3448, #4145 ) ;
#5908 = B_SPLINE_SURFACE_WITH_KNOTS ( 'NONE', 3, 1, ( 
 ( #8900, #2897 ),
 ( #9670, #5156 ),
 ( #672, #5926 ),
 ( #1420, #6682 ) ),
 .UNSPECIFIED., .F., .F., .F.,
 ( 4, 4 ),
 ( 2, 2 ),
 ( 7.000000000000000000, 8.000000000000000000 ),
 ( 0.0000000000000000000, 1.000000000000000000 ),
 .UNSPECIFIED. ) ;
#5909 = EDGE_LOOP ( 'NONE', ( #1213, #1791, #2090, #5967 ) ) ;
#5910 = DIRECTION ( 'NONE',  ( -0.0000000000000000000, -1.000000000000000000, -0.0000000000000000000 ) ) ;
#5911 = VECTOR ( 'NONE', #3801, 1000.000000000000000 ) ;
#5912 = CARTESIAN_POINT ( 'NONE',  ( 0.5144434457243153300, -0.5184675731947233600, 0.5300000000000000300 ) ) ;
#5913 = CARTESIAN_POINT ( 'NONE',  ( 0.5492788563609450900, -0.4016465958906835200, 0.5400000000000000400 ) ) ;
#5914 = ORIENTED_EDGE ( 'NONE', *, *, #7535, .F. ) ;
#5915 = CARTESIAN_POINT ( 'NONE',  ( 0.5085148607043181700, -0.4858802501661216900, 0.5300000000000000300 ) ) ;
#5916 =( NAMED_UNIT ( * ) SI_UNIT ( $, .STERADIAN. ) SOLID_ANGLE_UNIT ( ) );
#5917 = VECTOR ( 'NONE', #1432, 1000.000000000000000 ) ;
#5918 = LINE ( 'NONE', #5180, #3697 ) ;
#5919 = DIRECTION ( 'NONE',  ( 0.0000000000000000000, -0.0000000000000000000, 1.000000000000000000 ) ) ;
#5920 = ORIENTED_EDGE ( 'NONE', *, *, #1586, .F. ) ;
#5921 = VERTEX_POINT ( 'NONE', #8068 ) ;
#5922 = ORIENTED_EDGE ( 'NONE', *, *, #7953, .T. ) ;
#5923 = VERTEX_POINT ( 'NONE', #7324 ) ;
#5924 = COLOUR_RGB ( '',0.6666666666666666300, 0.6666666666666666300, 0.6666666666666666300 ) ;
#5925 = CARTESIAN_POINT ( 'NONE',  ( 0.4624390120265000100, -0.4989708842031906300, 0.5400000000000000400 ) ) ;
#5926 = CARTESIAN_POINT ( 'NONE',  ( -0.01912769435023612900, -0.4811146013277278800, 0.5300000000000000300 ) ) ;
#5927 = CARTESIAN_POINT ( 'NONE',  ( 0.7477074033005616200, -0.5038251618707552100, 0.5300000000000000300 ) ) ;
#5928 = EDGE_CURVE ( 'NONE', #8843, #4309, #5566, .T. ) ;
#5929 = ORIENTED_EDGE ( 'NONE', *, *, #7348, .T. ) ;
#5930 = ADVANCED_FACE ( 'NONE', ( #8283 ), #577, .F. ) ;
#5931 = CARTESIAN_POINT ( 'NONE',  ( 0.4335719755707609400, -0.3642049951950437900, 0.5300000000000000300 ) ) ;
#5932 = CARTESIAN_POINT ( 'NONE',  ( 0.6149309723531720700, -0.4900581120928776400, 0.5300000000000000300 ) ) ;
#5933 = DIRECTION ( 'NONE',  ( 0.0000000000000000000, 1.000000000000000000, 0.0000000000000000000 ) ) ;
#5934 = DIRECTION ( 'NONE',  ( -0.0000000000000000000, -0.0000000000000000000, -1.000000000000000000 ) ) ;
#5935 = CARTESIAN_POINT ( 'NONE',  ( 0.4734009259390251100, -0.3225059542497878400, 0.5300000000000000300 ) ) ;
#5936 = CARTESIAN_POINT ( 'NONE',  ( 0.6677908730164815500, -0.3392174019568188200, 0.5400000000000000400 ) ) ;
#5937 = CARTESIAN_POINT ( 'NONE',  ( 0.7880536127652577600, -0.5251123631161613800, 0.5400000000000000400 ) ) ;
#5938 = LINE ( 'NONE', #5950, #3492 ) ;
#5939 = CARTESIAN_POINT ( 'NONE',  ( 0.5292251191126152700, -0.4690494349756042500, 0.5400000000000000400 ) ) ;
#5940 = ORIENTED_EDGE ( 'NONE', *, *, #9452, .T. ) ;
#5941 = VECTOR ( 'NONE', #6365, 1000.000000000000000 ) ;
#5942 = EDGE_CURVE ( 'NONE', #1477, #8347, #7591, .T. ) ;
#5943 = CARTESIAN_POINT ( 'NONE',  ( 0.6000000000000002000, 5.421010862427522200E-017, -0.02000000000000000000 ) ) ;
#5944 = EDGE_CURVE ( 'NONE', #6646, #8166, #9341, .T. ) ;
#5945 = CARTESIAN_POINT ( 'NONE',  ( 0.2647389598541977600, -0.3588250731993156700, 0.5300000000000000300 ) ) ;
#5946 = CARTESIAN_POINT ( 'NONE',  ( -0.3249999999999999000, -0.3999999999999999700, 0.0000000000000000000 ) ) ;
#5947 = CARTESIAN_POINT ( 'NONE',  ( 0.3993930860938300600, -0.4811453399825681400, 0.5400000000000000400 ) ) ;
#5948 = VERTEX_POINT ( 'NONE', #8841 ) ;
#5949 = CARTESIAN_POINT ( 'NONE',  ( 0.5585497309222428000, -0.5350994425794315400, 0.5400000000000000400 ) ) ;
#5950 = CARTESIAN_POINT ( 'NONE',  ( 0.6826521247273690300, -0.3803593946447457200, 0.5400000000000000400 ) ) ;
#5951 = CARTESIAN_POINT ( 'NONE',  ( 0.5140256595315849700, -0.4682536517513063400, 0.5300000000000000300 ) ) ;
#5952 =( LENGTH_UNIT ( ) NAMED_UNIT ( * ) SI_UNIT ( .MILLI., .METRE. ) );
#5953 = B_SPLINE_SURFACE_WITH_KNOTS ( 'NONE', 3, 1, ( 
 ( #6201, #7737 ),
 ( #9230, #4705 ),
 ( #242, #5480 ),
 ( #967, #6228 ),
 ( #1712, #6997 ),
 ( #2472, #7765 ),
 ( #3251, #8502 ) ),
 .UNSPECIFIED., .F., .F., .F.,
 ( 4, 3, 4 ),
 ( 2, 2 ),
 ( 0.0000000000000000000, 1.000000000000000000, 2.000000000000000000 ),
 ( 0.0000000000000000000, 1.000000000000000000 ),
 .UNSPECIFIED. ) ;
#5954 = CARTESIAN_POINT ( 'NONE',  ( 0.7130709384700055800, -0.5142101329456405500, 0.5300000000000000300 ) ) ;
#5955 = CARTESIAN_POINT ( 'NONE',  ( 0.5628270657521692300, -0.5249929956326748700, 0.5400000000000000400 ) ) ;
#5956 = B_SPLINE_CURVE_WITH_KNOTS ( 'NONE', 3,
 ( #7167, #7922, #8684, #1856 ),
 .UNSPECIFIED., .F., .F.,
 ( 4, 4 ),
 ( 15.00000000000000000, 16.00000000000000000 ),
 .UNSPECIFIED. ) ;
#5957 = PRODUCT_DEFINITION ( '未知', '', #6479, #933 ) ;
#5958 = CARTESIAN_POINT ( 'NONE',  ( 0.6828510705337107500, -0.5251123631161613800, 0.5300000000000000300 ) ) ;
#5959 = PRESENTATION_LAYER_ASSIGNMENT (  '', '', ( #4938 ) ) ;
#5960 = EDGE_CURVE ( 'NONE', #3369, #9041, #5588, .T. ) ;
#5961 = CARTESIAN_POINT ( 'NONE',  ( 0.5144434457243153300, -0.5184675731947233600, 0.5300000000000000300 ) ) ;
#5962 = CARTESIAN_POINT ( 'NONE',  ( 0.4448124136116833900, -0.3339652326776322300, 0.5400000000000000400 ) ) ;
#5963 = CARTESIAN_POINT ( 'NONE',  ( 0.5585497309222428000, -0.5350994425794315400, 0.5400000000000000400 ) ) ;
#5964 = CARTESIAN_POINT ( 'NONE',  ( 0.4918432021587133000, -0.3887946968205875400, 0.5300000000000000300 ) ) ;
#5965 = DIRECTION ( 'NONE',  ( 0.0000000000000000000, 1.000000000000000000, -0.0000000000000000000 ) ) ;
#5966 = CARTESIAN_POINT ( 'NONE',  ( 0.6925198367066247600, -0.4562373250666672000, 0.5400000000000000400 ) ) ;
#5967 = ORIENTED_EDGE ( 'NONE', *, *, #598, .T. ) ;
#5968 = CARTESIAN_POINT ( 'NONE',  ( 0.6670149843727671800, -0.3363525823499887200, 0.5400000000000000400 ) ) ;
#5969 = LINE ( 'NONE', #5371, #3974 ) ;
#5970 = CARTESIAN_POINT ( 'NONE',  ( 0.4713517841370725200, -0.5231229050559527100, 0.5400000000000000400 ) ) ;
#5971 = MECHANICAL_DESIGN_GEOMETRIC_PRESENTATION_REPRESENTATION (  '', ( #4453 ), #6494 ) ;
#5972 = CARTESIAN_POINT ( 'NONE',  ( 0.4272256043582997600, -0.4811453399825681400, 0.5400000000000000400 ) ) ;
#5973 = ORIENTED_EDGE ( 'NONE', *, *, #6282, .T. ) ;
#5974 = CARTESIAN_POINT ( 'NONE',  ( 0.4522927759188466500, -0.3402121309869244300, 0.5400000000000000400 ) ) ;
#5975 = AXIS2_PLACEMENT_3D ( 'NONE', #679, #6873, #3366 ) ;
#5976 = VERTEX_POINT ( 'NONE', #2869 ) ;
#5977 = LINE ( 'NONE', #40, #4197 ) ;
#5978 = PRESENTATION_STYLE_ASSIGNMENT (( #4524 ) ) ;
#5979 = DIRECTION ( 'NONE',  ( 0.3315284183504291200, 0.9434452330824841800, -0.0000000000000000000 ) ) ;
#5980 = ADVANCED_FACE ( 'NONE', ( #7342 ), #2043, .T. ) ;
#5981 = CARTESIAN_POINT ( 'NONE',  ( 0.6449717890642460100, -0.4472847637951952700, 0.5300000000000000300 ) ) ;
#5982 = CARTESIAN_POINT ( 'NONE',  ( 0.4512980468884779700, -0.5040638968377261200, 0.5300000000000000300 ) ) ;
#5983 = VECTOR ( 'NONE', #448, 1000.000000000000000 ) ;
#5984 = CARTESIAN_POINT ( 'NONE',  ( 0.7130709384700055800, -0.4575901565477583600, 0.5300000000000000300 ) ) ;
#5985 = CARTESIAN_POINT ( 'NONE',  ( 0.7477074033005616200, -0.5038251618707552100, 0.5400000000000000400 ) ) ;
#5986 = CARTESIAN_POINT ( 'NONE',  ( 0.4794488784425081100, -0.3940070769391410500, 0.5300000000000000300 ) ) ;
#5987 = CARTESIAN_POINT ( 'NONE',  ( 0.5578534206011176400, -0.5512936311908295300, 0.5400000000000000400 ) ) ;
#5988 = CIRCLE ( 'NONE', #6509, 0.1249999999999999400 ) ;
#5989 = EDGE_CURVE ( 'NONE', #3176, #5178, #7872, .T. ) ;
#5990 = DIRECTION ( 'NONE',  ( -0.0000000000000000000, -0.0000000000000000000, 1.000000000000000000 ) ) ;
#5991 = ORIENTED_EDGE ( 'NONE', *, *, #5648, .T. ) ;
#5992 = CARTESIAN_POINT ( 'NONE',  ( 0.6427634906171156800, -0.4811453399825667000, 0.5400000000000000400 ) ) ;
#5993 = CARTESIAN_POINT ( 'NONE',  ( 0.4862727195897053600, -0.3330898711310145100, 0.5400000000000000400 ) ) ;
#5994 = ORIENTED_EDGE ( 'NONE', *, *, #9592, .F. ) ;
#5995 = CARTESIAN_POINT ( 'NONE',  ( 0.0000000000000000000, 0.0000000000000000000, 0.5400000000000000400 ) ) ;
#5996 = VERTEX_POINT ( 'NONE', #2116 ) ;
#5997 = DIRECTION ( 'NONE',  ( -0.0000000000000000000, -0.0000000000000000000, -1.000000000000000000 ) ) ;
#5998 = VECTOR ( 'NONE', #4740, 1000.000000000000000 ) ;
#5999 = CYLINDRICAL_SURFACE ( 'NONE', #1638, 0.1249999999999999700 ) ;
#6000 = LINE ( 'NONE', #1781, #7794 ) ;
#6001 = ORIENTED_EDGE ( 'NONE', *, *, #6331, .F. ) ;
#6002 =( LENGTH_UNIT ( ) NAMED_UNIT ( * ) SI_UNIT ( .MILLI., .METRE. ) );
#6003 = CARTESIAN_POINT ( 'NONE',  ( 0.4527702458533204300, -0.5264254054360929500, 0.5400000000000000400 ) ) ;
#6004 = CARTESIAN_POINT ( 'NONE',  ( 0.4754500677412452100, -0.4972201611099502600, 0.5400000000000000400 ) ) ;
#6005 = ORIENTED_EDGE ( 'NONE', *, *, #2782, .F. ) ;
#6006 = CARTESIAN_POINT ( 'NONE',  ( 0.09209491890129167800, -0.3892590864732475800, 0.5300000000000000300 ) ) ;
#6007 = EDGE_CURVE ( 'NONE', #5178, #7127, #8669, .T. ) ;
#6008 = CARTESIAN_POINT ( 'NONE',  ( 0.4656619340843122800, -0.5264254054360929500, 0.5300000000000000300 ) ) ;
#6009 = FACE_BOUND ( 'NONE', #5617, .T. ) ;
#6010 = ADVANCED_FACE ( 'NONE', ( #9561 ), #5908, .F. ) ;
#6011 = ORIENTED_EDGE ( 'NONE', *, *, #9429, .T. ) ;
#6012 = EDGE_CURVE ( 'NONE', #785, #5556, #9100, .T. ) ;
#6013 = B_SPLINE_SURFACE_WITH_KNOTS ( 'NONE', 3, 1, ( 
 ( #8975, #5226 ),
 ( #731, #5982 ),
 ( #1481, #6749 ),
 ( #2211, #7515 ) ),
 .UNSPECIFIED., .F., .F., .F.,
 ( 4, 4 ),
 ( 2, 2 ),
 ( 1.000000000000000000, 2.000000000000000000 ),
 ( 0.0000000000000000000, 1.000000000000000000 ),
 .UNSPECIFIED. ) ;
#6014 = VECTOR ( 'NONE', #3852, 1000.000000000000000 ) ;
#6015 = LINE ( 'NONE', #8702, #7803 ) ;
#6016 = CARTESIAN_POINT ( 'NONE',  ( 0.4435590550337630800, -0.3923359321682266500, 0.5400000000000000400 ) ) ;
#6017 = VERTEX_POINT ( 'NONE', #7453 ) ;
#6018 = CARTESIAN_POINT ( 'NONE',  ( 0.06664098829816170200, -0.3477581477676581200, 0.5300000000000000300 ) ) ;
#6019 = CARTESIAN_POINT ( 'NONE',  ( 0.7248087410265148200, -0.4736649776756705600, 0.5400000000000000400 ) ) ;
#6020 = PRESENTATION_STYLE_ASSIGNMENT (( #1276 ) ) ;
#6021 = B_SPLINE_CURVE_WITH_KNOTS ( 'NONE', 3,
 ( #5702, #4204, #6502, #1948 ),
 .UNSPECIFIED., .F., .F.,
 ( 4, 4 ),
 ( 3.000000000000000000, 4.000000000000000000 ),
 .UNSPECIFIED. ) ;
#6022 = ORIENTED_EDGE ( 'NONE', *, *, #4919, .F. ) ;
#6023 = CARTESIAN_POINT ( 'NONE',  ( 0.7695118636426638800, -0.4472847637951944400, 0.5400000000000000400 ) ) ;
#6024 = VECTOR ( 'NONE', #904, 1000.000000000000000 ) ;
#6025 = LINE ( 'NONE', #8296, #1985 ) ;
#6026 = ORIENTED_EDGE ( 'NONE', *, *, #6865, .T. ) ;
#6027 = EDGE_LOOP ( 'NONE', ( #8519, #3522, #5535, #5430 ) ) ;
#6028 = CARTESIAN_POINT ( 'NONE',  ( 0.5740277146321974800, -0.3327715578411892800, 0.5300000000000000300 ) ) ;
#6029 = AXIS2_PLACEMENT_3D ( 'NONE', #7107, #7867, #3357 ) ;
#6030 = CARTESIAN_POINT ( 'NONE',  ( 0.7801156751039408600, -0.5038251618707552100, 0.5400000000000000400 ) ) ;
#6031 = CARTESIAN_POINT ( 'NONE',  ( 0.5140256595315849700, -0.4682536517513063400, 0.5400000000000000400 ) ) ;
#6032 = CARTESIAN_POINT ( 'NONE',  ( 0.6273451906494143000, -0.3617380671998308700, 0.5400000000000000400 ) ) ;
#6033 = CARTESIAN_POINT ( 'NONE',  ( 0.5144434457243153300, -0.5184675731947233600, 0.5400000000000000400 ) ) ;
#6034 = VECTOR ( 'NONE', #6617, 1000.000000000000000 ) ;
#6035 = EDGE_CURVE ( 'NONE', #755, #2960, #7113, .T. ) ;
#6036 = CARTESIAN_POINT ( 'NONE',  ( -0.004187346072788054000, -0.4977149683664612300, 0.5300000000000000300 ) ) ;
#6037 = ORIENTED_EDGE ( 'NONE', *, *, #2686, .T. ) ;
#6038 = SURFACE_STYLE_USAGE ( .BOTH. , #790 ) ;
#6039 = VERTEX_POINT ( 'NONE', #3705 ) ;
#6040 = EDGE_LOOP ( 'NONE', ( #2589, #6936, #5225, #4094 ) ) ;
#6041 = VERTEX_POINT ( 'NONE', #705 ) ;
#6042 = ADVANCED_FACE ( 'NONE', ( #3344 ), #1458, .F. ) ;
#6043 = DIRECTION ( 'NONE',  ( -1.000000000000000000, 0.0000000000000000000, -0.0000000000000000000 ) ) ;
#6044 = DIRECTION ( 'NONE',  ( -0.0000000000000000000, -0.0000000000000000000, -1.000000000000000000 ) ) ;
#6045 = DIRECTION ( 'NONE',  ( -0.0000000000000000000, -0.0000000000000000000, -1.000000000000000000 ) ) ;
#6046 = ORIENTED_EDGE ( 'NONE', *, *, #8431, .T. ) ;
#6047 =( NAMED_UNIT ( * ) PLANE_ANGLE_UNIT ( ) SI_UNIT ( $, .RADIAN. ) );
#6048 = VECTOR ( 'NONE', #1982, 1000.000000000000000 ) ;
#6049 = AXIS2_PLACEMENT_3D ( 'NONE', #9184, #6955, #2433 ) ;
#6050 = SURFACE_STYLE_USAGE ( .BOTH. , #798 ) ;
#6051 = VERTEX_POINT ( 'NONE', #4430 ) ;
#6052 = VERTEX_POINT ( 'NONE', #8231 ) ;
#6053 = CIRCLE ( 'NONE', #1027, 0.05000000000000002400 ) ;
#6054 = EDGE_CURVE ( 'NONE', #1628, #9287, #5076, .T. ) ;
#6055 = DIRECTION ( 'NONE',  ( 1.000000000000000000, 0.0000000000000000000, 0.0000000000000000000 ) ) ;
#6056 = B_SPLINE_CURVE_WITH_KNOTS ( 'NONE', 3,
 ( #8685, #1898, #431, #4889, #9424, #4154, #8661 ),
 .UNSPECIFIED., .F., .F.,
 ( 4, 3, 4 ),
 ( 0.0000000000000000000, 1.000000000000000000, 2.000000000000000000 ),
 .UNSPECIFIED. ) ;
#6057 = DIRECTION ( 'NONE',  ( 0.0000000000000000000, 0.0000000000000000000, -1.000000000000000000 ) ) ;
#6058 = CARTESIAN_POINT ( 'NONE',  ( 0.5861833033809015200, -0.3238189965697173000, 0.5400000000000000400 ) ) ;
#6059 = VERTEX_POINT ( 'NONE', #3737 ) ;
#6060 = CARTESIAN_POINT ( 'NONE',  ( 0.2000000000000000900, 0.4000000000000000800, -0.02000000000000000000 ) ) ;
#6061 = VERTEX_POINT ( 'NONE', #5234 ) ;
#6062 = EDGE_LOOP ( 'NONE', ( #9503, #8858, #9474, #102 ) ) ;
#6063 = FACE_OUTER_BOUND ( 'NONE', #7956, .T. ) ;
#6064 = CARTESIAN_POINT ( 'NONE',  ( 0.6467424067380472800, -0.5251123631161622700, 0.5300000000000000300 ) ) ;
#6065 = MECHANICAL_DESIGN_GEOMETRIC_PRESENTATION_REPRESENTATION (  '', ( #5020 ), #6569 ) ;
#6066 = CARTESIAN_POINT ( 'NONE',  ( 0.4717496757489552700, -0.3940070769391410500, 0.5400000000000000400 ) ) ;
#6067 = CARTESIAN_POINT ( 'NONE',  ( -0.4749999999999999200, 0.2750000000000000800, 0.0000000000000000000 ) ) ;
#6068 = ADVANCED_FACE ( 'NONE', ( #1100 ), #4470, .F. ) ;
#6069 = DIRECTION ( 'NONE',  ( -0.0000000000000000000, -0.0000000000000000000, 1.000000000000000000 ) ) ;
#6070 = EDGE_LOOP ( 'NONE', ( #4566, #7016 ) ) ;
#6071 = CARTESIAN_POINT ( 'NONE',  ( 0.3051332123486368800, -0.5004816997242417200, 0.5400000000000000400 ) ) ;
#6072 = DIRECTION ( 'NONE',  ( 0.9903286039881246100, 0.1387416884823454700, 0.0000000000000000000 ) ) ;
#6073 = CARTESIAN_POINT ( 'NONE',  ( 0.02292662440038213700, -0.5198488192292469700, 0.5400000000000000400 ) ) ;
#6074 = CARTESIAN_POINT ( 'NONE',  ( 0.4303888426743730000, -0.3927736129415362900, 0.5300000000000000300 ) ) ;
#6075 = EDGE_CURVE ( 'NONE', #3409, #5996, #4148, .T. ) ;
#6076 = EDGE_CURVE ( 'NONE', #6850, #2514, #6161, .T. ) ;
#6077 = CARTESIAN_POINT ( 'NONE',  ( 0.6000000000000002000, 0.4000000000000000800, -0.02000000000000000000 ) ) ;
#6078 = CARTESIAN_POINT ( 'NONE',  ( 0.007986270846080346600, -0.5109952873278446100, 0.5400000000000000400 ) ) ;
#6079 = CARTESIAN_POINT ( 'NONE',  ( 0.0000000000000000000, 0.0000000000000000000, 0.5400000000000000400 ) ) ;
#6080 = DIRECTION ( 'NONE',  ( -0.0000000000000000000, -0.0000000000000000000, -1.000000000000000000 ) ) ;
#6081 = LINE ( 'NONE', #39, #8071 ) ;
#6082 = CARTESIAN_POINT ( 'NONE',  ( 0.4740574470989907300, -0.5109076325655072000, 0.5300000000000000300 ) ) ;
#6083 = CARTESIAN_POINT ( 'NONE',  ( 0.4918432021587133000, -0.3984236738328714200, 0.5400000000000000400 ) ) ;
#6084 = CARTESIAN_POINT ( 'NONE',  ( 0.7644785347493386900, -0.4598183495754674700, 0.5400000000000000400 ) ) ;
#6085 = CARTESIAN_POINT ( 'NONE',  ( 0.06221422234719555700, -0.3477581477676581200, 0.5300000000000000300 ) ) ;
#6086 = PLANE ( 'NONE',  #5136 ) ;
#6087 = CIRCLE ( 'NONE', #336, 0.1249999999999999400 ) ;
#6088 = EDGE_CURVE ( 'NONE', #6452, #3254, #2121, .T. ) ;
#6089 = DIRECTION ( 'NONE',  ( -0.0000000000000000000, -0.0000000000000000000, 1.000000000000000000 ) ) ;
#6090 = ADVANCED_FACE ( 'NONE', ( #1891 ), #8308, .F. ) ;
#6091 = B_SPLINE_SURFACE_WITH_KNOTS ( 'NONE', 3, 1, ( 
 ( #3064, #5844 ),
 ( #3621, #1935 ),
 ( #1351, #1858 ),
 ( #1393, #130 ) ),
 .UNSPECIFIED., .F., .F., .F.,
 ( 4, 4 ),
 ( 2, 2 ),
 ( 28.00000000000000000, 29.00000000000000000 ),
 ( 0.0000000000000000000, 1.000000000000000000 ),
 .UNSPECIFIED. ) ;
#6092 = CARTESIAN_POINT ( 'NONE',  ( 0.04063371986671028600, -0.4872013807628577900, 0.5300000000000000300 ) ) ;
#6093 = B_SPLINE_CURVE_WITH_KNOTS ( 'NONE', 3,
 ( #2054, #2803, #5102, #624 ),
 .UNSPECIFIED., .F., .F.,
 ( 4, 4 ),
 ( 13.00000000000000000, 14.00000000000000000 ),
 .UNSPECIFIED. ) ;
#6094 = EDGE_CURVE ( 'NONE', #8219, #7672, #9672, .T. ) ;
#6095 = SURFACE_STYLE_FILL_AREA ( #5552 ) ;
#6096 = CARTESIAN_POINT ( 'NONE',  ( 0.4641897351197373800, -0.4761716948315121700, 0.5400000000000000400 ) ) ;
#6097 = CARTESIAN_POINT ( 'NONE',  ( -0.01802100154308240400, -0.3909191527286312600, 0.5300000000000000300 ) ) ;
#6098 = CARTESIAN_POINT ( 'NONE',  ( 0.4648263616991180600, -0.3315778830052764100, 0.5300000000000000300 ) ) ;
#6099 = B_SPLINE_CURVE_WITH_KNOTS ( 'NONE', 3,
 ( #5385, #1633, #210, #175 ),
 .UNSPECIFIED., .F., .F.,
 ( 4, 4 ),
 ( 11.00000000000000000, 12.00000000000000000 ),
 .UNSPECIFIED. ) ;
#6100 = CARTESIAN_POINT ( 'NONE',  ( 0.4459662992867030600, -0.4734262427081687400, 0.5400000000000000400 ) ) ;
#6101 = VERTEX_POINT ( 'NONE', #6071 ) ;
#6102 = ORIENTED_EDGE ( 'NONE', *, *, #1242, .F. ) ;
#6103 = AXIS2_PLACEMENT_3D ( 'NONE', #432, #9502, #4949 ) ;
#6104 = EDGE_CURVE ( 'NONE', #470, #3220, #3929, .T. ) ;
#6105 = DIRECTION ( 'NONE',  ( -0.0000000000000000000, -0.0000000000000000000, -1.000000000000000000 ) ) ;
#6106 = CARTESIAN_POINT ( 'NONE',  ( 0.5132298763075574500, -0.5006818181352645800, 0.5400000000000000400 ) ) ;
#6107 = CARTESIAN_POINT ( 'NONE',  ( 0.5644584213616583600, -0.5453650461708330300, 0.5300000000000000300 ) ) ;
#6108 = DIRECTION ( 'NONE',  ( -2.507547357879469900E-014, 1.000000000000000000, 0.0000000000000000000 ) ) ;
#6109 = CARTESIAN_POINT ( 'NONE',  ( 0.5679001838058627100, -0.5158812777165562300, 0.5400000000000000400 ) ) ;
#6110 = ORIENTED_EDGE ( 'NONE', *, *, #2878, .F. ) ;
#6111 = VERTEX_POINT ( 'NONE', #9085 ) ;
#6112 = SURFACE_STYLE_FILL_AREA ( #8132 ) ;
#6113 = ADVANCED_FACE ( 'NONE', ( #3688 ), #9205, .F. ) ;
#6114 = CARTESIAN_POINT ( 'NONE',  ( 0.4750000000000001400, 6.951819361361712800E-017, 0.0000000000000000000 ) ) ;
#6115 = ORIENTED_EDGE ( 'NONE', *, *, #891, .T. ) ;
#6116 = B_SPLINE_CURVE_WITH_KNOTS ( 'NONE', 3,
 ( #549, #5857, #8203, #3715 ),
 .UNSPECIFIED., .F., .F.,
 ( 4, 4 ),
 ( 2.000000000000000000, 3.000000000000000000 ),
 .UNSPECIFIED. ) ;
#6117 = ORIENTED_EDGE ( 'NONE', *, *, #197, .F. ) ;
#6118 =( GEOMETRIC_REPRESENTATION_CONTEXT ( 3 ) GLOBAL_UNCERTAINTY_ASSIGNED_CONTEXT ( ( #3885 ) ) GLOBAL_UNIT_ASSIGNED_CONTEXT ( ( #5050, #9571, #8804 ) ) REPRESENTATION_CONTEXT ( 'NONE', 'WORKASPACE' ) );
#6119 = FACE_OUTER_BOUND ( 'NONE', #216, .T. ) ;
#6120 = CARTESIAN_POINT ( 'NONE',  ( 0.5174674219760534400, -0.3327715578411892800, 0.5400000000000000400 ) ) ;
#6121 = CARTESIAN_POINT ( 'NONE',  ( -0.1999999999999999300, 5.421010862427522200E-017, -0.02000000000000000000 ) ) ;
#6122 = CARTESIAN_POINT ( 'NONE',  ( 0.6836468537574730300, -0.4472847637951944400, 0.5300000000000000300 ) ) ;
#6123 = COLOUR_RGB ( '',0.6666666666666666300, 0.6666666666666666300, 0.6666666666666666300 ) ;
#6124 = LINE ( 'NONE', #8072, #2070 ) ;
#6125 = ORIENTED_EDGE ( 'NONE', *, *, #4792, .T. ) ;
#6126 = ORIENTED_EDGE ( 'NONE', *, *, #8371, .T. ) ;
#6127 = CARTESIAN_POINT ( 'NONE',  ( 0.5410226054105987700, -0.4695269049100741500, 0.5300000000000000300 ) ) ;
#6128 = SURFACE_STYLE_FILL_AREA ( #3655 ) ;
#6129 = CARTESIAN_POINT ( 'NONE',  ( 0.4459662992867030600, -0.4828960630758074000, 0.5400000000000000400 ) ) ;
#6130 = EDGE_CURVE ( 'NONE', #9618, #7295, #1675, .T. ) ;
#6131 = FILL_AREA_STYLE ('',( #6862 ) ) ;
#6132 =( LENGTH_UNIT ( ) NAMED_UNIT ( * ) SI_UNIT ( .MILLI., .METRE. ) );
#6133 = VECTOR ( 'NONE', #6884, 1000.000000000000000 ) ;
#6134 = VERTEX_POINT ( 'NONE', #2331 ) ;
#6135 = DIRECTION ( 'NONE',  ( -1.000000000000000000, 0.0000000000000000000, 0.0000000000000000000 ) ) ;
#6136 = ADVANCED_FACE ( 'NONE', ( #5458 ), #2718, .T. ) ;
#6137 = VECTOR ( 'NONE', #1693, 1000.000000000000000 ) ;
#6138 = EDGE_LOOP ( 'NONE', ( #7691, #5384, #3993, #6420 ) ) ;
#6139 = ORIENTED_EDGE ( 'NONE', *, *, #5058, .F. ) ;
#6140 = VECTOR ( 'NONE', #2776, 1000.000000000000000 ) ;
#6141 = CARTESIAN_POINT ( 'NONE',  ( 0.6827913867914360300, -0.5162393801670115400, 0.5400000000000000400 ) ) ;
#6142 = CARTESIAN_POINT ( 'NONE',  ( 0.08047463453335898500, -0.4855413672786935100, 0.5300000000000000300 ) ) ;
#6143 = CARTESIAN_POINT ( 'NONE',  ( 0.5217646513862997900, -0.5042628426440655100, 0.5400000000000000400 ) ) ;
#6144 = EDGE_LOOP ( 'NONE', ( #6005, #1150, #1700, #8723 ) ) ;
#6145 = DIRECTION ( 'NONE',  ( 1.000000000000000000, 3.367232478686859700E-014, -0.0000000000000000000 ) ) ;
#6146 = EDGE_CURVE ( 'NONE', #7058, #6904, #4738, .T. ) ;
#6147 = SURFACE_SIDE_STYLE ('',( #4116 ) ) ;
#6148 = EDGE_CURVE ( 'NONE', #8542, #7486, #986, .T. ) ;
#6149 = VECTOR ( 'NONE', #9369, 1000.000000000000000 ) ;
#6150 = ORIENTED_EDGE ( 'NONE', *, *, #2483, .T. ) ;
#6151 =( NAMED_UNIT ( * ) PLANE_ANGLE_UNIT ( ) SI_UNIT ( $, .RADIAN. ) );
#6152 = COLOUR_RGB ( '',0.2980392156862745100, 0.2980392156862745100, 0.2980392156862745100 ) ;
#6153 = VERTEX_POINT ( 'NONE', #1643 ) ;
#6154 = CARTESIAN_POINT ( 'NONE',  ( 0.1341492376519107000, -0.4694942958510384100, 0.5400000000000000400 ) ) ;
#6155 = ORIENTED_EDGE ( 'NONE', *, *, #7232, .F. ) ;
#6156 = ORIENTED_EDGE ( 'NONE', *, *, #5881, .T. ) ;
#6157 = CARTESIAN_POINT ( 'NONE',  ( 0.7991547887415855200, -0.5251123631161613800, 0.5400000000000000400 ) ) ;
#6158 = CARTESIAN_POINT ( 'NONE',  ( 0.4754500677412452100, -0.5165179042956770100, 0.5300000000000000300 ) ) ;
#6159 = FACE_OUTER_BOUND ( 'NONE', #5233, .T. ) ;
#6160 = VERTEX_POINT ( 'NONE', #8406 ) ;
#6161 = LINE ( 'NONE', #5992, #205 ) ;
#6162 = CARTESIAN_POINT ( 'NONE',  ( 0.4514770981139703000, -0.4699645856833858400, 0.5400000000000000400 ) ) ;
#6163 =( GEOMETRIC_REPRESENTATION_CONTEXT ( 3 ) GLOBAL_UNCERTAINTY_ASSIGNED_CONTEXT ( ( #450 ) ) GLOBAL_UNIT_ASSIGNED_CONTEXT ( ( #6204, #1684, #6968 ) ) REPRESENTATION_CONTEXT ( 'NONE', 'WORKASPACE' ) );
#6164 = CARTESIAN_POINT ( 'NONE',  ( 0.5201134011962291700, -0.4682536517513063400, 0.5400000000000000400 ) ) ;
#6165 = ORIENTED_EDGE ( 'NONE', *, *, #1652, .T. ) ;
#6166 = ORIENTED_EDGE ( 'NONE', *, *, #547, .F. ) ;
#6167 = LINE ( 'NONE', #7510, #4151 ) ;
#6168 = CARTESIAN_POINT ( 'NONE',  ( 0.04063371986671028600, -0.4872013807628577900, 0.5300000000000000300 ) ) ;
#6169 = ADVANCED_FACE ( 'NONE', ( #6512 ), #1776, .T. ) ;
#6170 = ORIENTED_EDGE ( 'NONE', *, *, #8030, .F. ) ;
#6171 = FILL_AREA_STYLE ('',( #187 ) ) ;
#6172 = EDGE_CURVE ( 'NONE', #7473, #8967, #3805, .T. ) ;
#6173 = CARTESIAN_POINT ( 'NONE',  ( 0.5430319580516553800, -0.5504978479665310100, 0.5300000000000000300 ) ) ;
#6174 = VECTOR ( 'NONE', #7066, 1000.000000000000000 ) ;
#6175 = CARTESIAN_POINT ( 'NONE',  ( 0.5114791532143173600, -0.4782407312145751700, 0.5300000000000000300 ) ) ;
#6176 = FACE_OUTER_BOUND ( 'NONE', #2931, .T. ) ;
#6177 = ORIENTED_EDGE ( 'NONE', *, *, #7665, .T. ) ;
#6178 = ORIENTED_EDGE ( 'NONE', *, *, #1501, .F. ) ;
#6179 = ORIENTED_EDGE ( 'NONE', *, *, #3348, .T. ) ;
#6180 = ORIENTED_EDGE ( 'NONE', *, *, #3754, .T. ) ;
#6181 = CARTESIAN_POINT ( 'NONE',  ( 0.4651048858275191300, -0.4682536517513063400, 0.5300000000000000300 ) ) ;
#6182 = DIRECTION ( 'NONE',  ( -0.0000000000000000000, -0.0000000000000000000, -1.000000000000000000 ) ) ;
#6183 =( LENGTH_UNIT ( ) NAMED_UNIT ( * ) SI_UNIT ( .MILLI., .METRE. ) );
#6184 = DIRECTION ( 'NONE',  ( -1.000000000000000000, 0.0000000000000000000, 0.0000000000000000000 ) ) ;
#6185 = AXIS2_PLACEMENT_3D ( 'NONE', #2173, #6705, #1443 ) ;
#6186 = CARTESIAN_POINT ( 'NONE',  ( 0.4702973713649610800, -0.4029596382106130400, 0.5400000000000000400 ) ) ;
#6187 = UNCERTAINTY_MEASURE_WITH_UNIT (LENGTH_MEASURE( 1.000000000000000100E-005 ), #4366, 'distance_accuracy_value', 'NONE');
#6188 = CARTESIAN_POINT ( 'NONE',  ( 0.4504226853421224300, -0.5064114573489232300, 0.5400000000000000400 ) ) ;
#6189 = ORIENTED_EDGE ( 'NONE', *, *, #7343, .F. ) ;
#6190 = B_SPLINE_CURVE_WITH_KNOTS ( 'NONE', 3,
 ( #8818, #4726, #257, #5453 ),
 .UNSPECIFIED., .F., .F.,
 ( 4, 4 ),
 ( 4.000000000000000000, 5.000000000000000000 ),
 .UNSPECIFIED. ) ;
#6191 = ORIENTED_EDGE ( 'NONE', *, *, #5354, .F. ) ;
#6192 = PLANE ( 'NONE',  #3158 ) ;
#6193 = ADVANCED_FACE ( 'NONE', ( #7823 ), #5953, .T. ) ;
#6194 = DIRECTION ( 'NONE',  ( 0.0000000000000000000, 0.0000000000000000000, -1.000000000000000000 ) ) ;
#6195 = PRESENTATION_LAYER_ASSIGNMENT (  '', '', ( #6681 ) ) ;
#6196 = ORIENTED_EDGE ( 'NONE', *, *, #6467, .F. ) ;
#6197 = LINE ( 'NONE', #9019, #7961 ) ;
#6198 = LINE ( 'NONE', #1827, #4657 ) ;
#6199 = CARTESIAN_POINT ( 'NONE',  ( 0.3993930860938300600, -0.4811453399825681400, 0.5300000000000000300 ) ) ;
#6200 = CARTESIAN_POINT ( 'NONE',  ( 0.5842734236430170400, -0.4695269049100720400, 0.5400000000000000400 ) ) ;
#6201 = CARTESIAN_POINT ( 'NONE',  ( 0.09209490834705039200, -0.5287023933481510600, 0.5400000000000000400 ) ) ;
#6202 =( LENGTH_UNIT ( ) NAMED_UNIT ( * ) SI_UNIT ( .MILLI., .METRE. ) );
#6203 = B_SPLINE_CURVE_WITH_KNOTS ( 'NONE', 3,
 ( #9232, #3964, #1715, #7000 ),
 .UNSPECIFIED., .F., .F.,
 ( 4, 4 ),
 ( 16.00000000000000000, 17.00000000000000000 ),
 .UNSPECIFIED. ) ;
#6204 =( LENGTH_UNIT ( ) NAMED_UNIT ( * ) SI_UNIT ( .MILLI., .METRE. ) );
#6205 = EDGE_CURVE ( 'NONE', #9363, #4463, #7576, .T. ) ;
#6206 = CARTESIAN_POINT ( 'NONE',  ( 0.4576046289397770500, -0.5184277840335637100, 0.5300000000000000300 ) ) ;
#6207 = EDGE_CURVE ( 'NONE', #9176, #5976, #8617, .T. ) ;
#6208 = CARTESIAN_POINT ( 'NONE',  ( 0.4851984122370147600, -0.4893419071914362200, 0.5300000000000000300 ) ) ;
#6209 = CARTESIAN_POINT ( 'NONE',  ( 0.5857854117682252900, -0.3327715578411892800, 0.5300000000000000300 ) ) ;
#6210 = DIRECTION ( 'NONE',  ( -1.000000000000000000, 0.0000000000000000000, 0.0000000000000000000 ) ) ;
#6211 = DIRECTION ( 'NONE',  ( -0.0000000000000000000, -0.0000000000000000000, 1.000000000000000000 ) ) ;
#6212 = LINE ( 'NONE', #465, #8199 ) ;
#6213 = ADVANCED_FACE ( 'NONE', ( #3559 ), #2511, .F. ) ;
#6214 = CARTESIAN_POINT ( 'NONE',  ( 0.09209490834705039200, -0.5287023933481510600, 0.5400000000000000400 ) ) ;
#6215 = CARTESIAN_POINT ( 'NONE',  ( 0.5853875201566092200, -0.4016465958906835200, 0.5300000000000000300 ) ) ;
#6216 = ORIENTED_EDGE ( 'NONE', *, *, #7612, .F. ) ;
#6217 = AXIS2_PLACEMENT_3D ( 'NONE', #2282, #7572, #3061 ) ;
#6218 = VECTOR ( 'NONE', #5402, 1000.000000000000000 ) ;
#6219 = DIRECTION ( 'NONE',  ( -0.0000000000000000000, -0.0000000000000000000, -1.000000000000000000 ) ) ;
#6220 = B_SPLINE_CURVE_WITH_KNOTS ( 'NONE', 3,
 ( #5831, #8821, #2838, #8106 ),
 .UNSPECIFIED., .F., .F.,
 ( 4, 4 ),
 ( 2.000000000000000000, 3.000000000000000000 ),
 .UNSPECIFIED. ) ;
#6221 = EDGE_CURVE ( 'NONE', #1958, #7678, #78, .T. ) ;
#6222 = DIRECTION ( 'NONE',  ( -0.0000000000000000000, -0.0000000000000000000, -1.000000000000000000 ) ) ;
#6223 = VERTEX_POINT ( 'NONE', #305 ) ;
#6224 = CARTESIAN_POINT ( 'NONE',  ( 0.5468716121080069400, -0.5512936311908295300, 0.5400000000000000400 ) ) ;
#6225 = VERTEX_POINT ( 'NONE', #1036 ) ;
#6226 = VECTOR ( 'NONE', #2958, 999.9999999999998900 ) ;
#6227 = CARTESIAN_POINT ( 'NONE',  ( 0.4294339028051645800, -0.4562373250666699200, 0.5300000000000000300 ) ) ;
#6228 = CARTESIAN_POINT ( 'NONE',  ( 0.1136754108275356600, -0.5071218803134245300, 0.5300000000000000300 ) ) ;
#6229 = CARTESIAN_POINT ( 'NONE',  ( 0.4466825041886762200, -0.4937982932463247400, 0.5300000000000000300 ) ) ;
#6230 = AXIS2_PLACEMENT_3D ( 'NONE', #4808, #1088, #8581 ) ;
#6231 = LINE ( 'NONE', #421, #699 ) ;
#6232 = PRESENTATION_LAYER_ASSIGNMENT (  '', '', ( #4709 ) ) ;
#6233 = ADVANCED_FACE ( 'NONE', ( #1561 ), #5530, .F. ) ;
#6234 = EDGE_CURVE ( 'NONE', #1230, #6891, #1121, .T. ) ;
#6235 = CARTESIAN_POINT ( 'NONE',  ( 0.6273451906494143000, -0.3617380671998308700, 0.5300000000000000300 ) ) ;
#6236 = COLOUR_RGB ( '',0.2980392156862745100, 0.2980392156862745100, 0.2980392156862745100 ) ;
#6237 = VERTEX_POINT ( 'NONE', #9283 ) ;
#6238 = DIRECTION ( 'NONE',  ( -1.000000000000000000, -0.0000000000000000000, -0.0000000000000000000 ) ) ;
#6239 = CARTESIAN_POINT ( 'NONE',  ( -0.8999999999999999100, 0.6500000000000000200, 0.5300000000000000300 ) ) ;
#6240 = ORIENTED_EDGE ( 'NONE', *, *, #2987, .F. ) ;
#6241 =( NAMED_UNIT ( * ) SI_UNIT ( $, .STERADIAN. ) SOLID_ANGLE_UNIT ( ) );
#6242 = VECTOR ( 'NONE', #7319, 1000.000000000000000 ) ;
#6243 = FILL_AREA_STYLE ('',( #9240 ) ) ;
#6244 = B_SPLINE_CURVE_WITH_KNOTS ( 'NONE', 3,
 ( #3513, #6571, #9055, #3447 ),
 .UNSPECIFIED., .F., .F.,
 ( 4, 4 ),
 ( 5.000000000000000000, 6.000000000000000000 ),
 .UNSPECIFIED. ) ;
#6245 = B_SPLINE_SURFACE_WITH_KNOTS ( 'NONE', 3, 1, ( 
 ( #5766, #8766 ),
 ( #1262, #6552 ),
 ( #1998, #7304 ),
 ( #2775, #8051 ) ),
 .UNSPECIFIED., .F., .F., .F.,
 ( 4, 4 ),
 ( 2, 2 ),
 ( 4.000000000000000000, 5.000000000000000000 ),
 ( 0.0000000000000000000, 1.000000000000000000 ),
 .UNSPECIFIED. ) ;
#6246 = VECTOR ( 'NONE', #9335, 1000.000000000000000 ) ;
#6247 = CARTESIAN_POINT ( 'NONE',  ( 0.6139362433225208400, -0.3449868303316375700, 0.5300000000000000300 ) ) ;
#6248 = VERTEX_POINT ( 'NONE', #5562 ) ;
#6249 = EDGE_LOOP ( 'NONE', ( #127, #7492, #191, #4244 ) ) ;
#6250 = CARTESIAN_POINT ( 'NONE',  ( 0.5853875201566092200, -0.4016465958906835200, 0.5300000000000000300 ) ) ;
#6251 = CARTESIAN_POINT ( 'NONE',  ( 0.4522927759188466500, -0.3402121309869244300, 0.5300000000000000300 ) ) ;
#6252 = FACE_BOUND ( 'NONE', #7420, .T. ) ;
#6253 =( NAMED_UNIT ( * ) SI_UNIT ( $, .STERADIAN. ) SOLID_ANGLE_UNIT ( ) );
#6254 = VERTEX_POINT ( 'NONE', #1064 ) ;
#6255 = PRESENTATION_STYLE_ASSIGNMENT (( #2251 ) ) ;
#6256 = CIRCLE ( 'NONE', #2003, 0.1249999999999999700 ) ;
#6257 = ORIENTED_EDGE ( 'NONE', *, *, #7092, .F. ) ;
#6258 = CARTESIAN_POINT ( 'NONE',  ( 0.3893463228890822700, -0.3238189965697173000, 0.5300000000000000300 ) ) ;
#6259 = CARTESIAN_POINT ( 'NONE',  ( 0.07328114777885405600, -0.3809588923993698100, 0.5300000000000000300 ) ) ;
#6260 = ADVANCED_FACE ( 'NONE', ( #5557 ), #8567, .T. ) ;
#6261 = EDGE_CURVE ( 'NONE', #6111, #3369, #7184, .T. ) ;
#6262 = DIRECTION ( 'NONE',  ( -0.0000000000000000000, -0.0000000000000000000, -1.000000000000000000 ) ) ;
#6263 = VECTOR ( 'NONE', #7037, 1000.000000000000000 ) ;
#6264 = B_SPLINE_SURFACE_WITH_KNOTS ( 'NONE', 3, 1, ( 
 ( #3549, #4286 ),
 ( #5801, #1295 ),
 ( #6575, #2027 ),
 ( #7338, #2802 ) ),
 .UNSPECIFIED., .F., .F., .F.,
 ( 4, 4 ),
 ( 2, 2 ),
 ( 3.000000000000000000, 4.000000000000000000 ),
 ( 0.0000000000000000000, 1.000000000000000000 ),
 .UNSPECIFIED. ) ;
#6265 = EDGE_LOOP ( 'NONE', ( #2989, #7816, #1000, #9481 ) ) ;
#6266 = FACE_OUTER_BOUND ( 'NONE', #1753, .T. ) ;
#6267 = B_SPLINE_CURVE_WITH_KNOTS ( 'NONE', 3,
 ( #7874, #7854, #4100, #9381 ),
 .UNSPECIFIED., .F., .F.,
 ( 4, 4 ),
 ( 18.00000000000000000, 19.00000000000000000 ),
 .UNSPECIFIED. ) ;
#6268 = ORIENTED_EDGE ( 'NONE', *, *, #8658, .T. ) ;
#6269 = PRESENTATION_LAYER_ASSIGNMENT (  '', '', ( #6777 ) ) ;
#6270 = VERTEX_POINT ( 'NONE', #4053 ) ;
#6271 = CARTESIAN_POINT ( 'NONE',  ( 0.9000000000000001300, -0.6500000000000000200, 0.5300000000000000300 ) ) ;
#6272 = LINE ( 'NONE', #7490, #4249 ) ;
#6273 = DIRECTION ( 'NONE',  ( -1.000000000000000000, 0.0000000000000000000, -0.0000000000000000000 ) ) ;
#6274 = DIRECTION ( 'NONE',  ( -1.000000000000000000, 0.0000000000000000000, 0.0000000000000000000 ) ) ;
#6275 = DIRECTION ( 'NONE',  ( 1.000000000000000000, 0.0000000000000000000, 0.0000000000000000000 ) ) ;
#6276 = ORIENTED_EDGE ( 'NONE', *, *, #1825, .T. ) ;
#6277 = CARTESIAN_POINT ( 'NONE',  ( 0.5853278364148646300, -0.3927736129415362900, 0.5400000000000000400 ) ) ;
#6278 = VERTEX_POINT ( 'NONE', #1097 ) ;
#6279 = EDGE_CURVE ( 'NONE', #4328, #5325, #6347, .T. ) ;
#6280 = ORIENTED_EDGE ( 'NONE', *, *, #3334, .T. ) ;
#6281 = CARTESIAN_POINT ( 'NONE',  ( 0.4530089808205556800, -0.5023927520673400200, 0.5400000000000000400 ) ) ;
#6282 = EDGE_CURVE ( 'NONE', #2747, #8262, #4813, .T. ) ;
#6283 = CYLINDRICAL_SURFACE ( 'NONE', #4666, 0.1250000000000000000 ) ;
#6284 = ORIENTED_EDGE ( 'NONE', *, *, #6846, .T. ) ;
#6285 = DIRECTION ( 'NONE',  ( 0.0000000000000000000, 1.000000000000000000, 0.0000000000000000000 ) ) ;
#6286 = LINE ( 'NONE', #1218, #4263 ) ;
#6287 = VERTEX_POINT ( 'NONE', #357 ) ;
#6288 = ORIENTED_EDGE ( 'NONE', *, *, #3886, .F. ) ;
#6289 = ORIENTED_EDGE ( 'NONE', *, *, #3511, .T. ) ;
#6290 = FACE_OUTER_BOUND ( 'NONE', #4490, .T. ) ;
#6291 = ORIENTED_EDGE ( 'NONE', *, *, #4024, .F. ) ;
#6292 = DIRECTION ( 'NONE',  ( 0.0000000000000000000, 0.0000000000000000000, 1.000000000000000000 ) ) ;
#6293 = B_SPLINE_CURVE_WITH_KNOTS ( 'NONE', 3,
 ( #1938, #4192, #7261, #5742 ),
 .UNSPECIFIED., .F., .F.,
 ( 4, 4 ),
 ( 4.000000000000000000, 5.000000000000000000 ),
 .UNSPECIFIED. ) ;
#6294 = CARTESIAN_POINT ( 'NONE',  ( 0.5585497309222428000, -0.5350994425794315400, 0.5400000000000000400 ) ) ;
#6295 =( GEOMETRIC_REPRESENTATION_CONTEXT ( 3 ) GLOBAL_UNCERTAINTY_ASSIGNED_CONTEXT ( ( #5620 ) ) GLOBAL_UNIT_ASSIGNED_CONTEXT ( ( #3277, #8537, #4014 ) ) REPRESENTATION_CONTEXT ( 'NONE', 'WORKASPACE' ) );
#6296 = ORIENTED_EDGE ( 'NONE', *, *, #6926, .F. ) ;
#6297 = ORIENTED_EDGE ( 'NONE', *, *, #7285, .T. ) ;
#6298 = ORIENTED_EDGE ( 'NONE', *, *, #3986, .F. ) ;
#6299 = VERTEX_POINT ( 'NONE', #5621 ) ;
#6300 = SURFACE_STYLE_FILL_AREA ( #1468 ) ;
#6301 = EDGE_CURVE ( 'NONE', #8270, #4730, #9330, .T. ) ;
#6302 = CARTESIAN_POINT ( 'NONE',  ( 0.6714912650087675500, -0.5162393801670115400, 0.5300000000000000300 ) ) ;
#6303 = ORIENTED_EDGE ( 'NONE', *, *, #3223, .F. ) ;
#6304 = DIRECTION ( 'NONE',  ( -0.0000000000000000000, -0.0000000000000000000, -1.000000000000000000 ) ) ;
#6305 = ORIENTED_EDGE ( 'NONE', *, *, #711, .F. ) ;
#6306 = DIRECTION ( 'NONE',  ( -0.0000000000000000000, -0.0000000000000000000, 1.000000000000000000 ) ) ;
#6307 = DIRECTION ( 'NONE',  ( -1.000000000000000000, 0.0000000000000000000, 0.0000000000000000000 ) ) ;
#6308 = CARTESIAN_POINT ( 'NONE',  ( 0.4918432021587133000, -0.3984236738328714200, 0.5400000000000000400 ) ) ;
#6309 = AXIS2_PLACEMENT_3D ( 'NONE', #3674, #2965, #7489 ) ;
#6310 = CARTESIAN_POINT ( 'NONE',  ( 0.7113997936990905700, -0.4684525975576457300, 0.5400000000000000400 ) ) ;
#6311 = AXIS2_PLACEMENT_3D ( 'NONE', #5509, #1017, #339 ) ;
#6312 = ADVANCED_FACE ( 'NONE', ( #1307 ), #9253, .F. ) ;
#6313 = CARTESIAN_POINT ( 'NONE',  ( 0.3993930860938320600, -0.5162393801670129800, 0.5400000000000000400 ) ) ;
#6314 = B_SPLINE_CURVE_WITH_KNOTS ( 'NONE', 3,
 ( #228, #3260, #5452, #4680 ),
 .UNSPECIFIED., .F., .F.,
 ( 4, 4 ),
 ( 3.000000000000000000, 4.000000000000000000 ),
 .UNSPECIFIED. ) ;
#6315 = B_SPLINE_SURFACE_WITH_KNOTS ( 'NONE', 3, 1, ( 
 ( #4562, #8346 ),
 ( #4594, #132 ),
 ( #5352, #863 ),
 ( #6109, #1599 ) ),
 .UNSPECIFIED., .F., .F., .F.,
 ( 4, 4 ),
 ( 2, 2 ),
 ( 12.00000000000000000, 13.00000000000000000 ),
 ( 0.0000000000000000000, 1.000000000000000000 ),
 .UNSPECIFIED. ) ;
#6316 = ORIENTED_EDGE ( 'NONE', *, *, #6786, .F. ) ;
#6317 = FACE_OUTER_BOUND ( 'NONE', #7897, .T. ) ;
#6318 = CARTESIAN_POINT ( 'NONE',  ( 0.4784939385735635900, -0.4682536517513084500, 0.5400000000000000400 ) ) ;
#6319 = CARTESIAN_POINT ( 'NONE',  ( 0.2741458295839214700, -0.5237222473521536700, 0.5400000000000000400 ) ) ;
#6320 = EDGE_CURVE ( 'NONE', #480, #2700, #443, .T. ) ;
#6321 = CARTESIAN_POINT ( 'NONE',  ( 0.4918432021587133000, -0.3887946968205875400, 0.5400000000000000400 ) ) ;
#6322 = CARTESIAN_POINT ( 'NONE',  ( 0.0000000000000000000, 0.0000000000000000000, 0.5300000000000000300 ) ) ;
#6323 = ORIENTED_EDGE ( 'NONE', *, *, #105, .F. ) ;
#6324 = CIRCLE ( 'NONE', #8057, 0.1250000000000000000 ) ;
#6325 = CARTESIAN_POINT ( 'NONE',  ( 0.4754500677412452100, -0.5165179042956770100, 0.5400000000000000400 ) ) ;
#6326 = B_SPLINE_SURFACE_WITH_KNOTS ( 'NONE', 3, 1, ( 
 ( #3914, #3136 ),
 ( #4658, #204 ),
 ( #5414, #919 ),
 ( #6186, #1659 ) ),
 .UNSPECIFIED., .F., .F., .F.,
 ( 4, 4 ),
 ( 2, 2 ),
 ( 1.000000000000000000, 2.000000000000000000 ),
 ( 0.0000000000000000000, 1.000000000000000000 ),
 .UNSPECIFIED. ) ;
#6327 = B_SPLINE_CURVE_WITH_KNOTS ( 'NONE', 3,
 ( #5961, #714, #2189, #7500 ),
 .UNSPECIFIED., .F., .F.,
 ( 4, 4 ),
 ( 0.0000000000000000000, 1.000000000000000000 ),
 .UNSPECIFIED. ) ;
#6328 = EDGE_CURVE ( 'NONE', #489, #685, #9089, .T. ) ;
#6329 = FACE_BOUND ( 'NONE', #4970, .T. ) ;
#6330 = CARTESIAN_POINT ( 'NONE',  ( 0.6832489621453254900, -0.4562373250666672000, 0.5300000000000000300 ) ) ;
#6331 = EDGE_CURVE ( 'NONE', #9597, #8099, #9443, .T. ) ;
#6332 = DIRECTION ( 'NONE',  ( 0.0000000000000000000, -0.0000000000000000000, -1.000000000000000000 ) ) ;
#6333 = CARTESIAN_POINT ( 'NONE',  ( 0.4618421746085391600, -0.3225059542497878400, 0.5400000000000000400 ) ) ;
#6334 = CARTESIAN_POINT ( 'NONE',  ( 0.4272256043582997600, -0.4900581120928790800, 0.5400000000000000400 ) ) ;
#6335 = DIRECTION ( 'NONE',  ( -0.5048830486499754600, 0.8631877589411856000, 0.0000000000000000000 ) ) ;
#6336 = EDGE_LOOP ( 'NONE', ( #6397, #4087, #9226, #1112, #2247 ) ) ;
#6337 = ORIENTED_EDGE ( 'NONE', *, *, #3550, .F. ) ;
#6338 = LINE ( 'NONE', #5100, #8345 ) ;
#6339 = CARTESIAN_POINT ( 'NONE',  ( 0.4717496757489552700, -0.3940070769391410500, 0.5300000000000000300 ) ) ;
#6340 = AXIS2_PLACEMENT_3D ( 'NONE', #5123, #5892, #1383 ) ;
#6341 = ORIENTED_EDGE ( 'NONE', *, *, #58, .F. ) ;
#6342 = CARTESIAN_POINT ( 'NONE',  ( 0.5475082386873916200, -0.3327715578411892800, 0.5400000000000000400 ) ) ;
#6343 = EDGE_LOOP ( 'NONE', ( #5039, #1637, #183, #692 ) ) ;
#6344 = VECTOR ( 'NONE', #8069, 1000.000000000000000 ) ;
#6345 = CARTESIAN_POINT ( 'NONE',  ( 0.5493186455223715300, -0.5512936311908295300, 0.5400000000000000400 ) ) ;
#6346 = EDGE_LOOP ( 'NONE', ( #1054, #6976, #9030, #7833, #7711, #5400, #9203, #1083, #4639, #2053, #1773, #888, #7455, #3413 ) ) ;
#6347 = B_SPLINE_CURVE_WITH_KNOTS ( 'NONE', 3,
 ( #6355, #1824, #7128, #2600 ),
 .UNSPECIFIED., .F., .F.,
 ( 4, 4 ),
 ( 28.00000000000000000, 29.00000000000000000 ),
 .UNSPECIFIED. ) ;
#6348 = EDGE_CURVE ( 'NONE', #2379, #8000, #4135, .T. ) ;
#6349 = VERTEX_POINT ( 'NONE', #1127 ) ;
#6350 = DIRECTION ( 'NONE',  ( -0.0000000000000000000, -0.0000000000000000000, -1.000000000000000000 ) ) ;
#6351 = VECTOR ( 'NONE', #282, 1000.000000000000000 ) ;
#6352 = ADVANCED_FACE ( 'NONE', ( #3102 ), #8710, .T. ) ;
#6353 = UNCERTAINTY_MEASURE_WITH_UNIT (LENGTH_MEASURE( 1.000000000000000100E-005 ), #6833, 'distance_accuracy_value', 'NONE');
#6354 = CARTESIAN_POINT ( 'NONE',  ( 0.1933572823775382400, -0.3029370976592576900, 0.5400000000000000400 ) ) ;
#6355 = CARTESIAN_POINT ( 'NONE',  ( 0.2060842424023816300, -0.5082285559695332000, 0.5400000000000000400 ) ) ;
#6356 = LINE ( 'NONE', #684, #2588 ) ;
#6357 = LINE ( 'NONE', #8782, #4326 ) ;
#6358 = ORIENTED_EDGE ( 'NONE', *, *, #315, .F. ) ;
#6359 = VERTEX_POINT ( 'NONE', #2066 ) ;
#6360 = PRESENTATION_LAYER_ASSIGNMENT (  '', '', ( #4823 ) ) ;
#6361 = ORIENTED_EDGE ( 'NONE', *, *, #8431, .F. ) ;
#6362 = VECTOR ( 'NONE', #6430, 1000.000000000000000 ) ;
#6363 = EDGE_CURVE ( 'NONE', #3830, #1778, #7103, .T. ) ;
#6364 = CARTESIAN_POINT ( 'NONE',  ( -0.7499999999999998900, 0.4704525540507067900, 0.5300000000000000300 ) ) ;
#6365 = DIRECTION ( 'NONE',  ( 0.0000000000000000000, -1.000000000000000000, 0.0000000000000000000 ) ) ;
#6366 = DIRECTION ( 'NONE',  ( 0.0000000000000000000, 0.0000000000000000000, 1.000000000000000000 ) ) ;
#6367 = PRESENTATION_STYLE_ASSIGNMENT (( #1627 ) ) ;
#6368 = CARTESIAN_POINT ( 'NONE',  ( 0.5690938586423047700, -0.5113851024999749300, 0.5400000000000000400 ) ) ;
#6369 = ORIENTED_EDGE ( 'NONE', *, *, #5837, .T. ) ;
#6370 = CARTESIAN_POINT ( 'NONE',  ( 0.5492788563609450900, -0.4016465958906835200, 0.5300000000000000300 ) ) ;
#6371 = ORIENTED_EDGE ( 'NONE', *, *, #2028, .F. ) ;
#6372 = DIRECTION ( 'NONE',  ( 1.000000000000000000, 0.0000000000000000000, 0.0000000000000000000 ) ) ;
#6373 = B_SPLINE_CURVE_WITH_KNOTS ( 'NONE', 3,
 ( #3834, #2324, #3076, #7592 ),
 .UNSPECIFIED., .F., .F.,
 ( 4, 4 ),
 ( 22.00000000000000000, 23.00000000000000000 ),
 .UNSPECIFIED. ) ;
#6374 = ORIENTED_EDGE ( 'NONE', *, *, #7829, .T. ) ;
#6375 = FACE_OUTER_BOUND ( 'NONE', #2633, .T. ) ;
#6376 = FACE_OUTER_BOUND ( 'NONE', #9225, .T. ) ;
#6377 = ORIENTED_EDGE ( 'NONE', *, *, #4282, .T. ) ;
#6378 = ORIENTED_EDGE ( 'NONE', *, *, #7930, .F. ) ;
#6379 = CARTESIAN_POINT ( 'NONE',  ( 0.07051441642080705200, -0.3483114908728360800, 0.5300000000000000300 ) ) ;
#6380 = DIRECTION ( 'NONE',  ( -1.000000000000000000, 0.0000000000000000000, -0.0000000000000000000 ) ) ;
#6381 = DIRECTION ( 'NONE',  ( -0.0000000000000000000, -0.0000000000000000000, -1.000000000000000000 ) ) ;
#6382 = FACE_BOUND ( 'NONE', #3633, .T. ) ;
#6383 = SURFACE_STYLE_USAGE ( .BOTH. , #1123 ) ;
#6384 = ORIENTED_EDGE ( 'NONE', *, *, #5266, .T. ) ;
#6385 = VECTOR ( 'NONE', #4354, 1000.000000000000000 ) ;
#6386 = DIRECTION ( 'NONE',  ( 1.000000000000000000, -0.0000000000000000000, -0.0000000000000000000 ) ) ;
#6387 = CARTESIAN_POINT ( 'NONE',  ( 0.5332836135558864900, -0.4707205797465184900, 0.5400000000000000400 ) ) ;
#6388 = EDGE_LOOP ( 'NONE', ( #1413, #4522, #2137, #1713 ) ) ;
#6389 = ORIENTED_EDGE ( 'NONE', *, *, #7608, .F. ) ;
#6390 = EDGE_CURVE ( 'NONE', #2388, #5028, #2373, .T. ) ;
#6391 = DIRECTION ( 'NONE',  ( 0.0000000000000000000, 0.0000000000000000000, -1.000000000000000000 ) ) ;
#6392 = CARTESIAN_POINT ( 'NONE',  ( 0.6273451906494143000, -0.3617380671998308700, 0.5300000000000000300 ) ) ;
#6393 = EDGE_CURVE ( 'NONE', #610, #2836, #4355, .T. ) ;
#6394 = FACE_OUTER_BOUND ( 'NONE', #5223, .T. ) ;
#6395 = ORIENTED_EDGE ( 'NONE', *, *, #7249, .T. ) ;
#6396 = VERTEX_POINT ( 'NONE', #2103 ) ;
#6397 = ORIENTED_EDGE ( 'NONE', *, *, #2939, .F. ) ;
#6398 = VECTOR ( 'NONE', #3778, 1000.000000000000000 ) ;
#6399 = CARTESIAN_POINT ( 'NONE',  ( 0.5012334442034981400, -0.4933208233118561700, 0.5300000000000000300 ) ) ;
#6400 = CARTESIAN_POINT ( 'NONE',  ( 0.5861833033809015200, -0.3238189965697173000, 0.5300000000000000300 ) ) ;
#6401 = CARTESIAN_POINT ( 'NONE',  ( 0.7218718035647492300, -0.5014974959400074800, 0.5400000000000000400 ) ) ;
#6402 = FACE_OUTER_BOUND ( 'NONE', #1870, .T. ) ;
#6403 = LINE ( 'NONE', #2345, #4383 ) ;
#6404 = ADVANCED_FACE ( 'NONE', ( #2104 ), #2889, .F. ) ;
#6405 = CARTESIAN_POINT ( 'NONE',  ( 0.2542253722508622200, -0.3438847249218676700, 0.5400000000000000400 ) ) ;
#6406 = ORIENTED_EDGE ( 'NONE', *, *, #509, .F. ) ;
#6407 = EDGE_CURVE ( 'NONE', #7678, #7749, #2625, .T. ) ;
#6408 = ORIENTED_EDGE ( 'NONE', *, *, #1793, .F. ) ;
#6409 = VERTEX_POINT ( 'NONE', #5186 ) ;
#6410 = ORIENTED_EDGE ( 'NONE', *, *, #9281, .F. ) ;
#6411 = ORIENTED_EDGE ( 'NONE', *, *, #1937, .F. ) ;
#6412 = EDGE_CURVE ( 'NONE', #9296, #9695, #9219, .T. ) ;
#6413 = CARTESIAN_POINT ( 'NONE',  ( 0.3256070286187669500, -0.4479138039247974600, 0.5300000000000000300 ) ) ;
#6414 = UNCERTAINTY_MEASURE_WITH_UNIT (LENGTH_MEASURE( 1.000000000000000100E-005 ), #5146, 'distance_accuracy_value', 'NONE');
#6415 = CARTESIAN_POINT ( 'NONE',  ( 0.07051440586656337900, -0.5192955025096772600, 0.5300000000000000300 ) ) ;
#6416 = FILL_AREA_STYLE ('',( #4876 ) ) ;
#6417 = CARTESIAN_POINT ( 'NONE',  ( 0.2082976359318415600, -0.4307600568410350800, 0.5300000000000000300 ) ) ;
#6418 = DIRECTION ( 'NONE',  ( 0.0000000000000000000, 0.0000000000000000000, -1.000000000000000000 ) ) ;
#6419 = EDGE_LOOP ( 'NONE', ( #9640, #9468, #1321, #3892 ) ) ;
#6420 = ORIENTED_EDGE ( 'NONE', *, *, #9612, .T. ) ;
#6421 = B_SPLINE_CURVE_WITH_KNOTS ( 'NONE', 3,
 ( #3837, #3080, #9157, #2369 ),
 .UNSPECIFIED., .F., .F.,
 ( 4, 4 ),
 ( 12.00000000000000000, 13.00000000000000000 ),
 .UNSPECIFIED. ) ;
#6422 = STYLED_ITEM ( 'NONE', ( #5550 ), #5 ) ;
#6423 = CARTESIAN_POINT ( 'NONE',  ( 0.5144434457243153300, -0.5184675731947233600, 0.5400000000000000400 ) ) ;
#6424 = PRESENTATION_LAYER_ASSIGNMENT (  '', '', ( #4883 ) ) ;
#6425 = CARTESIAN_POINT ( 'NONE',  ( 0.4789316193468715100, -0.4029596382106130400, 0.5400000000000000400 ) ) ;
#6426 = CARTESIAN_POINT ( 'NONE',  ( 0.5979807896786233400, -0.3238189965697173000, 0.5300000000000000300 ) ) ;
#6427 = EDGE_CURVE ( 'NONE', #2006, #4141, #3452, .T. ) ;
#6428 = ORIENTED_EDGE ( 'NONE', *, *, #2357, .F. ) ;
#6429 = LINE ( 'NONE', #9390, #438 ) ;
#6430 = DIRECTION ( 'NONE',  ( -0.0000000000000000000, 1.000000000000000000, -0.0000000000000000000 ) ) ;
#6431 = DIRECTION ( 'NONE',  ( -0.0000000000000000000, -0.0000000000000000000, -1.000000000000000000 ) ) ;
#6432 = DIRECTION ( 'NONE',  ( 0.0000000000000000000, 0.0000000000000000000, -1.000000000000000000 ) ) ;
#6433 = CARTESIAN_POINT ( 'NONE',  ( 0.7991547887415855200, -0.5251123631161613800, 0.5400000000000000400 ) ) ;
#6434 = CARTESIAN_POINT ( 'NONE',  ( 0.2481385505984884100, -0.4053061579003669500, 0.5300000000000000300 ) ) ;
#6435 = PRESENTATION_LAYER_ASSIGNMENT (  '', '', ( #3920 ) ) ;
#6436 = DIRECTION ( 'NONE',  ( -0.0000000000000000000, -0.0000000000000000000, -1.000000000000000000 ) ) ;
#6437 = AXIS2_PLACEMENT_3D ( 'NONE', #2739, #4827, #365 ) ;
#6438 = PRESENTATION_STYLE_ASSIGNMENT (( #3365 ) ) ;
#6439 = CARTESIAN_POINT ( 'NONE',  ( 0.09264825672961345100, -0.5619031274256207600, 0.5400000000000000400 ) ) ;
#6440 = B_SPLINE_CURVE_WITH_KNOTS ( 'NONE', 3,
 ( #3320, #319, #7838, #6930 ),
 .UNSPECIFIED., .F., .F.,
 ( 4, 4 ),
 ( 2.000000000000000000, 3.000000000000000000 ),
 .UNSPECIFIED. ) ;
#6441 = B_SPLINE_SURFACE_WITH_KNOTS ( 'NONE', 3, 1, ( 
 ( #772, #3755 ),
 ( #6019, #1506 ),
 ( #6787, #2250 ),
 ( #7540, #3031 ) ),
 .UNSPECIFIED., .F., .F., .F.,
 ( 4, 4 ),
 ( 2, 2 ),
 ( 3.000000000000000000, 4.000000000000000000 ),
 ( 0.0000000000000000000, 1.000000000000000000 ),
 .UNSPECIFIED. ) ;
#6442 = CARTESIAN_POINT ( 'NONE',  ( 0.2221312927212818800, -0.5253822819453388700, 0.5300000000000000300 ) ) ;
#6443 = CARTESIAN_POINT ( 'NONE',  ( 0.5950562863295227900, -0.3327715578411892800, 0.5400000000000000400 ) ) ;
#6444 =( NAMED_UNIT ( * ) SI_UNIT ( $, .STERADIAN. ) SOLID_ANGLE_UNIT ( ) );
#6445 = CARTESIAN_POINT ( 'NONE',  ( 0.4624390120265000100, -0.4989708842031906300, 0.5300000000000000300 ) ) ;
#6446 = SURFACE_STYLE_FILL_AREA ( #2703 ) ;
#6447 = CARTESIAN_POINT ( 'NONE',  ( 0.6167811683492980800, -0.3717251466630996900, 0.5400000000000000400 ) ) ;
#6448 = EDGE_CURVE ( 'NONE', #8018, #5996, #1431, .T. ) ;
#6449 = CARTESIAN_POINT ( 'NONE',  ( 0.6427634906170947000, -0.4016465958906835200, 0.5400000000000000400 ) ) ;
#6450 = CARTESIAN_POINT ( 'NONE',  ( 0.2708257603980817100, -0.3754254613460054100, 0.5300000000000000300 ) ) ;
#6451 = ORIENTED_EDGE ( 'NONE', *, *, #8093, .T. ) ;
#6452 = VERTEX_POINT ( 'NONE', #3729 ) ;
#6453 = CARTESIAN_POINT ( 'NONE',  ( 0.2243446440340349000, -0.4910748299942564500, 0.5400000000000000400 ) ) ;
#6454 = AXIS2_PLACEMENT_3D ( 'NONE', #8944, #9705, #5197 ) ;
#6455 = VERTEX_POINT ( 'NONE', #4461 ) ;
#6456 = ADVANCED_FACE ( 'NONE', ( #7223 ), #6013, .T. ) ;
#6457 = CARTESIAN_POINT ( 'NONE',  ( 0.06276757072949418200, -0.3809588923993698100, 0.5400000000000000400 ) ) ;
#6458 = CARTESIAN_POINT ( 'NONE',  ( 0.1136754108275356600, -0.5187421435731359700, 0.5300000000000000300 ) ) ;
#6459 = B_SPLINE_SURFACE_WITH_KNOTS ( 'NONE', 3, 1, ( 
 ( #8769, #4259 ),
 ( #541, #5770 ),
 ( #1265, #6554 ),
 ( #2000, #7309 ) ),
 .UNSPECIFIED., .F., .F., .F.,
 ( 4, 4 ),
 ( 2, 2 ),
 ( 5.000000000000000000, 6.000000000000000000 ),
 ( 0.0000000000000000000, 1.000000000000000000 ),
 .UNSPECIFIED. ) ;
#6460 = FACE_OUTER_BOUND ( 'NONE', #3346, .T. ) ;
#6461 = FACE_OUTER_BOUND ( 'NONE', #7170, .T. ) ;
#6462 = ORIENTED_EDGE ( 'NONE', *, *, #3180, .F. ) ;
#6463 = EDGE_CURVE ( 'NONE', #7222, #1664, #4942, .T. ) ;
#6464 = ORIENTED_EDGE ( 'NONE', *, *, #5687, .F. ) ;
#6465 = FACE_OUTER_BOUND ( 'NONE', #4475, .T. ) ;
#6466 = CARTESIAN_POINT ( 'NONE',  ( 0.4750000000000001400, -0.3999999999999999700, -0.02000000000000000000 ) ) ;
#6467 = EDGE_CURVE ( 'NONE', #9504, #324, #3215, .T. ) ;
#6468 = VERTEX_POINT ( 'NONE', #44 ) ;
#6469 = CARTESIAN_POINT ( 'NONE',  ( 0.007432943572267011600, -0.4362935195565979500, 0.5400000000000000400 ) ) ;
#6470 = EDGE_LOOP ( 'NONE', ( #6691, #3767, #3807, #9113 ) ) ;
#6471 = CARTESIAN_POINT ( 'NONE',  ( -0.7249999999999999800, 0.2750000000000000800, 0.0000000000000000000 ) ) ;
#6472 = DIRECTION ( 'NONE',  ( 0.0000000000000000000, 0.0000000000000000000, -1.000000000000000000 ) ) ;
#6473 = LINE ( 'NONE', #4104, #2460 ) ;
#6474 = DIRECTION ( 'NONE',  ( 0.0000000000000000000, 0.0000000000000000000, -1.000000000000000000 ) ) ;
#6475 = PRESENTATION_STYLE_ASSIGNMENT (( #6038 ) ) ;
#6476 = EDGE_LOOP ( 'NONE', ( #8941, #3106, #6411, #4124 ) ) ;
#6477 = ORIENTED_EDGE ( 'NONE', *, *, #6390, .T. ) ;
#6478 = ORIENTED_EDGE ( 'NONE', *, *, #7365, .F. ) ;
#6479 = PRODUCT_DEFINITION_FORMATION_WITH_SPECIFIED_SOURCE ( '任何', '', #4231, .NOT_KNOWN. ) ;
#6480 = DIRECTION ( 'NONE',  ( 0.0000000000000000000, 1.000000000000000000, 0.0000000000000000000 ) ) ;
#6481 = VECTOR ( 'NONE', #1226, 1000.000000000000000 ) ;
#6482 = CARTESIAN_POINT ( 'NONE',  ( 0.7016912383650133500, -0.4016465958906835200, 0.5400000000000000400 ) ) ;
#6483 = UNCERTAINTY_MEASURE_WITH_UNIT (LENGTH_MEASURE( 1.000000000000000100E-005 ), #902, 'distance_accuracy_value', 'NONE');
#6484 = MECHANICAL_DESIGN_GEOMETRIC_PRESENTATION_REPRESENTATION (  '', ( #4938 ), #6995 ) ;
#6485 = CARTESIAN_POINT ( 'NONE',  ( 0.5861833033809015200, -0.3238189965697173000, 0.5400000000000000400 ) ) ;
#6486 = EDGE_CURVE ( 'NONE', #3537, #2388, #2961, .T. ) ;
#6487 = LINE ( 'NONE', #6281, #2473 ) ;
#6488 = CARTESIAN_POINT ( 'NONE',  ( 0.5244305251873192500, -0.4761716948315121700, 0.5300000000000000300 ) ) ;
#6489 = ORIENTED_EDGE ( 'NONE', *, *, #6407, .T. ) ;
#6490 = CARTESIAN_POINT ( 'NONE',  ( 0.5201134011962291700, -0.4682536517513063400, 0.5300000000000000300 ) ) ;
#6491 = FACE_BOUND ( 'NONE', #4276, .T. ) ;
#6492 = EDGE_LOOP ( 'NONE', ( #6303, #1192, #4196, #8984 ) ) ;
#6493 = CYLINDRICAL_SURFACE ( 'NONE', #3054, 0.1250000000000000000 ) ;
#6494 =( GEOMETRIC_REPRESENTATION_CONTEXT ( 3 ) GLOBAL_UNCERTAINTY_ASSIGNED_CONTEXT ( ( #3585 ) ) GLOBAL_UNIT_ASSIGNED_CONTEXT ( ( #8550, #3283, #7800 ) ) REPRESENTATION_CONTEXT ( 'NONE', 'WORKASPACE' ) );
#6495 = ORIENTED_EDGE ( 'NONE', *, *, #9589, .T. ) ;
#6496 = PRESENTATION_LAYER_ASSIGNMENT (  '', '', ( #5496 ) ) ;
#6497 = FACE_OUTER_BOUND ( 'NONE', #749, .T. ) ;
#6498 = DIRECTION ( 'NONE',  ( -0.0000000000000000000, -0.0000000000000000000, -1.000000000000000000 ) ) ;
#6499 = CARTESIAN_POINT ( 'NONE',  ( 0.7402270409936681000, -0.5251123631161613800, 0.5300000000000000300 ) ) ;
#6500 = VERTEX_POINT ( 'NONE', #7545 ) ;
#6501 = CARTESIAN_POINT ( 'NONE',  ( 0.4421266452303495000, -0.5191439889355340400, 0.5300000000000000300 ) ) ;
#6502 = CARTESIAN_POINT ( 'NONE',  ( 0.4576046289397770500, -0.5184277840335637100, 0.5400000000000000400 ) ) ;
#6503 = FACE_OUTER_BOUND ( 'NONE', #3218, .T. ) ;
#6504 = ORIENTED_EDGE ( 'NONE', *, *, #9592, .T. ) ;
#6505 = EDGE_LOOP ( 'NONE', ( #8350, #6410, #4435, #7109 ) ) ;
#6506 = CARTESIAN_POINT ( 'NONE',  ( 0.09928841621003974000, -0.3245176027785717200, 0.5300000000000000300 ) ) ;
#6507 = EDGE_CURVE ( 'NONE', #3220, #8606, #8722, .T. ) ;
#6508 = FACE_OUTER_BOUND ( 'NONE', #7441, .T. ) ;
#6509 = AXIS2_PLACEMENT_3D ( 'NONE', #285, #5513, #1024 ) ;
#6510 = ORIENTED_EDGE ( 'NONE', *, *, #659, .F. ) ;
#6511 = CARTESIAN_POINT ( 'NONE',  ( 0.4517556222423695900, -0.3858105097302731400, 0.5400000000000000400 ) ) ;
#6512 = FACE_OUTER_BOUND ( 'NONE', #4744, .T. ) ;
#6513 = ORIENTED_EDGE ( 'NONE', *, *, #7966, .T. ) ;
#6514 = CARTESIAN_POINT ( 'NONE',  ( 0.5943798705892429100, -0.4695269049100720400, 0.5400000000000000400 ) ) ;
#6515 = CARTESIAN_POINT ( 'NONE',  ( 0.6467424067380472800, -0.5162393801670115400, 0.5300000000000000300 ) ) ;
#6516 = EDGE_LOOP ( 'NONE', ( #9324, #2862, #1728, #6150 ) ) ;
#6517 = ORIENTED_EDGE ( 'NONE', *, *, #976, .T. ) ;
#6518 = CARTESIAN_POINT ( 'NONE',  ( 0.2647389598541977600, -0.3588250731993156700, 0.5300000000000000300 ) ) ;
#6519 = ORIENTED_EDGE ( 'NONE', *, *, #2593, .F. ) ;
#6520 = CARTESIAN_POINT ( 'NONE',  ( 0.5326867761376663500, -0.5008011856187470900, 0.5300000000000000300 ) ) ;
#6521 = CARTESIAN_POINT ( 'NONE',  ( -0.8999999999999999100, -0.6500000000000000200, 0.5300000000000000300 ) ) ;
#6522 = ORIENTED_EDGE ( 'NONE', *, *, #7087, .T. ) ;
#6523 = FILL_AREA_STYLE_COLOUR ( '', #207 ) ;
#6524 = FACE_OUTER_BOUND ( 'NONE', #4045, .T. ) ;
#6525 = EDGE_CURVE ( 'NONE', #6278, #4753, #4727, .T. ) ;
#6526 = ORIENTED_EDGE ( 'NONE', *, *, #3490, .T. ) ;
#6527 = EDGE_LOOP ( 'NONE', ( #7315, #376, #6546, #8135 ) ) ;
#6528 = VECTOR ( 'NONE', #3236, 1000.000000000000000 ) ;
#6529 = EDGE_CURVE ( 'NONE', #5895, #4306, #732, .T. ) ;
#6530 = CARTESIAN_POINT ( 'NONE',  ( 0.2547787100791827400, -0.5253822819453388700, 0.5400000000000000400 ) ) ;
#6531 = B_SPLINE_CURVE_WITH_KNOTS ( 'NONE', 3,
 ( #9002, #3746, #1500, #6779 ),
 .UNSPECIFIED., .F., .F.,
 ( 4, 4 ),
 ( 18.00000000000000000, 19.00000000000000000 ),
 .UNSPECIFIED. ) ;
#6532 = CARTESIAN_POINT ( 'NONE',  ( 0.1479828838871060400, -0.5032484310820235500, 0.5400000000000000400 ) ) ;
#6533 = EDGE_LOOP ( 'NONE', ( #6829, #6428, #6977, #6011 ) ) ;
#6534 = CARTESIAN_POINT ( 'NONE',  ( 0.2912995555594620800, -0.4484671628613402000, 0.5400000000000000400 ) ) ;
#6535 = ORIENTED_EDGE ( 'NONE', *, *, #9112, .T. ) ;
#6536 = ORIENTED_EDGE ( 'NONE', *, *, #1542, .T. ) ;
#6537 = VERTEX_POINT ( 'NONE', #6064 ) ;
#6538 = LINE ( 'NONE', #9496, #8301 ) ;
#6539 = CARTESIAN_POINT ( 'NONE',  ( 0.5332836135558864900, -0.4801904001136226800, 0.5400000000000000400 ) ) ;
#6540 = CARTESIAN_POINT ( 'NONE',  ( 0.5132298763075574500, -0.5006818181352645800, 0.5300000000000000300 ) ) ;
#6541 = DIRECTION ( 'NONE',  ( -0.9445574604294381100, -0.3283461648125197700, 0.0000000000000000000 ) ) ;
#6542 = CARTESIAN_POINT ( 'NONE',  ( 0.5132298763075574500, -0.5006818181352645800, 0.5300000000000000300 ) ) ;
#6543 = CARTESIAN_POINT ( 'NONE',  ( 0.4576046289397770500, -0.5184277840335637100, 0.5300000000000000300 ) ) ;
#6544 = VERTEX_POINT ( 'NONE', #6820 ) ;
#6545 = ADVANCED_FACE ( 'NONE', ( #6503 ), #2252, .F. ) ;
#6546 = ORIENTED_EDGE ( 'NONE', *, *, #8210, .F. ) ;
#6547 = FACE_OUTER_BOUND ( 'NONE', #694, .T. ) ;
#6548 = EDGE_CURVE ( 'NONE', #4388, #2784, #4073, .T. ) ;
#6549 = DIRECTION ( 'NONE',  ( 0.4630180653866851100, -0.8863488427958664500, 0.0000000000000000000 ) ) ;
#6550 = DIRECTION ( 'NONE',  ( -0.0000000000000000000, -0.0000000000000000000, -1.000000000000000000 ) ) ;
#6551 = CARTESIAN_POINT ( 'NONE',  ( 0.7291258650168087600, -0.5251123631161613800, 0.5400000000000000400 ) ) ;
#6552 = CARTESIAN_POINT ( 'NONE',  ( 0.4618421746085391600, -0.3225059542497878400, 0.5300000000000000300 ) ) ;
#6553 = CARTESIAN_POINT ( 'NONE',  ( 0.4453097781270029000, -0.5220485977035250700, 0.5300000000000000300 ) ) ;
#6554 = CARTESIAN_POINT ( 'NONE',  ( 0.5530190375146607500, -0.5429379073373147300, 0.5300000000000000300 ) ) ;
#6555 = EDGE_LOOP ( 'NONE', ( #5290, #9573, #512, #292 ) ) ;
#6556 = AXIS2_PLACEMENT_3D ( 'NONE', #498, #5732, #4004 ) ;
#6557 = CARTESIAN_POINT ( 'NONE',  ( 0.2060842424023816300, -0.5082285559695332000, 0.5300000000000000300 ) ) ;
#6558 = LINE ( 'NONE', #139, #2765 ) ;
#6559 = CARTESIAN_POINT ( 'NONE',  ( 0.1662433066272454600, -0.3361378739537001500, 0.5400000000000000400 ) ) ;
#6560 = EDGE_CURVE ( 'NONE', #4250, #4328, #3255, .T. ) ;
#6561 = ORIENTED_EDGE ( 'NONE', *, *, #9193, .F. ) ;
#6562 = LINE ( 'NONE', #1619, #2556 ) ;
#6563 = CARTESIAN_POINT ( 'NONE',  ( 0.5255247271203276100, -0.5249532064715145600, 0.5400000000000000400 ) ) ;
#6564 = CARTESIAN_POINT ( 'NONE',  ( 0.4918432021587133000, -0.3887946968205875400, 0.5400000000000000400 ) ) ;
#6565 = DIRECTION ( 'NONE',  ( -1.000000000000000000, 0.0000000000000000000, 0.0000000000000000000 ) ) ;
#6566 = CARTESIAN_POINT ( 'NONE',  ( -0.01802100154308240400, -0.3909191527286312600, 0.5400000000000000400 ) ) ;
#6567 = DIRECTION ( 'NONE',  ( -0.0000000000000000000, 1.000000000000000000, -0.0000000000000000000 ) ) ;
#6568 = CARTESIAN_POINT ( 'NONE',  ( -0.07499999999999995600, 0.4000000000000000800, 0.0000000000000000000 ) ) ;
#6569 =( GEOMETRIC_REPRESENTATION_CONTEXT ( 3 ) GLOBAL_UNCERTAINTY_ASSIGNED_CONTEXT ( ( #3824 ) ) GLOBAL_UNIT_ASSIGNED_CONTEXT ( ( #1538, #6810, #2281 ) ) REPRESENTATION_CONTEXT ( 'NONE', 'WORKASPACE' ) );
#6570 = FACE_BOUND ( 'NONE', #5483, .T. ) ;
#6571 = CARTESIAN_POINT ( 'NONE',  ( 0.5977022655499615300, -0.4016465958906835200, 0.5400000000000000400 ) ) ;
#6572 = DIRECTION ( 'NONE',  ( 0.0000000000000000000, 0.0000000000000000000, -1.000000000000000000 ) ) ;
#6573 = ORIENTED_EDGE ( 'NONE', *, *, #8828, .T. ) ;
#6574 = CARTESIAN_POINT ( 'NONE',  ( 0.5639809514271858500, -0.4016465958906835200, 0.5400000000000000400 ) ) ;
#6575 = CARTESIAN_POINT ( 'NONE',  ( 0.7142447187253383500, -0.4951909138885769400, 0.5400000000000000400 ) ) ;
#6576 = VERTEX_POINT ( 'NONE', #3109 ) ;
#6577 = EDGE_CURVE ( 'NONE', #2385, #649, #7627, .T. ) ;
#6578 = CARTESIAN_POINT ( 'NONE',  ( 0.4581616771968354300, -0.5264254054360929500, 0.5300000000000000300 ) ) ;
#6579 = DIRECTION ( 'NONE',  ( 0.3493954794972972100, -0.9369753459439867900, -0.0000000000000000000 ) ) ;
#6580 = EDGE_CURVE ( 'NONE', #7226, #8606, #503, .T. ) ;
#6581 = CARTESIAN_POINT ( 'NONE',  ( 0.4294339028051645800, -0.4472847637951952700, 0.5400000000000000400 ) ) ;
#6582 = AXIS2_PLACEMENT_3D ( 'NONE', #5135, #658, #5906 ) ;
#6583 = ORIENTED_EDGE ( 'NONE', *, *, #920, .F. ) ;
#6584 = CARTESIAN_POINT ( 'NONE',  ( 0.4405350787820243600, -0.5102312168246958500, 0.5300000000000000300 ) ) ;
#6585 = LINE ( 'NONE', #3602, #2327 ) ;
#6586 = SURFACE_STYLE_FILL_AREA ( #3938 ) ;
#6587 = ORIENTED_EDGE ( 'NONE', *, *, #8150, .T. ) ;
#6588 = ADVANCED_FACE ( 'NONE', ( #6266 ), #7628, .F. ) ;
#6589 = VERTEX_POINT ( 'NONE', #3145 ) ;
#6590 = CIRCLE ( 'NONE', #8936, 0.1249999999999999400 ) ;
#6591 = CARTESIAN_POINT ( 'NONE',  ( 0.4441161032908241300, -0.3729188214990154500, 0.5400000000000000400 ) ) ;
#6592 = EDGE_CURVE ( 'NONE', #5325, #6153, #2232, .T. ) ;
#6593 = FACE_OUTER_BOUND ( 'NONE', #6822, .T. ) ;
#6594 = CARTESIAN_POINT ( 'NONE',  ( -0.07499999999999995600, 0.4000000000000000800, -0.02000000000000000000 ) ) ;
#6595 = CARTESIAN_POINT ( 'NONE',  ( 0.2531186754859991500, -0.5253822819453388700, 0.5400000000000000400 ) ) ;
#6596 = VERTEX_POINT ( 'NONE', #8395 ) ;
#6597 = CARTESIAN_POINT ( 'NONE',  ( 0.6449717890642460100, -0.4472847637951952700, 0.5400000000000000400 ) ) ;
#6598 = CARTESIAN_POINT ( 'NONE',  ( 0.4405350787820243600, -0.5102312168246958500, 0.5300000000000000300 ) ) ;
#6599 = EDGE_CURVE ( 'NONE', #3130, #8270, #4243, .T. ) ;
#6600 = LINE ( 'NONE', #5625, #2811 ) ;
#6601 = LINE ( 'NONE', #1502, #4599 ) ;
#6602 = ORIENTED_EDGE ( 'NONE', *, *, #8295, .T. ) ;
#6603 = DIRECTION ( 'NONE',  ( 0.0000000000000000000, 0.0000000000000000000, -1.000000000000000000 ) ) ;
#6604 = CARTESIAN_POINT ( 'NONE',  ( 0.5106435808288617400, -0.4888246480952716000, 0.5300000000000000300 ) ) ;
#6605 = EDGE_CURVE ( 'NONE', #6455, #7916, #2495, .T. ) ;
#6606 = CARTESIAN_POINT ( 'NONE',  ( 0.4751914381934273000, -0.5165179042956770100, 0.5300000000000000300 ) ) ;
#6607 = ORIENTED_EDGE ( 'NONE', *, *, #6205, .F. ) ;
#6608 = LINE ( 'NONE', #7182, #859 ) ;
#6609 = VERTEX_POINT ( 'NONE', #6925 ) ;
#6610 = CARTESIAN_POINT ( 'NONE',  ( 0.5857854117682252900, -0.3327715578411892800, 0.5400000000000000400 ) ) ;
#6611 = LINE ( 'NONE', #2609, #6149 ) ;
#6612 = ORIENTED_EDGE ( 'NONE', *, *, #8898, .T. ) ;
#6613 = VERTEX_POINT ( 'NONE', #2403 ) ;
#6614 = VERTEX_POINT ( 'NONE', #3168 ) ;
#6615 = CARTESIAN_POINT ( 'NONE',  ( 0.4435590550337630800, -0.3923359321682266500, 0.5300000000000000300 ) ) ;
#6616 = ORIENTED_EDGE ( 'NONE', *, *, #8295, .F. ) ;
#6617 = DIRECTION ( 'NONE',  ( -0.0000000000000000000, -0.0000000000000000000, -1.000000000000000000 ) ) ;
#6618 = CARTESIAN_POINT ( 'NONE',  ( 0.5174674219760538900, -0.3576795727570894500, 0.5300000000000000300 ) ) ;
#6619 = LINE ( 'NONE', #5412, #9453 ) ;
#6620 = CARTESIAN_POINT ( 'NONE',  ( 0.5449418377895408600, -0.5425798048863271800, 0.5300000000000000300 ) ) ;
#6621 = FILL_AREA_STYLE_COLOUR ( '', #2061 ) ;
#6622 = ORIENTED_EDGE ( 'NONE', *, *, #6922, .F. ) ;
#6623 = VERTEX_POINT ( 'NONE', #5390 ) ;
#6624 = ORIENTED_EDGE ( 'NONE', *, *, #8744, .T. ) ;
#6625 = VECTOR ( 'NONE', #8923, 1000.000000000000000 ) ;
#6626 = VERTEX_POINT ( 'NONE', #7692 ) ;
#6627 = EDGE_CURVE ( 'NONE', #2441, #7246, #290, .T. ) ;
#6628 = ADVANCED_FACE ( 'NONE', ( #4018 ), #180, .F. ) ;
#6629 = VECTOR ( 'NONE', #4298, 1000.000000000000200 ) ;
#6630 = CARTESIAN_POINT ( 'NONE',  ( 0.5359494873566411600, -0.5150854944922639300, 0.5300000000000000300 ) ) ;
#6631 =( NAMED_UNIT ( * ) SI_UNIT ( $, .STERADIAN. ) SOLID_ANGLE_UNIT ( ) );
#6632 = CARTESIAN_POINT ( 'NONE',  ( 0.4750000000000001400, -0.3999999999999999700, 0.0000000000000000000 ) ) ;
#6633 = CARTESIAN_POINT ( 'NONE',  ( 0.2464785160053062600, -0.4053061579003669500, 0.5400000000000000400 ) ) ;
#6634 = VECTOR ( 'NONE', #3501, 1000.000000000000000 ) ;
#6635 = CARTESIAN_POINT ( 'NONE',  ( 0.5492788563609450900, -0.3927736129415362900, 0.5400000000000000400 ) ) ;
#6636 = ORIENTED_EDGE ( 'NONE', *, *, #9255, .F. ) ;
#6637 = VERTEX_POINT ( 'NONE', #5427 ) ;
#6638 = ORIENTED_EDGE ( 'NONE', *, *, #3905, .F. ) ;
#6639 = EDGE_LOOP ( 'NONE', ( #6526, #1325, #2795, #3922 ) ) ;
#6640 = FACE_OUTER_BOUND ( 'NONE', #7875, .T. ) ;
#6641 = CARTESIAN_POINT ( 'NONE',  ( 0.6149309723531775100, -0.4562373250666672000, 0.5400000000000000400 ) ) ;
#6642 = DIRECTION ( 'NONE',  ( 0.0000000000000000000, -0.0000000000000000000, -1.000000000000000000 ) ) ;
#6643 = EDGE_CURVE ( 'NONE', #353, #9436, #1984, .T. ) ;
#6644 = CARTESIAN_POINT ( 'NONE',  ( 0.4335719755707609400, -0.3642049951950437900, 0.5300000000000000300 ) ) ;
#6645 = CARTESIAN_POINT ( 'NONE',  ( 0.2912995555594620800, -0.4711543621069549900, 0.5300000000000000300 ) ) ;
#6646 = VERTEX_POINT ( 'NONE', #3956 ) ;
#6647 = EDGE_CURVE ( 'NONE', #4168, #7363, #7812, .T. ) ;
#6648 =( NAMED_UNIT ( * ) SI_UNIT ( $, .STERADIAN. ) SOLID_ANGLE_UNIT ( ) );
#6649 = CARTESIAN_POINT ( 'NONE',  ( -0.004187346072788054000, -0.4977149683664612300, 0.5400000000000000400 ) ) ;
#6650 = CARTESIAN_POINT ( 'NONE',  ( 0.6954443400551965100, -0.4472847637951944400, 0.5400000000000000400 ) ) ;
#6651 = CARTESIAN_POINT ( 'NONE',  ( 0.6714912650087675500, -0.5162393801670115400, 0.5400000000000000400 ) ) ;
#6652 = DIRECTION ( 'NONE',  ( 0.2524218971879139100, -0.9676172723861713500, 0.0000000000000000000 ) ) ;
#6653 = CARTESIAN_POINT ( 'NONE',  ( -0.07499999999999995600, 5.421010862427522200E-017, 0.0000000000000000000 ) ) ;
#6654 = CARTESIAN_POINT ( 'NONE',  ( 0.6720483132655605800, -0.3238189965697152500, 0.5400000000000000400 ) ) ;
#6655 = CARTESIAN_POINT ( 'NONE',  ( 0.1026084853961411600, -0.3582717248164871700, 0.5400000000000000400 ) ) ;
#6656 = ORIENTED_EDGE ( 'NONE', *, *, #9063, .F. ) ;
#6657 = VECTOR ( 'NONE', #6498, 1000.000000000000000 ) ;
#6658 = EDGE_CURVE ( 'NONE', #1630, #7392, #5772, .T. ) ;
#6659 = CARTESIAN_POINT ( 'NONE',  ( 0.4851984122370147600, -0.5251123631161622700, 0.5400000000000000400 ) ) ;
#6660 = ORIENTED_EDGE ( 'NONE', *, *, #5769, .T. ) ;
#6661 = DIRECTION ( 'NONE',  ( -1.000000000000000000, 0.0000000000000000000, 0.0000000000000000000 ) ) ;
#6662 = CARTESIAN_POINT ( 'NONE',  ( 0.5578534206011176400, -0.5512936311908295300, 0.5300000000000000300 ) ) ;
#6663 = CARTESIAN_POINT ( 'NONE',  ( -0.1999999999999999300, -0.3999999999999999700, 0.0000000000000000000 ) ) ;
#6664 = PLANE ( 'NONE',  #1512 ) ;
#6665 = LINE ( 'NONE', #4974, #6921 ) ;
#6666 = CARTESIAN_POINT ( 'NONE',  ( 0.5085148607043181700, -0.4836520571384098600, 0.5400000000000000400 ) ) ;
#6667 = CARTESIAN_POINT ( 'NONE',  ( 0.4918432021587133000, -0.3887946968205875400, 0.5400000000000000400 ) ) ;
#6668 = AXIS2_PLACEMENT_3D ( 'NONE', #7539, #768, #5249 ) ;
#6669 = CARTESIAN_POINT ( 'NONE',  ( 0.09209491890129167800, -0.3892590864732475800, 0.5300000000000000300 ) ) ;
#6670 = CARTESIAN_POINT ( 'NONE',  ( 0.5087138065103916600, -0.5184675731947240300, 0.5300000000000000300 ) ) ;
#6671 = CARTESIAN_POINT ( 'NONE',  ( 0.2481385505984884100, -0.4053061579003669500, 0.5400000000000000400 ) ) ;
#6672 = STYLED_ITEM ( 'NONE', ( #1770 ), #3398 ) ;
#6673 = ADVANCED_FACE ( 'NONE', ( #7562 ), #5472, .F. ) ;
#6674 = CARTESIAN_POINT ( 'NONE',  ( 0.5085148607043181700, -0.4836520571384098600, 0.5300000000000000300 ) ) ;
#6675 = CARTESIAN_POINT ( 'NONE',  ( 0.0000000000000000000, 0.0000000000000000000, 0.5300000000000000300 ) ) ;
#6676 = ORIENTED_EDGE ( 'NONE', *, *, #9319, .T. ) ;
#6677 = VERTEX_POINT ( 'NONE', #8460 ) ;
#6678 = CARTESIAN_POINT ( 'NONE',  ( 0.5296826944665049600, -0.5220088085423639800, 0.5400000000000000400 ) ) ;
#6679 = DIRECTION ( 'NONE',  ( -1.000000000000000000, 0.0000000000000000000, 0.0000000000000000000 ) ) ;
#6680 = CARTESIAN_POINT ( 'NONE',  ( 0.5467721392051034800, -0.5429379073373147300, 0.5400000000000000400 ) ) ;
#6681 = STYLED_ITEM ( 'NONE', ( #1565 ), #3006 ) ;
#6682 = CARTESIAN_POINT ( 'NONE',  ( -0.004187346072788054000, -0.4977149683664612300, 0.5300000000000000300 ) ) ;
#6683 = PLANE ( 'NONE',  #6454 ) ;
#6684 = LINE ( 'NONE', #6227, #2448 ) ;
#6685 = SURFACE_SIDE_STYLE ('',( #1399 ) ) ;
#6686 = ORIENTED_EDGE ( 'NONE', *, *, #9471, .T. ) ;
#6687 = ORIENTED_EDGE ( 'NONE', *, *, #4649, .T. ) ;
#6688 = VECTOR ( 'NONE', #3011, 1000.000000000000000 ) ;
#6689 = CIRCLE ( 'NONE', #439, 0.1249999999999999700 ) ;
#6690 = VERTEX_POINT ( 'NONE', #4735 ) ;
#6691 = ORIENTED_EDGE ( 'NONE', *, *, #5297, .T. ) ;
#6692 = FILL_AREA_STYLE ('',( #1429 ) ) ;
#6693 = CARTESIAN_POINT ( 'NONE',  ( 0.4335719755707609400, -0.3516714094147702100, 0.5300000000000000300 ) ) ;
#6694 = CARTESIAN_POINT ( 'NONE',  ( 0.7652544233930525000, -0.4626831691822945700, 0.5300000000000000300 ) ) ;
#6695 = CARTESIAN_POINT ( 'NONE',  ( 0.6905900623881550100, -0.4016465958906862400, 0.5400000000000000400 ) ) ;
#6696 = EDGE_CURVE ( 'NONE', #4834, #3254, #3792, .T. ) ;
#6697 = LINE ( 'NONE', #4684, #4698 ) ;
#6698 = DIRECTION ( 'NONE',  ( 0.9369753459439869000, 0.3493954794972972100, -0.0000000000000000000 ) ) ;
#6699 = EDGE_CURVE ( 'NONE', #5948, #6596, #5547, .T. ) ;
#6700 = ORIENTED_EDGE ( 'NONE', *, *, #7277, .T. ) ;
#6701 = PLANE ( 'NONE',  #698 ) ;
#6702 = VERTEX_POINT ( 'NONE', #2500 ) ;
#6703 = CARTESIAN_POINT ( 'NONE',  ( 0.2547787100791827400, -0.5253822819453388700, 0.5400000000000000400 ) ) ;
#6704 = FACE_OUTER_BOUND ( 'NONE', #1463, .T. ) ;
#6705 = DIRECTION ( 'NONE',  ( 0.0000000000000000000, 0.0000000000000000000, -1.000000000000000000 ) ) ;
#6706 = CARTESIAN_POINT ( 'NONE',  ( 0.2542253722508622200, -0.3438847249218676700, 0.5300000000000000300 ) ) ;
#6707 = DIRECTION ( 'NONE',  ( -0.0000000000000000000, -0.0000000000000000000, -1.000000000000000000 ) ) ;
#6708 = ORIENTED_EDGE ( 'NONE', *, *, #1388, .T. ) ;
#6709 = ORIENTED_EDGE ( 'NONE', *, *, #8137, .T. ) ;
#6710 = CARTESIAN_POINT ( 'NONE',  ( 0.5853875201566092200, -0.4016465958906835200, 0.5400000000000000400 ) ) ;
#6711 = STYLED_ITEM ( 'NONE', ( #6367 ), #8992 ) ;
#6712 = LINE ( 'NONE', #9666, #4929 ) ;
#6713 = CARTESIAN_POINT ( 'NONE',  ( 0.4801650833442131000, -0.3315778830052764100, 0.5400000000000000400 ) ) ;
#6714 = ORIENTED_EDGE ( 'NONE', *, *, #3137, .F. ) ;
#6715 = CARTESIAN_POINT ( 'NONE',  ( 0.5259425133130581900, -0.5109474217266660700, 0.5400000000000000400 ) ) ;
#6716 = DIRECTION ( 'NONE',  ( -1.000000000000000000, 0.0000000000000000000, 0.0000000000000000000 ) ) ;
#6717 = CARTESIAN_POINT ( 'NONE',  ( 0.6449717890642460100, -0.4472847637951952700, 0.5400000000000000400 ) ) ;
#6718 = EDGE_CURVE ( 'NONE', #8347, #1973, #1764, .T. ) ;
#6719 = CARTESIAN_POINT ( 'NONE',  ( 0.6156073880934355100, -0.3341243893222797800, 0.5300000000000000300 ) ) ;
#6720 = VERTEX_POINT ( 'NONE', #9277 ) ;
#6721 = B_SPLINE_CURVE_WITH_KNOTS ( 'NONE', 3,
 ( #4043, #1053, #6318, #4070 ),
 .UNSPECIFIED., .F., .F.,
 ( 4, 4 ),
 ( 1.000000000000000000, 2.000000000000000000 ),
 .UNSPECIFIED. ) ;
#6722 = CARTESIAN_POINT ( 'NONE',  ( 0.6951658159270623900, -0.5251123631161613800, 0.5300000000000000300 ) ) ;
#6723 = ADVANCED_FACE ( 'NONE', ( #7326 ), #5524, .F. ) ;
#6724 = VERTEX_POINT ( 'NONE', #7047 ) ;
#6725 = CARTESIAN_POINT ( 'NONE',  ( 0.0000000000000000000, 0.0000000000000000000, 0.0000000000000000000 ) ) ;
#6726 = CARTESIAN_POINT ( 'NONE',  ( 0.5191584613272886000, -0.4761716948315121700, 0.5400000000000000400 ) ) ;
#6727 = VECTOR ( 'NONE', #871, 1000.000000000000000 ) ;
#6728 = CARTESIAN_POINT ( 'NONE',  ( 0.09209490834705039200, -0.5287023933481510600, 0.5400000000000000400 ) ) ;
#6729 = CARTESIAN_POINT ( 'NONE',  ( 0.4303888426743730000, -0.4016465958906849100, 0.5400000000000000400 ) ) ;
#6730 = PRESENTATION_LAYER_ASSIGNMENT (  '', '', ( #5715 ) ) ;
#6731 = ORIENTED_EDGE ( 'NONE', *, *, #1035, .F. ) ;
#6732 = CARTESIAN_POINT ( 'NONE',  ( 0.6832489621453254900, -0.4562373250666672000, 0.5400000000000000400 ) ) ;
#6733 = MECHANICAL_DESIGN_GEOMETRIC_PRESENTATION_REPRESENTATION (  '', ( #4709 ), #7260 ) ;
#6734 = ORIENTED_EDGE ( 'NONE', *, *, #1304, .F. ) ;
#6735 = CARTESIAN_POINT ( 'NONE',  ( 0.6665773035994542200, -0.3337662868712928900, 0.5400000000000000400 ) ) ;
#6736 = EDGE_CURVE ( 'NONE', #4713, #5520, #9321, .T. ) ;
#6737 = CARTESIAN_POINT ( 'NONE',  ( 0.7142447187253383500, -0.4854823585539703200, 0.5300000000000000300 ) ) ;
#6738 = LINE ( 'NONE', #5231, #6989 ) ;
#6739 = VERTEX_POINT ( 'NONE', #3300 ) ;
#6740 = CARTESIAN_POINT ( 'NONE',  ( 0.4735003988421937500, -0.3315778830052764100, 0.5300000000000000300 ) ) ;
#6741 = SURFACE_STYLE_FILL_AREA ( #7700 ) ;
#6742 = ORIENTED_EDGE ( 'NONE', *, *, #3075, .F. ) ;
#6743 = CARTESIAN_POINT ( 'NONE',  ( 0.4468416608333230000, -0.3460213485234352500, 0.5400000000000000400 ) ) ;
#6744 = VERTEX_POINT ( 'NONE', #8560 ) ;
#6745 = ORIENTED_EDGE ( 'NONE', *, *, #3065, .T. ) ;
#6746 = PLANE ( 'NONE',  #1215 ) ;
#6747 = ORIENTED_EDGE ( 'NONE', *, *, #7328, .T. ) ;
#6748 = DIRECTION ( 'NONE',  ( -0.0000000000000000000, 1.000000000000000000, -0.0000000000000000000 ) ) ;
#6749 = CARTESIAN_POINT ( 'NONE',  ( 0.4504226853421224300, -0.5064114573489232300, 0.5300000000000000300 ) ) ;
#6750 = ORIENTED_EDGE ( 'NONE', *, *, #8920, .F. ) ;
#6751 = AXIS2_PLACEMENT_3D ( 'NONE', #1126, #6391, #9384 ) ;
#6752 = LINE ( 'NONE', #9425, #523 ) ;
#6753 = CARTESIAN_POINT ( 'NONE',  ( 0.04008035565278061900, -0.5242755851802133300, 0.5300000000000000300 ) ) ;
#6754 = EDGE_LOOP ( 'NONE', ( #4229, #9331, #1885, #2139 ) ) ;
#6755 = ORIENTED_EDGE ( 'NONE', *, *, #7535, .T. ) ;
#6756 = CARTESIAN_POINT ( 'NONE',  ( 0.04008035565278061900, -0.5242755851802133300, 0.5300000000000000300 ) ) ;
#6757 = ORIENTED_EDGE ( 'NONE', *, *, #4569, .T. ) ;
#6758 = ORIENTED_EDGE ( 'NONE', *, *, #6883, .F. ) ;
#6759 = LINE ( 'NONE', #6004, #4751 ) ;
#6760 = CARTESIAN_POINT ( 'NONE',  ( 0.6156073880934355100, -0.3907443657201645800, 0.5300000000000000300 ) ) ;
#6761 = ADVANCED_FACE ( 'NONE', ( #7093 ), #7819, .F. ) ;
#6762 = DIRECTION ( 'NONE',  ( -1.000000000000000000, -0.0000000000000000000, -0.0000000000000000000 ) ) ;
#6763 = SURFACE_STYLE_USAGE ( .BOTH. , #1490 ) ;
#6764 = DIRECTION ( 'NONE',  ( -1.000000000000000000, 0.0000000000000000000, -0.0000000000000000000 ) ) ;
#6765 = CARTESIAN_POINT ( 'NONE',  ( 0.5027056431680758700, -0.5253113089225001100, 0.5300000000000000300 ) ) ;
#6766 = EDGE_CURVE ( 'NONE', #7001, #1861, #3616, .T. ) ;
#6767 = VERTEX_POINT ( 'NONE', #4786 ) ;
#6768 = EDGE_LOOP ( 'NONE', ( #7787, #7171, #153, #3127 ) ) ;
#6769 = VERTEX_POINT ( 'NONE', #3331 ) ;
#6770 = ORIENTED_EDGE ( 'NONE', *, *, #2059, .T. ) ;
#6771 = CYLINDRICAL_SURFACE ( 'NONE', #4891, 0.1250000000000000000 ) ;
#6772 =( NAMED_UNIT ( * ) SI_UNIT ( $, .STERADIAN. ) SOLID_ANGLE_UNIT ( ) );
#6773 = DIRECTION ( 'NONE',  ( -0.0000000000000000000, -0.0000000000000000000, -1.000000000000000000 ) ) ;
#6774 = CARTESIAN_POINT ( 'NONE',  ( 0.6655427854081912300, -0.3379441487980494600, 0.5400000000000000400 ) ) ;
#6775 = CARTESIAN_POINT ( 'NONE',  ( 0.4523126704994259200, -0.3263257137255618500, 0.5300000000000000300 ) ) ;
#6776 = DIRECTION ( 'NONE',  ( -0.0000000000000000000, -0.0000000000000000000, -1.000000000000000000 ) ) ;
#6777 = STYLED_ITEM ( 'NONE', ( #4345 ), #8535 ) ;
#6778 = CARTESIAN_POINT ( 'NONE',  ( 0.5259425133130581900, -0.5109474217266660700, 0.5300000000000000300 ) ) ;
#6779 = CARTESIAN_POINT ( 'NONE',  ( 0.5296826944665049600, -0.5220088085423639800, 0.5400000000000000400 ) ) ;
#6780 = CARTESIAN_POINT ( 'NONE',  ( 0.4754500677412452100, -0.5071276622508941200, 0.5400000000000000400 ) ) ;
#6781 = ORIENTED_EDGE ( 'NONE', *, *, #727, .F. ) ;
#6782 = DIRECTION ( 'NONE',  ( 0.0000000000000000000, -1.000000000000000000, 0.0000000000000000000 ) ) ;
#6783 = EDGE_CURVE ( 'NONE', #4454, #3979, #1411, .T. ) ;
#6784 = CARTESIAN_POINT ( 'NONE',  ( 0.2265580375637614200, -0.4916281678223113900, 0.5400000000000000400 ) ) ;
#6785 = UNCERTAINTY_MEASURE_WITH_UNIT (LENGTH_MEASURE( 1.000000000000000100E-005 ), #9575, 'distance_accuracy_value', 'NONE');
#6786 = EDGE_CURVE ( 'NONE', #6867, #5209, #5057, .T. ) ;
#6787 = CARTESIAN_POINT ( 'NONE',  ( 0.7208895086473096100, -0.4644736814366967600, 0.5400000000000000400 ) ) ;
#6788 = ADVANCED_FACE ( 'NONE', ( #9077 ), #4811, .F. ) ;
#6789 = SURFACE_SIDE_STYLE ('',( #2814 ) ) ;
#6790 = B_SPLINE_CURVE_WITH_KNOTS ( 'NONE', 3,
 ( #406, #4868, #6405, #1866 ),
 .UNSPECIFIED., .F., .F.,
 ( 4, 4 ),
 ( 0.0000000000000000000, 1.000000000000000000 ),
 .UNSPECIFIED. ) ;
#6791 = DIRECTION ( 'NONE',  ( -0.3559357243643240800, 0.9345104387438613000, -0.0000000000000000000 ) ) ;
#6792 = ORIENTED_EDGE ( 'NONE', *, *, #5614, .T. ) ;
#6793 = FACE_OUTER_BOUND ( 'NONE', #9037, .T. ) ;
#6794 =( NAMED_UNIT ( * ) SI_UNIT ( $, .STERADIAN. ) SOLID_ANGLE_UNIT ( ) );
#6795 = PLANE ( 'NONE',  #1860 ) ;
#6796 = DIRECTION ( 'NONE',  ( -1.000000000000000000, 0.0000000000000000000, 0.0000000000000000000 ) ) ;
#6797 = CARTESIAN_POINT ( 'NONE',  ( 0.3993930860938300600, -0.3927736129415362900, 0.5400000000000000400 ) ) ;
#6798 = DIRECTION ( 'NONE',  ( -0.0000000000000000000, -0.0000000000000000000, -1.000000000000000000 ) ) ;
#6799 = CARTESIAN_POINT ( 'NONE',  ( 0.4484929110233913900, -0.5249532064715145600, 0.5300000000000000300 ) ) ;
#6800 = CARTESIAN_POINT ( 'NONE',  ( 0.3051332123486368800, -0.5004816997242417200, 0.5300000000000000300 ) ) ;
#6801 = ORIENTED_EDGE ( 'NONE', *, *, #6910, .T. ) ;
#6802 = B_SPLINE_CURVE_WITH_KNOTS ( 'NONE', 3,
 ( #3530, #6645, #4273, #2759 ),
 .UNSPECIFIED., .F., .F.,
 ( 4, 4 ),
 ( 24.00000000000000000, 25.00000000000000000 ),
 .UNSPECIFIED. ) ;
#6803 =( NAMED_UNIT ( * ) PLANE_ANGLE_UNIT ( ) SI_UNIT ( $, .RADIAN. ) );
#6804 = LINE ( 'NONE', #3096, #7043 ) ;
#6805 = EDGE_CURVE ( 'NONE', #5622, #1976, #3093, .T. ) ;
#6806 = DIRECTION ( 'NONE',  ( 1.000000000000000000, 0.0000000000000000000, 0.0000000000000000000 ) ) ;
#6807 = CARTESIAN_POINT ( 'NONE',  ( 0.2000000000000000900, -0.3999999999999999700, -0.02000000000000000000 ) ) ;
#6808 = CARTESIAN_POINT ( 'NONE',  ( -0.1999999999999999300, 0.4000000000000000800, -0.02000000000000000000 ) ) ;
#6809 = CARTESIAN_POINT ( 'NONE',  ( 0.3993930860938300600, -0.3238189965697173000, 0.5400000000000000400 ) ) ;
#6810 =( NAMED_UNIT ( * ) PLANE_ANGLE_UNIT ( ) SI_UNIT ( $, .RADIAN. ) );
#6811 = FACE_BOUND ( 'NONE', #3931, .T. ) ;
#6812 = ADVANCED_FACE ( 'NONE', ( #4822 ), #9293, .F. ) ;
#6813 = B_SPLINE_CURVE_WITH_KNOTS ( 'NONE', 3,
 ( #6540, #2762, #5755, #1253 ),
 .UNSPECIFIED., .F., .F.,
 ( 4, 4 ),
 ( 3.000000000000000000, 4.000000000000000000 ),
 .UNSPECIFIED. ) ;
#6814 = PRESENTATION_LAYER_ASSIGNMENT (  '', '', ( #5780 ) ) ;
#6815 = ORIENTED_EDGE ( 'NONE', *, *, #4065, .F. ) ;
#6816 = CARTESIAN_POINT ( 'NONE',  ( 0.5979807896786233400, -0.3238189965697173000, 0.5400000000000000400 ) ) ;
#6817 = ORIENTED_EDGE ( 'NONE', *, *, #3075, .T. ) ;
#6818 = CARTESIAN_POINT ( 'NONE',  ( 0.04063371986671028600, -0.4872013807628577900, 0.5400000000000000400 ) ) ;
#6819 = DIRECTION ( 'NONE',  ( -0.0000000000000000000, 1.000000000000000000, -0.0000000000000000000 ) ) ;
#6820 = CARTESIAN_POINT ( 'NONE',  ( 0.7638021190090552600, -0.4572320540973008900, 0.5400000000000000400 ) ) ;
#6821 = PLANE ( 'NONE',  #7317 ) ;
#6822 = EDGE_LOOP ( 'NONE', ( #1706, #3648, #1268, #4118 ) ) ;
#6823 = DIRECTION ( 'NONE',  ( 0.0000000000000000000, 0.0000000000000000000, -1.000000000000000000 ) ) ;
#6824 = LINE ( 'NONE', #4242, #8584 ) ;
#6825 = VECTOR ( 'NONE', #6135, 1000.000000000000000 ) ;
#6826 = CARTESIAN_POINT ( 'NONE',  ( 0.2481385505984884100, -0.4053061579003669500, 0.5300000000000000300 ) ) ;
#6827 = EDGE_CURVE ( 'NONE', #6041, #3617, #8826, .T. ) ;
#6828 = CARTESIAN_POINT ( 'NONE',  ( 0.5332836135558864900, -0.4707205797465184900, 0.5400000000000000400 ) ) ;
#6829 = ORIENTED_EDGE ( 'NONE', *, *, #8428, .T. ) ;
#6830 = CARTESIAN_POINT ( 'NONE',  ( 0.5234357961569492400, -0.5056554632863186100, 0.5400000000000000400 ) ) ;
#6831 = CARTESIAN_POINT ( 'NONE',  ( 0.4918432021587133000, -0.3887946968205875400, 0.5300000000000000300 ) ) ;
#6832 = ORIENTED_EDGE ( 'NONE', *, *, #124, .T. ) ;
#6833 =( LENGTH_UNIT ( ) NAMED_UNIT ( * ) SI_UNIT ( .MILLI., .METRE. ) );
#6834 = VECTOR ( 'NONE', #4363, 1000.000000000000000 ) ;
#6835 = ADVANCED_FACE ( 'NONE', ( #2826, #6856 ), #9406, .F. ) ;
#6836 = VECTOR ( 'NONE', #9588, 1000.000000000000000 ) ;
#6837 = ORIENTED_EDGE ( 'NONE', *, *, #6012, .F. ) ;
#6838 = FILL_AREA_STYLE_COLOUR ( '', #5104 ) ;
#6839 = CARTESIAN_POINT ( 'NONE',  ( 0.08047463453335898500, -0.4855413672786935100, 0.5300000000000000300 ) ) ;
#6840 = CARTESIAN_POINT ( 'NONE',  ( 0.7130709384700055800, -0.5142101329456405500, 0.5300000000000000300 ) ) ;
#6841 = DIRECTION ( 'NONE',  ( -0.3385350342956530700, -0.9409537876827114300, 0.0000000000000000000 ) ) ;
#6842 = CARTESIAN_POINT ( 'NONE',  ( 0.4754500677412452100, -0.5071276622508941200, 0.5300000000000000300 ) ) ;
#6843 = EDGE_CURVE ( 'NONE', #6898, #4463, #6608, .T. ) ;
#6844 = LINE ( 'NONE', #9389, #6362 ) ;
#6845 = CARTESIAN_POINT ( 'NONE',  ( 0.7640408539765581900, -0.4572320540973008900, 0.5400000000000000400 ) ) ;
#6846 = EDGE_CURVE ( 'NONE', #408, #3301, #8607, .T. ) ;
#6847 = VECTOR ( 'NONE', #6748, 1000.000000000000000 ) ;
#6848 = FACE_OUTER_BOUND ( 'NONE', #8416, .T. ) ;
#6849 = DIRECTION ( 'NONE',  ( -0.0000000000000000000, -0.0000000000000000000, -1.000000000000000000 ) ) ;
#6850 = VERTEX_POINT ( 'NONE', #3430 ) ;
#6851 = ORIENTED_EDGE ( 'NONE', *, *, #7108, .F. ) ;
#6852 = CARTESIAN_POINT ( 'NONE',  ( 0.5690938586423047700, -0.5113851024999749300, 0.5300000000000000300 ) ) ;
#6853 = FACE_OUTER_BOUND ( 'NONE', #8950, .T. ) ;
#6854 = ORIENTED_EDGE ( 'NONE', *, *, #2310, .F. ) ;
#6855 = CARTESIAN_POINT ( 'NONE',  ( 0.2060842424023816300, -0.4988216862395458700, 0.5400000000000000400 ) ) ;
#6856 = FACE_BOUND ( 'NONE', #5067, .T. ) ;
#6857 = VERTEX_POINT ( 'NONE', #5682 ) ;
#6858 = VERTEX_POINT ( 'NONE', #4908 ) ;
#6859 = PRESENTATION_LAYER_ASSIGNMENT (  '', '', ( #5822 ) ) ;
#6860 = CARTESIAN_POINT ( 'NONE',  ( 0.4575250506174526900, -0.4761716948315121700, 0.5400000000000000400 ) ) ;
#6861 = ADVANCED_FACE ( 'NONE', ( #2603 ), #1146, .F. ) ;
#6862 = FILL_AREA_STYLE_COLOUR ( '', #5021 ) ;
#6863 = LINE ( 'NONE', #3380, #396 ) ;
#6864 = CARTESIAN_POINT ( 'NONE',  ( 0.4735003988421937500, -0.3315778830052764100, 0.5300000000000000300 ) ) ;
#6865 = EDGE_CURVE ( 'NONE', #762, #735, #4344, .T. ) ;
#6866 = DIRECTION ( 'NONE',  ( 1.000000000000000000, -0.0000000000000000000, -0.0000000000000000000 ) ) ;
#6867 = VERTEX_POINT ( 'NONE', #7967 ) ;
#6868 = B_SPLINE_CURVE_WITH_KNOTS ( 'NONE', 3,
 ( #4923, #5697, #7977, #9458 ),
 .UNSPECIFIED., .F., .F.,
 ( 4, 4 ),
 ( 14.00000000000000000, 15.00000000000000000 ),
 .UNSPECIFIED. ) ;
#6869 = DIRECTION ( 'NONE',  ( 1.000000000000000000, -0.0000000000000000000, -0.0000000000000000000 ) ) ;
#6870 = ORIENTED_EDGE ( 'NONE', *, *, #9349, .T. ) ;
#6871 = VERTEX_POINT ( 'NONE', #3467 ) ;
#6872 = DIRECTION ( 'NONE',  ( 0.0000000000000000000, -0.0000000000000000000, -1.000000000000000000 ) ) ;
#6873 = DIRECTION ( 'NONE',  ( 0.0000000000000000000, 0.0000000000000000000, -1.000000000000000000 ) ) ;
#6874 = CARTESIAN_POINT ( 'NONE',  ( 0.7208895086473096100, -0.5069287164445540600, 0.5300000000000000300 ) ) ;
#6875 = ORIENTED_EDGE ( 'NONE', *, *, #2019, .T. ) ;
#6876 = DIRECTION ( 'NONE',  ( -0.0000000000000000000, -0.0000000000000000000, -1.000000000000000000 ) ) ;
#6877 = MECHANICAL_DESIGN_GEOMETRIC_PRESENTATION_REPRESENTATION (  '', ( #4823 ), #7371 ) ;
#6878 = CARTESIAN_POINT ( 'NONE',  ( 0.7634241219774903200, -0.4595796146084971100, 0.5300000000000000300 ) ) ;
#6879 = VECTOR ( 'NONE', #5196, 1000.000000000000000 ) ;
#6880 = ORIENTED_EDGE ( 'NONE', *, *, #9132, .F. ) ;
#6881 = ORIENTED_EDGE ( 'NONE', *, *, #6980, .F. ) ;
#6882 = VECTOR ( 'NONE', #2142, 1000.000000000000000 ) ;
#6883 = EDGE_CURVE ( 'NONE', #4440, #6690, #2361, .T. ) ;
#6884 = DIRECTION ( 'NONE',  ( -1.000000000000000000, -0.0000000000000000000, -0.0000000000000000000 ) ) ;
#6885 = ORIENTED_EDGE ( 'NONE', *, *, #7862, .F. ) ;
#6886 = B_SPLINE_CURVE_WITH_KNOTS ( 'NONE', 3,
 ( #8277, #1343, #6630, #1945 ),
 .UNSPECIFIED., .F., .F.,
 ( 4, 4 ),
 ( 17.00000000000000000, 18.00000000000000000 ),
 .UNSPECIFIED. ) ;
#6887 = CARTESIAN_POINT ( 'NONE',  ( 0.6273451906494143000, -0.3617380671998308700, 0.5400000000000000400 ) ) ;
#6888 = LINE ( 'NONE', #6514, #2394 ) ;
#6889 = DIRECTION ( 'NONE',  ( 0.0000000000000000000, 0.0000000000000000000, 1.000000000000000000 ) ) ;
#6890 = LINE ( 'NONE', #2306, #4638 ) ;
#6891 = VERTEX_POINT ( 'NONE', #5713 ) ;
#6892 = ORIENTED_EDGE ( 'NONE', *, *, #5038, .F. ) ;
#6893 = SURFACE_SIDE_STYLE ('',( #7095 ) ) ;
#6894 = ADVANCED_FACE ( 'NONE', ( #6375 ), #9351, .F. ) ;
#6895 = VERTEX_POINT ( 'NONE', #6485 ) ;
#6896 = VERTEX_POINT ( 'NONE', #4977 ) ;
#6897 = PLANE ( 'NONE',  #6901 ) ;
#6898 = VERTEX_POINT ( 'NONE', #499 ) ;
#6899 = VECTOR ( 'NONE', #7265, 1000.000000000000000 ) ;
#6900 = DIRECTION ( 'NONE',  ( 0.0000000000000000000, 1.000000000000000000, -0.0000000000000000000 ) ) ;
#6901 = AXIS2_PLACEMENT_3D ( 'NONE', #2319, #2358, #7657 ) ;
#6902 = DIRECTION ( 'NONE',  ( 0.0000000000000000000, 1.000000000000000000, -0.0000000000000000000 ) ) ;
#6903 = SURFACE_STYLE_USAGE ( .BOTH. , #1612 ) ;
#6904 = VERTEX_POINT ( 'NONE', #5736 ) ;
#6905 =( NAMED_UNIT ( * ) SI_UNIT ( $, .STERADIAN. ) SOLID_ANGLE_UNIT ( ) );
#6906 = ORIENTED_EDGE ( 'NONE', *, *, #7639, .T. ) ;
#6907 = CARTESIAN_POINT ( 'NONE',  ( 0.09264825672961345100, -0.5619031274256207600, 0.5300000000000000300 ) ) ;
#6908 = CARTESIAN_POINT ( 'NONE',  ( 0.4641897351197373800, -0.4761716948315121700, 0.5400000000000000400 ) ) ;
#6909 = EDGE_CURVE ( 'NONE', #2346, #353, #392, .T. ) ;
#6910 = EDGE_CURVE ( 'NONE', #2531, #8993, #4673, .T. ) ;
#6911 = CARTESIAN_POINT ( 'NONE',  ( 0.5493186455223715300, -0.5512936311908295300, 0.5300000000000000300 ) ) ;
#6912 = FACE_OUTER_BOUND ( 'NONE', #2921, .T. ) ;
#6913 = CARTESIAN_POINT ( 'NONE',  ( 0.7003980906256661600, -0.5135337172053626700, 0.5300000000000000300 ) ) ;
#6914 = DIRECTION ( 'NONE',  ( -0.3559357243643026500, -0.9345104387438693000, -0.0000000000000000000 ) ) ;
#6915 = LINE ( 'NONE', #663, #2885 ) ;
#6916 = CARTESIAN_POINT ( 'NONE',  ( 0.5857854117682252900, -0.3327715578411892800, 0.5300000000000000300 ) ) ;
#6917 = ADVANCED_FACE ( 'NONE', ( #2093 ), #2745, .T. ) ;
#6918 = UNCERTAINTY_MEASURE_WITH_UNIT (LENGTH_MEASURE( 1.000000000000000100E-005 ), #8732, 'distance_accuracy_value', 'NONE');
#6919 =( LENGTH_UNIT ( ) NAMED_UNIT ( * ) SI_UNIT ( .MILLI., .METRE. ) );
#6920 = SURFACE_STYLE_USAGE ( .BOTH. , #2393 ) ;
#6921 = VECTOR ( 'NONE', #5230, 1000.000000000000000 ) ;
#6922 = EDGE_CURVE ( 'NONE', #7407, #4930, #7914, .T. ) ;
#6923 = DIRECTION ( 'NONE',  ( 1.000000000000000000, -0.0000000000000000000, -0.0000000000000000000 ) ) ;
#6924 = B_SPLINE_CURVE_WITH_KNOTS ( 'NONE', 3,
 ( #26, #4489, #757, #6006 ),
 .UNSPECIFIED., .F., .F.,
 ( 4, 4 ),
 ( 19.00000000000000000, 20.00000000000000000 ),
 .UNSPECIFIED. ) ;
#6925 = CARTESIAN_POINT ( 'NONE',  ( 0.3250000000000000700, -0.3999999999999999700, 0.0000000000000000000 ) ) ;
#6926 = EDGE_CURVE ( 'NONE', #755, #8679, #181, .T. ) ;
#6927 = CARTESIAN_POINT ( 'NONE',  ( 0.4405350787820243600, -0.5102312168246958500, 0.5400000000000000400 ) ) ;
#6928 = PRODUCT_DEFINITION_SHAPE ( 'NONE', 'NONE',  #5957 ) ;
#6929 = CARTESIAN_POINT ( 'NONE',  ( 0.5114791532143173600, -0.4782407312145751700, 0.5400000000000000400 ) ) ;
#6930 = CARTESIAN_POINT ( 'NONE',  ( 0.5861833033809015200, -0.3238189965697173000, 0.5400000000000000400 ) ) ;
#6931 = DIRECTION ( 'NONE',  ( -0.0000000000000000000, -0.0000000000000000000, 1.000000000000000000 ) ) ;
#6932 = CARTESIAN_POINT ( 'NONE',  ( 0.7880536127652577600, -0.5251123631161613800, 0.5300000000000000300 ) ) ;
#6933 = CARTESIAN_POINT ( 'NONE',  ( 0.5160151175920616500, -0.4761716948315121700, 0.5300000000000000300 ) ) ;
#6934 = ORIENTED_EDGE ( 'NONE', *, *, #8028, .F. ) ;
#6935 = PRESENTATION_LAYER_ASSIGNMENT (  '', '', ( #6422 ) ) ;
#6936 = ORIENTED_EDGE ( 'NONE', *, *, #5797, .F. ) ;
#6937 = MECHANICAL_DESIGN_GEOMETRIC_PRESENTATION_REPRESENTATION (  '', ( #4883 ), #7431 ) ;
#6938 = ADVANCED_FACE ( 'NONE', ( #5888 ), #2831, .F. ) ;
#6939 = EDGE_CURVE ( 'NONE', #9287, #9514, #5655, .T. ) ;
#6940 = CARTESIAN_POINT ( 'NONE',  ( 0.6139362433225208400, -0.3449868303316375700, 0.5400000000000000400 ) ) ;
#6941 = CARTESIAN_POINT ( 'NONE',  ( 0.5943798705892429100, -0.4695269049100720400, 0.5400000000000000400 ) ) ;
#6942 = VECTOR ( 'NONE', #7054, 1000.000000000000000 ) ;
#6943 = EDGE_LOOP ( 'NONE', ( #2578, #8728, #3359, #1045 ) ) ;
#6944 = VERTEX_POINT ( 'NONE', #8052 ) ;
#6945 = VECTOR ( 'NONE', #5848, 1000.000000000000000 ) ;
#6946 = CARTESIAN_POINT ( 'NONE',  ( 0.5201134011962291700, -0.4682536517513063400, 0.5300000000000000300 ) ) ;
#6947 = ORIENTED_EDGE ( 'NONE', *, *, #8708, .T. ) ;
#6948 = B_SPLINE_CURVE_WITH_KNOTS ( 'NONE', 3,
 ( #9668, #6680, #671, #8592 ),
 .UNSPECIFIED., .F., .F.,
 ( 4, 4 ),
 ( 4.000000000000000000, 5.000000000000000000 ),
 .UNSPECIFIED. ) ;
#6949 = ORIENTED_EDGE ( 'NONE', *, *, #5502, .T. ) ;
#6950 = MECHANICAL_DESIGN_GEOMETRIC_PRESENTATION_REPRESENTATION (  '', ( #3920 ), #7446 ) ;
#6951 = DIRECTION ( 'NONE',  ( -0.0000000000000000000, -0.0000000000000000000, -1.000000000000000000 ) ) ;
#6952 = CARTESIAN_POINT ( 'NONE',  ( 0.4712722058144859800, -0.5138918196558173200, 0.5400000000000000400 ) ) ;
#6953 = CARTESIAN_POINT ( 'NONE',  ( 0.007432943572267011600, -0.4058594746199374300, 0.5300000000000000300 ) ) ;
#6954 = LINE ( 'NONE', #2449, #2928 ) ;
#6955 = DIRECTION ( 'NONE',  ( -1.000000000000000000, 0.0000000000000000000, 0.0000000000000000000 ) ) ;
#6956 = ORIENTED_EDGE ( 'NONE', *, *, #7396, .T. ) ;
#6957 = ORIENTED_EDGE ( 'NONE', *, *, #1151, .F. ) ;
#6958 =( NAMED_UNIT ( * ) PLANE_ANGLE_UNIT ( ) SI_UNIT ( $, .RADIAN. ) );
#6959 = CARTESIAN_POINT ( 'NONE',  ( 0.2481385505984884100, -0.4053061579003669500, 0.5400000000000000400 ) ) ;
#6960 = LINE ( 'NONE', #1277, #482 ) ;
#6961 = ADVANCED_FACE ( 'NONE', ( #1871 ), #2854, .F. ) ;
#6962 = EDGE_CURVE ( 'NONE', #5679, #4821, #9433, .T. ) ;
#6963 = CARTESIAN_POINT ( 'NONE',  ( 0.5074206587713087100, -0.4016465958906849100, 0.5400000000000000400 ) ) ;
#6964 = FACE_OUTER_BOUND ( 'NONE', #1986, .T. ) ;
#6965 = SURFACE_SIDE_STYLE ('',( #3793 ) ) ;
#6966 = VERTEX_POINT ( 'NONE', #1264 ) ;
#6967 = EDGE_LOOP ( 'NONE', ( #1102, #6117, #9615, #5319 ) ) ;
#6968 =( NAMED_UNIT ( * ) SI_UNIT ( $, .STERADIAN. ) SOLID_ANGLE_UNIT ( ) );
#6969 = UNCERTAINTY_MEASURE_WITH_UNIT (LENGTH_MEASURE( 1.000000000000000100E-005 ), #7457, 'distance_accuracy_value', 'NONE');
#6970 = FACE_BOUND ( 'NONE', #8239, .T. ) ;
#6971 = FILL_AREA_STYLE ('',( #4773 ) ) ;
#6972 = ORIENTED_EDGE ( 'NONE', *, *, #9174, .T. ) ;
#6973 = CIRCLE ( 'NONE', #4039, 0.1249999999999999400 ) ;
#6974 = CARTESIAN_POINT ( 'NONE',  ( -0.1999999999999999300, -0.3999999999999999700, -0.02000000000000000000 ) ) ;
#6975 = CARTESIAN_POINT ( 'NONE',  ( 0.6655427854081912300, -0.3379441487980494600, 0.5400000000000000400 ) ) ;
#6976 = ORIENTED_EDGE ( 'NONE', *, *, #872, .T. ) ;
#6977 = ORIENTED_EDGE ( 'NONE', *, *, #6486, .F. ) ;
#6978 = DIRECTION ( 'NONE',  ( -1.000000000000000000, 0.0000000000000000000, 0.0000000000000000000 ) ) ;
#6979 = ORIENTED_EDGE ( 'NONE', *, *, #444, .T. ) ;
#6980 = EDGE_CURVE ( 'NONE', #5469, #5654, #6093, .T. ) ;
#6981 = EDGE_CURVE ( 'NONE', #696, #5619, #1654, .T. ) ;
#6982 = ORIENTED_EDGE ( 'NONE', *, *, #5748, .T. ) ;
#6983 = VECTOR ( 'NONE', #7487, 1000.000000000000000 ) ;
#6984 = CARTESIAN_POINT ( 'NONE',  ( 0.7770121205301417900, -0.4950317572439287300, 0.5400000000000000400 ) ) ;
#6985 = EDGE_LOOP ( 'NONE', ( #7252, #1729, #7102, #1482 ) ) ;
#6986 = ORIENTED_EDGE ( 'NONE', *, *, #9512, .T. ) ;
#6987 = ADVANCED_FACE ( 'NONE', ( #8133 ), #2842, .T. ) ;
#6988 = CARTESIAN_POINT ( 'NONE',  ( 0.5074206587713087100, -0.3238189965697173000, 0.5400000000000000400 ) ) ;
#6989 = VECTOR ( 'NONE', #11, 1000.000000000000000 ) ;
#6990 = ORIENTED_EDGE ( 'NONE', *, *, #3707, .T. ) ;
#6991 = DIRECTION ( 'NONE',  ( -0.0000000000000000000, -0.0000000000000000000, -1.000000000000000000 ) ) ;
#6992 = PRODUCT_RELATED_PRODUCT_CATEGORY ( 'part', '', ( #4231 ) ) ;
#6993 = ORIENTED_EDGE ( 'NONE', *, *, #9237, .F. ) ;
#6994 = ORIENTED_EDGE ( 'NONE', *, *, #2280, .F. ) ;
#6995 =( GEOMETRIC_REPRESENTATION_CONTEXT ( 3 ) GLOBAL_UNCERTAINTY_ASSIGNED_CONTEXT ( ( #3290 ) ) GLOBAL_UNIT_ASSIGNED_CONTEXT ( ( #4380, #9645, #3639 ) ) REPRESENTATION_CONTEXT ( 'NONE', 'WORKASPACE' ) );
#6996 = CARTESIAN_POINT ( 'NONE',  ( 0.3051332123486368800, -0.5004816997242417200, 0.5400000000000000400 ) ) ;
#6997 = CARTESIAN_POINT ( 'NONE',  ( 0.1136754108275356600, -0.4949482581171652500, 0.5300000000000000300 ) ) ;
#6998 = EDGE_CURVE ( 'NONE', #999, #755, #7693, .T. ) ;
#6999 = FILL_AREA_STYLE ('',( #3213 ) ) ;
#7000 = CARTESIAN_POINT ( 'NONE',  ( 0.5326867761376663500, -0.5008011856187470900, 0.5400000000000000400 ) ) ;
#7001 = VERTEX_POINT ( 'NONE', #657 ) ;
#7002 = LINE ( 'NONE', #7980, #8978 ) ;
#7003 = ORIENTED_EDGE ( 'NONE', *, *, #8013, .T. ) ;
#7004 = ORIENTED_EDGE ( 'NONE', *, *, #5038, .T. ) ;
#7005 = ORIENTED_EDGE ( 'NONE', *, *, #3137, .T. ) ;
#7006 = LINE ( 'NONE', #8966, #1004 ) ;
#7007 = CARTESIAN_POINT ( 'NONE',  ( 0.6663385686324836400, -0.3337662868712928900, 0.5400000000000000400 ) ) ;
#7008 = CARTESIAN_POINT ( 'NONE',  ( 0.5676415542583115300, -0.5158812777165562300, 0.5400000000000000400 ) ) ;
#7009 = CARTESIAN_POINT ( 'NONE',  ( 0.5106435808288617400, -0.4888246480952716000, 0.5400000000000000400 ) ) ;
#7010 = CARTESIAN_POINT ( 'NONE',  ( 0.3023664809908534500, -0.3853856900130648900, 0.5400000000000000400 ) ) ;
#7011 = CARTESIAN_POINT ( 'NONE',  ( 0.3256070286187669500, -0.4672809234297993200, 0.5300000000000000300 ) ) ;
#7012 = DIRECTION ( 'NONE',  ( 1.000000000000000000, 0.0000000000000000000, 0.0000000000000000000 ) ) ;
#7013 = MECHANICAL_DESIGN_GEOMETRIC_PRESENTATION_REPRESENTATION (  '', ( #5496 ), #7512 ) ;
#7014 = ADVANCED_FACE ( 'NONE', ( #1421 ), #5134, .F. ) ;
#7015 = SURFACE_STYLE_USAGE ( .BOTH. , #1723 ) ;
#7016 = ORIENTED_EDGE ( 'NONE', *, *, #8790, .F. ) ;
#7017 = B_SPLINE_CURVE_WITH_KNOTS ( 'NONE', 3,
 ( #2304, #6839, #8621, #7613, #6415, #8037, #1197 ),
 .UNSPECIFIED., .F., .F.,
 ( 4, 3, 4 ),
 ( 2.000000000000000000, 3.000000000000000000, 4.000000000000000000 ),
 .UNSPECIFIED. ) ;
#7018 = ORIENTED_EDGE ( 'NONE', *, *, #6577, .T. ) ;
#7019 = EDGE_LOOP ( 'NONE', ( #2875, #3973, #9712, #5358, #4452, #6155, #6815, #9175, #8286, #6519, #7215, #4601 ) ) ;
#7020 = ORIENTED_EDGE ( 'NONE', *, *, #2046, .F. ) ;
#7021 = CARTESIAN_POINT ( 'NONE',  ( 0.4312045204789852800, -0.5251123631161628300, 0.5400000000000000400 ) ) ;
#7022 = CARTESIAN_POINT ( 'NONE',  ( 0.5449418377895408600, -0.5425798048863271800, 0.5400000000000000400 ) ) ;
#7023 = PLANE ( 'NONE',  #5211 ) ;
#7024 = DIRECTION ( 'NONE',  ( 1.000000000000000000, 0.0000000000000000000, 0.0000000000000000000 ) ) ;
#7025 = EDGE_CURVE ( 'NONE', #7001, #8392, #3439, .T. ) ;
#7026 = CARTESIAN_POINT ( 'NONE',  ( 0.6826521247273690300, -0.3803593946447457200, 0.5400000000000000400 ) ) ;
#7027 = ORIENTED_EDGE ( 'NONE', *, *, #3751, .T. ) ;
#7028 = AXIS2_PLACEMENT_3D ( 'NONE', #3971, #6211, #7012 ) ;
#7029 = CARTESIAN_POINT ( 'NONE',  ( 0.4466825041886762200, -0.4937982932463247400, 0.5400000000000000400 ) ) ;
#7030 = UNCERTAINTY_MEASURE_WITH_UNIT (LENGTH_MEASURE( 1.000000000000000100E-005 ), #5007, 'distance_accuracy_value', 'NONE');
#7031 = CARTESIAN_POINT ( 'NONE',  ( 0.07494118237177233000, -0.3488648392551344000, 0.5400000000000000400 ) ) ;
#7032 = ORIENTED_EDGE ( 'NONE', *, *, #1733, .F. ) ;
#7033 = B_SPLINE_CURVE_WITH_KNOTS ( 'NONE', 3,
 ( #3271, #7781, #9276, #4765 ),
 .UNSPECIFIED., .F., .F.,
 ( 4, 4 ),
 ( 4.000000000000000000, 5.000000000000000000 ),
 .UNSPECIFIED. ) ;
#7034 = DIRECTION ( 'NONE',  ( -0.0000000000000000000, -0.0000000000000000000, -1.000000000000000000 ) ) ;
#7035 = FACE_OUTER_BOUND ( 'NONE', #7726, .T. ) ;
#7036 = EDGE_CURVE ( 'NONE', #5028, #7058, #7212, .T. ) ;
#7037 = DIRECTION ( 'NONE',  ( -0.0000000000000000000, -0.0000000000000000000, -1.000000000000000000 ) ) ;
#7038 = EDGE_CURVE ( 'NONE', #5619, #696, #9206, .T. ) ;
#7039 = CARTESIAN_POINT ( 'NONE',  ( -0.5999999999999999800, -0.3999999999999999700, -0.02000000000000000000 ) ) ;
#7040 = CARTESIAN_POINT ( 'NONE',  ( 0.5030637456190603100, -0.4957479621453744800, 0.5400000000000000400 ) ) ;
#7041 = CARTESIAN_POINT ( 'NONE',  ( 0.4303888426743730000, -0.3927736129415362900, 0.5400000000000000400 ) ) ;
#7042 = ORIENTED_EDGE ( 'NONE', *, *, #1956, .F. ) ;
#7043 = VECTOR ( 'NONE', #3847, 1000.000000000000000 ) ;
#7044 = SURFACE_SIDE_STYLE ('',( #6095 ) ) ;
#7045 = VECTOR ( 'NONE', #2049, 1000.000000000000000 ) ;
#7046 = CARTESIAN_POINT ( 'NONE',  ( 0.4522927759188466500, -0.3402121309869244300, 0.5400000000000000400 ) ) ;
#7047 = CARTESIAN_POINT ( 'NONE',  ( 0.4984680974995734900, -0.4845274186850290200, 0.5300000000000000300 ) ) ;
#7048 = B_SPLINE_CURVE_WITH_KNOTS ( 'NONE', 3,
 ( #8794, #4291, #5809, #567 ),
 .UNSPECIFIED., .F., .F.,
 ( 4, 4 ),
 ( 16.00000000000000000, 17.00000000000000000 ),
 .UNSPECIFIED. ) ;
#7049 = EDGE_CURVE ( 'NONE', #9115, #302, #5175, .T. ) ;
#7050 = CARTESIAN_POINT ( 'NONE',  ( 0.5530190375146607500, -0.5429379073373147300, 0.5400000000000000400 ) ) ;
#7051 = ORIENTED_EDGE ( 'NONE', *, *, #674, .T. ) ;
#7052 = EDGE_LOOP ( 'NONE', ( #1562, #733, #1099, #1913 ) ) ;
#7053 = ADVANCED_FACE ( 'NONE', ( #1190 ), #9391, .T. ) ;
#7054 = DIRECTION ( 'NONE',  ( -0.0000000000000000000, -0.0000000000000000000, -1.000000000000000000 ) ) ;
#7055 = DIRECTION ( 'NONE',  ( -1.000000000000000000, 0.0000000000000000000, 0.0000000000000000000 ) ) ;
#7056 = AXIS2_PLACEMENT_3D ( 'NONE', #1293, #6572, #2025 ) ;
#7057 = LINE ( 'NONE', #5065, #9034 ) ;
#7058 = VERTEX_POINT ( 'NONE', #8208 ) ;
#7059 = LINE ( 'NONE', #1164, #1270 ) ;
#7060 = EDGE_CURVE ( 'NONE', #8166, #6646, #6973, .T. ) ;
#7061 = CARTESIAN_POINT ( 'NONE',  ( 0.7057099436465954500, -0.4635585307289159500, 0.5300000000000000300 ) ) ;
#7062 = VECTOR ( 'NONE', #6869, 1000.000000000000000 ) ;
#7063 = DIRECTION ( 'NONE',  ( 0.0000000000000000000, 0.0000000000000000000, 1.000000000000000000 ) ) ;
#7064 = ORIENTED_EDGE ( 'NONE', *, *, #1692, .T. ) ;
#7065 = CARTESIAN_POINT ( 'NONE',  ( 0.6795485701530403800, -0.3715659900179227900, 0.5400000000000000400 ) ) ;
#7066 = DIRECTION ( 'NONE',  ( -0.0000000000000000000, -0.0000000000000000000, 1.000000000000000000 ) ) ;
#7067 = CARTESIAN_POINT ( 'NONE',  ( 0.6000000000000002000, 5.421010862427522200E-017, -0.02000000000000000000 ) ) ;
#7068 = ORIENTED_EDGE ( 'NONE', *, *, #3500, .T. ) ;
#7069 = CARTESIAN_POINT ( 'NONE',  ( 0.7057099436465954500, -0.4635585307289159500, 0.5400000000000000400 ) ) ;
#7070 = LINE ( 'NONE', #8807, #6834 ) ;
#7071 = DIRECTION ( 'NONE',  ( 0.0000000000000000000, -1.000000000000000000, 0.0000000000000000000 ) ) ;
#7072 = B_SPLINE_CURVE_WITH_KNOTS ( 'NONE', 3,
 ( #278, #5511, #1019, #9267 ),
 .UNSPECIFIED., .F., .F.,
 ( 4, 4 ),
 ( 17.00000000000000000, 18.00000000000000000 ),
 .UNSPECIFIED. ) ;
#7073 = LINE ( 'NONE', #562, #842 ) ;
#7074 = FACE_OUTER_BOUND ( 'NONE', #5441, .T. ) ;
#7075 = AXIS2_PLACEMENT_3D ( 'NONE', #1403, #7224, #3687 ) ;
#7076 = ORIENTED_EDGE ( 'NONE', *, *, #8902, .F. ) ;
#7077 = ORIENTED_EDGE ( 'NONE', *, *, #7532, .F. ) ;
#7078 =( NAMED_UNIT ( * ) SI_UNIT ( $, .STERADIAN. ) SOLID_ANGLE_UNIT ( ) );
#7079 = DIRECTION ( 'NONE',  ( -1.000000000000000000, -0.0000000000000000000, -0.0000000000000000000 ) ) ;
#7080 = LINE ( 'NONE', #1513, #4809 ) ;
#7081 = CARTESIAN_POINT ( 'NONE',  ( 0.2918529144962699300, -0.5148686943417379900, 0.5400000000000000400 ) ) ;
#7082 = LINE ( 'NONE', #2923, #5044 ) ;
#7083 = VECTOR ( 'NONE', #1368, 1000.000000000000000 ) ;
#7084 = DIRECTION ( 'NONE',  ( -1.000000000000000000, 0.0000000000000000000, -0.0000000000000000000 ) ) ;
#7085 = ORIENTED_EDGE ( 'NONE', *, *, #3374, .F. ) ;
#7086 = UNCERTAINTY_MEASURE_WITH_UNIT (LENGTH_MEASURE( 1.000000000000000100E-005 ), #4787, 'distance_accuracy_value', 'NONE');
#7087 = EDGE_CURVE ( 'NONE', #6500, #4835, #6531, .T. ) ;
#7088 = CARTESIAN_POINT ( 'NONE',  ( 0.2199178991915548000, -0.3134506766870738300, 0.5400000000000000400 ) ) ;
#7089 = VECTOR ( 'NONE', #8802, 1000.000000000000000 ) ;
#7090 = DIRECTION ( 'NONE',  ( 1.000000000000000000, 0.0000000000000000000, -0.0000000000000000000 ) ) ;
#7091 = VERTEX_POINT ( 'NONE', #2988 ) ;
#7092 = EDGE_CURVE ( 'NONE', #2014, #6455, #7796, .T. ) ;
#7093 = FACE_OUTER_BOUND ( 'NONE', #9704, .T. ) ;
#7094 = B_SPLINE_CURVE_WITH_KNOTS ( 'NONE', 3,
 ( #5954, #706, #2182, #7495 ),
 .UNSPECIFIED., .F., .F.,
 ( 4, 4 ),
 ( 4.000000000000000000, 5.000000000000000000 ),
 .UNSPECIFIED. ) ;
#7095 = SURFACE_STYLE_FILL_AREA ( #1608 ) ;
#7096 = AXIS2_PLACEMENT_3D ( 'NONE', #6641, #7395, #2882 ) ;
#7097 = CARTESIAN_POINT ( 'NONE',  ( 0.4504226853421224300, -0.5094354336009293500, 0.5300000000000000300 ) ) ;
#7098 = CARTESIAN_POINT ( 'NONE',  ( 0.6925198367066247600, -0.4562373250666672000, 0.5400000000000000400 ) ) ;
#7099 = VECTOR ( 'NONE', #2643, 1000.000000000000000 ) ;
#7100 = DIRECTION ( 'NONE',  ( -1.000000000000000000, 0.0000000000000000000, 0.0000000000000000000 ) ) ;
#7101 = PLANE ( 'NONE',  #2957 ) ;
#7102 = ORIENTED_EDGE ( 'NONE', *, *, #9023, .T. ) ;
#7103 = LINE ( 'NONE', #8865, #401 ) ;
#7104 = ORIENTED_EDGE ( 'NONE', *, *, #8348, .F. ) ;
#7105 = ORIENTED_EDGE ( 'NONE', *, *, #6088, .F. ) ;
#7106 = ADVANCED_FACE ( 'NONE', ( #962 ), #3025, .T. ) ;
#7107 = CARTESIAN_POINT ( 'NONE',  ( 0.3993930860938300600, -0.3927736129415362900, 0.5400000000000000400 ) ) ;
#7108 = EDGE_CURVE ( 'NONE', #7137, #8127, #729, .T. ) ;
#7109 = ORIENTED_EDGE ( 'NONE', *, *, #4881, .T. ) ;
#7110 = EDGE_CURVE ( 'NONE', #6904, #9582, #279, .T. ) ;
#7111 = VERTEX_POINT ( 'NONE', #2308 ) ;
#7112 = DIRECTION ( 'NONE',  ( -0.0000000000000000000, -0.0000000000000000000, -1.000000000000000000 ) ) ;
#7113 = LINE ( 'NONE', #8943, #1322 ) ;
#7114 = CARTESIAN_POINT ( 'NONE',  ( 0.3893463228890830000, -0.4016465958906849100, 0.5300000000000000300 ) ) ;
#7115 = ORIENTED_EDGE ( 'NONE', *, *, #9416, .T. ) ;
#7116 = VERTEX_POINT ( 'NONE', #8349 ) ;
#7117 = ORIENTED_EDGE ( 'NONE', *, *, #9063, .T. ) ;
#7118 = DIRECTION ( 'NONE',  ( -0.0000000000000000000, -0.0000000000000000000, -1.000000000000000000 ) ) ;
#7119 = FACE_OUTER_BOUND ( 'NONE', #6985, .T. ) ;
#7120 = ORIENTED_EDGE ( 'NONE', *, *, #635, .T. ) ;
#7121 = CARTESIAN_POINT ( 'NONE',  ( 0.4272256043582997600, -0.4900581120928790800, 0.5400000000000000400 ) ) ;
#7122 = B_SPLINE_CURVE_WITH_KNOTS ( 'NONE', 3,
 ( #6033, #3041, #2297, #7601 ),
 .UNSPECIFIED., .F., .F.,
 ( 4, 4 ),
 ( 0.0000000000000000000, 1.000000000000000000 ),
 .UNSPECIFIED. ) ;
#7123 = FACE_OUTER_BOUND ( 'NONE', #3686, .T. ) ;
#7124 = CARTESIAN_POINT ( 'NONE',  ( 0.5430319580516553800, -0.5504978479665310100, 0.5300000000000000300 ) ) ;
#7125 = CARTESIAN_POINT ( 'NONE',  ( 0.6167811683492980800, -0.3717251466630996900, 0.5400000000000000400 ) ) ;
#7126 = EDGE_LOOP ( 'NONE', ( #2613, #4371, #7404, #4190 ) ) ;
#7127 = VERTEX_POINT ( 'NONE', #8284 ) ;
#7128 = CARTESIAN_POINT ( 'NONE',  ( 0.2132777397108629700, -0.5248289441172838700, 0.5400000000000000400 ) ) ;
#7129 = EDGE_LOOP ( 'NONE', ( #7186, #2783, #9688, #9252 ) ) ;
#7130 = ORIENTED_EDGE ( 'NONE', *, *, #4491, .F. ) ;
#7131 = FACE_OUTER_BOUND ( 'NONE', #2529, .T. ) ;
#7132 = EDGE_CURVE ( 'NONE', #90, #3560, #2222, .T. ) ;
#7133 = FILL_AREA_STYLE_COLOUR ( '', #4015 ) ;
#7134 = CARTESIAN_POINT ( 'NONE',  ( 0.4441161032908241300, -0.3538200241196264900, 0.5400000000000000400 ) ) ;
#7135 = VERTEX_POINT ( 'NONE', #1570 ) ;
#7136 = DIRECTION ( 'NONE',  ( 0.0000000000000000000, 0.0000000000000000000, 1.000000000000000000 ) ) ;
#7137 = VERTEX_POINT ( 'NONE', #4352 ) ;
#7138 = PRESENTATION_STYLE_ASSIGNMENT (( #2787 ) ) ;
#7139 = DIRECTION ( 'NONE',  ( -0.0000000000000000000, 1.000000000000000000, -0.0000000000000000000 ) ) ;
#7140 = DIRECTION ( 'NONE',  ( -0.0000000000000000000, -0.0000000000000000000, -1.000000000000000000 ) ) ;
#7141 = CARTESIAN_POINT ( 'NONE',  ( 0.5077190774802899900, -0.5264254054360929500, 0.5400000000000000400 ) ) ;
#7142 = CARTESIAN_POINT ( 'NONE',  ( 0.4984680974995734900, -0.4845274186850290200, 0.5400000000000000400 ) ) ;
#7143 = PRESENTATION_LAYER_ASSIGNMENT (  '', '', ( #5085 ) ) ;
#7144 = CARTESIAN_POINT ( 'NONE',  ( 0.5291256462097089200, -0.4775245263126034500, 0.5400000000000000400 ) ) ;
#7145 = B_SPLINE_CURVE_WITH_KNOTS ( 'NONE', 3,
 ( #3149, #9080, #5332, #874 ),
 .UNSPECIFIED., .F., .F.,
 ( 4, 4 ),
 ( 15.00000000000000000, 16.00000000000000000 ),
 .UNSPECIFIED. ) ;
#7146 = VECTOR ( 'NONE', #5375, 1000.000000000000000 ) ;
#7147 = CARTESIAN_POINT ( 'NONE',  ( 0.4517556222423695900, -0.3858105097302731400, 0.5400000000000000400 ) ) ;
#7148 = LINE ( 'NONE', #8036, #4874 ) ;
#7149 = MANIFOLD_SOLID_BREP ( '凸台-拉伸4', #8540 ) ;
#7150 = CARTESIAN_POINT ( 'NONE',  ( 0.6082463932700258300, -0.3400927635034372000, 0.5300000000000000300 ) ) ;
#7151 = CARTESIAN_POINT ( 'NONE',  ( 0.2199178991915548000, -0.3134506766870738300, 0.5400000000000000400 ) ) ;
#7152 = DIRECTION ( 'NONE',  ( 9.055032125675697600E-015, -1.000000000000000000, -0.0000000000000000000 ) ) ;
#7153 = DIRECTION ( 'NONE',  ( 1.000000000000000000, -0.0000000000000000000, -0.0000000000000000000 ) ) ;
#7154 = EDGE_CURVE ( 'NONE', #8127, #7001, #1974, .T. ) ;
#7155 = CARTESIAN_POINT ( 'NONE',  ( 0.2912995555594620800, -0.4711543621069549900, 0.5300000000000000300 ) ) ;
#7156 =( NAMED_UNIT ( * ) PLANE_ANGLE_UNIT ( ) SI_UNIT ( $, .RADIAN. ) );
#7157 = CARTESIAN_POINT ( 'NONE',  ( 0.09264826728385712500, -0.4506805247283358100, 0.5300000000000000300 ) ) ;
#7158 = VECTOR ( 'NONE', #6285, 1000.000000000000000 ) ;
#7159 = ADVANCED_FACE ( 'NONE', ( #9067 ), #2888, .F. ) ;
#7160 = CARTESIAN_POINT ( 'NONE',  ( 0.007432943572267011600, -0.4362935195565979500, 0.5300000000000000300 ) ) ;
#7161 = CARTESIAN_POINT ( 'NONE',  ( 0.6077888179161363700, -0.3272408644333406600, 0.5300000000000000300 ) ) ;
#7162 = CARTESIAN_POINT ( 'NONE',  ( -0.02742788842358112900, -0.4595340882929978000, 0.5400000000000000400 ) ) ;
#7163 = EDGE_CURVE ( 'NONE', #9186, #6677, #3375, .T. ) ;
#7164 = FACE_OUTER_BOUND ( 'NONE', #8934, .T. ) ;
#7165 = CARTESIAN_POINT ( 'NONE',  ( 0.4993832482073545800, -0.4908936844783358100, 0.5300000000000000300 ) ) ;
#7166 = EDGE_CURVE ( 'NONE', #8172, #9357, #7082, .T. ) ;
#7167 = CARTESIAN_POINT ( 'NONE',  ( 0.1341492376519107000, -0.4694942958510384100, 0.5400000000000000400 ) ) ;
#7168 = CARTESIAN_POINT ( 'NONE',  ( 0.03842033161410493600, -0.3477581477676581200, 0.5300000000000000300 ) ) ;
#7169 = CARTESIAN_POINT ( 'NONE',  ( 0.5085148607043181700, -0.4836520571384098600, 0.5400000000000000400 ) ) ;
#7170 = EDGE_LOOP ( 'NONE', ( #3653, #9280, #81, #1199 ) ) ;
#7171 = ORIENTED_EDGE ( 'NONE', *, *, #8849, .F. ) ;
#7172 = DIRECTION ( 'NONE',  ( -0.0000000000000000000, -0.0000000000000000000, -1.000000000000000000 ) ) ;
#7173 = LINE ( 'NONE', #1007, #8676 ) ;
#7174 = DIRECTION ( 'NONE',  ( -0.0000000000000000000, -0.0000000000000000000, 1.000000000000000000 ) ) ;
#7176 = CARTESIAN_POINT ( 'NONE',  ( 0.5201134011962291700, -0.4682536517513063400, 0.5400000000000000400 ) ) ;
#7175 = STYLED_ITEM ( 'NONE', ( #1387 ), #9678 ) ;
#7177 = SURFACE_STYLE_USAGE ( .BOTH. , #1874 ) ;
#7178 = ORIENTED_EDGE ( 'NONE', *, *, #1131, .F. ) ;
#7179 = CARTESIAN_POINT ( 'NONE',  ( -0.1999999999999999300, 5.421010862427522200E-017, -0.02000000000000000000 ) ) ;
#7180 = EDGE_LOOP ( 'NONE', ( #774, #3303, #8, #9702 ) ) ;
#7181 = CYLINDRICAL_SURFACE ( 'NONE', #4912, 0.1250000000000000000 ) ;
#7182 = CARTESIAN_POINT ( 'NONE',  ( 0.3893463228890840000, -0.4472847637951952700, 0.5300000000000000300 ) ) ;
#7183 = EDGE_LOOP ( 'NONE', ( #6994, #5696 ) ) ;
#7184 = B_SPLINE_CURVE_WITH_KNOTS ( 'NONE', 3,
 ( #3341, #7857, #9356, #4820 ),
 .UNSPECIFIED., .F., .F.,
 ( 4, 4 ),
 ( 5.000000000000000000, 6.000000000000000000 ),
 .UNSPECIFIED. ) ;
#7185 = EDGE_CURVE ( 'NONE', #8172, #1326, #4009, .T. ) ;
#7186 = ORIENTED_EDGE ( 'NONE', *, *, #5339, .F. ) ;
#7187 = PLANE ( 'NONE',  #9577 ) ;
#7188 = PRESENTATION_STYLE_ASSIGNMENT (( #703 ) ) ;
#7189 = CARTESIAN_POINT ( 'NONE',  ( 0.4861135629447932400, -0.4014476500848769800, 0.5400000000000000400 ) ) ;
#7190 = DIRECTION ( 'NONE',  ( -0.0000000000000000000, -0.0000000000000000000, -1.000000000000000000 ) ) ;
#7191 = LINE ( 'NONE', #7647, #5149 ) ;
#7192 = VECTOR ( 'NONE', #9674, 1000.000000000000000 ) ;
#7193 = EDGE_LOOP ( 'NONE', ( #3103, #174, #9532, #8507 ) ) ;
#7194 = ORIENTED_EDGE ( 'NONE', *, *, #6279, .F. ) ;
#7195 = VECTOR ( 'NONE', #5395, 1000.000000000000000 ) ;
#7196 = AXIS2_PLACEMENT_3D ( 'NONE', #7415, #645, #5118 ) ;
#7197 = CARTESIAN_POINT ( 'NONE',  ( 0.7477074033005616200, -0.5038251618707552100, 0.5400000000000000400 ) ) ;
#7198 = CARTESIAN_POINT ( 'NONE',  ( 0.7638021190090552600, -0.4572320540973008900, 0.5300000000000000300 ) ) ;
#7199 = VECTOR ( 'NONE', #3167, 1000.000000000000000 ) ;
#7200 = SURFACE_SIDE_STYLE ('',( #7940 ) ) ;
#7201 = CYLINDRICAL_SURFACE ( 'NONE', #490, 0.1249999999999999700 ) ;
#7202 = DIRECTION ( 'NONE',  ( -0.0000000000000000000, -0.0000000000000000000, -1.000000000000000000 ) ) ;
#7203 = DIRECTION ( 'NONE',  ( 1.000000000000000000, 0.0000000000000000000, 0.0000000000000000000 ) ) ;
#7204 = ORIENTED_EDGE ( 'NONE', *, *, #4439, .T. ) ;
#7205 = DIRECTION ( 'NONE',  ( -0.0000000000000000000, -0.0000000000000000000, -1.000000000000000000 ) ) ;
#7206 = ADVANCED_FACE ( 'NONE', ( #1071 ), #9696, .F. ) ;
#7207 = DIRECTION ( 'NONE',  ( -0.0000000000000000000, -0.0000000000000000000, -1.000000000000000000 ) ) ;
#7208 = LINE ( 'NONE', #5473, #8938 ) ;
#7209 = B_SPLINE_CURVE_WITH_KNOTS ( 'NONE', 3,
 ( #4855, #5652, #2631, #7909 ),
 .UNSPECIFIED., .F., .F.,
 ( 4, 4 ),
 ( 2.000000000000000000, 3.000000000000000000 ),
 .UNSPECIFIED. ) ;
#7210 = ORIENTED_EDGE ( 'NONE', *, *, #7790, .F. ) ;
#7211 = AXIS2_PLACEMENT_3D ( 'NONE', #6808, #5269, #7366 ) ;
#7212 = LINE ( 'NONE', #8918, #3203 ) ;
#7213 = AXIS2_PLACEMENT_3D ( 'NONE', #8282, #3781, #9022 ) ;
#7214 = PRESENTATION_STYLE_ASSIGNMENT (( #6383 ) ) ;
#7215 = ORIENTED_EDGE ( 'NONE', *, *, #3707, .F. ) ;
#7216 = CARTESIAN_POINT ( 'NONE',  ( 0.2232379683776580500, -0.4910748299942564500, 0.5300000000000000300 ) ) ;
#7217 = VERTEX_POINT ( 'NONE', #8974 ) ;
#7218 = CARTESIAN_POINT ( 'NONE',  ( 0.4453097781270029000, -0.5220485977035250700, 0.5400000000000000400 ) ) ;
#7219 = CARTESIAN_POINT ( 'NONE',  ( 0.6167811683492973000, -0.3620165913284922900, 0.5400000000000000400 ) ) ;
#7220 = DIRECTION ( 'NONE',  ( 0.0000000000000000000, -0.0000000000000000000, -1.000000000000000000 ) ) ;
#7221 = COLOUR_RGB ( '',0.6666666666666666300, 0.6666666666666666300, 0.6666666666666666300 ) ;
#7222 = VERTEX_POINT ( 'NONE', #4459 ) ;
#7223 = FACE_OUTER_BOUND ( 'NONE', #379, .T. ) ;
#7224 = DIRECTION ( 'NONE',  ( 0.0000000000000000000, 0.0000000000000000000, -1.000000000000000000 ) ) ;
#7225 = ORIENTED_EDGE ( 'NONE', *, *, #1476, .F. ) ;
#7226 = VERTEX_POINT ( 'NONE', #8221 ) ;
#7227 = EDGE_LOOP ( 'NONE', ( #3171, #5878, #9402, #4858 ) ) ;
#7228 = ORIENTED_EDGE ( 'NONE', *, *, #3933, .F. ) ;
#7229 = EDGE_CURVE ( 'NONE', #5569, #8033, #1288, .T. ) ;
#7230 = CARTESIAN_POINT ( 'NONE',  ( 0.007432943572267011600, -0.4058594746199374300, 0.5400000000000000400 ) ) ;
#7231 = CARTESIAN_POINT ( 'NONE',  ( 0.1136754108275356600, -0.4949482581171652500, 0.5300000000000000300 ) ) ;
#7232 = EDGE_CURVE ( 'NONE', #4799, #1973, #8815, .T. ) ;
#7233 = LINE ( 'NONE', #877, #1672 ) ;
#7234 = B_SPLINE_CURVE_WITH_KNOTS ( 'NONE', 3,
 ( #6946, #2455, #4722, #255 ),
 .UNSPECIFIED., .F., .F.,
 ( 4, 4 ),
 ( 7.000000000000000000, 8.000000000000000000 ),
 .UNSPECIFIED. ) ;
#7235 = VERTEX_POINT ( 'NONE', #3728 ) ;
#7236 = ORIENTED_EDGE ( 'NONE', *, *, #6766, .T. ) ;
#7237 = ORIENTED_EDGE ( 'NONE', *, *, #1357, .F. ) ;
#7238 = ORIENTED_EDGE ( 'NONE', *, *, #2264, .T. ) ;
#7239 = CARTESIAN_POINT ( 'NONE',  ( 0.007432943572267011600, -0.4589807188022114200, 0.5400000000000000400 ) ) ;
#7240 = CARTESIAN_POINT ( 'NONE',  ( 0.4750000000000001400, -0.3999999999999999700, -0.02000000000000000000 ) ) ;
#7241 = VECTOR ( 'NONE', #1330, 1000.000000000000000 ) ;
#7242 = CARTESIAN_POINT ( 'NONE',  ( 0.6836468537574730300, -0.4472847637951944400, 0.5400000000000000400 ) ) ;
#7243 = VERTEX_POINT ( 'NONE', #5946 ) ;
#7244 = VECTOR ( 'NONE', #475, 1000.000000000000000 ) ;
#7245 = CARTESIAN_POINT ( 'NONE',  ( -0.8999999999999999100, -0.6500000000000000200, 0.0000000000000000000 ) ) ;
#7246 = VERTEX_POINT ( 'NONE', #2208 ) ;
#7247 = ORIENTED_EDGE ( 'NONE', *, *, #8314, .T. ) ;
#7248 = ORIENTED_EDGE ( 'NONE', *, *, #6282, .F. ) ;
#7249 = EDGE_CURVE ( 'NONE', #6039, #9176, #3695, .T. ) ;
#7250 = CARTESIAN_POINT ( 'NONE',  ( 0.7248087410265148200, -0.4852038344258363700, 0.5400000000000000400 ) ) ;
#7251 = CARTESIAN_POINT ( 'NONE',  ( 0.5359494873566411600, -0.5063318790265991500, 0.5400000000000000400 ) ) ;
#7252 = ORIENTED_EDGE ( 'NONE', *, *, #219, .F. ) ;
#7253 = VERTEX_POINT ( 'NONE', #8257 ) ;
#7254 = ORIENTED_EDGE ( 'NONE', *, *, #7953, .F. ) ;
#7255 = ORIENTED_EDGE ( 'NONE', *, *, #9281, .T. ) ;
#7256 = CARTESIAN_POINT ( 'NONE',  ( 0.5191584613272886000, -0.4761716948315121700, 0.5300000000000000300 ) ) ;
#7257 = MECHANICAL_DESIGN_GEOMETRIC_PRESENTATION_REPRESENTATION (  '', ( #5715 ), #7768 ) ;
#7258 = CARTESIAN_POINT ( 'NONE',  ( 0.7130709384700055800, -0.4575901565477583600, 0.5400000000000000400 ) ) ;
#7259 = ADVANCED_FACE ( 'NONE', ( #850 ), #3756, .F. ) ;
#7260 =( GEOMETRIC_REPRESENTATION_CONTEXT ( 3 ) GLOBAL_UNCERTAINTY_ASSIGNED_CONTEXT ( ( #1854 ) ) GLOBAL_UNIT_ASSIGNED_CONTEXT ( ( #600, #5838, #1348 ) ) REPRESENTATION_CONTEXT ( 'NONE', 'WORKASPACE' ) );
#7261 = CARTESIAN_POINT ( 'NONE',  ( 0.06664098829816170200, -0.3477581477676581200, 0.5400000000000000400 ) ) ;
#7262 = EDGE_CURVE ( 'NONE', #303, #8514, #7904, .T. ) ;
#7263 = VERTEX_POINT ( 'NONE', #807 ) ;
#7264 = CARTESIAN_POINT ( 'NONE',  ( 0.3893463228890830000, -0.4016465958906849100, 0.5400000000000000400 ) ) ;
#7265 = DIRECTION ( 'NONE',  ( -0.0000000000000000000, -0.0000000000000000000, -1.000000000000000000 ) ) ;
#7266 = DIRECTION ( 'NONE',  ( -1.000000000000000000, -0.0000000000000000000, -0.0000000000000000000 ) ) ;
#7267 = CARTESIAN_POINT ( 'NONE',  ( 0.4405350787820243600, -0.5102312168246958500, 0.5300000000000000300 ) ) ;
#7268 = AXIS2_PLACEMENT_3D ( 'NONE', #8355, #3101, #7623 ) ;
#7269 = EDGE_LOOP ( 'NONE', ( #8455, #8366, #5263, #4058 ) ) ;
#7270 = CARTESIAN_POINT ( 'NONE',  ( 0.4918432021587133000, -0.3984236738328714200, 0.5400000000000000400 ) ) ;
#7271 = AXIS2_PLACEMENT_3D ( 'NONE', #5232, #5990, #5194 ) ;
#7272 = VECTOR ( 'NONE', #5466, 1000.000000000000000 ) ;
#7273 = DIRECTION ( 'NONE',  ( 0.0000000000000000000, -1.000000000000000000, 0.0000000000000000000 ) ) ;
#7274 = CARTESIAN_POINT ( 'NONE',  ( -0.7249999999999999800, 0.2750000000000000800, -0.02000000000000000000 ) ) ;
#7275 = FACE_OUTER_BOUND ( 'NONE', #4998, .T. ) ;
#7276 = CARTESIAN_POINT ( 'NONE',  ( 0.2392850186965596000, -0.3665719188903615000, 0.5400000000000000400 ) ) ;
#7277 = EDGE_CURVE ( 'NONE', #353, #6017, #170, .T. ) ;
#7278 = DIRECTION ( 'NONE',  ( -0.0000000000000000000, 1.000000000000000000, -0.0000000000000000000 ) ) ;
#7279 = CARTESIAN_POINT ( 'NONE',  ( 0.5174674219760517800, -0.3927736129415362900, 0.5400000000000000400 ) ) ;
#7280 = FILL_AREA_STYLE ('',( #6523 ) ) ;
#7281 = AXIS2_PLACEMENT_3D ( 'NONE', #6121, #6089, #9278 ) ;
#7282 = CARTESIAN_POINT ( 'NONE',  ( 0.5027056431680758700, -0.5253113089225001100, 0.5400000000000000400 ) ) ;
#7283 = ADVANCED_FACE ( 'NONE', ( #3899 ), #7585, .T. ) ;
#7284 = ORIENTED_EDGE ( 'NONE', *, *, #4258, .F. ) ;
#7285 = EDGE_CURVE ( 'NONE', #507, #6867, #4114, .T. ) ;
#7286 = ORIENTED_EDGE ( 'NONE', *, *, #686, .F. ) ;
#7287 = CARTESIAN_POINT ( 'NONE',  ( 0.6234259582707372100, -0.3410079142112194500, 0.5300000000000000300 ) ) ;
#7288 = CARTESIAN_POINT ( 'NONE',  ( 0.5070824509009047600, -0.4982148901405839500, 0.5300000000000000300 ) ) ;
#7289 = EDGE_CURVE ( 'NONE', #7999, #556, #5874, .T. ) ;
#7290 = DIRECTION ( 'NONE',  ( -0.0000000000000000000, -0.0000000000000000000, -1.000000000000000000 ) ) ;
#7291 = CARTESIAN_POINT ( 'NONE',  ( -0.5650000000000001700, 0.2750000000000000800, 0.0000000000000000000 ) ) ;
#7292 = CARTESIAN_POINT ( 'NONE',  ( 0.5296826944665049600, -0.5220088085423639800, 0.5300000000000000300 ) ) ;
#7293 = FACE_OUTER_BOUND ( 'NONE', #5026, .T. ) ;
#7294 = CARTESIAN_POINT ( 'NONE',  ( 0.7587687901162603100, -0.4472847637951944400, 0.5400000000000000400 ) ) ;
#7295 = VERTEX_POINT ( 'NONE', #6092 ) ;
#7296 = FACE_OUTER_BOUND ( 'NONE', #140, .T. ) ;
#7297 = FACE_OUTER_BOUND ( 'NONE', #4368, .T. ) ;
#7298 = ORIENTED_EDGE ( 'NONE', *, *, #8207, .F. ) ;
#7299 = EDGE_LOOP ( 'NONE', ( #6880, #430 ) ) ;
#7300 = SURFACE_STYLE_USAGE ( .BOTH. , #2952 ) ;
#7301 = DIRECTION ( 'NONE',  ( 0.3559357243698801400, 0.9345104387417448900, 0.0000000000000000000 ) ) ;
#7302 = PLANE ( 'NONE',  #748 ) ;
#7303 = FACE_OUTER_BOUND ( 'NONE', #7559, .T. ) ;
#7304 = CARTESIAN_POINT ( 'NONE',  ( 0.4523126704994259200, -0.3263257137255618500, 0.5300000000000000300 ) ) ;
#7305 = CARTESIAN_POINT ( 'NONE',  ( 0.6614445018042870400, -0.4472847637951944400, 0.5400000000000000400 ) ) ;
#7306 = FACE_OUTER_BOUND ( 'NONE', #934, .T. ) ;
#7307 = EDGE_CURVE ( 'NONE', #9514, #9525, #7683, .T. ) ;
#7308 = FACE_OUTER_BOUND ( 'NONE', #6346, .T. ) ;
#7309 = CARTESIAN_POINT ( 'NONE',  ( 0.5485626514592382200, -0.5429379073373147300, 0.5300000000000000300 ) ) ;
#7310 = ORIENTED_EDGE ( 'NONE', *, *, #7108, .T. ) ;
#7311 =( NAMED_UNIT ( * ) SI_UNIT ( $, .STERADIAN. ) SOLID_ANGLE_UNIT ( ) );
#7312 = CARTESIAN_POINT ( 'NONE',  ( 0.2437117846475233600, -0.4053061579003669500, 0.5400000000000000400 ) ) ;
#7313 = VECTOR ( 'NONE', #8081, 1000.000000000000000 ) ;
#7314 = MECHANICAL_DESIGN_GEOMETRIC_PRESENTATION_REPRESENTATION (  '', ( #5780 ), #7839 ) ;
#7315 = ORIENTED_EDGE ( 'NONE', *, *, #6605, .T. ) ;
#7316 = UNCERTAINTY_MEASURE_WITH_UNIT (LENGTH_MEASURE( 1.000000000000000100E-005 ), #6002, 'distance_accuracy_value', 'NONE');
#7317 = AXIS2_PLACEMENT_3D ( 'NONE', #8332, #6902, #1609 ) ;
#7318 = CARTESIAN_POINT ( 'NONE',  ( 0.6925198367066247600, -0.4562373250666672000, 0.5300000000000000300 ) ) ;
#7319 = DIRECTION ( 'NONE',  ( -0.0000000000000000000, -1.000000000000000000, -0.0000000000000000000 ) ) ;
#7320 = VECTOR ( 'NONE', #5841, 1000.000000000000000 ) ;
#7321 = DIRECTION ( 'NONE',  ( -0.3416038306902292600, 0.9398440417738259700, 0.0000000000000000000 ) ) ;
#7322 = VERTEX_POINT ( 'NONE', #4607 ) ;
#7323 = CARTESIAN_POINT ( 'NONE',  ( -0.02742788842358112900, -0.4136063519742447200, 0.5400000000000000400 ) ) ;
#7324 = CARTESIAN_POINT ( 'NONE',  ( 0.5174674219760538900, -0.3576795727570894500, 0.5400000000000000400 ) ) ;
#7325 = DIRECTION ( 'NONE',  ( -1.000000000000000000, -0.0000000000000000000, -0.0000000000000000000 ) ) ;
#7326 = FACE_OUTER_BOUND ( 'NONE', #4719, .T. ) ;
#7327 = DIRECTION ( 'NONE',  ( 0.0000000000000000000, 0.0000000000000000000, 1.000000000000000000 ) ) ;
#7328 = EDGE_CURVE ( 'NONE', #1648, #9466, #4917, .T. ) ;
#7329 = ORIENTED_EDGE ( 'NONE', *, *, #6786, .T. ) ;
#7330 = ADVANCED_FACE ( 'NONE', ( #5419 ), #6897, .F. ) ;
#7331 = ORIENTED_EDGE ( 'NONE', *, *, #832, .F. ) ;
#7332 = CARTESIAN_POINT ( 'NONE',  ( 0.6614445018042879300, -0.5251123631161613800, 0.5300000000000000300 ) ) ;
#7333 = COLOUR_RGB ( '',0.6666666666666666300, 0.6666666666666666300, 0.6666666666666666300 ) ;
#7334 = CARTESIAN_POINT ( 'NONE',  ( 0.2060842424023816300, -0.5082285559695332000, 0.5300000000000000300 ) ) ;
#7335 = CARTESIAN_POINT ( 'NONE',  ( 0.5132298763075574500, -0.5006818181352645800, 0.5300000000000000300 ) ) ;
#7336 = ORIENTED_EDGE ( 'NONE', *, *, #3090, .F. ) ;
#7337 = EDGE_LOOP ( 'NONE', ( #6990, #5342, #5587, #487 ) ) ;
#7338 = CARTESIAN_POINT ( 'NONE',  ( 0.7142447187253383500, -0.4854823585539703200, 0.5400000000000000400 ) ) ;
#7339 = SURFACE_STYLE_FILL_AREA ( #5541 ) ;
#7340 = ORIENTED_EDGE ( 'NONE', *, *, #7761, .T. ) ;
#7341 = CARTESIAN_POINT ( 'NONE',  ( 0.4459662992867030600, -0.4734262427081687400, 0.5300000000000000300 ) ) ;
#7342 = FACE_OUTER_BOUND ( 'NONE', #3362, .T. ) ;
#7343 = EDGE_CURVE ( 'NONE', #7905, #8977, #5646, .T. ) ;
#7344 = ORIENTED_EDGE ( 'NONE', *, *, #4771, .T. ) ;
#7345 = ORIENTED_EDGE ( 'NONE', *, *, #5218, .T. ) ;
#7346 = FACE_OUTER_BOUND ( 'NONE', #7597, .T. ) ;
#7347 = ORIENTED_EDGE ( 'NONE', *, *, #2661, .T. ) ;
#7348 = EDGE_CURVE ( 'NONE', #6596, #1504, #3431, .T. ) ;
#7349 = LINE ( 'NONE', #5963, #7605 ) ;
#7350 = CARTESIAN_POINT ( 'NONE',  ( 0.4513577306304862900, -0.5142499221068056500, 0.5300000000000000300 ) ) ;
#7351 = CARTESIAN_POINT ( 'NONE',  ( 0.1241890089851163900, -0.4578740220370838800, 0.5400000000000000400 ) ) ;
#7352 = ORIENTED_EDGE ( 'NONE', *, *, #2170, .F. ) ;
#7353 = ORIENTED_EDGE ( 'NONE', *, *, #5436, .T. ) ;
#7354 = ORIENTED_EDGE ( 'NONE', *, *, #9512, .F. ) ;
#7355 = ORIENTED_EDGE ( 'NONE', *, *, #7966, .F. ) ;
#7356 = VECTOR ( 'NONE', #5029, 1000.000000000000000 ) ;
#7357 = DIRECTION ( 'NONE',  ( -0.0000000000000000000, 1.000000000000000000, -0.0000000000000000000 ) ) ;
#7358 = CARTESIAN_POINT ( 'NONE',  ( 0.6650653154737175000, -0.3392174019568188200, 0.5300000000000000300 ) ) ;
#7359 = CARTESIAN_POINT ( 'NONE',  ( 0.5201134011962291700, -0.4682536517513063400, 0.5400000000000000400 ) ) ;
#7360 = CARTESIAN_POINT ( 'NONE',  ( 0.3893463228890822700, -0.3238189965697173000, 0.5300000000000000300 ) ) ;
#7361 = MECHANICAL_DESIGN_GEOMETRIC_PRESENTATION_REPRESENTATION (  '', ( #5822 ), #7869 ) ;
#7362 = PLANE ( 'NONE',  #5333 ) ;
#7363 = VERTEX_POINT ( 'NONE', #178 ) ;
#7364 = LINE ( 'NONE', #603, #3370 ) ;
#7365 = EDGE_CURVE ( 'NONE', #8827, #3537, #5161, .T. ) ;
#7366 = DIRECTION ( 'NONE',  ( 1.000000000000000000, 0.0000000000000000000, 0.0000000000000000000 ) ) ;
#7367 = CARTESIAN_POINT ( 'NONE',  ( 0.2437117846475233600, -0.4053061579003669500, 0.5400000000000000400 ) ) ;
#7368 = DIRECTION ( 'NONE',  ( -0.0000000000000000000, -0.0000000000000000000, -1.000000000000000000 ) ) ;
#7369 = EDGE_LOOP ( 'NONE', ( #6462, #6377, #4766, #2883 ) ) ;
#7370 = VECTOR ( 'NONE', #6182, 1000.000000000000000 ) ;
#7371 =( GEOMETRIC_REPRESENTATION_CONTEXT ( 3 ) GLOBAL_UNCERTAINTY_ASSIGNED_CONTEXT ( ( #9658 ) ) GLOBAL_UNIT_ASSIGNED_CONTEXT ( ( #4090, #1784, #7078 ) ) REPRESENTATION_CONTEXT ( 'NONE', 'WORKASPACE' ) );
#7372 = AXIS2_PLACEMENT_3D ( 'NONE', #9517, #1260, #6275 ) ;
#7373 = EDGE_CURVE ( 'NONE', #8023, #6646, #1410, .T. ) ;
#7374 = ADVANCED_FACE ( 'NONE', ( #6964 ), #7689, .F. ) ;
#7375 = CARTESIAN_POINT ( 'NONE',  ( -0.5999999999999999800, 0.4000000000000000800, -0.02000000000000000000 ) ) ;
#7376 = LINE ( 'NONE', #6511, #9383 ) ;
#7377 = DIRECTION ( 'NONE',  ( 0.0000000000000000000, 1.000000000000000000, 0.0000000000000000000 ) ) ;
#7378 = UNCERTAINTY_MEASURE_WITH_UNIT (LENGTH_MEASURE( 1.000000000000000100E-005 ), #2220, 'distance_accuracy_value', 'NONE');
#7379 = CARTESIAN_POINT ( 'NONE',  ( 0.3893463228890840000, -0.5251123631161628300, 0.5400000000000000400 ) ) ;
#7380 = DIRECTION ( 'NONE',  ( -1.000000000000000000, -0.0000000000000000000, -0.0000000000000000000 ) ) ;
#7381 = DIRECTION ( 'NONE',  ( -0.0000000000000000000, -0.0000000000000000000, -1.000000000000000000 ) ) ;
#7382 = CARTESIAN_POINT ( 'NONE',  ( 0.06221422234719555700, -0.3477581477676581200, 0.5400000000000000400 ) ) ;
#7383 = DIRECTION ( 'NONE',  ( -0.0000000000000000000, -0.0000000000000000000, 1.000000000000000000 ) ) ;
#7384 = AXIS2_PLACEMENT_3D ( 'NONE', #4697, #238, #5471 ) ;
#7385 = CARTESIAN_POINT ( 'NONE',  ( 0.7770121205301417900, -0.4950317572439287300, 0.5400000000000000400 ) ) ;
#7386 = LINE ( 'NONE', #7114, #9387 ) ;
#7387 = DIRECTION ( 'NONE',  ( 0.0000000000000000000, 0.0000000000000000000, -1.000000000000000000 ) ) ;
#7388 = CARTESIAN_POINT ( 'NONE',  ( 0.06221422234719555700, -0.3477581477676581200, 0.5400000000000000400 ) ) ;
#7389 = VERTEX_POINT ( 'NONE', #2401 ) ;
#7390 = CARTESIAN_POINT ( 'NONE',  ( 0.1662433066272454600, -0.3361378739537001500, 0.5300000000000000300 ) ) ;
#7391 = CARTESIAN_POINT ( 'NONE',  ( 0.4335719755707609400, -0.3642049951950437900, 0.5300000000000000300 ) ) ;
#7392 = VERTEX_POINT ( 'NONE', #5425 ) ;
#7393 = EDGE_CURVE ( 'NONE', #3484, #4266, #307, .T. ) ;
#7394 = CARTESIAN_POINT ( 'NONE',  ( 0.6000000000000002000, 0.4000000000000000800, 0.0000000000000000000 ) ) ;
#7395 = DIRECTION ( 'NONE',  ( -1.000000000000000000, 0.0000000000000000000, 0.0000000000000000000 ) ) ;
#7396 = EDGE_CURVE ( 'NONE', #7243, #1475, #2938, .T. ) ;
#7397 = CARTESIAN_POINT ( 'NONE',  ( 0.5679001838058627100, -0.5158812777165562300, 0.5300000000000000300 ) ) ;
#7398 = VECTOR ( 'NONE', #6080, 1000.000000000000000 ) ;
#7399 = EDGE_LOOP ( 'NONE', ( #2976, #5264, #3915, #9322 ) ) ;
#7400 = CARTESIAN_POINT ( 'NONE',  ( 0.7638021190090552600, -0.4572320540973008900, 0.5400000000000000400 ) ) ;
#7401 = CARTESIAN_POINT ( 'NONE',  ( 0.4335719755707609400, -0.3642049951950437900, 0.5400000000000000400 ) ) ;
#7402 = ORIENTED_EDGE ( 'NONE', *, *, #2915, .T. ) ;
#7403 = SURFACE_STYLE_FILL_AREA ( #6692 ) ;
#7404 = ORIENTED_EDGE ( 'NONE', *, *, #1046, .F. ) ;
#7405 = CARTESIAN_POINT ( 'NONE',  ( 0.4459662992867030600, -0.4828960630758074000, 0.5300000000000000300 ) ) ;
#7406 = B_SPLINE_CURVE_WITH_KNOTS ( 'NONE', 3,
 ( #8878, #2122, #8171, #3670 ),
 .UNSPECIFIED., .F., .F.,
 ( 4, 4 ),
 ( 18.00000000000000000, 19.00000000000000000 ),
 .UNSPECIFIED. ) ;
#7407 = VERTEX_POINT ( 'NONE', #1670 ) ;
#7408 = DIRECTION ( 'NONE',  ( -0.0000000000000000000, -0.0000000000000000000, -1.000000000000000000 ) ) ;
#7409 = LINE ( 'NONE', #4402, #1396 ) ;
#7410 = DIRECTION ( 'NONE',  ( 0.0000000000000000000, 0.0000000000000000000, -1.000000000000000000 ) ) ;
#7411 = EDGE_CURVE ( 'NONE', #1594, #7749, #1644, .T. ) ;
#7412 = VECTOR ( 'NONE', #7616, 1000.000000000000000 ) ;
#7413 = CARTESIAN_POINT ( 'NONE',  ( 0.6714912650087675500, -0.4562373250666672000, 0.5400000000000000400 ) ) ;
#7414 = FACE_OUTER_BOUND ( 'NONE', #835, .T. ) ;
#7415 = CARTESIAN_POINT ( 'NONE',  ( 0.7508905361977452600, -0.4950317572439287300, 0.5400000000000000400 ) ) ;
#7416 = ORIENTED_EDGE ( 'NONE', *, *, #5769, .F. ) ;
#7417 = CARTESIAN_POINT ( 'NONE',  ( -0.4749999999999999200, 0.5250000000000000200, -0.02000000000000000000 ) ) ;
#7418 = EDGE_CURVE ( 'NONE', #4821, #1374, #8773, .T. ) ;
#7419 = ORIENTED_EDGE ( 'NONE', *, *, #2205, .T. ) ;
#7420 = EDGE_LOOP ( 'NONE', ( #9196, #7703, #8235, #3677, #4654, #640, #8477, #7580, #2999, #4708, #4761, #1780, #395, #3219, #7032 ) ) ;
#7421 = LINE ( 'NONE', #8682, #1174 ) ;
#7422 = ADVANCED_FACE ( 'NONE', ( #1176 ), #5999, .T. ) ;
#7423 = VECTOR ( 'NONE', #8394, 1000.000000000000000 ) ;
#7424 = ORIENTED_EDGE ( 'NONE', *, *, #4110, .F. ) ;
#7425 = CARTESIAN_POINT ( 'NONE',  ( 0.4641897351197373800, -0.4761716948315121700, 0.5400000000000000400 ) ) ;
#7426 = DIRECTION ( 'NONE',  ( -0.0000000000000000000, -0.0000000000000000000, -1.000000000000000000 ) ) ;
#7427 = CARTESIAN_POINT ( 'NONE',  ( 0.5174674219760517800, -0.3665923448673997800, 0.5400000000000000400 ) ) ;
#7428 = DIRECTION ( 'NONE',  ( -1.000000000000000000, 0.0000000000000000000, 0.0000000000000000000 ) ) ;
#7429 = MECHANICAL_DESIGN_GEOMETRIC_PRESENTATION_REPRESENTATION (  '', ( #6422 ), #7943 ) ;
#7430 = DIRECTION ( 'NONE',  ( -0.0000000000000000000, -0.0000000000000000000, -1.000000000000000000 ) ) ;
#7431 =( GEOMETRIC_REPRESENTATION_CONTEXT ( 3 ) GLOBAL_UNCERTAINTY_ASSIGNED_CONTEXT ( ( #405 ) ) GLOBAL_UNIT_ASSIGNED_CONTEXT ( ( #6132, #1613, #6905 ) ) REPRESENTATION_CONTEXT ( 'NONE', 'WORKASPACE' ) );
#7432 = DIRECTION ( 'NONE',  ( -9.055032125675697600E-015, 1.000000000000000000, 0.0000000000000000000 ) ) ;
#7433 = LINE ( 'NONE', #2469, #3437 ) ;
#7434 = EDGE_CURVE ( 'NONE', #2806, #1111, #7033, .T. ) ;
#7435 = CARTESIAN_POINT ( 'NONE',  ( 0.4716899920072152300, -0.4761716948315121700, 0.5400000000000000400 ) ) ;
#7436 = VERTEX_POINT ( 'NONE', #8493 ) ;
#7437 = VECTOR ( 'NONE', #9647, 1000.000000000000000 ) ;
#7438 = LINE ( 'NONE', #3304, #3440 ) ;
#7439 = CARTESIAN_POINT ( 'NONE',  ( 0.01573313764587742200, -0.3571650333284799300, 0.5400000000000000400 ) ) ;
#7440 = ORIENTED_EDGE ( 'NONE', *, *, #1722, .F. ) ;
#7441 = EDGE_LOOP ( 'NONE', ( #4356, #3673, #9235, #5904 ) ) ;
#7442 = CARTESIAN_POINT ( 'NONE',  ( 0.5087138065103916600, -0.5184675731947240300, 0.5400000000000000400 ) ) ;
#7443 = FACE_OUTER_BOUND ( 'NONE', #9168, .T. ) ;
#7444 = ORIENTED_EDGE ( 'NONE', *, *, #9302, .F. ) ;
#7445 = DIRECTION ( 'NONE',  ( -1.000000000000000000, 0.0000000000000000000, -0.0000000000000000000 ) ) ;
#7446 =( GEOMETRIC_REPRESENTATION_CONTEXT ( 3 ) GLOBAL_UNCERTAINTY_ASSIGNED_CONTEXT ( ( #7030 ) ) GLOBAL_UNIT_ASSIGNED_CONTEXT ( ( #5007, #9691, #8048 ) ) REPRESENTATION_CONTEXT ( 'NONE', 'WORKASPACE' ) );
#7447 = AXIS2_PLACEMENT_3D ( 'NONE', #6595, #5054, #2192 ) ;
#7448 = ORIENTED_EDGE ( 'NONE', *, *, #8531, .F. ) ;
#7449 = CARTESIAN_POINT ( 'NONE',  ( 0.4532477157877887700, -0.5159210668777206600, 0.5300000000000000300 ) ) ;
#7450 = CARTESIAN_POINT ( 'NONE',  ( 0.5047149958091294900, -0.4726702486455662300, 0.5300000000000000300 ) ) ;
#7451 = CARTESIAN_POINT ( 'NONE',  ( 0.4272256043582997600, -0.4900581120928790800, 0.5300000000000000300 ) ) ;
#7452 = FACE_OUTER_BOUND ( 'NONE', #7776, .T. ) ;
#7453 = CARTESIAN_POINT ( 'NONE',  ( 0.5475082386873916200, -0.3238189965697173000, 0.5300000000000000300 ) ) ;
#7454 = DIRECTION ( 'NONE',  ( -0.0000000000000000000, -0.0000000000000000000, -1.000000000000000000 ) ) ;
#7455 = ORIENTED_EDGE ( 'NONE', *, *, #6467, .T. ) ;
#7456 = PRESENTATION_STYLE_ASSIGNMENT (( #879 ) ) ;
#7457 =( LENGTH_UNIT ( ) NAMED_UNIT ( * ) SI_UNIT ( .MILLI., .METRE. ) );
#7458 = EDGE_LOOP ( 'NONE', ( #938, #9044, #1208, #4864 ) ) ;
#7459 = VERTEX_POINT ( 'NONE', #4006 ) ;
#7460 = ORIENTED_EDGE ( 'NONE', *, *, #2011, .T. ) ;
#7461 = EDGE_CURVE ( 'NONE', #8977, #5762, #270, .T. ) ;
#7462 = SURFACE_STYLE_USAGE ( .BOTH. , #2164 ) ;
#7463 = FACE_OUTER_BOUND ( 'NONE', #2530, .T. ) ;
#7464 = CARTESIAN_POINT ( 'NONE',  ( 0.4373121567242079800, -0.3416047516291759200, 0.5300000000000000300 ) ) ;
#7465 = CARTESIAN_POINT ( 'NONE',  ( 0.6534269858206459600, -0.3715659900179227900, 0.5400000000000000400 ) ) ;
#7466 = CARTESIAN_POINT ( 'NONE',  ( 0.4794488784425081100, -0.3940070769391410500, 0.5300000000000000300 ) ) ;
#7467 = DIRECTION ( 'NONE',  ( 0.0000000000000000000, -1.000000000000000000, 0.0000000000000000000 ) ) ;
#7468 = AXIS2_PLACEMENT_3D ( 'NONE', #8197, #3738, #8987 ) ;
#7469 = CARTESIAN_POINT ( 'NONE',  ( 0.09264825672961345100, -0.5619031274256207600, 0.5400000000000000400 ) ) ;
#7470 = FACE_OUTER_BOUND ( 'NONE', #8341, .T. ) ;
#7471 = DIRECTION ( 'NONE',  ( 0.0000000000000000000, 0.0000000000000000000, -1.000000000000000000 ) ) ;
#7472 = ORIENTED_EDGE ( 'NONE', *, *, #727, .T. ) ;
#7473 = VERTEX_POINT ( 'NONE', #1755 ) ;
#7474 = CARTESIAN_POINT ( 'NONE',  ( 0.9000000000000001300, -0.6500000000000000200, 0.5300000000000000300 ) ) ;
#7475 = ORIENTED_EDGE ( 'NONE', *, *, #1363, .F. ) ;
#7476 = DIRECTION ( 'NONE',  ( -0.0000000000000000000, -0.0000000000000000000, -1.000000000000000000 ) ) ;
#7477 = EDGE_CURVE ( 'NONE', #6850, #2263, #1964, .T. ) ;
#7478 = CARTESIAN_POINT ( 'NONE',  ( 0.2741458295839214700, -0.5237222473521536700, 0.5400000000000000400 ) ) ;
#7479 = CARTESIAN_POINT ( 'NONE',  ( 0.4702973713649610800, -0.4029596382106130400, 0.5400000000000000400 ) ) ;
#7480 = ORIENTED_EDGE ( 'NONE', *, *, #338, .T. ) ;
#7481 = EDGE_CURVE ( 'NONE', #5782, #1623, #5045, .T. ) ;
#7482 = CARTESIAN_POINT ( 'NONE',  ( 0.2409450532897411100, -0.3317111053644402100, 0.5300000000000000300 ) ) ;
#7483 = ADVANCED_FACE ( 'NONE', ( #4220 ), #2901, .F. ) ;
#7484 = ORIENTED_EDGE ( 'NONE', *, *, #5107, .F. ) ;
#7485 = DIRECTION ( 'NONE',  ( -0.9434452330799600900, 0.3315284183576122600, 0.0000000000000000000 ) ) ;
#7486 = VERTEX_POINT ( 'NONE', #4071 ) ;
#7487 = DIRECTION ( 'NONE',  ( -0.0000000000000000000, -0.0000000000000000000, -1.000000000000000000 ) ) ;
#7488 = CARTESIAN_POINT ( 'NONE',  ( 0.6149309723531720700, -0.5162393801670115400, 0.5400000000000000400 ) ) ;
#7489 = DIRECTION ( 'NONE',  ( 0.0000000000000000000, -0.0000000000000000000, -1.000000000000000000 ) ) ;
#7490 = CARTESIAN_POINT ( 'NONE',  ( 0.6427634906170947000, -0.4016465958906835200, 0.5400000000000000400 ) ) ;
#7491 = DIRECTION ( 'NONE',  ( -0.0000000000000000000, -0.0000000000000000000, -1.000000000000000000 ) ) ;
#7492 = ORIENTED_EDGE ( 'NONE', *, *, #4814, .F. ) ;
#7493 = CARTESIAN_POINT ( 'NONE',  ( 0.4312045204789852800, -0.5251123631161628300, 0.5400000000000000400 ) ) ;
#7494 = ORIENTED_EDGE ( 'NONE', *, *, #8173, .F. ) ;
#7495 = CARTESIAN_POINT ( 'NONE',  ( 0.7248087410265148200, -0.4852038344258363700, 0.5300000000000000300 ) ) ;
#7496 = FACE_OUTER_BOUND ( 'NONE', #3001, .T. ) ;
#7497 = VECTOR ( 'NONE', #6304, 1000.000000000000000 ) ;
#7498 = DIRECTION ( 'NONE',  ( 0.0000000000000000000, 0.0000000000000000000, -1.000000000000000000 ) ) ;
#7499 = EDGE_CURVE ( 'NONE', #6677, #5158, #3072, .T. ) ;
#7500 = CARTESIAN_POINT ( 'NONE',  ( 0.4984084137578308500, -0.5130960364320531500, 0.5300000000000000300 ) ) ;
#7501 = CARTESIAN_POINT ( 'NONE',  ( 0.5160151175920616500, -0.4761716948315121700, 0.5400000000000000400 ) ) ;
#7502 = EDGE_LOOP ( 'NONE', ( #7003, #2474, #8611, #5280 ) ) ;
#7503 = DIRECTION ( 'NONE',  ( 0.0000000000000000000, 0.0000000000000000000, -1.000000000000000000 ) ) ;
#7504 = PLANE ( 'NONE',  #827 ) ;
#7505 = CARTESIAN_POINT ( 'NONE',  ( 0.5251069409278649200, -0.5070480839285693700, 0.5300000000000000300 ) ) ;
#7506 = VECTOR ( 'NONE', #7112, 1000.000000000000000 ) ;
#7507 = CARTESIAN_POINT ( 'NONE',  ( 0.5475082386873916200, -0.3238189965697173000, 0.5300000000000000300 ) ) ;
#7508 = CARTESIAN_POINT ( 'NONE',  ( 0.4918432021587133000, -0.3256890871464422900, 0.5400000000000000400 ) ) ;
#7509 = AXIS2_PLACEMENT_3D ( 'NONE', #3493, #3701, #3078 ) ;
#7510 = CARTESIAN_POINT ( 'NONE',  ( 0.4750000000000001400, 0.4000000000000000800, -0.02000000000000000000 ) ) ;
#7511 = CARTESIAN_POINT ( 'NONE',  ( 0.4441161032908241300, -0.3538200241196264900, 0.5400000000000000400 ) ) ;
#7512 =( GEOMETRIC_REPRESENTATION_CONTEXT ( 3 ) GLOBAL_UNCERTAINTY_ASSIGNED_CONTEXT ( ( #2226 ) ) GLOBAL_UNIT_ASSIGNED_CONTEXT ( ( #7963, #3461, #6444 ) ) REPRESENTATION_CONTEXT ( 'NONE', 'WORKASPACE' ) );
#7513 = DIRECTION ( 'NONE',  ( -0.3409177962187146000, -0.9400931103999088400, -0.0000000000000000000 ) ) ;
#7514 = CARTESIAN_POINT ( 'NONE',  ( 0.1413427349606562700, -0.3029370976592604100, 0.5400000000000000400 ) ) ;
#7515 = CARTESIAN_POINT ( 'NONE',  ( 0.4504226853421224300, -0.5094354336009293500, 0.5300000000000000300 ) ) ;
#7516 = DIRECTION ( 'NONE',  ( -0.0000000000000000000, -0.0000000000000000000, -1.000000000000000000 ) ) ;
#7517 = PLANE ( 'NONE',  #628 ) ;
#7518 = CARTESIAN_POINT ( 'NONE',  ( 0.6077888179161363700, -0.3980257822207214400, 0.5300000000000000300 ) ) ;
#7519 = EDGE_CURVE ( 'NONE', #2346, #1503, #7793, .T. ) ;
#7520 =( NAMED_UNIT ( * ) PLANE_ANGLE_UNIT ( ) SI_UNIT ( $, .RADIAN. ) );
#7521 = CARTESIAN_POINT ( 'NONE',  ( 0.6149309723531720700, -0.4900581120928776400, 0.5400000000000000400 ) ) ;
#7522 = CARTESIAN_POINT ( 'NONE',  ( 0.5183626781032558700, -0.5025916978731507200, 0.5400000000000000400 ) ) ;
#7523 = ORIENTED_EDGE ( 'NONE', *, *, #2080, .F. ) ;
#7524 = ORIENTED_EDGE ( 'NONE', *, *, #377, .T. ) ;
#7525 = ADVANCED_FACE ( 'NONE', ( #3998 ), #8583, .F. ) ;
#7526 = APPLICATION_CONTEXT ( 'automotive_design' ) ;
#7527 = CARTESIAN_POINT ( 'NONE',  ( 0.2254513619073846000, -0.4600874155668089900, 0.5400000000000000400 ) ) ;
#7528 = DIRECTION ( 'NONE',  ( 0.0000000000000000000, -1.000000000000000000, -0.0000000000000000000 ) ) ;
#7529 = CARTESIAN_POINT ( 'NONE',  ( 0.5259425133130581900, -0.5087988070212776700, 0.5300000000000000300 ) ) ;
#7530 = LINE ( 'NONE', #6797, #1267 ) ;
#7531 = EDGE_LOOP ( 'NONE', ( #1067, #6993, #745, #9260 ) ) ;
#7532 = EDGE_CURVE ( 'NONE', #9436, #4396, #9522, .T. ) ;
#7533 = CARTESIAN_POINT ( 'NONE',  ( 0.4581616771968354300, -0.5264254054360929500, 0.5300000000000000300 ) ) ;
#7534 = LINE ( 'NONE', #8554, #9511 ) ;
#7535 = EDGE_CURVE ( 'NONE', #4386, #4495, #1751, .T. ) ;
#7536 = ORIENTED_EDGE ( 'NONE', *, *, #4421, .F. ) ;
#7537 = ORIENTED_EDGE ( 'NONE', *, *, #7571, .T. ) ;
#7538 = FACE_OUTER_BOUND ( 'NONE', #6144, .T. ) ;
#7539 = CARTESIAN_POINT ( 'NONE',  ( 0.0000000000000000000, 0.0000000000000000000, 0.5400000000000000400 ) ) ;
#7540 = CARTESIAN_POINT ( 'NONE',  ( 0.7130709384700055800, -0.4575901565477583600, 0.5400000000000000400 ) ) ;
#7541 =( LENGTH_UNIT ( ) NAMED_UNIT ( * ) SI_UNIT ( .MILLI., .METRE. ) );
#7542 = FACE_OUTER_BOUND ( 'NONE', #2076, .T. ) ;
#7543 = B_SPLINE_CURVE_WITH_KNOTS ( 'NONE', 3,
 ( #1558, #5300, #8928, #4422 ),
 .UNSPECIFIED., .F., .F.,
 ( 4, 4 ),
 ( 9.000000000000000000, 10.00000000000000000 ),
 .UNSPECIFIED. ) ;
#7544 = FACE_OUTER_BOUND ( 'NONE', #1423, .T. ) ;
#7545 = CARTESIAN_POINT ( 'NONE',  ( 0.5134885058553728700, -0.5264254054360929500, 0.5400000000000000400 ) ) ;
#7546 = ORIENTED_EDGE ( 'NONE', *, *, #7185, .T. ) ;
#7547 = VERTEX_POINT ( 'NONE', #1837 ) ;
#7548 = AXIS2_PLACEMENT_3D ( 'NONE', #7894, #4122, #9395 ) ;
#7549 = DIRECTION ( 'NONE',  ( 0.0000000000000000000, 1.000000000000000000, 0.0000000000000000000 ) ) ;
#7550 = CARTESIAN_POINT ( 'NONE',  ( 0.2000000000000000900, 0.4000000000000000800, 0.0000000000000000000 ) ) ;
#7551 = ADVANCED_FACE ( 'NONE', ( #7542 ), #9473, .F. ) ;
#7552 = EDGE_LOOP ( 'NONE', ( #843, #8695, #6166, #6384 ) ) ;
#7553 = DIRECTION ( 'NONE',  ( -0.0000000000000000000, 1.000000000000000000, -0.0000000000000000000 ) ) ;
#7554 = CARTESIAN_POINT ( 'NONE',  ( 0.4527702458533204300, -0.5264254054360929500, 0.5300000000000000300 ) ) ;
#7555 = EDGE_CURVE ( 'NONE', #1172, #6225, #9304, .T. ) ;
#7556 = FACE_OUTER_BOUND ( 'NONE', #5062, .T. ) ;
#7557 = CARTESIAN_POINT ( 'NONE',  ( 0.6534269858206459600, -0.3715659900179227900, 0.5300000000000000300 ) ) ;
#7558 = ORIENTED_EDGE ( 'NONE', *, *, #4010, .F. ) ;
#7559 = EDGE_LOOP ( 'NONE', ( #3646, #7286, #837, #5235 ) ) ;
#7560 = PRODUCT_CONTEXT ( 'NONE', #7526, 'mechanical' ) ;
#7561 =( NAMED_UNIT ( * ) SI_UNIT ( $, .STERADIAN. ) SOLID_ANGLE_UNIT ( ) );
#7562 = FACE_OUTER_BOUND ( 'NONE', #4500, .T. ) ;
#7563 = CARTESIAN_POINT ( 'NONE',  ( 0.5259425133130581900, -0.5109474217266660700, 0.5400000000000000400 ) ) ;
#7564 = CARTESIAN_POINT ( 'NONE',  ( 0.6167811683492973000, -0.3620165913284922900, 0.5400000000000000400 ) ) ;
#7565 = CARTESIAN_POINT ( 'NONE',  ( 0.6677908730164815500, -0.3392174019568188200, 0.5300000000000000300 ) ) ;
#7566 = AXIS2_PLACEMENT_3D ( 'NONE', #6551, #1994, #7301 ) ;
#7567 = COLOUR_RGB ( '',0.4980392156862745200, 0.4980392156862745200, 0.4980392156862745200 ) ;
#7568 = DIRECTION ( 'NONE',  ( -1.000000000000000000, 0.0000000000000000000, 0.0000000000000000000 ) ) ;
#7569 = UNCERTAINTY_MEASURE_WITH_UNIT (LENGTH_MEASURE( 1.000000000000000100E-005 ), #3935, 'distance_accuracy_value', 'NONE');
#7570 = AXIS2_PLACEMENT_3D ( 'NONE', #6988, #3977, #9250 ) ;
#7571 = EDGE_CURVE ( 'NONE', #2235, #3912, #3531, .T. ) ;
#7572 = DIRECTION ( 'NONE',  ( 0.0000000000000000000, 0.0000000000000000000, 1.000000000000000000 ) ) ;
#7573 = B_SPLINE_CURVE_WITH_KNOTS ( 'NONE', 3,
 ( #9541, #5016, #3534, #8038 ),
 .UNSPECIFIED., .F., .F.,
 ( 4, 4 ),
 ( 10.00000000000000000, 11.00000000000000000 ),
 .UNSPECIFIED. ) ;
#7574 = ORIENTED_EDGE ( 'NONE', *, *, #1388, .F. ) ;
#7575 = CARTESIAN_POINT ( 'NONE',  ( 0.4514770981139703000, -0.4699645856833858400, 0.5300000000000000300 ) ) ;
#7576 = LINE ( 'NONE', #3984, #5781 ) ;
#7577 = EDGE_LOOP ( 'NONE', ( #394, #3840, #8582, #9570 ) ) ;
#7578 = ORIENTED_EDGE ( 'NONE', *, *, #4881, .F. ) ;
#7579 = CARTESIAN_POINT ( 'NONE',  ( 0.6077888179161363700, -0.3272408644333406600, 0.5400000000000000400 ) ) ;
#7580 = ORIENTED_EDGE ( 'NONE', *, *, #5960, .F. ) ;
#7581 = VERTEX_POINT ( 'NONE', #6417 ) ;
#7582 = ORIENTED_EDGE ( 'NONE', *, *, #8292, .T. ) ;
#7583 = CARTESIAN_POINT ( 'NONE',  ( 0.6156073880934355100, -0.3341243893222797800, 0.5400000000000000400 ) ) ;
#7584 = ADVANCED_FACE ( 'NONE', ( #1527 ), #9489, .T. ) ;
#7585 = PLANE ( 'NONE',  #5849 ) ;
#7586 = DIRECTION ( 'NONE',  ( 0.0000000000000000000, -1.000000000000000000, 0.0000000000000000000 ) ) ;
#7587 = AXIS2_PLACEMENT_3D ( 'NONE', #9027, #6366, #9516 ) ;
#7588 = LINE ( 'NONE', #7465, #3565 ) ;
#7589 = STYLED_ITEM ( 'NONE', ( #7801 ), #7149 ) ;
#7590 = VERTEX_POINT ( 'NONE', #441 ) ;
#7591 = LINE ( 'NONE', #6597, #1569 ) ;
#7592 = CARTESIAN_POINT ( 'NONE',  ( 0.2481385505984884100, -0.4053061579003669500, 0.5300000000000000300 ) ) ;
#7593 = CARTESIAN_POINT ( 'NONE',  ( 0.07500000000000012200, 6.951819361361712800E-017, -0.02000000000000000000 ) ) ;
#7594 = EDGE_LOOP ( 'NONE', ( #8797, #2733, #611, #3819 ) ) ;
#7595 = CARTESIAN_POINT ( 'NONE',  ( 0.6082463932700258300, -0.3400927635034372000, 0.5400000000000000400 ) ) ;
#7596 = VERTEX_POINT ( 'NONE', #3464 ) ;
#7597 = EDGE_LOOP ( 'NONE', ( #2713, #7727, #1756, #93 ) ) ;
#7598 = ORIENTED_EDGE ( 'NONE', *, *, #797, .F. ) ;
#7599 = CIRCLE ( 'NONE', #3536, 0.1249999999999999700 ) ;
#7600 = CARTESIAN_POINT ( 'NONE',  ( 0.9000000000000001300, 0.6500000000000000200, 0.5300000000000000300 ) ) ;
#7601 = CARTESIAN_POINT ( 'NONE',  ( 0.4984084137578308500, -0.5130960364320531500, 0.5400000000000000400 ) ) ;
#7602 = DIRECTION ( 'NONE',  ( -0.0000000000000000000, -0.0000000000000000000, 1.000000000000000000 ) ) ;
#7603 = CARTESIAN_POINT ( 'NONE',  ( 0.4435590550337630800, -0.3923359321682266500, 0.5300000000000000300 ) ) ;
#7604 = SURFACE_SIDE_STYLE ('',( #1939 ) ) ;
#7605 = VECTOR ( 'NONE', #8128, 1000.000000000000000 ) ;
#7606 = PLANE ( 'NONE',  #4128 ) ;
#7607 = FACE_OUTER_BOUND ( 'NONE', #3667, .T. ) ;
#7608 = EDGE_CURVE ( 'NONE', #8983, #7927, #5288, .T. ) ;
#7609 = VERTEX_POINT ( 'NONE', #4186 ) ;
#7610 = ORIENTED_EDGE ( 'NONE', *, *, #4136, .T. ) ;
#7611 = EDGE_LOOP ( 'NONE', ( #4857, #9344, #6972, #4865, #3404, #2402 ) ) ;
#7612 = EDGE_CURVE ( 'NONE', #6891, #6769, #7690, .T. ) ;
#7613 = CARTESIAN_POINT ( 'NONE',  ( 0.07051440586656337900, -0.5071218803134245300, 0.5300000000000000300 ) ) ;
#7614 = CARTESIAN_POINT ( 'NONE',  ( 0.4459662992867030600, -0.4828960630758074000, 0.5400000000000000400 ) ) ;
#7615 = CARTESIAN_POINT ( 'NONE',  ( 0.0000000000000000000, 0.0000000000000000000, 0.5400000000000000400 ) ) ;
#7616 = DIRECTION ( 'NONE',  ( 1.000000000000000000, 0.0000000000000000000, 0.0000000000000000000 ) ) ;
#7617 = CARTESIAN_POINT ( 'NONE',  ( 0.6832489621453254900, -0.4562373250666672000, 0.5400000000000000400 ) ) ;
#7618 = ADVANCED_FACE ( 'NONE', ( #1278 ), #8699, .F. ) ;
#7619 = DIRECTION ( 'NONE',  ( -0.0000000000000000000, -0.0000000000000000000, -1.000000000000000000 ) ) ;
#7620 = VERTEX_POINT ( 'NONE', #6482 ) ;
#7621 = ORIENTED_EDGE ( 'NONE', *, *, #5881, .F. ) ;
#7622 = FACE_OUTER_BOUND ( 'NONE', #3155, .T. ) ;
#7623 = DIRECTION ( 'NONE',  ( -1.000000000000000000, 0.0000000000000000000, -0.0000000000000000000 ) ) ;
#7624 = EDGE_CURVE ( 'NONE', #5923, #2990, #9050, .T. ) ;
#7625 = CARTESIAN_POINT ( 'NONE',  ( -0.8999999999999999100, -0.6500000000000000200, 0.5300000000000000300 ) ) ;
#7626 = DIRECTION ( 'NONE',  ( -0.0000000000000000000, -0.0000000000000000000, -1.000000000000000000 ) ) ;
#7627 = B_SPLINE_CURVE_WITH_KNOTS ( 'NONE', 3,
 ( #8363, #3862, #9120, #4609 ),
 .UNSPECIFIED., .F., .F.,
 ( 4, 4 ),
 ( 20.00000000000000000, 21.00000000000000000 ),
 .UNSPECIFIED. ) ;
#7628 = PLANE ( 'NONE',  #4532 ) ;
#7629 = LINE ( 'NONE', #8443, #1595 ) ;
#7630 = EDGE_CURVE ( 'NONE', #7127, #1690, #3503, .T. ) ;
#7631 = VERTEX_POINT ( 'NONE', #1962 ) ;
#7632 = CARTESIAN_POINT ( 'NONE',  ( 0.5005570284629505800, -0.4756544357358798400, 0.5400000000000000400 ) ) ;
#7633 = CARTESIAN_POINT ( 'NONE',  ( 0.4514572035333913600, -0.4784396770203850300, 0.5400000000000000400 ) ) ;
#7634 = CARTESIAN_POINT ( 'NONE',  ( 0.5952154429746997500, -0.3927736129415362900, 0.5300000000000000300 ) ) ;
#7635 = DIRECTION ( 'NONE',  ( -0.0000000000000000000, -0.0000000000000000000, -1.000000000000000000 ) ) ;
#7636 = CARTESIAN_POINT ( 'NONE',  ( 0.1479828838871060400, -0.5065685002683939500, 0.5300000000000000300 ) ) ;
#7637 = UNCERTAINTY_MEASURE_WITH_UNIT (LENGTH_MEASURE( 1.000000000000000100E-005 ), #491, 'distance_accuracy_value', 'NONE');
#7638 = CARTESIAN_POINT ( 'NONE',  ( 0.4606882889335261500, -0.5184277840335637100, 0.5400000000000000400 ) ) ;
#7639 = EDGE_CURVE ( 'NONE', #8623, #2452, #7, .T. ) ;
#7640 = VECTOR ( 'NONE', #4474, 999.9999999999998900 ) ;
#7641 = AXIS2_PLACEMENT_3D ( 'NONE', #9604, #5093, #607 ) ;
#7642 = ADVANCED_FACE ( 'NONE', ( #7306 ), #6245, .F. ) ;
#7643 = EDGE_CURVE ( 'NONE', #6626, #8498, #8805, .T. ) ;
#7644 = PLANE ( 'NONE',  #647 ) ;
#7645 = CARTESIAN_POINT ( 'NONE',  ( 0.7248087410265148200, -0.4972599502716399400, 0.5300000000000000300 ) ) ;
#7646 = CARTESIAN_POINT ( 'NONE',  ( 0.5452999402402571900, -0.3665923448673997800, 0.5400000000000000400 ) ) ;
#7647 = CARTESIAN_POINT ( 'NONE',  ( 0.5452999402402571900, -0.3576795727570894500, 0.5300000000000000300 ) ) ;
#7648 = CARTESIAN_POINT ( 'NONE',  ( 0.5410226054105987700, -0.4695269049100741500, 0.5400000000000000400 ) ) ;
#7649 = B_SPLINE_CURVE_WITH_KNOTS ( 'NONE', 3,
 ( #1042, #7978, #2523, #5786 ),
 .UNSPECIFIED., .F., .F.,
 ( 4, 4 ),
 ( 10.00000000000000000, 11.00000000000000000 ),
 .UNSPECIFIED. ) ;
#7650 = AXIS2_PLACEMENT_3D ( 'NONE', #9601, #5763, #531 ) ;
#7651 = CARTESIAN_POINT ( 'NONE',  ( 0.6149309723531775100, -0.4562373250666672000, 0.5300000000000000300 ) ) ;
#7652 = ORIENTED_EDGE ( 'NONE', *, *, #4785, .F. ) ;
#7653 = PLANE ( 'NONE',  #4147 ) ;
#7654 = MECHANICAL_DESIGN_GEOMETRIC_PRESENTATION_REPRESENTATION (  '', ( #5085 ), #8123 ) ;
#7655 = EDGE_LOOP ( 'NONE', ( #2366, #6714, #1882, #7661 ) ) ;
#7656 = CARTESIAN_POINT ( 'NONE',  ( 0.7248087410265148200, -0.4736649776756705600, 0.5300000000000000300 ) ) ;
#7657 = DIRECTION ( 'NONE',  ( 0.0000000000000000000, 0.0000000000000000000, 1.000000000000000000 ) ) ;
#7658 = DIRECTION ( 'NONE',  ( 1.000000000000000000, -0.0000000000000000000, -0.0000000000000000000 ) ) ;
#7659 = ORIENTED_EDGE ( 'NONE', *, *, #3986, .T. ) ;
#7660 = DIRECTION ( 'NONE',  ( -1.000000000000000000, 0.0000000000000000000, -0.0000000000000000000 ) ) ;
#7661 = ORIENTED_EDGE ( 'NONE', *, *, #8849, .T. ) ;
#7662 = LINE ( 'NONE', #4743, #1626 ) ;
#7663 = CARTESIAN_POINT ( 'NONE',  ( 0.007432943572267011600, -0.4362935195565979500, 0.5400000000000000400 ) ) ;
#7664 = ADVANCED_FACE ( 'NONE', ( #3071 ), #6264, .T. ) ;
#7665 = EDGE_CURVE ( 'NONE', #2990, #2346, #2804, .T. ) ;
#7666 = ORIENTED_EDGE ( 'NONE', *, *, #5563, .T. ) ;
#7667 = DIRECTION ( 'NONE',  ( 1.000000000000000000, 0.0000000000000000000, 0.0000000000000000000 ) ) ;
#7668 = ORIENTED_EDGE ( 'NONE', *, *, #6658, .T. ) ;
#7669 = CARTESIAN_POINT ( 'NONE',  ( 0.5493186455223715300, -0.5512936311908295300, 0.5300000000000000300 ) ) ;
#7670 = VECTOR ( 'NONE', #2968, 1000.000000000000000 ) ;
#7671 = LINE ( 'NONE', #9581, #9415 ) ;
#7672 = VERTEX_POINT ( 'NONE', #5068 ) ;
#7673 = CARTESIAN_POINT ( 'NONE',  ( 0.5430319580516553800, -0.5504978479665310100, 0.5300000000000000300 ) ) ;
#7674 = CARTESIAN_POINT ( 'NONE',  ( 0.4441161032908241300, -0.3729188214990154500, 0.5300000000000000300 ) ) ;
#7675 = CARTESIAN_POINT ( 'NONE',  ( 0.5493186455223715300, -0.5512936311908295300, 0.5400000000000000400 ) ) ;
#7676 = CARTESIAN_POINT ( 'NONE',  ( 0.5691535423840491400, -0.5335078761308399400, 0.5400000000000000400 ) ) ;
#7677 = CARTESIAN_POINT ( 'NONE',  ( 0.5174674219760538900, -0.3576795727570894500, 0.5400000000000000400 ) ) ;
#7678 = VERTEX_POINT ( 'NONE', #589 ) ;
#7679 = CARTESIAN_POINT ( 'NONE',  ( 0.4754500677412452100, -0.5165179042956770100, 0.5300000000000000300 ) ) ;
#7680 = EDGE_CURVE ( 'NONE', #5217, #7905, #7073, .T. ) ;
#7681 =( NAMED_UNIT ( * ) SI_UNIT ( $, .STERADIAN. ) SOLID_ANGLE_UNIT ( ) );
#7682 = EDGE_CURVE ( 'NONE', #1800, #4385, #6220, .T. ) ;
#7683 = LINE ( 'NONE', #8331, #9422 ) ;
#7684 =( LENGTH_UNIT ( ) NAMED_UNIT ( * ) SI_UNIT ( .MILLI., .METRE. ) );
#7685 = ORIENTED_EDGE ( 'NONE', *, *, #4136, .F. ) ;
#7686 = CARTESIAN_POINT ( 'NONE',  ( -0.4749999999999999200, 0.2750000000000000800, -0.02000000000000000000 ) ) ;
#7687 = ADVANCED_FACE ( 'NONE', ( #1065 ), #8854, .F. ) ;
#7688 = LINE ( 'NONE', #2367, #3904 ) ;
#7689 = PLANE ( 'NONE',  #7898 ) ;
#7690 = B_SPLINE_CURVE_WITH_KNOTS ( 'NONE', 3,
 ( #4937, #5712, #1934, #7250 ),
 .UNSPECIFIED., .F., .F.,
 ( 4, 4 ),
 ( 4.000000000000000000, 5.000000000000000000 ),
 .UNSPECIFIED. ) ;
#7691 = ORIENTED_EDGE ( 'NONE', *, *, #7849, .T. ) ;
#7692 = CARTESIAN_POINT ( 'NONE',  ( 0.5639809514271839600, -0.3238189965697173000, 0.5400000000000000400 ) ) ;
#7693 = LINE ( 'NONE', #6635, #7437 ) ;
#7694 = EDGE_LOOP ( 'NONE', ( #538, #1339, #7004, #5450, #9241, #5783, #9197 ) ) ;
#7695 = PLANE ( 'NONE',  #4604 ) ;
#7696 = AXIS2_PLACEMENT_3D ( 'NONE', #7742, #8438, #3216 ) ;
#7697 = CARTESIAN_POINT ( 'NONE',  ( 0.5691535423840491400, -0.5335078761308399400, 0.5300000000000000300 ) ) ;
#7698 = CARTESIAN_POINT ( 'NONE',  ( 0.6720483132655605800, -0.3238189965697152500, 0.5400000000000000400 ) ) ;
#7699 = LINE ( 'NONE', #1960, #9215 ) ;
#7700 = FILL_AREA_STYLE ('',( #2409 ) ) ;
#7701 = EDGE_CURVE ( 'NONE', #1690, #4519, #8892, .T. ) ;
#7702 = CARTESIAN_POINT ( 'NONE',  ( -0.02742788842358112900, -0.4374002374296833700, 0.5300000000000000300 ) ) ;
#7703 = ORIENTED_EDGE ( 'NONE', *, *, #5861, .F. ) ;
#7704 = DIRECTION ( 'NONE',  ( 1.000000000000000000, -0.0000000000000000000, -0.0000000000000000000 ) ) ;
#7705 = ORIENTED_EDGE ( 'NONE', *, *, #5251, .F. ) ;
#7706 = ORIENTED_EDGE ( 'NONE', *, *, #8013, .F. ) ;
#7707 = CARTESIAN_POINT ( 'NONE',  ( -0.5999999999999999800, 5.421010862427522200E-017, -0.02000000000000000000 ) ) ;
#7708 = FACE_OUTER_BOUND ( 'NONE', #9675, .T. ) ;
#7709 = DIRECTION ( 'NONE',  ( -0.0000000000000000000, -0.0000000000000000000, -1.000000000000000000 ) ) ;
#7710 = CARTESIAN_POINT ( 'NONE',  ( 0.04063371986671028600, -0.4872013807628577900, 0.5300000000000000300 ) ) ;
#7711 = ORIENTED_EDGE ( 'NONE', *, *, #1492, .T. ) ;
#7712 = CARTESIAN_POINT ( 'NONE',  ( -0.1999999999999999300, 0.4000000000000000800, -0.02000000000000000000 ) ) ;
#7713 = STYLED_ITEM ( 'NONE', ( #1817 ), #990 ) ;
#7714 = CARTESIAN_POINT ( 'NONE',  ( 0.6048842091481467800, -0.5251123631161622700, 0.5400000000000000400 ) ) ;
#7715 = VECTOR ( 'NONE', #7635, 1000.000000000000000 ) ;
#7716 = ORIENTED_EDGE ( 'NONE', *, *, #9605, .F. ) ;
#7717 = PRESENTATION_LAYER_ASSIGNMENT (  '', '', ( #6672 ) ) ;
#7718 = VERTEX_POINT ( 'NONE', #3610 ) ;
#7719 = ADVANCED_FACE ( 'NONE', ( #6593 ), #3017, .F. ) ;
#7720 = CARTESIAN_POINT ( 'NONE',  ( 0.5251069409278649200, -0.5070480839285693700, 0.5400000000000000400 ) ) ;
#7721 = B_SPLINE_CURVE_WITH_KNOTS ( 'NONE', 3,
 ( #5153, #4078, #7856, #3340 ),
 .UNSPECIFIED., .F., .F.,
 ( 4, 4 ),
 ( 0.0000000000000000000, 1.000000000000000000 ),
 .UNSPECIFIED. ) ;
#7722 = FILL_AREA_STYLE_COLOUR ( '', #5924 ) ;
#7723 = FACE_OUTER_BOUND ( 'NONE', #5818, .T. ) ;
#7724 = CARTESIAN_POINT ( 'NONE',  ( 0.4685068591105593900, -0.5169157959078249900, 0.5400000000000000400 ) ) ;
#7725 = LINE ( 'NONE', #1370, #5686 ) ;
#7726 = EDGE_LOOP ( 'NONE', ( #7728, #1355, #6986, #3466 ) ) ;
#7727 = ORIENTED_EDGE ( 'NONE', *, *, #5317, .F. ) ;
#7728 = ORIENTED_EDGE ( 'NONE', *, *, #7434, .F. ) ;
#7729 = CARTESIAN_POINT ( 'NONE',  ( 0.06276757072949418200, -0.3809588923993698100, 0.5300000000000000300 ) ) ;
#7730 = VECTOR ( 'NONE', #4692, 1000.000000000000000 ) ;
#7731 = DIRECTION ( 'NONE',  ( -1.000000000000000000, -0.0000000000000000000, -0.0000000000000000000 ) ) ;
#7732 = MECHANICAL_DESIGN_GEOMETRIC_PRESENTATION_REPRESENTATION (  '', ( #6681 ), #8195 ) ;
#7733 = AXIS2_PLACEMENT_3D ( 'NONE', #2052, #4340, #9609 ) ;
#7734 = DIRECTION ( 'NONE',  ( 1.000000000000000000, -0.0000000000000000000, -0.0000000000000000000 ) ) ;
#7735 = DIRECTION ( 'NONE',  ( 1.000000000000000000, 0.0000000000000000000, 0.0000000000000000000 ) ) ;
#7736 = ORIENTED_EDGE ( 'NONE', *, *, #5387, .T. ) ;
#7737 = CARTESIAN_POINT ( 'NONE',  ( 0.09209490834705039200, -0.5287023933481510600, 0.5300000000000000300 ) ) ;
#7738 = ORIENTED_EDGE ( 'NONE', *, *, #2560, .T. ) ;
#7739 = VECTOR ( 'NONE', #5630, 1000.000000000000100 ) ;
#7740 = CARTESIAN_POINT ( 'NONE',  ( -0.6999999999999998400, 0.4704525540507067900, 0.5099999999999999000 ) ) ;
#7741 = B_SPLINE_CURVE_WITH_KNOTS ( 'NONE', 3,
 ( #4836, #372, #7144, #2615 ),
 .UNSPECIFIED., .F., .F.,
 ( 4, 4 ),
 ( 10.00000000000000000, 11.00000000000000000 ),
 .UNSPECIFIED. ) ;
#7742 = CARTESIAN_POINT ( 'NONE',  ( 0.6000000000000002000, 5.421010862427522200E-017, -0.02000000000000000000 ) ) ;
#7743 = EDGE_CURVE ( 'NONE', #9135, #5654, #4804, .T. ) ;
#7744 = ADVANCED_FACE ( 'NONE', ( #591 ), #3033, .F. ) ;
#7745 = CARTESIAN_POINT ( 'NONE',  ( 0.6156073880934355100, -0.3341243893222797800, 0.5300000000000000300 ) ) ;
#7746 = ORIENTED_EDGE ( 'NONE', *, *, #7807, .F. ) ;
#7747 = EDGE_CURVE ( 'NONE', #8977, #8542, #6356, .T. ) ;
#7748 = CARTESIAN_POINT ( 'NONE',  ( 0.4754500677412452100, -0.5025519087119874100, 0.5300000000000000300 ) ) ;
#7749 = VERTEX_POINT ( 'NONE', #5935 ) ;
#7750 = VECTOR ( 'NONE', #3714, 1000.000000000000000 ) ;
#7751 = FILL_AREA_STYLE_COLOUR ( '', #4860 ) ;
#7752 = CARTESIAN_POINT ( 'NONE',  ( 0.1656899687989250900, -0.3029370976592576900, 0.5300000000000000300 ) ) ;
#7753 = CARTESIAN_POINT ( 'NONE',  ( 0.6650653154737175000, -0.3392174019568188200, 0.5400000000000000400 ) ) ;
#7754 = VECTOR ( 'NONE', #9325, 1000.000000000000100 ) ;
#7755 = CARTESIAN_POINT ( 'NONE',  ( 0.4547398093329471600, -0.5007216072964277800, 0.5400000000000000400 ) ) ;
#7756 =( LENGTH_UNIT ( ) NAMED_UNIT ( * ) SI_UNIT ( .MILLI., .METRE. ) );
#7757 = VECTOR ( 'NONE', #327, 1000.000000000000000 ) ;
#7758 = PRESENTATION_LAYER_ASSIGNMENT (  '', '', ( #6711 ) ) ;
#7759 = CARTESIAN_POINT ( 'NONE',  ( 0.2243446440340349000, -0.4910748299942564500, 0.5300000000000000300 ) ) ;
#7760 = CARTESIAN_POINT ( 'NONE',  ( -0.5999999999999999800, 5.421010862427522200E-017, 0.0000000000000000000 ) ) ;
#7761 = EDGE_CURVE ( 'NONE', #1658, #2864, #1098, .T. ) ;
#7762 = CARTESIAN_POINT ( 'NONE',  ( 0.4441161032908241300, -0.3636081577765559200, 0.5300000000000000300 ) ) ;
#7763 = CARTESIAN_POINT ( 'NONE',  ( 0.5074206587713087100, -0.3238189965697173000, 0.5300000000000000300 ) ) ;
#7764 = ADVANCED_FACE ( 'NONE', ( #8360 ), #9539, .T. ) ;
#7765 = CARTESIAN_POINT ( 'NONE',  ( 0.1037151821610066400, -0.4855413672786935100, 0.5300000000000000300 ) ) ;
#7766 = DIRECTION ( 'NONE',  ( -0.0000000000000000000, -0.0000000000000000000, 1.000000000000000000 ) ) ;
#7767 = CARTESIAN_POINT ( 'NONE',  ( 0.4589773550014471500, -0.4920873593142480700, 0.5300000000000000300 ) ) ;
#7768 =( GEOMETRIC_REPRESENTATION_CONTEXT ( 3 ) GLOBAL_UNCERTAINTY_ASSIGNED_CONTEXT ( ( #5675 ) ) GLOBAL_UNIT_ASSIGNED_CONTEXT ( ( #4091, #9377, #4843 ) ) REPRESENTATION_CONTEXT ( 'NONE', 'WORKASPACE' ) );
#7769 = ORIENTED_EDGE ( 'NONE', *, *, #4341, .T. ) ;
#7770 = EDGE_CURVE ( 'NONE', #1503, #6017, #374, .T. ) ;
#7771 = CARTESIAN_POINT ( 'NONE',  ( 0.4712722058144859800, -0.5138918196558173200, 0.5300000000000000300 ) ) ;
#7772 = DIRECTION ( 'NONE',  ( 0.0000000000000000000, 0.0000000000000000000, 1.000000000000000000 ) ) ;
#7773 = CARTESIAN_POINT ( 'NONE',  ( 0.6714912650087675500, -0.5162393801670115400, 0.5400000000000000400 ) ) ;
#7774 = DIRECTION ( 'NONE',  ( -0.0000000000000000000, -1.000000000000000000, -0.0000000000000000000 ) ) ;
#7775 = CARTESIAN_POINT ( 'NONE',  ( -0.7249999999999999800, 0.2750000000000000800, 0.0000000000000000000 ) ) ;
#7776 = EDGE_LOOP ( 'NONE', ( #2667, #5839, #1694, #8995 ) ) ;
#7777 = EDGE_LOOP ( 'NONE', ( #3438, #3928, #1677, #8122 ) ) ;
#7778 =( NAMED_UNIT ( * ) PLANE_ANGLE_UNIT ( ) SI_UNIT ( $, .RADIAN. ) );
#7779 = LINE ( 'NONE', #7698, #1735 ) ;
#7780 = DIRECTION ( 'NONE',  ( -0.0000000000000000000, 1.000000000000000000, -0.0000000000000000000 ) ) ;
#7781 = CARTESIAN_POINT ( 'NONE',  ( 0.4649656237631874000, -0.5184277840335637100, 0.5300000000000000300 ) ) ;
#7782 = CYLINDRICAL_SURFACE ( 'NONE', #7028, 0.1250000000000000000 ) ;
#7783 = DIRECTION ( 'NONE',  ( 1.000000000000000000, 2.509086674839019100E-014, -0.0000000000000000000 ) ) ;
#7784 = ORIENTED_EDGE ( 'NONE', *, *, #3684, .F. ) ;
#7785 = VERTEX_POINT ( 'NONE', #3745 ) ;
#7786 =( LENGTH_UNIT ( ) NAMED_UNIT ( * ) SI_UNIT ( .MILLI., .METRE. ) );
#7787 = ORIENTED_EDGE ( 'NONE', *, *, #5960, .T. ) ;
#7788 = CARTESIAN_POINT ( 'NONE',  ( 0.2060842424023816300, -0.5082285559695332000, 0.5400000000000000400 ) ) ;
#7789 = LINE ( 'NONE', #5949, #5749 ) ;
#7790 = EDGE_CURVE ( 'NONE', #4266, #2385, #6924, .T. ) ;
#7791 = DIRECTION ( 'NONE',  ( 0.0000000000000000000, 0.0000000000000000000, 1.000000000000000000 ) ) ;
#7792 = DIRECTION ( 'NONE',  ( -0.0000000000000000000, 1.000000000000000000, -0.0000000000000000000 ) ) ;
#7793 = LINE ( 'NONE', #6342, #8005 ) ;
#7794 = VECTOR ( 'NONE', #4803, 1000.000000000000000 ) ;
#7795 = ORIENTED_EDGE ( 'NONE', *, *, #2046, .T. ) ;
#7796 = B_SPLINE_CURVE_WITH_KNOTS ( 'NONE', 3,
 ( #7533, #6008, #3782, #9024 ),
 .UNSPECIFIED., .F., .F.,
 ( 4, 4 ),
 ( 6.000000000000000000, 7.000000000000000000 ),
 .UNSPECIFIED. ) ;
#7797 = ORIENTED_EDGE ( 'NONE', *, *, #9026, .T. ) ;
#7798 = MECHANICAL_DESIGN_GEOMETRIC_PRESENTATION_REPRESENTATION (  '', ( #6777 ), #8281 ) ;
#7799 = VERTEX_POINT ( 'NONE', #6778 ) ;
#7800 =( NAMED_UNIT ( * ) SI_UNIT ( $, .STERADIAN. ) SOLID_ANGLE_UNIT ( ) );
#7801 = PRESENTATION_STYLE_ASSIGNMENT (( #636 ) ) ;
#7802 = PLANE ( 'NONE',  #5846 ) ;
#7803 = VECTOR ( 'NONE', #3469, 1000.000000000000000 ) ;
#7804 = PLANE ( 'NONE',  #632 ) ;
#7805 = CARTESIAN_POINT ( 'NONE',  ( 0.3051332123486368800, -0.5004816997242417200, 0.5400000000000000400 ) ) ;
#7806 = EDGE_LOOP ( 'NONE', ( #3325, #9677, #1223, #7887 ) ) ;
#7807 = EDGE_CURVE ( 'NONE', #424, #4255, #4324, .T. ) ;
#7808 = ADVANCED_FACE ( 'NONE', ( #8109 ), #9001, .T. ) ;
#7809 = CARTESIAN_POINT ( 'NONE',  ( 0.6149309723531720700, -0.5162393801670115400, 0.5400000000000000400 ) ) ;
#7810 = EDGE_CURVE ( 'NONE', #3332, #571, #546, .T. ) ;
#7811 = ORIENTED_EDGE ( 'NONE', *, *, #3976, .T. ) ;
#7812 = LINE ( 'NONE', #4699, #9546 ) ;
#7813 = UNCERTAINTY_MEASURE_WITH_UNIT (LENGTH_MEASURE( 1.000000000000000100E-005 ), #796, 'distance_accuracy_value', 'NONE');
#7814 = PRESENTATION_STYLE_ASSIGNMENT (( #3828 ) ) ;
#7815 = CARTESIAN_POINT ( 'NONE',  ( -0.004187346072788054000, -0.4977149683664612300, 0.5400000000000000400 ) ) ;
#7816 = ORIENTED_EDGE ( 'NONE', *, *, #4825, .F. ) ;
#7817 = CARTESIAN_POINT ( 'NONE',  ( 0.3993930860938320600, -0.5162393801670129800, 0.5400000000000000400 ) ) ;
#7818 = CARTESIAN_POINT ( 'NONE',  ( 0.4577637855846872200, -0.3344427026121056800, 0.5400000000000000400 ) ) ;
#7819 = PLANE ( 'NONE',  #9562 ) ;
#7820 = VECTOR ( 'NONE', #8091, 1000.000000000000100 ) ;
#7821 = FILL_AREA_STYLE_COLOUR ( '', #2363 ) ;
#7822 = ORIENTED_EDGE ( 'NONE', *, *, #9092, .T. ) ;
#7823 = FACE_OUTER_BOUND ( 'NONE', #8412, .T. ) ;
#7824 = CARTESIAN_POINT ( 'NONE',  ( 0.3893463228890840000, -0.4472847637951952700, 0.5300000000000000300 ) ) ;
#7825 = EDGE_LOOP ( 'NONE', ( #9366, #1193, #361, #3765 ) ) ;
#7826 = AXIS2_PLACEMENT_3D ( 'NONE', #5031, #560, #2907 ) ;
#7827 = DIRECTION ( 'NONE',  ( 1.000000000000000000, 0.0000000000000000000, 0.0000000000000000000 ) ) ;
#7828 = CARTESIAN_POINT ( 'NONE',  ( 0.6951658159270623900, -0.5251123631161613800, 0.5400000000000000400 ) ) ;
#7829 = EDGE_CURVE ( 'NONE', #1111, #4348, #2010, .T. ) ;
#7830 = ORIENTED_EDGE ( 'NONE', *, *, #2812, .T. ) ;
#7831 = CIRCLE ( 'NONE', #5593, 0.1250000000000000000 ) ;
#7832 = ORIENTED_EDGE ( 'NONE', *, *, #7608, .T. ) ;
#7833 = ORIENTED_EDGE ( 'NONE', *, *, #1724, .T. ) ;
#7834 = LINE ( 'NONE', #9145, #5795 ) ;
#7835 = CARTESIAN_POINT ( 'NONE',  ( 0.4551178063645157600, -0.5175922116481055400, 0.5300000000000000300 ) ) ;
#7836 = CARTESIAN_POINT ( 'NONE',  ( 0.2082976359318415600, -0.4307600568410350800, 0.5400000000000000400 ) ) ;
#7837 = CARTESIAN_POINT ( 'NONE',  ( 0.6234259582707364400, -0.3834629492190774800, 0.5400000000000000400 ) ) ;
#7838 = CARTESIAN_POINT ( 'NONE',  ( 0.5979807896786233400, -0.3238189965697173000, 0.5400000000000000400 ) ) ;
#7839 =( GEOMETRIC_REPRESENTATION_CONTEXT ( 3 ) GLOBAL_UNCERTAINTY_ASSIGNED_CONTEXT ( ( #8087 ) ) GLOBAL_UNIT_ASSIGNED_CONTEXT ( ( #5127, #8882, #4376 ) ) REPRESENTATION_CONTEXT ( 'NONE', 'WORKASPACE' ) );
#7840 = DIRECTION ( 'NONE',  ( 0.0000000000000000000, 0.0000000000000000000, -1.000000000000000000 ) ) ;
#7841 = ORIENTED_EDGE ( 'NONE', *, *, #4194, .T. ) ;
#7842 = B_SPLINE_CURVE_WITH_KNOTS ( 'NONE', 3,
 ( #1826, #1160, #8589, #4863 ),
 .UNSPECIFIED., .F., .F.,
 ( 4, 4 ),
 ( 1.000000000000000000, 2.000000000000000000 ),
 .UNSPECIFIED. ) ;
#7843 = EDGE_LOOP ( 'NONE', ( #7969, #7558, #8855, #6949 ) ) ;
#7844 = ORIENTED_EDGE ( 'NONE', *, *, #4080, .T. ) ;
#7845 = ORIENTED_EDGE ( 'NONE', *, *, #338, .F. ) ;
#7846 = SURFACE_SIDE_STYLE ('',( #8663 ) ) ;
#7847 = CARTESIAN_POINT ( 'NONE',  ( 0.2138310775391865900, -0.4910748299942564500, 0.5300000000000000300 ) ) ;
#7848 = CARTESIAN_POINT ( 'NONE',  ( 0.3051332123486368800, -0.5004816997242417200, 0.5400000000000000400 ) ) ;
#7849 = EDGE_CURVE ( 'NONE', #9221, #4309, #5407, .T. ) ;
#7850 = CARTESIAN_POINT ( 'NONE',  ( 0.4717496757489552700, -0.3940070769391410500, 0.5400000000000000400 ) ) ;
#7851 = ORIENTED_EDGE ( 'NONE', *, *, #3754, .F. ) ;
#7852 = ORIENTED_EDGE ( 'NONE', *, *, #7232, .T. ) ;
#7853 = LINE ( 'NONE', #2893, #1590 ) ;
#7854 = CARTESIAN_POINT ( 'NONE',  ( 0.5201134011962291700, -0.5264254054360929500, 0.5300000000000000300 ) ) ;
#7855 = ADVANCED_FACE ( 'NONE', ( #1398 ), #6315, .F. ) ;
#7856 = CARTESIAN_POINT ( 'NONE',  ( 0.4861135629447932400, -0.4014476500848769800, 0.5300000000000000300 ) ) ;
#7857 = CARTESIAN_POINT ( 'NONE',  ( 0.5563414324753793700, -0.5403516118586188000, 0.5300000000000000300 ) ) ;
#7858 = VECTOR ( 'NONE', #2484, 1000.000000000000000 ) ;
#7859 = SURFACE_STYLE_FILL_AREA ( #9693 ) ;
#7860 = EDGE_CURVE ( 'NONE', #7217, #9550, #3887, .T. ) ;
#7861 = CARTESIAN_POINT ( 'NONE',  ( 0.5134885058553728700, -0.5264254054360929500, 0.5300000000000000300 ) ) ;
#7862 = EDGE_CURVE ( 'NONE', #7363, #527, #7191, .T. ) ;
#7863 = CARTESIAN_POINT ( 'NONE',  ( 0.6316623146407689400, -0.4016465958906835200, 0.5400000000000000400 ) ) ;
#7864 = CARTESIAN_POINT ( 'NONE',  ( 0.5690938586423047700, -0.5113851024999749300, 0.5400000000000000400 ) ) ;
#7865 = DIRECTION ( 'NONE',  ( 0.0000000000000000000, 0.0000000000000000000, 1.000000000000000000 ) ) ;
#7866 = LINE ( 'NONE', #5955, #1821 ) ;
#7867 = DIRECTION ( 'NONE',  ( 0.0000000000000000000, -1.000000000000000000, 0.0000000000000000000 ) ) ;
#7868 = DIRECTION ( 'NONE',  ( 0.0000000000000000000, -1.000000000000000000, 0.0000000000000000000 ) ) ;
#7869 =( GEOMETRIC_REPRESENTATION_CONTEXT ( 3 ) GLOBAL_UNCERTAINTY_ASSIGNED_CONTEXT ( ( #6969 ) ) GLOBAL_UNIT_ASSIGNED_CONTEXT ( ( #7457, #2935, #8198 ) ) REPRESENTATION_CONTEXT ( 'NONE', 'WORKASPACE' ) );
#7870 = CARTESIAN_POINT ( 'NONE',  ( 0.6795485701530403800, -0.3715659900179227900, 0.5400000000000000400 ) ) ;
#7871 = DIRECTION ( 'NONE',  ( 0.0000000000000000000, 0.0000000000000000000, -1.000000000000000000 ) ) ;
#7872 = B_SPLINE_CURVE_WITH_KNOTS ( 'NONE', 3,
 ( #9634, #4365, #5886, #1380 ),
 .UNSPECIFIED., .F., .F.,
 ( 4, 4 ),
 ( 19.00000000000000000, 20.00000000000000000 ),
 .UNSPECIFIED. ) ;
#7873 = EDGE_CURVE ( 'NONE', #1660, #999, #9414, .T. ) ;
#7874 = CARTESIAN_POINT ( 'NONE',  ( 0.5134885058553728700, -0.5264254054360929500, 0.5300000000000000300 ) ) ;
#7875 = EDGE_LOOP ( 'NONE', ( #1883, #4895, #5066, #5446 ) ) ;
#7876 = CARTESIAN_POINT ( 'NONE',  ( 0.7142447187253383500, -0.4951909138885769400, 0.5400000000000000400 ) ) ;
#7877 = ORIENTED_EDGE ( 'NONE', *, *, #3873, .T. ) ;
#7878 = CARTESIAN_POINT ( 'NONE',  ( 0.2409450532897411100, -0.3317111053644402100, 0.5400000000000000400 ) ) ;
#7879 = CARTESIAN_POINT ( 'NONE',  ( -0.8999999999999999100, 0.6500000000000000200, 0.0000000000000000000 ) ) ;
#7880 = AXIS2_PLACEMENT_3D ( 'NONE', #1366, #3642, #8888 ) ;
#7881 = ORIENTED_EDGE ( 'NONE', *, *, #1600, .T. ) ;
#7882 = AXIS2_PLACEMENT_3D ( 'NONE', #6974, #1697, #6210 ) ;
#7883 = VERTEX_POINT ( 'NONE', #6916 ) ;
#7884 = EDGE_CURVE ( 'NONE', #8307, #9135, #9662, .T. ) ;
#7885 = CARTESIAN_POINT ( 'NONE',  ( 0.6082463932700258300, -0.3400927635034372000, 0.5400000000000000400 ) ) ;
#7886 = LINE ( 'NONE', #971, #9619 ) ;
#7887 = ORIENTED_EDGE ( 'NONE', *, *, #4814, .T. ) ;
#7888 = DIRECTION ( 'NONE',  ( -0.0000000000000000000, -0.0000000000000000000, 1.000000000000000000 ) ) ;
#7889 = DIRECTION ( 'NONE',  ( -0.0000000000000000000, -0.0000000000000000000, -1.000000000000000000 ) ) ;
#7890 = ORIENTED_EDGE ( 'NONE', *, *, #7829, .F. ) ;
#7891 = CARTESIAN_POINT ( 'NONE',  ( 0.5679001838058627100, -0.5158812777165562300, 0.5400000000000000400 ) ) ;
#7892 = LINE ( 'NONE', #7041, #5860 ) ;
#7893 = ADVANCED_FACE ( 'NONE', ( #3419 ), #6326, .F. ) ;
#7894 = CARTESIAN_POINT ( 'NONE',  ( 0.2437117846475233600, -0.4053061579003669500, 0.5400000000000000400 ) ) ;
#7895 = B_SPLINE_CURVE_WITH_KNOTS ( 'NONE', 3,
 ( #3112, #7632, #3247, #8499 ),
 .UNSPECIFIED., .F., .F.,
 ( 4, 4 ),
 ( 6.000000000000000000, 7.000000000000000000 ),
 .UNSPECIFIED. ) ;
#7896 = VECTOR ( 'NONE', #2045, 1000.000000000000000 ) ;
#7897 = EDGE_LOOP ( 'NONE', ( #8340, #5396, #6892, #9528 ) ) ;
#7898 = AXIS2_PLACEMENT_3D ( 'NONE', #8429, #9180, #4665 ) ;
#7899 = CARTESIAN_POINT ( 'NONE',  ( 0.4568486348769079700, -0.3912616248157982400, 0.5400000000000000400 ) ) ;
#7900 = ORIENTED_EDGE ( 'NONE', *, *, #1066, .F. ) ;
#7901 = DIRECTION ( 'NONE',  ( 0.0000000000000000000, 0.0000000000000000000, 1.000000000000000000 ) ) ;
#7902 = CARTESIAN_POINT ( 'NONE',  ( 0.5304983722713826300, -0.4983342576240698500, 0.5400000000000000400 ) ) ;
#7903 = CARTESIAN_POINT ( 'NONE',  ( 0.2741458295839214700, -0.4899681332291261900, 0.5300000000000000300 ) ) ;
#7904 = LINE ( 'NONE', #1547, #2079 ) ;
#7905 = VERTEX_POINT ( 'NONE', #2422 ) ;
#7906 = ORIENTED_EDGE ( 'NONE', *, *, #7166, .F. ) ;
#7907 = CARTESIAN_POINT ( 'NONE',  ( 0.4918432021587133000, -0.3361934257048131400, 0.5300000000000000300 ) ) ;
#7908 = EDGE_CURVE ( 'NONE', #2622, #3891, #8919, .T. ) ;
#7909 = CARTESIAN_POINT ( 'NONE',  ( 0.7059287840335156700, -0.5081223912809971200, 0.5300000000000000300 ) ) ;
#7910 = VECTOR ( 'NONE', #364, 1000.000000000000000 ) ;
#7911 = CARTESIAN_POINT ( 'NONE',  ( 0.6273451906494143000, -0.3501992104501911500, 0.5300000000000000300 ) ) ;
#7912 = ORIENTED_EDGE ( 'NONE', *, *, #2062, .F. ) ;
#7913 = EDGE_CURVE ( 'NONE', #3790, #3442, #4915, .T. ) ;
#7914 = LINE ( 'NONE', #7305, #6140 ) ;
#7915 = B_SPLINE_CURVE_WITH_KNOTS ( 'NONE', 3,
 ( #2266, #6799, #7554, #3043 ),
 .UNSPECIFIED., .F., .F.,
 ( 4, 4 ),
 ( 7.000000000000000000, 8.000000000000000000 ),
 .UNSPECIFIED. ) ;
#7916 = VERTEX_POINT ( 'NONE', #7679 ) ;
#7917 = ORIENTED_EDGE ( 'NONE', *, *, #9566, .F. ) ;
#7918 = ORIENTED_EDGE ( 'NONE', *, *, #3068, .T. ) ;
#7919 = CARTESIAN_POINT ( 'NONE',  ( 0.4984680974995734900, -0.4879492865491825100, 0.5300000000000000300 ) ) ;
#7920 = CARTESIAN_POINT ( 'NONE',  ( 0.1479828838871060400, -0.5049084656752074200, 0.5400000000000000400 ) ) ;
#7921 = FACE_BOUND ( 'NONE', #9307, .T. ) ;
#7922 = CARTESIAN_POINT ( 'NONE',  ( 0.1241890089851163900, -0.4578740220370838800, 0.5400000000000000400 ) ) ;
#7923 = CARTESIAN_POINT ( 'NONE',  ( 0.6827913867914360300, -0.5162393801670115400, 0.5400000000000000400 ) ) ;
#7924 = CARTESIAN_POINT ( 'NONE',  ( 0.5251069409278649200, -0.5070480839285693700, 0.5400000000000000400 ) ) ;
#7925 = EDGE_LOOP ( 'NONE', ( #4404, #5431 ) ) ;
#7926 = CARTESIAN_POINT ( 'NONE',  ( 0.5085148607043181700, -0.4814238641112301700, 0.5300000000000000300 ) ) ;
#7927 = VERTEX_POINT ( 'NONE', #233 ) ;
#7928 = VERTEX_POINT ( 'NONE', #951 ) ;
#7929 = CARTESIAN_POINT ( 'NONE',  ( 0.5853278364148646300, -0.3927736129415362900, 0.5400000000000000400 ) ) ;
#7930 = EDGE_CURVE ( 'NONE', #4319, #1111, #6697, .T. ) ;
#7931 = VECTOR ( 'NONE', #6565, 1000.000000000000000 ) ;
#7932 = EDGE_CURVE ( 'NONE', #5435, #2622, #6954, .T. ) ;
#7933 = ORIENTED_EDGE ( 'NONE', *, *, #2406, .F. ) ;
#7934 = VECTOR ( 'NONE', #2298, 1000.000000000000000 ) ;
#7935 = CARTESIAN_POINT ( 'NONE',  ( 0.5449418377895408600, -0.5425798048863271800, 0.5300000000000000300 ) ) ;
#7936 =( NAMED_UNIT ( * ) PLANE_ANGLE_UNIT ( ) SI_UNIT ( $, .RADIAN. ) );
#7937 = ORIENTED_EDGE ( 'NONE', *, *, #782, .T. ) ;
#7938 = ORIENTED_EDGE ( 'NONE', *, *, #6172, .T. ) ;
#7939 = DIRECTION ( 'NONE',  ( -1.000000000000000000, 0.0000000000000000000, 0.0000000000000000000 ) ) ;
#7940 = SURFACE_STYLE_FILL_AREA ( #7280 ) ;
#7941 = B_SPLINE_CURVE_WITH_KNOTS ( 'NONE', 3,
 ( #7267, #4991, #6501, #1947 ),
 .UNSPECIFIED., .F., .F.,
 ( 4, 4 ),
 ( 8.000000000000000000, 9.000000000000000000 ),
 .UNSPECIFIED. ) ;
#7942 = LINE ( 'NONE', #5932, #1900 ) ;
#7943 =( GEOMETRIC_REPRESENTATION_CONTEXT ( 3 ) GLOBAL_UNCERTAINTY_ASSIGNED_CONTEXT ( ( #8149 ) ) GLOBAL_UNIT_ASSIGNED_CONTEXT ( ( #6202, #941, #5440 ) ) REPRESENTATION_CONTEXT ( 'NONE', 'WORKASPACE' ) );
#7944 = CARTESIAN_POINT ( 'NONE',  ( 0.2265580375637614200, -0.4916281678223113900, 0.5400000000000000400 ) ) ;
#7945 = FACE_OUTER_BOUND ( 'NONE', #9236, .T. ) ;
#7946 = ADVANCED_FACE ( 'NONE', ( #943 ), #7782, .T. ) ;
#7947 = PRESENTATION_LAYER_ASSIGNMENT (  '', '', ( #8440 ) ) ;
#7948 = VERTEX_POINT ( 'NONE', #7775 ) ;
#7949 = CARTESIAN_POINT ( 'NONE',  ( 0.7130709384700055800, -0.4575901565477583600, 0.5400000000000000400 ) ) ;
#7950 = ORIENTED_EDGE ( 'NONE', *, *, #8173, .T. ) ;
#7951 = EDGE_LOOP ( 'NONE', ( #2498, #9513, #6851, #9472 ) ) ;
#7952 = VECTOR ( 'NONE', #3647, 1000.000000000000000 ) ;
#7953 = EDGE_CURVE ( 'NONE', #3289, #4387, #5988, .T. ) ;
#7954 = CARTESIAN_POINT ( 'NONE',  ( 0.3893463228890840000, -0.5251123631161628300, 0.5300000000000000300 ) ) ;
#7955 = ORIENTED_EDGE ( 'NONE', *, *, #5989, .T. ) ;
#7956 = EDGE_LOOP ( 'NONE', ( #7419, #7537 ) ) ;
#7957 = DIRECTION ( 'NONE',  ( -0.0000000000000000000, -0.0000000000000000000, -1.000000000000000000 ) ) ;
#7958 = CARTESIAN_POINT ( 'NONE',  ( 0.5628270657521692300, -0.5249929956326748700, 0.5400000000000000400 ) ) ;
#7959 = CARTESIAN_POINT ( 'NONE',  ( 0.1656899687989250900, -0.3029370976592576900, 0.5300000000000000300 ) ) ;
#7960 = CARTESIAN_POINT ( 'NONE',  ( 0.09928841621003974000, -0.3245176027785717200, 0.5400000000000000400 ) ) ;
#7961 = VECTOR ( 'NONE', #6773, 1000.000000000000000 ) ;
#7962 = VECTOR ( 'NONE', #4797, 1000.000000000000000 ) ;
#7963 =( LENGTH_UNIT ( ) NAMED_UNIT ( * ) SI_UNIT ( .MILLI., .METRE. ) );
#7964 = CARTESIAN_POINT ( 'NONE',  ( 0.4312045204789852800, -0.5162393801670129800, 0.5400000000000000400 ) ) ;
#7965 = CARTESIAN_POINT ( 'NONE',  ( 0.6427634906170947000, -0.4016465958906835200, 0.5300000000000000300 ) ) ;
#7966 = EDGE_CURVE ( 'NONE', #2640, #4730, #30, .T. ) ;
#7967 = CARTESIAN_POINT ( 'NONE',  ( 0.3250000000000000700, 5.421010862427522200E-017, 0.0000000000000000000 ) ) ;
#7968 = DIRECTION ( 'NONE',  ( 0.0000000000000000000, -0.0000000000000000000, -1.000000000000000000 ) ) ;
#7969 = ORIENTED_EDGE ( 'NONE', *, *, #8968, .T. ) ;
#7970 = CARTESIAN_POINT ( 'NONE',  ( 0.5259425133130581900, -0.5159608560388804200, 0.5300000000000000300 ) ) ;
#7971 = CARTESIAN_POINT ( 'NONE',  ( 0.03233352579309933100, -0.3809588923993698100, 0.5400000000000000400 ) ) ;
#7972 = CARTESIAN_POINT ( 'NONE',  ( 0.09209490834705039200, -0.4855413672786935100, 0.5300000000000000300 ) ) ;
#7973 = EDGE_CURVE ( 'NONE', #2734, #8166, #3987, .T. ) ;
#7974 = CARTESIAN_POINT ( 'NONE',  ( 0.5174674219760517800, -0.3665923448673997800, 0.5300000000000000300 ) ) ;
#7975 = CARTESIAN_POINT ( 'NONE',  ( 0.4517556222423695900, -0.3858105097302731400, 0.5400000000000000400 ) ) ;
#7976 = EDGE_CURVE ( 'NONE', #263, #2450, #5745, .T. ) ;
#7977 = CARTESIAN_POINT ( 'NONE',  ( 0.5120759906325400600, -0.4900979012540394000, 0.5300000000000000300 ) ) ;
#7978 = CARTESIAN_POINT ( 'NONE',  ( 0.4466626096078296600, -0.3803196054835862300, 0.5400000000000000400 ) ) ;
#7979 = CARTESIAN_POINT ( 'NONE',  ( 0.4651048858275191300, -0.4682536517513063400, 0.5300000000000000300 ) ) ;
#7980 = CARTESIAN_POINT ( 'NONE',  ( 0.6156073880934355100, -0.3907443657201645800, 0.5400000000000000400 ) ) ;
#7981 = DIRECTION ( 'NONE',  ( 1.000000000000000000, 0.0000000000000000000, 0.0000000000000000000 ) ) ;
#7982 = ORIENTED_EDGE ( 'NONE', *, *, #8046, .F. ) ;
#7983 = ADVANCED_FACE ( 'NONE', ( #1953 ), #3089, .T. ) ;
#7984 = CARTESIAN_POINT ( 'NONE',  ( -0.02742788842358112900, -0.4374002374296833700, 0.5300000000000000300 ) ) ;
#7985 = FACE_OUTER_BOUND ( 'NONE', #7594, .T. ) ;
#7986 = CARTESIAN_POINT ( 'NONE',  ( 0.5857854117682252900, -0.3327715578411892800, 0.5400000000000000400 ) ) ;
#7987 = CARTESIAN_POINT ( 'NONE',  ( 0.1656899687989250900, -0.3029370976592576900, 0.5300000000000000300 ) ) ;
#7988 = SURFACE_SIDE_STYLE ('',( #6446 ) ) ;
#7989 = ORIENTED_EDGE ( 'NONE', *, *, #1603, .F. ) ;
#7990 = DIRECTION ( 'NONE',  ( -1.741129794800948600E-014, 1.000000000000000000, -0.0000000000000000000 ) ) ;
#7991 = ORIENTED_EDGE ( 'NONE', *, *, #1209, .T. ) ;
#7992 = FACE_OUTER_BOUND ( 'NONE', #3110, .T. ) ;
#7993 = COLOUR_RGB ( '',1.000000000000000000, 1.000000000000000000, 1.000000000000000000 ) ;
#7994 = CARTESIAN_POINT ( 'NONE',  ( 0.5348552854233678000, -0.5032681136134282700, 0.5400000000000000400 ) ) ;
#7995 = EDGE_CURVE ( 'NONE', #8692, #6051, #7534, .T. ) ;
#7996 = PLANE ( 'NONE',  #5041 ) ;
#7997 = CARTESIAN_POINT ( 'NONE',  ( 0.4801650833442131000, -0.3315778830052764100, 0.5300000000000000300 ) ) ;
#7998 = LINE ( 'NONE', #4172, #5983 ) ;
#7999 = VERTEX_POINT ( 'NONE', #8574 ) ;
#8000 = VERTEX_POINT ( 'NONE', #4800 ) ;
#8001 = AXIS2_PLACEMENT_3D ( 'NONE', #7039, #1739, #6273 ) ;
#8002 = ORIENTED_EDGE ( 'NONE', *, *, #4367, .F. ) ;
#8003 = LINE ( 'NONE', #2786, #1961 ) ;
#8004 = CARTESIAN_POINT ( 'NONE',  ( 0.2060842424023816300, -0.5082285559695332000, 0.5400000000000000400 ) ) ;
#8005 = VECTOR ( 'NONE', #7118, 1000.000000000000000 ) ;
#8006 = CIRCLE ( 'NONE', #5519, 0.05000000000000002400 ) ;
#8007 = CARTESIAN_POINT ( 'NONE',  ( 0.6663385686324836400, -0.3337662868712928900, 0.5300000000000000300 ) ) ;
#8008 = CARTESIAN_POINT ( 'NONE',  ( 0.5144434457243153300, -0.5184675731947233600, 0.5400000000000000400 ) ) ;
#8009 = EDGE_LOOP ( 'NONE', ( #9526, #202, #6612, #7237 ) ) ;
#8010 = FACE_BOUND ( 'NONE', #4294, .T. ) ;
#8011 = CARTESIAN_POINT ( 'NONE',  ( 0.08988152537156514400, -0.3311577596204376400, 0.5300000000000000300 ) ) ;
#8012 = VERTEX_POINT ( 'NONE', #4063 ) ;
#8013 = EDGE_CURVE ( 'NONE', #1664, #7581, #3523, .T. ) ;
#8014 = ADVANCED_FACE ( 'NONE', ( #1516 ), #1077, .F. ) ;
#8015 = COLOUR_RGB ( '',1.000000000000000000, 1.000000000000000000, 1.000000000000000000 ) ;
#8016 = AXIS2_PLACEMENT_3D ( 'NONE', #1202, #6472, #1927 ) ;
#8017 = LINE ( 'NONE', #9476, #1975 ) ;
#8018 = VERTEX_POINT ( 'NONE', #343 ) ;
#8019 = PLANE ( 'NONE',  #9397 ) ;
#8020 = CARTESIAN_POINT ( 'NONE',  ( -0.4749999999999999200, 0.5250000000000000200, 0.0000000000000000000 ) ) ;
#8021 = LINE ( 'NONE', #944, #2493 ) ;
#8022 = DIRECTION ( 'NONE',  ( -0.0000000000000000000, -0.0000000000000000000, 1.000000000000000000 ) ) ;
#8023 = VERTEX_POINT ( 'NONE', #8603 ) ;
#8024 = VECTOR ( 'NONE', #7658, 1000.000000000000000 ) ;
#8025 = COLOUR_RGB ( '',0.6666666666666666300, 0.6666666666666666300, 0.6666666666666666300 ) ;
#8026 = CARTESIAN_POINT ( 'NONE',  ( 0.5012334442034981400, -0.4933208233118561700, 0.5300000000000000300 ) ) ;
#8027 = ORIENTED_EDGE ( 'NONE', *, *, #4629, .T. ) ;
#8028 = EDGE_CURVE ( 'NONE', #2784, #7295, #9284, .T. ) ;
#8029 = CARTESIAN_POINT ( 'NONE',  ( -0.001420598883641920400, -0.3743187698585325200, 0.5400000000000000400 ) ) ;
#8030 = EDGE_CURVE ( 'NONE', #3481, #5622, #1155, .T. ) ;
#8031 = SURFACE_STYLE_FILL_AREA ( #5091 ) ;
#8032 = ORIENTED_EDGE ( 'NONE', *, *, #8232, .F. ) ;
#8033 = VERTEX_POINT ( 'NONE', #6370 ) ;
#8034 = ORIENTED_EDGE ( 'NONE', *, *, #2202, .T. ) ;
#8035 = CARTESIAN_POINT ( 'NONE',  ( -0.7249999999999999800, -0.3999999999999999700, -0.02000000000000000000 ) ) ;
#8036 = CARTESIAN_POINT ( 'NONE',  ( 0.5943798705892429100, -0.4695269049100720400, 0.5300000000000000300 ) ) ;
#8037 = CARTESIAN_POINT ( 'NONE',  ( 0.08047463453335898500, -0.5287023933481510600, 0.5300000000000000300 ) ) ;
#8038 = CARTESIAN_POINT ( 'NONE',  ( 0.1479828838871060400, -0.5065685002683939500, 0.5300000000000000300 ) ) ;
#8039 = CARTESIAN_POINT ( 'NONE',  ( 0.5338605563932628000, -0.5191041997738421500, 0.5400000000000000400 ) ) ;
#8040 = ORIENTED_EDGE ( 'NONE', *, *, #7285, .F. ) ;
#8041 = VECTOR ( 'NONE', #8879, 999.9999999999998900 ) ;
#8042 = DIRECTION ( 'NONE',  ( -0.8840949502478798700, -0.4673073067545585000, 0.0000000000000000000 ) ) ;
#8043 = ORIENTED_EDGE ( 'NONE', *, *, #80, .T. ) ;
#8044 = ORIENTED_EDGE ( 'NONE', *, *, #7499, .F. ) ;
#8045 = FACE_OUTER_BOUND ( 'NONE', #9355, .T. ) ;
#8046 = EDGE_CURVE ( 'NONE', #1086, #2918, #8544, .T. ) ;
#8047 = PLANE ( 'NONE',  #5351 ) ;
#8048 =( NAMED_UNIT ( * ) SI_UNIT ( $, .STERADIAN. ) SOLID_ANGLE_UNIT ( ) );
#8049 = CARTESIAN_POINT ( 'NONE',  ( 0.6650653154737175000, -0.3392174019568188200, 0.5400000000000000400 ) ) ;
#8050 = CARTESIAN_POINT ( 'NONE',  ( 0.4851984122370147600, -0.5251123631161622700, 0.5300000000000000300 ) ) ;
#8051 = CARTESIAN_POINT ( 'NONE',  ( 0.4448124136116833900, -0.3339652326776322300, 0.5300000000000000300 ) ) ;
#8052 = CARTESIAN_POINT ( 'NONE',  ( 0.2912995555594620800, -0.4484671628613402000, 0.5300000000000000300 ) ) ;
#8053 = ORIENTED_EDGE ( 'NONE', *, *, #15, .F. ) ;
#8054 = ORIENTED_EDGE ( 'NONE', *, *, #1289, .F. ) ;
#8055 = ORIENTED_EDGE ( 'NONE', *, *, #7976, .T. ) ;
#8056 = VECTOR ( 'NONE', #1969, 1000.000000000000000 ) ;
#8057 = AXIS2_PLACEMENT_3D ( 'NONE', #2983, #8244, #3743 ) ;
#8058 = DIRECTION ( 'NONE',  ( -0.0000000000000000000, -0.0000000000000000000, -1.000000000000000000 ) ) ;
#8059 = CARTESIAN_POINT ( 'NONE',  ( 0.2392850186965596000, -0.3665719188903615000, 0.5400000000000000400 ) ) ;
#8060 = EDGE_CURVE ( 'NONE', #1861, #730, #5277, .T. ) ;
#8061 = ORIENTED_EDGE ( 'NONE', *, *, #8137, .F. ) ;
#8062 = ADVANCED_FACE ( 'NONE', ( #7296 ), #3108, .F. ) ;
#8063 = CARTESIAN_POINT ( 'NONE',  ( 0.5174674219760517800, -0.3665923448673997800, 0.5400000000000000400 ) ) ;
#8064 = CARTESIAN_POINT ( 'NONE',  ( 0.5074206587713087100, -0.4016465958906849100, 0.5400000000000000400 ) ) ;
#8065 = CARTESIAN_POINT ( 'NONE',  ( 0.4851984122370147600, -0.4893419071914362200, 0.5400000000000000400 ) ) ;
#8066 = CARTESIAN_POINT ( 'NONE',  ( 0.6665773035994542200, -0.3337662868712928900, 0.5400000000000000400 ) ) ;
#8067 = CARTESIAN_POINT ( 'NONE',  ( 0.5085148607043181700, -0.4836520571384098600, 0.5300000000000000300 ) ) ;
#8068 = CARTESIAN_POINT ( 'NONE',  ( 0.4851984122370147600, -0.4893419071914362200, 0.5300000000000000300 ) ) ;
#8069 = DIRECTION ( 'NONE',  ( -0.0000000000000000000, 1.000000000000000000, -0.0000000000000000000 ) ) ;
#8070 = AXIS2_PLACEMENT_3D ( 'NONE', #3057, #8323, #3817 ) ;
#8071 = VECTOR ( 'NONE', #8327, 1000.000000000000000 ) ;
#8072 = CARTESIAN_POINT ( 'NONE',  ( 0.5144434457243153300, -0.5184675731947233600, 0.5400000000000000400 ) ) ;
#8073 = CARTESIAN_POINT ( 'NONE',  ( 0.4734009259390251100, -0.3225059542497878400, 0.5400000000000000400 ) ) ;
#8074 = CARTESIAN_POINT ( 'NONE',  ( 0.7003980906256661600, -0.5135337172053626700, 0.5400000000000000400 ) ) ;
#8075 = CARTESIAN_POINT ( 'NONE',  ( 0.6082463932700258300, -0.3400927635034372000, 0.5300000000000000300 ) ) ;
#8076 = CARTESIAN_POINT ( 'NONE',  ( 0.4851984122370147600, -0.4893419071914362200, 0.5300000000000000300 ) ) ;
#8077 = LINE ( 'NONE', #4412, #2037 ) ;
#8078 = DIRECTION ( 'NONE',  ( -0.3283461648125197100, 0.9445574604294381100, -0.0000000000000000000 ) ) ;
#8079 = EDGE_CURVE ( 'NONE', #1651, #3891, #7059, .T. ) ;
#8080 = CARTESIAN_POINT ( 'NONE',  ( 0.4312045204789852800, -0.5162393801670129800, 0.5400000000000000400 ) ) ;
#8081 = DIRECTION ( 'NONE',  ( 1.000000000000000000, -0.0000000000000000000, -0.0000000000000000000 ) ) ;
#8082 = EDGE_CURVE ( 'NONE', #4283, #3710, #9038, .T. ) ;
#8083 = CARTESIAN_POINT ( 'NONE',  ( 0.4421266452303495000, -0.5191439889355340400, 0.5400000000000000400 ) ) ;
#8084 = COLOUR_RGB ( '',0.0000000000000000000, 0.5019607843137254800, 0.0000000000000000000 ) ;
#8085 = ORIENTED_EDGE ( 'NONE', *, *, #3268, .T. ) ;
#8086 = ORIENTED_EDGE ( 'NONE', *, *, #1846, .T. ) ;
#8087 = UNCERTAINTY_MEASURE_WITH_UNIT (LENGTH_MEASURE( 1.000000000000000100E-005 ), #5127, 'distance_accuracy_value', 'NONE');
#8088 = EDGE_CURVE ( 'NONE', #3660, #8165, #5875, .T. ) ;
#8089 = CARTESIAN_POINT ( 'NONE',  ( 0.6828510705337107500, -0.5251123631161613800, 0.5300000000000000300 ) ) ;
#8090 = DIRECTION ( 'NONE',  ( -1.000000000000000000, -2.509086674839019700E-014, 0.0000000000000000000 ) ) ;
#8091 = DIRECTION ( 'NONE',  ( -0.3283461648125197100, 0.9445574604294381100, -0.0000000000000000000 ) ) ;
#8092 = CARTESIAN_POINT ( 'NONE',  ( 0.5248483113797827200, -0.4682536517513063400, 0.5400000000000000400 ) ) ;
#8093 = EDGE_CURVE ( 'NONE', #3709, #9242, #5522, .T. ) ;
#8094 = PRESENTATION_STYLE_ASSIGNMENT (( #654 ) ) ;
#8095 = DIRECTION ( 'NONE',  ( 0.0000000000000000000, 0.0000000000000000000, 1.000000000000000000 ) ) ;
#8096 = EDGE_LOOP ( 'NONE', ( #7020, #2314, #2853, #1798 ) ) ;
#8097 = VERTEX_POINT ( 'NONE', #4927 ) ;
#8098 = VECTOR ( 'NONE', #7325, 1000.000000000000000 ) ;
#8099 = VERTEX_POINT ( 'NONE', #7242 ) ;
#8100 = ADVANCED_FACE ( 'NONE', ( #3058 ), #457, .F. ) ;
#8101 = ORIENTED_EDGE ( 'NONE', *, *, #4760, .T. ) ;
#8102 =( NAMED_UNIT ( * ) SI_UNIT ( $, .STERADIAN. ) SOLID_ANGLE_UNIT ( ) );
#8103 = DIRECTION ( 'NONE',  ( 0.0000000000000000000, -1.000000000000000000, 0.0000000000000000000 ) ) ;
#8104 = EDGE_CURVE ( 'NONE', #5217, #4753, #8795, .T. ) ;
#8105 = VECTOR ( 'NONE', #2525, 1000.000000000000000 ) ;
#8106 = CARTESIAN_POINT ( 'NONE',  ( 0.7059287840335156700, -0.5081223912809971200, 0.5400000000000000400 ) ) ;
#8107 = AXIS2_PLACEMENT_3D ( 'NONE', #5055, #5817, #1318 ) ;
#8108 = CARTESIAN_POINT ( 'NONE',  ( 0.2514586197845931600, -0.4916281678223113900, 0.5300000000000000300 ) ) ;
#8109 = FACE_OUTER_BOUND ( 'NONE', #265, .T. ) ;
#8110 = EDGE_CURVE ( 'NONE', #3979, #87, #6021, .T. ) ;
#8111 = LINE ( 'NONE', #7294, #4107 ) ;
#8112 = CARTESIAN_POINT ( 'NONE',  ( 0.5085148607043181700, -0.4814238641112301700, 0.5300000000000000300 ) ) ;
#8113 = EDGE_LOOP ( 'NONE', ( #6602, #2106, #8970, #760 ) ) ;
#8114 = DIRECTION ( 'NONE',  ( 1.000000000000000000, 0.0000000000000000000, 0.0000000000000000000 ) ) ;
#8115 = ORIENTED_EDGE ( 'NONE', *, *, #5218, .F. ) ;
#8116 = CARTESIAN_POINT ( 'NONE',  ( 0.5943798705892429100, -0.4695269049100720400, 0.5300000000000000300 ) ) ;
#8117 = PRESENTATION_STYLE_ASSIGNMENT (( #4400 ) ) ;
#8118 = LINE ( 'NONE', #135, #6133 ) ;
#8119 = DIRECTION ( 'NONE',  ( -1.000000000000000000, 0.0000000000000000000, -0.0000000000000000000 ) ) ;
#8120 = STYLED_ITEM ( 'NONE', ( #2411 ), #1710 ) ;
#8121 = ORIENTED_EDGE ( 'NONE', *, *, #5826, .T. ) ;
#8122 = ORIENTED_EDGE ( 'NONE', *, *, #1228, .T. ) ;
#8123 =( GEOMETRIC_REPRESENTATION_CONTEXT ( 3 ) GLOBAL_UNCERTAINTY_ASSIGNED_CONTEXT ( ( #2558 ) ) GLOBAL_UNIT_ASSIGNED_CONTEXT ( ( #8191, #3698, #8124 ) ) REPRESENTATION_CONTEXT ( 'NONE', 'WORKASPACE' ) );
#8124 =( NAMED_UNIT ( * ) SI_UNIT ( $, .STERADIAN. ) SOLID_ANGLE_UNIT ( ) );
#8125 = FACE_OUTER_BOUND ( 'NONE', #3222, .T. ) ;
#8126 = CARTESIAN_POINT ( 'NONE',  ( 0.4735003988421937500, -0.3315778830052764100, 0.5400000000000000400 ) ) ;
#8127 = VERTEX_POINT ( 'NONE', #7270 ) ;
#8128 = DIRECTION ( 'NONE',  ( -0.0000000000000000000, -0.0000000000000000000, -1.000000000000000000 ) ) ;
#8129 = CARTESIAN_POINT ( 'NONE',  ( 0.2409450532897411100, -0.3317111053644402100, 0.5300000000000000300 ) ) ;
#8130 = EDGE_LOOP ( 'NONE', ( #45, #1814, #3482, #3100 ) ) ;
#8131 = CARTESIAN_POINT ( 'NONE',  ( 0.6665773035994542200, -0.3337662868712928900, 0.5300000000000000300 ) ) ;
#8132 = FILL_AREA_STYLE ('',( #6621 ) ) ;
#8133 = FACE_OUTER_BOUND ( 'NONE', #6492, .T. ) ;
#8134 = CYLINDRICAL_SURFACE ( 'NONE', #7281, 0.1249999999999999700 ) ;
#8135 = ORIENTED_EDGE ( 'NONE', *, *, #3989, .T. ) ;
#8136 = DIRECTION ( 'NONE',  ( -0.3416038306902292600, 0.9398440417738259700, 0.0000000000000000000 ) ) ;
#8137 = EDGE_CURVE ( 'NONE', #3457, #1664, #3297, .T. ) ;
#8138 = LINE ( 'NONE', #6334, #5893 ) ;
#8139 = ORIENTED_EDGE ( 'NONE', *, *, #8441, .T. ) ;
#8140 = SURFACE_STYLE_FILL_AREA ( #8893 ) ;
#8141 = EDGE_LOOP ( 'NONE', ( #8365, #367, #4691, #643 ) ) ;
#8142 = VERTEX_POINT ( 'NONE', #3508 ) ;
#8143 = ORIENTED_EDGE ( 'NONE', *, *, #6172, .F. ) ;
#8144 = DIRECTION ( 'NONE',  ( -1.000000000000000000, 0.0000000000000000000, 0.0000000000000000000 ) ) ;
#8145 = LINE ( 'NONE', #161, #4364 ) ;
#8146 = ORIENTED_EDGE ( 'NONE', *, *, #1769, .F. ) ;
#8147 = CARTESIAN_POINT ( 'NONE',  ( 0.5664478794218689200, -0.5113055241776516300, 0.5400000000000000400 ) ) ;
#8148 = COLOUR_RGB ( '',0.6666666666666666300, 0.6666666666666666300, 0.6666666666666666300 ) ;
#8149 = UNCERTAINTY_MEASURE_WITH_UNIT (LENGTH_MEASURE( 1.000000000000000100E-005 ), #6202, 'distance_accuracy_value', 'NONE');
#8150 = EDGE_CURVE ( 'NONE', #2123, #8623, #6824, .T. ) ;
#8151 = CARTESIAN_POINT ( 'NONE',  ( 0.4373121567242079800, -0.3416047516291759200, 0.5400000000000000400 ) ) ;
#8152 = EDGE_LOOP ( 'NONE', ( #2138, #5542 ) ) ;
#8153 = FACE_OUTER_BOUND ( 'NONE', #9090, .T. ) ;
#8154 = EDGE_CURVE ( 'NONE', #6059, #2806, #1714, .T. ) ;
#8155 = ADVANCED_FACE ( 'NONE', ( #831 ), #3129, .F. ) ;
#8156 = CARTESIAN_POINT ( 'NONE',  ( 0.5106435808288617400, -0.4888246480952716000, 0.5400000000000000400 ) ) ;
#8157 = CARTESIAN_POINT ( 'NONE',  ( 0.4918432021587133000, -0.3256890871464422900, 0.5300000000000000300 ) ) ;
#8158 = VECTOR ( 'NONE', #5753, 1000.000000000000000 ) ;
#8159 = VECTOR ( 'NONE', #2386, 1000.000000000000000 ) ;
#8160 = CARTESIAN_POINT ( 'NONE',  ( -0.6499999999999999100, 0.4704525540507067900, 0.5099999999999999000 ) ) ;
#8161 = VERTEX_POINT ( 'NONE', #5758 ) ;
#8162 = VERTEX_POINT ( 'NONE', #5789 ) ;
#8163 = CARTESIAN_POINT ( 'NONE',  ( 0.1662433066272454600, -0.3361378739537001500, 0.5300000000000000300 ) ) ;
#8164 = EDGE_LOOP ( 'NONE', ( #5334, #6607, #1180, #5565 ) ) ;
#8165 = VERTEX_POINT ( 'NONE', #1284 ) ;
#8166 = VERTEX_POINT ( 'NONE', #6568 ) ;
#8167 = CARTESIAN_POINT ( 'NONE',  ( 0.5485626514592382200, -0.5429379073373147300, 0.5300000000000000300 ) ) ;
#8168 = DIRECTION ( 'NONE',  ( -0.0000000000000000000, -0.0000000000000000000, -1.000000000000000000 ) ) ;
#8169 = CARTESIAN_POINT ( 'NONE',  ( 0.1313824957396187200, -0.3361378739537001500, 0.5400000000000000400 ) ) ;
#8170 = PRESENTATION_LAYER_ASSIGNMENT (  '', '', ( #7175 ) ) ;
#8171 = CARTESIAN_POINT ( 'NONE',  ( 0.03233352579309933100, -0.3809588923993698100, 0.5400000000000000400 ) ) ;
#8172 = VERTEX_POINT ( 'NONE', #2018 ) ;
#8173 = EDGE_CURVE ( 'NONE', #4141, #7263, #4793, .T. ) ;
#8174 = CARTESIAN_POINT ( 'NONE',  ( 0.4272256043582997600, -0.4900581120928790800, 0.5300000000000000300 ) ) ;
#8175 = CARTESIAN_POINT ( 'NONE',  ( 0.7016912383650133500, -0.4016465958906835200, 0.5400000000000000400 ) ) ;
#8176 = CARTESIAN_POINT ( 'NONE',  ( 0.4448124136116833900, -0.3339652326776322300, 0.5300000000000000300 ) ) ;
#8177 = DIRECTION ( 'NONE',  ( -0.0000000000000000000, -0.0000000000000000000, -1.000000000000000000 ) ) ;
#8178 = CARTESIAN_POINT ( 'NONE',  ( 0.5244305251873192500, -0.4761716948315121700, 0.5400000000000000400 ) ) ;
#8179 = DIRECTION ( 'NONE',  ( -0.0000000000000000000, -0.0000000000000000000, -1.000000000000000000 ) ) ;
#8180 = CARTESIAN_POINT ( 'NONE',  ( 0.5248483113797827200, -0.4682536517513063400, 0.5300000000000000300 ) ) ;
#8181 = ORIENTED_EDGE ( 'NONE', *, *, #8104, .T. ) ;
#8182 = LINE ( 'NONE', #106, #4175 ) ;
#8183 = PRESENTATION_LAYER_ASSIGNMENT (  '', '', ( #7713 ) ) ;
#8184 = CARTESIAN_POINT ( 'NONE',  ( 0.5259425133130581900, -0.5109474217266660700, 0.5400000000000000400 ) ) ;
#8185 = FACE_OUTER_BOUND ( 'NONE', #2249, .T. ) ;
#8186 = CARTESIAN_POINT ( 'NONE',  ( 0.4303888426743730000, -0.4016465958906849100, 0.5300000000000000300 ) ) ;
#8187 =( NAMED_UNIT ( * ) PLANE_ANGLE_UNIT ( ) SI_UNIT ( $, .RADIAN. ) );
#8188 = MECHANICAL_DESIGN_GEOMETRIC_PRESENTATION_REPRESENTATION (  '', ( #6672 ), #8678 ) ;
#8189 = DIRECTION ( 'NONE',  ( -0.0000000000000000000, 1.000000000000000000, -0.0000000000000000000 ) ) ;
#8190 = CARTESIAN_POINT ( 'NONE',  ( 0.4869889244914104600, -0.3235802616022175900, 0.5300000000000000300 ) ) ;
#8191 =( LENGTH_UNIT ( ) NAMED_UNIT ( * ) SI_UNIT ( .MILLI., .METRE. ) );
#8192 = CARTESIAN_POINT ( 'NONE',  ( 0.4468416608333230000, -0.3460213485234352500, 0.5400000000000000400 ) ) ;
#8193 = CARTESIAN_POINT ( 'NONE',  ( 0.4918432021587133000, -0.3361934257048131400, 0.5300000000000000300 ) ) ;
#8194 = CARTESIAN_POINT ( 'NONE',  ( 0.4435590550337630800, -0.3923359321682266500, 0.5400000000000000400 ) ) ;
#8195 =( GEOMETRIC_REPRESENTATION_CONTEXT ( 3 ) GLOBAL_UNCERTAINTY_ASSIGNED_CONTEXT ( ( #9257 ) ) GLOBAL_UNIT_ASSIGNED_CONTEXT ( ( #9295, #4029, #3284 ) ) REPRESENTATION_CONTEXT ( 'NONE', 'WORKASPACE' ) );
#8196 = CARTESIAN_POINT ( 'NONE',  ( 0.5452999402402571900, -0.3576795727570894500, 0.5400000000000000400 ) ) ;
#8197 = CARTESIAN_POINT ( 'NONE',  ( 0.4754500677412452100, -0.5165179042956770100, 0.5400000000000000400 ) ) ;
#8198 =( NAMED_UNIT ( * ) SI_UNIT ( $, .STERADIAN. ) SOLID_ANGLE_UNIT ( ) );
#8199 = VECTOR ( 'NONE', #2672, 999.9999999999998900 ) ;
#8200 = ADVANCED_FACE ( 'NONE', ( #582 ), #3144, .F. ) ;
#8201 =( NAMED_UNIT ( * ) PLANE_ANGLE_UNIT ( ) SI_UNIT ( $, .RADIAN. ) );
#8202 = CARTESIAN_POINT ( 'NONE',  ( 0.4448124136116833900, -0.3339652326776322300, 0.5300000000000000300 ) ) ;
#8203 = CARTESIAN_POINT ( 'NONE',  ( 0.6029345402490949900, -0.3900679499793545100, 0.5300000000000000300 ) ) ;
#8204 = CARTESIAN_POINT ( 'NONE',  ( 0.4441161032908241300, -0.3636081577765559200, 0.5300000000000000300 ) ) ;
#8205 = CARTESIAN_POINT ( 'NONE',  ( 0.06664098829816170200, -0.3477581477676581200, 0.5400000000000000400 ) ) ;
#8206 = ORIENTED_EDGE ( 'NONE', *, *, #1875, .F. ) ;
#8207 = EDGE_CURVE ( 'NONE', #273, #8971, #8351, .T. ) ;
#8208 = CARTESIAN_POINT ( 'NONE',  ( 0.7291258650168087600, -0.5251123631161613800, 0.5400000000000000400 ) ) ;
#8209 = FACE_OUTER_BOUND ( 'NONE', #4932, .T. ) ;
#8210 = EDGE_CURVE ( 'NONE', #9328, #4965, #6585, .T. ) ;
#8211 = CARTESIAN_POINT ( 'NONE',  ( 0.5174674219760517800, -0.3927736129415362900, 0.5300000000000000300 ) ) ;
#8212 = PRESENTATION_STYLE_ASSIGNMENT (( #3983 ) ) ;
#8213 = EDGE_LOOP ( 'NONE', ( #6268, #9243, #3343, #3573 ) ) ;
#8214 = DIRECTION ( 'NONE',  ( -0.2524218971879139100, 0.9676172723861713500, -0.0000000000000000000 ) ) ;
#8215 = CARTESIAN_POINT ( 'NONE',  ( 0.2912995555594620800, -0.4246732774053714200, 0.5400000000000000400 ) ) ;
#8216 = ORIENTED_EDGE ( 'NONE', *, *, #7411, .T. ) ;
#8217 = LINE ( 'NONE', #4458, #693 ) ;
#8218 = UNCERTAINTY_MEASURE_WITH_UNIT (LENGTH_MEASURE( 1.000000000000000100E-005 ), #4548, 'distance_accuracy_value', 'NONE');
#8219 = VERTEX_POINT ( 'NONE', #8842 ) ;
#8220 = CARTESIAN_POINT ( 'NONE',  ( 0.7695118636426638800, -0.4472847637951944400, 0.5300000000000000300 ) ) ;
#8221 = CARTESIAN_POINT ( 'NONE',  ( 0.3993930860938300600, -0.3238189965697173000, 0.5400000000000000400 ) ) ;
#8222 = DIRECTION ( 'NONE',  ( -0.0000000000000000000, -1.000000000000000000, -0.0000000000000000000 ) ) ;
#8223 = VECTOR ( 'NONE', #4777, 1000.000000000000000 ) ;
#8224 = CARTESIAN_POINT ( 'NONE',  ( 0.6836468537574730300, -0.4472847637951944400, 0.5300000000000000300 ) ) ;
#8225 = MECHANICAL_DESIGN_GEOMETRIC_PRESENTATION_REPRESENTATION (  '', ( #6711 ), #8724 ) ;
#8226 = FILL_AREA_STYLE ('',( #700 ) ) ;
#8227 = VECTOR ( 'NONE', #746, 1000.000000000000000 ) ;
#8228 = DIRECTION ( 'NONE',  ( -0.0000000000000000000, -0.0000000000000000000, 1.000000000000000000 ) ) ;
#8229 = CARTESIAN_POINT ( 'NONE',  ( 0.4581616771968354300, -0.5264254054360929500, 0.5400000000000000400 ) ) ;
#8230 = ORIENTED_EDGE ( 'NONE', *, *, #6926, .T. ) ;
#8231 = CARTESIAN_POINT ( 'NONE',  ( 0.7640408539765581900, -0.4572320540973008900, 0.5400000000000000400 ) ) ;
#8232 = EDGE_CURVE ( 'NONE', #8606, #4047, #4578, .T. ) ;
#8233 = EDGE_LOOP ( 'NONE', ( #3692, #3594, #3214, #3312 ) ) ;
#8234 = CARTESIAN_POINT ( 'NONE',  ( 0.5452999402402571900, -0.3576795727570894500, 0.5300000000000000300 ) ) ;
#8235 = ORIENTED_EDGE ( 'NONE', *, *, #3681, .F. ) ;
#8236 = B_SPLINE_CURVE_WITH_KNOTS ( 'NONE', 3,
 ( #3858, #9109, #5361, #8357 ),
 .UNSPECIFIED., .F., .F.,
 ( 4, 4 ),
 ( 6.000000000000000000, 7.000000000000000000 ),
 .UNSPECIFIED. ) ;
#8237 = FACE_OUTER_BOUND ( 'NONE', #9417, .T. ) ;
#8238 = CYLINDRICAL_SURFACE ( 'NONE', #3509, 0.1250000000000000000 ) ;
#8239 = EDGE_LOOP ( 'NONE', ( #723, #8947, #4434, #293, #6510, #3336, #8586, #1836, #6731, #5461, #4968, #2376, #5533, #7210, #46, #4702, #6934, #3588, #4905, #7706, #8061, #2065, #2837, #8833, #7284, #8053, #3010, #7574, #6742, #9536, #1157, #7085, #9228 ) ) ;
#8240 = CARTESIAN_POINT ( 'NONE',  ( 0.5134487166939432100, -0.4768481105723250100, 0.5400000000000000400 ) ) ;
#8241 = CARTESIAN_POINT ( 'NONE',  ( 0.2481385505984884100, -0.4053061579003669500, 0.5300000000000000300 ) ) ;
#8242 = CARTESIAN_POINT ( 'NONE',  ( 0.5842734236430170400, -0.4695269049100720400, 0.5300000000000000300 ) ) ;
#8243 = ORIENTED_EDGE ( 'NONE', *, *, #4679, .T. ) ;
#8244 = DIRECTION ( 'NONE',  ( 0.0000000000000000000, 0.0000000000000000000, -1.000000000000000000 ) ) ;
#8245 = DIRECTION ( 'NONE',  ( -0.0000000000000000000, -1.000000000000000000, -0.0000000000000000000 ) ) ;
#8246 = STYLED_ITEM ( 'NONE', ( #192 ), #6404 ) ;
#8247 = FACE_BOUND ( 'NONE', #7299, .T. ) ;
#8248 = EDGE_CURVE ( 'NONE', #1086, #6724, #363, .T. ) ;
#8249 = CARTESIAN_POINT ( 'NONE',  ( 0.4869889244914104600, -0.3235802616022175900, 0.5300000000000000300 ) ) ;
#8250 = ORIENTED_EDGE ( 'NONE', *, *, #1016, .T. ) ;
#8251 = VECTOR ( 'NONE', #4880, 1000.000000000000000 ) ;
#8252 = ORIENTED_EDGE ( 'NONE', *, *, #1875, .T. ) ;
#8253 = CARTESIAN_POINT ( 'NONE',  ( 0.4441161032908241300, -0.3636081577765559200, 0.5300000000000000300 ) ) ;
#8254 = DIRECTION ( 'NONE',  ( 0.0000000000000000000, 0.0000000000000000000, 1.000000000000000000 ) ) ;
#8255 = ADVANCED_FACE ( 'NONE', ( #4317 ), #7181, .T. ) ;
#8256 = FACE_OUTER_BOUND ( 'NONE', #8587, .T. ) ;
#8257 = CARTESIAN_POINT ( 'NONE',  ( 0.5585497309222428000, -0.5350994425794315400, 0.5400000000000000400 ) ) ;
#8258 = ORIENTED_EDGE ( 'NONE', *, *, #1006, .T. ) ;
#8259 = CARTESIAN_POINT ( 'NONE',  ( 0.4459662992867030600, -0.4828960630758074000, 0.5400000000000000400 ) ) ;
#8260 = AXIS2_PLACEMENT_3D ( 'NONE', #137, #4600, #9107 ) ;
#8261 = VECTOR ( 'NONE', #4644, 1000.000000000000000 ) ;
#8262 = VERTEX_POINT ( 'NONE', #2117 ) ;
#8263 = ORIENTED_EDGE ( 'NONE', *, *, #4984, .F. ) ;
#8264 = FILL_AREA_STYLE_COLOUR ( '', #651 ) ;
#8265 = CARTESIAN_POINT ( 'NONE',  ( 0.5977022655499615300, -0.4016465958906835200, 0.5300000000000000300 ) ) ;
#8266 = DIRECTION ( 'NONE',  ( -0.0000000000000000000, -0.0000000000000000000, -1.000000000000000000 ) ) ;
#8267 = LINE ( 'NONE', #2150, #979 ) ;
#8268 = CARTESIAN_POINT ( 'NONE',  ( 0.7130709384700055800, -0.5142101329456405500, 0.5400000000000000400 ) ) ;
#8269 = CARTESIAN_POINT ( 'NONE',  ( 0.3993930860938300600, -0.4811453399825681400, 0.5300000000000000300 ) ) ;
#8270 = VERTEX_POINT ( 'NONE', #2898 ) ;
#8271 = FILL_AREA_STYLE_COLOUR ( '', #6236 ) ;
#8272 = ORIENTED_EDGE ( 'NONE', *, *, #1046, .T. ) ;
#8273 = VERTEX_POINT ( 'NONE', #1381 ) ;
#8274 = EDGE_CURVE ( 'NONE', #6349, #6051, #1386, .T. ) ;
#8275 = COLOUR_RGB ( '',0.6666666666666666300, 0.6666666666666666300, 0.6666666666666666300 ) ;
#8276 = DIRECTION ( 'NONE',  ( -0.0000000000000000000, -0.0000000000000000000, -1.000000000000000000 ) ) ;
#8277 = CARTESIAN_POINT ( 'NONE',  ( 0.5296826944665049600, -0.5220088085423639800, 0.5300000000000000300 ) ) ;
#8278 = CARTESIAN_POINT ( 'NONE',  ( 0.7248087410265148200, -0.4852038344258363700, 0.5300000000000000300 ) ) ;
#8279 = EDGE_LOOP ( 'NONE', ( #7475, #2539, #4602, #9445 ) ) ;
#8280 = CARTESIAN_POINT ( 'NONE',  ( 0.5174674219760517800, -0.3665923448673997800, 0.5400000000000000400 ) ) ;
#8281 =( GEOMETRIC_REPRESENTATION_CONTEXT ( 3 ) GLOBAL_UNCERTAINTY_ASSIGNED_CONTEXT ( ( #7086 ) ) GLOBAL_UNIT_ASSIGNED_CONTEXT ( ( #4787, #333, #5555 ) ) REPRESENTATION_CONTEXT ( 'NONE', 'WORKASPACE' ) );
#8282 = CARTESIAN_POINT ( 'NONE',  ( -0.5999999999999999800, 5.421010862427522200E-017, -0.02000000000000000000 ) ) ;
#8283 = FACE_OUTER_BOUND ( 'NONE', #8686, .T. ) ;
#8284 = CARTESIAN_POINT ( 'NONE',  ( 0.1662433066272454600, -0.3361378739537001500, 0.5400000000000000400 ) ) ;
#8285 = ORIENTED_EDGE ( 'NONE', *, *, #7701, .F. ) ;
#8286 = ORIENTED_EDGE ( 'NONE', *, *, #2464, .F. ) ;
#8287 = ORIENTED_EDGE ( 'NONE', *, *, #4569, .F. ) ;
#8288 = VECTOR ( 'NONE', #8764, 1000.000000000000000 ) ;
#8289 = ADVANCED_FACE ( 'NONE', ( #3174 ), #4405, .F. ) ;
#8290 = DIRECTION ( 'NONE',  ( -1.000000000000000000, 0.0000000000000000000, 0.0000000000000000000 ) ) ;
#8291 = CARTESIAN_POINT ( 'NONE',  ( 0.2254513407988977800, -0.4916281678223113900, 0.5300000000000000300 ) ) ;
#8292 = EDGE_CURVE ( 'NONE', #1232, #7581, #1159, .T. ) ;
#8293 = CARTESIAN_POINT ( 'NONE',  ( 0.4918432021587133000, -0.3256890871464422900, 0.5400000000000000400 ) ) ;
#8294 = ORIENTED_EDGE ( 'NONE', *, *, #4557, .F. ) ;
#8295 = EDGE_CURVE ( 'NONE', #9582, #594, #3405, .T. ) ;
#8296 = CARTESIAN_POINT ( 'NONE',  ( 0.5690938586423047700, -0.5113851024999749300, 0.5400000000000000400 ) ) ;
#8297 = ORIENTED_EDGE ( 'NONE', *, *, #8774, .F. ) ;
#8298 = ORIENTED_EDGE ( 'NONE', *, *, #5237, .F. ) ;
#8299 =( NAMED_UNIT ( * ) SI_UNIT ( $, .STERADIAN. ) SOLID_ANGLE_UNIT ( ) );
#8300 = ORIENTED_EDGE ( 'NONE', *, *, #674, .F. ) ;
#8301 = VECTOR ( 'NONE', #3460, 1000.000000000000000 ) ;
#8302 = SURFACE_SIDE_STYLE ('',( #287 ) ) ;
#8303 = CARTESIAN_POINT ( 'NONE',  ( 0.1092486554310766500, -0.4506805247283358100, 0.5300000000000000300 ) ) ;
#8304 = CARTESIAN_POINT ( 'NONE',  ( 0.6534269858206459600, -0.3715659900179227900, 0.5400000000000000400 ) ) ;
#8305 = CARTESIAN_POINT ( 'NONE',  ( 0.6273451906494143000, -0.3501992104501911500, 0.5400000000000000400 ) ) ;
#8306 = CARTESIAN_POINT ( 'NONE',  ( 0.5853278364148646300, -0.3927736129415362900, 0.5400000000000000400 ) ) ;
#8307 = VERTEX_POINT ( 'NONE', #3706 ) ;
#8308 = PLANE ( 'NONE',  #5406 ) ;
#8309 = ORIENTED_EDGE ( 'NONE', *, *, #1625, .T. ) ;
#8310 = CARTESIAN_POINT ( 'NONE',  ( 0.7142447187253383500, -0.4757738032193628600, 0.5400000000000000400 ) ) ;
#8311 = DIRECTION ( 'NONE',  ( -1.000000000000000000, 0.0000000000000000000, 0.0000000000000000000 ) ) ;
#8312 = AXIS2_PLACEMENT_3D ( 'NONE', #7615, #8382, #3877 ) ;
#8313 = ADVANCED_FACE ( 'NONE', ( #4906 ), #6683, .F. ) ;
#8314 = EDGE_CURVE ( 'NONE', #761, #573, #7094, .T. ) ;
#8315 = APPLICATION_PROTOCOL_DEFINITION ( 'draft international standard', 'automotive_design', 1998, #3049 ) ;
#8316 =( LENGTH_UNIT ( ) NAMED_UNIT ( * ) SI_UNIT ( .MILLI., .METRE. ) );
#8317 = ORIENTED_EDGE ( 'NONE', *, *, #9169, .T. ) ;
#8318 = CARTESIAN_POINT ( 'NONE',  ( 0.6273451906494143000, -0.3617380671998308700, 0.5300000000000000300 ) ) ;
#8319 = CARTESIAN_POINT ( 'NONE',  ( 0.6048842091481451100, -0.4472847637951952700, 0.5400000000000000400 ) ) ;
#8320 = CARTESIAN_POINT ( 'NONE',  ( 0.07494118237177233000, -0.3488648392551344000, 0.5300000000000000300 ) ) ;
#8321 = LINE ( 'NONE', #8293, #337 ) ;
#8322 = CARTESIAN_POINT ( 'NONE',  ( 0.2741458295839214700, -0.5237222473521536700, 0.5300000000000000300 ) ) ;
#8323 = DIRECTION ( 'NONE',  ( 0.0000000000000000000, 0.0000000000000000000, 1.000000000000000000 ) ) ;
#8324 = DIRECTION ( 'NONE',  ( -0.0000000000000000000, -0.0000000000000000000, -1.000000000000000000 ) ) ;
#8325 = B_SPLINE_CURVE_WITH_KNOTS ( 'NONE', 3,
 ( #8007, #8719, #2823, #7358 ),
 .UNSPECIFIED., .F., .F.,
 ( 4, 4 ),
 ( 3.000000000000000000, 4.000000000000000000 ),
 .UNSPECIFIED. ) ;
#8326 = ORIENTED_EDGE ( 'NONE', *, *, #6560, .F. ) ;
#8327 = DIRECTION ( 'NONE',  ( -0.0000000000000000000, -0.0000000000000000000, -1.000000000000000000 ) ) ;
#8328 = AXIS2_PLACEMENT_3D ( 'NONE', #1552, #809, #122 ) ;
#8329 = VECTOR ( 'NONE', #5271, 1000.000000000000000 ) ;
#8330 = SURFACE_SIDE_STYLE ('',( #4019 ) ) ;
#8331 = CARTESIAN_POINT ( 'NONE',  ( 0.4312045204789852800, -0.5162393801670129800, 0.5400000000000000400 ) ) ;
#8332 = CARTESIAN_POINT ( 'NONE',  ( 0.7991547887415855200, -0.5251123631161613800, 0.5400000000000000400 ) ) ;
#8333 = FACE_BOUND ( 'NONE', #5423, .T. ) ;
#8334 = CARTESIAN_POINT ( 'NONE',  ( 0.5201134011962291700, -0.4682536517513063400, 0.5400000000000000400 ) ) ;
#8335 = ADVANCED_FACE ( 'NONE', ( #2919 ), #1459, .F. ) ;
#8336 = EDGE_CURVE ( 'NONE', #1623, #1462, #2546, .T. ) ;
#8337 = CARTESIAN_POINT ( 'NONE',  ( 0.1479828838871060400, -0.5065685002683939500, 0.5300000000000000300 ) ) ;
#8338 = CARTESIAN_POINT ( 'NONE',  ( 0.4441161032908241300, -0.3538200241196264900, 0.5300000000000000300 ) ) ;
#8339 = CARTESIAN_POINT ( 'NONE',  ( 0.4918432021587133000, -0.3256890871464422900, 0.5400000000000000400 ) ) ;
#8340 = ORIENTED_EDGE ( 'NONE', *, *, #6320, .T. ) ;
#8341 = EDGE_LOOP ( 'NONE', ( #1128, #7130, #8298, #7255 ) ) ;
#8342 = CARTESIAN_POINT ( 'NONE',  ( 0.4504226853421224300, -0.5064114573489232300, 0.5300000000000000300 ) ) ;
#8343 = CARTESIAN_POINT ( 'NONE',  ( 0.7016912383650133500, -0.4016465958906835200, 0.5400000000000000400 ) ) ;
#8344 = CARTESIAN_POINT ( 'NONE',  ( 0.5106435808288617400, -0.4888246480952716000, 0.5300000000000000300 ) ) ;
#8345 = VECTOR ( 'NONE', #1362, 1000.000000000000000 ) ;
#8346 = CARTESIAN_POINT ( 'NONE',  ( 0.5690938586423047700, -0.5113851024999749300, 0.5300000000000000300 ) ) ;
#8347 = VERTEX_POINT ( 'NONE', #6717 ) ;
#8348 = EDGE_CURVE ( 'NONE', #1658, #6160, #8908, .T. ) ;
#8349 = CARTESIAN_POINT ( 'NONE',  ( 0.5430319580516553800, -0.5504978479665310100, 0.5300000000000000300 ) ) ;
#8350 = ORIENTED_EDGE ( 'NONE', *, *, #3853, .T. ) ;
#8351 = LINE ( 'NONE', #2044, #2576 ) ;
#8352 = EDGE_CURVE ( 'NONE', #6891, #761, #5397, .T. ) ;
#8353 = ORIENTED_EDGE ( 'NONE', *, *, #6529, .F. ) ;
#8354 = ORIENTED_EDGE ( 'NONE', *, *, #2520, .T. ) ;
#8355 = CARTESIAN_POINT ( 'NONE',  ( 0.2000000000000000900, 5.421010862427522200E-017, -0.02000000000000000000 ) ) ;
#8356 = LINE ( 'NONE', #1742, #8105 ) ;
#8357 = CARTESIAN_POINT ( 'NONE',  ( 0.4984680974995734900, -0.4845274186850290200, 0.5300000000000000300 ) ) ;
#8358 = FILL_AREA_STYLE_COLOUR ( '', #3094 ) ;
#8359 = ADVANCED_FACE ( 'NONE', ( #4687 ), #4515, .F. ) ;
#8360 = FACE_OUTER_BOUND ( 'NONE', #8628, .T. ) ;
#8361 = B_SPLINE_CURVE_WITH_KNOTS ( 'NONE', 3,
 ( #9114, #4605, #141, #5362 ),
 .UNSPECIFIED., .F., .F.,
 ( 4, 4 ),
 ( 4.000000000000000000, 5.000000000000000000 ),
 .UNSPECIFIED. ) ;
#8362 = LINE ( 'NONE', #4247, #592 ) ;
#8363 = CARTESIAN_POINT ( 'NONE',  ( 0.09209491890129167800, -0.3892590864732475800, 0.5300000000000000300 ) ) ;
#8364 = ORIENTED_EDGE ( 'NONE', *, *, #416, .T. ) ;
#8365 = ORIENTED_EDGE ( 'NONE', *, *, #5905, .F. ) ;
#8366 = ORIENTED_EDGE ( 'NONE', *, *, #816, .F. ) ;
#8367 = VECTOR ( 'NONE', #4425, 1000.000000000000000 ) ;
#8368 = CARTESIAN_POINT ( 'NONE',  ( 0.4754500677412452100, -0.4972201611099502600, 0.5300000000000000300 ) ) ;
#8369 = CARTESIAN_POINT ( 'NONE',  ( 0.6029345402490949900, -0.3900679499793545100, 0.5300000000000000300 ) ) ;
#8370 = CARTESIAN_POINT ( 'NONE',  ( -0.1999999999999999300, -0.3999999999999999700, -0.02000000000000000000 ) ) ;
#8371 = EDGE_CURVE ( 'NONE', #3397, #2014, #7915, .T. ) ;
#8372 = VECTOR ( 'NONE', #8324, 1000.000000000000000 ) ;
#8373 = CARTESIAN_POINT ( 'NONE',  ( 0.1479828838871060400, -0.5370025452050524200, 0.5300000000000000300 ) ) ;
#8374 = ORIENTED_EDGE ( 'NONE', *, *, #3140, .F. ) ;
#8375 = CARTESIAN_POINT ( 'NONE',  ( 0.4685068591105593900, -0.5169157959078249900, 0.5400000000000000400 ) ) ;
#8376 = ORIENTED_EDGE ( 'NONE', *, *, #3048, .T. ) ;
#8377 = VERTEX_POINT ( 'NONE', #3802 ) ;
#8378 = CARTESIAN_POINT ( 'NONE',  ( -0.001420598883641920400, -0.3743187698585325200, 0.5300000000000000300 ) ) ;
#8379 = VECTOR ( 'NONE', #4187, 1000.000000000000000 ) ;
#8380 = CARTESIAN_POINT ( 'NONE',  ( 0.4984680974995734900, -0.4879492865491825100, 0.5300000000000000300 ) ) ;
#8381 = CARTESIAN_POINT ( 'NONE',  ( 0.5047149958091294900, -0.4726702486455662300, 0.5300000000000000300 ) ) ;
#8382 = DIRECTION ( 'NONE',  ( 0.0000000000000000000, 0.0000000000000000000, -1.000000000000000000 ) ) ;
#8383 = CARTESIAN_POINT ( 'NONE',  ( 0.7630063357852903100, -0.4614099160240596200, 0.5300000000000000300 ) ) ;
#8384 = AXIS2_PLACEMENT_3D ( 'NONE', #7773, #5491, #248 ) ;
#8385 = EDGE_CURVE ( 'NONE', #2708, #9363, #8467, .T. ) ;
#8386 = ADVANCED_FACE ( 'NONE', ( #4436 ), #4551, .F. ) ;
#8387 = DIRECTION ( 'NONE',  ( -0.0000000000000000000, -0.0000000000000000000, -1.000000000000000000 ) ) ;
#8388 = FACE_OUTER_BOUND ( 'NONE', #2372, .T. ) ;
#8389 = B_SPLINE_CURVE_WITH_KNOTS ( 'NONE', 3,
 ( #5807, #566, #2016, #2023 ),
 .UNSPECIFIED., .F., .F.,
 ( 4, 4 ),
 ( 1.000000000000000000, 2.000000000000000000 ),
 .UNSPECIFIED. ) ;
#8390 = VERTEX_POINT ( 'NONE', #9015 ) ;
#8391 = CARTESIAN_POINT ( 'NONE',  ( 0.6234259582707364400, -0.3834629492190774800, 0.5300000000000000300 ) ) ;
#8392 = VERTEX_POINT ( 'NONE', #6831 ) ;
#8393 = ORIENTED_EDGE ( 'NONE', *, *, #83, .F. ) ;
#8394 = DIRECTION ( 'NONE',  ( -1.000000000000000000, -0.0000000000000000000, -0.0000000000000000000 ) ) ;
#8395 = CARTESIAN_POINT ( 'NONE',  ( 0.6826521247273690300, -0.3803593946447457200, 0.5400000000000000400 ) ) ;
#8396 = AXIS2_PLACEMENT_3D ( 'NONE', #1807, #1993, #5709 ) ;
#8397 = CYLINDRICAL_SURFACE ( 'NONE', #7372, 0.1250000000000000000 ) ;
#8398 = STYLED_ITEM ( 'NONE', ( #8931 ), #7422 ) ;
#8399 = ORIENTED_EDGE ( 'NONE', *, *, #6647, .T. ) ;
#8400 = CARTESIAN_POINT ( 'NONE',  ( 0.4459662992867030600, -0.4734262427081687400, 0.5400000000000000400 ) ) ;
#8401 = CARTESIAN_POINT ( 'NONE',  ( 0.7142447187253383500, -0.4854823585539703200, 0.5400000000000000400 ) ) ;
#8402 = ORIENTED_EDGE ( 'NONE', *, *, #1564, .F. ) ;
#8403 = ORIENTED_EDGE ( 'NONE', *, *, #4421, .T. ) ;
#8404 = LINE ( 'NONE', #2084, #2125 ) ;
#8405 = CARTESIAN_POINT ( 'NONE',  ( 0.007432943572267011600, -0.4589807188022114200, 0.5400000000000000400 ) ) ;
#8406 = CARTESIAN_POINT ( 'NONE',  ( 0.09264825672961345100, -0.5619031274256207600, 0.5300000000000000300 ) ) ;
#8407 = CARTESIAN_POINT ( 'NONE',  ( 0.5468716121080069400, -0.5512936311908295300, 0.5300000000000000300 ) ) ;
#8408 = VECTOR ( 'NONE', #8114, 1000.000000000000000 ) ;
#8409 = CARTESIAN_POINT ( 'NONE',  ( 0.4716899920072152300, -0.4761716948315121700, 0.5300000000000000300 ) ) ;
#8410 = FACE_OUTER_BOUND ( 'NONE', #9212, .T. ) ;
#8411 = EDGE_CURVE ( 'NONE', #9162, #1658, #7543, .T. ) ;
#8412 = EDGE_LOOP ( 'NONE', ( #2248, #146, #889, #8748 ) ) ;
#8413 = ORIENTED_EDGE ( 'NONE', *, *, #3120, .F. ) ;
#8414 = ADVANCED_FACE ( 'NONE', ( #6465 ), #9630, .F. ) ;
#8415 = VERTEX_POINT ( 'NONE', #7603 ) ;
#8416 = EDGE_LOOP ( 'NONE', ( #8556, #1291, #9332, #3577 ) ) ;
#8417 = EDGE_CURVE ( 'NONE', #7235, #1455, #8217, .T. ) ;
#8418 = CARTESIAN_POINT ( 'NONE',  ( 0.5134885058553728700, -0.5264254054360929500, 0.5400000000000000400 ) ) ;
#8419 = CARTESIAN_POINT ( 'NONE',  ( 0.2060842424023816300, -0.4988216862395458700, 0.5300000000000000300 ) ) ;
#8420 = PLANE ( 'NONE',  #9314 ) ;
#8421 = CARTESIAN_POINT ( 'NONE',  ( 0.5085148607043181700, -0.4836520571384098600, 0.5400000000000000400 ) ) ;
#8422 = DIRECTION ( 'NONE',  ( 1.000000000000000000, 0.0000000000000000000, 0.0000000000000000000 ) ) ;
#8423 = ORIENTED_EDGE ( 'NONE', *, *, #386, .F. ) ;
#8424 = ORIENTED_EDGE ( 'NONE', *, *, #2264, .F. ) ;
#8425 = SURFACE_STYLE_FILL_AREA ( #3004 ) ;
#8426 = CARTESIAN_POINT ( 'NONE',  ( 0.6156073880934355100, -0.3907443657201645800, 0.5300000000000000300 ) ) ;
#8427 = DIRECTION ( 'NONE',  ( 0.0000000000000000000, -1.000000000000000000, 0.0000000000000000000 ) ) ;
#8428 = EDGE_CURVE ( 'NONE', #103, #3783, #2453, .T. ) ;
#8429 = CARTESIAN_POINT ( 'NONE',  ( 0.2514586197845931600, -0.4916281678223113900, 0.5400000000000000400 ) ) ;
#8430 = B_SPLINE_CURVE_WITH_KNOTS ( 'NONE', 3,
 ( #7256, #6488, #4222, #9500 ),
 .UNSPECIFIED., .F., .F.,
 ( 4, 4 ),
 ( 10.00000000000000000, 11.00000000000000000 ),
 .UNSPECIFIED. ) ;
#8431 = EDGE_CURVE ( 'NONE', #7927, #1391, #8680, .T. ) ;
#8432 = FACE_OUTER_BOUND ( 'NONE', #7180, .T. ) ;
#8433 =( NAMED_UNIT ( * ) SI_UNIT ( $, .STERADIAN. ) SOLID_ANGLE_UNIT ( ) );
#8434 = CARTESIAN_POINT ( 'NONE',  ( 0.5644584213616583600, -0.5453650461708330300, 0.5300000000000000300 ) ) ;
#8435 = ADVANCED_FACE ( 'NONE', ( #7992 ), #6746, .F. ) ;
#8436 = SURFACE_STYLE_USAGE ( .BOTH. , #3177 ) ;
#8437 = CARTESIAN_POINT ( 'NONE',  ( -0.02742788842358112900, -0.4595340882929978000, 0.5300000000000000300 ) ) ;
#8438 = DIRECTION ( 'NONE',  ( -0.0000000000000000000, -0.0000000000000000000, 1.000000000000000000 ) ) ;
#8439 = VECTOR ( 'NONE', #5583, 1000.000000000000000 ) ;
#8440 = STYLED_ITEM ( 'NONE', ( #4497 ), #6169 ) ;
#8441 = EDGE_CURVE ( 'NONE', #4568, #5209, #5977, .T. ) ;
#8442 = DIRECTION ( 'NONE',  ( 0.0000000000000000000, 0.0000000000000000000, 1.000000000000000000 ) ) ;
#8443 = CARTESIAN_POINT ( 'NONE',  ( -0.02742788842358112900, -0.4374002374296833700, 0.5400000000000000400 ) ) ;
#8444 = DIRECTION ( 'NONE',  ( 0.0000000000000000000, 0.0000000000000000000, -1.000000000000000000 ) ) ;
#8445 = CARTESIAN_POINT ( 'NONE',  ( 0.09928841621003974000, -0.3245176027785717200, 0.5400000000000000400 ) ) ;
#8446 = CARTESIAN_POINT ( 'NONE',  ( 0.5664478794218689200, -0.5113055241776516300, 0.5300000000000000300 ) ) ;
#8447 = DIRECTION ( 'NONE',  ( 0.0000000000000000000, -1.000000000000000000, 0.0000000000000000000 ) ) ;
#8448 = CARTESIAN_POINT ( 'NONE',  ( 0.5259425133130581900, -0.5087988070212776700, 0.5400000000000000400 ) ) ;
#8449 = B_SPLINE_CURVE_WITH_KNOTS ( 'NONE', 3,
 ( #9354, #1419, #7125, #2599 ),
 .UNSPECIFIED., .F., .F.,
 ( 4, 4 ),
 ( 3.000000000000000000, 4.000000000000000000 ),
 .UNSPECIFIED. ) ;
#8450 = AXIS2_PLACEMENT_3D ( 'NONE', #2172, #3749, #6679 ) ;
#8451 = CARTESIAN_POINT ( 'NONE',  ( 0.06830101233683673300, -0.5619031274256207600, 0.5300000000000000300 ) ) ;
#8452 = EDGE_LOOP ( 'NONE', ( #1047, #1869, #4055, #425 ) ) ;
#8453 = CARTESIAN_POINT ( 'NONE',  ( 0.4649656237631874000, -0.5184277840335637100, 0.5400000000000000400 ) ) ;
#8454 = AXIS2_PLACEMENT_3D ( 'NONE', #3780, #7467, #1434 ) ;
#8455 = ORIENTED_EDGE ( 'NONE', *, *, #1551, .F. ) ;
#8456 = CARTESIAN_POINT ( 'NONE',  ( 0.5027056431680758700, -0.5253113089225001100, 0.5400000000000000400 ) ) ;
#8457 = ADVANCED_FACE ( 'NONE', ( #254 ), #6441, .F. ) ;
#8458 = VECTOR ( 'NONE', #9195, 1000.000000000000000 ) ;
#8459 = CARTESIAN_POINT ( 'NONE',  ( 0.4734009259390251100, -0.3225059542497878400, 0.5400000000000000400 ) ) ;
#8460 = CARTESIAN_POINT ( 'NONE',  ( 0.4641897351197373800, -0.4761716948315121700, 0.5300000000000000300 ) ) ;
#8461 = LINE ( 'NONE', #6996, #929 ) ;
#8462 = CARTESIAN_POINT ( 'NONE',  ( 0.4405350787820243600, -0.4998462457498070700, 0.5400000000000000400 ) ) ;
#8463 = UNCERTAINTY_MEASURE_WITH_UNIT (LENGTH_MEASURE( 1.000000000000000100E-005 ), #1524, 'distance_accuracy_value', 'NONE');
#8464 = ORIENTED_EDGE ( 'NONE', *, *, #1049, .T. ) ;
#8465 = CARTESIAN_POINT ( 'NONE',  ( 0.5475082386873916200, -0.3327715578411892800, 0.5300000000000000300 ) ) ;
#8466 = EDGE_LOOP ( 'NONE', ( #3483, #8504, #1853, #2722 ) ) ;
#8467 = LINE ( 'NONE', #1522, #2676 ) ;
#8468 = EDGE_CURVE ( 'NONE', #2817, #3481, #6025, .T. ) ;
#8469 = DIRECTION ( 'NONE',  ( 1.000000000000000000, -0.0000000000000000000, -0.0000000000000000000 ) ) ;
#8470 = VERTEX_POINT ( 'NONE', #3789 ) ;
#8471 = DIRECTION ( 'NONE',  ( 0.0000000000000000000, 0.0000000000000000000, -1.000000000000000000 ) ) ;
#8472 = EDGE_LOOP ( 'NONE', ( #9127, #9643, #6189, #6745 ) ) ;
#8473 = DIRECTION ( 'NONE',  ( -0.0000000000000000000, -0.0000000000000000000, -1.000000000000000000 ) ) ;
#8474 = CARTESIAN_POINT ( 'NONE',  ( 0.6449717890642460100, -0.4562373250666672000, 0.5400000000000000400 ) ) ;
#8475 = VECTOR ( 'NONE', #8674, 1000.000000000000000 ) ;
#8476 = AXIS2_PLACEMENT_3D ( 'NONE', #7521, #5260, #786 ) ;
#8477 = ORIENTED_EDGE ( 'NONE', *, *, #4533, .F. ) ;
#8478 = CARTESIAN_POINT ( 'NONE',  ( 0.4754500677412452100, -0.5071276622508941200, 0.5300000000000000300 ) ) ;
#8479 = CARTESIAN_POINT ( 'NONE',  ( 0.4578632584878590800, -0.4682536517513063400, 0.5300000000000000300 ) ) ;
#8480 = ORIENTED_EDGE ( 'NONE', *, *, #6998, .F. ) ;
#8481 = DIRECTION ( 'NONE',  ( 1.000000000000000000, 2.228930984781729000E-014, -0.0000000000000000000 ) ) ;
#8482 = ORIENTED_EDGE ( 'NONE', *, *, #2310, .T. ) ;
#8483 = EDGE_CURVE ( 'NONE', #2840, #9618, #4862, .T. ) ;
#8484 = LINE ( 'NONE', #5695, #952 ) ;
#8485 = ADVANCED_FACE ( 'NONE', ( #65 ), #5059, .T. ) ;
#8486 = CARTESIAN_POINT ( 'NONE',  ( 0.6000000000000002000, -0.3999999999999999700, -0.02000000000000000000 ) ) ;
#8487 = EDGE_CURVE ( 'NONE', #8703, #8843, #3327, .T. ) ;
#8488 = CARTESIAN_POINT ( 'NONE',  ( 0.04727385823864965800, -0.5464094360435291000, 0.5300000000000000300 ) ) ;
#8489 = ORIENTED_EDGE ( 'NONE', *, *, #2134, .F. ) ;
#8490 = ORIENTED_EDGE ( 'NONE', *, *, #6592, .F. ) ;
#8491 = PLANE ( 'NONE',  #1621 ) ;
#8492 = FACE_BOUND ( 'NONE', #7019, .T. ) ;
#8493 = CARTESIAN_POINT ( 'NONE',  ( 0.06221422234719555700, -0.3477581477676581200, 0.5400000000000000400 ) ) ;
#8494 = ORIENTED_EDGE ( 'NONE', *, *, #4573, .F. ) ;
#8495 = DIRECTION ( 'NONE',  ( -1.000000000000000000, 0.0000000000000000000, 0.0000000000000000000 ) ) ;
#8496 = LINE ( 'NONE', #1147, #2486 ) ;
#8497 = VERTEX_POINT ( 'NONE', #7583 ) ;
#8498 = VERTEX_POINT ( 'NONE', #3860 ) ;
#8499 = CARTESIAN_POINT ( 'NONE',  ( 0.4984680974995734900, -0.4845274186850290200, 0.5400000000000000400 ) ) ;
#8500 = AXIS2_PLACEMENT_3D ( 'NONE', #910, #6069, #8914 ) ;
#8501 = SURFACE_SIDE_STYLE ('',( #4431 ) ) ;
#8502 = CARTESIAN_POINT ( 'NONE',  ( 0.09209490834705039200, -0.4855413672786935100, 0.5300000000000000300 ) ) ;
#8503 = EDGE_CURVE ( 'NONE', #408, #4713, #8361, .T. ) ;
#8504 = ORIENTED_EDGE ( 'NONE', *, *, #4171, .F. ) ;
#8505 = DIRECTION ( 'NONE',  ( -0.0000000000000000000, -0.0000000000000000000, -1.000000000000000000 ) ) ;
#8506 = VECTOR ( 'NONE', #9033, 1000.000000000000200 ) ;
#8507 = ORIENTED_EDGE ( 'NONE', *, *, #6363, .T. ) ;
#8508 = ORIENTED_EDGE ( 'NONE', *, *, #136, .T. ) ;
#8509 = ADVANCED_FACE ( 'NONE', ( #1301 ), #8134, .T. ) ;
#8510 = CARTESIAN_POINT ( 'NONE',  ( 0.5201134011962291700, -0.5264254054360929500, 0.5300000000000000300 ) ) ;
#8511 = VECTOR ( 'NONE', #8228, 1000.000000000000000 ) ;
#8512 = CARTESIAN_POINT ( 'NONE',  ( 0.5332836135558864900, -0.4707205797465184900, 0.5400000000000000400 ) ) ;
#8513 = CARTESIAN_POINT ( 'NONE',  ( 0.6832489621453254900, -0.4562373250666672000, 0.5400000000000000400 ) ) ;
#8514 = VERTEX_POINT ( 'NONE', #299 ) ;
#8515 = DIRECTION ( 'NONE',  ( -0.0000000000000000000, -0.0000000000000000000, -1.000000000000000000 ) ) ;
#8516 = VECTOR ( 'NONE', #911, 1000.000000000000000 ) ;
#8517 = ORIENTED_EDGE ( 'NONE', *, *, #1914, .T. ) ;
#8518 = STYLED_ITEM ( 'NONE', ( #6020 ), #3854 ) ;
#8519 = ORIENTED_EDGE ( 'NONE', *, *, #6980, .T. ) ;
#8520 = ORIENTED_EDGE ( 'NONE', *, *, #5508, .F. ) ;
#8521 = B_SPLINE_CURVE_WITH_KNOTS ( 'NONE', 3,
 ( #3411, #7040, #5075, #6106 ),
 .UNSPECIFIED., .F., .F.,
 ( 4, 4 ),
 ( 4.000000000000000000, 5.000000000000000000 ),
 .UNSPECIFIED. ) ;
#8522 = ORIENTED_EDGE ( 'NONE', *, *, #1956, .T. ) ;
#8523 = DIRECTION ( 'NONE',  ( -1.000000000000000000, 0.0000000000000000000, 0.0000000000000000000 ) ) ;
#8524 = VECTOR ( 'NONE', #8687, 1000.000000000000000 ) ;
#8525 = CARTESIAN_POINT ( 'NONE',  ( 0.07051440586656337900, -0.5071218803134245300, 0.5300000000000000300 ) ) ;
#8526 = FILL_AREA_STYLE_COLOUR ( '', #8084 ) ;
#8527 = ORIENTED_EDGE ( 'NONE', *, *, #5009, .T. ) ;
#8528 = ORIENTED_EDGE ( 'NONE', *, *, #9156, .F. ) ;
#8529 = ORIENTED_EDGE ( 'NONE', *, *, #4468, .T. ) ;
#8530 = LINE ( 'NONE', #9423, #6528 ) ;
#8531 = EDGE_CURVE ( 'NONE', #7253, #4717, #1003, .T. ) ;
#8532 = DIRECTION ( 'NONE',  ( -0.0000000000000000000, -0.0000000000000000000, -1.000000000000000000 ) ) ;
#8533 = AXIS2_PLACEMENT_3D ( 'NONE', #1809, #2584, #7865 ) ;
#8534 =( NAMED_UNIT ( * ) SI_UNIT ( $, .STERADIAN. ) SOLID_ANGLE_UNIT ( ) );
#8535 = ADVANCED_FACE ( 'NONE', ( #6376 ), #5528, .F. ) ;
#8536 = UNCERTAINTY_MEASURE_WITH_UNIT (LENGTH_MEASURE( 1.000000000000000100E-005 ), #7684, 'distance_accuracy_value', 'NONE');
#8537 =( NAMED_UNIT ( * ) PLANE_ANGLE_UNIT ( ) SI_UNIT ( $, .RADIAN. ) );
#8538 = ORIENTED_EDGE ( 'NONE', *, *, #9388, .F. ) ;
#8539 = DIRECTION ( 'NONE',  ( -1.000000000000000000, 0.0000000000000000000, -0.0000000000000000000 ) ) ;
#8540 = CLOSED_SHELL ( 'NONE', ( #4896, #3006, #5286, #8992, #8509, #2980, #2922, #8255, #8485, #6169, #990, #5416, #4121, #1593, #7946, #5258, #9583, #1661, #9031, #1832, #1725, #2009, #3896, #1446, #8577, #214, #1955, #1573, #7422, #2508, #6136, #9464, #9227, #9411, #4293, #186, #5, #7106, #5448, #1247, #3854, #9678, #7808, #96, #1710, #3771, #6352, #244, #3527, #354, #8457, #4248, #6861, #5930, #4035, #1634, #7983, #7764, #8664, #3578, #3032, #2479, #7664, #712, #7855, #7618, #1748, #5703, #614, #3087, #6761, #8707, #3615, #6090, #32, #3161, #9371, #6545, #5182, #9313, #3925, #8155, #6894, #7551, #6961, #7159, #8062, #1495, #7744, #5238, #4696, #3118, #321, #4207, #5872, #5343, #9011, #2405, #5608, #5777, #3727, #4076, #9200, #9534, #8386, #8200, #5560, #6938, #8746, #8335, #4395, #9272, #3143, #3454, #3797, #8100, #3209, #822, #1287, #773, #6987, #2348, #6456, #1346, #3829, #6404, #3747, #1034, #8414, #4947, #3060, #9621, #4720, #2318, #5651, #6010, #569, #9172, #59, #2598, #9248, #2768, #1611, #4438, #1796, #3181, #4987, #4581, #664, #5516, #9149, #2682, #6812, #7374, #2454, #117, #2645, #4632, #7483, #4802, #6193, #3671, #8535, #2380, #2163, #6312, #914, #2715, #5315, #5125, #3266, #3872, #2047, #1546, #6260, #447, #5081, #7584, #3398, #738, #4501, #957, #6113, #3306, #9495, #8880, #7642, #1518, #7719, #7893, #5027, #2207, #4333, #6213, #6835, #2100, #268, #869, #7206, #4534, #8831, #3949, #8313, #1125, #6917, #3356, #7283, #8929, #4652, #7259, #9064, #8359, #2239, #8435, #8624, #8784, #6723, #2431, #848, #4768, #1928, #6628, #5476, #9093, #7330, #6788, #6233, #3243, #5368, #2557, #5730, #1390, #157, #799, #234, #4556, #404, #3982, #4606, #1165, #8289, #2813, #4669, #2270, #4853, #4748, #5980, #1689, #134, #7053, #1217, #6068, #2874, #1884, #6588, #6042, #5500, #897, #1079, #8014, #6673, #5388, #7525, #3965, #530, #9124, #7687, #2296, #7014, #4170, #5824, #936 ) ) ;
#8541 = ORIENTED_EDGE ( 'NONE', *, *, #6592, .T. ) ;
#8542 = VERTEX_POINT ( 'NONE', #3335 ) ;
#8543 = LINE ( 'NONE', #1105, #2532 ) ;
#8544 = B_SPLINE_CURVE_WITH_KNOTS ( 'NONE', 3,
 ( #7142, #1829, #4867, #400 ),
 .UNSPECIFIED., .F., .F.,
 ( 4, 4 ),
 ( 5.000000000000000000, 6.000000000000000000 ),
 .UNSPECIFIED. ) ;
#8545 = CARTESIAN_POINT ( 'NONE',  ( 0.5070824509009047600, -0.4982148901405839500, 0.5400000000000000400 ) ) ;
#8546 = EDGE_CURVE ( 'NONE', #8864, #8857, #3757, .T. ) ;
#8547 = CARTESIAN_POINT ( 'NONE',  ( 0.5359494873566411600, -0.5099924818577248300, 0.5300000000000000300 ) ) ;
#8548 = EDGE_LOOP ( 'NONE', ( #18, #4125, #6464, #5468 ) ) ;
#8549 = EDGE_CURVE ( 'NONE', #6857, #7222, #1656, .T. ) ;
#8550 =( LENGTH_UNIT ( ) NAMED_UNIT ( * ) SI_UNIT ( .MILLI., .METRE. ) );
#8551 = EDGE_LOOP ( 'NONE', ( #1942, #9649, #4536, #853 ) ) ;
#8552 = COLOUR_RGB ( '',0.6666666666666666300, 0.6666666666666666300, 0.6666666666666666300 ) ;
#8553 = DIRECTION ( 'NONE',  ( -0.3658589216693949900, 0.9306703226357373500, 0.0000000000000000000 ) ) ;
#8554 = CARTESIAN_POINT ( 'NONE',  ( -0.4749999999999999200, 0.5250000000000000200, 0.0000000000000000000 ) ) ;
#8555 = DIRECTION ( 'NONE',  ( 0.0000000000000000000, -1.000000000000000000, 0.0000000000000000000 ) ) ;
#8556 = ORIENTED_EDGE ( 'NONE', *, *, #9364, .T. ) ;
#8557 = VECTOR ( 'NONE', #2315, 1000.000000000000000 ) ;
#8558 = STYLED_ITEM ( 'NONE', ( #1528 ), #9227 ) ;
#8559 = CARTESIAN_POINT ( 'NONE',  ( 0.3993930860938300600, -0.4562373250666699200, 0.5400000000000000400 ) ) ;
#8560 = CARTESIAN_POINT ( 'NONE',  ( 0.4641897351197373800, -0.4761716948315121700, 0.5400000000000000400 ) ) ;
#8561 = EDGE_CURVE ( 'NONE', #2514, #4953, #7438, .T. ) ;
#8562 = FILL_AREA_STYLE ('',( #7821 ) ) ;
#8563 = VERTEX_POINT ( 'NONE', #5590 ) ;
#8564 = CARTESIAN_POINT ( 'NONE',  ( 0.4754500677412452100, -0.5025519087119874100, 0.5400000000000000400 ) ) ;
#8565 = VECTOR ( 'NONE', #67, 1000.000000000000000 ) ;
#8566 = CARTESIAN_POINT ( 'NONE',  ( 0.04008035565278061900, -0.5242755851802133300, 0.5400000000000000400 ) ) ;
#8567 = PLANE ( 'NONE',  #5214 ) ;
#8568 = AXIS2_PLACEMENT_3D ( 'NONE', #3272, #1030, #6292 ) ;
#8569 = FACE_OUTER_BOUND ( 'NONE', #1936, .T. ) ;
#8570 = EDGE_CURVE ( 'NONE', #8273, #5141, #6267, .T. ) ;
#8571 = CARTESIAN_POINT ( 'NONE',  ( 0.5134885058553728700, -0.5264254054360929500, 0.5400000000000000400 ) ) ;
#8572 = CARTESIAN_POINT ( 'NONE',  ( 0.5144434457243153300, -0.5184675731947233600, 0.5300000000000000300 ) ) ;
#8573 = DIRECTION ( 'NONE',  ( -1.000000000000000000, -0.0000000000000000000, -0.0000000000000000000 ) ) ;
#8574 = CARTESIAN_POINT ( 'NONE',  ( 0.6534269858206459600, -0.3715659900179227900, 0.5400000000000000400 ) ) ;
#8575 = ORIENTED_EDGE ( 'NONE', *, *, #6076, .F. ) ;
#8576 = VERTEX_POINT ( 'NONE', #2596 ) ;
#8577 = ADVANCED_FACE ( 'NONE', ( #9207 ), #6493, .T. ) ;
#8578 = B_SPLINE_CURVE_WITH_KNOTS ( 'NONE', 3,
 ( #5293, #366, #7098, #4013 ),
 .UNSPECIFIED., .F., .F.,
 ( 4, 4 ),
 ( 5.000000000000000000, 6.000000000000000000 ),
 .UNSPECIFIED. ) ;
#8579 = PRESENTATION_LAYER_ASSIGNMENT (  '', '', ( #7589 ) ) ;
#8580 = FILL_AREA_STYLE_COLOUR ( '', #4413 ) ;
#8581 = DIRECTION ( 'NONE',  ( 0.0000000000000000000, 0.0000000000000000000, -1.000000000000000000 ) ) ;
#8582 = ORIENTED_EDGE ( 'NONE', *, *, #2845, .F. ) ;
#8583 = PLANE ( 'NONE',  #2649 ) ;
#8584 = VECTOR ( 'NONE', #5726, 1000.000000000000000 ) ;
#8585 = LINE ( 'NONE', #3125, #8796 ) ;
#8586 = ORIENTED_EDGE ( 'NONE', *, *, #7418, .F. ) ;
#8587 = EDGE_LOOP ( 'NONE', ( #9345, #7746, #3113, #7668 ) ) ;
#8588 = CARTESIAN_POINT ( 'NONE',  ( 0.7142447187253383500, -0.4854823585539703200, 0.5300000000000000300 ) ) ;
#8589 = CARTESIAN_POINT ( 'NONE',  ( 0.7644785347493386900, -0.4598183495754674700, 0.5400000000000000400 ) ) ;
#8590 = LINE ( 'NONE', #3264, #2335 ) ;
#8591 = EDGE_CURVE ( 'NONE', #1462, #1958, #721, .T. ) ;
#8592 = CARTESIAN_POINT ( 'NONE',  ( 0.5430319580516553800, -0.5418238108231916400, 0.5400000000000000400 ) ) ;
#8593 = VECTOR ( 'NONE', #1397, 1000.000000000000000 ) ;
#8594 = EDGE_CURVE ( 'NONE', #6690, #5948, #8496, .T. ) ;
#8595 = ORIENTED_EDGE ( 'NONE', *, *, #8648, .F. ) ;
#8596 = FACE_OUTER_BOUND ( 'NONE', #3474, .T. ) ;
#8597 = CARTESIAN_POINT ( 'NONE',  ( 0.09209490834705039200, -0.4855413672786935100, 0.5400000000000000400 ) ) ;
#8598 = CARTESIAN_POINT ( 'NONE',  ( 0.007432943572267011600, -0.4362935195565979500, 0.5400000000000000400 ) ) ;
#8599 = COLOUR_RGB ( '',0.2980392156862745100, 0.2980392156862745100, 0.2980392156862745100 ) ;
#8600 = CARTESIAN_POINT ( 'NONE',  ( 0.09209490834705039200, -0.5287023933481510600, 0.5300000000000000300 ) ) ;
#8601 = CIRCLE ( 'NONE', #6217, 0.05000000000000002400 ) ;
#8602 = ORIENTED_EDGE ( 'NONE', *, *, #2860, .T. ) ;
#8603 = CARTESIAN_POINT ( 'NONE',  ( -0.3249999999999999000, 0.4000000000000000800, -0.02000000000000000000 ) ) ;
#8604 = EDGE_LOOP ( 'NONE', ( #2675, #584, #6298, #2332 ) ) ;
#8605 = EDGE_CURVE ( 'NONE', #6895, #6626, #2699, .T. ) ;
#8606 = VERTEX_POINT ( 'NONE', #2656 ) ;
#8607 = LINE ( 'NONE', #2655, #609 ) ;
#8608 = EDGE_CURVE ( 'NONE', #4707, #6613, #4473, .T. ) ;
#8609 = EDGE_LOOP ( 'NONE', ( #1402, #7906, #4749, #1001 ) ) ;
#8610 = FILL_AREA_STYLE ('',( #8580 ) ) ;
#8611 = ORIENTED_EDGE ( 'NONE', *, *, #2661, .F. ) ;
#8612 = CARTESIAN_POINT ( 'NONE',  ( 0.7208895086473096100, -0.4644736814366967600, 0.5300000000000000300 ) ) ;
#8613 = SURFACE_STYLE_USAGE ( .BOTH. , #7044 ) ;
#8614 = DIRECTION ( 'NONE',  ( -1.000000000000000000, -3.367232478686859700E-014, 0.0000000000000000000 ) ) ;
#8615 = DIRECTION ( 'NONE',  ( 0.0000000000000000000, 1.000000000000000000, -0.0000000000000000000 ) ) ;
#8616 = VECTOR ( 'NONE', #455, 1000.000000000000000 ) ;
#8617 = B_SPLINE_CURVE_WITH_KNOTS ( 'NONE', 3,
 ( #9259, #2439, #1732, #7031 ),
 .UNSPECIFIED., .F., .F.,
 ( 4, 4 ),
 ( 3.000000000000000000, 4.000000000000000000 ),
 .UNSPECIFIED. ) ;
#8618 = FILL_AREA_STYLE_COLOUR ( '', #5429 ) ;
#8619 = ORIENTED_EDGE ( 'NONE', *, *, #3140, .T. ) ;
#8620 = EDGE_CURVE ( 'NONE', #4965, #7916, #495, .T. ) ;
#8621 = CARTESIAN_POINT ( 'NONE',  ( 0.07051440586656337900, -0.4949482581171652500, 0.5300000000000000300 ) ) ;
#8622 = VERTEX_POINT ( 'NONE', #445 ) ;
#8623 = VERTEX_POINT ( 'NONE', #6450 ) ;
#8624 = ADVANCED_FACE ( 'NONE', ( #281 ), #5683, .F. ) ;
#8625 = DIRECTION ( 'NONE',  ( -1.000000000000000000, -0.0000000000000000000, -0.0000000000000000000 ) ) ;
#8626 = EDGE_CURVE ( 'NONE', #829, #6609, #6256, .T. ) ;
#8627 = EDGE_LOOP ( 'NONE', ( #5812, #3703, #3838, #964, #159, #1324, #4690, #7402, #8250, #2754, #1385, #7310, #4521, #7236 ) ) ;
#8628 = EDGE_LOOP ( 'NONE', ( #5793, #4737, #2157, #145 ) ) ;
#8629 = FACE_OUTER_BOUND ( 'NONE', #6505, .T. ) ;
#8630 =( LENGTH_UNIT ( ) NAMED_UNIT ( * ) SI_UNIT ( .MILLI., .METRE. ) );
#8631 = DIRECTION ( 'NONE',  ( -0.0000000000000000000, -0.0000000000000000000, -1.000000000000000000 ) ) ;
#8632 = DIRECTION ( 'NONE',  ( 1.000000000000000000, 0.0000000000000000000, -0.0000000000000000000 ) ) ;
#8633 = AXIS2_PLACEMENT_3D ( 'NONE', #8304, #7549, #2259 ) ;
#8634 = LINE ( 'NONE', #4362, #8850 ) ;
#8635 = CYLINDRICAL_SURFACE ( 'NONE', #7826, 0.1250000000000000000 ) ;
#8636 = CARTESIAN_POINT ( 'NONE',  ( 0.4984084137578308500, -0.5231626942171130300, 0.5400000000000000400 ) ) ;
#8637 = ORIENTED_EDGE ( 'NONE', *, *, #8549, .F. ) ;
#8638 = ORIENTED_EDGE ( 'NONE', *, *, #4792, .F. ) ;
#8639 = B_SPLINE_CURVE_WITH_KNOTS ( 'NONE', 3,
 ( #5393, #5449, #6162, #8400 ),
 .UNSPECIFIED., .F., .F.,
 ( 4, 4 ),
 ( 0.0000000000000000000, 1.000000000000000000 ),
 .UNSPECIFIED. ) ;
#8640 = EDGE_LOOP ( 'NONE', ( #9097, #5668, #4916, #6156 ) ) ;
#8641 = EDGE_LOOP ( 'NONE', ( #704, #9393, #5305, #224 ) ) ;
#8642 = ORIENTED_EDGE ( 'NONE', *, *, #4557, .T. ) ;
#8643 = SURFACE_STYLE_FILL_AREA ( #3953 ) ;
#8644 = CARTESIAN_POINT ( 'NONE',  ( 0.4635133193791931600, -0.3940070769391410500, 0.5300000000000000300 ) ) ;
#8645 = B_SPLINE_SURFACE_WITH_KNOTS ( 'NONE', 3, 1, ( 
 ( #5723, #4239 ),
 ( #485, #4960 ),
 ( #9491, #4201 ),
 ( #3485, #7979 ) ),
 .UNSPECIFIED., .F., .F., .F.,
 ( 4, 4 ),
 ( 2, 2 ),
 ( 1.000000000000000000, 2.000000000000000000 ),
 ( 0.0000000000000000000, 1.000000000000000000 ),
 .UNSPECIFIED. ) ;
#8646 = CARTESIAN_POINT ( 'NONE',  ( 0.5950562863295227900, -0.3327715578411892800, 0.5400000000000000400 ) ) ;
#8647 = CARTESIAN_POINT ( 'NONE',  ( 0.5263205103446253500, -0.4959071187905514900, 0.5400000000000000400 ) ) ;
#8648 = EDGE_CURVE ( 'NONE', #1651, #1800, #8017, .T. ) ;
#8649 = CARTESIAN_POINT ( 'NONE',  ( 0.2514586197845931600, -0.4916281678223113900, 0.5300000000000000300 ) ) ;
#8650 = ORIENTED_EDGE ( 'NONE', *, *, #6699, .F. ) ;
#8651 = ORIENTED_EDGE ( 'NONE', *, *, #2406, .T. ) ;
#8652 = DIRECTION ( 'NONE',  ( 1.000000000000000000, 0.0000000000000000000, 0.0000000000000000000 ) ) ;
#8653 = CARTESIAN_POINT ( 'NONE',  ( 0.6795485701530403800, -0.3715659900179227900, 0.5400000000000000400 ) ) ;
#8654 = CARTESIAN_POINT ( 'NONE',  ( 0.6234259582707372100, -0.3410079142112194500, 0.5300000000000000300 ) ) ;
#8655 = LINE ( 'NONE', #8004, #6657 ) ;
#8656 = EDGE_CURVE ( 'NONE', #4965, #6614, #6015, .T. ) ;
#8657 = DIRECTION ( 'NONE',  ( -0.0000000000000000000, -0.0000000000000000000, -1.000000000000000000 ) ) ;
#8658 = EDGE_CURVE ( 'NONE', #685, #5662, #8430, .T. ) ;
#8659 = CARTESIAN_POINT ( 'NONE',  ( 0.7625288658502892300, -0.4626831691822945700, 0.5300000000000000300 ) ) ;
#8660 = DIRECTION ( 'NONE',  ( 1.000000000000000000, 0.0000000000000000000, 0.0000000000000000000 ) ) ;
#8661 = CARTESIAN_POINT ( 'NONE',  ( 0.09209490834705039200, -0.4855413672786935100, 0.5400000000000000400 ) ) ;
#8662 = CARTESIAN_POINT ( 'NONE',  ( 0.5095095897346870700, -0.4795935626956676600, 0.5300000000000000300 ) ) ;
#8663 = SURFACE_STYLE_FILL_AREA ( #8610 ) ;
#8664 = ADVANCED_FACE ( 'NONE', ( #55 ), #7996, .T. ) ;
#8666 = CARTESIAN_POINT ( 'NONE',  ( 0.6025565432169995800, -0.3351986966747082500, 0.5400000000000000400 ) ) ;
#8665 = MECHANICAL_DESIGN_GEOMETRIC_PRESENTATION_REPRESENTATION (  '', ( #7175 ), #9188 ) ;
#8667 = CARTESIAN_POINT ( 'NONE',  ( 0.7130709384700055800, -0.4575901565477583600, 0.5300000000000000300 ) ) ;
#8668 = DIRECTION ( 'NONE',  ( -0.0000000000000000000, -0.0000000000000000000, -1.000000000000000000 ) ) ;
#8669 = B_SPLINE_CURVE_WITH_KNOTS ( 'NONE', 3,
 ( #5119, #6655, #8169, #3662 ),
 .UNSPECIFIED., .F., .F.,
 ( 4, 4 ),
 ( 20.00000000000000000, 21.00000000000000000 ),
 .UNSPECIFIED. ) ;
#8670 = EDGE_CURVE ( 'NONE', #424, #1630, #1759, .T. ) ;
#8671 = CARTESIAN_POINT ( 'NONE',  ( 0.4754500677412452100, -0.5165179042956770100, 0.5400000000000000400 ) ) ;
#8672 = VERTEX_POINT ( 'NONE', #1966 ) ;
#8673 = EDGE_LOOP ( 'NONE', ( #784, #2678, #4796, #9636, #5525 ) ) ;
#8674 = DIRECTION ( 'NONE',  ( -0.0000000000000000000, -0.0000000000000000000, -1.000000000000000000 ) ) ;
#8675 = MECHANICAL_DESIGN_GEOMETRIC_PRESENTATION_REPRESENTATION (  '', ( #7713 ), #9210 ) ;
#8676 = VECTOR ( 'NONE', #3548, 1000.000000000000100 ) ;
#8677 = ORIENTED_EDGE ( 'NONE', *, *, #6205, .T. ) ;
#8678 =( GEOMETRIC_REPRESENTATION_CONTEXT ( 3 ) GLOBAL_UNCERTAINTY_ASSIGNED_CONTEXT ( ( #6785 ) ) GLOBAL_UNIT_ASSIGNED_CONTEXT ( ( #9575, #3564, #2789 ) ) REPRESENTATION_CONTEXT ( 'NONE', 'WORKASPACE' ) );
#8679 = VERTEX_POINT ( 'NONE', #7279 ) ;
#8680 = LINE ( 'NONE', #8973, #2187 ) ;
#8681 = DIRECTION ( 'NONE',  ( -0.0000000000000000000, -0.0000000000000000000, -1.000000000000000000 ) ) ;
#8682 = CARTESIAN_POINT ( 'NONE',  ( 0.2547787100791827400, -0.5253822819453388700, 0.5400000000000000400 ) ) ;
#8683 = ORIENTED_EDGE ( 'NONE', *, *, #9612, .F. ) ;
#8684 = CARTESIAN_POINT ( 'NONE',  ( 0.1092486554310766500, -0.4506805247283358100, 0.5400000000000000400 ) ) ;
#8685 = CARTESIAN_POINT ( 'NONE',  ( 0.09209490834705039200, -0.5287023933481510600, 0.5400000000000000400 ) ) ;
#8686 = EDGE_LOOP ( 'NONE', ( #7051, #352, #217, #391 ) ) ;
#8687 = DIRECTION ( 'NONE',  ( -0.0000000000000000000, -0.0000000000000000000, 1.000000000000000000 ) ) ;
#8688 = CARTESIAN_POINT ( 'NONE',  ( 0.1186555357153068200, -0.3106839453292920000, 0.5300000000000000300 ) ) ;
#8689 = DIRECTION ( 'NONE',  ( -0.3385350343141527700, -0.9409537876760555300, 0.0000000000000000000 ) ) ;
#8690 = SURFACE_STYLE_FILL_AREA ( #9239 ) ;
#8691 = AXIS2_PLACEMENT_3D ( 'NONE', #6828, #1556, #5337 ) ;
#8692 = VERTEX_POINT ( 'NONE', #501 ) ;
#8693 = SURFACE_SIDE_STYLE ('',( #8425 ) ) ;
#8694 = B_SPLINE_SURFACE_WITH_KNOTS ( 'NONE', 3, 1, ( 
 ( #9056, #6181 ),
 ( #9599, #4025 ),
 ( #9289, #9202 ),
 ( #2577, #3349 ) ),
 .UNSPECIFIED., .F., .F., .F.,
 ( 4, 4 ),
 ( 2, 2 ),
 ( 0.0000000000000000000, 1.000000000000000000 ),
 ( 0.0000000000000000000, 1.000000000000000000 ),
 .UNSPECIFIED. ) ;
#8695 = ORIENTED_EDGE ( 'NONE', *, *, #6094, .F. ) ;
#8696 = SURFACE_STYLE_USAGE ( .BOTH. , #2343 ) ;
#8697 = PLANE ( 'NONE',  #3518 ) ;
#8698 = LINE ( 'NONE', #8564, #6481 ) ;
#8699 = PLANE ( 'NONE',  #5672 ) ;
#8700 = CARTESIAN_POINT ( 'NONE',  ( 0.6613052397396891300, -0.3238189965697152500, 0.5300000000000000300 ) ) ;
#8701 = SURFACE_STYLE_FILL_AREA ( #9249 ) ;
#8702 = CARTESIAN_POINT ( 'NONE',  ( 0.4754500677412452100, -0.5251123631161622700, 0.5400000000000000400 ) ) ;
#8703 = VERTEX_POINT ( 'NONE', #6521 ) ;
#8704 = ORIENTED_EDGE ( 'NONE', *, *, #3299, .T. ) ;
#8705 = EDGE_LOOP ( 'NONE', ( #5185, #5914, #5088, #4941 ) ) ;
#8706 = DIRECTION ( 'NONE',  ( -1.000000000000000000, -2.490470870474809300E-013, 0.0000000000000000000 ) ) ;
#8707 = ADVANCED_FACE ( 'NONE', ( #7556 ), #6459, .F. ) ;
#8708 = EDGE_CURVE ( 'NONE', #3590, #2452, #3543, .T. ) ;
#8709 = FACE_OUTER_BOUND ( 'NONE', #1957, .T. ) ;
#8710 = PLANE ( 'NONE',  #8739 ) ;
#8711 = EDGE_LOOP ( 'NONE', ( #3827, #1575, #7851, #6947 ) ) ;
#8712 = EDGE_CURVE ( 'NONE', #5481, #8415, #2064, .T. ) ;
#8713 = ORIENTED_EDGE ( 'NONE', *, *, #1272, .F. ) ;
#8714 = VERTEX_POINT ( 'NONE', #5005 ) ;
#8715 = ORIENTED_EDGE ( 'NONE', *, *, #5058, .T. ) ;
#8716 = CARTESIAN_POINT ( 'NONE',  ( 0.4303888426743730000, -0.4016465958906849100, 0.5400000000000000400 ) ) ;
#8717 = CARTESIAN_POINT ( 'NONE',  ( 0.08379472482794612900, -0.3842789721394494500, 0.5400000000000000400 ) ) ;
#8718 = DIRECTION ( 'NONE',  ( 0.3667976789509036500, 0.9303007377811917100, -0.0000000000000000000 ) ) ;
#8719 = CARTESIAN_POINT ( 'NONE',  ( 0.6659605716009189300, -0.3361138473824884000, 0.5300000000000000300 ) ) ;
#8720 = ORIENTED_EDGE ( 'NONE', *, *, #2555, .T. ) ;
#8721 = CARTESIAN_POINT ( 'NONE',  ( 0.5664478794218689200, -0.5113055241776516300, 0.5400000000000000400 ) ) ;
#8722 = LINE ( 'NONE', #779, #2709 ) ;
#8723 = ORIENTED_EDGE ( 'NONE', *, *, #373, .T. ) ;
#8724 =( GEOMETRIC_REPRESENTATION_CONTEXT ( 3 ) GLOBAL_UNCERTAINTY_ASSIGNED_CONTEXT ( ( #2664 ) ) GLOBAL_UNIT_ASSIGNED_CONTEXT ( ( #6919, #2390, #7681 ) ) REPRESENTATION_CONTEXT ( 'NONE', 'WORKASPACE' ) );
#8725 = FILL_AREA_STYLE_COLOUR ( '', #9051 ) ;
#8726 = FACE_OUTER_BOUND ( 'NONE', #6388, .T. ) ;
#8727 = EDGE_CURVE ( 'NONE', #6613, #8827, #9535, .T. ) ;
#8728 = ORIENTED_EDGE ( 'NONE', *, *, #4940, .F. ) ;
#8729 = CARTESIAN_POINT ( 'NONE',  ( 0.1313824957396187200, -0.3361378739537001500, 0.5300000000000000300 ) ) ;
#8730 = B_SPLINE_SURFACE_WITH_KNOTS ( 'NONE', 3, 1, ( 
 ( #1311, #4296 ),
 ( #9569, #3479 ),
 ( #6940, #3759 ),
 ( #7885, #2785 ) ),
 .UNSPECIFIED., .F., .F., .F.,
 ( 4, 4 ),
 ( 2, 2 ),
 ( 4.000000000000000000, 5.000000000000000000 ),
 ( 0.0000000000000000000, 1.000000000000000000 ),
 .UNSPECIFIED. ) ;
#8731 = VECTOR ( 'NONE', #4616, 1000.000000000000000 ) ;
#8732 =( LENGTH_UNIT ( ) NAMED_UNIT ( * ) SI_UNIT ( .MILLI., .METRE. ) );
#8733 = ORIENTED_EDGE ( 'NONE', *, *, #4381, .F. ) ;
#8734 = DIRECTION ( 'NONE',  ( 0.0000000000000000000, -0.0000000000000000000, -1.000000000000000000 ) ) ;
#8735 = CARTESIAN_POINT ( 'NONE',  ( 0.5326867761376663500, -0.5008011856187470900, 0.5400000000000000400 ) ) ;
#8736 = ORIENTED_EDGE ( 'NONE', *, *, #1972, .T. ) ;
#8737 = STYLED_ITEM ( 'NONE', ( #1144 ), #214 ) ;
#8738 = VECTOR ( 'NONE', #1200, 1000.000000000000000 ) ;
#8739 = AXIS2_PLACEMENT_3D ( 'NONE', #7375, #2856, #8119 ) ;
#8740 = CARTESIAN_POINT ( 'NONE',  ( -0.7249999999999999800, 0.5250000000000000200, 0.0000000000000000000 ) ) ;
#8741 = ORIENTED_EDGE ( 'NONE', *, *, #9638, .F. ) ;
#8742 = ORIENTED_EDGE ( 'NONE', *, *, #2860, .F. ) ;
#8743 = VECTOR ( 'NONE', #4901, 1000.000000000000100 ) ;
#8744 = EDGE_CURVE ( 'NONE', #594, #1872, #5540, .T. ) ;
#8745 = ORIENTED_EDGE ( 'NONE', *, *, #5537, .T. ) ;
#8746 = ADVANCED_FACE ( 'NONE', ( #9310 ), #3257, .F. ) ;
#8747 = B_SPLINE_SURFACE_WITH_KNOTS ( 'NONE', 3, 1, ( 
 ( #8571, #7861 ),
 ( #4057, #8510 ),
 ( #6563, #2481 ),
 ( #977, #9362 ) ),
 .UNSPECIFIED., .F., .F., .F.,
 ( 4, 4 ),
 ( 2, 2 ),
 ( 18.00000000000000000, 19.00000000000000000 ),
 ( 0.0000000000000000000, 1.000000000000000000 ),
 .UNSPECIFIED. ) ;
#8748 = ORIENTED_EDGE ( 'NONE', *, *, #1342, .T. ) ;
#8749 = DIRECTION ( 'NONE',  ( -1.000000000000000000, -0.0000000000000000000, -0.0000000000000000000 ) ) ;
#8750 = ORIENTED_EDGE ( 'NONE', *, *, #2188, .F. ) ;
#8751 = ORIENTED_EDGE ( 'NONE', *, *, #3976, .F. ) ;
#8752 = ORIENTED_EDGE ( 'NONE', *, *, #7396, .F. ) ;
#8753 = VECTOR ( 'NONE', #2884, 1000.000000000000000 ) ;
#8754 = CARTESIAN_POINT ( 'NONE',  ( 0.6140158216453747200, -0.3792850872923186900, 0.5300000000000000300 ) ) ;
#8755 = DIRECTION ( 'NONE',  ( -1.000000000000000000, 0.0000000000000000000, 0.0000000000000000000 ) ) ;
#8756 = DIRECTION ( 'NONE',  ( 0.3283461648125197700, -0.9445574604294381100, 0.0000000000000000000 ) ) ;
#8757 = AXIS2_PLACEMENT_3D ( 'NONE', #280, #5676, #1142 ) ;
#8758 = CARTESIAN_POINT ( 'NONE',  ( 0.4532477157877887700, -0.5159210668777206600, 0.5300000000000000300 ) ) ;
#8759 = EDGE_LOOP ( 'NONE', ( #3645, #4347, #1109, #6369 ) ) ;
#8760 = CARTESIAN_POINT ( 'NONE',  ( -0.01912769435023612900, -0.4811146013277278800, 0.5400000000000000400 ) ) ;
#8761 = CARTESIAN_POINT ( 'NONE',  ( 0.06221422234719555700, -0.3477581477676581200, 0.5300000000000000300 ) ) ;
#8762 = B_SPLINE_SURFACE_WITH_KNOTS ( 'NONE', 3, 1, ( 
 ( #5659, #9420 ),
 ( #3406, #7919 ),
 ( #2637, #7165 ),
 ( #1855, #6399 ) ),
 .UNSPECIFIED., .F., .F., .F.,
 ( 4, 4 ),
 ( 2, 2 ),
 ( 5.000000000000000000, 6.000000000000000000 ),
 ( 0.0000000000000000000, 1.000000000000000000 ),
 .UNSPECIFIED. ) ;
#8763 = VECTOR ( 'NONE', #6951, 1000.000000000000000 ) ;
#8764 = DIRECTION ( 'NONE',  ( -0.0000000000000000000, -0.0000000000000000000, -1.000000000000000000 ) ) ;
#8765 = CARTESIAN_POINT ( 'NONE',  ( 0.09928841621003974000, -0.3245176027785717200, 0.5300000000000000300 ) ) ;
#8766 = CARTESIAN_POINT ( 'NONE',  ( 0.4734009259390251100, -0.3225059542497878400, 0.5300000000000000300 ) ) ;
#8767 = EDGE_CURVE ( 'NONE', #1690, #3453, #3319, .T. ) ;
#8768 = CARTESIAN_POINT ( 'NONE',  ( 0.5263205103446253500, -0.4959071187905514900, 0.5300000000000000300 ) ) ;
#8769 = CARTESIAN_POINT ( 'NONE',  ( 0.5585497309222428000, -0.5350994425794315400, 0.5400000000000000400 ) ) ;
#8770 = CARTESIAN_POINT ( 'NONE',  ( 0.5201134011962291700, -0.4935993474405162000, 0.5400000000000000400 ) ) ;
#8771 = VECTOR ( 'NONE', #9179, 1000.000000000000000 ) ;
#8772 = DIRECTION ( 'NONE',  ( -1.000000000000000000, -0.0000000000000000000, -0.0000000000000000000 ) ) ;
#8773 = B_SPLINE_CURVE_WITH_KNOTS ( 'NONE', 3,
 ( #3926, #959, #7759, #3245 ),
 .UNSPECIFIED., .F., .F.,
 ( 4, 4 ),
 ( 26.00000000000000000, 27.00000000000000000 ),
 .UNSPECIFIED. ) ;
#8774 = EDGE_CURVE ( 'NONE', #5654, #8576, #9118, .T. ) ;
#8775 = LINE ( 'NONE', #1534, #8329 ) ;
#8776 = CARTESIAN_POINT ( 'NONE',  ( 0.4551178063645157600, -0.5175922116481055400, 0.5400000000000000400 ) ) ;
#8777 = EDGE_CURVE ( 'NONE', #6966, #3804, #5301, .T. ) ;
#8778 = CARTESIAN_POINT ( 'NONE',  ( 0.03842033161410493600, -0.3477581477676581200, 0.5400000000000000400 ) ) ;
#8779 = CARTESIAN_POINT ( 'NONE',  ( 0.1479828838871060400, -0.5010350375522992800, 0.5300000000000000300 ) ) ;
#8780 = CARTESIAN_POINT ( 'NONE',  ( 0.5853278364148646300, -0.3927736129415362900, 0.5300000000000000300 ) ) ;
#8781 = CARTESIAN_POINT ( 'NONE',  ( 0.5359494873566411600, -0.5150854944922639300, 0.5400000000000000400 ) ) ;
#8782 = CARTESIAN_POINT ( 'NONE',  ( 0.5492788563609450900, -0.4016465958906835200, 0.5400000000000000400 ) ) ;
#8783 = LINE ( 'NONE', #7817, #9025 ) ;
#8784 = ADVANCED_FACE ( 'NONE', ( #3082 ), #5863, .F. ) ;
#8785 = CARTESIAN_POINT ( 'NONE',  ( 0.7250000000000002000, 5.421010862427522200E-017, -0.02000000000000000000 ) ) ;
#8786 = ORIENTED_EDGE ( 'NONE', *, *, #494, .F. ) ;
#8787 = EDGE_LOOP ( 'NONE', ( #9563, #4357, #2601, #9111 ) ) ;
#8788 = AXIS2_PLACEMENT_3D ( 'NONE', #2849, #630, #5108 ) ;
#8789 = CARTESIAN_POINT ( 'NONE',  ( 0.4453097781270029000, -0.5220485977035250700, 0.5400000000000000400 ) ) ;
#8790 = EDGE_CURVE ( 'NONE', #5155, #2518, #9068, .T. ) ;
#8791 = CARTESIAN_POINT ( 'NONE',  ( 0.2409450532897411100, -0.3317111053644402100, 0.5400000000000000400 ) ) ;
#8792 = CARTESIAN_POINT ( 'NONE',  ( 0.06885437127364359100, -0.4506805247283358100, 0.5300000000000000300 ) ) ;
#8793 = ORIENTED_EDGE ( 'NONE', *, *, #5297, .F. ) ;
#8794 = CARTESIAN_POINT ( 'NONE',  ( 0.5359494873566411600, -0.5099924818577248300, 0.5300000000000000300 ) ) ;
#8795 = LINE ( 'NONE', #8721, #1056 ) ;
#8796 = VECTOR ( 'NONE', #3179, 1000.000000000000000 ) ;
#8797 = ORIENTED_EDGE ( 'NONE', *, *, #855, .F. ) ;
#8798 = ORIENTED_EDGE ( 'NONE', *, *, #7477, .T. ) ;
#8799 = STYLED_ITEM ( 'NONE', ( #2541 ), #1593 ) ;
#8800 = B_SPLINE_SURFACE_WITH_KNOTS ( 'NONE', 3, 1, ( 
 ( #1894, #5984 ),
 ( #639, #1451 ),
 ( #6650, #1376 ),
 ( #1484, #8224 ) ),
 .UNSPECIFIED., .F., .F., .F.,
 ( 4, 4 ),
 ( 2, 2 ),
 ( 2.000000000000000000, 3.000000000000000000 ),
 ( 0.0000000000000000000, 1.000000000000000000 ),
 .UNSPECIFIED. ) ;
#8801 = VECTOR ( 'NONE', #4561, 1000.000000000000000 ) ;
#8802 = DIRECTION ( 'NONE',  ( -0.0000000000000000000, -1.000000000000000000, -0.0000000000000000000 ) ) ;
#8803 = ADVANCED_BREP_SHAPE_REPRESENTATION ( 'BGA-12_L1.8-W1.3-R3-C4-P0.40-TL', ( #7149, #5474 ), #1424 ) ;
#8804 =( NAMED_UNIT ( * ) SI_UNIT ( $, .STERADIAN. ) SOLID_ANGLE_UNIT ( ) );
#8805 = LINE ( 'NONE', #9557, #3309 ) ;
#8806 = CARTESIAN_POINT ( 'NONE',  ( 0.6149309723531720700, -0.5162393801670115400, 0.5400000000000000400 ) ) ;
#8807 = CARTESIAN_POINT ( 'NONE',  ( 0.7291258650168087600, -0.5251123631161613800, 0.5400000000000000400 ) ) ;
#8808 = EDGE_LOOP ( 'NONE', ( #4314, #7105, #2977, #3635 ) ) ;
#8809 = DIRECTION ( 'NONE',  ( -0.0000000000000000000, 1.000000000000000000, -0.0000000000000000000 ) ) ;
#8810 = B_SPLINE_SURFACE_WITH_KNOTS ( 'NONE', 3, 1, ( 
 ( #8819, #3910 ),
 ( #2499, #7847 ),
 ( #5858, #8419 ),
 ( #2944, #7334 ) ),
 .UNSPECIFIED., .F., .F., .F.,
 ( 4, 4 ),
 ( 2, 2 ),
 ( 27.00000000000000000, 28.00000000000000000 ),
 ( 0.0000000000000000000, 1.000000000000000000 ),
 .UNSPECIFIED. ) ;
#8811 = CARTESIAN_POINT ( 'NONE',  ( 0.4589773550014471500, -0.4920873593142480700, 0.5300000000000000300 ) ) ;
#8812 = CARTESIAN_POINT ( 'NONE',  ( 0.4312045204789852800, -0.5251123631161628300, 0.5400000000000000400 ) ) ;
#8813 = VECTOR ( 'NONE', #5433, 1000.000000000000000 ) ;
#8814 = EDGE_CURVE ( 'NONE', #2708, #6898, #1290, .T. ) ;
#8815 = LINE ( 'NONE', #5981, #6847 ) ;
#8816 = VECTOR ( 'NONE', #4390, 1000.000000000000000 ) ;
#8817 = ORIENTED_EDGE ( 'NONE', *, *, #548, .F. ) ;
#8818 = CARTESIAN_POINT ( 'NONE',  ( 0.6156073880934355100, -0.3907443657201645800, 0.5300000000000000300 ) ) ;
#8819 = CARTESIAN_POINT ( 'NONE',  ( 0.2232379683776580500, -0.4910748299942564500, 0.5400000000000000400 ) ) ;
#8820 = CARTESIAN_POINT ( 'NONE',  ( 0.1479828838871060400, -0.5010350375522992800, 0.5300000000000000300 ) ) ;
#8821 = CARTESIAN_POINT ( 'NONE',  ( 0.6926789933512694800, -0.5162393801670115400, 0.5400000000000000400 ) ) ;
#8822 = CARTESIAN_POINT ( 'NONE',  ( 0.5201134011962291700, -0.4935993474405162000, 0.5400000000000000400 ) ) ;
#8823 = VECTOR ( 'NONE', #1039, 1000.000000000000000 ) ;
#8824 = EDGE_LOOP ( 'NONE', ( #2260, #7705, #398, #7204 ) ) ;
#8825 = B_SPLINE_SURFACE_WITH_KNOTS ( 'NONE', 3, 1, ( 
 ( #3876, #8381 ),
 ( #9140, #4626 ),
 ( #162, #5378 ),
 ( #894, #2305 ) ),
 .UNSPECIFIED., .F., .F., .F.,
 ( 4, 4 ),
 ( 2, 2 ),
 ( 6.000000000000000000, 7.000000000000000000 ),
 ( 0.0000000000000000000, 1.000000000000000000 ),
 .UNSPECIFIED. ) ;
#8826 = LINE ( 'NONE', #6345, #1084 ) ;
#8827 = VERTEX_POINT ( 'NONE', #1400 ) ;
#8828 = EDGE_CURVE ( 'NONE', #4007, #2410, #970, .T. ) ;
#8829 = CARTESIAN_POINT ( 'NONE',  ( 0.4405350787820243600, -0.5152048619757483300, 0.5400000000000000400 ) ) ;
#8830 = EDGE_CURVE ( 'NONE', #6744, #1667, #3557, .T. ) ;
#8831 = ADVANCED_FACE ( 'NONE', ( #6848 ), #8921, .F. ) ;
#8832 = VECTOR ( 'NONE', #7140, 1000.000000000000000 ) ;
#8833 = ORIENTED_EDGE ( 'NONE', *, *, #1972, .F. ) ;
#8834 = ORIENTED_EDGE ( 'NONE', *, *, #1767, .T. ) ;
#8835 = ORIENTED_EDGE ( 'NONE', *, *, #9156, .T. ) ;
#8836 = DIRECTION ( 'NONE',  ( -0.0000000000000000000, -0.0000000000000000000, -1.000000000000000000 ) ) ;
#8837 = ORIENTED_EDGE ( 'NONE', *, *, #1999, .F. ) ;
#8838 = CARTESIAN_POINT ( 'NONE',  ( 0.6149309723531775100, -0.4811453399825667000, 0.5300000000000000300 ) ) ;
#8839 = FILL_AREA_STYLE_COLOUR ( '', #5778 ) ;
#8840 = CARTESIAN_POINT ( 'NONE',  ( 0.6659605716009189300, -0.3361138473824884000, 0.5400000000000000400 ) ) ;
#8841 = CARTESIAN_POINT ( 'NONE',  ( 0.6502438529239925600, -0.3803593946447465500, 0.5400000000000000400 ) ) ;
#8842 = CARTESIAN_POINT ( 'NONE',  ( 0.5234357961569492400, -0.5056554632863186100, 0.5400000000000000400 ) ) ;
#8843 = VERTEX_POINT ( 'NONE', #7474 ) ;
#8844 = SURFACE_STYLE_FILL_AREA ( #2970 ) ;
#8845 = AXIS2_PLACEMENT_3D ( 'NONE', #2184, #7498, #2975 ) ;
#8846 = ORIENTED_EDGE ( 'NONE', *, *, #4468, .F. ) ;
#8847 = EDGE_LOOP ( 'NONE', ( #1093, #4127, #8713, #9052 ) ) ;
#8848 = FACE_OUTER_BOUND ( 'NONE', #7694, .T. ) ;
#8849 = EDGE_CURVE ( 'NONE', #3497, #9041, #5046, .T. ) ;
#8850 = VECTOR ( 'NONE', #7380, 1000.000000000000000 ) ;
#8851 = SURFACE_STYLE_USAGE ( .BOTH. , #5099 ) ;
#8852 = DIRECTION ( 'NONE',  ( -0.0000000000000000000, 1.000000000000000000, -0.0000000000000000000 ) ) ;
#8853 = CARTESIAN_POINT ( 'NONE',  ( 0.5296826944665049600, -0.5220088085423639800, 0.5300000000000000300 ) ) ;
#8854 = PLANE ( 'NONE',  #7733 ) ;
#8855 = ORIENTED_EDGE ( 'NONE', *, *, #3313, .F. ) ;
#8856 = ORIENTED_EDGE ( 'NONE', *, *, #5582, .T. ) ;
#8857 = VERTEX_POINT ( 'NONE', #9718 ) ;
#8858 = ORIENTED_EDGE ( 'NONE', *, *, #4885, .T. ) ;
#8859 = FACE_OUTER_BOUND ( 'NONE', #3951, .T. ) ;
#8860 = AXIS2_PLACEMENT_3D ( 'NONE', #5549, #1051, #4782 ) ;
#8861 = CARTESIAN_POINT ( 'NONE',  ( 0.3993930860938320600, -0.4900581120928790800, 0.5300000000000000300 ) ) ;
#8862 = EDGE_CURVE ( 'NONE', #5632, #9328, #5389, .T. ) ;
#8863 = ORIENTED_EDGE ( 'NONE', *, *, #5373, .T. ) ;
#8864 = VERTEX_POINT ( 'NONE', #6737 ) ;
#8865 = CARTESIAN_POINT ( 'NONE',  ( 0.6273451906494143000, -0.3617380671998308700, 0.5400000000000000400 ) ) ;
#8866 = PLANE ( 'NONE',  #9627 ) ;
#8867 = CARTESIAN_POINT ( 'NONE',  ( 0.7114793720219444500, -0.5027508545177980000, 0.5400000000000000400 ) ) ;
#8868 = DIRECTION ( 'NONE',  ( -0.0000000000000000000, -0.0000000000000000000, -1.000000000000000000 ) ) ;
#8869 = CARTESIAN_POINT ( 'NONE',  ( 0.06885437127364359100, -0.4506805247283358100, 0.5400000000000000400 ) ) ;
#8870 = CARTESIAN_POINT ( 'NONE',  ( 0.4735003988421937500, -0.3315778830052764100, 0.5300000000000000300 ) ) ;
#8871 = CARTESIAN_POINT ( 'NONE',  ( 0.3993930860938320600, -0.4900581120928790800, 0.5400000000000000400 ) ) ;
#8872 = DIRECTION ( 'NONE',  ( 0.3385350343141527200, 0.9409537876760555300, 0.0000000000000000000 ) ) ;
#8873 = B_SPLINE_SURFACE_WITH_KNOTS ( 'NONE', 3, 1, ( 
 ( #5349, #6840 ),
 ( #1597, #6874 ),
 ( #2344, #7645 ),
 ( #3135, #8278 ) ),
 .UNSPECIFIED., .F., .F., .F.,
 ( 4, 4 ),
 ( 2, 2 ),
 ( 4.000000000000000000, 5.000000000000000000 ),
 ( 0.0000000000000000000, 1.000000000000000000 ),
 .UNSPECIFIED. ) ;
#8874 = SURFACE_STYLE_USAGE ( .BOTH. , #3625 ) ;
#8875 = PRESENTATION_LAYER_ASSIGNMENT (  '', '', ( #8398 ) ) ;
#8876 = CIRCLE ( 'NONE', #283, 0.1250000000000000000 ) ;
#8877 = CYLINDRICAL_SURFACE ( 'NONE', #949, 0.1250000000000000000 ) ;
#8878 = CARTESIAN_POINT ( 'NONE',  ( 0.007432943572267011600, -0.4362935195565979500, 0.5400000000000000400 ) ) ;
#8879 = DIRECTION ( 'NONE',  ( -0.3409177962187146000, -0.9400931103999088400, -0.0000000000000000000 ) ) ;
#8880 = ADVANCED_FACE ( 'NONE', ( #2815 ), #29, .F. ) ;
#8881 = CARTESIAN_POINT ( 'NONE',  ( 0.08213467968051899000, -0.3394579536937830700, 0.5300000000000000300 ) ) ;
#8882 =( NAMED_UNIT ( * ) PLANE_ANGLE_UNIT ( ) SI_UNIT ( $, .RADIAN. ) );
#8883 = ORIENTED_EDGE ( 'NONE', *, *, #1, .F. ) ;
#8884 = CARTESIAN_POINT ( 'NONE',  ( 0.4578831530684388000, -0.4996075107828368300, 0.5300000000000000300 ) ) ;
#8885 = LINE ( 'NONE', #5640, #3157 ) ;
#8886 = CARTESIAN_POINT ( 'NONE',  ( 0.4335719755707609400, -0.3758632194286974900, 0.5300000000000000300 ) ) ;
#8887 = EDGE_CURVE ( 'NONE', #4319, #8946, #5253, .T. ) ;
#8888 = DIRECTION ( 'NONE',  ( 0.9910683662997715700, 0.1333547648938786000, 0.0000000000000000000 ) ) ;
#8889 = EDGE_CURVE ( 'NONE', #1135, #932, #6601, .T. ) ;
#8890 = CARTESIAN_POINT ( 'NONE',  ( -0.001420598883641920400, -0.3743187698585325200, 0.5300000000000000300 ) ) ;
#8891 = CARTESIAN_POINT ( 'NONE',  ( 0.5106435808288617400, -0.4888246480952716000, 0.5300000000000000300 ) ) ;
#8892 = B_SPLINE_CURVE_WITH_KNOTS ( 'NONE', 3,
 ( #7367, #622, #6633, #2086 ),
 .UNSPECIFIED., .F., .F.,
 ( 4, 4 ),
 ( 22.00000000000000000, 23.00000000000000000 ),
 .UNSPECIFIED. ) ;
#8893 = FILL_AREA_STYLE ('',( #5876 ) ) ;
#8894 = EDGE_LOOP ( 'NONE', ( #2717, #2325, #6323, #3047, #5460, #2105, #875, #8793, #5840, #2962, #2940, #8907, #2153, #2258, #3478, #8297, #6881, #5053, #1120, #237, #5869 ) ) ;
#8895 = ORIENTED_EDGE ( 'NONE', *, *, #2425, .T. ) ;
#8896 = SURFACE_SIDE_STYLE ('',( #6128 ) ) ;
#8897 = PLANE ( 'NONE',  #4894 ) ;
#8898 = EDGE_CURVE ( 'NONE', #3832, #6468, #4815, .T. ) ;
#8899 = CARTESIAN_POINT ( 'NONE',  ( 0.6149309723531775100, -0.4562373250666672000, 0.5400000000000000400 ) ) ;
#8900 = CARTESIAN_POINT ( 'NONE',  ( -0.02742788842358112900, -0.4374002374296833700, 0.5400000000000000400 ) ) ;
#8901 = DIRECTION ( 'NONE',  ( 1.000000000000000000, -0.0000000000000000000, -0.0000000000000000000 ) ) ;
#8902 = EDGE_CURVE ( 'NONE', #4252, #6858, #8601, .T. ) ;
#8903 = LINE ( 'NONE', #8050, #1156 ) ;
#8904 = B_SPLINE_CURVE_WITH_KNOTS ( 'NONE', 3,
 ( #6413, #4873, #3423, #4163 ),
 .UNSPECIFIED., .F., .F.,
 ( 4, 4 ),
 ( 35.00000000000000000, 36.00000000000000000 ),
 .UNSPECIFIED. ) ;
#8905 = CARTESIAN_POINT ( 'NONE',  ( 0.6828510705337107500, -0.5251123631161613800, 0.5300000000000000300 ) ) ;
#8906 = VERTEX_POINT ( 'NONE', #1539 ) ;
#8907 = ORIENTED_EDGE ( 'NONE', *, *, #8828, .F. ) ;
#8908 = LINE ( 'NONE', #5236, #6688 ) ;
#8909 = ORIENTED_EDGE ( 'NONE', *, *, #6627, .T. ) ;
#8910 = ORIENTED_EDGE ( 'NONE', *, *, #5354, .T. ) ;
#8911 = CARTESIAN_POINT ( 'NONE',  ( 0.5114791532143173600, -0.4782407312145751700, 0.5400000000000000400 ) ) ;
#8912 = DIRECTION ( 'NONE',  ( -2.490470870474809300E-013, 1.000000000000000000, 0.0000000000000000000 ) ) ;
#8913 = DIRECTION ( 'NONE',  ( 1.253773678939723300E-014, -1.000000000000000000, -0.0000000000000000000 ) ) ;
#8914 = DIRECTION ( 'NONE',  ( 1.000000000000000000, 0.0000000000000000000, 0.0000000000000000000 ) ) ;
#8915 = STYLED_ITEM ( 'NONE', ( #10 ), #96 ) ;
#8916 = CARTESIAN_POINT ( 'NONE',  ( 0.5291256462097089200, -0.4775245263126034500, 0.5400000000000000400 ) ) ;
#8917 = AXIS2_PLACEMENT_3D ( 'NONE', #8370, #7602, #7667 ) ;
#8918 = CARTESIAN_POINT ( 'NONE',  ( 0.7291258650168087600, -0.5251123631161613800, 0.5400000000000000400 ) ) ;
#8919 = LINE ( 'NONE', #5245, #9181 ) ;
#8920 = EDGE_CURVE ( 'NONE', #8714, #2364, #1073, .T. ) ;
#8921 = PLANE ( 'NONE',  #5190 ) ;
#8922 = VERTEX_POINT ( 'NONE', #4535 ) ;
#8923 = DIRECTION ( 'NONE',  ( -1.000000000000000000, -0.0000000000000000000, -0.0000000000000000000 ) ) ;
#8924 = EDGE_LOOP ( 'NONE', ( #5639, #2730 ) ) ;
#8925 = CARTESIAN_POINT ( 'NONE',  ( 0.4984084137578308500, -0.5130960364320531500, 0.5400000000000000400 ) ) ;
#8926 = LINE ( 'NONE', #3172, #4703 ) ;
#8927 = SURFACE_STYLE_USAGE ( .BOTH. , #4419 ) ;
#8928 = CARTESIAN_POINT ( 'NONE',  ( 0.06830101233683673300, -0.5619031274256207600, 0.5400000000000000400 ) ) ;
#8929 = ADVANCED_FACE ( 'NONE', ( #4334 ), #3280, .T. ) ;
#8930 = CARTESIAN_POINT ( 'NONE',  ( 0.4641897351197373800, -0.4761716948315121700, 0.5300000000000000300 ) ) ;
#8931 = PRESENTATION_STYLE_ASSIGNMENT (( #261 ) ) ;
#8932 = DIRECTION ( 'NONE',  ( -0.3416038306815658000, 0.9398440417769747800, 0.0000000000000000000 ) ) ;
#8933 = AXIS2_PLACEMENT_3D ( 'NONE', #9177, #8444, #3921 ) ;
#8934 = EDGE_LOOP ( 'NONE', ( #3361, #8364 ) ) ;
#8935 = B_SPLINE_SURFACE_WITH_KNOTS ( 'NONE', 3, 1, ( 
 ( #7805, #1022 ),
 ( #4031, #9297 ),
 ( #1721, #7011 ),
 ( #2488, #5492 ) ),
 .UNSPECIFIED., .F., .F., .F.,
 ( 4, 4 ),
 ( 2, 2 ),
 ( 34.00000000000000000, 35.00000000000000000 ),
 ( 0.0000000000000000000, 1.000000000000000000 ),
 .UNSPECIFIED. ) ;
#8936 = AXIS2_PLACEMENT_3D ( 'NONE', #4716, #249, #3230 ) ;
#8937 = CARTESIAN_POINT ( 'NONE',  ( 0.1341492376519107000, -0.4694942958510384100, 0.5400000000000000400 ) ) ;
#8938 = VECTOR ( 'NONE', #6222, 1000.000000000000000 ) ;
#8939 = CARTESIAN_POINT ( 'NONE',  ( 0.4717496757489552700, -0.3940070769391410500, 0.5300000000000000300 ) ) ;
#8940 = CARTESIAN_POINT ( 'NONE',  ( 0.5047149958091294900, -0.4726702486455662300, 0.5400000000000000400 ) ) ;
#8941 = ORIENTED_EDGE ( 'NONE', *, *, #4258, .T. ) ;
#8942 = DIRECTION ( 'NONE',  ( -0.9345104387417423300, -0.3559357243698872400, 0.0000000000000000000 ) ) ;
#8943 = CARTESIAN_POINT ( 'NONE',  ( 0.5492788563609450900, -0.3927736129415362900, 0.5400000000000000400 ) ) ;
#8944 = CARTESIAN_POINT ( 'NONE',  ( 0.7695118636426638800, -0.4472847637951944400, 0.5400000000000000400 ) ) ;
#8945 = PRESENTATION_STYLE_ASSIGNMENT (( #6050 ) ) ;
#8946 = VERTEX_POINT ( 'NONE', #3097 ) ;
#8947 = ORIENTED_EDGE ( 'NONE', *, *, #9659, .F. ) ;
#8948 = CARTESIAN_POINT ( 'NONE',  ( -0.8999999999999999100, -0.6500000000000000200, 0.5300000000000000300 ) ) ;
#8949 = EDGE_CURVE ( 'NONE', #9418, #4575, #599, .T. ) ;
#8950 = EDGE_LOOP ( 'NONE', ( #5673, #2963, #6297, #7329 ) ) ;
#8951 = CARTESIAN_POINT ( 'NONE',  ( 0.6905900623881550100, -0.4016465958906862400, 0.5400000000000000400 ) ) ;
#8952 = B_SPLINE_SURFACE_WITH_KNOTS ( 'NONE', 3, 1, ( 
 ( #7878, #2571 ),
 ( #7088, #1096 ),
 ( #6354, #1823 ),
 ( #4818, #356 ) ),
 .UNSPECIFIED., .F., .F., .F.,
 ( 4, 4 ),
 ( 2, 2 ),
 ( 1.000000000000000000, 2.000000000000000000 ),
 ( 0.0000000000000000000, 1.000000000000000000 ),
 .UNSPECIFIED. ) ;
#8953 = VECTOR ( 'NONE', #6791, 999.9999999999998900 ) ;
#8954 = CARTESIAN_POINT ( 'NONE',  ( 0.6828510705337107500, -0.5251123631161613800, 0.5300000000000000300 ) ) ;
#8955 = CARTESIAN_POINT ( 'NONE',  ( 0.7644785347493386900, -0.4598183495754674700, 0.5300000000000000300 ) ) ;
#8956 = CARTESIAN_POINT ( 'NONE',  ( 0.07051441642080705200, -0.3483114908728360800, 0.5400000000000000400 ) ) ;
#8957 = VERTEX_POINT ( 'NONE', #3855 ) ;
#8958 = ORIENTED_EDGE ( 'NONE', *, *, #4389, .T. ) ;
#8959 = VERTEX_POINT ( 'NONE', #9105 ) ;
#8960 = CARTESIAN_POINT ( 'NONE',  ( 0.1479828838871060400, -0.5065685002683939500, 0.5400000000000000400 ) ) ;
#8961 = VERTEX_POINT ( 'NONE', #5355 ) ;
#8962 = CARTESIAN_POINT ( 'NONE',  ( -0.5999999999999999800, -0.3999999999999999700, 0.0000000000000000000 ) ) ;
#8963 = DIRECTION ( 'NONE',  ( -0.0000000000000000000, -0.0000000000000000000, -1.000000000000000000 ) ) ;
#8964 = FACE_OUTER_BOUND ( 'NONE', #1805, .T. ) ;
#8965 = ORIENTED_EDGE ( 'NONE', *, *, #4292, .F. ) ;
#8966 = CARTESIAN_POINT ( 'NONE',  ( 0.3893463228890830000, -0.4016465958906849100, 0.5400000000000000400 ) ) ;
#8967 = VERTEX_POINT ( 'NONE', #6114 ) ;
#8968 = EDGE_CURVE ( 'NONE', #6871, #3477, #8118, .T. ) ;
#8969 = CARTESIAN_POINT ( 'NONE',  ( 0.4581616771968354300, -0.5264254054360929500, 0.5400000000000000400 ) ) ;
#8970 = ORIENTED_EDGE ( 'NONE', *, *, #4234, .F. ) ;
#8971 = VERTEX_POINT ( 'NONE', #4597 ) ;
#8972 = EDGE_CURVE ( 'NONE', #8127, #6270, #2351, .T. ) ;
#8973 = CARTESIAN_POINT ( 'NONE',  ( 0.6502438529239925600, -0.3803593946447465500, 0.5300000000000000300 ) ) ;
#8974 = CARTESIAN_POINT ( 'NONE',  ( 0.7638021190090552600, -0.4572320540973008900, 0.5300000000000000300 ) ) ;
#8975 = CARTESIAN_POINT ( 'NONE',  ( 0.4530089808205556800, -0.5023927520673400200, 0.5400000000000000400 ) ) ;
#8976 = PRESENTATION_STYLE_ASSIGNMENT (( #4214 ) ) ;
#8977 = VERTEX_POINT ( 'NONE', #7648 ) ;
#8978 = VECTOR ( 'NONE', #2693, 1000.000000000000000 ) ;
#8979 = CARTESIAN_POINT ( 'NONE',  ( 0.0000000000000000000, 0.5250000000000000200, 0.0000000000000000000 ) ) ;
#8980 = ORIENTED_EDGE ( 'NONE', *, *, #7343, .T. ) ;
#8981 = VERTEX_POINT ( 'NONE', #3138 ) ;
#8982 = CARTESIAN_POINT ( 'NONE',  ( 0.4635133193791931600, -0.3940070769391410500, 0.5400000000000000400 ) ) ;
#8983 = VERTEX_POINT ( 'NONE', #4633 ) ;
#8984 = ORIENTED_EDGE ( 'NONE', *, *, #3316, .T. ) ;
#8985 = VECTOR ( 'NONE', #1497, 1000.000000000000000 ) ;
#8986 = CARTESIAN_POINT ( 'NONE',  ( -0.07499999999999995600, 5.421010862427522200E-017, -0.02000000000000000000 ) ) ;
#8987 = DIRECTION ( 'NONE',  ( 0.0000000000000000000, 0.0000000000000000000, 1.000000000000000000 ) ) ;
#8988 = PLANE ( 'NONE',  #3849 ) ;
#8989 = CARTESIAN_POINT ( 'NONE',  ( 0.7130709384700055800, -0.5142101329456405500, 0.5300000000000000300 ) ) ;
#8990 = AXIS2_PLACEMENT_3D ( 'NONE', #6574, #862, #6108 ) ;
#8991 = ORIENTED_EDGE ( 'NONE', *, *, #1914, .F. ) ;
#8992 = ADVANCED_FACE ( 'NONE', ( #171 ), #7201, .T. ) ;
#8993 = VERTEX_POINT ( 'NONE', #9173 ) ;
#8994 = ORIENTED_EDGE ( 'NONE', *, *, #939, .F. ) ;
#8995 = ORIENTED_EDGE ( 'NONE', *, *, #6827, .T. ) ;
#8996 = EDGE_CURVE ( 'NONE', #3197, #4454, #9182, .T. ) ;
#8997 = CARTESIAN_POINT ( 'NONE',  ( 0.5114791532143173600, -0.4782407312145751700, 0.5400000000000000400 ) ) ;
#8998 = B_SPLINE_SURFACE_WITH_KNOTS ( 'NONE', 3, 1, ( 
 ( #9450, #2660 ),
 ( #6425, #1886 ),
 ( #7189, #1043 ),
 ( #6308, #1774 ) ),
 .UNSPECIFIED., .F., .F., .F.,
 ( 4, 4 ),
 ( 2, 2 ),
 ( 0.0000000000000000000, 1.000000000000000000 ),
 ( 0.0000000000000000000, 1.000000000000000000 ),
 .UNSPECIFIED. ) ;
#8999 = CARTESIAN_POINT ( 'NONE',  ( 0.06276757072949418200, -0.3809588923993698100, 0.5400000000000000400 ) ) ;
#9000 = DIRECTION ( 'NONE',  ( 0.0000000000000000000, 0.0000000000000000000, -1.000000000000000000 ) ) ;
#9001 = PLANE ( 'NONE',  #2971 ) ;
#9002 = CARTESIAN_POINT ( 'NONE',  ( 0.5134885058553728700, -0.5264254054360929500, 0.5400000000000000400 ) ) ;
#9003 = CARTESIAN_POINT ( 'NONE',  ( 0.4808414990847580900, -0.3225059542497878400, 0.5300000000000000300 ) ) ;
#9004 = ORIENTED_EDGE ( 'NONE', *, *, #6605, .F. ) ;
#9005 = CARTESIAN_POINT ( 'NONE',  ( 0.2265580375637614200, -0.4916281678223113900, 0.5300000000000000300 ) ) ;
#9006 = AXIS2_PLACEMENT_3D ( 'NONE', #8020, #1239, #5270 ) ;
#9007 = CARTESIAN_POINT ( 'NONE',  ( 0.5475082386873916200, -0.3238189965697173000, 0.5400000000000000400 ) ) ;
#9008 = VECTOR ( 'NONE', #9246, 1000.000000000000000 ) ;
#9009 = DIRECTION ( 'NONE',  ( 0.0000000000000000000, 0.0000000000000000000, 1.000000000000000000 ) ) ;
#9010 = CARTESIAN_POINT ( 'NONE',  ( 0.6156073880934355100, -0.3341243893222797800, 0.5400000000000000400 ) ) ;
#9011 = ADVANCED_FACE ( 'NONE', ( #5420 ), #73, .F. ) ;
#9012 = EDGE_CURVE ( 'NONE', #4488, #2379, #3194, .T. ) ;
#9013 = PLANE ( 'NONE',  #522 ) ;
#9014 = CARTESIAN_POINT ( 'NONE',  ( 0.0000000000000000000, 0.0000000000000000000, 0.5300000000000000300 ) ) ;
#9015 = CARTESIAN_POINT ( 'NONE',  ( 0.4272256043582997600, -0.4900581120928790800, 0.5400000000000000400 ) ) ;
#9016 = CARTESIAN_POINT ( 'NONE',  ( 0.5134885058553728700, -0.5264254054360929500, 0.5300000000000000300 ) ) ;
#9017 = FACE_OUTER_BOUND ( 'NONE', #9556, .T. ) ;
#9018 = SURFACE_SIDE_STYLE ('',( #4688 ) ) ;
#9019 = CARTESIAN_POINT ( 'NONE',  ( 0.5174674219760538900, -0.3576795727570894500, 0.5400000000000000400 ) ) ;
#9020 =( NAMED_UNIT ( * ) SI_UNIT ( $, .STERADIAN. ) SOLID_ANGLE_UNIT ( ) );
#9021 = CARTESIAN_POINT ( 'NONE',  ( 0.6082463932700258300, -0.3400927635034372000, 0.5400000000000000400 ) ) ;
#9022 = DIRECTION ( 'NONE',  ( -1.000000000000000000, 0.0000000000000000000, 0.0000000000000000000 ) ) ;
#9023 = EDGE_CURVE ( 'NONE', #5203, #3197, #2855, .T. ) ;
#9024 = CARTESIAN_POINT ( 'NONE',  ( 0.4751914381934273000, -0.5165179042956770100, 0.5300000000000000300 ) ) ;
#9025 = VECTOR ( 'NONE', #7079, 1000.000000000000000 ) ;
#9026 = EDGE_CURVE ( 'NONE', #2410, #8961, #7234, .T. ) ;
#9027 = CARTESIAN_POINT ( 'NONE',  ( 0.6244082531879128200, -0.3780317287142656600, 0.5400000000000000400 ) ) ;
#9028 = EDGE_LOOP ( 'NONE', ( #5515, #3422, #8742, #7344 ) ) ;
#9029 = PLANE ( 'NONE',  #6668 ) ;
#9030 = ORIENTED_EDGE ( 'NONE', *, *, #4112, .T. ) ;
#9031 = ADVANCED_FACE ( 'NONE', ( #1412 ), #8238, .T. ) ;
#9032 = CARTESIAN_POINT ( 'NONE',  ( 0.0000000000000000000, 0.0000000000000000000, 0.5300000000000000300 ) ) ;
#9033 = DIRECTION ( 'NONE',  ( -0.2524218971879139100, 0.9676172723861713500, -0.0000000000000000000 ) ) ;
#9034 = VECTOR ( 'NONE', #4307, 1000.000000000000000 ) ;
#9035 = DIRECTION ( 'NONE',  ( -0.0000000000000000000, -0.0000000000000000000, 1.000000000000000000 ) ) ;
#9036 = AXIS2_PLACEMENT_3D ( 'NONE', #459, #6474, #1929 ) ;
#9037 = EDGE_LOOP ( 'NONE', ( #602, #3259, #9620, #1560 ) ) ;
#9038 = LINE ( 'NONE', #1862, #5024 ) ;
#9039 = LINE ( 'NONE', #9131, #6825 ) ;
#9040 = CARTESIAN_POINT ( 'NONE',  ( 0.4517556222423695900, -0.3858105097302731400, 0.5300000000000000300 ) ) ;
#9041 = VERTEX_POINT ( 'NONE', #4758 ) ;
#9042 = CARTESIAN_POINT ( 'NONE',  ( 0.5430319580516553800, -0.5504978479665310100, 0.5400000000000000400 ) ) ;
#9043 = EDGE_CURVE ( 'NONE', #3197, #2012, #6487, .T. ) ;
#9044 = ORIENTED_EDGE ( 'NONE', *, *, #5561, .F. ) ;
#9045 = CARTESIAN_POINT ( 'NONE',  ( 0.7057099436465954500, -0.4635585307289159500, 0.5400000000000000400 ) ) ;
#9046 = B_SPLINE_CURVE_WITH_KNOTS ( 'NONE', 3,
 ( #3013, #7522, #4517, #56 ),
 .UNSPECIFIED., .F., .F.,
 ( 4, 4 ),
 ( 3.000000000000000000, 4.000000000000000000 ),
 .UNSPECIFIED. ) ;
#9047 = UNCERTAINTY_MEASURE_WITH_UNIT (LENGTH_MEASURE( 1.000000000000000100E-005 ), #7541, 'distance_accuracy_value', 'NONE');
#9048 = DIRECTION ( 'NONE',  ( -0.0000000000000000000, -0.0000000000000000000, -1.000000000000000000 ) ) ;
#9049 = FACE_OUTER_BOUND ( 'NONE', #2621, .T. ) ;
#9050 = LINE ( 'NONE', #4217, #5036 ) ;
#9051 = COLOUR_RGB ( '',0.2980392156862745100, 0.2980392156862745100, 0.2980392156862745100 ) ;
#9052 = ORIENTED_EDGE ( 'NONE', *, *, #6805, .T. ) ;
#9053 = SURFACE_SIDE_STYLE ('',( #1129 ) ) ;
#9054 = B_SPLINE_SURFACE_WITH_KNOTS ( 'NONE', 3, 1, ( 
 ( #6559, #5478 ),
 ( #5776, #544 ),
 ( #8059, #2780 ),
 ( #7312, #2005 ) ),
 .UNSPECIFIED., .F., .F., .F.,
 ( 4, 4 ),
 ( 2, 2 ),
 ( 21.00000000000000000, 22.00000000000000000 ),
 ( 0.0000000000000000000, 1.000000000000000000 ),
 .UNSPECIFIED. ) ;
#9055 = CARTESIAN_POINT ( 'NONE',  ( 0.6077888179161363700, -0.3980257822207214400, 0.5400000000000000400 ) ) ;
#9056 = CARTESIAN_POINT ( 'NONE',  ( 0.4651048858275191300, -0.4682536517513063400, 0.5400000000000000400 ) ) ;
#9057 = ORIENTED_EDGE ( 'NONE', *, *, #6507, .F. ) ;
#9058 = CARTESIAN_POINT ( 'NONE',  ( 0.09209490834705039200, -0.4855413672786935100, 0.5400000000000000400 ) ) ;
#9059 = CARTESIAN_POINT ( 'NONE',  ( 0.5074206587713087100, -0.4016465958906849100, 0.5400000000000000400 ) ) ;
#9060 = AXIS2_PLACEMENT_3D ( 'NONE', #2594, #7871, #3368 ) ;
#9061 = CARTESIAN_POINT ( 'NONE',  ( 0.4789316193468715100, -0.4029596382106130400, 0.5400000000000000400 ) ) ;
#9062 = FACE_OUTER_BOUND ( 'NONE', #1996, .T. ) ;
#9063 = EDGE_CURVE ( 'NONE', #8099, #7407, #4460, .T. ) ;
#9064 = ADVANCED_FACE ( 'NONE', ( #272 ), #2526, .F. ) ;
#9065 = CARTESIAN_POINT ( 'NONE',  ( 0.7652544233930525000, -0.4626831691822945700, 0.5300000000000000300 ) ) ;
#9066 = B_SPLINE_CURVE_WITH_KNOTS ( 'NONE', 3,
 ( #8129, #2071, #5845, #604 ),
 .UNSPECIFIED., .F., .F.,
 ( 4, 4 ),
 ( 1.000000000000000000, 2.000000000000000000 ),
 .UNSPECIFIED. ) ;
#9067 = FACE_OUTER_BOUND ( 'NONE', #6027, .T. ) ;
#9068 = CIRCLE ( 'NONE', #6582, 0.1250000000000000000 ) ;
#9069 = CARTESIAN_POINT ( 'NONE',  ( 0.3256070286187669500, -0.4672809234297993200, 0.5400000000000000400 ) ) ;
#9070 = VERTEX_POINT ( 'NONE', #4780 ) ;
#9071 = CARTESIAN_POINT ( 'NONE',  ( 0.6156073880934355100, -0.3341243893222797800, 0.5300000000000000300 ) ) ;
#9072 =( LENGTH_UNIT ( ) NAMED_UNIT ( * ) SI_UNIT ( .MILLI., .METRE. ) );
#9073 = LINE ( 'NONE', #276, #3324 ) ;
#9074 = DIRECTION ( 'NONE',  ( -0.9398440417738260800, -0.3416038306902293200, 0.0000000000000000000 ) ) ;
#9075 = EDGE_LOOP ( 'NONE', ( #5629, #1669, #1548, #8651 ) ) ;
#9076 = STYLED_ITEM ( 'NONE', ( #4269 ), #2508 ) ;
#9077 = FACE_OUTER_BOUND ( 'NONE', #2060, .T. ) ;
#9078 = MECHANICAL_DESIGN_GEOMETRIC_PRESENTATION_REPRESENTATION (  '', ( #7589 ), #9580 ) ;
#9079 = VECTOR ( 'NONE', #3107, 1000.000000000000000 ) ;
#9080 = CARTESIAN_POINT ( 'NONE',  ( 0.5304983722713826300, -0.4983342576240698500, 0.5400000000000000400 ) ) ;
#9081 = DIRECTION ( 'NONE',  ( 0.0000000000000000000, 1.000000000000000000, -0.0000000000000000000 ) ) ;
#9082 = DIRECTION ( 'NONE',  ( -0.9910683662997715700, -0.1333547648938786000, 0.0000000000000000000 ) ) ;
#9083 = CARTESIAN_POINT ( 'NONE',  ( 0.6084652336569470500, -0.3846566240555205900, 0.5400000000000000400 ) ) ;
#9084 = EDGE_LOOP ( 'NONE', ( #5545, #5324, #1523, #506 ) ) ;
#9085 = CARTESIAN_POINT ( 'NONE',  ( 0.5585497309222428000, -0.5350994425794315400, 0.5300000000000000300 ) ) ;
#9086 = B_SPLINE_SURFACE_WITH_KNOTS ( 'NONE', 3, 1, ( 
 ( #915, #9204 ),
 ( #199, #4653 ),
 ( #9163, #3726 ),
 ( #3458, #4251 ) ),
 .UNSPECIFIED., .F., .F., .F.,
 ( 4, 4 ),
 ( 2, 2 ),
 ( 2.000000000000000000, 3.000000000000000000 ),
 ( 0.0000000000000000000, 1.000000000000000000 ),
 .UNSPECIFIED. ) ;
#9087 = FILL_AREA_STYLE_COLOUR ( '', #4427 ) ;
#9088 = ORIENTED_EDGE ( 'NONE', *, *, #3445, .T. ) ;
#9089 = LINE ( 'NONE', #1153, #3337 ) ;
#9090 = EDGE_LOOP ( 'NONE', ( #1465, #8374, #1274, #1309 ) ) ;
#9091 = ORIENTED_EDGE ( 'NONE', *, *, #5750, .F. ) ;
#9092 = EDGE_CURVE ( 'NONE', #5325, #4584, #484, .T. ) ;
#9093 = ADVANCED_FACE ( 'NONE', ( #3999 ), #1048, .F. ) ;
#9094 = EDGE_CURVE ( 'NONE', #1973, #5865, #1965, .T. ) ;
#9095 = CARTESIAN_POINT ( 'NONE',  ( 0.5012334442034981400, -0.4933208233118561700, 0.5300000000000000300 ) ) ;
#9096 = DIRECTION ( 'NONE',  ( -0.0000000000000000000, -0.0000000000000000000, -1.000000000000000000 ) ) ;
#9097 = ORIENTED_EDGE ( 'NONE', *, *, #4493, .T. ) ;
#9098 = CARTESIAN_POINT ( 'NONE',  ( 0.4335719755707609400, -0.3642049951950437900, 0.5300000000000000300 ) ) ;
#9099 = CARTESIAN_POINT ( 'NONE',  ( 0.7638021190090552600, -0.4572320540973008900, 0.5300000000000000300 ) ) ;
#9100 = LINE ( 'NONE', #2152, #5331 ) ;
#9101 = CARTESIAN_POINT ( 'NONE',  ( 0.4918432021587133000, -0.3887946968205875400, 0.5400000000000000400 ) ) ;
#9102 = ORIENTED_EDGE ( 'NONE', *, *, #7049, .T. ) ;
#9103 = ORIENTED_EDGE ( 'NONE', *, *, #8352, .F. ) ;
#9104 = VECTOR ( 'NONE', #6782, 1000.000000000000000 ) ;
#9105 = CARTESIAN_POINT ( 'NONE',  ( 0.1341492376519107000, -0.4694942958510384100, 0.5400000000000000400 ) ) ;
#9106 = ORIENTED_EDGE ( 'NONE', *, *, #1363, .T. ) ;
#9107 = DIRECTION ( 'NONE',  ( -1.000000000000000000, 0.0000000000000000000, 0.0000000000000000000 ) ) ;
#9108 = VECTOR ( 'NONE', #3742, 1000.000000000000000 ) ;
#9109 = CARTESIAN_POINT ( 'NONE',  ( 0.5005570284629505800, -0.4756544357358798400, 0.5300000000000000300 ) ) ;
#9110 = DIRECTION ( 'NONE',  ( -0.0000000000000000000, -0.0000000000000000000, -1.000000000000000000 ) ) ;
#9111 = ORIENTED_EDGE ( 'NONE', *, *, #4872, .T. ) ;
#9112 = EDGE_CURVE ( 'NONE', #8377, #9161, #6000, .T. ) ;
#9113 = ORIENTED_EDGE ( 'NONE', *, *, #1586, .T. ) ;
#9114 = CARTESIAN_POINT ( 'NONE',  ( 0.6167811683492973000, -0.3620165913284922900, 0.5400000000000000400 ) ) ;
#9115 = VERTEX_POINT ( 'NONE', #345 ) ;
#9116 = CARTESIAN_POINT ( 'NONE',  ( 0.6905900623881550100, -0.4016465958906862400, 0.5400000000000000400 ) ) ;
#9117 = ORIENTED_EDGE ( 'NONE', *, *, #8060, .F. ) ;
#9118 = B_SPLINE_CURVE_WITH_KNOTS ( 'NONE', 3,
 ( #2055, #8112, #9613, #5103 ),
 .UNSPECIFIED., .F., .F.,
 ( 4, 4 ),
 ( 12.00000000000000000, 13.00000000000000000 ),
 .UNSPECIFIED. ) ;
#9119 = VECTOR ( 'NONE', #860, 1000.000000000000000 ) ;
#9120 = CARTESIAN_POINT ( 'NONE',  ( 0.1313824957396187200, -0.3361378739537001500, 0.5300000000000000300 ) ) ;
#9121 = EDGE_CURVE ( 'NONE', #9436, #1660, #3774, .T. ) ;
#9122 = DIRECTION ( 'NONE',  ( 0.0000000000000000000, -1.000000000000000000, 0.0000000000000000000 ) ) ;
#9123 = CARTESIAN_POINT ( 'NONE',  ( 0.6534269858206459600, -0.3715659900179227900, 0.5300000000000000300 ) ) ;
#9124 = ADVANCED_FACE ( 'NONE', ( #43 ), #5576, .F. ) ;
#9125 = CARTESIAN_POINT ( 'NONE',  ( 0.7652544233930525000, -0.4626831691822945700, 0.5300000000000000300 ) ) ;
#9126 = ORIENTED_EDGE ( 'NONE', *, *, #4854, .F. ) ;
#9127 = ORIENTED_EDGE ( 'NONE', *, *, #3963, .T. ) ;
#9128 = B_SPLINE_SURFACE_WITH_KNOTS ( 'NONE', 3, 1, ( 
 ( #5962, #8202 ),
 ( #2942, #7464 ),
 ( #2165, #6693 ),
 ( #1430, #5931 ) ),
 .UNSPECIFIED., .F., .F., .F.,
 ( 4, 4 ),
 ( 2, 2 ),
 ( 3.000000000000000000, 4.000000000000000000 ),
 ( 0.0000000000000000000, 1.000000000000000000 ),
 .UNSPECIFIED. ) ;
#9129 = SURFACE_STYLE_FILL_AREA ( #3562 ) ;
#9130 = CARTESIAN_POINT ( 'NONE',  ( 0.1230823016660108100, -0.5619031274256207600, 0.5300000000000000300 ) ) ;
#9131 = CARTESIAN_POINT ( 'NONE',  ( 0.5857854117682252900, -0.3327715578411892800, 0.5300000000000000300 ) ) ;
#9132 = EDGE_CURVE ( 'NONE', #6468, #3832, #8006, .T. ) ;
#9133 = EDGE_CURVE ( 'NONE', #489, #7135, #7741, .T. ) ;
#9134 = CARTESIAN_POINT ( 'NONE',  ( 0.4530089808205556800, -0.5023927520673400200, 0.5300000000000000300 ) ) ;
#9135 = VERTEX_POINT ( 'NONE', #1080 ) ;
#9136 = B_SPLINE_SURFACE_WITH_KNOTS ( 'NONE', 3, 1, ( 
 ( #8029, #4455 ),
 ( #6566, #2017 ),
 ( #7323, #2790 ),
 ( #5017, #551 ) ),
 .UNSPECIFIED., .F., .F., .F.,
 ( 4, 4 ),
 ( 2, 2 ),
 ( 6.000000000000000000, 7.000000000000000000 ),
 ( 0.0000000000000000000, 1.000000000000000000 ),
 .UNSPECIFIED. ) ;
#9137 = FACE_OUTER_BOUND ( 'NONE', #8164, .T. ) ;
#9138 = CARTESIAN_POINT ( 'NONE',  ( 0.2912995555594620800, -0.4246732774053714200, 0.5300000000000000300 ) ) ;
#9139 = CARTESIAN_POINT ( 'NONE',  ( 0.4984084137578308500, -0.5231626942171130300, 0.5300000000000000300 ) ) ;
#9140 = CARTESIAN_POINT ( 'NONE',  ( 0.5005570284629505800, -0.4756544357358798400, 0.5400000000000000400 ) ) ;
#9141 = CARTESIAN_POINT ( 'NONE',  ( 0.5217646513862997900, -0.5042628426440655100, 0.5300000000000000300 ) ) ;
#9142 = DIRECTION ( 'NONE',  ( -0.0000000000000000000, -0.0000000000000000000, 1.000000000000000000 ) ) ;
#9143 = B_SPLINE_CURVE_WITH_KNOTS ( 'NONE', 3,
 ( #1233, #8754, #4624, #2069 ),
 .UNSPECIFIED., .F., .F.,
 ( 4, 4 ),
 ( 3.000000000000000000, 4.000000000000000000 ),
 .UNSPECIFIED. ) ;
#9144 = PRESENTATION_LAYER_ASSIGNMENT (  '', '', ( #8120 ) ) ;
#9145 = CARTESIAN_POINT ( 'NONE',  ( 0.5174674219760538900, -0.3576795727570894500, 0.5300000000000000300 ) ) ;
#9146 = AXIS2_PLACEMENT_3D ( 'NONE', #2256, #3274, #1032 ) ;
#9147 = VECTOR ( 'NONE', #5518, 1000.000000000000000 ) ;
#9148 = DIRECTION ( 'NONE',  ( 0.0000000000000000000, 0.0000000000000000000, 1.000000000000000000 ) ) ;
#9149 = ADVANCED_FACE ( 'NONE', ( #7544 ), #9372, .F. ) ;
#9150 = DIRECTION ( 'NONE',  ( 0.3493954794690841700, -0.9369753459545074900, -0.0000000000000000000 ) ) ;
#9151 = CARTESIAN_POINT ( 'NONE',  ( 0.2221312927212818800, -0.5253822819453388700, 0.5400000000000000400 ) ) ;
#9152 = CARTESIAN_POINT ( 'NONE',  ( 0.4589773550014471500, -0.4920873593142480700, 0.5400000000000000400 ) ) ;
#9153 = CARTESIAN_POINT ( 'NONE',  ( 0.5430319580516553800, -0.5504978479665310100, 0.5400000000000000400 ) ) ;
#9154 = VECTOR ( 'NONE', #3388, 1000.000000000000000 ) ;
#9155 = CARTESIAN_POINT ( 'NONE',  ( 0.02126660036170732400, -0.4783478383072152800, 0.5400000000000000400 ) ) ;
#9156 = EDGE_CURVE ( 'NONE', #2123, #3590, #6790, .T. ) ;
#9157 = CARTESIAN_POINT ( 'NONE',  ( 0.5680991296116734100, -0.5148467595247607800, 0.5300000000000000300 ) ) ;
#9158 = CARTESIAN_POINT ( 'NONE',  ( 0.5447627865640487500, -0.5510151070621655000, 0.5300000000000000300 ) ) ;
#9159 = ORIENTED_EDGE ( 'NONE', *, *, #5944, .F. ) ;
#9160 = CARTESIAN_POINT ( 'NONE',  ( 0.4754500677412452100, -0.4807076592092585100, 0.5300000000000000300 ) ) ;
#9161 = VERTEX_POINT ( 'NONE', #8636 ) ;
#9162 = VERTEX_POINT ( 'NONE', #2646 ) ;
#9163 = CARTESIAN_POINT ( 'NONE',  ( 0.4513577306304862900, -0.5142499221068056500, 0.5400000000000000400 ) ) ;
#9164 = PLANE ( 'NONE',  #1509 ) ;
#9165 = DIRECTION ( 'NONE',  ( -0.0000000000000000000, -0.0000000000000000000, -1.000000000000000000 ) ) ;
#9166 = CARTESIAN_POINT ( 'NONE',  ( 0.6665773035994542200, -0.3337662868712928900, 0.5400000000000000400 ) ) ;
#9167 = LINE ( 'NONE', #5350, #7398 ) ;
#9168 = EDGE_LOOP ( 'NONE', ( #4265, #8835, #6180, #6395, #5335, #8121, #195, #5973, #617, #9185, #4686, #7340, #8642, #1881, #7347, #521, #734, #5189, #5688, #422, #7955, #4910, #5760, #179, #8258, #8272, #4320, #1306, #1646, #2102, #7822, #5240, #5070 ) ) ;
#9169 = EDGE_CURVE ( 'NONE', #312, #5413, #5754, .T. ) ;
#9170 = ORIENTED_EDGE ( 'NONE', *, *, #9043, .F. ) ;
#9171 = VECTOR ( 'NONE', #7454, 1000.000000000000000 ) ;
#9172 = ADVANCED_FACE ( 'NONE', ( #3533 ), #92, .F. ) ;
#9173 = CARTESIAN_POINT ( 'NONE',  ( 0.5201134011962291700, -0.4935993474405162000, 0.5300000000000000300 ) ) ;
#9174 = EDGE_CURVE ( 'NONE', #6767, #556, #5289, .T. ) ;
#9175 = ORIENTED_EDGE ( 'NONE', *, *, #3490, .F. ) ;
#9176 = VERTEX_POINT ( 'NONE', #7960 ) ;
#9177 = CARTESIAN_POINT ( 'NONE',  ( 0.2000000000000000900, 0.4000000000000000800, -0.02000000000000000000 ) ) ;
#9178 = COLOUR_RGB ( '',0.6666666666666666300, 0.6666666666666666300, 0.6666666666666666300 ) ;
#9179 = DIRECTION ( 'NONE',  ( -1.000000000000000000, 0.0000000000000000000, 0.0000000000000000000 ) ) ;
#9180 = DIRECTION ( 'NONE',  ( 0.0000000000000000000, -1.000000000000000000, 0.0000000000000000000 ) ) ;
#9181 = VECTOR ( 'NONE', #8447, 1000.000000000000000 ) ;
#9182 = B_SPLINE_CURVE_WITH_KNOTS ( 'NONE', 3,
 ( #5417, #208, #6188, #1662 ),
 .UNSPECIFIED., .F., .F.,
 ( 4, 4 ),
 ( 1.000000000000000000, 2.000000000000000000 ),
 .UNSPECIFIED. ) ;
#9183 = VECTOR ( 'NONE', #9637, 1000.000000000000100 ) ;
#9184 = CARTESIAN_POINT ( 'NONE',  ( 0.6467424067380472800, -0.5162393801670115400, 0.5400000000000000400 ) ) ;
#9185 = ORIENTED_EDGE ( 'NONE', *, *, #1937, .T. ) ;
#9186 = VERTEX_POINT ( 'NONE', #9465 ) ;
#9187 = CARTESIAN_POINT ( 'NONE',  ( 0.0000000000000000000, 0.0000000000000000000, 0.5300000000000000300 ) ) ;
#9188 =( GEOMETRIC_REPRESENTATION_CONTEXT ( 3 ) GLOBAL_UNCERTAINTY_ASSIGNED_CONTEXT ( ( #2161 ) ) GLOBAL_UNIT_ASSIGNED_CONTEXT ( ( #2941, #8201, #3713 ) ) REPRESENTATION_CONTEXT ( 'NONE', 'WORKASPACE' ) );
#9189 = FACE_OUTER_BOUND ( 'NONE', #2269, .T. ) ;
#9190 = CARTESIAN_POINT ( 'NONE',  ( 0.5578534206011176400, -0.5512936311908295300, 0.5300000000000000300 ) ) ;
#9191 =( NAMED_UNIT ( * ) PLANE_ANGLE_UNIT ( ) SI_UNIT ( $, .RADIAN. ) );
#9192 = VECTOR ( 'NONE', #9150, 999.9999999999998900 ) ;
#9193 = EDGE_CURVE ( 'NONE', #263, #5658, #5532, .T. ) ;
#9194 = COLOUR_RGB ( '',0.6666666666666666300, 0.6666666666666666300, 0.6666666666666666300 ) ;
#9195 = DIRECTION ( 'NONE',  ( -0.0000000000000000000, -0.0000000000000000000, -1.000000000000000000 ) ) ;
#9196 = ORIENTED_EDGE ( 'NONE', *, *, #5096, .F. ) ;
#9197 = ORIENTED_EDGE ( 'NONE', *, *, #1892, .T. ) ;
#9198 = CARTESIAN_POINT ( 'NONE',  ( 0.7402270409936681000, -0.5251123631161613800, 0.5300000000000000300 ) ) ;
#9199 = EDGE_LOOP ( 'NONE', ( #1567, #2955, #7120, #1219, #3201, #7546, #6495, #3463, #1905, #2859, #3207, #6792 ) ) ;
#9200 = ADVANCED_FACE ( 'NONE', ( #7308, #1279 ), #4182, .F. ) ;
#9201 = VECTOR ( 'NONE', #6991, 1000.000000000000000 ) ;
#9202 = CARTESIAN_POINT ( 'NONE',  ( 0.4514770981139703000, -0.4699645856833858400, 0.5300000000000000300 ) ) ;
#9203 = ORIENTED_EDGE ( 'NONE', *, *, #8210, .T. ) ;
#9204 = CARTESIAN_POINT ( 'NONE',  ( 0.4504226853421224300, -0.5094354336009293500, 0.5300000000000000300 ) ) ;
#9205 = B_SPLINE_SURFACE_WITH_KNOTS ( 'NONE', 3, 1, ( 
 ( #3839, #1557 ),
 ( #125, #5338 ),
 ( #849, #6098 ),
 ( #1588, #6864 ) ),
 .UNSPECIFIED., .F., .F., .F.,
 ( 4, 4 ),
 ( 2, 2 ),
 ( 8.000000000000000000, 9.000000000000000000 ),
 ( 0.0000000000000000000, 1.000000000000000000 ),
 .UNSPECIFIED. ) ;
#9206 = CIRCLE ( 'NONE', #2533, 0.1250000000000000000 ) ;
#9207 = FACE_OUTER_BOUND ( 'NONE', #9084, .T. ) ;
#9208 = CARTESIAN_POINT ( 'NONE',  ( 0.1186555357153068200, -0.3106839453292920000, 0.5300000000000000300 ) ) ;
#9209 = DIRECTION ( 'NONE',  ( -0.0000000000000000000, -0.0000000000000000000, -1.000000000000000000 ) ) ;
#9210 =( GEOMETRIC_REPRESENTATION_CONTEXT ( 3 ) GLOBAL_UNCERTAINTY_ASSIGNED_CONTEXT ( ( #2087 ) ) GLOBAL_UNIT_ASSIGNED_CONTEXT ( ( #3690, #8187, #2917 ) ) REPRESENTATION_CONTEXT ( 'NONE', 'WORKASPACE' ) );
#9211 = ORIENTED_EDGE ( 'NONE', *, *, #4360, .F. ) ;
#9212 = EDGE_LOOP ( 'NONE', ( #621, #7225, #7912, #2400 ) ) ;
#9213 = VERTEX_POINT ( 'NONE', #7984 ) ;
#9214 = CARTESIAN_POINT ( 'NONE',  ( 0.5259425133130581900, -0.5109474217266660700, 0.5400000000000000400 ) ) ;
#9215 = VECTOR ( 'NONE', #6480, 1000.000000000000000 ) ;
#9216 = B_SPLINE_CURVE_WITH_KNOTS ( 'NONE', 3,
 ( #97, #5298, #3799, #9040 ),
 .UNSPECIFIED., .F., .F.,
 ( 4, 4 ),
 ( 11.00000000000000000, 12.00000000000000000 ),
 .UNSPECIFIED. ) ;
#9217 = B_SPLINE_SURFACE_WITH_KNOTS ( 'NONE', 3, 1, ( 
 ( #2619, #5828 ),
 ( #8666, #9439 ),
 ( #8646, #3387 ),
 ( #1696, #6209 ) ),
 .UNSPECIFIED., .F., .F., .F.,
 ( 4, 4 ),
 ( 2, 2 ),
 ( 5.000000000000000000, 6.000000000000000000 ),
 ( 0.0000000000000000000, 1.000000000000000000 ),
 .UNSPECIFIED. ) ;
#9218 = ORIENTED_EDGE ( 'NONE', *, *, #4996, .T. ) ;
#9219 = LINE ( 'NONE', #697, #5442 ) ;
#9220 = ORIENTED_EDGE ( 'NONE', *, *, #6658, .F. ) ;
#9221 = VERTEX_POINT ( 'NONE', #7245 ) ;
#9222 = CIRCLE ( 'NONE', #4149, 0.1249999999999999700 ) ;
#9223 = EDGE_LOOP ( 'NONE', ( #69, #478, #4966, #2973 ) ) ;
#9224 = DIRECTION ( 'NONE',  ( -0.0000000000000000000, -0.0000000000000000000, 1.000000000000000000 ) ) ;
#9225 = EDGE_LOOP ( 'NONE', ( #1777, #2497 ) ) ;
#9226 = ORIENTED_EDGE ( 'NONE', *, *, #2375, .F. ) ;
#9227 = ADVANCED_FACE ( 'NONE', ( #7074 ), #1205, .F. ) ;
#9228 = ORIENTED_EDGE ( 'NONE', *, *, #7639, .F. ) ;
#9229 = DIRECTION ( 'NONE',  ( 0.0000000000000000000, -0.0000000000000000000, -1.000000000000000000 ) ) ;
#9230 = CARTESIAN_POINT ( 'NONE',  ( 0.1042685199890618200, -0.5287023933481510600, 0.5400000000000000400 ) ) ;
#9231 = SURFACE_STYLE_FILL_AREA ( #2847 ) ;
#9232 = CARTESIAN_POINT ( 'NONE',  ( 0.5359494873566411600, -0.5099924818577248300, 0.5400000000000000400 ) ) ;
#9233 = LINE ( 'NONE', #6471, #4746 ) ;
#9234 = EDGE_CURVE ( 'NONE', #6237, #6720, #5506, .T. ) ;
#9235 = ORIENTED_EDGE ( 'NONE', *, *, #2141, .T. ) ;
#9236 = EDGE_LOOP ( 'NONE', ( #1906, #945, #7248, #5759 ) ) ;
#9237 = EDGE_CURVE ( 'NONE', #4700, #1954, #8362, .T. ) ;
#9238 = CARTESIAN_POINT ( 'NONE',  ( 0.4740574470989907300, -0.5109076325655072000, 0.5300000000000000300 ) ) ;
#9239 = FILL_AREA_STYLE ('',( #3231 ) ) ;
#9240 = FILL_AREA_STYLE_COLOUR ( '', #9194 ) ;
#9241 = ORIENTED_EDGE ( 'NONE', *, *, #4785, .T. ) ;
#9242 = VERTEX_POINT ( 'NONE', #1255 ) ;
#9243 = ORIENTED_EDGE ( 'NONE', *, *, #2573, .F. ) ;
#9244 = ORIENTED_EDGE ( 'NONE', *, *, #4885, .F. ) ;
#9245 = PLANE ( 'NONE',  #7268 ) ;
#9246 = DIRECTION ( 'NONE',  ( -0.0000000000000000000, -0.0000000000000000000, -1.000000000000000000 ) ) ;
#9247 = FILL_AREA_STYLE_COLOUR ( '', #5564 ) ;
#9248 = ADVANCED_FACE ( 'NONE', ( #2338 ), #3489, .F. ) ;
#9249 = FILL_AREA_STYLE ('',( #2462 ) ) ;
#9250 = DIRECTION ( 'NONE',  ( 0.0000000000000000000, -0.0000000000000000000, -1.000000000000000000 ) ) ;
#9251 = ORIENTED_EDGE ( 'NONE', *, *, #6331, .T. ) ;
#9252 = ORIENTED_EDGE ( 'NONE', *, *, #8949, .T. ) ;
#9253 = B_SPLINE_SURFACE_WITH_KNOTS ( 'NONE', 3, 1, ( 
 ( #389, #6392 ),
 ( #2634, #7911 ),
 ( #3400, #8654 ),
 ( #4144, #9413 ) ),
 .UNSPECIFIED., .F., .F., .F.,
 ( 4, 4 ),
 ( 2, 2 ),
 ( 3.000000000000000000, 4.000000000000000000 ),
 ( 0.0000000000000000000, 1.000000000000000000 ),
 .UNSPECIFIED. ) ;
#9254 = PRESENTATION_STYLE_ASSIGNMENT (( #9642 ) ) ;
#9255 = EDGE_CURVE ( 'NONE', #999, #8033, #6357, .T. ) ;
#9256 = PLANE ( 'NONE',  #572 ) ;
#9257 = UNCERTAINTY_MEASURE_WITH_UNIT (LENGTH_MEASURE( 1.000000000000000100E-005 ), #9295, 'distance_accuracy_value', 'NONE');
#9258 =( LENGTH_UNIT ( ) NAMED_UNIT ( * ) SI_UNIT ( .MILLI., .METRE. ) );
#9259 = CARTESIAN_POINT ( 'NONE',  ( 0.09928841621003974000, -0.3245176027785717200, 0.5400000000000000400 ) ) ;
#9260 = ORIENTED_EDGE ( 'NONE', *, *, #9302, .T. ) ;
#9261 = CARTESIAN_POINT ( 'NONE',  ( 0.3993930860938320600, -0.4900581120928790800, 0.5400000000000000400 ) ) ;
#9262 = AXIS2_PLACEMENT_3D ( 'NONE', #5612, #1117, #6380 ) ;
#9263 = VECTOR ( 'NONE', #4663, 1000.000000000000000 ) ;
#9264 = PRESENTATION_LAYER_ASSIGNMENT (  '', '', ( #8246 ) ) ;
#9265 = EDGE_CURVE ( 'NONE', #5028, #5895, #8111, .T. ) ;
#9266 = CARTESIAN_POINT ( 'NONE',  ( 0.5430319580516553800, -0.5504978479665310100, 0.5400000000000000400 ) ) ;
#9267 = CARTESIAN_POINT ( 'NONE',  ( 0.5359494873566411600, -0.5099924818577248300, 0.5400000000000000400 ) ) ;
#9268 = CARTESIAN_POINT ( 'NONE',  ( 0.06221422234719555700, -0.3477581477676581200, 0.5400000000000000400 ) ) ;
#9269 = DIRECTION ( 'NONE',  ( -0.0000000000000000000, -0.0000000000000000000, -1.000000000000000000 ) ) ;
#9270 = CARTESIAN_POINT ( 'NONE',  ( -0.07499999999999995600, 0.4000000000000000800, -0.02000000000000000000 ) ) ;
#9271 = VECTOR ( 'NONE', #4284, 1000.000000000000000 ) ;
#9272 = ADVANCED_FACE ( 'NONE', ( #158 ), #5792, .F. ) ;
#9273 = B_SPLINE_CURVE_WITH_KNOTS ( 'NONE', 3,
 ( #3658, #2671, #9667, #7218 ),
 .UNSPECIFIED., .F., .F.,
 ( 4, 4 ),
 ( 8.000000000000000000, 9.000000000000000000 ),
 .UNSPECIFIED. ) ;
#9274 = AXIS2_PLACEMENT_3D ( 'NONE', #9587, #6057, #802 ) ;
#9275 = DIRECTION ( 'NONE',  ( 0.0000000000000000000, 0.0000000000000000000, -1.000000000000000000 ) ) ;
#9276 = CARTESIAN_POINT ( 'NONE',  ( 0.4685068591105593900, -0.5169157959078249900, 0.5300000000000000300 ) ) ;
#9277 = CARTESIAN_POINT ( 'NONE',  ( 0.4735003988421937500, -0.3315778830052764100, 0.5300000000000000300 ) ) ;
#9278 = DIRECTION ( 'NONE',  ( 1.000000000000000000, 0.0000000000000000000, 0.0000000000000000000 ) ) ;
#9279 = ORIENTED_EDGE ( 'NONE', *, *, #8648, .T. ) ;
#9280 = ORIENTED_EDGE ( 'NONE', *, *, #2478, .T. ) ;
#9281 = EDGE_CURVE ( 'NONE', #1453, #8906, #6124, .T. ) ;
#9282 = FILL_AREA_STYLE ('',( #9555 ) ) ;
#9283 = CARTESIAN_POINT ( 'NONE',  ( 0.4522927759188466500, -0.3402121309869244300, 0.5300000000000000300 ) ) ;
#9284 = B_SPLINE_CURVE_WITH_KNOTS ( 'NONE', 3,
 ( #9370, #4086, #5605, #1107 ),
 .UNSPECIFIED., .F., .F.,
 ( 4, 4 ),
 ( 16.00000000000000000, 17.00000000000000000 ),
 .UNSPECIFIED. ) ;
#9285 = FACE_OUTER_BOUND ( 'NONE', #3321, .T. ) ;
#9286 = STYLED_ITEM ( 'NONE', ( #7214 ), #8577 ) ;
#9287 = VERTEX_POINT ( 'NONE', #8812 ) ;
#9288 = VECTOR ( 'NONE', #6335, 1000.000000000000200 ) ;
#9289 = CARTESIAN_POINT ( 'NONE',  ( 0.4514770981139703000, -0.4699645856833858400, 0.5400000000000000400 ) ) ;
#9290 = LINE ( 'NONE', #818, #5278 ) ;
#9291 = ORIENTED_EDGE ( 'NONE', *, *, #4869, .F. ) ;
#9292 = SURFACE_SIDE_STYLE ('',( #5708 ) ) ;
#9293 = B_SPLINE_SURFACE_WITH_KNOTS ( 'NONE', 3, 1, ( 
 ( #5615, #1119 ),
 ( #1840, #7155 ),
 ( #2624, #7903 ),
 ( #3391, #8649 ) ),
 .UNSPECIFIED., .F., .F., .F.,
 ( 4, 4 ),
 ( 2, 2 ),
 ( 24.00000000000000000, 25.00000000000000000 ),
 ( 0.0000000000000000000, 1.000000000000000000 ),
 .UNSPECIFIED. ) ;
#9294 = CARTESIAN_POINT ( 'NONE',  ( 0.4862727195897053600, -0.3330898711310145100, 0.5300000000000000300 ) ) ;
#9295 =( LENGTH_UNIT ( ) NAMED_UNIT ( * ) SI_UNIT ( .MILLI., .METRE. ) );
#9296 = VERTEX_POINT ( 'NONE', #5060 ) ;
#9297 = CARTESIAN_POINT ( 'NONE',  ( 0.3184135313100210400, -0.4860947051067469000, 0.5300000000000000300 ) ) ;
#9298 = CARTESIAN_POINT ( 'NONE',  ( 0.6084652336569470500, -0.3846566240555205900, 0.5400000000000000400 ) ) ;
#9299 = EDGE_CURVE ( 'NONE', #2719, #273, #3888, .T. ) ;
#9300 = LINE ( 'NONE', #2985, #8801 ) ;
#9301 = DIRECTION ( 'NONE',  ( 1.000000000000000000, 0.0000000000000000000, 0.0000000000000000000 ) ) ;
#9302 = EDGE_CURVE ( 'NONE', #6396, #526, #375, .T. ) ;
#9303 = B_SPLINE_SURFACE_WITH_KNOTS ( 'NONE', 3, 1, ( 
 ( #8184, #446 ),
 ( #4416, #7970 ),
 ( #3028, #5105 ),
 ( #6423, #8572 ) ),
 .UNSPECIFIED., .F., .F., .F.,
 ( 4, 4 ),
 ( 2, 2 ),
 ( 1.000000000000000000, 2.000000000000000000 ),
 ( 0.0000000000000000000, 1.000000000000000000 ),
 .UNSPECIFIED. ) ;
#9304 = CIRCLE ( 'NONE', #2118, 0.1249999999999999400 ) ;
#9305 = VECTOR ( 'NONE', #8689, 1000.000000000000100 ) ;
#9306 = ORIENTED_EDGE ( 'NONE', *, *, #226, .F. ) ;
#9307 = EDGE_LOOP ( 'NONE', ( #2007, #8423 ) ) ;
#9308 = CARTESIAN_POINT ( 'NONE',  ( 0.4717496757489552700, -0.3940070769391410500, 0.5400000000000000400 ) ) ;
#9309 = CARTESIAN_POINT ( 'NONE',  ( 0.5467721392051034800, -0.5429379073373147300, 0.5300000000000000300 ) ) ;
#9310 = FACE_OUTER_BOUND ( 'NONE', #8787, .T. ) ;
#9311 = SURFACE_STYLE_USAGE ( .BOTH. , #4049 ) ;
#9312 = ORIENTED_EDGE ( 'NONE', *, *, #1090, .F. ) ;
#9313 = ADVANCED_FACE ( 'NONE', ( #9631 ), #7362, .T. ) ;
#9314 = AXIS2_PLACEMENT_3D ( 'NONE', #7677, #3961, #9229 ) ;
#9315 =( NAMED_UNIT ( * ) SI_UNIT ( $, .STERADIAN. ) SOLID_ANGLE_UNIT ( ) );
#9316 = FACE_OUTER_BOUND ( 'NONE', #8096, .T. ) ;
#9317 = CARTESIAN_POINT ( 'NONE',  ( 0.7052523682932337900, -0.5214915494467268200, 0.5400000000000000400 ) ) ;
#9318 = B_SPLINE_SURFACE_WITH_KNOTS ( 'NONE', 3, 1, ( 
 ( #7944, #9005 ),
 ( #4391, #8291 ),
 ( #6453, #2995 ),
 ( #2642, #107 ) ),
 .UNSPECIFIED., .F., .F., .F.,
 ( 4, 4 ),
 ( 2, 2 ),
 ( 26.00000000000000000, 27.00000000000000000 ),
 ( 0.0000000000000000000, 1.000000000000000000 ),
 .UNSPECIFIED. ) ;
#9319 = EDGE_CURVE ( 'NONE', #2364, #5658, #3643, .T. ) ;
#9320 = EDGE_LOOP ( 'NONE', ( #5728, #7621, #437, #8677 ) ) ;
#9321 = LINE ( 'NONE', #2538, #3326 ) ;
#9322 = ORIENTED_EDGE ( 'NONE', *, *, #1333, .T. ) ;
#9323 =( NAMED_UNIT ( * ) SI_UNIT ( $, .STERADIAN. ) SOLID_ANGLE_UNIT ( ) );
#9324 = ORIENTED_EDGE ( 'NONE', *, *, #7932, .F. ) ;
#9325 = DIRECTION ( 'NONE',  ( -0.3559357243643026500, -0.9345104387438693000, -0.0000000000000000000 ) ) ;
#9326 =( NAMED_UNIT ( * ) PLANE_ANGLE_UNIT ( ) SI_UNIT ( $, .RADIAN. ) );
#9327 = DIRECTION ( 'NONE',  ( -0.0000000000000000000, 1.000000000000000000, -0.0000000000000000000 ) ) ;
#9328 = VERTEX_POINT ( 'NONE', #5850 ) ;
#9329 = AXIS2_PLACEMENT_3D ( 'NONE', #3637, #7387, #2876 ) ;
#9330 = LINE ( 'NONE', #7879, #5321 ) ;
#9331 = ORIENTED_EDGE ( 'NONE', *, *, #8777, .F. ) ;
#9332 = ORIENTED_EDGE ( 'NONE', *, *, #8727, .F. ) ;
#9333 = AXIS2_PLACEMENT_3D ( 'NONE', #844, #9122, #4611 ) ;
#9334 = ORIENTED_EDGE ( 'NONE', *, *, #5174, .T. ) ;
#9335 = DIRECTION ( 'NONE',  ( -1.000000000000000000, -0.0000000000000000000, -0.0000000000000000000 ) ) ;
#9336 = B_SPLINE_CURVE_WITH_KNOTS ( 'NONE', 3,
 ( #4957, #7134, #8192, #5600 ),
 .UNSPECIFIED., .F., .F.,
 ( 4, 4 ),
 ( 9.000000000000000000, 10.00000000000000000 ),
 .UNSPECIFIED. ) ;
#9337 = B_SPLINE_SURFACE_WITH_KNOTS ( 'NONE', 3, 1, ( 
 ( #6141, #587 ),
 ( #3846, #2772 ),
 ( #8074, #6913 ),
 ( #5176, #644 ) ),
 .UNSPECIFIED., .F., .F., .F.,
 ( 4, 4 ),
 ( 2, 2 ),
 ( 2.000000000000000000, 3.000000000000000000 ),
 ( 0.0000000000000000000, 1.000000000000000000 ),
 .UNSPECIFIED. ) ;
#9338 = CYLINDRICAL_SURFACE ( 'NONE', #7211, 0.1249999999999999700 ) ;
#9339 = ORIENTED_EDGE ( 'NONE', *, *, #1408, .T. ) ;
#9340 = CARTESIAN_POINT ( 'NONE',  ( 0.4303888426743730000, -0.4016465958906849100, 0.5400000000000000400 ) ) ;
#9341 = CIRCLE ( 'NONE', #7641, 0.1249999999999999400 ) ;
#9342 = CARTESIAN_POINT ( 'NONE',  ( 0.5467721392051034800, -0.5429379073373147300, 0.5400000000000000400 ) ) ;
#9343 = PLANE ( 'NONE',  #6230 ) ;
#9344 = ORIENTED_EDGE ( 'NONE', *, *, #3395, .T. ) ;
#9345 = ORIENTED_EDGE ( 'NONE', *, *, #9530, .F. ) ;
#9346 = ORIENTED_EDGE ( 'NONE', *, *, #7036, .T. ) ;
#9347 = ORIENTED_EDGE ( 'NONE', *, *, #7884, .T. ) ;
#9348 = VECTOR ( 'NONE', #4060, 1000.000000000000200 ) ;
#9349 = EDGE_CURVE ( 'NONE', #7436, #9070, #7671, .T. ) ;
#9350 = CARTESIAN_POINT ( 'NONE',  ( 0.4504226853421224300, -0.5094354336009293500, 0.5400000000000000400 ) ) ;
#9351 = B_SPLINE_SURFACE_WITH_KNOTS ( 'NONE', 3, 1, ( 
 ( #1210, #468 ),
 ( #7251, #2706 ),
 ( #7994, #3496 ),
 ( #8735, #4219 ) ),
 .UNSPECIFIED., .F., .F., .F.,
 ( 4, 4 ),
 ( 2, 2 ),
 ( 16.00000000000000000, 17.00000000000000000 ),
 ( 0.0000000000000000000, 1.000000000000000000 ),
 .UNSPECIFIED. ) ;
#9352 = CARTESIAN_POINT ( 'NONE',  ( 0.7113997936990905700, -0.4684525975576457300, 0.5300000000000000300 ) ) ;
#9353 = FACE_OUTER_BOUND ( 'NONE', #8705, .T. ) ;
#9354 = CARTESIAN_POINT ( 'NONE',  ( 0.6084652336569470500, -0.3846566240555205900, 0.5400000000000000400 ) ) ;
#9355 = EDGE_LOOP ( 'NONE', ( #581, #9358, #57, #1688 ) ) ;
#9356 = CARTESIAN_POINT ( 'NONE',  ( 0.5530190375146607500, -0.5429379073373147300, 0.5300000000000000300 ) ) ;
#9357 = VERTEX_POINT ( 'NONE', #4331 ) ;
#9358 = ORIENTED_EDGE ( 'NONE', *, *, #6363, .F. ) ;
#9359 = ORIENTED_EDGE ( 'NONE', *, *, #271, .T. ) ;
#9360 = LINE ( 'NONE', #3163, #9119 ) ;
#9361 = EDGE_CURVE ( 'NONE', #1760, #8672, #5636, .T. ) ;
#9362 = CARTESIAN_POINT ( 'NONE',  ( 0.5296826944665049600, -0.5220088085423639800, 0.5300000000000000300 ) ) ;
#9363 = VERTEX_POINT ( 'NONE', #2872 ) ;
#9364 = EDGE_CURVE ( 'NONE', #1872, #34, #5409, .T. ) ;
#9365 = CARTESIAN_POINT ( 'NONE',  ( 0.6665773035994542200, -0.3337662868712928900, 0.5400000000000000400 ) ) ;
#9366 = ORIENTED_EDGE ( 'NONE', *, *, #310, .T. ) ;
#9367 = FACE_OUTER_BOUND ( 'NONE', #3311, .T. ) ;
#9368 = CARTESIAN_POINT ( 'NONE',  ( 0.3051332123486368800, -0.5004816997242417200, 0.5400000000000000400 ) ) ;
#9369 = DIRECTION ( 'NONE',  ( -0.3559357243698872400, 0.9345104387417423300, -0.0000000000000000000 ) ) ;
#9370 = CARTESIAN_POINT ( 'NONE',  ( 0.09264826728385712500, -0.4506805247283358100, 0.5300000000000000300 ) ) ;
#9371 = ADVANCED_FACE ( 'NONE', ( #7414 ), #648, .F. ) ;
#9372 = PLANE ( 'NONE',  #7548 ) ;
#9373 = ORIENTED_EDGE ( 'NONE', *, *, #2336, .F. ) ;
#9374 = LINE ( 'NONE', #1258, #7146 ) ;
#9375 = PLANE ( 'NONE',  #8860 ) ;
#9376 = AXIS2_PLACEMENT_3D ( 'NONE', #8948, #4433, #9709 ) ;
#9377 =( NAMED_UNIT ( * ) PLANE_ANGLE_UNIT ( ) SI_UNIT ( $, .RADIAN. ) );
#9378 = DIRECTION ( 'NONE',  ( -0.0000000000000000000, -0.0000000000000000000, -1.000000000000000000 ) ) ;
#9379 = B_SPLINE_CURVE_WITH_KNOTS ( 'NONE', 3,
 ( #9506, #4241, #2728, #8008 ),
 .UNSPECIFIED., .F., .F.,
 ( 4, 4 ),
 ( 1.000000000000000000, 2.000000000000000000 ),
 .UNSPECIFIED. ) ;
#9380 = EDGE_CURVE ( 'NONE', #7091, #3176, #7406, .T. ) ;
#9381 = CARTESIAN_POINT ( 'NONE',  ( 0.5296826944665049600, -0.5220088085423639800, 0.5300000000000000300 ) ) ;
#9382 = CARTESIAN_POINT ( 'NONE',  ( 0.5047149958091294900, -0.4726702486455662300, 0.5400000000000000400 ) ) ;
#9383 = VECTOR ( 'NONE', #5731, 1000.000000000000000 ) ;
#9384 = DIRECTION ( 'NONE',  ( -1.000000000000000000, 0.0000000000000000000, 0.0000000000000000000 ) ) ;
#9385 = CARTESIAN_POINT ( 'NONE',  ( -0.02742788842358112900, -0.4374002374296833700, 0.5400000000000000400 ) ) ;
#9386 = B_SPLINE_SURFACE_WITH_KNOTS ( 'NONE', 3, 1, ( 
 ( #3968, #7752 ),
 ( #947, #231 ),
 ( #4681, #9208 ),
 ( #8445, #3188 ) ),
 .UNSPECIFIED., .F., .F., .F.,
 ( 4, 4 ),
 ( 2, 2 ),
 ( 2.000000000000000000, 3.000000000000000000 ),
 ( 0.0000000000000000000, 1.000000000000000000 ),
 .UNSPECIFIED. ) ;
#9387 = VECTOR ( 'NONE', #7152, 1000.000000000000000 ) ;
#9388 = EDGE_CURVE ( 'NONE', #6061, #1797, #5151, .T. ) ;
#9389 = CARTESIAN_POINT ( 'NONE',  ( 0.4312045204789852800, -0.5162393801670129800, 0.5300000000000000300 ) ) ;
#9390 = CARTESIAN_POINT ( 'NONE',  ( 0.5326867761376663500, -0.5008011856187470900, 0.5400000000000000400 ) ) ;
#9391 = B_SPLINE_SURFACE_WITH_KNOTS ( 'NONE', 3, 1, ( 
 ( #5936, #3719 ),
 ( #5215, #718 ),
 ( #5968, #1473 ),
 ( #6735, #2196 ) ),
 .UNSPECIFIED., .F., .F., .F.,
 ( 4, 4 ),
 ( 2, 2 ),
 ( 1.000000000000000000, 2.000000000000000000 ),
 ( 0.0000000000000000000, 1.000000000000000000 ),
 .UNSPECIFIED. ) ;
#9392 = PLANE ( 'NONE',  #1921 ) ;
#9393 = ORIENTED_EDGE ( 'NONE', *, *, #2381, .F. ) ;
#9394 = VERTEX_POINT ( 'NONE', #4407 ) ;
#9395 = DIRECTION ( 'NONE',  ( 0.0000000000000000000, -0.0000000000000000000, 1.000000000000000000 ) ) ;
#9396 = B_SPLINE_CURVE_WITH_KNOTS ( 'NONE', 3,
 ( #9152, #7029, #8462, #6927 ),
 .UNSPECIFIED., .F., .F.,
 ( 4, 4 ),
 ( 9.000000000000000000, 10.00000000000000000 ),
 .UNSPECIFIED. ) ;
#9397 = AXIS2_PLACEMENT_3D ( 'NONE', #7527, #4200, #2943 ) ;
#9398 = MECHANICAL_DESIGN_GEOMETRIC_PRESENTATION_REPRESENTATION (  '', ( #8398 ), #182 ) ;
#9399 = FACE_OUTER_BOUND ( 'NONE', #7552, .T. ) ;
#9400 = CARTESIAN_POINT ( 'NONE',  ( 0.4568486348769079700, -0.3912616248157982400, 0.5300000000000000300 ) ) ;
#9401 = CARTESIAN_POINT ( 'NONE',  ( 0.4578831530684388000, -0.4996075107828368300, 0.5300000000000000300 ) ) ;
#9402 = ORIENTED_EDGE ( 'NONE', *, *, #8110, .T. ) ;
#9403 = CARTESIAN_POINT ( 'NONE',  ( 0.5201134011962291700, -0.4935993474405162000, 0.5400000000000000400 ) ) ;
#9404 = ORIENTED_EDGE ( 'NONE', *, *, #6301, .T. ) ;
#9405 = COLOUR_RGB ( '',0.6666666666666666300, 0.6666666666666666300, 0.6666666666666666300 ) ;
#9406 = PLANE ( 'NONE',  #2809 ) ;
#9407 = ORIENTED_EDGE ( 'NONE', *, *, #1357, .T. ) ;
#9408 = ORIENTED_EDGE ( 'NONE', *, *, #2915, .F. ) ;
#9409 = CARTESIAN_POINT ( 'NONE',  ( 0.4918432021587133000, -0.3361934257048131400, 0.5400000000000000400 ) ) ;
#9410 = VECTOR ( 'NONE', #7491, 1000.000000000000000 ) ;
#9411 = ADVANCED_FACE ( 'NONE', ( #3184 ), #676, .F. ) ;
#9412 = EDGE_CURVE ( 'NONE', #4146, #6359, #2463, .T. ) ;
#9413 = CARTESIAN_POINT ( 'NONE',  ( 0.6156073880934355100, -0.3341243893222797800, 0.5300000000000000300 ) ) ;
#9414 = LINE ( 'NONE', #5380, #3182 ) ;
#9415 = VECTOR ( 'NONE', #1358, 1000.000000000000000 ) ;
#9416 = EDGE_CURVE ( 'NONE', #1797, #761, #359, .T. ) ;
#9417 = EDGE_LOOP ( 'NONE', ( #8034, #9694, #9542, #3196 ) ) ;
#9418 = VERTEX_POINT ( 'NONE', #709 ) ;
#9419 = ORIENTED_EDGE ( 'NONE', *, *, #922, .T. ) ;
#9420 = CARTESIAN_POINT ( 'NONE',  ( 0.4984680974995734900, -0.4845274186850290200, 0.5300000000000000300 ) ) ;
#9421 = CARTESIAN_POINT ( 'NONE',  ( 0.7630063357852903100, -0.4614099160240596200, 0.5300000000000000300 ) ) ;
#9422 = VECTOR ( 'NONE', #7626, 1000.000000000000000 ) ;
#9423 = CARTESIAN_POINT ( 'NONE',  ( 0.5174674219760538900, -0.3576795727570894500, 0.5400000000000000400 ) ) ;
#9424 = CARTESIAN_POINT ( 'NONE',  ( 0.1136754108275356600, -0.4949482581171652500, 0.5400000000000000400 ) ) ;
#9425 = CARTESIAN_POINT ( 'NONE',  ( 0.4754500677412452100, -0.5251123631161622700, 0.5300000000000000300 ) ) ;
#9426 = ORIENTED_EDGE ( 'NONE', *, *, #7307, .T. ) ;
#9427 = CARTESIAN_POINT ( 'NONE',  ( 0.5114791532143173600, -0.4782407312145751700, 0.5300000000000000300 ) ) ;
#9428 = CARTESIAN_POINT ( 'NONE',  ( 0.04008035565278061900, -0.5242755851802133300, 0.5400000000000000400 ) ) ;
#9429 = EDGE_CURVE ( 'NONE', #3537, #103, #4449, .T. ) ;
#9430 = FACE_OUTER_BOUND ( 'NONE', #987, .T. ) ;
#9431 = CARTESIAN_POINT ( 'NONE',  ( 0.6048842091481451100, -0.4472847637951952700, 0.5300000000000000300 ) ) ;
#9432 = ORIENTED_EDGE ( 'NONE', *, *, #5944, .T. ) ;
#9433 = LINE ( 'NONE', #8108, #3664 ) ;
#9434 = EDGE_CURVE ( 'NONE', #1997, #4001, #476, .T. ) ;
#9435 = VECTOR ( 'NONE', #4137, 1000.000000000000000 ) ;
#9436 = VERTEX_POINT ( 'NONE', #4476 ) ;
#9437 = ORIENTED_EDGE ( 'NONE', *, *, #4711, .F. ) ;
#9438 = CARTESIAN_POINT ( 'NONE',  ( 0.2132777397108629700, -0.5248289441172838700, 0.5300000000000000300 ) ) ;
#9439 = CARTESIAN_POINT ( 'NONE',  ( 0.6025565432169995800, -0.3351986966747082500, 0.5300000000000000300 ) ) ;
#9440 = DIRECTION ( 'NONE',  ( 0.0000000000000000000, 0.0000000000000000000, -1.000000000000000000 ) ) ;
#9441 = DIRECTION ( 'NONE',  ( 0.0000000000000000000, 0.0000000000000000000, -1.000000000000000000 ) ) ;
#9442 = VECTOR ( 'NONE', #3095, 1000.000000000000000 ) ;
#9443 = B_SPLINE_CURVE_WITH_KNOTS ( 'NONE', 3,
 ( #7949, #4884, #9451, #4914 ),
 .UNSPECIFIED., .F., .F.,
 ( 4, 4 ),
 ( 2.000000000000000000, 3.000000000000000000 ),
 .UNSPECIFIED. ) ;
#9444 = DIRECTION ( 'NONE',  ( 1.000000000000000000, -0.0000000000000000000, -0.0000000000000000000 ) ) ;
#9445 = ORIENTED_EDGE ( 'NONE', *, *, #8670, .F. ) ;
#9446 = AXIS2_PLACEMENT_3D ( 'NONE', #7740, #7766, #4672 ) ;
#9447 = CARTESIAN_POINT ( 'NONE',  ( 0.4335719755707609400, -0.3642049951950437900, 0.5400000000000000400 ) ) ;
#9448 = EDGE_LOOP ( 'NONE', ( #6817, #3764, #4750, #5773 ) ) ;
#9449 = MECHANICAL_DESIGN_GEOMETRIC_PRESENTATION_REPRESENTATION (  '', ( #8440 ), #225 ) ;
#9450 = CARTESIAN_POINT ( 'NONE',  ( 0.4702973713649610800, -0.4029596382106130400, 0.5400000000000000400 ) ) ;
#9451 = CARTESIAN_POINT ( 'NONE',  ( 0.6954443400551965100, -0.4472847637951944400, 0.5400000000000000400 ) ) ;
#9452 = EDGE_CURVE ( 'NONE', #8162, #8273, #479, .T. ) ;
#9453 = VECTOR ( 'NONE', #5399, 1000.000000000000000 ) ;
#9454 = ORIENTED_EDGE ( 'NONE', *, *, #5502, .F. ) ;
#9455 = SURFACE_STYLE_FILL_AREA ( #151 ) ;
#9456 = ORIENTED_EDGE ( 'NONE', *, *, #6529, .T. ) ;
#9457 = DIRECTION ( 'NONE',  ( -0.0000000000000000000, 1.000000000000000000, -0.0000000000000000000 ) ) ;
#9458 = CARTESIAN_POINT ( 'NONE',  ( 0.5106435808288617400, -0.4888246480952716000, 0.5300000000000000300 ) ) ;
#9459 = CARTESIAN_POINT ( 'NONE',  ( 0.5430319580516553800, -0.5418238108231916400, 0.5400000000000000400 ) ) ;
#9460 = DIRECTION ( 'NONE',  ( 0.0000000000000000000, 0.0000000000000000000, -1.000000000000000000 ) ) ;
#9461 = LINE ( 'NONE', #9505, #1449 ) ;
#9462 = AXIS2_PLACEMENT_3D ( 'NONE', #6695, #1499, #2278 ) ;
#9463 = VECTOR ( 'NONE', #8214, 1000.000000000000200 ) ;
#9464 = ADVANCED_FACE ( 'NONE', ( #262 ), #4518, .F. ) ;
#9465 = CARTESIAN_POINT ( 'NONE',  ( 0.4459662992867030600, -0.4828960630758074000, 0.5300000000000000300 ) ) ;
#9466 = VERTEX_POINT ( 'NONE', #4553 ) ;
#9467 = ORIENTED_EDGE ( 'NONE', *, *, #7555, .T. ) ;
#9468 = ORIENTED_EDGE ( 'NONE', *, *, #1833, .T. ) ;
#9469 = CARTESIAN_POINT ( 'NONE',  ( 0.1656899687989250900, -0.3029370976592576900, 0.5400000000000000400 ) ) ;
#9470 = DIRECTION ( 'NONE',  ( -1.000000000000000000, 0.0000000000000000000, 0.0000000000000000000 ) ) ;
#9471 = EDGE_CURVE ( 'NONE', #9176, #8165, #3525, .T. ) ;
#9472 = ORIENTED_EDGE ( 'NONE', *, *, #978, .T. ) ;
#9473 = B_SPLINE_SURFACE_WITH_KNOTS ( 'NONE', 3, 1, ( 
 ( #4093, #1118 ),
 ( #7902, #3390 ),
 ( #8647, #4131 ),
 ( #9403, #4877 ) ),
 .UNSPECIFIED., .F., .F., .F.,
 ( 4, 4 ),
 ( 2, 2 ),
 ( 15.00000000000000000, 16.00000000000000000 ),
 ( 0.0000000000000000000, 1.000000000000000000 ),
 .UNSPECIFIED. ) ;
#9474 = ORIENTED_EDGE ( 'NONE', *, *, #2134, .T. ) ;
#9475 = FACE_OUTER_BOUND ( 'NONE', #5097, .T. ) ;
#9476 = CARTESIAN_POINT ( 'NONE',  ( 0.6714912650087675500, -0.5162393801670115400, 0.5400000000000000400 ) ) ;
#9477 = PLANE ( 'NONE',  #5546 ) ;
#9478 = AXIS2_PLACEMENT_3D ( 'NONE', #99, #815, #6072 ) ;
#9479 = SURFACE_SIDE_STYLE ('',( #5063 ) ) ;
#9480 = B_SPLINE_SURFACE_WITH_KNOTS ( 'NONE', 3, 1, ( 
 ( #6129, #3117 ),
 ( #7633, #2328 ),
 ( #6860, #1585 ),
 ( #6096, #847 ) ),
 .UNSPECIFIED., .F., .F., .F.,
 ( 4, 4 ),
 ( 2, 2 ),
 ( 12.00000000000000000, 13.00000000000000000 ),
 ( 0.0000000000000000000, 1.000000000000000000 ),
 .UNSPECIFIED. ) ;
#9481 = ORIENTED_EDGE ( 'NONE', *, *, #1090, .T. ) ;
#9482 = LINE ( 'NONE', #2179, #1707 ) ;
#9483 = LINE ( 'NONE', #2549, #7497 ) ;
#9484 = EDGE_CURVE ( 'NONE', #973, #735, #9290, .T. ) ;
#9485 = CARTESIAN_POINT ( 'NONE',  ( 0.5174674219760534400, -0.3327715578411892800, 0.5300000000000000300 ) ) ;
#9486 = CARTESIAN_POINT ( 'NONE',  ( 0.4466626096078296600, -0.3803196054835862300, 0.5400000000000000400 ) ) ;
#9487 = EDGE_CURVE ( 'NONE', #2990, #3879, #1517, .T. ) ;
#9488 = CARTESIAN_POINT ( 'NONE',  ( 0.4303888426743730000, -0.4016465958906849100, 0.5400000000000000400 ) ) ;
#9489 = B_SPLINE_SURFACE_WITH_KNOTS ( 'NONE', 3, 1, ( 
 ( #3428, #1145 ),
 ( #5680, #1175 ),
 ( #6447, #1911 ),
 ( #7219, #2674 ) ),
 .UNSPECIFIED., .F., .F., .F.,
 ( 4, 4 ),
 ( 2, 2 ),
 ( 3.000000000000000000, 4.000000000000000000 ),
 ( 0.0000000000000000000, 1.000000000000000000 ),
 .UNSPECIFIED. ) ;
#9490 = CARTESIAN_POINT ( 'NONE',  ( 0.5326867761376663500, -0.5008011856187470900, 0.5300000000000000300 ) ) ;
#9491 = CARTESIAN_POINT ( 'NONE',  ( 0.4784939385735635900, -0.4682536517513084500, 0.5400000000000000400 ) ) ;
#9492 = VERTEX_POINT ( 'NONE', #6074 ) ;
#9493 = FACE_OUTER_BOUND ( 'NONE', #6555, .T. ) ;
#9494 = SURFACE_SIDE_STYLE ('',( #5037 ) ) ;
#9495 = ADVANCED_FACE ( 'NONE', ( #7297 ), #7606, .F. ) ;
#9496 = CARTESIAN_POINT ( 'NONE',  ( 0.5485626514592382200, -0.5429379073373147300, 0.5400000000000000400 ) ) ;
#9497 =( NAMED_UNIT ( * ) SI_UNIT ( $, .STERADIAN. ) SOLID_ANGLE_UNIT ( ) );
#9498 = CARTESIAN_POINT ( 'NONE',  ( 0.2060842424023798000, -0.3361378739537001500, 0.5400000000000000400 ) ) ;
#9499 = EDGE_CURVE ( 'NONE', #5344, #6537, #5025, .T. ) ;
#9500 = CARTESIAN_POINT ( 'NONE',  ( 0.5332836135558864900, -0.4801904001136226800, 0.5300000000000000300 ) ) ;
#9501 = CARTESIAN_POINT ( 'NONE',  ( 0.3184135313100210400, -0.4860947051067469000, 0.5400000000000000400 ) ) ;
#9502 = DIRECTION ( 'NONE',  ( -1.000000000000000000, 0.0000000000000000000, 0.0000000000000000000 ) ) ;
#9503 = ORIENTED_EDGE ( 'NONE', *, *, #4760, .F. ) ;
#9504 = VERTEX_POINT ( 'NONE', #6100 ) ;
#9505 = CARTESIAN_POINT ( 'NONE',  ( 0.5452999402402571900, -0.3665923448673997800, 0.5400000000000000400 ) ) ;
#9506 = CARTESIAN_POINT ( 'NONE',  ( 0.5259425133130581900, -0.5109474217266660700, 0.5400000000000000400 ) ) ;
#9507 = CARTESIAN_POINT ( 'NONE',  ( 0.4551178063645157600, -0.5175922116481055400, 0.5300000000000000300 ) ) ;
#9508 = VECTOR ( 'NONE', #4513, 1000.000000000000000 ) ;
#9509 = CARTESIAN_POINT ( 'NONE',  ( 0.4648263616991180600, -0.3315778830052764100, 0.5300000000000000300 ) ) ;
#9510 = ORIENTED_EDGE ( 'NONE', *, *, #1408, .F. ) ;
#9511 = VECTOR ( 'NONE', #7840, 1000.000000000000000 ) ;
#9512 = EDGE_CURVE ( 'NONE', #87, #4319, #1647, .T. ) ;
#9513 = ORIENTED_EDGE ( 'NONE', *, *, #8972, .F. ) ;
#9514 = VERTEX_POINT ( 'NONE', #854 ) ;
#9515 = CARTESIAN_POINT ( 'NONE',  ( 0.6084652336569470500, -0.3846566240555205900, 0.5400000000000000400 ) ) ;
#9516 = DIRECTION ( 'NONE',  ( 1.000000000000000000, 0.0000000000000000000, -0.0000000000000000000 ) ) ;
#9517 = CARTESIAN_POINT ( 'NONE',  ( -0.5999999999999999800, -0.3999999999999999700, -0.02000000000000000000 ) ) ;
#9518 = CARTESIAN_POINT ( 'NONE',  ( 0.07494118237177233000, -0.3488648392551344000, 0.5300000000000000300 ) ) ;
#9519 = VECTOR ( 'NONE', #6776, 1000.000000000000000 ) ;
#9520 = CARTESIAN_POINT ( 'NONE',  ( 0.2542253722508622200, -0.3438847249218676700, 0.5300000000000000300 ) ) ;
#9521 = CARTESIAN_POINT ( 'NONE',  ( 0.7625288658502892300, -0.4626831691822945700, 0.5400000000000000400 ) ) ;
#9522 = LINE ( 'NONE', #382, #3772 ) ;
#9523 = VECTOR ( 'NONE', #7172, 1000.000000000000000 ) ;
#9524 = CARTESIAN_POINT ( 'NONE',  ( 0.4335719755707609400, -0.3642049951950437900, 0.5300000000000000300 ) ) ;
#9525 = VERTEX_POINT ( 'NONE', #4619 ) ;
#9526 = ORIENTED_EDGE ( 'NONE', *, *, #2229, .F. ) ;
#9527 = UNCERTAINTY_MEASURE_WITH_UNIT (LENGTH_MEASURE( 1.000000000000000100E-005 ), #149, 'distance_accuracy_value', 'NONE');
#9528 = ORIENTED_EDGE ( 'NONE', *, *, #3279, .T. ) ;
#9529 = DIRECTION ( 'NONE',  ( 0.0000000000000000000, 1.000000000000000000, -0.0000000000000000000 ) ) ;
#9530 = EDGE_CURVE ( 'NONE', #4255, #7392, #3059, .T. ) ;
#9531 = CARTESIAN_POINT ( 'NONE',  ( 0.6048842091481451100, -0.4472847637951952700, 0.5400000000000000400 ) ) ;
#9532 = ORIENTED_EDGE ( 'NONE', *, *, #3265, .F. ) ;
#9533 = EDGE_CURVE ( 'NONE', #7883, #4956, #9039, .T. ) ;
#9534 = ADVANCED_FACE ( 'NONE', ( #2794 ), #3487, .F. ) ;
#9535 = LINE ( 'NONE', #2029, #1540 ) ;
#9536 = ORIENTED_EDGE ( 'NONE', *, *, #256, .F. ) ;
#9537 = CARTESIAN_POINT ( 'NONE',  ( 0.4606882889335261500, -0.5184277840335637100, 0.5300000000000000300 ) ) ;
#9538 = CARTESIAN_POINT ( 'NONE',  ( 0.2708257603980817100, -0.3754254613460054100, 0.5300000000000000300 ) ) ;
#9539 = B_SPLINE_SURFACE_WITH_KNOTS ( 'NONE', 3, 1, ( 
 ( #2168, #4447 ),
 ( #5212, #717 ),
 ( #5966, #1471 ),
 ( #6732, #2195 ) ),
 .UNSPECIFIED., .F., .F., .F.,
 ( 4, 4 ),
 ( 2, 2 ),
 ( 5.000000000000000000, 6.000000000000000000 ),
 ( 0.0000000000000000000, 1.000000000000000000 ),
 .UNSPECIFIED. ) ;
#9540 = CARTESIAN_POINT ( 'NONE',  ( 0.2000000000000000900, -0.3999999999999999700, -0.02000000000000000000 ) ) ;
#9541 = CARTESIAN_POINT ( 'NONE',  ( 0.09264825672961345100, -0.5619031274256207600, 0.5300000000000000300 ) ) ;
#9542 = ORIENTED_EDGE ( 'NONE', *, *, #2750, .F. ) ;
#9543 = DIRECTION ( 'NONE',  ( 0.0000000000000000000, 0.0000000000000000000, 1.000000000000000000 ) ) ;
#9544 = CARTESIAN_POINT ( 'NONE',  ( 0.4918432021587133000, -0.3256890871464422900, 0.5400000000000000400 ) ) ;
#9545 = CARTESIAN_POINT ( 'NONE',  ( 0.5359494873566411600, -0.5099924818577248300, 0.5400000000000000400 ) ) ;
#9546 = VECTOR ( 'NONE', #961, 1000.000000000000000 ) ;
#9547 = VECTOR ( 'NONE', #8473, 1000.000000000000000 ) ;
#9548 = PRESENTATION_LAYER_ASSIGNMENT (  '', '', ( #8558 ) ) ;
#9549 = EDGE_CURVE ( 'NONE', #8576, #685, #2662, .T. ) ;
#9550 = VERTEX_POINT ( 'NONE', #5403 ) ;
#9551 = PLANE ( 'NONE',  #7650 ) ;
#9552 = VECTOR ( 'NONE', #7792, 1000.000000000000000 ) ;
#9553 = ORIENTED_EDGE ( 'NONE', *, *, #3153, .T. ) ;
#9554 = CARTESIAN_POINT ( 'NONE',  ( 0.5430319580516553800, -0.5418238108231916400, 0.5400000000000000400 ) ) ;
#9555 = FILL_AREA_STYLE_COLOUR ( '', #3584 ) ;
#9556 = EDGE_LOOP ( 'NONE', ( #7610, #4627, #138, #2575, #2507, #5929, #308, #886 ) ) ;
#9557 = CARTESIAN_POINT ( 'NONE',  ( 0.5639809514271839600, -0.3238189965697173000, 0.5400000000000000400 ) ) ;
#9558 = CARTESIAN_POINT ( 'NONE',  ( 0.4484929110233913900, -0.5249532064715145600, 0.5400000000000000400 ) ) ;
#9559 = EDGE_LOOP ( 'NONE', ( #466, #3295, #3942, #720 ) ) ;
#9560 = PLANE ( 'NONE',  #8933 ) ;
#9561 = FACE_OUTER_BOUND ( 'NONE', #7399, .T. ) ;
#9562 = AXIS2_PLACEMENT_3D ( 'NONE', #4048, #330, #5554 ) ;
#9563 = ORIENTED_EDGE ( 'NONE', *, *, #7092, .T. ) ;
#9564 = ORIENTED_EDGE ( 'NONE', *, *, #8608, .F. ) ;
#9565 = FACE_OUTER_BOUND ( 'NONE', #4274, .T. ) ;
#9566 = EDGE_CURVE ( 'NONE', #1221, #3919, #8585, .T. ) ;
#9567 = LINE ( 'NONE', #4559, #1577 ) ;
#9568 = LINE ( 'NONE', #8566, #1795 ) ;
#9569 = CARTESIAN_POINT ( 'NONE',  ( 0.6167811683492973000, -0.3523080359938855500, 0.5400000000000000400 ) ) ;
#9570 = ORIENTED_EDGE ( 'NONE', *, *, #2881, .T. ) ;
#9571 =( NAMED_UNIT ( * ) PLANE_ANGLE_UNIT ( ) SI_UNIT ( $, .RADIAN. ) );
#9572 = ORIENTED_EDGE ( 'NONE', *, *, #296, .T. ) ;
#9573 = ORIENTED_EDGE ( 'NONE', *, *, #583, .F. ) ;
#9574 =( NAMED_UNIT ( * ) PLANE_ANGLE_UNIT ( ) SI_UNIT ( $, .RADIAN. ) );
#9575 =( LENGTH_UNIT ( ) NAMED_UNIT ( * ) SI_UNIT ( .MILLI., .METRE. ) );
#9576 = PLANE ( 'NONE',  #7447 ) ;
#9577 = AXIS2_PLACEMENT_3D ( 'NONE', #4140, #7100, #3823 ) ;
#9578 = DIRECTION ( 'NONE',  ( -0.0000000000000000000, -0.0000000000000000000, -1.000000000000000000 ) ) ;
#9579 = CARTESIAN_POINT ( 'NONE',  ( 0.4466825041886762200, -0.4937982932463247400, 0.5400000000000000400 ) ) ;
#9580 =( GEOMETRIC_REPRESENTATION_CONTEXT ( 3 ) GLOBAL_UNCERTAINTY_ASSIGNED_CONTEXT ( ( #5558 ) ) GLOBAL_UNIT_ASSIGNED_CONTEXT ( ( #5873, #1372, #6648 ) ) REPRESENTATION_CONTEXT ( 'NONE', 'WORKASPACE' ) );
#9581 = CARTESIAN_POINT ( 'NONE',  ( 0.06221422234719555700, -0.3477581477676581200, 0.5400000000000000400 ) ) ;
#9582 = VERTEX_POINT ( 'NONE', #9198 ) ;
#9583 = ADVANCED_FACE ( 'NONE', ( #833 ), #3881, .T. ) ;
#9584 = ORIENTED_EDGE ( 'NONE', *, *, #978, .F. ) ;
#9585 = LINE ( 'NONE', #7379, #3841 ) ;
#9586 = CARTESIAN_POINT ( 'NONE',  ( 0.4591365116463585500, -0.4029596382106130400, 0.5400000000000000400 ) ) ;
#9587 = CARTESIAN_POINT ( 'NONE',  ( 0.2000000000000000900, 0.4000000000000000800, -0.02000000000000000000 ) ) ;
#9588 = DIRECTION ( 'NONE',  ( 1.000000000000000000, -0.0000000000000000000, -0.0000000000000000000 ) ) ;
#9589 = EDGE_CURVE ( 'NONE', #1326, #1477, #5853, .T. ) ;
#9590 = CARTESIAN_POINT ( 'NONE',  ( 0.5152193343677653500, -0.4916894677026310000, 0.5400000000000000400 ) ) ;
#9591 = CARTESIAN_POINT ( 'NONE',  ( 0.4656619340843122800, -0.5264254054360929500, 0.5400000000000000400 ) ) ;
#9592 = EDGE_CURVE ( 'NONE', #6966, #3812, #6203, .T. ) ;
#9593 = ORIENTED_EDGE ( 'NONE', *, *, #5899, .F. ) ;
#9594 = VECTOR ( 'NONE', #946, 1000.000000000000000 ) ;
#9595 = CARTESIAN_POINT ( 'NONE',  ( 0.4750000000000001400, 0.4000000000000000800, -0.02000000000000000000 ) ) ;
#9596 = CARTESIAN_POINT ( 'NONE',  ( 0.5074206587713087100, -0.4016465958906849100, 0.5300000000000000300 ) ) ;
#9597 = VERTEX_POINT ( 'NONE', #5485 ) ;
#9598 = LINE ( 'NONE', #7274, #7158 ) ;
#9599 = CARTESIAN_POINT ( 'NONE',  ( 0.4578632584878590800, -0.4682536517513063400, 0.5400000000000000400 ) ) ;
#9600 = EDGE_CURVE ( 'NONE', #3130, #2640, #7886, .T. ) ;
#9601 = CARTESIAN_POINT ( 'NONE',  ( 0.6000000000000002000, -0.3999999999999999700, -0.02000000000000000000 ) ) ;
#9602 = DIRECTION ( 'NONE',  ( -0.0000000000000000000, -1.000000000000000000, -0.0000000000000000000 ) ) ;
#9603 = CARTESIAN_POINT ( 'NONE',  ( 0.4335719755707609400, -0.3642049951950437900, 0.5400000000000000400 ) ) ;
#9604 = CARTESIAN_POINT ( 'NONE',  ( -0.1999999999999999300, 0.4000000000000000800, 0.0000000000000000000 ) ) ;
#9605 = EDGE_CURVE ( 'NONE', #3261, #6248, #1889, .T. ) ;
#9606 = ORIENTED_EDGE ( 'NONE', *, *, #5463, .F. ) ;
#9607 = DIRECTION ( 'NONE',  ( 0.0000000000000000000, 0.0000000000000000000, -1.000000000000000000 ) ) ;
#9608 = EDGE_CURVE ( 'NONE', #6396, #4700, #1839, .T. ) ;
#9609 = DIRECTION ( 'NONE',  ( 0.0000000000000000000, 0.0000000000000000000, 1.000000000000000000 ) ) ;
#9610 = ORIENTED_EDGE ( 'NONE', *, *, #5110, .T. ) ;
#9611 = AXIS2_PLACEMENT_3D ( 'NONE', #3600, #3624, #8872 ) ;
#9612 = EDGE_CURVE ( 'NONE', #8703, #9221, #7662, .T. ) ;
#9613 = CARTESIAN_POINT ( 'NONE',  ( 0.5095095897346870700, -0.4795935626956676600, 0.5300000000000000300 ) ) ;
#9614 = CARTESIAN_POINT ( 'NONE',  ( 0.09264825672961345100, -0.5619031274256207600, 0.5300000000000000300 ) ) ;
#9615 = ORIENTED_EDGE ( 'NONE', *, *, #2967, .T. ) ;
#9616 = CARTESIAN_POINT ( 'NONE',  ( 0.4373121567242079800, -0.3416047516291759200, 0.5300000000000000300 ) ) ;
#9617 = CARTESIAN_POINT ( 'NONE',  ( 0.3023664809908534500, -0.3853856900130648900, 0.5300000000000000300 ) ) ;
#9618 = VERTEX_POINT ( 'NONE', #1235 ) ;
#9619 = VECTOR ( 'NONE', #2477, 1000.000000000000000 ) ;
#9620 = ORIENTED_EDGE ( 'NONE', *, *, #6146, .F. ) ;
#9621 = ADVANCED_FACE ( 'NONE', ( #3632 ), #306, .F. ) ;
#9622 = FILL_AREA_STYLE ('',( #4595 ) ) ;
#9623 = ORIENTED_EDGE ( 'NONE', *, *, #668, .T. ) ;
#9624 = CARTESIAN_POINT ( 'NONE',  ( 0.7587687901162603100, -0.4472847637951944400, 0.5400000000000000400 ) ) ;
#9625 = MECHANICAL_DESIGN_GEOMETRIC_PRESENTATION_REPRESENTATION (  '', ( #8120 ), #399 ) ;
#9626 = LINE ( 'NONE', #2219, #3640 ) ;
#9627 = AXIS2_PLACEMENT_3D ( 'NONE', #1414, #7377, #5919 ) ;
#9628 = CARTESIAN_POINT ( 'NONE',  ( -0.004187346072788054000, -0.4977149683664612300, 0.5300000000000000300 ) ) ;
#9629 = CARTESIAN_POINT ( 'NONE',  ( 0.6951658159270623900, -0.5251123631161613800, 0.5300000000000000300 ) ) ;
#9630 = B_SPLINE_SURFACE_WITH_KNOTS ( 'NONE', 3, 1, ( 
 ( #5181, #3693 ),
 ( #695, #5945 ),
 ( #1445, #6706 ),
 ( #2175, #7482 ) ),
 .UNSPECIFIED., .F., .F., .F.,
 ( 4, 4 ),
 ( 2, 2 ),
 ( 0.0000000000000000000, 1.000000000000000000 ),
 ( 0.0000000000000000000, 1.000000000000000000 ),
 .UNSPECIFIED. ) ;
#9631 = FACE_OUTER_BOUND ( 'NONE', #5704, .T. ) ;
#9632 = CARTESIAN_POINT ( 'NONE',  ( 0.6048842091481467800, -0.5251123631161622700, 0.5400000000000000400 ) ) ;
#9633 = ORIENTED_EDGE ( 'NONE', *, *, #4613, .T. ) ;
#9634 = CARTESIAN_POINT ( 'NONE',  ( 0.06276757072949418200, -0.3809588923993698100, 0.5400000000000000400 ) ) ;
#9635 =( NAMED_UNIT ( * ) PLANE_ANGLE_UNIT ( ) SI_UNIT ( $, .RADIAN. ) );
#9636 = ORIENTED_EDGE ( 'NONE', *, *, #595, .T. ) ;
#9637 = DIRECTION ( 'NONE',  ( 0.3493954794972972100, -0.9369753459439867900, -0.0000000000000000000 ) ) ;
#9638 = EDGE_CURVE ( 'NONE', #324, #6744, #5443, .T. ) ;
#9639 = VECTOR ( 'NONE', #3831, 1000.000000000000000 ) ;
#9640 = ORIENTED_EDGE ( 'NONE', *, *, #296, .F. ) ;
#9641 = CARTESIAN_POINT ( 'NONE',  ( 0.07494118237177233000, -0.3488648392551344000, 0.5300000000000000300 ) ) ;
#9642 = SURFACE_STYLE_USAGE ( .BOTH. , #3735 ) ;
#9643 = ORIENTED_EDGE ( 'NONE', *, *, #7747, .F. ) ;
#9644 = DIRECTION ( 'NONE',  ( 0.0000000000000000000, 0.0000000000000000000, -1.000000000000000000 ) ) ;
#9645 =( NAMED_UNIT ( * ) PLANE_ANGLE_UNIT ( ) SI_UNIT ( $, .RADIAN. ) );
#9646 = CARTESIAN_POINT ( 'NONE',  ( 0.4368943705314791100, -0.3852534614734790000, 0.5300000000000000300 ) ) ;
#9647 = DIRECTION ( 'NONE',  ( -0.0000000000000000000, 1.000000000000000000, -0.0000000000000000000 ) ) ;
#9648 = VECTOR ( 'NONE', #7734, 1000.000000000000000 ) ;
#9649 = ORIENTED_EDGE ( 'NONE', *, *, #4303, .F. ) ;
#9650 = VECTOR ( 'NONE', #3586, 1000.000000000000000 ) ;
#9651 = CARTESIAN_POINT ( 'NONE',  ( 0.04008035565278061900, -0.5242755851802133300, 0.5300000000000000300 ) ) ;
#9652 = ORIENTED_EDGE ( 'NONE', *, *, #5510, .F. ) ;
#9653 = ORIENTED_EDGE ( 'NONE', *, *, #4173, .T. ) ;
#9654 = ORIENTED_EDGE ( 'NONE', *, *, #4922, .F. ) ;
#9655 = EDGE_CURVE ( 'NONE', #303, #7389, #3407, .T. ) ;
#9656 = DIRECTION ( 'NONE',  ( -0.0000000000000000000, -1.000000000000000000, -0.0000000000000000000 ) ) ;
#9657 = CARTESIAN_POINT ( 'NONE',  ( 0.2912995555594620800, -0.4484671628613402000, 0.5400000000000000400 ) ) ;
#9658 = UNCERTAINTY_MEASURE_WITH_UNIT (LENGTH_MEASURE( 1.000000000000000100E-005 ), #4090, 'distance_accuracy_value', 'NONE');
#9659 = EDGE_CURVE ( 'NONE', #571, #5556, #1941, .T. ) ;
#9660 = LINE ( 'NONE', #8242, #5660 ) ;
#9661 = CARTESIAN_POINT ( 'NONE',  ( 0.5092310656060270400, -0.4875911840981984000, 0.5400000000000000400 ) ) ;
#9662 = B_SPLINE_CURVE_WITH_KNOTS ( 'NONE', 3,
 ( #2387, #896, #3159, #8421 ),
 .UNSPECIFIED., .F., .F.,
 ( 4, 4 ),
 ( 13.00000000000000000, 14.00000000000000000 ),
 .UNSPECIFIED. ) ;
#9663 = ORIENTED_EDGE ( 'NONE', *, *, #31, .T. ) ;
#9664 = SURFACE_STYLE_USAGE ( .BOTH. , #4399 ) ;
#9665 = EDGE_LOOP ( 'NONE', ( #4467, #3358, #5666, #5774 ) ) ;
#9666 = CARTESIAN_POINT ( 'NONE',  ( 0.4651048858275191300, -0.4682536517513063400, 0.5400000000000000400 ) ) ;
#9667 = CARTESIAN_POINT ( 'NONE',  ( 0.4421266452303495000, -0.5191439889355340400, 0.5400000000000000400 ) ) ;
#9668 = CARTESIAN_POINT ( 'NONE',  ( 0.5485626514592382200, -0.5429379073373147300, 0.5400000000000000400 ) ) ;
#9669 = VECTOR ( 'NONE', #7957, 1000.000000000000000 ) ;
#9670 = CARTESIAN_POINT ( 'NONE',  ( -0.02742788842358112900, -0.4595340882929978000, 0.5400000000000000400 ) ) ;
#9671 = ORIENTED_EDGE ( 'NONE', *, *, #4318, .F. ) ;
#9672 = LINE ( 'NONE', #6830, #7934 ) ;
#9673 = B_SPLINE_CURVE_WITH_KNOTS ( 'NONE', 3,
 ( #6445, #9401, #5677, #1910 ),
 .UNSPECIFIED., .F., .F.,
 ( 4, 4 ),
 ( 0.0000000000000000000, 1.000000000000000000 ),
 .UNSPECIFIED. ) ;
#9674 = DIRECTION ( 'NONE',  ( 1.000000000000000000, -0.0000000000000000000, -0.0000000000000000000 ) ) ;
#9675 = EDGE_LOOP ( 'NONE', ( #4210, #1968, #5805, #3913 ) ) ;
#9676 = ORIENTED_EDGE ( 'NONE', *, *, #8889, .F. ) ;
#9677 = ORIENTED_EDGE ( 'NONE', *, *, #3468, .F. ) ;
#9678 = ADVANCED_FACE ( 'NONE', ( #5398 ), #9680, .T. ) ;
#9679 = EDGE_CURVE ( 'NONE', #8906, #771, #6327, .T. ) ;
#9680 = PLANE ( 'NONE',  #931 ) ;
#9681 = LINE ( 'NONE', #4278, #3237 ) ;
#9682 = CARTESIAN_POINT ( 'NONE',  ( 0.5085148607043181700, -0.4814238641112301700, 0.5400000000000000400 ) ) ;
#9683 = DIRECTION ( 'NONE',  ( 0.0000000000000000000, 1.000000000000000000, -0.0000000000000000000 ) ) ;
#9684 = CARTESIAN_POINT ( 'NONE',  ( 0.07494118237177233000, -0.3488648392551344000, 0.5300000000000000300 ) ) ;
#9685 = PLANE ( 'NONE',  #2807 ) ;
#9686 = CARTESIAN_POINT ( 'NONE',  ( 0.5332836135558864900, -0.4801904001136226800, 0.5400000000000000400 ) ) ;
#9687 = LINE ( 'NONE', #6610, #3939 ) ;
#9688 = ORIENTED_EDGE ( 'NONE', *, *, #240, .T. ) ;
#9689 = ORIENTED_EDGE ( 'NONE', *, *, #1822, .T. ) ;
#9690 = PRESENTATION_STYLE_ASSIGNMENT (( #2313 ) ) ;
#9691 =( NAMED_UNIT ( * ) PLANE_ANGLE_UNIT ( ) SI_UNIT ( $, .RADIAN. ) );
#9692 = DIRECTION ( 'NONE',  ( -0.0000000000000000000, 1.000000000000000000, -0.0000000000000000000 ) ) ;
#9693 = FILL_AREA_STYLE ('',( #4457 ) ) ;
#9694 = ORIENTED_EDGE ( 'NONE', *, *, #9434, .F. ) ;
#9695 = VERTEX_POINT ( 'NONE', #2981 ) ;
#9696 = PLANE ( 'NONE',  #1815 ) ;
#9697 = SURFACE_STYLE_FILL_AREA ( #3967 ) ;
#9698 = CARTESIAN_POINT ( 'NONE',  ( 0.4734009259390251100, -0.3225059542497878400, 0.5300000000000000300 ) ) ;
#9699 = CARTESIAN_POINT ( 'NONE',  ( 0.4702973713649610800, -0.4029596382106130400, 0.5300000000000000300 ) ) ;
#9700 = PLANE ( 'NONE',  #9329 ) ;
#9701 = CARTESIAN_POINT ( 'NONE',  ( 0.5088928577358860000, -0.4697258507158848000, 0.5300000000000000300 ) ) ;
#9702 = ORIENTED_EDGE ( 'NONE', *, *, #4795, .T. ) ;
#9703 = DIRECTION ( 'NONE',  ( -0.0000000000000000000, -0.0000000000000000000, -1.000000000000000000 ) ) ;
#9704 = EDGE_LOOP ( 'NONE', ( #4762, #481, #8287, #2545 ) ) ;
#9705 = DIRECTION ( 'NONE',  ( -0.9345104387438611900, -0.3559357243643240200, 0.0000000000000000000 ) ) ;
#9706 = STYLED_ITEM ( 'NONE', ( #4106 ), #7808 ) ;
#9707 = LINE ( 'NONE', #2903, #3724 ) ;
#9708 = LINE ( 'NONE', #8598, #7962 ) ;
#9709 = DIRECTION ( 'NONE',  ( 0.0000000000000000000, 0.0000000000000000000, -1.000000000000000000 ) ) ;
#9710 = DIRECTION ( 'NONE',  ( 0.0000000000000000000, 0.0000000000000000000, -1.000000000000000000 ) ) ;
#9711 = CARTESIAN_POINT ( 'NONE',  ( 0.5452999402402571900, -0.3665923448673997800, 0.5400000000000000400 ) ) ;
#9712 = ORIENTED_EDGE ( 'NONE', *, *, #9499, .F. ) ;
#9713 = CARTESIAN_POINT ( 'NONE',  ( -0.5650000000000001700, 0.2750000000000000800, 0.0000000000000000000 ) ) ;
#9714 = CARTESIAN_POINT ( 'NONE',  ( 0.3250000000000000700, 5.421010862427522200E-017, -0.02000000000000000000 ) ) ;
#9715 = DIRECTION ( 'NONE',  ( -0.0000000000000000000, 1.000000000000000000, -0.0000000000000000000 ) ) ;
#9716 = EDGE_CURVE ( 'NONE', #4568, #507, #6689, .T. ) ;
#9717 = DIRECTION ( 'NONE',  ( -1.000000000000000000, 0.0000000000000000000, 0.0000000000000000000 ) ) ;
#9718 = CARTESIAN_POINT ( 'NONE',  ( 0.7057099436465954500, -0.4635585307289159500, 0.5300000000000000300 ) ) ;
ENDSEC;
END-ISO-10303-21;
