ISO-10303-21;
HEADER;
FILE_DESCRIPTION (( 'STEP AP214' ),
    '1' );
FILE_NAME ('QFN-10_L2.0-W2.0-P0.50-TL.STEP',
    '2021-07-25T08:36:38',
    ( '' ),
    ( '' ),
    'SwSTEP 2.0',
    'SolidWorks 2018',
    '' );
FILE_SCHEMA (( 'AUTOMOTIVE_DESIGN' ));
ENDSEC;

DATA;
#1 = EDGE_CURVE ( 'NONE', #3812, #3480, #3244, .T. ) ;
#2 = VECTOR ( 'NONE', #3524, 1000.000000000000000 ) ;
#3 = ADVANCED_FACE ( 'NONE', ( #283 ), #4769, .T. ) ;
#4 = LINE ( 'NONE', #2388, #5512 ) ;
#5 = ORIENTED_EDGE ( 'NONE', *, *, #6233, .T. ) ;
#6 = CARTESIAN_POINT ( 'NONE',  ( 0.09114851912365873332, -0.04417150003088989030, 0.000000000000000000 ) ) ;
#7 = PRESENTATION_LAYER_ASSIGNMENT (  '', '', ( #4663 ) ) ;
#8 = FACE_OUTER_BOUND ( 'NONE', #2059, .T. ) ;
#9 =( NAMED_UNIT ( * ) PLANE_ANGLE_UNIT ( ) SI_UNIT ( $, .RADIAN. ) );
#10 = VECTOR ( 'NONE', #4226, 1000.000000000000000 ) ;
#11 = ADVANCED_FACE ( 'NONE', ( #5872 ), #6245, .T. ) ;
#12 = EDGE_CURVE ( 'NONE', #2964, #907, #3294, .T. ) ;
#13 = VECTOR ( 'NONE', #4798, 999.9999999999998863 ) ;
#14 = CARTESIAN_POINT ( 'NONE',  ( 1.050000000000000044, 0.6250000000000000000, 0.000000000000000000 ) ) ;
#15 =( NAMED_UNIT ( * ) PLANE_ANGLE_UNIT ( ) SI_UNIT ( $, .RADIAN. ) );
#16 = PRESENTATION_STYLE_ASSIGNMENT (( #2103 ) ) ;
#17 = LINE ( 'NONE', #6693, #4089 ) ;
#18 = PRODUCT_DEFINITION ( 'Î´Öª', '', #4543, #2337 ) ;
#19 = ORIENTED_EDGE ( 'NONE', *, *, #1158, .F. ) ;
#20 = CARTESIAN_POINT ( 'NONE',  ( 0.04596027288400020283, -0.08084176765532379016, -0.000000000000000000 ) ) ;
#21 = CARTESIAN_POINT ( 'NONE',  ( 0.1728833498070771468, -0.08923519714250328916, 0.000000000000000000 ) ) ;
#22 = STYLED_ITEM ( 'NONE', ( #5372 ), #4280 ) ;
#23 = VERTEX_POINT ( 'NONE', #1199 ) ;
#24 = CARTESIAN_POINT ( 'NONE',  ( 0.07544745237117968240, -0.1214066715014776449, 0.05000000000000000278 ) ) ;
#25 = ORIENTED_EDGE ( 'NONE', *, *, #4243, .T. ) ;
#26 = CARTESIAN_POINT ( 'NONE',  ( 0.1669652991969572953, -0.06443303271205400029, 0.05000000000000000278 ) ) ;
#27 = ORIENTED_EDGE ( 'NONE', *, *, #3048, .F. ) ;
#28 = DIRECTION ( 'NONE',  ( 5.560011140951315358E-16, 1.000000000000000000, 0.000000000000000000 ) ) ;
#29 = DIRECTION ( 'NONE',  ( -0.000000000000000000, 0.000000000000000000, -1.000000000000000000 ) ) ;
#30 =( GEOMETRIC_REPRESENTATION_CONTEXT ( 3 ) GLOBAL_UNCERTAINTY_ASSIGNED_CONTEXT ( ( #3060 ) ) GLOBAL_UNIT_ASSIGNED_CONTEXT ( ( #4938, #1808, #1733 ) ) REPRESENTATION_CONTEXT ( 'NONE', 'WORKASPACE' ) );
#31 = FACE_OUTER_BOUND ( 'NONE', #6389, .T. ) ;
#32 = VERTEX_POINT ( 'NONE', #1130 ) ;
#33 = EDGE_CURVE ( 'NONE', #2576, #1010, #4102, .T. ) ;
#34 = ORIENTED_EDGE ( 'NONE', *, *, #1336, .T. ) ;
#35 = CARTESIAN_POINT ( 'NONE',  ( -0.06357457675918450068, -0.1281847731463819640, 0.000000000000000000 ) ) ;
#36 = ORIENTED_EDGE ( 'NONE', *, *, #5537, .F. ) ;
#37 = CARTESIAN_POINT ( 'NONE',  ( -0.6700000000000002620, -0.2449999999999997735, -0.02000000000000000042 ) ) ;
#38 = DIRECTION ( 'NONE',  ( -2.085004177856742520E-16, -1.000000000000000000, 0.000000000000000000 ) ) ;
#39 = CARTESIAN_POINT ( 'NONE',  ( -0.09952374348699374873, -0.07489023142529731281, 0.000000000000000000 ) ) ;
#40 = SURFACE_STYLE_FILL_AREA ( #2981 ) ;
#42 = ORIENTED_EDGE ( 'NONE', *, *, #696, .T. ) ;
#41 = PRESENTATION_STYLE_ASSIGNMENT (( #4809 ) ) ;
#43 =( NAMED_UNIT ( * ) SI_UNIT ( $, .STERADIAN. ) SOLID_ANGLE_UNIT ( ) );
#44 = CARTESIAN_POINT ( 'NONE',  ( -0.09905788852959471202, -0.1084495862123295712, 0.05000000000000000278 ) ) ;
#45 = ORIENTED_EDGE ( 'NONE', *, *, #5984, .T. ) ;
#46 = CARTESIAN_POINT ( 'NONE',  ( -0.6700000000000002620, -0.7549999999999998934, -0.02000000000000000042 ) ) ;
#47 = DIRECTION ( 'NONE',  ( -1.000000000000000000, 0.000000000000000000, 0.000000000000000000 ) ) ;
#49 = EDGE_LOOP ( 'NONE', ( #5546, #3760, #1742, #5458, #4861, #334 ) ) ;
#48 = FACE_OUTER_BOUND ( 'NONE', #72, .T. ) ;
#50 = EDGE_LOOP ( 'NONE', ( #6261, #6804, #2053, #77, #2925, #36 ) ) ;
#51 = CARTESIAN_POINT ( 'NONE',  ( 0.1449707443425017894, -0.04304915190718267698, 0.05000000000000000278 ) ) ;
#52 = CARTESIAN_POINT ( 'NONE',  ( 0.004999999999999876939, -0.6800000000000001599, 0.000000000000000000 ) ) ;
#53 = DIRECTION ( 'NONE',  ( -1.000000000000000000, 0.000000000000000000, 0.000000000000000000 ) ) ;
#54 = LINE ( 'NONE', #3860, #308 ) ;
#55 = CARTESIAN_POINT ( 'NONE',  ( 0.1200326011003008814, -0.1423727436921913836, 0.05000000000000000278 ) ) ;
#57 = VERTEX_POINT ( 'NONE', #4330 ) ;
#56 = VECTOR ( 'NONE', #3544, 1000.000000000000000 ) ;
#58 = VERTEX_POINT ( 'NONE', #3315 ) ;
#59 = EDGE_CURVE ( 'NONE', #5093, #6220, #1207, .T. ) ;
#60 = FILL_AREA_STYLE_COLOUR ( '', #1093 ) ;
#61 = CARTESIAN_POINT ( 'NONE',  ( 0.09404896736777240696, -0.1369425609392814769, -0.000000000000000000 ) ) ;
#62 = DIRECTION ( 'NONE',  ( 0.000000000000000000, -1.000000000000000000, 0.000000000000000000 ) ) ;
#63 = SURFACE_SIDE_STYLE ('',( #2436 ) ) ;
#64 = AXIS2_PLACEMENT_3D ( 'NONE', #3236, #1141, #4874 ) ;
#65 = STYLED_ITEM ( 'NONE', ( #995 ), #3710 ) ;
#66 = CARTESIAN_POINT ( 'NONE',  ( -1.050000000000000266, 0.6250000000000002220, 0.000000000000000000 ) ) ;
#67 = CARTESIAN_POINT ( 'NONE',  ( 0.1708139346226825450, -0.07372829056405234838, 0.05000000000000000278 ) ) ;
#68 = ORIENTED_EDGE ( 'NONE', *, *, #757, .T. ) ;
#69 = PRESENTATION_LAYER_ASSIGNMENT (  '', '', ( #4353 ) ) ;
#70 = DIRECTION ( 'NONE',  ( -1.000000000000000000, 0.000000000000000000, -0.000000000000000000 ) ) ;
#71 = ORIENTED_EDGE ( 'NONE', *, *, #597, .T. ) ;
#72 = EDGE_LOOP ( 'NONE', ( #2404, #4130, #4718, #5542 ) ) ;
#73 = EDGE_CURVE ( 'NONE', #5536, #1927, #6540, .T. ) ;
#74 = CARTESIAN_POINT ( 'NONE',  ( 0.1190772600634873862, -0.03725202406558020263, 0.05000000000000000278 ) ) ;
#75 = DIRECTION ( 'NONE',  ( 0.000000000000000000, 0.000000000000000000, -1.000000000000000000 ) ) ;
#76 = PRESENTATION_STYLE_ASSIGNMENT (( #3694 ) ) ;
#77 = ORIENTED_EDGE ( 'NONE', *, *, #5441, .F. ) ;
#78 = VECTOR ( 'NONE', #5979, 1000.000000000000000 ) ;
#79 = CARTESIAN_POINT ( 'NONE',  ( -0.005000000000000028727, -0.5600000000000001643, -0.02000000000000000042 ) ) ;
#80 = CARTESIAN_POINT ( 'NONE',  ( -0.1014756245518972505, -0.09107814586045200056, 0.05000000000000000278 ) ) ;
#81 = B_SPLINE_CURVE_WITH_KNOTS ( 'NONE', 3,
 ( #5769, #1011, #5335, #1089, #5297, #1555, #502, #4733, #4218, #2096, #3193, #2553, #4171, #6852, #5797, #6341, #2155, #2633, #989, #5859, #5814, #6409, #3124, #5316, #1504, #6322, #3098 ),
 .UNSPECIFIED., .F., .F.,
 ( 4, 1, 1, 1, 1, 1, 1, 1, 1, 1, 1, 1, 1, 1, 1, 1, 1, 1, 1, 1, 1, 1, 1, 1, 4 ),
 ( 0.000000000000000000, 0.04395490890619449531, 0.08750187479760482279, 0.1304626267314900612, 0.1727520205665170339, 0.2154030673796032969, 0.2576498297432396334, 0.3001527489572936025, 0.3431214895020865407, 0.3859251632064336079, 0.4276857274028016964, 0.4688179504865897518, 0.5094918001549955111, 0.5498830310733489046, 0.5899800229668863416, 0.6304052300068397896, 0.6708686260826384196, 0.7113839438381758251, 0.7516272580635842138, 0.7917755768651915105, 0.8324589188037424536, 0.8733190450172880759, 0.9145429556263490189, 0.9569235582098847281, 1.000000000000000000 ),
 .UNSPECIFIED. ) ;
#82 = DIRECTION ( 'NONE',  ( -0.000000000000000000, 0.000000000000000000, 1.000000000000000000 ) ) ;
#83 = CARTESIAN_POINT ( 'NONE',  ( -0.6700000000000011502, -0.1249999999999997918, 0.1499999999999999944 ) ) ;
#84 = DIRECTION ( 'NONE',  ( 0.000000000000000000, -0.000000000000000000, 1.000000000000000000 ) ) ;
#85 = ADVANCED_FACE ( 'NONE', ( #4801 ), #2914, .T. ) ;
#86 = LINE ( 'NONE', #5531, #2724 ) ;
#87 = ORIENTED_EDGE ( 'NONE', *, *, #3266, .T. ) ;
#88 = SURFACE_STYLE_USAGE ( .BOTH. , #2804 ) ;
#89 = VECTOR ( 'NONE', #4011, 1000.000000000000000 ) ;
#90 = CARTESIAN_POINT ( 'NONE',  ( 0.1643073959443998033, -0.06012328400214676100, 0.05000000000000000278 ) ) ;
#91 = EDGE_CURVE ( 'NONE', #4764, #3572, #3150, .T. ) ;
#92 = CARTESIAN_POINT ( 'NONE',  ( -0.1014552700705732696, -0.08965491419665341799, 0.05000000000000000278 ) ) ;
#93 = UNCERTAINTY_MEASURE_WITH_UNIT (LENGTH_MEASURE( 1.000000000000000082E-05 ), #3537, 'distance_accuracy_value', 'NONE');
#94 = VECTOR ( 'NONE', #5614, 1000.000000000000000 ) ;
#95 = CARTESIAN_POINT ( 'NONE',  ( 0.09056953938280604133, -0.05693882752920078477, 0.000000000000000000 ) ) ;
#96 = ORIENTED_EDGE ( 'NONE', *, *, #3073, .T. ) ;
#97 = VECTOR ( 'NONE', #1564, 1000.000000000000227 ) ;
#98 = CIRCLE ( 'NONE', #4139, 0.1200000000000001205 ) ;
#99 = CARTESIAN_POINT ( 'NONE',  ( -1.060000000000000719, -0.1249999999999997918, -0.02000000000000000042 ) ) ;
#100 = VERTEX_POINT ( 'NONE', #2965 ) ;
#101 = EDGE_CURVE ( 'NONE', #5133, #449, #5043, .T. ) ;
#102 = COLOUR_RGB ( '',0.5019607843137254832, 0.5019607843137254832, 0.000000000000000000 ) ;
#103 = ORIENTED_EDGE ( 'NONE', *, *, #2499, .T. ) ;
#104 = CARTESIAN_POINT ( 'NONE',  ( 0.1196381574993848201, -0.04750843432199046423, 1.355252715606880543E-17 ) ) ;
#105 = PRESENTATION_LAYER_ASSIGNMENT (  '', '', ( #1443 ) ) ;
#106 =( NAMED_UNIT ( * ) PLANE_ANGLE_UNIT ( ) SI_UNIT ( $, .RADIAN. ) );
#107 = CARTESIAN_POINT ( 'NONE',  ( -0.1250000000000001388, -1.060000000000000275, -0.02000000000000000042 ) ) ;
#108 = DIRECTION ( 'NONE',  ( 0.000000000000000000, 0.000000000000000000, 1.000000000000000000 ) ) ;
#109 = ORIENTED_EDGE ( 'NONE', *, *, #1966, .T. ) ;
#110 = EDGE_CURVE ( 'NONE', #4658, #6453, #4017, .T. ) ;
#111 = ORIENTED_EDGE ( 'NONE', *, *, #911, .F. ) ;
#112 = SURFACE_STYLE_USAGE ( .BOTH. , #1753 ) ;
#113 = ORIENTED_EDGE ( 'NONE', *, *, #6116, .T. ) ;
#114 = CARTESIAN_POINT ( 'NONE',  ( 0.1669652991969572953, -0.06443303271205400029, 0.05000000000000000278 ) ) ;
#115 = FACE_OUTER_BOUND ( 'NONE', #3518, .T. ) ;
#116 = DIRECTION ( 'NONE',  ( 0.000000000000000000, 1.000000000000000000, 0.000000000000000000 ) ) ;
#117 = CARTESIAN_POINT ( 'NONE',  ( 0.09968458041455462160, -0.04032973606916579606, 0.05000000000000000278 ) ) ;
#118 = EDGE_LOOP ( 'NONE', ( #5051, #1476, #295, #4242 ) ) ;
#119 = AXIS2_PLACEMENT_3D ( 'NONE', #725, #1803, #6593 ) ;
#120 = ORIENTED_EDGE ( 'NONE', *, *, #1944, .T. ) ;
#121 = VECTOR ( 'NONE', #6624, 1000.000000000000000 ) ;
#122 = ADVANCED_FACE ( 'NONE', ( #4088 ), #616, .T. ) ;
#123 = ORIENTED_EDGE ( 'NONE', *, *, #1644, .F. ) ;
#124 = CARTESIAN_POINT ( 'NONE',  ( -0.09248660022428120686, -0.08988858580066876047, 0.05000000000000000278 ) ) ;
#125 = STYLED_ITEM ( 'NONE', ( #3673 ), #1709 ) ;
#126 = ORIENTED_EDGE ( 'NONE', *, *, #5318, .T. ) ;
#127 = EDGE_CURVE ( 'NONE', #2391, #1987, #6115, .T. ) ;
#128 = LINE ( 'NONE', #1830, #550 ) ;
#129 = PLANE ( 'NONE',  #1656 ) ;
#130 = DIRECTION ( 'NONE',  ( 1.000000000000000000, 1.032573497605242101E-16, -0.000000000000000000 ) ) ;
#131 = DIRECTION ( 'NONE',  ( -0.000000000000000000, -0.000000000000000000, -1.000000000000000000 ) ) ;
#132 = PRODUCT ( 'QFN-10_L2.0-W2.0-P0.50-TL', 'QFN-10_L2.0-W2.0-P0.50-TL', '', ( #6851 ) ) ;
#133 = DIRECTION ( 'NONE',  ( 0.000000000000000000, -1.000000000000000000, 0.000000000000000000 ) ) ;
#134 = CARTESIAN_POINT ( 'NONE',  ( -0.6700000000000002620, -0.2549999999999998934, -0.02000000000000000042 ) ) ;
#135 = CARTESIAN_POINT ( 'NONE',  ( -0.07871815129849273063, -0.1344363725179572866, 0.000000000000000000 ) ) ;
#136 = ORIENTED_EDGE ( 'NONE', *, *, #2924, .F. ) ;
#137 = ORIENTED_EDGE ( 'NONE', *, *, #4627, .F. ) ;
#138 = UNCERTAINTY_MEASURE_WITH_UNIT (LENGTH_MEASURE( 1.000000000000000082E-05 ), #5532, 'distance_accuracy_value', 'NONE');
#139 = PLANE ( 'NONE',  #2817 ) ;
#140 = CARTESIAN_POINT ( 'NONE',  ( 0.08330001647374379870, -0.06417510098865712720, 0.05000000000000000278 ) ) ;
#141 = FILL_AREA_STYLE_COLOUR ( '', #5273 ) ;
#142 = EDGE_CURVE ( 'NONE', #6504, #2018, #2742, .T. ) ;
#143 =( LENGTH_UNIT ( ) NAMED_UNIT ( * ) SI_UNIT ( .MILLI., .METRE. ) );
#144 = DIRECTION ( 'NONE',  ( -0.4283511191562786036, 0.9036123719369736351, 0.000000000000000000 ) ) ;
#145 = CARTESIAN_POINT ( 'NONE',  ( -0.06353741138012347633, -0.05215204748169664783, 0.05000000000000000278 ) ) ;
#146 = CARTESIAN_POINT ( 'NONE',  ( -0.07604169046424470724, -0.1357340969613363701, 0.05000000000000000278 ) ) ;
#147 = ORIENTED_EDGE ( 'NONE', *, *, #1092, .F. ) ;
#148 = CARTESIAN_POINT ( 'NONE',  ( -0.6700000000000011502, -0.3749999999999998890, 0.000000000000000000 ) ) ;
#149 = FACE_OUTER_BOUND ( 'NONE', #4007, .T. ) ;
#150 = STYLED_ITEM ( 'NONE', ( #3172 ), #4744 ) ;
#151 = CARTESIAN_POINT ( 'NONE',  ( -0.05893473490254278607, -0.1395069888485747645, 0.000000000000000000 ) ) ;
#152 = DIRECTION ( 'NONE',  ( 1.000000000000000000, -4.170008355713484547E-16, 0.000000000000000000 ) ) ;
#153 = CARTESIAN_POINT ( 'NONE',  ( -0.09952374348699374873, -0.07489023142529731281, 0.05000000000000000278 ) ) ;
#154 = ORIENTED_EDGE ( 'NONE', *, *, #740, .T. ) ;
#155 = CARTESIAN_POINT ( 'NONE',  ( 0.09388899198481107100, -0.04272959313355140926, 0.05000000000000000278 ) ) ;
#156 = CARTESIAN_POINT ( 'NONE',  ( 0.09056953938280604133, -0.05693882752920078477, 0.05000000000000000278 ) ) ;
#157 = FACE_OUTER_BOUND ( 'NONE', #6827, .T. ) ;
#158 = PRESENTATION_STYLE_ASSIGNMENT (( #4335 ) ) ;
#159 = MECHANICAL_DESIGN_GEOMETRIC_PRESENTATION_REPRESENTATION (  '', ( #2727 ), #6113 ) ;
#160 = VECTOR ( 'NONE', #3822, 1000.000000000000000 ) ;
#161 = VERTEX_POINT ( 'NONE', #3091 ) ;
#162 = EDGE_CURVE ( 'NONE', #6668, #2108, #1023, .T. ) ;
#163 = CARTESIAN_POINT ( 'NONE',  ( -1.050000000000000266, 1.050000000000000044, 0.7500000000000000000 ) ) ;
#164 = CARTESIAN_POINT ( 'NONE',  ( -0.07956377458234004107, -0.06002021015700825107, 0.05000000000000000278 ) ) ;
#165 = FACE_OUTER_BOUND ( 'NONE', #279, .T. ) ;
#166 = ORIENTED_EDGE ( 'NONE', *, *, #4627, .T. ) ;
#167 = DIRECTION ( 'NONE',  ( 0.000000000000000000, 0.000000000000000000, -1.000000000000000000 ) ) ;
#168 = CARTESIAN_POINT ( 'NONE',  ( -0.1004107851309982286, -0.07872441364849007417, 0.000000000000000000 ) ) ;
#169 = FACE_OUTER_BOUND ( 'NONE', #2414, .T. ) ;
#170 = VECTOR ( 'NONE', #4073, 1000.000000000000000 ) ;
#171 = CARTESIAN_POINT ( 'NONE',  ( -0.06995120348784045206, -0.1377420005377557877, 0.05000000000000000278 ) ) ;
#172 = PLANE ( 'NONE',  #471 ) ;
#173 = CARTESIAN_POINT ( 'NONE',  ( -0.005000000000000042605, 0.6800000000000001599, 0.1499999999999999944 ) ) ;
#174 = ORIENTED_EDGE ( 'NONE', *, *, #1196, .F. ) ;
#175 = CIRCLE ( 'NONE', #2046, 0.1199999999999999956 ) ;
#176 = LINE ( 'NONE', #1665, #1015 ) ;
#177 = VECTOR ( 'NONE', #5358, 1000.000000000000000 ) ;
#178 = LINE ( 'NONE', #5180, #1693 ) ;
#179 = CARTESIAN_POINT ( 'NONE',  ( 1.060000000000000497, -0.6250000000000000000, -0.02000000000000000042 ) ) ;
#180 = CARTESIAN_POINT ( 'NONE',  ( -1.050000000000000266, 0.1250000000000002220, 0.1499999999999999944 ) ) ;
#181 = DIRECTION ( 'NONE',  ( -0.000000000000000000, 0.000000000000000000, -1.000000000000000000 ) ) ;
#182 = FACE_OUTER_BOUND ( 'NONE', #2668, .T. ) ;
#183 = VECTOR ( 'NONE', #3004, 1000.000000000000000 ) ;
#184 = ADVANCED_FACE ( 'NONE', ( #3840 ), #2942, .T. ) ;
#185 = EDGE_LOOP ( 'NONE', ( #1040, #3489, #1764, #2775 ) ) ;
#186 = VERTEX_POINT ( 'NONE', #382 ) ;
#187 = CARTESIAN_POINT ( 'NONE',  ( 0.1844218113455386721, -0.1295597163732725154, 0.05000000000000000278 ) ) ;
#188 = CARTESIAN_POINT ( 'NONE',  ( -0.09156647955308787334, -0.08097757065308558433, 0.05000000000000000278 ) ) ;
#189 = EDGE_CURVE ( 'NONE', #2556, #2837, #6701, .T. ) ;
#190 = ORIENTED_EDGE ( 'NONE', *, *, #1924, .F. ) ;
#191 = LINE ( 'NONE', #83, #2663 ) ;
#192 = AXIS2_PLACEMENT_3D ( 'NONE', #1681, #6502, #4369 ) ;
#193 = ORIENTED_EDGE ( 'NONE', *, *, #3711, .T. ) ;
#194 =( NAMED_UNIT ( * ) PLANE_ANGLE_UNIT ( ) SI_UNIT ( $, .RADIAN. ) );
#195 = PRESENTATION_LAYER_ASSIGNMENT (  '', '', ( #6775 ) ) ;
#196 = CARTESIAN_POINT ( 'NONE',  ( 0.1190171639096412465, -0.1321238189373750704, 0.000000000000000000 ) ) ;
#197 = CARTESIAN_POINT ( 'NONE',  ( 0.1179282751507328836, -0.03726579944246213166, 0.000000000000000000 ) ) ;
#198 =( NAMED_UNIT ( * ) SI_UNIT ( $, .STERADIAN. ) SOLID_ANGLE_UNIT ( ) );
#199 = FACE_OUTER_BOUND ( 'NONE', #4586, .T. ) ;
#200 = CARTESIAN_POINT ( 'NONE',  ( -0.07871815129849273063, -0.1344363725179572866, 0.05000000000000000278 ) ) ;
#201 =( NAMED_UNIT ( * ) SI_UNIT ( $, .STERADIAN. ) SOLID_ANGLE_UNIT ( ) );
#202 =( GEOMETRIC_REPRESENTATION_CONTEXT ( 3 ) GLOBAL_UNCERTAINTY_ASSIGNED_CONTEXT ( ( #4544 ) ) GLOBAL_UNIT_ASSIGNED_CONTEXT ( ( #1032, #15, #543 ) ) REPRESENTATION_CONTEXT ( 'NONE', 'WORKASPACE' ) );
#203 = ORIENTED_EDGE ( 'NONE', *, *, #3110, .T. ) ;
#204 = PLANE ( 'NONE',  #3858 ) ;
#205 = ORIENTED_EDGE ( 'NONE', *, *, #3861, .T. ) ;
#206 = MECHANICAL_DESIGN_GEOMETRIC_PRESENTATION_REPRESENTATION (  '', ( #3768 ), #925 ) ;
#207 =( LENGTH_UNIT ( ) NAMED_UNIT ( * ) SI_UNIT ( .MILLI., .METRE. ) );
#208 = CIRCLE ( 'NONE', #3886, 0.1199999999999999956 ) ;
#209 = CARTESIAN_POINT ( 'NONE',  ( 0.1190772600634873862, -0.03725202406558020263, 0.05000000000000000278 ) ) ;
#211 = ORIENTED_EDGE ( 'NONE', *, *, #546, .F. ) ;
#210 = VECTOR ( 'NONE', #1035, 1000.000000000000000 ) ;
#212 = CARTESIAN_POINT ( 'NONE',  ( -0.5500000000000003775, 0.000000000000000000, 0.000000000000000000 ) ) ;
#213 = PLANE ( 'NONE',  #4994 ) ;
#214 = CARTESIAN_POINT ( 'NONE',  ( -0.09080123138055243293, -0.07786390792755401580, 0.05000000000000000278 ) ) ;
#215 = MECHANICAL_DESIGN_GEOMETRIC_PRESENTATION_REPRESENTATION (  '', ( #3198 ), #4272 ) ;
#216 = VECTOR ( 'NONE', #5299, 1000.000000000000000 ) ;
#217 = VERTEX_POINT ( 'NONE', #2020 ) ;
#218 = UNCERTAINTY_MEASURE_WITH_UNIT (LENGTH_MEASURE( 1.000000000000000082E-05 ), #3096, 'distance_accuracy_value', 'NONE');
#219 =( NAMED_UNIT ( * ) PLANE_ANGLE_UNIT ( ) SI_UNIT ( $, .RADIAN. ) );
#220 = CARTESIAN_POINT ( 'NONE',  ( -0.1994123232698460091, -0.1398161266296827909, 0.05000000000000000278 ) ) ;
#221 = CARTESIAN_POINT ( 'NONE',  ( 0.07926029868746627127, -0.05345637888030294743, 0.000000000000000000 ) ) ;
#222 = PLANE ( 'NONE',  #1583 ) ;
#223 = VECTOR ( 'NONE', #5249, 1000.000000000000000 ) ;
#224 = CARTESIAN_POINT ( 'NONE',  ( -0.03542995147497418618, -0.05007253688609302616, 0.05000000000000000278 ) ) ;
#225 = CARTESIAN_POINT ( 'NONE',  ( 0.1206016819319262467, -0.1320942471915408367, 0.05000000000000000278 ) ) ;
#226 =( NAMED_UNIT ( * ) PLANE_ANGLE_UNIT ( ) SI_UNIT ( $, .RADIAN. ) );
#227 = VERTEX_POINT ( 'NONE', #5266 ) ;
#228 = UNCERTAINTY_MEASURE_WITH_UNIT (LENGTH_MEASURE( 1.000000000000000082E-05 ), #6542, 'distance_accuracy_value', 'NONE');
#229 = FILL_AREA_STYLE ('',( #794 ) ) ;
#230 = DIRECTION ( 'NONE',  ( 0.000000000000000000, -1.000000000000000000, 0.000000000000000000 ) ) ;
#231 = CARTESIAN_POINT ( 'NONE',  ( -0.07134741942369210443, -0.04342189586045200334, 0.05000000000000000278 ) ) ;
#232 = DIRECTION ( 'NONE',  ( 0.4188422247446085267, 0.9080590238365492395, 0.000000000000000000 ) ) ;
#233 = EDGE_CURVE ( 'NONE', #4287, #4105, #2996, .T. ) ;
#234 = DIRECTION ( 'NONE',  ( 1.032573497605242224E-16, -1.000000000000000000, 0.000000000000000000 ) ) ;
#235 = ORIENTED_EDGE ( 'NONE', *, *, #3772, .F. ) ;
#236 = LINE ( 'NONE', #5470, #3893 ) ;
#237 =( NAMED_UNIT ( * ) PLANE_ANGLE_UNIT ( ) SI_UNIT ( $, .RADIAN. ) );
#238 = STYLED_ITEM ( 'NONE', ( #1187 ), #3324 ) ;
#239 = ORIENTED_EDGE ( 'NONE', *, *, #1173, .T. ) ;
#240 = ORIENTED_EDGE ( 'NONE', *, *, #979, .T. ) ;
#241 = EDGE_CURVE ( 'NONE', #6927, #4551, #2910, .T. ) ;
#242 = VECTOR ( 'NONE', #6751, 1000.000000000000000 ) ;
#243 = CARTESIAN_POINT ( 'NONE',  ( 0.1551063169092620209, -0.06385935521268799875, 1.355252715606880543E-17 ) ) ;
#244 = CARTESIAN_POINT ( 'NONE',  ( -0.1250000000000001388, -1.060000000000000275, 0.1499999999999999944 ) ) ;
#245 = CARTESIAN_POINT ( 'NONE',  ( 0.08601934263168961592, -0.04747754086091094533, 0.05000000000000000278 ) ) ;
#246 = CARTESIAN_POINT ( 'NONE',  ( 0.07544745237117968240, -0.1214066715014776449, 0.05000000000000000278 ) ) ;
#247 = CARTESIAN_POINT ( 'NONE',  ( 1.050000000000000044, 0.3749999999999998890, 0.7500000000000000000 ) ) ;
#248 = AXIS2_PLACEMENT_3D ( 'NONE', #6841, #1562, #1053 ) ;
#249 = SURFACE_STYLE_FILL_AREA ( #3678 ) ;
#250 = ORIENTED_EDGE ( 'NONE', *, *, #1744, .F. ) ;
#251 = STYLED_ITEM ( 'NONE', ( #521 ), #4491 ) ;
#252 = CARTESIAN_POINT ( 'NONE',  ( 0.005000000000000174444, 0.5600000000000000533, -0.02000000000000000042 ) ) ;
#253 = CARTESIAN_POINT ( 'NONE',  ( 0.1250000000000004163, 1.060000000000000275, 0.1499999999999999944 ) ) ;
#254 = FILL_AREA_STYLE_COLOUR ( '', #1514 ) ;
#255 = FACE_OUTER_BOUND ( 'NONE', #3217, .T. ) ;
#256 = CARTESIAN_POINT ( 'NONE',  ( -0.09209566685306988520, -0.08421987495380617306, 0.000000000000000000 ) ) ;
#257 = ORIENTED_EDGE ( 'NONE', *, *, #1315, .T. ) ;
#258 = AXIS2_PLACEMENT_3D ( 'NONE', #6246, #3020, #3047 ) ;
#259 = SURFACE_SIDE_STYLE ('',( #6065 ) ) ;
#260 = ADVANCED_FACE ( 'NONE', ( #6531 ), #5742, .T. ) ;
#261 = EDGE_CURVE ( 'NONE', #5948, #4593, #5291, .T. ) ;
#262 = VECTOR ( 'NONE', #4982, 1000.000000000000000 ) ;
#263 = DIRECTION ( 'NONE',  ( -0.000000000000000000, -0.000000000000000000, -1.000000000000000000 ) ) ;
#264 = SURFACE_STYLE_FILL_AREA ( #4277 ) ;
#265 = DIRECTION ( 'NONE',  ( -1.000000000000000000, 0.000000000000000000, -0.000000000000000000 ) ) ;
#266 = ORIENTED_EDGE ( 'NONE', *, *, #5406, .F. ) ;
#267 = FACE_OUTER_BOUND ( 'NONE', #2051, .T. ) ;
#268 = LINE ( 'NONE', #5447, #1193 ) ;
#269 = LINE ( 'NONE', #944, #6866 ) ;
#270 = CARTESIAN_POINT ( 'NONE',  ( -0.04526088390441814630, -0.05023357471498005739, 0.000000000000000000 ) ) ;
#271 = CARTESIAN_POINT ( 'NONE',  ( 0.1368859473098613666, -0.05065848660343436755, 0.05000000000000000278 ) ) ;
#272 = CARTESIAN_POINT ( 'NONE',  ( 0.6700000000000003730, 0.2550000000000002265, -0.02000000000000000042 ) ) ;
#273 = VERTEX_POINT ( 'NONE', #3140 ) ;
#274 = FACE_OUTER_BOUND ( 'NONE', #6602, .T. ) ;
#275 = CARTESIAN_POINT ( 'NONE',  ( 1.060000000000000719, -0.1250000000000000555, -0.02000000000000000042 ) ) ;
#276 = PLANE ( 'NONE',  #2502 ) ;
#277 = FILL_AREA_STYLE_COLOUR ( '', #6756 ) ;
#278 = FACE_OUTER_BOUND ( 'NONE', #2396, .T. ) ;
#279 = EDGE_LOOP ( 'NONE', ( #4222, #3130, #1495, #410 ) ) ;
#280 = CARTESIAN_POINT ( 'NONE',  ( 0.6700000000000011502, -0.8749999999999998890, 0.1499999999999999944 ) ) ;
#281 = COLOUR_RGB ( '',0.5019607843137254832, 0.5019607843137254832, 0.000000000000000000 ) ;
#282 = CARTESIAN_POINT ( 'NONE',  ( -0.08375234366413680798, -0.06427590203876686059, 0.000000000000000000 ) ) ;
#283 = FACE_OUTER_BOUND ( 'NONE', #2141, .T. ) ;
#284 = SURFACE_STYLE_USAGE ( .BOTH. , #842 ) ;
#285 = FILL_AREA_STYLE ('',( #3857 ) ) ;
#286 = ORIENTED_EDGE ( 'NONE', *, *, #6630, .T. ) ;
#287 = EDGE_LOOP ( 'NONE', ( #1477, #1357, #6719, #2140 ) ) ;
#288 = PLANE ( 'NONE',  #2149 ) ;
#289 = ORIENTED_EDGE ( 'NONE', *, *, #4033, .T. ) ;
#290 = CARTESIAN_POINT ( 'NONE',  ( -0.03987706685958954805, -0.1295597163732725154, 0.05000000000000000278 ) ) ;
#291 = EDGE_CURVE ( 'NONE', #4738, #4289, #2279, .T. ) ;
#292 = AXIS2_PLACEMENT_3D ( 'NONE', #2330, #6075, #2275 ) ;
#293 = CARTESIAN_POINT ( 'NONE',  ( -1.563753133392555288E-16, -0.3749999999999996114, 0.000000000000000000 ) ) ;
#294 = DIRECTION ( 'NONE',  ( -0.000000000000000000, -0.000000000000000000, -1.000000000000000000 ) ) ;
#295 = ORIENTED_EDGE ( 'NONE', *, *, #5163, .F. ) ;
#296 = CARTESIAN_POINT ( 'NONE',  ( -0.06937561438413597514, -0.1266941727678024265, 0.000000000000000000 ) ) ;
#297 = CYLINDRICAL_SURFACE ( 'NONE', #3944, 0.1199999999999999956 ) ;
#298 = CARTESIAN_POINT ( 'NONE',  ( 0.6700000000000012612, 0.3750000000000002220, 0.1499999999999999944 ) ) ;
#299 = CARTESIAN_POINT ( 'NONE',  ( 0.1643073959443998033, -0.06012328400214676100, -0.000000000000000000 ) ) ;
#300 = EDGE_LOOP ( 'NONE', ( #6909, #2272, #488, #2249, #5267, #3683 ) ) ;
#301 = DIRECTION ( 'NONE',  ( 1.000000000000000000, 7.132909029509896943E-17, 0.000000000000000000 ) ) ;
#302 = VECTOR ( 'NONE', #735, 1000.000000000000000 ) ;
#303 = VERTEX_POINT ( 'NONE', #5832 ) ;
#304 =( NAMED_UNIT ( * ) PLANE_ANGLE_UNIT ( ) SI_UNIT ( $, .RADIAN. ) );
#305 = CARTESIAN_POINT ( 'NONE',  ( -0.05836110226497562281, -0.04068124080250513919, 0.05000000000000000278 ) ) ;
#306 = CARTESIAN_POINT ( 'NONE',  ( 0.6700000000000002620, -0.2449999999999997735, 0.1499999999999999944 ) ) ;
#307 = EDGE_CURVE ( 'NONE', #1697, #5638, #1265, .T. ) ;
#308 = VECTOR ( 'NONE', #4895, 1000.000000000000000 ) ;
#310 = VERTEX_POINT ( 'NONE', #574 ) ;
#309 = VECTOR ( 'NONE', #6543, 999.9999999999998863 ) ;
#311 = CARTESIAN_POINT ( 'NONE',  ( 0.1200326011003008814, -0.1423727436921913836, 0.05000000000000000278 ) ) ;
#312 = ORIENTED_EDGE ( 'NONE', *, *, #2757, .T. ) ;
#313 = UNCERTAINTY_MEASURE_WITH_UNIT (LENGTH_MEASURE( 1.000000000000000082E-05 ), #5199, 'distance_accuracy_value', 'NONE');
#314 = CARTESIAN_POINT ( 'NONE',  ( -0.01942434250061519929, -0.1398161266296827909, 0.05000000000000000278 ) ) ;
#315 = CARTESIAN_POINT ( 'NONE',  ( -0.06615911814164082694, -0.05287702406558020263, 0.000000000000000000 ) ) ;
#316 = CARTESIAN_POINT ( 'NONE',  ( -0.09094127987188872775, -0.1035615755160761847, 0.05000000000000000278 ) ) ;
#317 = FILL_AREA_STYLE ('',( #1409 ) ) ;
#318 = CARTESIAN_POINT ( 'NONE',  ( 0.1449707443425017894, -0.04304915190718267698, 0.000000000000000000 ) ) ;
#319 = CARTESIAN_POINT ( 'NONE',  ( -0.005000000000000028727, -0.5600000000000001643, 0.1499999999999999944 ) ) ;
#320 = ORIENTED_EDGE ( 'NONE', *, *, #5559, .T. ) ;
#321 = EDGE_CURVE ( 'NONE', #5091, #1697, #6872, .T. ) ;
#322 = SURFACE_SIDE_STYLE ('',( #5772 ) ) ;
#323 = ORIENTED_EDGE ( 'NONE', *, *, #6090, .T. ) ;
#324 =( LENGTH_UNIT ( ) NAMED_UNIT ( * ) SI_UNIT ( .MILLI., .METRE. ) );
#325 = CARTESIAN_POINT ( 'NONE',  ( 0.1844218113455386721, -0.1295597163732725154, 0.05000000000000000278 ) ) ;
#326 = EDGE_CURVE ( 'NONE', #2776, #6439, #3918, .T. ) ;
#327 = DIRECTION ( 'NONE',  ( 0.000000000000000000, 1.000000000000000000, 0.000000000000000000 ) ) ;
#328 = ADVANCED_FACE ( 'NONE', ( #3343 ), #1889, .T. ) ;
#329 = ORIENTED_EDGE ( 'NONE', *, *, #5537, .T. ) ;
#330 = MECHANICAL_DESIGN_GEOMETRIC_PRESENTATION_REPRESENTATION (  '', ( #2707 ), #5348 ) ;
#331 = CARTESIAN_POINT ( 'NONE',  ( -0.06616815556846633584, -0.1276819888390659519, 0.05000000000000000278 ) ) ;
#332 = MECHANICAL_DESIGN_GEOMETRIC_PRESENTATION_REPRESENTATION (  '', ( #603 ), #6550 ) ;
#333 = DIRECTION ( 'NONE',  ( 0.000000000000000000, 0.000000000000000000, -1.000000000000000000 ) ) ;
#334 = ORIENTED_EDGE ( 'NONE', *, *, #5170, .T. ) ;
#335 = EDGE_CURVE ( 'NONE', #4771, #2756, #6656, .T. ) ;
#336 = CARTESIAN_POINT ( 'NONE',  ( -0.07312352285875886593, -0.1368320972414398262, 0.000000000000000000 ) ) ;
#337 = DIRECTION ( 'NONE',  ( 1.000000000000000000, 0.000000000000000000, -0.000000000000000000 ) ) ;
#338 = CARTESIAN_POINT ( 'NONE',  ( 0.1632281790691835766, -0.1211751655866908639, 0.05000000000000000278 ) ) ;
#339 = LINE ( 'NONE', #484, #5021 ) ;
#340 = CARTESIAN_POINT ( 'NONE',  ( 0.1189570677557950790, -0.1423802291937853459, 0.000000000000000000 ) ) ;
#341 = CARTESIAN_POINT ( 'NONE',  ( -0.1240918104493331370, -0.1398161266296827909, 0.05000000000000000278 ) ) ;
#342 = PRESENTATION_LAYER_ASSIGNMENT (  '', '', ( #618 ) ) ;
#343 = DIRECTION ( 'NONE',  ( -0.000000000000000000, 0.000000000000000000, 1.000000000000000000 ) ) ;
#344 = VECTOR ( 'NONE', #1125, 1000.000000000000000 ) ;
#345 = DIRECTION ( 'NONE',  ( 0.000000000000000000, -1.000000000000000000, 0.000000000000000000 ) ) ;
#346 = CARTESIAN_POINT ( 'NONE',  ( 0.1039722727701101884, -0.1298715369588510637, 0.000000000000000000 ) ) ;
#347 = CARTESIAN_POINT ( 'NONE',  ( -0.08860907364907824602, -0.07202082614551068296, 0.000000000000000000 ) ) ;
#348 = ORIENTED_EDGE ( 'NONE', *, *, #4111, .F. ) ;
#349 =( GEOMETRIC_REPRESENTATION_CONTEXT ( 3 ) GLOBAL_UNCERTAINTY_ASSIGNED_CONTEXT ( ( #4851 ) ) GLOBAL_UNIT_ASSIGNED_CONTEXT ( ( #5105, #219, #2481 ) ) REPRESENTATION_CONTEXT ( 'NONE', 'WORKASPACE' ) );
#350 = SURFACE_STYLE_FILL_AREA ( #5913 ) ;
#351 = CARTESIAN_POINT ( 'NONE',  ( 0.1283561446006013518, -0.1417910304877106620, 0.05000000000000000278 ) ) ;
#352 = LINE ( 'NONE', #1304, #3177 ) ;
#353 = VECTOR ( 'NONE', #1012, 1000.000000000000000 ) ;
#354 = SURFACE_STYLE_FILL_AREA ( #3128 ) ;
#355 =( NAMED_UNIT ( * ) SI_UNIT ( $, .STERADIAN. ) SOLID_ANGLE_UNIT ( ) );
#356 = ADVANCED_FACE ( 'NONE', ( #2618, #3215 ), #4807, .T. ) ;
#357 = CARTESIAN_POINT ( 'NONE',  ( -0.09666932717333140412, -0.1146260448888342387, 0.000000000000000000 ) ) ;
#358 = ORIENTED_EDGE ( 'NONE', *, *, #4101, .T. ) ;
#359 = CARTESIAN_POINT ( 'NONE',  ( 0.1189570677557950790, -0.1423802291937853459, 0.05000000000000000278 ) ) ;
#360 = CARTESIAN_POINT ( 'NONE',  ( 0.07544745237117968240, -0.05816548560404174312, 0.000000000000000000 ) ) ;
#361 = CARTESIAN_POINT ( 'NONE',  ( -0.6700000000000011502, -0.1249999999999997918, -0.02000000000000000042 ) ) ;
#362 = ORIENTED_EDGE ( 'NONE', *, *, #5874, .T. ) ;
#363 = CARTESIAN_POINT ( 'NONE',  ( 0.08869972418460418673, -0.1339163378308681762, 0.000000000000000000 ) ) ;
#364 = CARTESIAN_POINT ( 'NONE',  ( 0.2318577087814361337, -0.03981612662968277150, -0.000000000000000000 ) ) ;
#365 = CARTESIAN_POINT ( 'NONE',  ( -0.04476598600784512105, -0.03985320128468094331, 0.05000000000000000278 ) ) ;
#366 = ORIENTED_EDGE ( 'NONE', *, *, #3132, .T. ) ;
#367 = DIRECTION ( 'NONE',  ( 1.032573497605242224E-16, -1.000000000000000000, 0.000000000000000000 ) ) ;
#368 = EDGE_CURVE ( 'NONE', #5133, #2776, #680, .T. ) ;
#369 = DIRECTION ( 'NONE',  ( -0.000000000000000000, -0.000000000000000000, -1.000000000000000000 ) ) ;
#370 = CARTESIAN_POINT ( 'NONE',  ( 0.08862899306234907348, -0.05857430980431264922, 0.000000000000000000 ) ) ;
#371 = PLANE ( 'NONE',  #6337 ) ;
#372 = ORIENTED_EDGE ( 'NONE', *, *, #5341, .F. ) ;
#373 =( GEOMETRIC_REPRESENTATION_CONTEXT ( 3 ) GLOBAL_UNCERTAINTY_ASSIGNED_CONTEXT ( ( #1983 ) ) GLOBAL_UNIT_ASSIGNED_CONTEXT ( ( #2560, #6393, #2580 ) ) REPRESENTATION_CONTEXT ( 'NONE', 'WORKASPACE' ) );
#374 = CARTESIAN_POINT ( 'NONE',  ( 0.1448831284936061559, -0.1368817143842440132, 0.000000000000000000 ) ) ;
#375 =( NAMED_UNIT ( * ) PLANE_ANGLE_UNIT ( ) SI_UNIT ( $, .RADIAN. ) );
#376 = CARTESIAN_POINT ( 'NONE',  ( 3.475006963094573332E-16, 0.6250000000000004441, 0.000000000000000000 ) ) ;
#377 = EDGE_CURVE ( 'NONE', #1152, #844, #1897, .T. ) ;
#379 = ORIENTED_EDGE ( 'NONE', *, *, #3306, .F. ) ;
#378 = VECTOR ( 'NONE', #6423, 1000.000000000000000 ) ;
#380 = AXIS2_PLACEMENT_3D ( 'NONE', #4716, #5778, #956 ) ;
#381 = PRODUCT_RELATED_PRODUCT_CATEGORY ( 'part', '', ( #132 ) ) ;
#382 = CARTESIAN_POINT ( 'NONE',  ( -0.1250000000000001388, 1.050000000000000044, 0.000000000000000000 ) ) ;
#383 = CARTESIAN_POINT ( 'NONE',  ( -0.08120360052021143027, -0.1329487408545895477, 0.000000000000000000 ) ) ;
#384 = AXIS2_PLACEMENT_3D ( 'NONE', #490, #6840, #443 ) ;
#385 = CARTESIAN_POINT ( 'NONE',  ( -0.07848652162219868500, -0.1220017048201231524, 0.05000000000000000278 ) ) ;
#386 = CARTESIAN_POINT ( 'NONE',  ( -0.05735299385284037266, -0.05113976543773979949, 0.000000000000000000 ) ) ;
#387 = FACE_OUTER_BOUND ( 'NONE', #2623, .T. ) ;
#388 = SURFACE_STYLE_USAGE ( .BOTH. , #6264 ) ;
#389 = CARTESIAN_POINT ( 'NONE',  ( 0.1282714360787863550, -0.1314292223740907151, 0.05000000000000000278 ) ) ;
#390 = STYLED_ITEM ( 'NONE', ( #1252 ), #1079 ) ;
#391 = COLOUR_RGB ( '',0.1490196078431372528, 0.1490196078431372528, 0.1490196078431372528 ) ;
#392 = PLANE ( 'NONE',  #4167 ) ;
#393 = CARTESIAN_POINT ( 'NONE',  ( 0.09498235183450282060, -0.1256725880953677710, 0.000000000000000000 ) ) ;
#394 = FACE_OUTER_BOUND ( 'NONE', #4891, .T. ) ;
#395 = VERTEX_POINT ( 'NONE', #6539 ) ;
#396 = CARTESIAN_POINT ( 'NONE',  ( -0.06916745142016138270, -0.05386290841499782878, 0.000000000000000000 ) ) ;
#397 = EDGE_CURVE ( 'NONE', #6174, #4154, #4211, .T. ) ;
#398 = ADVANCED_FACE ( 'NONE', ( #2946 ), #5484, .T. ) ;
#399 =( LENGTH_UNIT ( ) NAMED_UNIT ( * ) SI_UNIT ( .MILLI., .METRE. ) );
#400 = CARTESIAN_POINT ( 'NONE',  ( -1.050000000000000044, -0.1249999999999997918, 0.1499999999999999944 ) ) ;
#401 = VERTEX_POINT ( 'NONE', #2293 ) ;
#402 = VERTEX_POINT ( 'NONE', #6491 ) ;
#403 = FILL_AREA_STYLE ('',( #425 ) ) ;
#404 = FACE_OUTER_BOUND ( 'NONE', #6870, .T. ) ;
#405 = CARTESIAN_POINT ( 'NONE',  ( -0.06286156249752182512, -0.1391033776360686425, 0.000000000000000000 ) ) ;
#406 = CARTESIAN_POINT ( 'NONE',  ( 0.1492771205871513684, -0.05795485782861892893, 0.000000000000000000 ) ) ;
#407 = CARTESIAN_POINT ( 'NONE',  ( -0.1617320348083075288, -0.03981612662968277150, 0.000000000000000000 ) ) ;
#408 = DIRECTION ( 'NONE',  ( -1.000000000000000000, 0.000000000000000000, 0.000000000000000000 ) ) ;
#409 = CARTESIAN_POINT ( 'NONE',  ( -0.03961665019292291007, -0.03981612662968277150, 0.05000000000000000278 ) ) ;
#410 = ORIENTED_EDGE ( 'NONE', *, *, #1286, .T. ) ;
#411 = CARTESIAN_POINT ( 'NONE',  ( -0.8902682411128723938, 0.7285559488550196194, 0.7500000000000000000 ) ) ;
#412 = LINE ( 'NONE', #4915, #1171 ) ;
#413 =( NAMED_UNIT ( * ) PLANE_ANGLE_UNIT ( ) SI_UNIT ( $, .RADIAN. ) );
#414 = FACE_OUTER_BOUND ( 'NONE', #5666, .T. ) ;
#415 = EDGE_LOOP ( 'NONE', ( #1369, #650, #4983, #2478 ) ) ;
#416 = EDGE_CURVE ( 'NONE', #6812, #3994, #54, .T. ) ;
#417 = VECTOR ( 'NONE', #2653, 1000.000000000000000 ) ;
#418 = FILL_AREA_STYLE_COLOUR ( '', #281 ) ;
#419 = AXIS2_PLACEMENT_3D ( 'NONE', #6232, #1403, #1943 ) ;
#420 = PLANE ( 'NONE',  #6416 ) ;
#421 = LINE ( 'NONE', #3982, #1340 ) ;
#422 = CARTESIAN_POINT ( 'NONE',  ( -0.04926047161507101507, -0.1294193598106049559, 0.000000000000000000 ) ) ;
#423 = ORIENTED_EDGE ( 'NONE', *, *, #5078, .F. ) ;
#424 = AXIS2_PLACEMENT_3D ( 'NONE', #2531, #6290, #3064 ) ;
#425 = FILL_AREA_STYLE_COLOUR ( '', #1701 ) ;
#426 = ADVANCED_FACE ( 'NONE', ( #4306 ), #6022, .F. ) ;
#427 = CARTESIAN_POINT ( 'NONE',  ( 0.6700000000000012612, 0.6250000000000001110, -0.02000000000000000042 ) ) ;
#428 = DIRECTION ( 'NONE',  ( 1.000000000000000000, 0.000000000000000000, 0.000000000000000000 ) ) ;
#429 = VECTOR ( 'NONE', #4620, 1000.000000000000000 ) ;
#430 = CARTESIAN_POINT ( 'NONE',  ( -0.03715282280668399939, -0.05007770786682132214, 0.000000000000000000 ) ) ;
#431 = CARTESIAN_POINT ( 'NONE',  ( -0.5500000000000003775, 0.2450000000000009670, 0.1499999999999999944 ) ) ;
#432 = LINE ( 'NONE', #3721, #4961 ) ;
#433 =( NAMED_UNIT ( * ) SI_UNIT ( $, .STERADIAN. ) SOLID_ANGLE_UNIT ( ) );
#434 =( GEOMETRIC_REPRESENTATION_CONTEXT ( 3 ) GLOBAL_UNCERTAINTY_ASSIGNED_CONTEXT ( ( #6729 ) ) GLOBAL_UNIT_ASSIGNED_CONTEXT ( ( #399, #6354, #4113 ) ) REPRESENTATION_CONTEXT ( 'NONE', 'WORKASPACE' ) );
#435 = UNCERTAINTY_MEASURE_WITH_UNIT (LENGTH_MEASURE( 1.000000000000000082E-05 ), #3220, 'distance_accuracy_value', 'NONE');
#436 = FILL_AREA_STYLE_COLOUR ( '', #3987 ) ;
#437 = EDGE_CURVE ( 'NONE', #2603, #186, #5239, .T. ) ;
#438 = ORIENTED_EDGE ( 'NONE', *, *, #4812, .F. ) ;
#439 = LINE ( 'NONE', #2421, #5775 ) ;
#440 = FILL_AREA_STYLE_COLOUR ( '', #3265 ) ;
#441 = PRESENTATION_STYLE_ASSIGNMENT (( #6260 ) ) ;
#442 = CARTESIAN_POINT ( 'NONE',  ( 0.1446747487100511764, -0.05462107359086738195, 0.000000000000000000 ) ) ;
#443 = DIRECTION ( 'NONE',  ( 0.000000000000000000, -0.000000000000000000, 1.000000000000000000 ) ) ;
#444 = CARTESIAN_POINT ( 'NONE',  ( -0.09244685120311635362, -0.09434304541510327158, 0.000000000000000000 ) ) ;
#445 = UNCERTAINTY_MEASURE_WITH_UNIT (LENGTH_MEASURE( 1.000000000000000082E-05 ), #2920, 'distance_accuracy_value', 'NONE');
#446 = ORIENTED_EDGE ( 'NONE', *, *, #3937, .F. ) ;
#447 = VECTOR ( 'NONE', #2534, 1000.000000000000000 ) ;
#448 = DIRECTION ( 'NONE',  ( 0.000000000000000000, 1.000000000000000000, 0.000000000000000000 ) ) ;
#449 = VERTEX_POINT ( 'NONE', #3284 ) ;
#450 = VERTEX_POINT ( 'NONE', #3303 ) ;
#451 = DIRECTION ( 'NONE',  ( -0.000000000000000000, -0.000000000000000000, -1.000000000000000000 ) ) ;
#452 = VECTOR ( 'NONE', #6748, 1000.000000000000000 ) ;
#453 = EDGE_CURVE ( 'NONE', #6639, #6818, #2537, .T. ) ;
#454 = DIRECTION ( 'NONE',  ( 1.000000000000000000, 0.000000000000000000, -0.000000000000000000 ) ) ;
#455 =( NAMED_UNIT ( * ) PLANE_ANGLE_UNIT ( ) SI_UNIT ( $, .RADIAN. ) );
#456 = ORIENTED_EDGE ( 'NONE', *, *, #5588, .T. ) ;
#457 = DIRECTION ( 'NONE',  ( 1.000000000000000000, 0.000000000000000000, 0.000000000000000000 ) ) ;
#458 =( NAMED_UNIT ( * ) PLANE_ANGLE_UNIT ( ) SI_UNIT ( $, .RADIAN. ) );
#459 = CARTESIAN_POINT ( 'NONE',  ( 0.1711828045747041116, -0.1040265511251747127, 0.05000000000000000278 ) ) ;
#460 = ORIENTED_EDGE ( 'NONE', *, *, #2544, .T. ) ;
#461 = CARTESIAN_POINT ( 'NONE',  ( -0.1846286694236921599, -0.1077648445784007286, 0.000000000000000000 ) ) ;
#462 = ORIENTED_EDGE ( 'NONE', *, *, #6582, .T. ) ;
#464 = VERTEX_POINT ( 'NONE', #1743 ) ;
#463 = LINE ( 'NONE', #2674, #6811 ) ;
#465 = EDGE_CURVE ( 'NONE', #5928, #3276, #6825, .T. ) ;
#466 = ORIENTED_EDGE ( 'NONE', *, *, #5025, .T. ) ;
#467 = DIRECTION ( 'NONE',  ( -1.000000000000000000, 0.000000000000000000, 0.000000000000000000 ) ) ;
#468 = SURFACE_STYLE_USAGE ( .BOTH. , #3643 ) ;
#469 = DIRECTION ( 'NONE',  ( 1.000000000000000000, -2.780005570475657679E-16, 0.000000000000000000 ) ) ;
#470 = CARTESIAN_POINT ( 'NONE',  ( -0.09004760579714086999, -0.1063818371918954092, 0.000000000000000000 ) ) ;
#471 = AXIS2_PLACEMENT_3D ( 'NONE', #2227, #639, #84 ) ;
#473 = ORIENTED_EDGE ( 'NONE', *, *, #1778, .F. ) ;
#472 = VECTOR ( 'NONE', #4030, 1000.000000000000000 ) ;
#474 = AXIS2_PLACEMENT_3D ( 'NONE', #3661, #1024, #3149 ) ;
#475 = ADVANCED_FACE ( 'NONE', ( #3462 ), #1725, .T. ) ;
#476 = ORIENTED_EDGE ( 'NONE', *, *, #3954, .T. ) ;
#477 = CARTESIAN_POINT ( 'NONE',  ( -1.060000000000000719, 0.8750000000000002220, 0.1499999999999999944 ) ) ;
#478 = EDGE_CURVE ( 'NONE', #1627, #3113, #805, .T. ) ;
#479 = MECHANICAL_DESIGN_GEOMETRIC_PRESENTATION_REPRESENTATION (  '', ( #4308 ), #5044 ) ;
#480 = VERTEX_POINT ( 'NONE', #3927 ) ;
#481 =( LENGTH_UNIT ( ) NAMED_UNIT ( * ) SI_UNIT ( .MILLI., .METRE. ) );
#482 = CARTESIAN_POINT ( 'NONE',  ( -0.1250000000000001388, -1.060000000000000275, 0.1499999999999999944 ) ) ;
#483 =( NAMED_UNIT ( * ) PLANE_ANGLE_UNIT ( ) SI_UNIT ( $, .RADIAN. ) );
#484 = CARTESIAN_POINT ( 'NONE',  ( -0.000000000000000000, -0.1249999999999997918, 0.000000000000000000 ) ) ;
#485 =( NAMED_UNIT ( * ) PLANE_ANGLE_UNIT ( ) SI_UNIT ( $, .RADIAN. ) );
#486 = CARTESIAN_POINT ( 'NONE',  ( -0.1250000000000000278, -0.6800000000000001599, -0.02000000000000000042 ) ) ;
#487 = MECHANICAL_DESIGN_GEOMETRIC_PRESENTATION_REPRESENTATION (  '', ( #125 ), #3419 ) ;
#488 = ORIENTED_EDGE ( 'NONE', *, *, #5686, .T. ) ;
#489 = DIRECTION ( 'NONE',  ( 0.000000000000000000, -1.000000000000000000, 0.000000000000000000 ) ) ;
#490 = CARTESIAN_POINT ( 'NONE',  ( -1.060000000000000719, -0.1249999999999997918, 0.1499999999999999944 ) ) ;
#491 = CARTESIAN_POINT ( 'NONE',  ( -0.001475624551897254926, -0.03981612662968277150, 0.000000000000000000 ) ) ;
#492 = EDGE_CURVE ( 'NONE', #578, #6343, #4297, .T. ) ;
#493 = CARTESIAN_POINT ( 'NONE',  ( 0.004999999999999876939, -0.6800000000000001599, 0.1499999999999999944 ) ) ;
#494 = ORIENTED_EDGE ( 'NONE', *, *, #3378, .F. ) ;
#495 = ORIENTED_EDGE ( 'NONE', *, *, #3006, .F. ) ;
#496 = CARTESIAN_POINT ( 'NONE',  ( 1.060000000000000719, -0.1250000000000000555, -0.02000000000000000042 ) ) ;
#497 = DIRECTION ( 'NONE',  ( 0.000000000000000000, 0.000000000000000000, -1.000000000000000000 ) ) ;
#498 = LINE ( 'NONE', #5100, #5830 ) ;
#499 = CARTESIAN_POINT ( 'NONE',  ( 0.1643073959443998033, -0.06012328400214676100, 0.000000000000000000 ) ) ;
#500 = ORIENTED_EDGE ( 'NONE', *, *, #878, .T. ) ;
#501 = CARTESIAN_POINT ( 'NONE',  ( 0.1727751702763484221, -0.09431330950766381171, 0.05000000000000000278 ) ) ;
#502 = CARTESIAN_POINT ( 'NONE',  ( 0.1341404501079861977, -0.04970347477704301076, 0.05000000000000000278 ) ) ;
#503 = CARTESIAN_POINT ( 'NONE',  ( 0.6700000000000002620, -0.2449999999999997735, -0.02000000000000000042 ) ) ;
#504 = ORIENTED_EDGE ( 'NONE', *, *, #1101, .T. ) ;
#505 = VECTOR ( 'NONE', #3164, 1000.000000000000000 ) ;
#506 = PLANE ( 'NONE',  #4311 ) ;
#507 = CARTESIAN_POINT ( 'NONE',  ( 1.060000000000000719, 0.3749999999999999445, -0.02000000000000000042 ) ) ;
#508 =( NAMED_UNIT ( * ) SI_UNIT ( $, .STERADIAN. ) SOLID_ANGLE_UNIT ( ) );
#509 = COLOUR_RGB ( '',0.5019607843137254832, 0.5019607843137254832, 0.000000000000000000 ) ;
#510 = ADVANCED_FACE ( 'NONE', ( #5231 ), #288, .F. ) ;
#511 = VERTEX_POINT ( 'NONE', #1333 ) ;
#512 = EDGE_CURVE ( 'NONE', #6631, #3782, #2769, .T. ) ;
#513 = VECTOR ( 'NONE', #677, 1000.000000000000000 ) ;
#514 =( NAMED_UNIT ( * ) PLANE_ANGLE_UNIT ( ) SI_UNIT ( $, .RADIAN. ) );
#515 = PRESENTATION_STYLE_ASSIGNMENT (( #3755 ) ) ;
#516 = DIRECTION ( 'NONE',  ( 5.560011140951313386E-16, 1.000000000000000000, 0.000000000000000000 ) ) ;
#517 = CARTESIAN_POINT ( 'NONE',  ( 0.1567401857739871007, -0.06608370302746677249, 0.000000000000000000 ) ) ;
#518 = STYLED_ITEM ( 'NONE', ( #2588 ), #4315 ) ;
#519 = CARTESIAN_POINT ( 'NONE',  ( 0.5500000000000003775, 0.2450000000000009670, -0.02000000000000000042 ) ) ;
#520 = VERTEX_POINT ( 'NONE', #6583 ) ;
#521 = PRESENTATION_STYLE_ASSIGNMENT (( #2400 ) ) ;
#522 = VECTOR ( 'NONE', #4262, 1000.000000000000000 ) ;
#523 = PRESENTATION_STYLE_ASSIGNMENT (( #6302 ) ) ;
#524 = CARTESIAN_POINT ( 'NONE',  ( 0.1536593375099773728, -0.04869268675710874961, 0.05000000000000000278 ) ) ;
#525 = UNCERTAINTY_MEASURE_WITH_UNIT (LENGTH_MEASURE( 1.000000000000000082E-05 ), #2787, 'distance_accuracy_value', 'NONE');
#526 = CARTESIAN_POINT ( 'NONE',  ( -0.7589828794336488382, 0.7285559488550196194, 0.7299999999999999822 ) ) ;
#527 = CARTESIAN_POINT ( 'NONE',  ( -0.02839870147497414524, -0.1295597163732725154, 0.05000000000000000278 ) ) ;
#528 = CARTESIAN_POINT ( 'NONE',  ( -0.2091679322442049627, -0.1398161266296827909, 0.000000000000000000 ) ) ;
#529 = DIRECTION ( 'NONE',  ( 0.000000000000000000, -0.000000000000000000, 1.000000000000000000 ) ) ;
#530 = STYLED_ITEM ( 'NONE', ( #917 ), #1031 ) ;
#531 = LINE ( 'NONE', #3049, #4087 ) ;
#532 = COLOUR_RGB ( '',0.5019607843137254832, 0.5019607843137254832, 0.000000000000000000 ) ;
#533 = ORIENTED_EDGE ( 'NONE', *, *, #847, .F. ) ;
#534 = EDGE_CURVE ( 'NONE', #227, #5928, #2683, .T. ) ;
#535 = ORIENTED_EDGE ( 'NONE', *, *, #6534, .F. ) ;
#536 = DIRECTION ( 'NONE',  ( -0.000000000000000000, 1.000000000000000000, 0.000000000000000000 ) ) ;
#537 =( LENGTH_UNIT ( ) NAMED_UNIT ( * ) SI_UNIT ( .MILLI., .METRE. ) );
#538 = B_SPLINE_CURVE_WITH_KNOTS ( 'NONE', 3,
 ( #4749, #4118, #6313, #4164, #4725, #4210, #3321, #5279, #1910, #3392, #442, #1535, #406, #570, #2086, #2112, #517, #5809, #6357, #1642, #4230, #2612, #1002, #1057, #4747, #1543, #4254 ),
 .UNSPECIFIED., .F., .F.,
 ( 4, 1, 1, 1, 1, 1, 1, 1, 1, 1, 1, 1, 1, 1, 1, 1, 1, 1, 1, 1, 1, 1, 1, 1, 4 ),
 ( 0.000000000000000000, 0.04395490890619449531, 0.08750187479760482279, 0.1304626267314900612, 0.1727520205665170339, 0.2154030673796032969, 0.2576498297432396334, 0.3001527489572936025, 0.3431214895020865407, 0.3859251632064336079, 0.4276857274028016964, 0.4688179504865897518, 0.5094918001549955111, 0.5498830310733489046, 0.5899800229668863416, 0.6304052300068397896, 0.6708686260826384196, 0.7113839438381758251, 0.7516272580635842138, 0.7917755768651915105, 0.8324589188037424536, 0.8733190450172880759, 0.9145429556263490189, 0.9569235582098847281, 1.000000000000000000 ),
 .UNSPECIFIED. ) ;
#539 = CARTESIAN_POINT ( 'NONE',  ( -0.1617320348083075288, -0.03981612662968277150, 0.05000000000000000278 ) ) ;
#540 = ORIENTED_EDGE ( 'NONE', *, *, #142, .T. ) ;
#541 = SURFACE_SIDE_STYLE ('',( #4086 ) ) ;
#542 = ADVANCED_FACE ( 'NONE', ( #6397 ), #5565, .T. ) ;
#543 =( NAMED_UNIT ( * ) SI_UNIT ( $, .STERADIAN. ) SOLID_ANGLE_UNIT ( ) );
#544 = ORIENTED_EDGE ( 'NONE', *, *, #1651, .T. ) ;
#545 = CARTESIAN_POINT ( 'NONE',  ( -0.1250000000000001388, 1.060000000000000275, 0.1499999999999999944 ) ) ;
#546 = EDGE_CURVE ( 'NONE', #1405, #4083, #4376, .T. ) ;
#547 = CARTESIAN_POINT ( 'NONE',  ( 0.1728389157054465164, -0.08743646989846672046, 0.05000000000000000278 ) ) ;
#548 = ADVANCED_FACE ( 'NONE', ( #4292 ), #2880, .T. ) ;
#549 = DIRECTION ( 'NONE',  ( -1.000000000000000000, 0.000000000000000000, 0.000000000000000000 ) ) ;
#550 = VECTOR ( 'NONE', #234, 1000.000000000000000 ) ;
#551 = CARTESIAN_POINT ( 'NONE',  ( -2.432504874166199853E-16, -0.8749999999999996669, 0.000000000000000000 ) ) ;
#552 = APPLICATION_CONTEXT ( 'automotive_design' ) ;
#553 = ORIENTED_EDGE ( 'NONE', *, *, #3027, .F. ) ;
#554 = CARTESIAN_POINT ( 'NONE',  ( 0.004999999999999896021, -0.5600000000000001643, -0.02000000000000000042 ) ) ;
#555 =( NAMED_UNIT ( * ) SI_UNIT ( $, .STERADIAN. ) SOLID_ANGLE_UNIT ( ) );
#556 = EDGE_CURVE ( 'NONE', #3789, #3865, #128, .T. ) ;
#557 = CARTESIAN_POINT ( 'NONE',  ( 0.08140205521704349523, -0.05133644756676952053, 0.000000000000000000 ) ) ;
#558 = COLOUR_RGB ( '',0.5019607843137254832, 0.5019607843137254832, 0.000000000000000000 ) ;
#559 = DIRECTION ( 'NONE',  ( 0.000000000000000000, -0.000000000000000000, 1.000000000000000000 ) ) ;
#560 = CARTESIAN_POINT ( 'NONE',  ( 0.1728468928129534288, -0.09094654411738116451, 0.05000000000000000278 ) ) ;
#561 = ORIENTED_EDGE ( 'NONE', *, *, #6275, .T. ) ;
#562 = CARTESIAN_POINT ( 'NONE',  ( 0.000000000000000000, 0.000000000000000000, 0.05000000000000000278 ) ) ;
#563 = DIRECTION ( 'NONE',  ( 1.000000000000000000, 0.000000000000000000, 0.000000000000000000 ) ) ;
#564 = PRESENTATION_LAYER_ASSIGNMENT (  '', '', ( #3438 ) ) ;
#565 = AXIS2_PLACEMENT_3D ( 'NONE', #2175, #28, #2123 ) ;
#566 = DIRECTION ( 'NONE',  ( -1.000000000000000000, 4.170008355713484547E-16, 0.000000000000000000 ) ) ;
#567 = CARTESIAN_POINT ( 'NONE',  ( -0.1006420802802878434, -0.1018229028429499805, 0.000000000000000000 ) ) ;
#568 = LINE ( 'NONE', #6293, #898 ) ;
#569 = ORIENTED_EDGE ( 'NONE', *, *, #4133, .F. ) ;
#570 = CARTESIAN_POINT ( 'NONE',  ( 0.1513646237909567760, -0.05980203229655610409, -0.000000000000000000 ) ) ;
#571 = CARTESIAN_POINT ( 'NONE',  ( 0.1728389157054465164, -0.08743646989846672046, -0.000000000000000000 ) ) ;
#572 = EDGE_CURVE ( 'NONE', #401, #2706, #4639, .T. ) ;
#573 = AXIS2_PLACEMENT_3D ( 'NONE', #1309, #1848, #5519 ) ;
#574 = CARTESIAN_POINT ( 'NONE',  ( 0.07544745237117968240, -0.1214066715014776449, -0.000000000000000000 ) ) ;
#575 = MECHANICAL_DESIGN_GEOMETRIC_PRESENTATION_REPRESENTATION (  '', ( #5703 ), #4595 ) ;
#576 = FILL_AREA_STYLE ('',( #2704 ) ) ;
#577 = VERTEX_POINT ( 'NONE', #1793 ) ;
#578 = VERTEX_POINT ( 'NONE', #3953 ) ;
#579 = STYLED_ITEM ( 'NONE', ( #1699 ), #2082 ) ;
#580 = DIRECTION ( 'NONE',  ( -0.000000000000000000, -0.000000000000000000, -1.000000000000000000 ) ) ;
#581 = CARTESIAN_POINT ( 'NONE',  ( -0.07250441197533213922, -0.04386277316456260733, 0.000000000000000000 ) ) ;
#582 = CARTESIAN_POINT ( 'NONE',  ( -0.005000000000000042605, -0.6800000000000001599, -0.02000000000000000042 ) ) ;
#583 = B_SPLINE_CURVE_WITH_KNOTS ( 'NONE', 3,
 ( #5706, #5659, #2606, #2642, #6414, #2135, #3732, #5843, #3129, #560, #3200 ),
 .UNSPECIFIED., .F., .F.,
 ( 4, 1, 1, 1, 1, 1, 1, 1, 4 ),
 ( 0.000000000000000000, 0.1243285095938498480, 0.2471560163611868643, 0.3687797492913396646, 0.4907338624016477358, 0.6136137718478436032, 0.7389575757222155428, 0.8673105751912624228, 1.000000000000000000 ),
 .UNSPECIFIED. ) ;
#584 = CARTESIAN_POINT ( 'NONE',  ( -0.07250441197533213922, -0.04386277316456260733, -0.000000000000000000 ) ) ;
#585 = ORIENTED_EDGE ( 'NONE', *, *, #1117, .T. ) ;
#586 = ADVANCED_FACE ( 'NONE', ( #1461 ), #4502, .F. ) ;
#587 = LINE ( 'NONE', #5647, #242 ) ;
#588 = CARTESIAN_POINT ( 'NONE',  ( -0.5500000000000002665, -0.2549999999999990608, 0.000000000000000000 ) ) ;
#589 = CARTESIAN_POINT ( 'NONE',  ( -0.08792288902851380650, -0.1274569080377580821, 0.000000000000000000 ) ) ;
#590 = CIRCLE ( 'NONE', #6505, 0.1199999999999999678 ) ;
#591 = PLANE ( 'NONE',  #5308 ) ;
#592 = VERTEX_POINT ( 'NONE', #3997 ) ;
#593 = DIRECTION ( 'NONE',  ( -0.000000000000000000, 0.000000000000000000, 1.000000000000000000 ) ) ;
#594 = CARTESIAN_POINT ( 'NONE',  ( -0.1617320348083075288, -0.03981612662968277150, 0.05000000000000000278 ) ) ;
#595 = COLOUR_RGB ( '',0.5019607843137254832, 0.5019607843137254832, 0.000000000000000000 ) ;
#596 = VERTEX_POINT ( 'NONE', #873 ) ;
#597 = EDGE_CURVE ( 'NONE', #5451, #1499, #767, .T. ) ;
#598 = CARTESIAN_POINT ( 'NONE',  ( 0.1342104474838345385, -0.1407171884557718855, 0.05000000000000000278 ) ) ;
#599 = PRESENTATION_STYLE_ASSIGNMENT (( #468 ) ) ;
#600 = EDGE_LOOP ( 'NONE', ( #2809, #5423, #5382, #1540 ) ) ;
#601 = LINE ( 'NONE', #4768, #97 ) ;
#602 = CARTESIAN_POINT ( 'NONE',  ( 0.1027074444396566810, -0.03935429897440620439, 0.000000000000000000 ) ) ;
#603 = STYLED_ITEM ( 'NONE', ( #4697 ), #3026 ) ;
#604 = DIRECTION ( 'NONE',  ( -1.032573497605242101E-16, 1.000000000000000000, 0.000000000000000000 ) ) ;
#605 = VECTOR ( 'NONE', #6944, 1000.000000000000000 ) ;
#606 = VECTOR ( 'NONE', #2536, 1000.000000000000000 ) ;
#607 = CARTESIAN_POINT ( 'NONE',  ( 0.1155801455905394043, -0.1423420042028803456, 0.000000000000000000 ) ) ;
#608 = COLOUR_RGB ( '',0.5019607843137254832, 0.5019607843137254832, 0.000000000000000000 ) ;
#609 = PLANE ( 'NONE',  #4621 ) ;
#610 = DIRECTION ( 'NONE',  ( 0.000000000000000000, -1.000000000000000000, 0.000000000000000000 ) ) ;
#611 = EDGE_CURVE ( 'NONE', #6646, #2373, #1692, .T. ) ;
#612 = COLOUR_RGB ( '',0.1490196078431372528, 0.1490196078431372528, 0.1490196078431372528 ) ;
#613 = CARTESIAN_POINT ( 'NONE',  ( -0.1142961373724100532, -0.1398161266296827909, 0.000000000000000000 ) ) ;
#614 = EDGE_LOOP ( 'NONE', ( #5625, #1388, #4356, #2371 ) ) ;
#615 = LINE ( 'NONE', #2009, #5127 ) ;
#616 = CYLINDRICAL_SURFACE ( 'NONE', #2469, 0.1199999999999999956 ) ;
#617 = VECTOR ( 'NONE', #1375, 1000.000000000000000 ) ;
#618 = STYLED_ITEM ( 'NONE', ( #1797 ), #2615 ) ;
#619 = UNCERTAINTY_MEASURE_WITH_UNIT (LENGTH_MEASURE( 1.000000000000000082E-05 ), #2289, 'distance_accuracy_value', 'NONE');
#620 = AXIS2_PLACEMENT_3D ( 'NONE', #1466, #6251, #3504 ) ;
#621 = CARTESIAN_POINT ( 'NONE',  ( 0.09473010847288794445, -0.05409060270983855057, 0.05000000000000000278 ) ) ;
#622 = LINE ( 'NONE', #4206, #6119 ) ;
#623 = LINE ( 'NONE', #6243, #447 ) ;
#624 = CARTESIAN_POINT ( 'NONE',  ( 0.1178187131962366019, -0.04755442763799973271, 0.05000000000000000278 ) ) ;
#625 = ADVANCED_FACE ( 'NONE', ( #5767 ), #1981, .T. ) ;
#626 = EDGE_LOOP ( 'NONE', ( #553, #4349, #2658, #4603, #1374, #4067, #736, #1977, #423, #5496, #4136 ) ) ;
#627 = VERTEX_POINT ( 'NONE', #2477 ) ;
#628 = SURFACE_SIDE_STYLE ('',( #5669 ) ) ;
#629 = AXIS2_PLACEMENT_3D ( 'NONE', #1394, #343, #905 ) ;
#630 = CARTESIAN_POINT ( 'NONE',  ( 0.1283561446006013518, -0.1417910304877106620, 0.05000000000000000278 ) ) ;
#631 = EDGE_CURVE ( 'NONE', #2391, #402, #3255, .T. ) ;
#632 = SHAPE_DEFINITION_REPRESENTATION ( #6031, #2317 ) ;
#633 = CARTESIAN_POINT ( 'NONE',  ( -0.04469881454967067347, -0.1295389941858412497, 0.000000000000000000 ) ) ;
#634 = ORIENTED_EDGE ( 'NONE', *, *, #3883, .F. ) ;
#635 = CARTESIAN_POINT ( 'NONE',  ( -0.09540984697864707265, -0.06429230386114875850, 0.000000000000000000 ) ) ;
#636 =( NAMED_UNIT ( * ) PLANE_ANGLE_UNIT ( ) SI_UNIT ( $, .RADIAN. ) );
#637 =( NAMED_UNIT ( * ) SI_UNIT ( $, .STERADIAN. ) SOLID_ANGLE_UNIT ( ) );
#638 = DIRECTION ( 'NONE',  ( -0.000000000000000000, 0.000000000000000000, 1.000000000000000000 ) ) ;
#639 = DIRECTION ( 'NONE',  ( 0.000000000000000000, 1.000000000000000000, 0.000000000000000000 ) ) ;
#641 = ORIENTED_EDGE ( 'NONE', *, *, #1563, .T. ) ;
#640 = LINE ( 'NONE', #4071, #5715 ) ;
#642 = SURFACE_SIDE_STYLE ('',( #1668 ) ) ;
#643 = CARTESIAN_POINT ( 'NONE',  ( 0.09998581646865987993, -0.05135543916531087882, 0.000000000000000000 ) ) ;
#644 = VERTEX_POINT ( 'NONE', #3508 ) ;
#645 = CARTESIAN_POINT ( 'NONE',  ( 0.08862899306234907348, -0.05857430980431264922, 0.05000000000000000278 ) ) ;
#646 = CARTESIAN_POINT ( 'NONE',  ( -0.001475624551897254926, -0.05007253688609302616, 0.000000000000000000 ) ) ;
#647 = CARTESIAN_POINT ( 'NONE',  ( -0.07471314747656133959, -0.05654012476988172498, 0.05000000000000000278 ) ) ;
#649 = ORIENTED_EDGE ( 'NONE', *, *, #3793, .F. ) ;
#648 = LINE ( 'NONE', #3261, #1898 ) ;
#650 = ORIENTED_EDGE ( 'NONE', *, *, #2521, .F. ) ;
#651 = EDGE_CURVE ( 'NONE', #58, #5133, #601, .T. ) ;
#652 = CARTESIAN_POINT ( 'NONE',  ( -0.09540984697864707265, -0.06429230386114875850, 0.05000000000000000278 ) ) ;
#653 = FILL_AREA_STYLE_COLOUR ( '', #849 ) ;
#654 = SURFACE_SIDE_STYLE ('',( #2903 ) ) ;
#656 = CARTESIAN_POINT ( 'NONE',  ( -0.08357054482803677464, -0.1313156964303594521, 0.05000000000000000278 ) ) ;
#655 = UNCERTAINTY_MEASURE_WITH_UNIT (LENGTH_MEASURE( 1.000000000000000082E-05 ), #1801, 'distance_accuracy_value', 'NONE');
#657 = CARTESIAN_POINT ( 'NONE',  ( 1.060000000000000719, -0.3750000000000000555, 0.1499999999999999944 ) ) ;
#658 = ADVANCED_FACE ( 'NONE', ( #4001 ), #6333, .T. ) ;
#659 =( GEOMETRIC_REPRESENTATION_CONTEXT ( 3 ) GLOBAL_UNCERTAINTY_ASSIGNED_CONTEXT ( ( #6121 ) ) GLOBAL_UNIT_ASSIGNED_CONTEXT ( ( #6118, #237, #3485 ) ) REPRESENTATION_CONTEXT ( 'NONE', 'WORKASPACE' ) );
#660 = AXIS2_PLACEMENT_3D ( 'NONE', #5022, #3896, #4449 ) ;
#661 =( LENGTH_UNIT ( ) NAMED_UNIT ( * ) SI_UNIT ( .MILLI., .METRE. ) );
#662 = CARTESIAN_POINT ( 'NONE',  ( -0.05189009047596550295, -0.1398038267358412967, 0.000000000000000000 ) ) ;
#663 = EDGE_LOOP ( 'NONE', ( #6882, #2508, #5112, #874 ) ) ;
#664 =( LENGTH_UNIT ( ) NAMED_UNIT ( * ) SI_UNIT ( .MILLI., .METRE. ) );
#665 = CARTESIAN_POINT ( 'NONE',  ( -0.1240918104493331370, -0.1398161266296827909, 0.05000000000000000278 ) ) ;
#666 =( NAMED_UNIT ( * ) SI_UNIT ( $, .STERADIAN. ) SOLID_ANGLE_UNIT ( ) );
#667 = UNCERTAINTY_MEASURE_WITH_UNIT (LENGTH_MEASURE( 1.000000000000000082E-05 ), #4731, 'distance_accuracy_value', 'NONE');
#668 = CARTESIAN_POINT ( 'NONE',  ( -0.1799011053211280187, -0.09750843432199045313, 0.05000000000000000278 ) ) ;
#669 =( GEOMETRIC_REPRESENTATION_CONTEXT ( 3 ) GLOBAL_UNCERTAINTY_ASSIGNED_CONTEXT ( ( #6304 ) ) GLOBAL_UNIT_ASSIGNED_CONTEXT ( ( #2120, #6378, #691 ) ) REPRESENTATION_CONTEXT ( 'NONE', 'WORKASPACE' ) );
#670 = VERTEX_POINT ( 'NONE', #6229 ) ;
#671 = EDGE_CURVE ( 'NONE', #1213, #6220, #3072, .T. ) ;
#672 = VECTOR ( 'NONE', #2497, 1000.000000000000000 ) ;
#673 =( NAMED_UNIT ( * ) PLANE_ANGLE_UNIT ( ) SI_UNIT ( $, .RADIAN. ) );
#674 = CARTESIAN_POINT ( 'NONE',  ( -0.08375234366413680798, -0.06427590203876686059, 0.05000000000000000278 ) ) ;
#675 = ORIENTED_EDGE ( 'NONE', *, *, #1117, .F. ) ;
#676 = VECTOR ( 'NONE', #3932, 1000.000000000000000 ) ;
#677 = DIRECTION ( 'NONE',  ( 0.000000000000000000, -1.000000000000000000, 0.000000000000000000 ) ) ;
#678 = DIRECTION ( 'NONE',  ( -1.032573497605242101E-16, 1.000000000000000000, 0.000000000000000000 ) ) ;
#679 = CARTESIAN_POINT ( 'NONE',  ( 0.07607939836778307430, -0.1222220558421437120, -0.000000000000000000 ) ) ;
#680 = B_SPLINE_CURVE_WITH_KNOTS ( 'NONE', 3,
 ( #140, #5925, #2747, #3350, #645, #5995, #4314, #1157, #5951, #1137, #3257, #1694, #1227, #624, #2703 ),
 .UNSPECIFIED., .F., .F.,
 ( 4, 1, 1, 1, 1, 1, 1, 1, 1, 1, 1, 1, 4 ),
 ( 0.000000000000000000, 0.06316325936347014225, 0.1254749410306405799, 0.1871212198160327467, 0.2482943461142985420, 0.3092948562551207092, 0.3698500660670926976, 0.4309733755473816874, 0.4924559896728166741, 0.6161479662918547540, 0.7408436984673625325, 0.8681826486700426893, 1.000000000000000000 ),
 .UNSPECIFIED. ) ;
#681 = CARTESIAN_POINT ( 'NONE',  ( -0.6700000000000011502, -0.6249999999999997780, 0.000000000000000000 ) ) ;
#682 = CARTESIAN_POINT ( 'NONE',  ( 0.000000000000000000, 0.8750000000000002220, 0.000000000000000000 ) ) ;
#683 = ORIENTED_EDGE ( 'NONE', *, *, #6897, .F. ) ;
#684 = DIRECTION ( 'NONE',  ( 1.000000000000000000, 0.000000000000000000, 0.000000000000000000 ) ) ;
#685 = DIRECTION ( 'NONE',  ( 0.000000000000000000, -0.000000000000000000, 1.000000000000000000 ) ) ;
#686 = CARTESIAN_POINT ( 'NONE',  ( 0.1179282751507328836, -0.03726579944246213166, 0.05000000000000000278 ) ) ;
#687 = SURFACE_STYLE_FILL_AREA ( #2664 ) ;
#688 = CARTESIAN_POINT ( 'NONE',  ( 0.1178213290512746814, -0.1423673732262722424, 0.05000000000000000278 ) ) ;
#689 = ORIENTED_EDGE ( 'NONE', *, *, #1990, .F. ) ;
#690 = LINE ( 'NONE', #3245, #344 ) ;
#691 =( NAMED_UNIT ( * ) SI_UNIT ( $, .STERADIAN. ) SOLID_ANGLE_UNIT ( ) );
#692 = SURFACE_SIDE_STYLE ('',( #4766 ) ) ;
#693 = FACE_OUTER_BOUND ( 'NONE', #4625, .T. ) ;
#694 = CARTESIAN_POINT ( 'NONE',  ( -0.02839870147497414524, -0.05007253688609302616, 0.000000000000000000 ) ) ;
#695 = EDGE_LOOP ( 'NONE', ( #3365, #4628, #813, #166 ) ) ;
#696 = EDGE_CURVE ( 'NONE', #6774, #6046, #4676, .T. ) ;
#697 = FACE_OUTER_BOUND ( 'NONE', #3015, .T. ) ;
#698 = SURFACE_SIDE_STYLE ('',( #3190 ) ) ;
#699 = AXIS2_PLACEMENT_3D ( 'NONE', #6791, #1352, #1378 ) ;
#700 = CARTESIAN_POINT ( 'NONE',  ( -0.08917388471332068911, -0.05523586442066060614, 0.05000000000000000278 ) ) ;
#701 = LINE ( 'NONE', #923, #3099 ) ;
#702 = CARTESIAN_POINT ( 'NONE',  ( 0.1058252334740252820, -0.03860551836098963241, 0.05000000000000000278 ) ) ;
#703 = VECTOR ( 'NONE', #929, 1000.000000000000000 ) ;
#704 = CARTESIAN_POINT ( 'NONE',  ( -0.05041392583394853355, -0.1398161266296827909, 0.05000000000000000278 ) ) ;
#705 = DIRECTION ( 'NONE',  ( 1.000000000000000000, 0.000000000000000000, -0.000000000000000000 ) ) ;
#706 = ORIENTED_EDGE ( 'NONE', *, *, #3659, .T. ) ;
#707 = EDGE_CURVE ( 'NONE', #2927, #3480, #2660, .T. ) ;
#708 = ORIENTED_EDGE ( 'NONE', *, *, #2265, .T. ) ;
#709 = COLOUR_RGB ( '',0.5019607843137254832, 0.5019607843137254832, 0.000000000000000000 ) ;
#710 = STYLED_ITEM ( 'NONE', ( #776 ), #122 ) ;
#711 = FACE_OUTER_BOUND ( 'NONE', #6350, .T. ) ;
#712 = CARTESIAN_POINT ( 'NONE',  ( 0.09114851912365873332, -0.04417150003088989030, 0.05000000000000000278 ) ) ;
#713 = ORIENTED_EDGE ( 'NONE', *, *, #3538, .T. ) ;
#714 = CARTESIAN_POINT ( 'NONE',  ( -0.1441639258339485752, -0.09750843432199045313, 0.05000000000000000278 ) ) ;
#715 = ORIENTED_EDGE ( 'NONE', *, *, #572, .F. ) ;
#716 = SURFACE_STYLE_FILL_AREA ( #909 ) ;
#717 =( LENGTH_UNIT ( ) NAMED_UNIT ( * ) SI_UNIT ( .MILLI., .METRE. ) );
#718 = ORIENTED_EDGE ( 'NONE', *, *, #2101, .F. ) ;
#719 = DIRECTION ( 'NONE',  ( 0.000000000000000000, 0.000000000000000000, 1.000000000000000000 ) ) ;
#720 = CARTESIAN_POINT ( 'NONE',  ( -0.07203447059684306431, -0.05509193388181993223, 0.05000000000000000278 ) ) ;
#721 = AXIS2_PLACEMENT_3D ( 'NONE', #6056, #3885, #3909 ) ;
#722 = CARTESIAN_POINT ( 'NONE',  ( -0.06859230120791158514, -0.04251100104108746641, 0.000000000000000000 ) ) ;
#723 = ORIENTED_EDGE ( 'NONE', *, *, #4617, .F. ) ;
#724 = CARTESIAN_POINT ( 'NONE',  ( 1.060000000000000719, 0.3749999999999999445, -0.02000000000000000042 ) ) ;
#725 = CARTESIAN_POINT ( 'NONE',  ( -0.5500000000000003775, 0.8750000000000002220, 0.1499999999999999944 ) ) ;
#726 = CARTESIAN_POINT ( 'NONE',  ( -0.01942434250061519929, -0.1398161266296827909, 0.000000000000000000 ) ) ;
#727 =( NAMED_UNIT ( * ) PLANE_ANGLE_UNIT ( ) SI_UNIT ( $, .RADIAN. ) );
#728 = VECTOR ( 'NONE', #3657, 1000.000000000000000 ) ;
#729 = DIRECTION ( 'NONE',  ( -1.000000000000000000, 0.000000000000000000, 0.000000000000000000 ) ) ;
#730 = SURFACE_STYLE_USAGE ( .BOTH. , #4451 ) ;
#731 = DIRECTION ( 'NONE',  ( 0.000000000000000000, 0.000000000000000000, 1.000000000000000000 ) ) ;
#732 = EDGE_CURVE ( 'NONE', #3118, #1870, #1119, .T. ) ;
#734 = VERTEX_POINT ( 'NONE', #4719 ) ;
#733 = COLOUR_RGB ( '',0.5019607843137254832, 0.5019607843137254832, 0.000000000000000000 ) ;
#735 = DIRECTION ( 'NONE',  ( -1.000000000000000000, 2.125886612716674341E-16, -0.000000000000000000 ) ) ;
#736 = ORIENTED_EDGE ( 'NONE', *, *, #3689, .F. ) ;
#737 = SURFACE_SIDE_STYLE ('',( #5835 ) ) ;
#738 =( GEOMETRIC_REPRESENTATION_CONTEXT ( 3 ) GLOBAL_UNCERTAINTY_ASSIGNED_CONTEXT ( ( #5188 ) ) GLOBAL_UNIT_ASSIGNED_CONTEXT ( ( #4856, #6484, #5386 ) ) REPRESENTATION_CONTEXT ( 'NONE', 'WORKASPACE' ) );
#739 = UNCERTAINTY_MEASURE_WITH_UNIT (LENGTH_MEASURE( 1.000000000000000082E-05 ), #537, 'distance_accuracy_value', 'NONE');
#740 = EDGE_CURVE ( 'NONE', #1617, #6634, #4530, .T. ) ;
#741 = CARTESIAN_POINT ( 'NONE',  ( 0.09467412856581122749, -0.04238966913462886149, 0.05000000000000000278 ) ) ;
#742 = CARTESIAN_POINT ( 'NONE',  ( -0.07377603505237249892, -0.1249001146410561452, 0.05000000000000000278 ) ) ;
#743 = CARTESIAN_POINT ( 'NONE',  ( -1.060000000000000719, 0.8750000000000002220, -0.02000000000000000042 ) ) ;
#744 = FILL_AREA_STYLE_COLOUR ( '', #608 ) ;
#745 = DIRECTION ( 'NONE',  ( 0.000000000000000000, 1.000000000000000000, 0.000000000000000000 ) ) ;
#746 = VERTEX_POINT ( 'NONE', #1517 ) ;
#747 =( NAMED_UNIT ( * ) SI_UNIT ( $, .STERADIAN. ) SOLID_ANGLE_UNIT ( ) );
#748 = ORIENTED_EDGE ( 'NONE', *, *, #3225, .T. ) ;
#749 = ORIENTED_EDGE ( 'NONE', *, *, #1601, .T. ) ;
#750 =( NAMED_UNIT ( * ) PLANE_ANGLE_UNIT ( ) SI_UNIT ( $, .RADIAN. ) );
#751 = CARTESIAN_POINT ( 'NONE',  ( 0.004999999999999876939, 0.6800000000000001599, -0.02000000000000000042 ) ) ;
#752 = VECTOR ( 'NONE', #1863, 1000.000000000000000 ) ;
#753 = VECTOR ( 'NONE', #5785, 1000.000000000000000 ) ;
#754 = STYLED_ITEM ( 'NONE', ( #1779 ), #985 ) ;
#755 = CARTESIAN_POINT ( 'NONE',  ( 0.6700000000000003730, 0.2550000000000002265, -0.02000000000000000042 ) ) ;
#756 = ORIENTED_EDGE ( 'NONE', *, *, #321, .T. ) ;
#757 = EDGE_CURVE ( 'NONE', #6188, #3994, #2746, .T. ) ;
#758 = DIRECTION ( 'NONE',  ( -0.000000000000000000, -0.000000000000000000, -1.000000000000000000 ) ) ;
#759 = CARTESIAN_POINT ( 'NONE',  ( -1.060000000000000497, -0.6249999999999997780, -0.02000000000000000042 ) ) ;
#760 =( LENGTH_UNIT ( ) NAMED_UNIT ( * ) SI_UNIT ( .MILLI., .METRE. ) );
#761 = VERTEX_POINT ( 'NONE', #2081 ) ;
#762 = CARTESIAN_POINT ( 'NONE',  ( 0.1313523655782929678, -0.04890425708911438907, 0.05000000000000000278 ) ) ;
#763 = CARTESIAN_POINT ( 'NONE',  ( 0.1190772600634873862, -0.03725202406558020263, 0.05000000000000000278 ) ) ;
#764 = CARTESIAN_POINT ( 'NONE',  ( 0.1249999999999998612, -1.060000000000000275, 0.1499999999999999944 ) ) ;
#765 = LINE ( 'NONE', #3877, #2814 ) ;
#766 = ORIENTED_EDGE ( 'NONE', *, *, #5829, .F. ) ;
#767 = LINE ( 'NONE', #4597, #3083 ) ;
#768 = CYLINDRICAL_SURFACE ( 'NONE', #845, 0.1199999999999999956 ) ;
#769 = LINE ( 'NONE', #2028, #606 ) ;
#770 = CIRCLE ( 'NONE', #2270, 0.1199999999999999817 ) ;
#771 = SURFACE_STYLE_USAGE ( .BOTH. , #2386 ) ;
#772 = CARTESIAN_POINT ( 'NONE',  ( -0.04966919879205956845, -0.04000809817442686073, 0.000000000000000000 ) ) ;
#773 = CARTESIAN_POINT ( 'NONE',  ( -0.09209566685306988520, -0.08421987495380617306, 0.05000000000000000278 ) ) ;
#774 = VECTOR ( 'NONE', #3125, 1000.000000000000000 ) ;
#775 = EDGE_LOOP ( 'NONE', ( #2313, #3818, #3262, #942 ) ) ;
#776 = PRESENTATION_STYLE_ASSIGNMENT (( #3445 ) ) ;
#777 = ORIENTED_EDGE ( 'NONE', *, *, #2714, .T. ) ;
#778 = DIRECTION ( 'NONE',  ( 0.000000000000000000, 0.000000000000000000, -1.000000000000000000 ) ) ;
#779 = DIRECTION ( 'NONE',  ( -0.000000000000000000, 1.000000000000000000, -0.000000000000000000 ) ) ;
#780 = EDGE_CURVE ( 'NONE', #4658, #1499, #1618, .T. ) ;
#781 = ORIENTED_EDGE ( 'NONE', *, *, #59, .T. ) ;
#782 = COLOUR_RGB ( '',0.5019607843137254832, 0.5019607843137254832, 0.000000000000000000 ) ;
#783 =( GEOMETRIC_REPRESENTATION_CONTEXT ( 3 ) GLOBAL_UNCERTAINTY_ASSIGNED_CONTEXT ( ( #4906 ) ) GLOBAL_UNIT_ASSIGNED_CONTEXT ( ( #5861, #2178, #2687 ) ) REPRESENTATION_CONTEXT ( 'NONE', 'WORKASPACE' ) );
#784 = ORIENTED_EDGE ( 'NONE', *, *, #4321, .F. ) ;
#785 = CARTESIAN_POINT ( 'NONE',  ( 0.1533123937433988893, -0.06176323116728569401, 1.355252715606880543E-17 ) ) ;
#786 = AXIS2_PLACEMENT_3D ( 'NONE', #6805, #987, #3579 ) ;
#787 = CARTESIAN_POINT ( 'NONE',  ( 0.1607801841009994515, -0.1064868592119384422, -0.000000000000000000 ) ) ;
#788 = CARTESIAN_POINT ( 'NONE',  ( -0.06615911814164082694, -0.05287702406558020263, 0.05000000000000000278 ) ) ;
#789 = CARTESIAN_POINT ( 'NONE',  ( 0.07734026337536677176, -0.1238489188785477924, 0.05000000000000000278 ) ) ;
#790 = COLOUR_RGB ( '',0.5019607843137254832, 0.5019607843137254832, 0.000000000000000000 ) ;
#791 = CARTESIAN_POINT ( 'NONE',  ( 0.1567756223276907390, -0.1136910652537791860, 0.05000000000000000278 ) ) ;
#792 = DIRECTION ( 'NONE',  ( 0.000000000000000000, 0.000000000000000000, -1.000000000000000000 ) ) ;
#793 = ADVANCED_FACE ( 'NONE', ( #3097 ), #3186, .T. ) ;
#794 = FILL_AREA_STYLE_COLOUR ( '', #1418 ) ;
#795 = ORIENTED_EDGE ( 'NONE', *, *, #4357, .T. ) ;
#796 = PRESENTATION_STYLE_ASSIGNMENT (( #2430 ) ) ;
#797 = CARTESIAN_POINT ( 'NONE',  ( -0.06555081141073595963, -0.04178562474438155677, 0.05000000000000000278 ) ) ;
#798 = PLANE ( 'NONE',  #6561 ) ;
#799 = EDGE_CURVE ( 'NONE', #5384, #1697, #622, .T. ) ;
#801 = ORIENTED_EDGE ( 'NONE', *, *, #6412, .T. ) ;
#800 = LINE ( 'NONE', #4095, #2932 ) ;
#802 = ORIENTED_EDGE ( 'NONE', *, *, #2622, .T. ) ;
#803 = CARTESIAN_POINT ( 'NONE',  ( 0.6700000000000011502, -0.6249999999999997780, 0.1499999999999999944 ) ) ;
#804 = CARTESIAN_POINT ( 'NONE',  ( -0.07619766375688019622, -0.1235274840767833365, 0.05000000000000000278 ) ) ;
#805 = LINE ( 'NONE', #3970, #302 ) ;
#806 = VERTEX_POINT ( 'NONE', #2037 ) ;
#807 = ORIENTED_EDGE ( 'NONE', *, *, #3048, .T. ) ;
#808 =( LENGTH_UNIT ( ) NAMED_UNIT ( * ) SI_UNIT ( .MILLI., .METRE. ) );
#809 = CARTESIAN_POINT ( 'NONE',  ( 0.1313523655782929678, -0.04890425708911438907, 1.355252715606880543E-17 ) ) ;
#810 = CARTESIAN_POINT ( 'NONE',  ( 0.1512073092755387982, -0.1200984798897787309, -0.000000000000000000 ) ) ;
#811 = DIRECTION ( 'NONE',  ( 1.000000000000000000, 0.000000000000000000, 0.000000000000000000 ) ) ;
#813 = ORIENTED_EDGE ( 'NONE', *, *, #892, .F. ) ;
#812 = VECTOR ( 'NONE', #2074, 1000.000000000000000 ) ;
#814 = CARTESIAN_POINT ( 'NONE',  ( 0.07544745237117968240, -0.1214066715014776449, 0.000000000000000000 ) ) ;
#815 = CARTESIAN_POINT ( 'NONE',  ( 0.1638021555954221886, -0.09429625559386876910, 0.05000000000000000278 ) ) ;
#816 = DIRECTION ( 'NONE',  ( -1.000000000000000000, 0.000000000000000000, 0.000000000000000000 ) ) ;
#817 =( NAMED_UNIT ( * ) PLANE_ANGLE_UNIT ( ) SI_UNIT ( $, .RADIAN. ) );
#818 = CARTESIAN_POINT ( 'NONE',  ( 0.1639089908327181766, -0.08991628688609304421, 0.05000000000000000278 ) ) ;
#819 =( NAMED_UNIT ( * ) PLANE_ANGLE_UNIT ( ) SI_UNIT ( $, .RADIAN. ) );
#820 = EDGE_CURVE ( 'NONE', #6073, #1547, #2029, .T. ) ;
#821 = CARTESIAN_POINT ( 'NONE',  ( 0.1252992994348399447, -0.1421181658279960236, 0.000000000000000000 ) ) ;
#822 = UNCERTAINTY_MEASURE_WITH_UNIT (LENGTH_MEASURE( 1.000000000000000082E-05 ), #2878, 'distance_accuracy_value', 'NONE');
#823 = PRESENTATION_LAYER_ASSIGNMENT (  '', '', ( #4388 ) ) ;
#824 = CARTESIAN_POINT ( 'NONE',  ( 0.1250000000000004163, 1.060000000000000275, -0.02000000000000000042 ) ) ;
#825 = ORIENTED_EDGE ( 'NONE', *, *, #3286, .F. ) ;
#826 = ORIENTED_EDGE ( 'NONE', *, *, #6824, .T. ) ;
#827 = CARTESIAN_POINT ( 'NONE',  ( -0.6700000000000011502, -0.8749999999999998890, 0.1499999999999999944 ) ) ;
#828 = EDGE_CURVE ( 'NONE', #2221, #1723, #2820, .T. ) ;
#829 = VECTOR ( 'NONE', #1968, 1000.000000000000000 ) ;
#830 = CARTESIAN_POINT ( 'NONE',  ( -0.1014756245518972505, -0.09107814586045200056, 0.05000000000000000278 ) ) ;
#831 = CARTESIAN_POINT ( 'NONE',  ( -0.7589828794336488382, 0.7285559488550196194, 0.7299999999999999822 ) ) ;
#832 = CARTESIAN_POINT ( 'NONE',  ( -0.06846280403907673007, -0.1270156458604519978, 0.05000000000000000278 ) ) ;
#833 = CARTESIAN_POINT ( 'NONE',  ( 0.1638729388606065818, -0.09139432459817062315, -6.776263578034402713E-18 ) ) ;
#834 = CARTESIAN_POINT ( 'NONE',  ( 0.000000000000000000, 0.000000000000000000, 0.000000000000000000 ) ) ;
#835 = STYLED_ITEM ( 'NONE', ( #4714 ), #2173 ) ;
#836 = VECTOR ( 'NONE', #1111, 1000.000000000000000 ) ;
#837 = ORIENTED_EDGE ( 'NONE', *, *, #1492, .T. ) ;
#838 = PRESENTATION_LAYER_ASSIGNMENT (  '', '', ( #5703 ) ) ;
#839 = DIRECTION ( 'NONE',  ( -0.000000000000000000, 0.000000000000000000, -1.000000000000000000 ) ) ;
#840 = CIRCLE ( 'NONE', #5753, 0.1312853616792236666 ) ;
#841 = CARTESIAN_POINT ( 'NONE',  ( -0.06717280296758566804, -0.05320922662181846313, -0.000000000000000000 ) ) ;
#842 = SURFACE_SIDE_STYLE ('',( #3167 ) ) ;
#843 = CARTESIAN_POINT ( 'NONE',  ( -0.07471314747656133959, -0.05654012476988172498, 0.000000000000000000 ) ) ;
#844 = VERTEX_POINT ( 'NONE', #1080 ) ;
#845 = AXIS2_PLACEMENT_3D ( 'NONE', #6874, #1087, #5294 ) ;
#846 = CARTESIAN_POINT ( 'NONE',  ( 0.1519887760542393829, -0.1325694734132142338, 0.05000000000000000278 ) ) ;
#847 = EDGE_CURVE ( 'NONE', #1251, #4771, #2282, .T. ) ;
#848 = CARTESIAN_POINT ( 'NONE',  ( -0.07848652162219868500, -0.1220017048201231524, 0.05000000000000000278 ) ) ;
#849 = COLOUR_RGB ( '',0.5019607843137254832, 0.5019607843137254832, 0.000000000000000000 ) ;
#850 = EDGE_LOOP ( 'NONE', ( #1376, #5882, #5581, #3082 ) ) ;
#851 = VECTOR ( 'NONE', #2758, 1000.000000000000000 ) ;
#852 = DIRECTION ( 'NONE',  ( 0.000000000000000000, 0.000000000000000000, -1.000000000000000000 ) ) ;
#853 = CARTESIAN_POINT ( 'NONE',  ( -0.09164172513398438635, -0.1006150309899053602, 0.000000000000000000 ) ) ;
#854 = COLOUR_RGB ( '',0.5019607843137254832, 0.5019607843137254832, 0.000000000000000000 ) ;
#855 = EDGE_LOOP ( 'NONE', ( #1487, #4497, #6133, #6406 ) ) ;
#856 = CARTESIAN_POINT ( 'NONE',  ( -1.060000000000000719, 0.8750000000000002220, 0.1499999999999999944 ) ) ;
#857 = CARTESIAN_POINT ( 'NONE',  ( 0.1611740490237879575, -0.05602280401196018528, 0.000000000000000000 ) ) ;
#858 = FILL_AREA_STYLE ('',( #6151 ) ) ;
#859 = COLOUR_RGB ( '',0.5019607843137254832, 0.5019607843137254832, 0.000000000000000000 ) ;
#860 = CARTESIAN_POINT ( 'NONE',  ( 0.1282714360787863550, -0.1314292223740907151, 0.05000000000000000278 ) ) ;
#861 = CARTESIAN_POINT ( 'NONE',  ( 0.1326261447191826592, -0.1304988188454261899, 0.05000000000000000278 ) ) ;
#862 = VECTOR ( 'NONE', #1999, 1000.000000000000000 ) ;
#863 = ADVANCED_FACE ( 'NONE', ( #2583 ), #5942, .F. ) ;
#864 = SURFACE_STYLE_FILL_AREA ( #1483 ) ;
#865 = LINE ( 'NONE', #4589, #2211 ) ;
#866 = FILL_AREA_STYLE ('',( #2928 ) ) ;
#867 = CARTESIAN_POINT ( 'NONE',  ( -0.04137290699881829986, -0.03982877148671037232, 0.000000000000000000 ) ) ;
#868 = VERTEX_POINT ( 'NONE', #66 ) ;
#869 = PLANE ( 'NONE',  #3138 ) ;
#870 = CARTESIAN_POINT ( 'NONE',  ( -0.07203447059684306431, -0.05509193388181993223, 0.000000000000000000 ) ) ;
#871 = ORIENTED_EDGE ( 'NONE', *, *, #335, .F. ) ;
#872 = LINE ( 'NONE', #5410, #5528 ) ;
#873 = CARTESIAN_POINT ( 'NONE',  ( -1.060000000000000719, 0.1250000000000002220, -0.02000000000000000042 ) ) ;
#874 = ORIENTED_EDGE ( 'NONE', *, *, #326, .T. ) ;
#875 = UNCERTAINTY_MEASURE_WITH_UNIT (LENGTH_MEASURE( 1.000000000000000082E-05 ), #664, 'distance_accuracy_value', 'NONE');
#876 = CARTESIAN_POINT ( 'NONE',  ( -0.5500000000000003775, 0.8750000000000002220, 0.000000000000000000 ) ) ;
#877 = CARTESIAN_POINT ( 'NONE',  ( -0.04152644888073284829, -0.1295526279054420304, 0.05000000000000000278 ) ) ;
#878 = EDGE_CURVE ( 'NONE', #5774, #1152, #3511, .T. ) ;
#879 = PRESENTATION_LAYER_ASSIGNMENT (  '', '', ( #1001 ) ) ;
#880 = CARTESIAN_POINT ( 'NONE',  ( -0.09179752698008362966, -0.1228567984992313261, 0.000000000000000000 ) ) ;
#881 = ORIENTED_EDGE ( 'NONE', *, *, #5251, .T. ) ;
#882 = AXIS2_PLACEMENT_3D ( 'NONE', #5842, #536, #559 ) ;
#883 = CARTESIAN_POINT ( 'NONE',  ( 0.2318577087814361337, -0.1398161266296827909, 0.05000000000000000278 ) ) ;
#884 = DIRECTION ( 'NONE',  ( -1.000000000000000000, 0.000000000000000000, 0.000000000000000000 ) ) ;
#885 = CARTESIAN_POINT ( 'NONE',  ( -0.02839870147497414524, -0.05007253688609302616, 0.05000000000000000278 ) ) ;
#886 = DIRECTION ( 'NONE',  ( 0.000000000000000000, 0.000000000000000000, 1.000000000000000000 ) ) ;
#887 = PLANE ( 'NONE',  #258 ) ;
#888 = VECTOR ( 'NONE', #6164, 1000.000000000000000 ) ;
#889 = AXIS2_PLACEMENT_3D ( 'NONE', #3314, #684, #1224 ) ;
#890 = ORIENTED_EDGE ( 'NONE', *, *, #1438, .T. ) ;
#891 = CARTESIAN_POINT ( 'NONE',  ( -0.07203447059684306431, -0.05509193388181993223, 0.05000000000000000278 ) ) ;
#892 = EDGE_CURVE ( 'NONE', #1229, #4928, #6205, .T. ) ;
#893 = EDGE_LOOP ( 'NONE', ( #837, #6106, #1209, #6619, #4196, #540, #289, #5149, #6321, #4814, #3621, #3003, #5792, #713, #6227, #2535, #6666, #5037, #2598, #3207, #3007, #190, #6214, #4042, #585, #962, #193, #2637, #5064, #5253, #3652, #2231, #5050, #6644, #4820, #1561, #3562, #3530, #4779, #4477, #4835, #3055, #1593, #2241, #1381, #257, #2790, #5207, #329, #4181, #3613, #203, #4020, #3867, #2194, #6129, #5796, #4893, #4804, #3183, #4092, #5957 ) ) ;
#894 = CARTESIAN_POINT ( 'NONE',  ( 0.1562816648834516875, -0.1290082180882404228, 0.05000000000000000278 ) ) ;
#895 = ORIENTED_EDGE ( 'NONE', *, *, #2008, .F. ) ;
#896 = DIRECTION ( 'NONE',  ( 1.000000000000000000, -6.950013926189141733E-16, -0.000000000000000000 ) ) ;
#897 = CARTESIAN_POINT ( 'NONE',  ( -0.5500000000000003775, 0.000000000000000000, 0.000000000000000000 ) ) ;
#898 = VECTOR ( 'NONE', #990, 1000.000000000000000 ) ;
#899 = DIRECTION ( 'NONE',  ( 0.000000000000000000, 0.000000000000000000, 1.000000000000000000 ) ) ;
#900 = CARTESIAN_POINT ( 'NONE',  ( -0.1846286694236921599, -0.1077648445784007286, 0.05000000000000000278 ) ) ;
#901 = CARTESIAN_POINT ( 'NONE',  ( -1.060000000000000497, -0.8749999999999997780, 0.1499999999999999944 ) ) ;
#902 = DIRECTION ( 'NONE',  ( 0.000000000000000000, 0.000000000000000000, -1.000000000000000000 ) ) ;
#903 = CARTESIAN_POINT ( 'NONE',  ( -0.06859230120791158514, -0.04251100104108746641, 0.05000000000000000278 ) ) ;
#904 = EDGE_CURVE ( 'NONE', #6646, #2242, #3587, .T. ) ;
#905 = DIRECTION ( 'NONE',  ( 1.000000000000000000, 0.000000000000000000, 0.000000000000000000 ) ) ;
#906 = PLANE ( 'NONE',  #699 ) ;
#907 = VERTEX_POINT ( 'NONE', #1640 ) ;
#908 = CARTESIAN_POINT ( 'NONE',  ( 0.1138352382549696618, -0.1319805988719335854, 0.05000000000000000278 ) ) ;
#909 = FILL_AREA_STYLE ('',( #4661 ) ) ;
#910 = VECTOR ( 'NONE', #4490, 1000.000000000000000 ) ;
#911 = EDGE_CURVE ( 'NONE', #402, #450, #940, .T. ) ;
#912 = CARTESIAN_POINT ( 'NONE',  ( 0.1562816648834516875, -0.1290082180882404228, 0.000000000000000000 ) ) ;
#913 = ORIENTED_EDGE ( 'NONE', *, *, #1544, .T. ) ;
#914 = AXIS2_PLACEMENT_3D ( 'NONE', #5411, #6487, #2850 ) ;
#915 =( NAMED_UNIT ( * ) SI_UNIT ( $, .STERADIAN. ) SOLID_ANGLE_UNIT ( ) );
#916 = CARTESIAN_POINT ( 'NONE',  ( -0.04469881454967067347, -0.1295389941858412497, 0.05000000000000000278 ) ) ;
#917 = PRESENTATION_STYLE_ASSIGNMENT (( #3894 ) ) ;
#918 = SURFACE_SIDE_STYLE ('',( #4701 ) ) ;
#919 = VERTEX_POINT ( 'NONE', #14 ) ;
#920 = CARTESIAN_POINT ( 'NONE',  ( -0.05893473490254278607, -0.1395069888485747645, 0.000000000000000000 ) ) ;
#921 = CARTESIAN_POINT ( 'NONE',  ( -0.04966904641828718409, -0.05044989798947618204, 0.000000000000000000 ) ) ;
#922 = CARTESIAN_POINT ( 'NONE',  ( 0.1090189927530470226, -0.1416573873663204697, 0.05000000000000000278 ) ) ;
#923 = CARTESIAN_POINT ( 'NONE',  ( 0.07544745237117968240, -0.05816548560404174312, -0.000000000000000000 ) ) ;
#924 = DIRECTION ( 'NONE',  ( -0.7941277684358859501, 0.6077508431907272524, 0.000000000000000000 ) ) ;
#925 =( GEOMETRIC_REPRESENTATION_CONTEXT ( 3 ) GLOBAL_UNCERTAINTY_ASSIGNED_CONTEXT ( ( #4986 ) ) GLOBAL_UNIT_ASSIGNED_CONTEXT ( ( #5665, #6798, #5121 ) ) REPRESENTATION_CONTEXT ( 'NONE', 'WORKASPACE' ) );
#926 = AXIS2_PLACEMENT_3D ( 'NONE', #4881, #62, #2225 ) ;
#927 = CARTESIAN_POINT ( 'NONE',  ( -0.6700000000000012612, 0.3750000000000002220, -0.02000000000000000042 ) ) ;
#928 = ORIENTED_EDGE ( 'NONE', *, *, #6463, .F. ) ;
#929 = DIRECTION ( 'NONE',  ( -1.000000000000000000, 4.865009748332398720E-16, 0.000000000000000000 ) ) ;
#930 = DIRECTION ( 'NONE',  ( 0.000000000000000000, 0.000000000000000000, -1.000000000000000000 ) ) ;
#931 = SURFACE_STYLE_USAGE ( .BOTH. , #6724 ) ;
#932 = PRESENTATION_STYLE_ASSIGNMENT (( #4571 ) ) ;
#933 = VERTEX_POINT ( 'NONE', #588 ) ;
#934 = PRESENTATION_LAYER_ASSIGNMENT (  '', '', ( #6929 ) ) ;
#935 = LINE ( 'NONE', #6408, #6276 ) ;
#936 = DIRECTION ( 'NONE',  ( -0.000000000000000000, -0.000000000000000000, -1.000000000000000000 ) ) ;
#937 = VECTOR ( 'NONE', #1914, 1000.000000000000000 ) ;
#938 = CARTESIAN_POINT ( 'NONE',  ( 2.606255222320928150E-17, 0.1250000000000000000, 0.000000000000000000 ) ) ;
#939 = CARTESIAN_POINT ( 'NONE',  ( -0.05342845437138087766, -0.1292238758819390099, 0.000000000000000000 ) ) ;
#940 = LINE ( 'NONE', #3783, #6282 ) ;
#941 = LINE ( 'NONE', #6740, #5116 ) ;
#942 = ORIENTED_EDGE ( 'NONE', *, *, #5034, .F. ) ;
#943 = VECTOR ( 'NONE', #685, 1000.000000000000000 ) ;
#944 = CARTESIAN_POINT ( 'NONE',  ( 1.050000000000000266, -1.050000000000000044, 0.7500000000000000000 ) ) ;
#945 = VERTEX_POINT ( 'NONE', #613 ) ;
#946 = CARTESIAN_POINT ( 'NONE',  ( 0.1087961517880754320, -0.1311760488969945515, 0.05000000000000000278 ) ) ;
#947 = VERTEX_POINT ( 'NONE', #3226 ) ;
#948 = CARTESIAN_POINT ( 'NONE',  ( 1.060000000000000497, -0.6250000000000000000, 0.1499999999999999944 ) ) ;
#949 = LINE ( 'NONE', #2554, #774 ) ;
#950 = UNCERTAINTY_MEASURE_WITH_UNIT (LENGTH_MEASURE( 1.000000000000000082E-05 ), #207, 'distance_accuracy_value', 'NONE');
#951 = CIRCLE ( 'NONE', #1114, 0.1199999999999999956 ) ;
#952 = ORIENTED_EDGE ( 'NONE', *, *, #3751, .F. ) ;
#953 = CARTESIAN_POINT ( 'NONE',  ( 1.050000000000000044, 1.050000000000000044, 0.1499999999999999667 ) ) ;
#954 = EDGE_CURVE ( 'NONE', #6818, #5889, #1355, .T. ) ;
#955 = CARTESIAN_POINT ( 'NONE',  ( 0.08450950860452127733, -0.1167848927117901836, -0.000000000000000000 ) ) ;
#956 = DIRECTION ( 'NONE',  ( 0.000000000000000000, -0.000000000000000000, 1.000000000000000000 ) ) ;
#957 = UNCERTAINTY_MEASURE_WITH_UNIT (LENGTH_MEASURE( 1.000000000000000082E-05 ), #3634, 'distance_accuracy_value', 'NONE');
#958 = ORIENTED_EDGE ( 'NONE', *, *, #3573, .T. ) ;
#959 = FILL_AREA_STYLE ('',( #3056 ) ) ;
#960 = CARTESIAN_POINT ( 'NONE',  ( -0.04469881454967067347, -0.1295389941858412497, 0.05000000000000000278 ) ) ;
#961 = EDGE_CURVE ( 'NONE', #5638, #806, #1695, .T. ) ;
#962 = ORIENTED_EDGE ( 'NONE', *, *, #1359, .T. ) ;
#963 = CARTESIAN_POINT ( 'NONE',  ( -1.060000000000000719, 0.6250000000000002220, -0.02000000000000000042 ) ) ;
#964 = CARTESIAN_POINT ( 'NONE',  ( -1.050000000000000266, 0.1250000000000002220, 0.7500000000000000000 ) ) ;
#965 = STYLED_ITEM ( 'NONE', ( #523 ), #4709 ) ;
#966 = CARTESIAN_POINT ( 'NONE',  ( -0.06532051395959316553, -0.05264512612639973138, 0.000000000000000000 ) ) ;
#967 = VERTEX_POINT ( 'NONE', #1611 ) ;
#968 = CARTESIAN_POINT ( 'NONE',  ( 0.1178213290512746814, -0.1423673732262722424, 0.05000000000000000278 ) ) ;
#969 = CARTESIAN_POINT ( 'NONE',  ( -0.1617320348083075288, -0.03981612662968277150, 0.000000000000000000 ) ) ;
#970 = CARTESIAN_POINT ( 'NONE',  ( -0.5500000000000003775, 0.2549999999999993938, 0.1499999999999999944 ) ) ;
#971 = EDGE_LOOP ( 'NONE', ( #1823, #4189, #4110 ) ) ;
#972 = CARTESIAN_POINT ( 'NONE',  ( 0.2318577087814361337, -0.03981612662968277150, 0.05000000000000000278 ) ) ;
#973 = VECTOR ( 'NONE', #2861, 1000.000000000000000 ) ;
#974 = AXIS2_PLACEMENT_3D ( 'NONE', #972, #4711, #5912 ) ;
#975 = FACE_OUTER_BOUND ( 'NONE', #3483, .T. ) ;
#976 = CARTESIAN_POINT ( 'NONE',  ( 0.1087961517880754320, -0.1311760488969945515, -0.000000000000000000 ) ) ;
#977 = ORIENTED_EDGE ( 'NONE', *, *, #3357, .F. ) ;
#978 = CARTESIAN_POINT ( 'NONE',  ( -0.08259368652901008523, -0.1183669336538118871, 0.000000000000000000 ) ) ;
#979 = EDGE_CURVE ( 'NONE', #3113, #5638, #6778, .T. ) ;
#980 = DIRECTION ( 'NONE',  ( 0.000000000000000000, 0.000000000000000000, -1.000000000000000000 ) ) ;
#981 = DIRECTION ( 'NONE',  ( -1.000000000000000000, 2.780005570475656200E-16, -0.000000000000000000 ) ) ;
#982 = DIRECTION ( 'NONE',  ( 0.000000000000000000, 0.000000000000000000, -1.000000000000000000 ) ) ;
#983 = EDGE_LOOP ( 'NONE', ( #4852, #928, #6162, #1917 ) ) ;
#984 = CARTESIAN_POINT ( 'NONE',  ( 1.050000000000000044, 1.050000000000000044, 0.1499999999999999667 ) ) ;
#985 = ADVANCED_FACE ( 'NONE', ( #3915 ), #2696, .T. ) ;
#986 = FILL_AREA_STYLE ('',( #3653 ) ) ;
#987 = DIRECTION ( 'NONE',  ( -0.000000000000000000, 0.000000000000000000, 1.000000000000000000 ) ) ;
#988 = CARTESIAN_POINT ( 'NONE',  ( 0.1728833498070771468, -0.08923519714250328916, 0.000000000000000000 ) ) ;
#989 = CARTESIAN_POINT ( 'NONE',  ( 0.1595953217287913450, -0.07082230871870208444, 0.05000000000000000278 ) ) ;
#990 = DIRECTION ( 'NONE',  ( 1.000000000000000000, 0.000000000000000000, 0.000000000000000000 ) ) ;
#991 = ADVANCED_FACE ( 'NONE', ( #5288 ), #4514, .T. ) ;
#992 = EDGE_LOOP ( 'NONE', ( #6329, #6609, #1384, #1836 ) ) ;
#993 = VECTOR ( 'NONE', #263, 1000.000000000000000 ) ;
#994 = CARTESIAN_POINT ( 'NONE',  ( -0.005000000000000028727, -0.5600000000000001643, 0.1499999999999999944 ) ) ;
#995 = PRESENTATION_STYLE_ASSIGNMENT (( #5768 ) ) ;
#996 = PLANE ( 'NONE',  #5878 ) ;
#997 = ORIENTED_EDGE ( 'NONE', *, *, #6096, .F. ) ;
#998 = EDGE_CURVE ( 'NONE', #3435, #1524, #2567, .T. ) ;
#999 = PRESENTATION_STYLE_ASSIGNMENT (( #1746 ) ) ;
#1000 = FILL_AREA_STYLE_COLOUR ( '', #3100 ) ;
#1001 = STYLED_ITEM ( 'NONE', ( #5398 ), #6431 ) ;
#1002 = CARTESIAN_POINT ( 'NONE',  ( 0.1631427149023316481, -0.08130439729417389405, 0.000000000000000000 ) ) ;
#1003 = PRESENTATION_STYLE_ASSIGNMENT (( #2024 ) ) ;
#1004 = VERTEX_POINT ( 'NONE', #2827 ) ;
#1005 = AXIS2_PLACEMENT_3D ( 'NONE', #4055, #4079, #6225 ) ;
#1006 = CARTESIAN_POINT ( 'NONE',  ( -1.050000000000000266, -0.3749999999999997780, 0.000000000000000000 ) ) ;
#1007 = PRESENTATION_STYLE_ASSIGNMENT (( #3404 ) ) ;
#1008 = CARTESIAN_POINT ( 'NONE',  ( 0.1249999999999998890, -1.050000000000000044, 0.7500000000000000000 ) ) ;
#1009 = FILL_AREA_STYLE_COLOUR ( '', #6037 ) ;
#1010 = VERTEX_POINT ( 'NONE', #1781 ) ;
#1011 = CARTESIAN_POINT ( 'NONE',  ( 0.1206405374805394337, -0.04751997610798588262, 0.05000000000000000278 ) ) ;
#1012 = DIRECTION ( 'NONE',  ( 1.000000000000000000, 0.000000000000000000, 0.000000000000000000 ) ) ;
#1013 = PLANE ( 'NONE',  #6236 ) ;
#1014 = FACE_OUTER_BOUND ( 'NONE', #5633, .T. ) ;
#1015 = VECTOR ( 'NONE', #2628, 1000.000000000000000 ) ;
#1016 = EDGE_CURVE ( 'NONE', #1086, #734, #6184, .T. ) ;
#1017 = PRESENTATION_STYLE_ASSIGNMENT (( #5970 ) ) ;
#1018 = SURFACE_STYLE_FILL_AREA ( #2251 ) ;
#1019 = EDGE_LOOP ( 'NONE', ( #2253, #1118, #2254, #1586, #1205, #372 ) ) ;
#1020 = SURFACE_STYLE_FILL_AREA ( #3887 ) ;
#1021 =( LENGTH_UNIT ( ) NAMED_UNIT ( * ) SI_UNIT ( .MILLI., .METRE. ) );
#1022 = VECTOR ( 'NONE', #5359, 1000.000000000000000 ) ;
#1023 = LINE ( 'NONE', #5242, #862 ) ;
#1024 = DIRECTION ( 'NONE',  ( 0.000000000000000000, -0.000000000000000000, 1.000000000000000000 ) ) ;
#1025 = FACE_OUTER_BOUND ( 'NONE', #2100, .T. ) ;
#1026 = CARTESIAN_POINT ( 'NONE',  ( -1.060000000000000497, -0.8749999999999997780, 0.1499999999999999944 ) ) ;
#1027 = CARTESIAN_POINT ( 'NONE',  ( -1.042502088928371260E-16, -0.3750000000000000555, 0.000000000000000000 ) ) ;
#1028 = ADVANCED_FACE ( 'NONE', ( #1185 ), #5432, .T. ) ;
#1029 = VECTOR ( 'NONE', #2097, 1000.000000000000000 ) ;
#1030 = DIRECTION ( 'NONE',  ( 1.000000000000000000, 0.000000000000000000, 0.000000000000000000 ) ) ;
#1031 = ADVANCED_FACE ( 'NONE', ( #5668 ), #3851, .T. ) ;
#1032 =( LENGTH_UNIT ( ) NAMED_UNIT ( * ) SI_UNIT ( .MILLI., .METRE. ) );
#1033 = FACE_OUTER_BOUND ( 'NONE', #2377, .T. ) ;
#1034 = ORIENTED_EDGE ( 'NONE', *, *, #2202, .F. ) ;
#1035 = DIRECTION ( 'NONE',  ( -1.000000000000000000, 0.000000000000000000, 0.000000000000000000 ) ) ;
#1036 = CARTESIAN_POINT ( 'NONE',  ( 0.08380857835790860022, -0.1303033007771384477, 0.05000000000000000278 ) ) ;
#1037 = VERTEX_POINT ( 'NONE', #2738 ) ;
#1038 = LINE ( 'NONE', #2402, #6545 ) ;
#1039 = CARTESIAN_POINT ( 'NONE',  ( 0.1575898328042561192, -0.05219381111774485521, 0.05000000000000000278 ) ) ;
#1040 = ORIENTED_EDGE ( 'NONE', *, *, #91, .F. ) ;
#1041 = ADVANCED_FACE ( 'NONE', ( #2007 ), #5349, .T. ) ;
#1042 = DIRECTION ( 'NONE',  ( 0.000000000000000000, -1.000000000000000000, 0.000000000000000000 ) ) ;
#1043 = ORIENTED_EDGE ( 'NONE', *, *, #799, .T. ) ;
#1044 = DIRECTION ( 'NONE',  ( 1.000000000000000000, 0.000000000000000000, 0.000000000000000000 ) ) ;
#1045 = CARTESIAN_POINT ( 'NONE',  ( -0.1622729001929228976, -0.05930731252711866908, 0.000000000000000000 ) ) ;
#1046 = EDGE_LOOP ( 'NONE', ( #5018, #1463, #2359, #6541 ) ) ;
#1047 = ORIENTED_EDGE ( 'NONE', *, *, #1888, .F. ) ;
#1048 = EDGE_CURVE ( 'NONE', #1217, #2488, #2796, .T. ) ;
#1049 = VERTEX_POINT ( 'NONE', #3408 ) ;
#1050 = CARTESIAN_POINT ( 'NONE',  ( 0.1711828045747041116, -0.1040265511251747127, 0.000000000000000000 ) ) ;
#1051 = CARTESIAN_POINT ( 'NONE',  ( 1.060000000000000719, 0.1249999999999999445, -0.02000000000000000042 ) ) ;
#1052 = SURFACE_SIDE_STYLE ('',( #2743 ) ) ;
#1053 = DIRECTION ( 'NONE',  ( 1.000000000000000000, 0.000000000000000000, 0.000000000000000000 ) ) ;
#1054 = ORIENTED_EDGE ( 'NONE', *, *, #961, .F. ) ;
#1055 =( GEOMETRIC_REPRESENTATION_CONTEXT ( 3 ) GLOBAL_UNCERTAINTY_ASSIGNED_CONTEXT ( ( #5194 ) ) GLOBAL_UNIT_ASSIGNED_CONTEXT ( ( #5776, #6346, #5819 ) ) REPRESENTATION_CONTEXT ( 'NONE', 'WORKASPACE' ) );
#1056 = CARTESIAN_POINT ( 'NONE',  ( -0.6700000000000002620, -0.2449999999999997735, -0.02000000000000000042 ) ) ;
#1057 = CARTESIAN_POINT ( 'NONE',  ( 0.1635749338530021191, -0.08410984837845897344, -0.000000000000000000 ) ) ;
#1058 = CARTESIAN_POINT ( 'NONE',  ( -1.060000000000000719, -0.1249999999999997918, -0.02000000000000000042 ) ) ;
#1059 = EDGE_CURVE ( 'NONE', #4593, #1638, #3899, .T. ) ;
#1060 = CARTESIAN_POINT ( 'NONE',  ( 0.09978448301753300997, -0.1393245899340383454, 0.05000000000000000278 ) ) ;
#1062 = ORIENTED_EDGE ( 'NONE', *, *, #3841, .F. ) ;
#1061 = SURFACE_STYLE_FILL_AREA ( #1625 ) ;
#1063 = AXIS2_PLACEMENT_3D ( 'NONE', #4166, #5718, #5216 ) ;
#1064 =( GEOMETRIC_REPRESENTATION_CONTEXT ( 3 ) GLOBAL_UNCERTAINTY_ASSIGNED_CONTEXT ( ( #957 ) ) GLOBAL_UNIT_ASSIGNED_CONTEXT ( ( #3634, #6901, #4170 ) ) REPRESENTATION_CONTEXT ( 'NONE', 'WORKASPACE' ) );
#1065 = ORIENTED_EDGE ( 'NONE', *, *, #6297, .T. ) ;
#1066 = CARTESIAN_POINT ( 'NONE',  ( 0.1402702342946281211, -0.04090640440929362714, 0.000000000000000000 ) ) ;
#1067 = CARTESIAN_POINT ( 'NONE',  ( -1.050000000000000266, 1.050000000000000044, 0.1499999999999999667 ) ) ;
#1068 =( GEOMETRIC_REPRESENTATION_CONTEXT ( 3 ) GLOBAL_UNCERTAINTY_ASSIGNED_CONTEXT ( ( #1177 ) ) GLOBAL_UNIT_ASSIGNED_CONTEXT ( ( #3635, #5836, #5247 ) ) REPRESENTATION_CONTEXT ( 'NONE', 'WORKASPACE' ) );
#1069 = CARTESIAN_POINT ( 'NONE',  ( 0.1727751702763484221, -0.09431330950766381171, 0.000000000000000000 ) ) ;
#1070 = PLANE ( 'NONE',  #5269 ) ;
#1071 = FILL_AREA_STYLE_COLOUR ( '', #6789 ) ;
#1072 = SURFACE_STYLE_FILL_AREA ( #4988 ) ;
#1073 = STYLED_ITEM ( 'NONE', ( #6733 ), #1873 ) ;
#1074 =( NAMED_UNIT ( * ) PLANE_ANGLE_UNIT ( ) SI_UNIT ( $, .RADIAN. ) );
#1075 = SURFACE_STYLE_USAGE ( .BOTH. , #3706 ) ;
#1076 = B_SPLINE_CURVE_WITH_KNOTS ( 'NONE', 3,
 ( #4398, #4310, #4331, #5415, #3346, #3786, #4889, #6015, #3279, #6562, #2232, #1153, #5947, #153, #2213, #2719, #1174, #92, #1715 ),
 .UNSPECIFIED., .F., .F.,
 ( 4, 1, 1, 1, 1, 1, 1, 1, 1, 1, 1, 1, 1, 1, 1, 1, 4 ),
 ( 0.000000000000000000, 0.06154496601632405972, 0.1216942964020306384, 0.1811548554526336008, 0.2398753889119566163, 0.2987019424504290255, 0.3576474237092014952, 0.4176048428493669418, 0.4784940407282911035, 0.5404070506371330129, 0.6023449938728033803, 0.6650043279232340510, 0.7285593088233763837, 0.7936505420268857858, 0.8605342675902678540, 0.9292359605619640028, 1.000000000000000000 ),
 .UNSPECIFIED. ) ;
#1077 =( LENGTH_UNIT ( ) NAMED_UNIT ( * ) SI_UNIT ( .MILLI., .METRE. ) );
#1078 = CARTESIAN_POINT ( 'NONE',  ( -0.08400792119507191624, -0.05032668058903102398, 0.000000000000000000 ) ) ;
#1079 = ADVANCED_FACE ( 'NONE', ( #157 ), #204, .T. ) ;
#1080 = CARTESIAN_POINT ( 'NONE',  ( 1.050000000000000044, -0.1250000000000000555, 0.1499999999999999944 ) ) ;
#1081 = CARTESIAN_POINT ( 'NONE',  ( -0.1014222413064533868, -0.09474991807288055123, 0.000000000000000000 ) ) ;
#1082 = VERTEX_POINT ( 'NONE', #252 ) ;
#1083 = DIRECTION ( 'NONE',  ( -1.000000000000000000, 0.000000000000000000, 0.000000000000000000 ) ) ;
#1084 = CARTESIAN_POINT ( 'NONE',  ( 0.6700000000000012612, 0.1250000000000001388, 0.000000000000000000 ) ) ;
#1085 = CARTESIAN_POINT ( 'NONE',  ( 0.1727514943844890849, -0.08389758633954863543, 0.000000000000000000 ) ) ;
#1086 = VERTEX_POINT ( 'NONE', #5046 ) ;
#1087 = DIRECTION ( 'NONE',  ( 0.000000000000000000, 0.000000000000000000, -1.000000000000000000 ) ) ;
#1088 = VECTOR ( 'NONE', #5459, 1000.000000000000000 ) ;
#1089 = CARTESIAN_POINT ( 'NONE',  ( 0.1255973793682930717, -0.04784607042431401197, 0.05000000000000000278 ) ) ;
#1090 = CARTESIAN_POINT ( 'NONE',  ( 0.1249999999999998612, -1.060000000000000275, -0.02000000000000000042 ) ) ;
#1091 = PLANE ( 'NONE',  #5429 ) ;
#1092 = EDGE_CURVE ( 'NONE', #2242, #1927, #951, .T. ) ;
#1093 = COLOUR_RGB ( '',0.5019607843137254832, 0.5019607843137254832, 0.000000000000000000 ) ;
#1094 = PRESENTATION_STYLE_ASSIGNMENT (( #2238 ) ) ;
#1095 = CARTESIAN_POINT ( 'NONE',  ( 0.1179282751507328836, -0.03726579944246213166, -0.000000000000000000 ) ) ;
#1096 = AXIS2_PLACEMENT_3D ( 'NONE', #2634, #4219, #4172 ) ;
#1097 = CARTESIAN_POINT ( 'NONE',  ( -0.07134741942369210443, -0.04342189586045200334, 0.05000000000000000278 ) ) ;
#1098 = CARTESIAN_POINT ( 'NONE',  ( -0.005000000000000042605, 0.6800000000000001599, 0.000000000000000000 ) ) ;
#1099 = CARTESIAN_POINT ( 'NONE',  ( -1.060000000000000719, -0.1249999999999997918, -0.02000000000000000042 ) ) ;
#1100 = ORIENTED_EDGE ( 'NONE', *, *, #828, .T. ) ;
#1101 = EDGE_CURVE ( 'NONE', #3945, #1251, #3355, .T. ) ;
#1102 = FACE_OUTER_BOUND ( 'NONE', #2619, .T. ) ;
#1103 = CARTESIAN_POINT ( 'NONE',  ( 0.1602030613455386610, -0.1248922484245545694, 0.000000000000000000 ) ) ;
#1104 = STYLED_ITEM ( 'NONE', ( #4270 ), #4703 ) ;
#1105 = DIRECTION ( 'NONE',  ( -1.000000000000000000, 0.000000000000000000, 0.000000000000000000 ) ) ;
#1106 = VERTEX_POINT ( 'NONE', #3965 ) ;
#1107 = CIRCLE ( 'NONE', #2958, 0.1312853616792236666 ) ;
#1108 = LINE ( 'NONE', #1349, #1436 ) ;
#1109 = CARTESIAN_POINT ( 'NONE',  ( 0.1691168806628255139, -0.06897961214725575885, 0.000000000000000000 ) ) ;
#1110 = ADVANCED_FACE ( 'NONE', ( #1622 ), #2873, .T. ) ;
#1111 = DIRECTION ( 'NONE',  ( 1.000000000000000000, -2.780005570475657679E-16, 0.000000000000000000 ) ) ;
#1112 = DIRECTION ( 'NONE',  ( -1.000000000000000000, 6.950013926189140747E-16, 0.000000000000000000 ) ) ;
#1113 = ORIENTED_EDGE ( 'NONE', *, *, #2280, .F. ) ;
#1114 = AXIS2_PLACEMENT_3D ( 'NONE', #6132, #2953, #5019 ) ;
#1115 = VECTOR ( 'NONE', #333, 1000.000000000000000 ) ;
#1116 = VECTOR ( 'NONE', #3795, 1000.000000000000000 ) ;
#1117 = EDGE_CURVE ( 'NONE', #217, #3102, #2356, .T. ) ;
#1118 = ORIENTED_EDGE ( 'NONE', *, *, #1832, .T. ) ;
#1119 = LINE ( 'NONE', #1541, #4805 ) ;
#1120 = CARTESIAN_POINT ( 'NONE',  ( -0.06616815556846633584, -0.1276819888390659519, 0.000000000000000000 ) ) ;
#1121 = CARTESIAN_POINT ( 'NONE',  ( 0.1658031985992161894, -0.1171669946935922496, -0.000000000000000000 ) ) ;
#1122 = LINE ( 'NONE', #1099, #6211 ) ;
#1123 = CARTESIAN_POINT ( 'NONE',  ( -1.050000000000000044, -0.8749999999999998890, 0.7500000000000000000 ) ) ;
#1124 = B_SPLINE_CURVE_WITH_KNOTS ( 'NONE', 3,
 ( #209, #686, #3922, #2744, #1739, #3319, #4962, #117, #4399, #155, #712, #2269, #5516, #5993, #6535, #4420, #1243, #1787, #5497 ),
 .UNSPECIFIED., .F., .F.,
 ( 4, 1, 1, 1, 1, 1, 1, 1, 1, 1, 1, 1, 1, 1, 1, 1, 4 ),
 ( 0.000000000000000000, 0.06854753670890291473, 0.1356829456230481956, 0.2012149895263285748, 0.2656822347546964336, 0.3292668348172592130, 0.3923954278443285149, 0.4550697616521436339, 0.5171268500645062050, 0.5787900352866527376, 0.6397398633435417148, 0.7001915036663086678, 0.7598062425966702893, 0.8196283192750081215, 0.8793547910462764516, 0.9395116077646616937, 1.000000000000000000 ),
 .UNSPECIFIED. ) ;
#1125 = DIRECTION ( 'NONE',  ( 1.000000000000000000, 0.000000000000000000, -0.000000000000000000 ) ) ;
#1126 = CARTESIAN_POINT ( 'NONE',  ( -0.1014756245518972505, -0.09107814586045200056, 0.000000000000000000 ) ) ;
#1127 = ORIENTED_EDGE ( 'NONE', *, *, #3728, .F. ) ;
#1128 = EDGE_LOOP ( 'NONE', ( #495, #2764, #3600, #6536 ) ) ;
#1129 = CARTESIAN_POINT ( 'NONE',  ( -0.6700000000000002620, -0.2449999999999997735, 0.1499999999999999944 ) ) ;
#1130 = CARTESIAN_POINT ( 'NONE',  ( 1.050000000000000266, -1.050000000000000044, 0.7500000000000000000 ) ) ;
#1131 = DIRECTION ( 'NONE',  ( 0.000000000000000000, -1.000000000000000000, 0.000000000000000000 ) ) ;
#1132 = UNCERTAINTY_MEASURE_WITH_UNIT (LENGTH_MEASURE( 1.000000000000000082E-05 ), #2299, 'distance_accuracy_value', 'NONE');
#1133 = VERTEX_POINT ( 'NONE', #1301 ) ;
#1134 = CARTESIAN_POINT ( 'NONE',  ( 0.6700000000000002620, -0.2549999999999998934, -0.02000000000000000042 ) ) ;
#1135 = ORIENTED_EDGE ( 'NONE', *, *, #261, .T. ) ;
#1136 = LINE ( 'NONE', #2407, #2602 ) ;
#1137 = CARTESIAN_POINT ( 'NONE',  ( 0.09998581646865987993, -0.05135543916531087882, 0.05000000000000000278 ) ) ;
#1139 = ORIENTED_EDGE ( 'NONE', *, *, #4048, .F. ) ;
#1138 = FACE_OUTER_BOUND ( 'NONE', #4031, .T. ) ;
#1140 = DIRECTION ( 'NONE',  ( -1.000000000000000000, 0.000000000000000000, -0.000000000000000000 ) ) ;
#1141 = DIRECTION ( 'NONE',  ( 1.000000000000000000, -6.419618126558907003E-16, 0.000000000000000000 ) ) ;
#1142 = DIRECTION ( 'NONE',  ( -0.000000000000000000, -0.000000000000000000, -1.000000000000000000 ) ) ;
#1143 = EDGE_LOOP ( 'NONE', ( #3356, #1225, #3645, #6574 ) ) ;
#1144 = EDGE_CURVE ( 'NONE', #402, #23, #1108, .T. ) ;
#1145 = CARTESIAN_POINT ( 'NONE',  ( -0.02839870147497414524, -0.1295597163732725154, 0.05000000000000000278 ) ) ;
#1146 = CARTESIAN_POINT ( 'NONE',  ( 0.1189570677557950790, -0.1423802291937853459, 0.000000000000000000 ) ) ;
#1147 = DIRECTION ( 'NONE',  ( -6.419618126558907003E-16, -1.000000000000000000, 0.000000000000000000 ) ) ;
#1148 = DIRECTION ( 'NONE',  ( -0.000000000000000000, 0.000000000000000000, 1.000000000000000000 ) ) ;
#1149 = STYLED_ITEM ( 'NONE', ( #4998 ), #6038 ) ;
#1150 = PRESENTATION_LAYER_ASSIGNMENT (  '', '', ( #6635 ) ) ;
#1151 = CARTESIAN_POINT ( 'NONE',  ( -0.06995120348784045206, -0.1377420005377557877, 0.000000000000000000 ) ) ;
#1152 = VERTEX_POINT ( 'NONE', #5636 ) ;
#1153 = CARTESIAN_POINT ( 'NONE',  ( -0.09704239434606246051, -0.06767330696669132672, 0.05000000000000000278 ) ) ;
#1154 = DIRECTION ( 'NONE',  ( 0.000000000000000000, 0.000000000000000000, -1.000000000000000000 ) ) ;
#1155 = STYLED_ITEM ( 'NONE', ( #5210 ), #793 ) ;
#1156 = ORIENTED_EDGE ( 'NONE', *, *, #4499, .T. ) ;
#1157 = CARTESIAN_POINT ( 'NONE',  ( 0.09473010847288794445, -0.05409060270983855057, 0.05000000000000000278 ) ) ;
#1158 = EDGE_CURVE ( 'NONE', #1494, #5205, #5937, .T. ) ;
#1159 = CARTESIAN_POINT ( 'NONE',  ( -0.001475624551897254926, -0.1398161266296827909, 0.000000000000000000 ) ) ;
#1160 = CARTESIAN_POINT ( 'NONE',  ( 0.04596027288400020283, -0.08084176765532379016, 0.05000000000000000278 ) ) ;
#1161 = VERTEX_POINT ( 'NONE', #1844 ) ;
#1162 = CARTESIAN_POINT ( 'NONE',  ( 0.09968458041455462160, -0.04032973606916579606, -0.000000000000000000 ) ) ;
#1163 = PLANE ( 'NONE',  #3849 ) ;
#1164 = CARTESIAN_POINT ( 'NONE',  ( -0.5500000000000002665, -0.2549999999999990608, 0.1499999999999999944 ) ) ;
#1165 = B_SPLINE_CURVE_WITH_KNOTS ( 'NONE', 3,
 ( #3866, #2283, #1726, #6078, #3383, #4464, #4411, #1799, #722, #1268, #6496 ),
 .UNSPECIFIED., .F., .F.,
 ( 4, 1, 1, 1, 1, 1, 1, 1, 4 ),
 ( 0.000000000000000000, 0.1642892164747606909, 0.3174059112304910002, 0.4588436116410199439, 0.5893665423053090491, 0.7078313187781720695, 0.8157700306990054440, 0.9128799029021265055, 1.000000000000000000 ),
 .UNSPECIFIED. ) ;
#1166 = DIRECTION ( 'NONE',  ( 0.000000000000000000, -0.000000000000000000, 1.000000000000000000 ) ) ;
#1167 = CARTESIAN_POINT ( 'NONE',  ( -0.07479216032630010835, -0.04473453013830328701, 0.000000000000000000 ) ) ;
#1168 = ORIENTED_EDGE ( 'NONE', *, *, #1832, .F. ) ;
#1169 = CARTESIAN_POINT ( 'NONE',  ( 0.08330001647374379870, -0.1154571522707084213, 0.05000000000000000278 ) ) ;
#1170 = ORIENTED_EDGE ( 'NONE', *, *, #4864, .F. ) ;
#1171 = VECTOR ( 'NONE', #3803, 1000.000000000000000 ) ;
#1172 = CARTESIAN_POINT ( 'NONE',  ( 0.1494502285417198817, -0.04561250950715657615, 0.05000000000000000278 ) ) ;
#1173 = EDGE_CURVE ( 'NONE', #4286, #577, #5595, .T. ) ;
#1174 = CARTESIAN_POINT ( 'NONE',  ( -0.1014151543187279958, -0.08684992951860663613, 0.05000000000000000278 ) ) ;
#1175 = LINE ( 'NONE', #551, #836 ) ;
#1176 = ORIENTED_EDGE ( 'NONE', *, *, #2265, .F. ) ;
#1177 = UNCERTAINTY_MEASURE_WITH_UNIT (LENGTH_MEASURE( 1.000000000000000082E-05 ), #3635, 'distance_accuracy_value', 'NONE');
#1178 = CARTESIAN_POINT ( 'NONE',  ( 0.1039757549909560708, -0.04979126330781900173, 0.000000000000000000 ) ) ;
#1179 = LINE ( 'NONE', #74, #2406 ) ;
#1180 = CARTESIAN_POINT ( 'NONE',  ( -1.060000000000000719, 0.3750000000000002220, 0.1499999999999999944 ) ) ;
#1181 = ADVANCED_FACE ( 'NONE', ( #267 ), #5613, .T. ) ;
#1182 = CARTESIAN_POINT ( 'NONE',  ( -0.06717280296758566804, -0.05320922662181846313, 0.05000000000000000278 ) ) ;
#1183 = EDGE_CURVE ( 'NONE', #3897, #2116, #6200, .T. ) ;
#1184 = LINE ( 'NONE', #6788, #3328 ) ;
#1185 = FACE_OUTER_BOUND ( 'NONE', #4950, .T. ) ;
#1186 = AXIS2_PLACEMENT_3D ( 'NONE', #6568, #719, #2773 ) ;
#1187 = PRESENTATION_STYLE_ASSIGNMENT (( #3308 ) ) ;
#1188 = ORIENTED_EDGE ( 'NONE', *, *, #3160, .T. ) ;
#1189 = CARTESIAN_POINT ( 'NONE',  ( -0.001475624551897254926, -0.05007253688609302616, 0.05000000000000000278 ) ) ;
#1190 = AXIS2_PLACEMENT_3D ( 'NONE', #4561, #3452, #811 ) ;
#1191 = CARTESIAN_POINT ( 'NONE',  ( -0.09952374348699374873, -0.07489023142529731281, 0.05000000000000000278 ) ) ;
#1192 = CARTESIAN_POINT ( 'NONE',  ( 0.1090189927530470226, -0.1416573873663204697, 0.000000000000000000 ) ) ;
#1193 = VECTOR ( 'NONE', #4955, 1000.000000000000000 ) ;
#1194 = SURFACE_STYLE_FILL_AREA ( #3063 ) ;
#1195 = CARTESIAN_POINT ( 'NONE',  ( -0.09794462706407400243, -0.1115876503364740119, 0.05000000000000000278 ) ) ;
#1196 = EDGE_CURVE ( 'NONE', #273, #4645, #5200, .T. ) ;
#1197 = VECTOR ( 'NONE', #5876, 1000.000000000000000 ) ;
#1198 = ORIENTED_EDGE ( 'NONE', *, *, #4971, .F. ) ;
#1199 = CARTESIAN_POINT ( 'NONE',  ( -0.5500000000000002665, -0.7450000000000006617, 0.000000000000000000 ) ) ;
#1200 = FACE_OUTER_BOUND ( 'NONE', #4024, .T. ) ;
#1201 = LINE ( 'NONE', #6757, #4269 ) ;
#1202 = MECHANICAL_DESIGN_GEOMETRIC_PRESENTATION_REPRESENTATION (  '', ( #6104 ), #6467 ) ;
#1203 = PLANE ( 'NONE',  #1676 ) ;
#1204 = AXIS2_PLACEMENT_3D ( 'NONE', #562, #1166, #5897 ) ;
#1205 = ORIENTED_EDGE ( 'NONE', *, *, #3593, .F. ) ;
#1206 = DIRECTION ( 'NONE',  ( 0.000000000000000000, -0.000000000000000000, -1.000000000000000000 ) ) ;
#1207 = LINE ( 'NONE', #2266, #2748 ) ;
#1208 = CIRCLE ( 'NONE', #5045, 0.1199999999999999956 ) ;
#1209 = ORIENTED_EDGE ( 'NONE', *, *, #2985, .F. ) ;
#1210 = VERTEX_POINT ( 'NONE', #2515 ) ;
#1211 = CARTESIAN_POINT ( 'NONE',  ( -0.09245779000799717040, -0.08759103767588428957, 0.05000000000000000278 ) ) ;
#1212 = PRESENTATION_LAYER_ASSIGNMENT (  '', '', ( #1698 ) ) ;
#1213 = VERTEX_POINT ( 'NONE', #3586 ) ;
#1214 = FACE_OUTER_BOUND ( 'NONE', #971, .T. ) ;
#1215 = VERTEX_POINT ( 'NONE', #5162 ) ;
#1216 = EDGE_CURVE ( 'NONE', #1547, #2362, #769, .T. ) ;
#1217 = VERTEX_POINT ( 'NONE', #927 ) ;
#1218 = CARTESIAN_POINT ( 'NONE',  ( -0.1799011053211280187, -0.09750843432199045313, 0.000000000000000000 ) ) ;
#1219 = VERTEX_POINT ( 'NONE', #411 ) ;
#1220 = CARTESIAN_POINT ( 'NONE',  ( 0.1190772600634873862, -0.03725202406558020263, 0.000000000000000000 ) ) ;
#1221 = DIRECTION ( 'NONE',  ( 6.419618126558907003E-16, 1.000000000000000000, 0.000000000000000000 ) ) ;
#1222 = CARTESIAN_POINT ( 'NONE',  ( 0.1190171639096412465, -0.1321238189373750704, 0.05000000000000000278 ) ) ;
#1223 = ORIENTED_EDGE ( 'NONE', *, *, #5078, .T. ) ;
#1224 = DIRECTION ( 'NONE',  ( 0.000000000000000000, 0.000000000000000000, -1.000000000000000000 ) ) ;
#1225 = ORIENTED_EDGE ( 'NONE', *, *, #4255, .T. ) ;
#1226 = CARTESIAN_POINT ( 'NONE',  ( 0.1178187131962366019, -0.04755442763799973271, 0.05000000000000000278 ) ) ;
#1227 = CARTESIAN_POINT ( 'NONE',  ( 0.1142416389211797223, -0.04764485167969017415, 0.05000000000000000278 ) ) ;
#1228 = FILL_AREA_STYLE_COLOUR ( '', #5181 ) ;
#1229 = VERTEX_POINT ( 'NONE', #4656 ) ;
#1230 = ORIENTED_EDGE ( 'NONE', *, *, #820, .T. ) ;
#1231 = EDGE_CURVE ( 'NONE', #3782, #310, #6277, .T. ) ;
#1232 = CARTESIAN_POINT ( 'NONE',  ( 1.050000000000000044, 1.050000000000000044, 0.1499999999999999667 ) ) ;
#1233 = CARTESIAN_POINT ( 'NONE',  ( -0.08111594562727141022, -0.04824222736923541172, 0.000000000000000000 ) ) ;
#1234 = CARTESIAN_POINT ( 'NONE',  ( 0.09114851912365873332, -0.04417150003088989030, 0.05000000000000000278 ) ) ;
#1235 = PRESENTATION_STYLE_ASSIGNMENT (( #6103 ) ) ;
#1236 = PLANE ( 'NONE',  #119 ) ;
#1237 = CARTESIAN_POINT ( 'NONE',  ( -0.09518218778597489771, -0.1175236870576477216, 0.05000000000000000278 ) ) ;
#1238 = DIRECTION ( 'NONE',  ( -1.000000000000000000, 0.000000000000000000, 0.000000000000000000 ) ) ;
#1239 = VECTOR ( 'NONE', #4923, 1000.000000000000000 ) ;
#1240 = MECHANICAL_DESIGN_GEOMETRIC_PRESENTATION_REPRESENTATION (  '', ( #1001 ), #1947 ) ;
#1241 = CARTESIAN_POINT ( 'NONE',  ( -0.6700000000000003730, 0.2550000000000002265, 0.1499999999999999944 ) ) ;
#1242 = CARTESIAN_POINT ( 'NONE',  ( -0.5500000000000003775, 0.2549999999999993938, 0.000000000000000000 ) ) ;
#1243 = CARTESIAN_POINT ( 'NONE',  ( 0.07728141073999196531, -0.05574591671336966148, 0.05000000000000000278 ) ) ;
#1244 = CARTESIAN_POINT ( 'NONE',  ( -0.005000000000000028727, 0.5600000000000001643, 0.1499999999999999944 ) ) ;
#1245 = AXIS2_PLACEMENT_3D ( 'NONE', #4132, #3547, #2450 ) ;
#1246 = DIRECTION ( 'NONE',  ( 1.000000000000000000, 0.000000000000000000, -0.000000000000000000 ) ) ;
#1247 = ORIENTED_EDGE ( 'NONE', *, *, #321, .F. ) ;
#1248 = EDGE_CURVE ( 'NONE', #6762, #6821, #2901, .T. ) ;
#1249 = CARTESIAN_POINT ( 'NONE',  ( 0.1844218113455386721, -0.1398161266296827909, 0.05000000000000000278 ) ) ;
#1250 = UNCERTAINTY_MEASURE_WITH_UNIT (LENGTH_MEASURE( 1.000000000000000082E-05 ), #5069, 'distance_accuracy_value', 'NONE');
#1251 = VERTEX_POINT ( 'NONE', #4104 ) ;
#1252 = PRESENTATION_STYLE_ASSIGNMENT (( #5582 ) ) ;
#1253 = CARTESIAN_POINT ( 'NONE',  ( 0.1196381574993848201, -0.04750843432199046423, 0.05000000000000000278 ) ) ;
#1254 = DIRECTION ( 'NONE',  ( 0.000000000000000000, -1.000000000000000000, 0.000000000000000000 ) ) ;
#1255 = CARTESIAN_POINT ( 'NONE',  ( 0.1179282751507328836, -0.03726579944246213166, 0.05000000000000000278 ) ) ;
#1256 = CARTESIAN_POINT ( 'NONE',  ( 0.6700000000000011502, -0.6249999999999997780, 0.000000000000000000 ) ) ;
#1257 = DIRECTION ( 'NONE',  ( 0.000000000000000000, 0.000000000000000000, -1.000000000000000000 ) ) ;
#1258 = SURFACE_STYLE_FILL_AREA ( #576 ) ;
#1259 = EDGE_CURVE ( 'NONE', #1948, #1627, #178, .T. ) ;
#1260 = FILL_AREA_STYLE_COLOUR ( '', #5538 ) ;
#1261 = ORIENTED_EDGE ( 'NONE', *, *, #1216, .T. ) ;
#1262 = EDGE_LOOP ( 'NONE', ( #462, #1054, #1453, #4732 ) ) ;
#1263 = EDGE_CURVE ( 'NONE', #2951, #4029, #3584, .T. ) ;
#1264 = LINE ( 'NONE', #3699, #4789 ) ;
#1265 = LINE ( 'NONE', #963, #6784 ) ;
#1266 = VECTOR ( 'NONE', #3270, 1000.000000000000000 ) ;
#1267 = AXIS2_PLACEMENT_3D ( 'NONE', #2219, #29, #3304 ) ;
#1268 = CARTESIAN_POINT ( 'NONE',  ( -0.07046285665331823711, -0.04312944247666569003, -0.000000000000000000 ) ) ;
#1269 = AXIS2_PLACEMENT_3D ( 'NONE', #1303, #6068, #729 ) ;
#1270 = CARTESIAN_POINT ( 'NONE',  ( -0.06846280403907673007, -0.1270156458604519978, 0.000000000000000000 ) ) ;
#1271 = VECTOR ( 'NONE', #3680, 1000.000000000000000 ) ;
#1272 = CARTESIAN_POINT ( 'NONE',  ( 0.1250000000000004163, 1.050000000000000044, 0.000000000000000000 ) ) ;
#1273 = PLANE ( 'NONE',  #4823 ) ;
#1274 = VECTOR ( 'NONE', #4058, 1000.000000000000000 ) ;
#1275 = ADVANCED_FACE ( 'NONE', ( #4607 ), #6296, .T. ) ;
#1276 = EDGE_CURVE ( 'NONE', #6774, #2576, #4784, .T. ) ;
#1277 = ORIENTED_EDGE ( 'NONE', *, *, #2841, .T. ) ;
#1278 = DIRECTION ( 'NONE',  ( -1.000000000000000000, 0.000000000000000000, 0.000000000000000000 ) ) ;
#1279 = EDGE_LOOP ( 'NONE', ( #1127, #795, #2561, #2855 ) ) ;
#1280 = LINE ( 'NONE', #5491, #6623 ) ;
#1281 =( NAMED_UNIT ( * ) PLANE_ANGLE_UNIT ( ) SI_UNIT ( $, .RADIAN. ) );
#1282 = CARTESIAN_POINT ( 'NONE',  ( 0.1728833498070771468, -0.08923519714250328916, 0.05000000000000000278 ) ) ;
#1283 = ORIENTED_EDGE ( 'NONE', *, *, #261, .F. ) ;
#1284 = AXIS2_PLACEMENT_3D ( 'NONE', #6933, #4817, #6485 ) ;
#1285 =( LENGTH_UNIT ( ) NAMED_UNIT ( * ) SI_UNIT ( .MILLI., .METRE. ) );
#1286 = EDGE_CURVE ( 'NONE', #4551, #161, #3334, .T. ) ;
#1287 = ORIENTED_EDGE ( 'NONE', *, *, #3182, .T. ) ;
#1288 = SURFACE_STYLE_FILL_AREA ( #2350 ) ;
#1289 = DIRECTION ( 'NONE',  ( 0.000000000000000000, -0.000000000000000000, 1.000000000000000000 ) ) ;
#1290 = ORIENTED_EDGE ( 'NONE', *, *, #1448, .F. ) ;
#1291 = DIRECTION ( 'NONE',  ( 1.000000000000000000, 0.000000000000000000, 0.000000000000000000 ) ) ;
#1292 =( NAMED_UNIT ( * ) SI_UNIT ( $, .STERADIAN. ) SOLID_ANGLE_UNIT ( ) );
#1293 = MECHANICAL_DESIGN_GEOMETRIC_PRESENTATION_REPRESENTATION (  '', ( #5148 ), #3777 ) ;
#1294 = VECTOR ( 'NONE', #4473, 1000.000000000000000 ) ;
#1295 = CARTESIAN_POINT ( 'NONE',  ( 0.1492771205871513684, -0.05795485782861892893, 0.05000000000000000278 ) ) ;
#1296 = ORIENTED_EDGE ( 'NONE', *, *, #4472, .T. ) ;
#1297 = DIRECTION ( 'NONE',  ( -1.000000000000000000, 0.000000000000000000, 0.000000000000000000 ) ) ;
#1298 = CARTESIAN_POINT ( 'NONE',  ( 0.1058252334740252820, -0.03860551836098963241, 0.000000000000000000 ) ) ;
#1299 = CARTESIAN_POINT ( 'NONE',  ( -0.001475624551897254926, -0.03981612662968277150, 0.05000000000000000278 ) ) ;
#1300 = CARTESIAN_POINT ( 'NONE',  ( -0.1250000000000001388, -1.050000000000000044, 0.000000000000000000 ) ) ;
#1301 = CARTESIAN_POINT ( 'NONE',  ( 0.1250000000000004163, 1.060000000000000275, -0.02000000000000000042 ) ) ;
#1302 = VERTEX_POINT ( 'NONE', #6809 ) ;
#1303 = CARTESIAN_POINT ( 'NONE',  ( 0.6700000000000003730, 0.7550000000000002265, -0.02000000000000000042 ) ) ;
#1304 = CARTESIAN_POINT ( 'NONE',  ( 0.2318577087814361337, -0.1398161266296827909, 0.05000000000000000278 ) ) ;
#1305 = EDGE_CURVE ( 'NONE', #2603, #3607, #1428, .T. ) ;
#1306 = SURFACE_STYLE_FILL_AREA ( #2835 ) ;
#1308 = ORIENTED_EDGE ( 'NONE', *, *, #2675, .F. ) ;
#1307 = LINE ( 'NONE', #247, #5074 ) ;
#1309 = CARTESIAN_POINT ( 'NONE',  ( -0.01942434250061519929, -0.03981612662968277150, 0.05000000000000000278 ) ) ;
#1310 = ADVANCED_FACE ( 'NONE', ( #169 ), #887, .T. ) ;
#1311 = EDGE_LOOP ( 'NONE', ( #5622, #3368, #6193, #6058, #2538, #3797 ) ) ;
#1312 = CARTESIAN_POINT ( 'NONE',  ( -0.07377603505237249892, -0.1249001146410561452, 0.05000000000000000278 ) ) ;
#1313 = MECHANICAL_DESIGN_GEOMETRIC_PRESENTATION_REPRESENTATION (  '', ( #5465 ), #6228 ) ;
#1314 = CARTESIAN_POINT ( 'NONE',  ( -0.03542995147497418618, -0.05007253688609302616, 0.000000000000000000 ) ) ;
#1315 = EDGE_CURVE ( 'NONE', #4175, #1161, #3249, .T. ) ;
#1316 = CARTESIAN_POINT ( 'NONE',  ( 0.1595953217287913450, -0.07082230871870208444, 1.355252715606880543E-17 ) ) ;
#1317 = CARTESIAN_POINT ( 'NONE',  ( 0.1237150933573553380, -0.1320361418181369428, 0.000000000000000000 ) ) ;
#1318 = CARTESIAN_POINT ( 'NONE',  ( -0.01942434250061519929, -0.03981612662968277150, 0.05000000000000000278 ) ) ;
#1319 = DIRECTION ( 'NONE',  ( -0.000000000000000000, -0.000000000000000000, -1.000000000000000000 ) ) ;
#1320 = CARTESIAN_POINT ( 'NONE',  ( 0.1541865784029992636, -0.1170172528112519011, 0.05000000000000000278 ) ) ;
#1321 = ORIENTED_EDGE ( 'NONE', *, *, #1755, .T. ) ;
#1322 = PLANE ( 'NONE',  #3716 ) ;
#1323 = MECHANICAL_DESIGN_GEOMETRIC_PRESENTATION_REPRESENTATION (  '', ( #618 ), #1687 ) ;
#1324 = MECHANICAL_DESIGN_GEOMETRIC_PRESENTATION_REPRESENTATION (  '', ( #4678 ), #5174 ) ;
#1325 = DIRECTION ( 'NONE',  ( -0.000000000000000000, 1.000000000000000000, 0.000000000000000000 ) ) ;
#1326 = CARTESIAN_POINT ( 'NONE',  ( -0.09250126557753829415, -0.09105811380916994935, 0.000000000000000000 ) ) ;
#1327 = ORIENTED_EDGE ( 'NONE', *, *, #1407, .F. ) ;
#1328 = FILL_AREA_STYLE ('',( #254 ) ) ;
#1329 = VERTEX_POINT ( 'NONE', #5224 ) ;
#1330 = DIRECTION ( 'NONE',  ( -1.000000000000000000, 0.000000000000000000, 0.000000000000000000 ) ) ;
#1331 = VECTOR ( 'NONE', #1386, 1000.000000000000000 ) ;
#1332 = AXIS2_PLACEMENT_3D ( 'NONE', #173, #1711, #5452 ) ;
#1333 = CARTESIAN_POINT ( 'NONE',  ( 0.5500000000000003775, 0.7450000000000009948, 0.000000000000000000 ) ) ;
#1334 = UNCERTAINTY_MEASURE_WITH_UNIT (LENGTH_MEASURE( 1.000000000000000082E-05 ), #4256, 'distance_accuracy_value', 'NONE');
#1335 = EDGE_LOOP ( 'NONE', ( #5527, #3925, #5671, #4666 ) ) ;
#1336 = EDGE_CURVE ( 'NONE', #186, #3415, #1184, .T. ) ;
#1337 = CARTESIAN_POINT ( 'NONE',  ( -0.09164172513398438635, -0.1006150309899053602, 0.05000000000000000278 ) ) ;
#1338 = PLANE ( 'NONE',  #5548 ) ;
#1339 = VECTOR ( 'NONE', #4316, 1000.000000000000000 ) ;
#1340 = VECTOR ( 'NONE', #5107, 1000.000000000000000 ) ;
#1341 = ORIENTED_EDGE ( 'NONE', *, *, #799, .F. ) ;
#1342 = CARTESIAN_POINT ( 'NONE',  ( 0.1492771205871513684, -0.05795485782861892893, 1.355252715606880543E-17 ) ) ;
#1343 = CARTESIAN_POINT ( 'NONE',  ( 0.1326261447191826592, -0.1304988188454261899, 0.000000000000000000 ) ) ;
#1344 =( NAMED_UNIT ( * ) SI_UNIT ( $, .STERADIAN. ) SOLID_ANGLE_UNIT ( ) );
#1345 = CARTESIAN_POINT ( 'NONE',  ( 0.1708139346226825450, -0.07372829056405234838, 0.000000000000000000 ) ) ;
#1346 = VECTOR ( 'NONE', #5108, 1000.000000000000000 ) ;
#1347 = CARTESIAN_POINT ( 'NONE',  ( 0.07734026337536677176, -0.1238489188785477924, 0.000000000000000000 ) ) ;
#1348 = CARTESIAN_POINT ( 'NONE',  ( 0.1590110683706998096, -0.1101985265850241591, -6.776263578034402713E-18 ) ) ;
#1349 = CARTESIAN_POINT ( 'NONE',  ( -0.5500000000000002665, 0.000000000000000000, 0.000000000000000000 ) ) ;
#1350 = ORIENTED_EDGE ( 'NONE', *, *, #465, .F. ) ;
#1351 = FACE_OUTER_BOUND ( 'NONE', #3376, .T. ) ;
#1352 = DIRECTION ( 'NONE',  ( 0.000000000000000000, -0.000000000000000000, 1.000000000000000000 ) ) ;
#1353 = CARTESIAN_POINT ( 'NONE',  ( -0.1249999999999997641, -4.458068143443676653E-17, 0.000000000000000000 ) ) ;
#1354 = PLANE ( 'NONE',  #2595 ) ;
#1355 = CIRCLE ( 'NONE', #1962, 0.1199999999999999956 ) ;
#1356 = CARTESIAN_POINT ( 'NONE',  ( 0.1221593351030649532, -0.1423579420397377560, 0.000000000000000000 ) ) ;
#1357 = ORIENTED_EDGE ( 'NONE', *, *, #3397, .F. ) ;
#1358 = CARTESIAN_POINT ( 'NONE',  ( -0.7589828794336488382, 0.7285559488550196194, 0.7299999999999999822 ) ) ;
#1359 = EDGE_CURVE ( 'NONE', #3102, #4286, #2893, .T. ) ;
#1360 = VECTOR ( 'NONE', #6892, 1000.000000000000000 ) ;
#1361 = LINE ( 'NONE', #2641, #6196 ) ;
#1362 = AXIS2_PLACEMENT_3D ( 'NONE', #5030, #1835, #2413 ) ;
#1363 = EDGE_LOOP ( 'NONE', ( #5418, #4214, #748, #3589 ) ) ;
#1364 = CARTESIAN_POINT ( 'NONE',  ( 0.1638974666557175275, -0.08893393387022095753, 1.355252715606880543E-17 ) ) ;
#1365 = MECHANICAL_DESIGN_GEOMETRIC_PRESENTATION_REPRESENTATION (  '', ( #2230 ), #5215 ) ;
#1366 = EDGE_LOOP ( 'NONE', ( #4273, #689, #4508, #3629 ) ) ;
#1367 = CARTESIAN_POINT ( 'NONE',  ( -1.050000000000000266, 0.3750000000000002220, 0.000000000000000000 ) ) ;
#1368 = CARTESIAN_POINT ( 'NONE',  ( 0.1494502285417198817, -0.04561250950715657615, -0.000000000000000000 ) ) ;
#1369 = ORIENTED_EDGE ( 'NONE', *, *, #5461, .F. ) ;
#1370 = CARTESIAN_POINT ( 'NONE',  ( 1.328679132947921371E-16, 0.6250000000000000000, 0.000000000000000000 ) ) ;
#1371 = VECTOR ( 'NONE', #133, 1000.000000000000000 ) ;
#1372 = CARTESIAN_POINT ( 'NONE',  ( 0.1541865784029992636, -0.1170172528112519011, -6.776263578034402713E-18 ) ) ;
#1373 = ORIENTED_EDGE ( 'NONE', *, *, #5307, .T. ) ;
#1374 = ORIENTED_EDGE ( 'NONE', *, *, #1966, .F. ) ;
#1375 = DIRECTION ( 'NONE',  ( 0.000000000000000000, -1.000000000000000000, 0.000000000000000000 ) ) ;
#1376 = ORIENTED_EDGE ( 'NONE', *, *, #5862, .F. ) ;
#1377 = STYLED_ITEM ( 'NONE', ( #2165 ), #356 ) ;
#1378 = DIRECTION ( 'NONE',  ( 1.000000000000000000, 0.000000000000000000, -0.000000000000000000 ) ) ;
#1379 =( LENGTH_UNIT ( ) NAMED_UNIT ( * ) SI_UNIT ( .MILLI., .METRE. ) );
#1380 = DIRECTION ( 'NONE',  ( -0.4285960263555441130, 0.9034962347415942396, 0.000000000000000000 ) ) ;
#1381 = ORIENTED_EDGE ( 'NONE', *, *, #6749, .T. ) ;
#1382 = EDGE_CURVE ( 'NONE', #5764, #1674, #4948, .T. ) ;
#1384 = ORIENTED_EDGE ( 'NONE', *, *, #3995, .F. ) ;
#1383 = VECTOR ( 'NONE', #1503, 1000.000000000000000 ) ;
#1385 = CARTESIAN_POINT ( 'NONE',  ( 0.1473363802469753181, -0.1355733841299265052, 0.05000000000000000278 ) ) ;
#1386 = DIRECTION ( 'NONE',  ( -1.000000000000000000, 2.085004177856742520E-16, -0.000000000000000000 ) ) ;
#1387 = CARTESIAN_POINT ( 'NONE',  ( 1.050000000000000266, -0.3750000000000000555, 0.000000000000000000 ) ) ;
#1388 = ORIENTED_EDGE ( 'NONE', *, *, #2943, .F. ) ;
#1389 = CARTESIAN_POINT ( 'NONE',  ( 0.1341404501079861977, -0.04970347477704301076, 1.355252715606880543E-17 ) ) ;
#1390 = DIRECTION ( 'NONE',  ( 0.7970624896273541538, 0.6038968352533765627, 0.000000000000000000 ) ) ;
#1391 = CARTESIAN_POINT ( 'NONE',  ( 0.1246728638525332472, -0.03738883966318837931, 0.000000000000000000 ) ) ;
#1392 = PLANE ( 'NONE',  #6923 ) ;
#1393 = SURFACE_SIDE_STYLE ('',( #3187 ) ) ;
#1394 = CARTESIAN_POINT ( 'NONE',  ( -0.6700000000000002620, -0.2449999999999997735, 0.000000000000000000 ) ) ;
#1395 = LINE ( 'NONE', #3521, #6916 ) ;
#1396 = SURFACE_STYLE_USAGE ( .BOTH. , #1936 ) ;
#1397 = SURFACE_SIDE_STYLE ('',( #4441 ) ) ;
#1398 = CARTESIAN_POINT ( 'NONE',  ( -0.07956377458234004107, -0.06002021015700825107, 0.05000000000000000278 ) ) ;
#1399 = EDGE_CURVE ( 'NONE', #4105, #227, #3074, .T. ) ;
#1400 = CARTESIAN_POINT ( 'NONE',  ( 0.1313211339110784970, -0.1412984553144542854, 0.000000000000000000 ) ) ;
#1401 =( GEOMETRIC_REPRESENTATION_CONTEXT ( 3 ) GLOBAL_UNCERTAINTY_ASSIGNED_CONTEXT ( ( #2387 ) ) GLOBAL_UNIT_ASSIGNED_CONTEXT ( ( #5907, #2686, #3235 ) ) REPRESENTATION_CONTEXT ( 'NONE', 'WORKASPACE' ) );
#1402 = CARTESIAN_POINT ( 'NONE',  ( -1.050000000000000266, 0.3750000000000002220, 0.1499999999999999944 ) ) ;
#1403 = DIRECTION ( 'NONE',  ( -0.000000000000000000, 0.000000000000000000, -1.000000000000000000 ) ) ;
#1404 = VERTEX_POINT ( 'NONE', #79 ) ;
#1405 = VERTEX_POINT ( 'NONE', #1675 ) ;
#1406 = CARTESIAN_POINT ( 'NONE',  ( -0.03715282280668399939, -0.05007770786682132214, -0.000000000000000000 ) ) ;
#1407 = EDGE_CURVE ( 'NONE', #6799, #3596, #2483, .T. ) ;
#1408 = CARTESIAN_POINT ( 'NONE',  ( -0.05475806948284626940, -0.1397799297826695375, 0.000000000000000000 ) ) ;
#1409 = FILL_AREA_STYLE_COLOUR ( '', #595 ) ;
#1410 = CARTESIAN_POINT ( 'NONE',  ( -1.050000000000000044, -0.8749999999999997780, 0.1499999999999999944 ) ) ;
#1411 = CARTESIAN_POINT ( 'NONE',  ( 0.09978448301753300997, -0.1393245899340383454, 0.05000000000000000278 ) ) ;
#1412 = SURFACE_SIDE_STYLE ('',( #864 ) ) ;
#1413 = AXIS2_PLACEMENT_3D ( 'NONE', #4333, #2235, #3880 ) ;
#1414 = ADVANCED_FACE ( 'NONE', ( #6683 ), #5368, .T. ) ;
#1415 = PRESENTATION_LAYER_ASSIGNMENT (  '', '', ( #6595 ) ) ;
#1416 = VERTEX_POINT ( 'NONE', #5425 ) ;
#1417 = DIRECTION ( 'NONE',  ( -2.065146995210484202E-16, 1.000000000000000000, 0.000000000000000000 ) ) ;
#1418 = COLOUR_RGB ( '',0.5019607843137254832, 0.5019607843137254832, 0.000000000000000000 ) ;
#1419 = CARTESIAN_POINT ( 'NONE',  ( -0.005000000000000028727, 0.5600000000000001643, -0.02000000000000000042 ) ) ;
#1420 = CARTESIAN_POINT ( 'NONE',  ( 0.1172713727955387863, -0.1320755680873491877, -0.000000000000000000 ) ) ;
#1421 = CYLINDRICAL_SURFACE ( 'NONE', #5959, 0.1312853616792236666 ) ;
#1422 = CARTESIAN_POINT ( 'NONE',  ( 0.6700000000000012612, 0.6250000000000001110, 0.1499999999999999944 ) ) ;
#1423 = VERTEX_POINT ( 'NONE', #4837 ) ;
#1424 = PRESENTATION_LAYER_ASSIGNMENT (  '', '', ( #6209 ) ) ;
#1425 = DIRECTION ( 'NONE',  ( -1.000000000000000000, 4.170008355713484547E-16, 0.000000000000000000 ) ) ;
#1426 = CARTESIAN_POINT ( 'NONE',  ( -0.04469881454967067347, -0.1295389941858412497, 0.000000000000000000 ) ) ;
#1427 = ORIENTED_EDGE ( 'NONE', *, *, #961, .T. ) ;
#1428 = LINE ( 'NONE', #5726, #2 ) ;
#1429 = VECTOR ( 'NONE', #4707, 1000.000000000000000 ) ;
#1430 = ORIENTED_EDGE ( 'NONE', *, *, #3312, .T. ) ;
#1431 = CARTESIAN_POINT ( 'NONE',  ( 0.08330001647374379870, -0.1154571522707084213, 0.05000000000000000278 ) ) ;
#1432 = CARTESIAN_POINT ( 'NONE',  ( 0.1027796423176473573, -0.1402710153492536249, 0.000000000000000000 ) ) ;
#1433 = PRESENTATION_STYLE_ASSIGNMENT (( #2771 ) ) ;
#1434 = PLANE ( 'NONE',  #2268 ) ;
#1435 = PLANE ( 'NONE',  #6734 ) ;
#1436 = VECTOR ( 'NONE', #4469, 1000.000000000000000 ) ;
#1437 = CARTESIAN_POINT ( 'NONE',  ( -0.001475624551897254926, -0.09109817791173405177, 0.05000000000000000278 ) ) ;
#1438 = EDGE_CURVE ( 'NONE', #5179, #5708, #4278, .T. ) ;
#1439 = FACE_OUTER_BOUND ( 'NONE', #3715, .T. ) ;
#1440 =( NAMED_UNIT ( * ) SI_UNIT ( $, .STERADIAN. ) SOLID_ANGLE_UNIT ( ) );
#1441 = CARTESIAN_POINT ( 'NONE',  ( 0.08450950860452127733, -0.1167848927117901836, 0.05000000000000000278 ) ) ;
#1442 = ORIENTED_EDGE ( 'NONE', *, *, #5967, .F. ) ;
#1443 = STYLED_ITEM ( 'NONE', ( #4265 ), #2960 ) ;
#1444 = VECTOR ( 'NONE', #3963, 1000.000000000000000 ) ;
#1445 = CARTESIAN_POINT ( 'NONE',  ( 0.1342104474838345385, -0.1407171884557718855, 0.05000000000000000278 ) ) ;
#1446 = DIRECTION ( 'NONE',  ( 1.000000000000000000, -5.560011140951313386E-16, -0.000000000000000000 ) ) ;
#1447 = CARTESIAN_POINT ( 'NONE',  ( -0.05342845437138087766, -0.1292238758819390099, 0.05000000000000000278 ) ) ;
#1448 = EDGE_CURVE ( 'NONE', #2259, #1219, #840, .T. ) ;
#1449 = ORIENTED_EDGE ( 'NONE', *, *, #6732, .T. ) ;
#1450 = VECTOR ( 'NONE', #6766, 1000.000000000000000 ) ;
#1451 = AXIS2_PLACEMENT_3D ( 'NONE', #4999, #2800, #4439 ) ;
#1452 = SURFACE_STYLE_USAGE ( .BOTH. , #6239 ) ;
#1453 = ORIENTED_EDGE ( 'NONE', *, *, #979, .F. ) ;
#1454 = MECHANICAL_DESIGN_GEOMETRIC_PRESENTATION_REPRESENTATION (  '', ( #150 ), #3947 ) ;
#1455 = CARTESIAN_POINT ( 'NONE',  ( 0.1039722727701101884, -0.1298715369588510637, 0.05000000000000000278 ) ) ;
#1456 =( NAMED_UNIT ( * ) SI_UNIT ( $, .STERADIAN. ) SOLID_ANGLE_UNIT ( ) );
#1457 =( LENGTH_UNIT ( ) NAMED_UNIT ( * ) SI_UNIT ( .MILLI., .METRE. ) );
#1458 = LINE ( 'NONE', #2325, #1633 ) ;
#1459 = UNCERTAINTY_MEASURE_WITH_UNIT (LENGTH_MEASURE( 1.000000000000000082E-05 ), #5747, 'distance_accuracy_value', 'NONE');
#1460 = FILL_AREA_STYLE_COLOUR ( '', #4259 ) ;
#1461 = FACE_OUTER_BOUND ( 'NONE', #6835, .T. ) ;
#1463 = ORIENTED_EDGE ( 'NONE', *, *, #1563, .F. ) ;
#1462 = SURFACE_STYLE_FILL_AREA ( #6876 ) ;
#1464 = ORIENTED_EDGE ( 'NONE', *, *, #2566, .T. ) ;
#1465 = CARTESIAN_POINT ( 'NONE',  ( 0.08676323183674479467, -0.06031903155924741439, -0.000000000000000000 ) ) ;
#1466 = CARTESIAN_POINT ( 'NONE',  ( 1.050000000000000044, 1.050000000000000044, 0.7500000000000000000 ) ) ;
#1467 = EDGE_CURVE ( 'NONE', #5444, #1720, #1748, .T. ) ;
#1469 = ORIENTED_EDGE ( 'NONE', *, *, #3357, .T. ) ;
#1468 = LINE ( 'NONE', #6383, #812 ) ;
#1470 = CARTESIAN_POINT ( 'NONE',  ( 0.2228833498070771357, -0.03981612662968277150, -0.000000000000000000 ) ) ;
#1471 = CARTESIAN_POINT ( 'NONE',  ( 0.1252992994348399447, -0.1421181658279960236, -0.000000000000000000 ) ) ;
#1472 = ORIENTED_EDGE ( 'NONE', *, *, #3446, .T. ) ;
#1473 = DIRECTION ( 'NONE',  ( -2.065146995210484448E-16, 1.000000000000000000, -0.000000000000000000 ) ) ;
#1474 = CARTESIAN_POINT ( 'NONE',  ( -0.06846280403907673007, -0.1270156458604519978, 0.000000000000000000 ) ) ;
#1476 = ORIENTED_EDGE ( 'NONE', *, *, #2000, .T. ) ;
#1475 = LINE ( 'NONE', #2341, #2168 ) ;
#1477 = ORIENTED_EDGE ( 'NONE', *, *, #3286, .T. ) ;
#1478 = ADVANCED_FACE ( 'NONE', ( #4505 ), #6533, .T. ) ;
#1479 = CARTESIAN_POINT ( 'NONE',  ( -0.05189009047596550295, -0.1398038267358412967, -0.000000000000000000 ) ) ;
#1480 = CARTESIAN_POINT ( 'NONE',  ( -0.04966904641828718409, -0.05044989798947618204, 0.05000000000000000278 ) ) ;
#1481 = DIRECTION ( 'NONE',  ( -1.000000000000000000, 0.000000000000000000, 0.000000000000000000 ) ) ;
#1482 = DIRECTION ( 'NONE',  ( 1.000000000000000000, -5.560011140951315358E-16, -0.000000000000000000 ) ) ;
#1483 = FILL_AREA_STYLE ('',( #4683 ) ) ;
#1484 = ADVANCED_FACE ( 'NONE', ( #711 ), #2260, .T. ) ;
#1485 = LINE ( 'NONE', #4773, #2702 ) ;
#1486 = CARTESIAN_POINT ( 'NONE',  ( 0.2318577087814361337, -0.03981612662968277150, 0.05000000000000000278 ) ) ;
#1487 = ORIENTED_EDGE ( 'NONE', *, *, #1509, .F. ) ;
#1488 = ORIENTED_EDGE ( 'NONE', *, *, #2040, .F. ) ;
#1489 =( LENGTH_UNIT ( ) NAMED_UNIT ( * ) SI_UNIT ( .MILLI., .METRE. ) );
#1490 = CARTESIAN_POINT ( 'NONE',  ( -0.06937561438413597514, -0.1266941727678024265, -0.000000000000000000 ) ) ;
#1491 = FACE_OUTER_BOUND ( 'NONE', #983, .T. ) ;
#1492 = EDGE_CURVE ( 'NONE', #4618, #2220, #98, .T. ) ;
#1493 = SURFACE_SIDE_STYLE ('',( #6622 ) ) ;
#1494 = VERTEX_POINT ( 'NONE', #1189 ) ;
#1495 = ORIENTED_EDGE ( 'NONE', *, *, #4991, .F. ) ;
#1496 = CARTESIAN_POINT ( 'NONE',  ( -0.05342845437138087766, -0.1292238758819390099, 0.05000000000000000278 ) ) ;
#1497 = VECTOR ( 'NONE', #108, 1000.000000000000000 ) ;
#1498 = LINE ( 'NONE', #5238, #3650 ) ;
#1499 = VERTEX_POINT ( 'NONE', #2821 ) ;
#1500 = CARTESIAN_POINT ( 'NONE',  ( -1.050000000000000266, 0.6250000000000002220, 0.1499999999999999944 ) ) ;
#1501 = CARTESIAN_POINT ( 'NONE',  ( 0.1423385656422750112, -0.1380393195995977818, 0.05000000000000000278 ) ) ;
#1502 = CARTESIAN_POINT ( 'NONE',  ( 0.1138352382549696618, -0.1319805988719335854, 0.05000000000000000278 ) ) ;
#1503 = DIRECTION ( 'NONE',  ( -1.000000000000000000, 2.085004177856742520E-16, -0.000000000000000000 ) ) ;
#1504 = CARTESIAN_POINT ( 'NONE',  ( 0.1638746044585538408, -0.08698509636695171687, 0.05000000000000000278 ) ) ;
#1505 = AXIS2_PLACEMENT_3D ( 'NONE', #3597, #3114, #980 ) ;
#1506 = VECTOR ( 'NONE', #6553, 1000.000000000000000 ) ;
#1507 = CARTESIAN_POINT ( 'NONE',  ( 0.1190772600634873862, -0.03725202406558020263, 0.000000000000000000 ) ) ;
#1508 = ORIENTED_EDGE ( 'NONE', *, *, #4717, .F. ) ;
#1509 = EDGE_CURVE ( 'NONE', #6085, #2882, #1165, .T. ) ;
#1510 = PRESENTATION_STYLE_ASSIGNMENT (( #388 ) ) ;
#1511 = DIRECTION ( 'NONE',  ( 0.000000000000000000, 0.000000000000000000, -1.000000000000000000 ) ) ;
#1512 = SURFACE_SIDE_STYLE ('',( #2517 ) ) ;
#1513 = ADVANCED_FACE ( 'NONE', ( #1935 ), #129, .T. ) ;
#1514 = COLOUR_RGB ( '',0.5019607843137254832, 0.5019607843137254832, 0.000000000000000000 ) ;
#1515 = VERTEX_POINT ( 'NONE', #6519 ) ;
#1516 = COLOUR_RGB ( '',0.5019607843137254832, 0.5019607843137254832, 0.000000000000000000 ) ;
#1517 = CARTESIAN_POINT ( 'NONE',  ( 1.050000000000000044, 1.050000000000000044, 0.7500000000000000000 ) ) ;
#1518 = DIRECTION ( 'NONE',  ( -0.4190581774617470057, -0.9079593845004517716, 0.000000000000000000 ) ) ;
#1519 = ORIENTED_EDGE ( 'NONE', *, *, #4178, .T. ) ;
#1520 = SURFACE_STYLE_FILL_AREA ( #5517 ) ;
#1521 = VECTOR ( 'NONE', #5036, 1000.000000000000000 ) ;
#1522 = CARTESIAN_POINT ( 'NONE',  ( -1.060000000000000497, -0.8749999999999997780, 0.1499999999999999944 ) ) ;
#1523 = CARTESIAN_POINT ( 'NONE',  ( -1.050000000000000266, 0.8750000000000002220, 0.000000000000000000 ) ) ;
#1524 = VERTEX_POINT ( 'NONE', #3842 ) ;
#1525 =( NAMED_UNIT ( * ) SI_UNIT ( $, .STERADIAN. ) SOLID_ANGLE_UNIT ( ) );
#1526 = CARTESIAN_POINT ( 'NONE',  ( 0.1728468928129534288, -0.09094654411738116451, 0.000000000000000000 ) ) ;
#1527 = DIRECTION ( 'NONE',  ( 0.000000000000000000, 0.000000000000000000, -1.000000000000000000 ) ) ;
#1528 = CARTESIAN_POINT ( 'NONE',  ( -0.1617320348083075288, -0.03981612662968277150, 0.05000000000000000278 ) ) ;
#1529 = DIRECTION ( 'NONE',  ( -0.000000000000000000, -0.000000000000000000, -1.000000000000000000 ) ) ;
#1530 = ORIENTED_EDGE ( 'NONE', *, *, #2684, .F. ) ;
#1531 = EDGE_CURVE ( 'NONE', #4847, #3277, #5113, .T. ) ;
#1532 = VERTEX_POINT ( 'NONE', #1218 ) ;
#1533 = CARTESIAN_POINT ( 'NONE',  ( -0.1250000000000000000, 0.6800000000000001599, 0.1499999999999999944 ) ) ;
#1534 = LINE ( 'NONE', #1820, #2594 ) ;
#1535 = CARTESIAN_POINT ( 'NONE',  ( 0.1470477500751176669, -0.05623002650176815026, -0.000000000000000000 ) ) ;
#1536 = FILL_AREA_STYLE_COLOUR ( '', #3345 ) ;
#1537 = CARTESIAN_POINT ( 'NONE',  ( -0.07377603505237249892, -0.1249001146410561452, 0.000000000000000000 ) ) ;
#1538 = STYLED_ITEM ( 'NONE', ( #6936 ), #5338 ) ;
#1539 = MECHANICAL_DESIGN_GEOMETRIC_PRESENTATION_REPRESENTATION (  '', ( #4390 ), #6417 ) ;
#1540 = ORIENTED_EDGE ( 'NONE', *, *, #6063, .T. ) ;
#1541 = CARTESIAN_POINT ( 'NONE',  ( 0.04596027288400020283, -0.08084176765532379016, 0.05000000000000000278 ) ) ;
#1542 = FACE_BOUND ( 'NONE', #6256, .T. ) ;
#1543 = CARTESIAN_POINT ( 'NONE',  ( 0.1638974666557175275, -0.08893393387022095753, -0.000000000000000000 ) ) ;
#1544 = EDGE_CURVE ( 'NONE', #627, #2439, #6364, .T. ) ;
#1546 = EDGE_LOOP ( 'NONE', ( #6146, #6945, #4974, #2870, #1350, #4802 ) ) ;
#1545 = CIRCLE ( 'NONE', #4442, 0.1199999999999999956 ) ;
#1547 = VERTEX_POINT ( 'NONE', #6004 ) ;
#1548 = AXIS2_PLACEMENT_3D ( 'NONE', #1608, #3734, #3174 ) ;
#1549 = SURFACE_SIDE_STYLE ('',( #5079 ) ) ;
#1550 = UNCERTAINTY_MEASURE_WITH_UNIT (LENGTH_MEASURE( 1.000000000000000082E-05 ), #1457, 'distance_accuracy_value', 'NONE');
#1551 = ADVANCED_FACE ( 'NONE', ( #2646 ), #6190, .F. ) ;
#1552 =( NAMED_UNIT ( * ) SI_UNIT ( $, .STERADIAN. ) SOLID_ANGLE_UNIT ( ) );
#1553 = AXIS2_PLACEMENT_3D ( 'NONE', #2695, #38, #2136 ) ;
#1554 = CARTESIAN_POINT ( 'NONE',  ( -0.7589828794336488382, 0.7285559488550196194, 0.7299999999999999822 ) ) ;
#1555 = CARTESIAN_POINT ( 'NONE',  ( 0.1313523655782929678, -0.04890425708911438907, 0.05000000000000000278 ) ) ;
#1556 = FILL_AREA_STYLE ('',( #5770 ) ) ;
#1557 = CARTESIAN_POINT ( 'NONE',  ( -0.1630140860903588063, -0.03981612662968277150, 0.05000000000000000278 ) ) ;
#1558 = ADVANCED_FACE ( 'NONE', ( #6019 ), #4200, .T. ) ;
#1559 = PRESENTATION_LAYER_ASSIGNMENT (  '', '', ( #5148 ) ) ;
#1560 = PRESENTATION_STYLE_ASSIGNMENT (( #3380 ) ) ;
#1561 = ORIENTED_EDGE ( 'NONE', *, *, #1183, .F. ) ;
#1562 = DIRECTION ( 'NONE',  ( -0.000000000000000000, 0.000000000000000000, 1.000000000000000000 ) ) ;
#1563 = EDGE_CURVE ( 'NONE', #4205, #1901, #2810, .T. ) ;
#1564 = DIRECTION ( 'NONE',  ( 0.7941277684358859501, -0.6077508431907271413, 0.000000000000000000 ) ) ;
#1565 = CARTESIAN_POINT ( 'NONE',  ( 0.08330001647374379870, -0.1154571522707084213, 0.05000000000000000278 ) ) ;
#1566 = CARTESIAN_POINT ( 'NONE',  ( -0.001475624551897254926, -0.08084176765532379016, 0.05000000000000000278 ) ) ;
#1567 = FILL_AREA_STYLE_COLOUR ( '', #5900 ) ;
#1568 = CARTESIAN_POINT ( 'NONE',  ( 0.1189570677557950790, -0.1423802291937853459, 0.05000000000000000278 ) ) ;
#1569 = CARTESIAN_POINT ( 'NONE',  ( 0.1728833498070771468, -0.08923519714250328916, 0.05000000000000000278 ) ) ;
#1570 = DIRECTION ( 'NONE',  ( 0.4283511191562785481, -0.9036123719369736351, 0.000000000000000000 ) ) ;
#1571 = CARTESIAN_POINT ( 'NONE',  ( 0.1602030613455386610, -0.1248922484245545694, 0.05000000000000000278 ) ) ;
#1572 = CARTESIAN_POINT ( 'NONE',  ( 0.1249999999999997918, 8.916136286887355772E-18, 0.000000000000000000 ) ) ;
#1573 = ORIENTED_EDGE ( 'NONE', *, *, #2080, .F. ) ;
#1574 = LINE ( 'NONE', #5737, #6167 ) ;
#1575 = CARTESIAN_POINT ( 'NONE',  ( 0.1728468928129534288, -0.09094654411738116451, -0.000000000000000000 ) ) ;
#1576 = CARTESIAN_POINT ( 'NONE',  ( -0.1250000000000001388, -1.060000000000000275, 0.1499999999999999944 ) ) ;
#1577 = PLANE ( 'NONE',  #2952 ) ;
#1578 = FILL_AREA_STYLE ('',( #2607 ) ) ;
#1579 = ORIENTED_EDGE ( 'NONE', *, *, #3711, .F. ) ;
#1580 = EDGE_CURVE ( 'NONE', #1049, #6046, #4953, .T. ) ;
#1581 =( NAMED_UNIT ( * ) SI_UNIT ( $, .STERADIAN. ) SOLID_ANGLE_UNIT ( ) );
#1582 = CARTESIAN_POINT ( 'NONE',  ( -0.09354957678577884017, -0.1202689262672577419, 0.05000000000000000278 ) ) ;
#1583 = AXIS2_PLACEMENT_3D ( 'NONE', #883, #1481, #2532 ) ;
#1584 = CYLINDRICAL_SURFACE ( 'NONE', #2584, 0.1199999999999999956 ) ;
#1585 = DIRECTION ( 'NONE',  ( -0.000000000000000000, 0.000000000000000000, -1.000000000000000000 ) ) ;
#1586 = ORIENTED_EDGE ( 'NONE', *, *, #5564, .F. ) ;
#1587 = AXIS2_PLACEMENT_3D ( 'NONE', #4151, #2559, #5252 ) ;
#1588 = CARTESIAN_POINT ( 'NONE',  ( 0.1027796423176473573, -0.1402710153492536249, 0.05000000000000000278 ) ) ;
#1589 = COLOUR_RGB ( '',0.5019607843137254832, 0.5019607843137254832, 0.000000000000000000 ) ;
#1590 = CARTESIAN_POINT ( 'NONE',  ( -0.5500000000000003775, 0.8750000000000002220, -0.02000000000000000042 ) ) ;
#1591 = ADVANCED_FACE ( 'NONE', ( #4076 ), #4003, .T. ) ;
#1592 = CARTESIAN_POINT ( 'NONE',  ( 1.050000000000000266, 0.3750000000000000000, 0.000000000000000000 ) ) ;
#1593 = ORIENTED_EDGE ( 'NONE', *, *, #2189, .T. ) ;
#1594 = PLANE ( 'NONE',  #4995 ) ;
#1595 = CARTESIAN_POINT ( 'NONE',  ( 0.1711828045747041116, -0.1040265511251747127, 0.000000000000000000 ) ) ;
#1596 = CARTESIAN_POINT ( 'NONE',  ( 0.1196381574993848201, -0.04750843432199046423, 0.05000000000000000278 ) ) ;
#1597 =( NAMED_UNIT ( * ) PLANE_ANGLE_UNIT ( ) SI_UNIT ( $, .RADIAN. ) );
#1598 = VECTOR ( 'NONE', #3498, 1000.000000000000000 ) ;
#1599 = MECHANICAL_DESIGN_GEOMETRIC_PRESENTATION_REPRESENTATION (  '', ( #5656 ), #3237 ) ;
#1600 = LINE ( 'NONE', #431, #170 ) ;
#1601 = EDGE_CURVE ( 'NONE', #32, #6726, #269, .T. ) ;
#1602 = ORIENTED_EDGE ( 'NONE', *, *, #3619, .T. ) ;
#1603 = CIRCLE ( 'NONE', #4878, 0.1199999999999999956 ) ;
#1604 = VECTOR ( 'NONE', #1961, 1000.000000000000227 ) ;
#1605 = CARTESIAN_POINT ( 'NONE',  ( -0.2091679322442049627, -0.1398161266296827909, 0.000000000000000000 ) ) ;
#1606 = FACE_OUTER_BOUND ( 'NONE', #4865, .T. ) ;
#1607 = B_SPLINE_CURVE_WITH_KNOTS ( 'NONE', 3,
 ( #5504, #124, #1211, #6586, #188, #214, #1722, #3305, #5487, #2774, #674, #6052, #164, #4383, #647, #720, #2815, #1182, #4947 ),
 .UNSPECIFIED., .F., .F.,
 ( 4, 1, 1, 1, 1, 1, 1, 1, 1, 1, 1, 1, 1, 1, 1, 1, 4 ),
 ( 0.000000000000000000, 0.07015117599727851982, 0.1378126061901916999, 0.2032262471813942317, 0.2671740552944735780, 0.3300240034081790008, 0.3917942717866856328, 0.4530843989971408137, 0.5143339076458770531, 0.5749999928182688569, 0.6348654826222127623, 0.6941163151896418970, 0.7534416217804383864, 0.8131258003036114790, 0.8740796856370746104, 0.9360070132744072735, 1.000000000000000000 ),
 .UNSPECIFIED. ) ;
#1608 = CARTESIAN_POINT ( 'NONE',  ( 0.000000000000000000, 0.000000000000000000, 0.000000000000000000 ) ) ;
#1609 = COLOUR_RGB ( '',0.5019607843137254832, 0.5019607843137254832, 0.000000000000000000 ) ;
#1610 = LINE ( 'NONE', #341, #2284 ) ;
#1611 = CARTESIAN_POINT ( 'NONE',  ( -0.01942434250061519929, -0.03981612662968277150, 0.000000000000000000 ) ) ;
#1612 = CARTESIAN_POINT ( 'NONE',  ( -0.08580838284424817386, -0.1294730674204414567, 0.05000000000000000278 ) ) ;
#1613 = LINE ( 'NONE', #6268, #4800 ) ;
#1614 = LINE ( 'NONE', #1988, #183 ) ;
#1615 = ORIENTED_EDGE ( 'NONE', *, *, #33, .T. ) ;
#1616 = CARTESIAN_POINT ( 'NONE',  ( -1.050000000000000266, -0.6249999999999997780, 0.000000000000000000 ) ) ;
#1617 = VERTEX_POINT ( 'NONE', #5697 ) ;
#1618 = LINE ( 'NONE', #5211, #1704 ) ;
#1619 = LINE ( 'NONE', #726, #4025 ) ;
#1620 = EDGE_CURVE ( 'NONE', #919, #4847, #5596, .T. ) ;
#1621 = CARTESIAN_POINT ( 'NONE',  ( 0.1353135005355815546, -0.03925941974826951258, 0.000000000000000000 ) ) ;
#1622 = FACE_OUTER_BOUND ( 'NONE', #1128, .T. ) ;
#1623 = VERTEX_POINT ( 'NONE', #2967 ) ;
#1624 =( NAMED_UNIT ( * ) PLANE_ANGLE_UNIT ( ) SI_UNIT ( $, .RADIAN. ) );
#1625 = FILL_AREA_STYLE ('',( #5379 ) ) ;
#1626 = ADVANCED_FACE ( 'NONE', ( #3336 ), #6192, .T. ) ;
#1627 = VERTEX_POINT ( 'NONE', #1500 ) ;
#1628 = EDGE_CURVE ( 'NONE', #1901, #303, #3733, .T. ) ;
#1629 = DIRECTION ( 'NONE',  ( 1.000000000000000000, 0.000000000000000000, 0.000000000000000000 ) ) ;
#1630 = VERTEX_POINT ( 'NONE', #2463 ) ;
#1631 = CARTESIAN_POINT ( 'NONE',  ( -0.07134741942369210443, -0.04342189586045200334, 0.000000000000000000 ) ) ;
#1632 = CARTESIAN_POINT ( 'NONE',  ( -1.050000000000000266, 1.050000000000000044, 0.000000000000000000 ) ) ;
#1633 = VECTOR ( 'NONE', #230, 1000.000000000000000 ) ;
#1634 = CARTESIAN_POINT ( 'NONE',  ( -0.07804950668536714264, -0.04637899589068245759, 0.000000000000000000 ) ) ;
#1635 = ADVANCED_FACE ( 'NONE', ( #6523 ), #5193, .T. ) ;
#1636 = MECHANICAL_DESIGN_GEOMETRIC_PRESENTATION_REPRESENTATION (  '', ( #4388 ), #6055 ) ;
#1638 = VERTEX_POINT ( 'NONE', #427 ) ;
#1637 = LINE ( 'NONE', #2017, #378 ) ;
#1639 = STYLED_ITEM ( 'NONE', ( #76 ), #3813 ) ;
#1640 = CARTESIAN_POINT ( 'NONE',  ( 0.1190772600634873862, -0.03725202406558020263, 0.05000000000000000278 ) ) ;
#1641 = SURFACE_SIDE_STYLE ('',( #6122 ) ) ;
#1642 = CARTESIAN_POINT ( 'NONE',  ( 0.1607247468542455093, -0.07333873930265920327, -0.000000000000000000 ) ) ;
#1643 = DIRECTION ( 'NONE',  ( 0.000000000000000000, -0.000000000000000000, -1.000000000000000000 ) ) ;
#1644 = EDGE_CURVE ( 'NONE', #6753, #5093, #1201, .T. ) ;
#1645 = CARTESIAN_POINT ( 'NONE',  ( 0.09404896736777240696, -0.1369425609392814769, 0.05000000000000000278 ) ) ;
#1646 = VECTOR ( 'NONE', #2601, 999.9999999999998863 ) ;
#1647 = AXIS2_PLACEMENT_3D ( 'NONE', #1921, #327, #5620 ) ;
#1648 = ORIENTED_EDGE ( 'NONE', *, *, #2961, .F. ) ;
#1649 = CARTESIAN_POINT ( 'NONE',  ( 0.1728833498070771468, -0.08923519714250328916, 0.05000000000000000278 ) ) ;
#1650 = PRESENTATION_LAYER_ASSIGNMENT (  '', '', ( #3771 ) ) ;
#1651 = EDGE_CURVE ( 'NONE', #3045, #1423, #2994, .T. ) ;
#1652 = DIRECTION ( 'NONE',  ( -0.000000000000000000, -0.000000000000000000, -1.000000000000000000 ) ) ;
#1653 = SURFACE_STYLE_USAGE ( .BOTH. , #3725 ) ;
#1654 = LINE ( 'NONE', #5884, #4568 ) ;
#1655 = FACE_OUTER_BOUND ( 'NONE', #1363, .T. ) ;
#1656 = AXIS2_PLACEMENT_3D ( 'NONE', #741, #167, #6030 ) ;
#1657 = CARTESIAN_POINT ( 'NONE',  ( -0.06773756805252273416, -0.1272262471415056828, -0.000000000000000000 ) ) ;
#1658 = CARTESIAN_POINT ( 'NONE',  ( -0.07479216032630010835, -0.04473453013830328701, 0.000000000000000000 ) ) ;
#1659 = B_SPLINE_CURVE_WITH_KNOTS ( 'NONE', 3,
 ( #788, #2285, #145, #1802, #5490, #5467, #4467, #3425, #2867, #5038, #2302 ),
 .UNSPECIFIED., .F., .F.,
 ( 4, 1, 1, 1, 1, 1, 1, 1, 4 ),
 ( 0.000000000000000000, 0.08431861695858089423, 0.1792845142139041781, 0.2865825276465601146, 0.4051114834342786075, 0.5355928734189734364, 0.6781902099934136174, 0.8329758397604892783, 1.000000000000000000 ),
 .UNSPECIFIED. ) ;
#1660 = DIRECTION ( 'NONE',  ( -0.000000000000000000, -0.000000000000000000, -1.000000000000000000 ) ) ;
#1661 = CARTESIAN_POINT ( 'NONE',  ( -0.08665937337801853102, -0.05269137625991825863, 0.000000000000000000 ) ) ;
#1662 = DIRECTION ( 'NONE',  ( 0.000000000000000000, 0.000000000000000000, -1.000000000000000000 ) ) ;
#1663 = VERTEX_POINT ( 'NONE', #1568 ) ;
#1664 = ORIENTED_EDGE ( 'NONE', *, *, #2351, .F. ) ;
#1665 = CARTESIAN_POINT ( 'NONE',  ( -0.02839870147497414524, -0.05007253688609302616, 0.05000000000000000278 ) ) ;
#1666 = ORIENTED_EDGE ( 'NONE', *, *, #3467, .F. ) ;
#1667 = ORIENTED_EDGE ( 'NONE', *, *, #6605, .F. ) ;
#1668 = SURFACE_STYLE_FILL_AREA ( #6527 ) ;
#1669 = PRESENTATION_STYLE_ASSIGNMENT (( #3087 ) ) ;
#1670 = CARTESIAN_POINT ( 'NONE',  ( 0.07544745237117968240, -0.1214066715014776449, 0.05000000000000000278 ) ) ;
#1671 = EDGE_CURVE ( 'NONE', #58, #5708, #6107, .T. ) ;
#1672 = CARTESIAN_POINT ( 'NONE',  ( 0.1602030613455386610, -0.1248922484245545694, 0.05000000000000000278 ) ) ;
#1673 = SURFACE_STYLE_FILL_AREA ( #3181 ) ;
#1674 = VERTEX_POINT ( 'NONE', #6361 ) ;
#1675 = CARTESIAN_POINT ( 'NONE',  ( -0.5500000000000003775, 0.2450000000000009670, 0.000000000000000000 ) ) ;
#1676 = AXIS2_PLACEMENT_3D ( 'NONE', #5005, #6580, #5973 ) ;
#1677 = CARTESIAN_POINT ( 'NONE',  ( 0.04596027288400020283, -0.05007253688609302616, -0.000000000000000000 ) ) ;
#1678 =( NAMED_UNIT ( * ) PLANE_ANGLE_UNIT ( ) SI_UNIT ( $, .RADIAN. ) );
#1680 = CARTESIAN_POINT ( 'NONE',  ( -0.1014552700705732696, -0.08965491419665341799, -0.000000000000000000 ) ) ;
#1679 = UNCERTAINTY_MEASURE_WITH_UNIT (LENGTH_MEASURE( 1.000000000000000082E-05 ), #1887, 'distance_accuracy_value', 'NONE');
#1681 = CARTESIAN_POINT ( 'NONE',  ( -0.1142961373724100532, -0.1398161266296827909, 0.05000000000000000278 ) ) ;
#1682 = FACE_OUTER_BOUND ( 'NONE', #3185, .T. ) ;
#1683 = EDGE_CURVE ( 'NONE', #5260, #5444, #432, .T. ) ;
#1684 = DIRECTION ( 'NONE',  ( 0.000000000000000000, 0.000000000000000000, -1.000000000000000000 ) ) ;
#1685 = LINE ( 'NONE', #5040, #3829 ) ;
#1686 = CARTESIAN_POINT ( 'NONE',  ( 0.1728833498070771468, -0.08923519714250328916, 0.05000000000000000278 ) ) ;
#1687 =( GEOMETRIC_REPRESENTATION_CONTEXT ( 3 ) GLOBAL_UNCERTAINTY_ASSIGNED_CONTEXT ( ( #1550 ) ) GLOBAL_UNIT_ASSIGNED_CONTEXT ( ( #1457, #5159, #2049 ) ) REPRESENTATION_CONTEXT ( 'NONE', 'WORKASPACE' ) );
#1688 = UNCERTAINTY_MEASURE_WITH_UNIT (LENGTH_MEASURE( 1.000000000000000082E-05 ), #6747, 'distance_accuracy_value', 'NONE');
#1689 = VECTOR ( 'NONE', #3432, 1000.000000000000000 ) ;
#1690 = CARTESIAN_POINT ( 'NONE',  ( -1.050000000000000266, 1.050000000000000044, 0.7500000000000000000 ) ) ;
#1691 = EDGE_LOOP ( 'NONE', ( #5685, #2791 ) ) ;
#1692 = LINE ( 'NONE', #6750, #429 ) ;
#1693 = VECTOR ( 'NONE', #5680, 1000.000000000000000 ) ;
#1694 = CARTESIAN_POINT ( 'NONE',  ( 0.1089984646787595796, -0.04847974241352749625, 0.05000000000000000278 ) ) ;
#1695 = LINE ( 'NONE', #2164, #2649 ) ;
#1696 = FACE_OUTER_BOUND ( 'NONE', #1826, .T. ) ;
#1697 = VERTEX_POINT ( 'NONE', #3141 ) ;
#1698 = STYLED_ITEM ( 'NONE', ( #999 ), #1478 ) ;
#1699 = PRESENTATION_STYLE_ASSIGNMENT (( #3371 ) ) ;
#1700 = VECTOR ( 'NONE', #5342, 1000.000000000000000 ) ;
#1701 = COLOUR_RGB ( '',0.5019607843137254832, 0.5019607843137254832, 0.000000000000000000 ) ;
#1702 = EDGE_CURVE ( 'NONE', #4928, #5451, #1854, .T. ) ;
#1703 = VERTEX_POINT ( 'NONE', #1523 ) ;
#1704 = VECTOR ( 'NONE', #4179, 1000.000000000000000 ) ;
#1705 = CARTESIAN_POINT ( 'NONE',  ( 0.09673890364699476441, -0.04144506553532586318, 0.000000000000000000 ) ) ;
#1706 = CARTESIAN_POINT ( 'NONE',  ( -0.09839822272709516926, -0.07120922719698231929, 0.05000000000000000278 ) ) ;
#1707 = DIRECTION ( 'NONE',  ( -0.000000000000000000, 1.000000000000000000, -0.000000000000000000 ) ) ;
#1708 = CARTESIAN_POINT ( 'NONE',  ( -0.001475624551897254926, -0.08084176765532379016, 0.05000000000000000278 ) ) ;
#1709 = ADVANCED_FACE ( 'NONE', ( #2818 ), #768, .T. ) ;
#1710 = VERTEX_POINT ( 'NONE', #4216 ) ;
#1711 = DIRECTION ( 'NONE',  ( 0.000000000000000000, -0.000000000000000000, 1.000000000000000000 ) ) ;
#1712 = EDGE_LOOP ( 'NONE', ( #6518, #4545, #2169, #2548 ) ) ;
#1713 = CARTESIAN_POINT ( 'NONE',  ( -0.06286156249752182512, -0.1391033776360686425, 0.000000000000000000 ) ) ;
#1714 = VECTOR ( 'NONE', #610, 1000.000000000000000 ) ;
#1715 = CARTESIAN_POINT ( 'NONE',  ( -0.1014756245518972505, -0.09107814586045200056, 0.05000000000000000278 ) ) ;
#1716 = EDGE_LOOP ( 'NONE', ( #2875, #6895, #4235, #3971 ) ) ;
#1717 = CARTESIAN_POINT ( 'NONE',  ( 0.1089984646787595796, -0.04847974241352749625, 0.000000000000000000 ) ) ;
#1718 = EDGE_LOOP ( 'NONE', ( #3523, #4528, #5811, #1430 ) ) ;
#1720 = VERTEX_POINT ( 'NONE', #4186 ) ;
#1719 = LINE ( 'NONE', #5881, #4898 ) ;
#1721 = CARTESIAN_POINT ( 'NONE',  ( 0.2228833498070771357, -0.03981612662968277150, 0.05000000000000000278 ) ) ;
#1722 = CARTESIAN_POINT ( 'NONE',  ( -0.08982606341354049118, -0.07487281215111733779, 0.05000000000000000278 ) ) ;
#1723 = VERTEX_POINT ( 'NONE', #2568 ) ;
#1724 = EDGE_CURVE ( 'NONE', #2433, #3459, #935, .T. ) ;
#1725 = CYLINDRICAL_SURFACE ( 'NONE', #5701, 0.1199999999999999956 ) ;
#1726 = CARTESIAN_POINT ( 'NONE',  ( -0.04476598600784512105, -0.03985320128468094331, 0.000000000000000000 ) ) ;
#1727 = CARTESIAN_POINT ( 'NONE',  ( -0.1010159831795813951, -0.08271623839307491732, 0.05000000000000000278 ) ) ;
#1728 = DIRECTION ( 'NONE',  ( 0.000000000000000000, 0.000000000000000000, -1.000000000000000000 ) ) ;
#1729 = CARTESIAN_POINT ( 'NONE',  ( -0.1011042608530447612, -0.09833965794739356336, 0.05000000000000000278 ) ) ;
#1730 = DIRECTION ( 'NONE',  ( 0.000000000000000000, 0.000000000000000000, -1.000000000000000000 ) ) ;
#1731 = MECHANICAL_DESIGN_GEOMETRIC_PRESENTATION_REPRESENTATION (  '', ( #4347 ), #659 ) ;
#1732 = MECHANICAL_DESIGN_GEOMETRIC_PRESENTATION_REPRESENTATION (  '', ( #3627 ), #1055 ) ;
#1733 =( NAMED_UNIT ( * ) SI_UNIT ( $, .STERADIAN. ) SOLID_ANGLE_UNIT ( ) );
#1734 = CARTESIAN_POINT ( 'NONE',  ( -0.06286156249752182512, -0.1391033776360686425, 0.05000000000000000278 ) ) ;
#1735 = SURFACE_STYLE_FILL_AREA ( #5010 ) ;
#1736 =( NAMED_UNIT ( * ) SI_UNIT ( $, .STERADIAN. ) SOLID_ANGLE_UNIT ( ) );
#1737 = VERTEX_POINT ( 'NONE', #5834 ) ;
#1738 = CARTESIAN_POINT ( 'NONE',  ( -0.05563542066700968153, -0.04042783736841450148, 0.05000000000000000278 ) ) ;
#1739 = CARTESIAN_POINT ( 'NONE',  ( 0.1090141186750068630, -0.03800220208061512450, 0.05000000000000000278 ) ) ;
#1740 = CARTESIAN_POINT ( 'NONE',  ( 0.09693576690736183110, -0.05285438162576646531, 0.05000000000000000278 ) ) ;
#1741 = MECHANICAL_DESIGN_GEOMETRIC_PRESENTATION_REPRESENTATION (  '', ( #1377 ), #669 ) ;
#1742 = ORIENTED_EDGE ( 'NONE', *, *, #904, .T. ) ;
#1743 = CARTESIAN_POINT ( 'NONE',  ( -1.050000000000000044, -0.3749999999999997780, 0.1499999999999999944 ) ) ;
#1744 = EDGE_CURVE ( 'NONE', #464, #6509, #3256, .T. ) ;
#1745 = DIRECTION ( 'NONE',  ( -2.125886612716674341E-16, -1.000000000000000000, 0.000000000000000000 ) ) ;
#1746 = SURFACE_STYLE_USAGE ( .BOTH. , #2777 ) ;
#1747 = CARTESIAN_POINT ( 'NONE',  ( 0.09673890364699476441, -0.04144506553532586318, 0.000000000000000000 ) ) ;
#1748 = B_SPLINE_CURVE_WITH_KNOTS ( 'NONE', 3,
 ( #3267, #4854, #633, #5408, #2182, #3611, #2661, #35, #1120, #1657, #3778 ),
 .UNSPECIFIED., .F., .F.,
 ( 4, 1, 1, 1, 1, 1, 1, 1, 4 ),
 ( 0.000000000000000000, 0.1719006646132689720, 0.3306279320958804835, 0.4755488358809184524, 0.6067461903123634315, 0.7250238034674904020, 0.8297423869584564793, 0.9213228203439753905, 1.000000000000000000 ),
 .UNSPECIFIED. ) ;
#1749 = CARTESIAN_POINT ( 'NONE',  ( -0.08792288902851380650, -0.1274569080377580821, 0.05000000000000000278 ) ) ;
#1750 = ORIENTED_EDGE ( 'NONE', *, *, #2714, .F. ) ;
#1751 = DIRECTION ( 'NONE',  ( 0.000000000000000000, -0.000000000000000000, 1.000000000000000000 ) ) ;
#1752 = COLOUR_RGB ( '',0.5019607843137254832, 0.5019607843137254832, 0.000000000000000000 ) ;
#1753 = SURFACE_SIDE_STYLE ('',( #5934 ) ) ;
#1754 = CARTESIAN_POINT ( 'NONE',  ( -0.05475806948284626940, -0.1397799297826695375, 0.05000000000000000278 ) ) ;
#1755 = EDGE_CURVE ( 'NONE', #1703, #1948, #1783, .T. ) ;
#1756 = LINE ( 'NONE', #2144, #4585 ) ;
#1757 = EDGE_LOOP ( 'NONE', ( #5404, #871, #5630, #5953 ) ) ;
#1758 = CARTESIAN_POINT ( 'NONE',  ( -0.1622729001929228976, -0.05930731252711866908, 0.05000000000000000278 ) ) ;
#1759 = CARTESIAN_POINT ( 'NONE',  ( 0.09473010847288794445, -0.05409060270983855057, 0.000000000000000000 ) ) ;
#1760 = COLOUR_RGB ( '',0.5019607843137254832, 0.5019607843137254832, 0.000000000000000000 ) ;
#1761 = VECTOR ( 'NONE', #758, 1000.000000000000000 ) ;
#1762 =( NAMED_UNIT ( * ) SI_UNIT ( $, .STERADIAN. ) SOLID_ANGLE_UNIT ( ) );
#1763 = PRESENTATION_STYLE_ASSIGNMENT (( #5674 ) ) ;
#1764 = ORIENTED_EDGE ( 'NONE', *, *, #3436, .T. ) ;
#1765 = SURFACE_STYLE_USAGE ( .BOTH. , #737 ) ;
#1766 = EDGE_CURVE ( 'NONE', #4022, #945, #6530, .T. ) ;
#1767 = VECTOR ( 'NONE', #6903, 1000.000000000000000 ) ;
#1768 = SURFACE_STYLE_USAGE ( .BOTH. , #6077 ) ;
#1769 = AXIS2_PLACEMENT_3D ( 'NONE', #4359, #2726, #53 ) ;
#1770 = VECTOR ( 'NONE', #489, 1000.000000000000000 ) ;
#1771 = ORIENTED_EDGE ( 'NONE', *, *, #2101, .T. ) ;
#1772 = MECHANICAL_DESIGN_GEOMETRIC_PRESENTATION_REPRESENTATION (  '', ( #1639 ), #3536 ) ;
#1773 = CARTESIAN_POINT ( 'NONE',  ( -0.1014552700705732696, -0.08965491419665341799, 0.000000000000000000 ) ) ;
#1774 = CARTESIAN_POINT ( 'NONE',  ( 0.08851833859476565536, -0.04575480356078427679, 0.000000000000000000 ) ) ;
#1775 = VECTOR ( 'NONE', #3708, 1000.000000000000000 ) ;
#1776 = CARTESIAN_POINT ( 'NONE',  ( -0.005000000000000028727, 0.5600000000000001643, 0.1499999999999999944 ) ) ;
#1777 = CARTESIAN_POINT ( 'NONE',  ( -0.5500000000000003775, 0.2549999999999993938, -0.02000000000000000042 ) ) ;
#1778 = EDGE_CURVE ( 'NONE', #3696, #5725, #1107, .T. ) ;
#1779 = PRESENTATION_STYLE_ASSIGNMENT (( #2670 ) ) ;
#1780 = PRESENTATION_STYLE_ASSIGNMENT (( #284 ) ) ;
#1781 = CARTESIAN_POINT ( 'NONE',  ( -0.1250000000000001388, -1.050000000000000044, 0.1499999999999999944 ) ) ;
#1782 = ORIENTED_EDGE ( 'NONE', *, *, #3640, .F. ) ;
#1783 = LINE ( 'NONE', #6922, #1022 ) ;
#1784 = VECTOR ( 'NONE', #2480, 1000.000000000000000 ) ;
#1785 = COLOUR_RGB ( '',0.5019607843137254832, 0.5019607843137254832, 0.000000000000000000 ) ;
#1786 = CARTESIAN_POINT ( 'NONE',  ( -0.001475624551897254926, -0.08084176765532379016, 0.05000000000000000278 ) ) ;
#1787 = CARTESIAN_POINT ( 'NONE',  ( 0.07605989088301719214, -0.05735748625362505765, 0.05000000000000000278 ) ) ;
#1788 = PRESENTATION_LAYER_ASSIGNMENT (  '', '', ( #2349 ) ) ;
#1789 =( LENGTH_UNIT ( ) NAMED_UNIT ( * ) SI_UNIT ( .MILLI., .METRE. ) );
#1790 = PRESENTATION_STYLE_ASSIGNMENT (( #4282 ) ) ;
#1791 = SURFACE_STYLE_FILL_AREA ( #285 ) ;
#1792 = VECTOR ( 'NONE', #369, 1000.000000000000000 ) ;
#1793 = CARTESIAN_POINT ( 'NONE',  ( 0.6700000000000011502, -0.8749999999999998890, -0.02000000000000000042 ) ) ;
#1794 = ORIENTED_EDGE ( 'NONE', *, *, #1580, .F. ) ;
#1795 = MECHANICAL_DESIGN_GEOMETRIC_PRESENTATION_REPRESENTATION (  '', ( #6209 ), #2158 ) ;
#1796 = VERTEX_POINT ( 'NONE', #3092 ) ;
#1797 = PRESENTATION_STYLE_ASSIGNMENT (( #2026 ) ) ;
#1798 = ORIENTED_EDGE ( 'NONE', *, *, #2729, .T. ) ;
#1799 = CARTESIAN_POINT ( 'NONE',  ( -0.06555081141073595963, -0.04178562474438155677, 0.000000000000000000 ) ) ;
#1800 = ORIENTED_EDGE ( 'NONE', *, *, #3819, .T. ) ;
#1801 =( LENGTH_UNIT ( ) NAMED_UNIT ( * ) SI_UNIT ( .MILLI., .METRE. ) );
#1802 = CARTESIAN_POINT ( 'NONE',  ( -0.06062771240796620970, -0.05161417969536417905, 0.05000000000000000278 ) ) ;
#1803 = DIRECTION ( 'NONE',  ( 1.000000000000000000, 0.000000000000000000, 0.000000000000000000 ) ) ;
#1804 = VECTOR ( 'NONE', #6648, 1000.000000000000000 ) ;
#1805 = CARTESIAN_POINT ( 'NONE',  ( -0.1630140860903588063, -0.03981612662968277150, 0.05000000000000000278 ) ) ;
#1806 = DIRECTION ( 'NONE',  ( 1.000000000000000000, 0.000000000000000000, 0.000000000000000000 ) ) ;
#1807 = ORIENTED_EDGE ( 'NONE', *, *, #2179, .T. ) ;
#1808 =( NAMED_UNIT ( * ) PLANE_ANGLE_UNIT ( ) SI_UNIT ( $, .RADIAN. ) );
#1809 = VERTEX_POINT ( 'NONE', #1592 ) ;
#1810 = CARTESIAN_POINT ( 'NONE',  ( -1.050000000000000266, 1.050000000000000044, 0.000000000000000000 ) ) ;
#1811 = DIRECTION ( 'NONE',  ( -1.000000000000000000, 0.000000000000000000, 0.000000000000000000 ) ) ;
#1812 = EDGE_CURVE ( 'NONE', #57, #6799, #1264, .T. ) ;
#1813 =( NAMED_UNIT ( * ) PLANE_ANGLE_UNIT ( ) SI_UNIT ( $, .RADIAN. ) );
#1814 = CARTESIAN_POINT ( 'NONE',  ( 0.5500000000000002665, -0.2450000000000006339, 0.1499999999999999944 ) ) ;
#1815 = ORIENTED_EDGE ( 'NONE', *, *, #6749, .F. ) ;
#1816 = EDGE_CURVE ( 'NONE', #596, #1037, #3085, .T. ) ;
#1817 =( NAMED_UNIT ( * ) SI_UNIT ( $, .STERADIAN. ) SOLID_ANGLE_UNIT ( ) );
#1818 = DIRECTION ( 'NONE',  ( -1.000000000000000000, 0.000000000000000000, 0.000000000000000000 ) ) ;
#1819 = DIRECTION ( 'NONE',  ( 0.000000000000000000, 0.000000000000000000, -1.000000000000000000 ) ) ;
#1820 = CARTESIAN_POINT ( 'NONE',  ( -1.060000000000000719, -0.1249999999999997918, 0.1499999999999999944 ) ) ;
#1821 = DIRECTION ( 'NONE',  ( 1.000000000000000000, 0.000000000000000000, 0.000000000000000000 ) ) ;
#1822 = STYLED_ITEM ( 'NONE', ( #4448 ), #2264 ) ;
#1823 = ORIENTED_EDGE ( 'NONE', *, *, #2558, .T. ) ;
#1824 = PRESENTATION_LAYER_ASSIGNMENT (  '', '', ( #22 ) ) ;
#1825 = CARTESIAN_POINT ( 'NONE',  ( -0.03542995147497418618, -0.05007253688609302616, 0.05000000000000000278 ) ) ;
#1826 = EDGE_LOOP ( 'NONE', ( #6210, #1771, #2180, #2605, #34, #6266, #6421, #126 ) ) ;
#1827 = CARTESIAN_POINT ( 'NONE',  ( 1.060000000000000719, 0.8750000000000000000, 0.1499999999999999944 ) ) ;
#1828 = CARTESIAN_POINT ( 'NONE',  ( 0.1728833498070771468, -0.08923519714250328916, 0.05000000000000000278 ) ) ;
#1829 = PRESENTATION_LAYER_ASSIGNMENT (  '', '', ( #530 ) ) ;
#1830 = CARTESIAN_POINT ( 'NONE',  ( -1.050000000000000266, 1.050000000000000044, 0.000000000000000000 ) ) ;
#1831 = ORIENTED_EDGE ( 'NONE', *, *, #2222, .F. ) ;
#1832 = EDGE_CURVE ( 'NONE', #4029, #273, #2278, .T. ) ;
#1833 = VECTOR ( 'NONE', #4883, 1000.000000000000000 ) ;
#1834 = CARTESIAN_POINT ( 'NONE',  ( 1.060000000000000497, -0.8750000000000000000, -0.02000000000000000042 ) ) ;
#1835 = DIRECTION ( 'NONE',  ( 0.000000000000000000, 0.000000000000000000, -1.000000000000000000 ) ) ;
#1836 = ORIENTED_EDGE ( 'NONE', *, *, #4870, .F. ) ;
#1837 = SURFACE_STYLE_FILL_AREA ( #229 ) ;
#1838 = CARTESIAN_POINT ( 'NONE',  ( 0.1368859473098613666, -0.05065848660343436755, 1.355252715606880543E-17 ) ) ;
#1839 =( NAMED_UNIT ( * ) PLANE_ANGLE_UNIT ( ) SI_UNIT ( $, .RADIAN. ) );
#1840 = CARTESIAN_POINT ( 'NONE',  ( -1.050000000000000044, -1.050000000000000044, 0.1499999999999999667 ) ) ;
#1841 = DIRECTION ( 'NONE',  ( -1.000000000000000000, 2.780005570475657679E-16, 0.000000000000000000 ) ) ;
#1842 = ADVANCED_FACE ( 'NONE', ( #3581 ), #3119, .T. ) ;
#1843 = ORIENTED_EDGE ( 'NONE', *, *, #3088, .F. ) ;
#1844 = CARTESIAN_POINT ( 'NONE',  ( -0.6700000000000011502, -0.1249999999999997918, 0.000000000000000000 ) ) ;
#1845 = CARTESIAN_POINT ( 'NONE',  ( -0.1240918104493331370, -0.1398161266296827909, 0.000000000000000000 ) ) ;
#1846 = CARTESIAN_POINT ( 'NONE',  ( -0.07134741942369210443, -0.04342189586045200334, 0.000000000000000000 ) ) ;
#1847 = ORIENTED_EDGE ( 'NONE', *, *, #5862, .T. ) ;
#1848 = DIRECTION ( 'NONE',  ( 0.000000000000000000, -1.000000000000000000, 0.000000000000000000 ) ) ;
#1849 = UNCERTAINTY_MEASURE_WITH_UNIT (LENGTH_MEASURE( 1.000000000000000082E-05 ), #3805, 'distance_accuracy_value', 'NONE');
#1850 = CARTESIAN_POINT ( 'NONE',  ( -1.060000000000000719, 0.1250000000000002220, -0.02000000000000000042 ) ) ;
#1851 = LINE ( 'NONE', #1353, #3749 ) ;
#1852 = ORIENTED_EDGE ( 'NONE', *, *, #6388, .F. ) ;
#1853 = EDGE_CURVE ( 'NONE', #1499, #4443, #1603, .T. ) ;
#1854 = LINE ( 'NONE', #6899, #6782 ) ;
#1855 = CARTESIAN_POINT ( 'NONE',  ( 0.1607247468542455093, -0.07333873930265920327, 1.355252715606880543E-17 ) ) ;
#1856 = AXIS2_PLACEMENT_3D ( 'NONE', #6327, #5302, #3660 ) ;
#1857 = DIRECTION ( 'NONE',  ( -3.566454514754948225E-16, -1.000000000000000000, 0.000000000000000000 ) ) ;
#1858 = LINE ( 'NONE', #6169, #4960 ) ;
#1859 = DIRECTION ( 'NONE',  ( 0.000000000000000000, -0.000000000000000000, 1.000000000000000000 ) ) ;
#1860 = CARTESIAN_POINT ( 'NONE',  ( 0.1190171639096412465, -0.1321238189373750704, -6.776263578034402713E-18 ) ) ;
#1861 = VECTOR ( 'NONE', #1904, 1000.000000000000000 ) ;
#1862 = ORIENTED_EDGE ( 'NONE', *, *, #5002, .T. ) ;
#1863 = DIRECTION ( 'NONE',  ( -1.000000000000000000, 5.560011140951313386E-16, 0.000000000000000000 ) ) ;
#1864 = LINE ( 'NONE', #4054, #2913 ) ;
#1865 = CARTESIAN_POINT ( 'NONE',  ( -1.050000000000000266, 1.050000000000000044, 0.000000000000000000 ) ) ;
#1866 = DIRECTION ( 'NONE',  ( -0.000000000000000000, 0.000000000000000000, 1.000000000000000000 ) ) ;
#1867 = ORIENTED_EDGE ( 'NONE', *, *, #4393, .T. ) ;
#1868 = CARTESIAN_POINT ( 'NONE',  ( -0.05041392583394853355, -0.1398161266296827909, 0.05000000000000000278 ) ) ;
#1869 = EDGE_CURVE ( 'NONE', #2712, #6367, #176, .T. ) ;
#1870 = VERTEX_POINT ( 'NONE', #1566 ) ;
#1871 = CIRCLE ( 'NONE', #2042, 0.1199999999999999956 ) ;
#1872 = FILL_AREA_STYLE_COLOUR ( '', #6402 ) ;
#1873 = ADVANCED_FACE ( 'NONE', ( #4700 ), #3135, .T. ) ;
#1874 = B_SPLINE_SURFACE_WITH_KNOTS ( 'NONE', 3, 1, ( 
 ( #3295, #4933 ),
 ( #6081, #833 ),
 ( #815, #5109 ),
 ( #5041, #5136 ),
 ( #2897, #6641 ),
 ( #6687, #5086 ),
 ( #2869, #1348 ),
 ( #791, #3454 ),
 ( #1320, #1372 ),
 ( #5634, #5654 ),
 ( #6128, #1886 ),
 ( #5066, #2849 ),
 ( #3984, #2383 ),
 ( #2425, #6618 ),
 ( #3405, #6172 ),
 ( #860, #2949 ),
 ( #2922, #1931 ),
 ( #225, #3942 ),
 ( #4512, #1860 ) ),
 .UNSPECIFIED., .F., .F., .F.,
 ( 4, 1, 1, 1, 1, 1, 1, 1, 1, 1, 1, 1, 1, 1, 1, 1, 4 ),
 ( 2, 2 ),
 ( 0.000000000000000000, 0.06432321657984212127, 0.1262901037035559781, 0.1867264692161328121, 0.2461464323353447503, 0.3055756426461386233, 0.3654293856180518829, 0.4263263089482600132, 0.4888399064006413997, 0.5517249718140473380, 0.6139185964661594275, 0.6754837657683966379, 0.7373338970992860952, 0.8002290443945266896, 0.8645022981233231318, 0.9310407391556975165, 1.000000000000000000 ),
 ( 0.000000000000000000, 1.000000000000000000 ),
 .UNSPECIFIED. ) ;
#1875 = CARTESIAN_POINT ( 'NONE',  ( -0.08259368652901008523, -0.1183669336538118871, 0.05000000000000000278 ) ) ;
#1876 = DIRECTION ( 'NONE',  ( 0.000000000000000000, -1.000000000000000000, 0.000000000000000000 ) ) ;
#1877 = ORIENTED_EDGE ( 'NONE', *, *, #4033, .F. ) ;
#1878 = CARTESIAN_POINT ( 'NONE',  ( 0.5500000000000003775, 0.2450000000000009670, 0.1499999999999999944 ) ) ;
#1879 = ORIENTED_EDGE ( 'NONE', *, *, #1601, .F. ) ;
#1880 = CARTESIAN_POINT ( 'NONE',  ( 0.1582463864900844064, -0.06840694324341951849, 0.05000000000000000278 ) ) ;
#1882 = ORIENTED_EDGE ( 'NONE', *, *, #2638, .F. ) ;
#1881 = LINE ( 'NONE', #3558, #1383 ) ;
#1883 = DIRECTION ( 'NONE',  ( -1.000000000000000000, 0.000000000000000000, 0.000000000000000000 ) ) ;
#1884 = ORIENTED_EDGE ( 'NONE', *, *, #73, .F. ) ;
#1885 =( NAMED_UNIT ( * ) PLANE_ANGLE_UNIT ( ) SI_UNIT ( $, .RADIAN. ) );
#1886 = CARTESIAN_POINT ( 'NONE',  ( 0.1479385716758462865, -0.1229131577554386096, -6.776263578034402713E-18 ) ) ;
#1887 =( LENGTH_UNIT ( ) NAMED_UNIT ( * ) SI_UNIT ( .MILLI., .METRE. ) );
#1888 = EDGE_CURVE ( 'NONE', #967, #6085, #1654, .T. ) ;
#1889 = B_SPLINE_SURFACE_WITH_KNOTS ( 'NONE', 3, 1, ( 
 ( #1649, #3211 ),
 ( #547, #2091 ),
 ( #4846, #1085 ),
 ( #3720, #4261 ),
 ( #3698, #6360 ),
 ( #4291, #1109 ),
 ( #26, #2172 ),
 ( #3769, #499 ),
 ( #5377, #2150 ),
 ( #1039, #5333 ),
 ( #524, #3744 ),
 ( #6898, #3161 ),
 ( #51, #4828 ),
 ( #6921, #1066 ),
 ( #4215, #1621 ),
 ( #2681, #5293 ),
 ( #4234, #4752 ),
 ( #4776, #2197 ),
 ( #2614, #2629 ) ),
 .UNSPECIFIED., .F., .F., .F.,
 ( 4, 1, 1, 1, 1, 1, 1, 1, 1, 1, 1, 1, 1, 1, 1, 1, 4 ),
 ( 2, 2 ),
 ( 0.000000000000000000, 0.06455784592971902658, 0.1270135315497587514, 0.1879548102020905109, 0.2480139127896341389, 0.3077476818488373289, 0.3682345146974852490, 0.4294698439426694603, 0.4927434367465848286, 0.5562577687060831222, 0.6182167855431436321, 0.6796554755875549025, 0.7412455456206292759, 0.8034152647056966856, 0.8668154615439922495, 0.9323283119492650206, 0.9999999999999998890 ),
 ( 0.000000000000000000, 1.000000000000000000 ),
 .UNSPECIFIED. ) ;
#1890 = DIRECTION ( 'NONE',  ( 0.000000000000000000, 0.000000000000000000, -1.000000000000000000 ) ) ;
#1891 = CYLINDRICAL_SURFACE ( 'NONE', #1362, 0.1199999999999999956 ) ;
#1892 = UNCERTAINTY_MEASURE_WITH_UNIT (LENGTH_MEASURE( 1.000000000000000082E-05 ), #1021, 'distance_accuracy_value', 'NONE');
#1893 = CARTESIAN_POINT ( 'NONE',  ( -0.04476598600784512105, -0.03985320128468094331, 0.000000000000000000 ) ) ;
#1894 = SURFACE_STYLE_USAGE ( .BOTH. , #6669 ) ;
#1895 = CARTESIAN_POINT ( 'NONE',  ( 0.1250000000000003331, 1.050000000000000044, 0.7500000000000000000 ) ) ;
#1896 = EDGE_CURVE ( 'NONE', #3607, #2830, #2064, .T. ) ;
#1897 = LINE ( 'NONE', #5417, #2239 ) ;
#1899 = ORIENTED_EDGE ( 'NONE', *, *, #4133, .T. ) ;
#1898 = VECTOR ( 'NONE', #2635, 1000.000000000000000 ) ;
#1900 = FILL_AREA_STYLE_COLOUR ( '', #6810 ) ;
#1901 = VERTEX_POINT ( 'NONE', #2214 ) ;
#1902 = PRESENTATION_LAYER_ASSIGNMENT (  '', '', ( #1538 ) ) ;
#1903 = UNCERTAINTY_MEASURE_WITH_UNIT (LENGTH_MEASURE( 1.000000000000000082E-05 ), #5890, 'distance_accuracy_value', 'NONE');
#1904 = DIRECTION ( 'NONE',  ( 0.000000000000000000, 0.000000000000000000, -1.000000000000000000 ) ) ;
#1905 = EDGE_CURVE ( 'NONE', #23, #2433, #6149, .T. ) ;
#1906 = CARTESIAN_POINT ( 'NONE',  ( 0.1285034665434749979, -0.04827210499701581337, 0.05000000000000000278 ) ) ;
#1907 = FILL_AREA_STYLE ('',( #6079 ) ) ;
#1908 = CARTESIAN_POINT ( 'NONE',  ( -0.1250000000000001388, 1.060000000000000275, 0.1499999999999999944 ) ) ;
#1909 = CARTESIAN_POINT ( 'NONE',  ( 0.1402702342946281211, -0.04090640440929362714, -0.000000000000000000 ) ) ;
#1910 = CARTESIAN_POINT ( 'NONE',  ( 0.1395491073040642793, -0.05184005345657553138, 0.000000000000000000 ) ) ;
#1911 = CARTESIAN_POINT ( 'NONE',  ( -0.06555081141073595963, -0.04178562474438155677, 0.05000000000000000278 ) ) ;
#1912 = AXIS2_PLACEMENT_3D ( 'NONE', #5388, #638, #563 ) ;
#1913 = MECHANICAL_DESIGN_GEOMETRIC_PRESENTATION_REPRESENTATION (  '', ( #6390 ), #6027 ) ;
#1914 = DIRECTION ( 'NONE',  ( 0.000000000000000000, -1.000000000000000000, 0.000000000000000000 ) ) ;
#1915 = CARTESIAN_POINT ( 'NONE',  ( -0.02839870147497414524, -0.1295597163732725154, 0.05000000000000000278 ) ) ;
#1916 = ORIENTED_EDGE ( 'NONE', *, *, #2833, .T. ) ;
#1917 = ORIENTED_EDGE ( 'NONE', *, *, #335, .T. ) ;
#1918 = CARTESIAN_POINT ( 'NONE',  ( -0.08982606341354049118, -0.07487281215111733779, 0.000000000000000000 ) ) ;
#1919 = VECTOR ( 'NONE', #5054, 1000.000000000000000 ) ;
#1920 = AXIS2_PLACEMENT_3D ( 'NONE', #2613, #593, #2650 ) ;
#1921 = CARTESIAN_POINT ( 'NONE',  ( -1.050000000000000044, -1.050000000000000044, 0.7500000000000000000 ) ) ;
#1922 = LINE ( 'NONE', #6422, #6001 ) ;
#1923 = ORIENTED_EDGE ( 'NONE', *, *, #2379, .T. ) ;
#1924 = EDGE_CURVE ( 'NONE', #227, #6453, #4385, .T. ) ;
#1925 = DIRECTION ( 'NONE',  ( 0.000000000000000000, 0.000000000000000000, 1.000000000000000000 ) ) ;
#1926 = VECTOR ( 'NONE', #4838, 1000.000000000000000 ) ;
#1927 = VERTEX_POINT ( 'NONE', #519 ) ;
#1928 = CARTESIAN_POINT ( 'NONE',  ( 0.1446747487100511764, -0.05462107359086738195, 0.05000000000000000278 ) ) ;
#1929 = CARTESIAN_POINT ( 'NONE',  ( -0.09250126557753829415, -0.09105811380916994935, 0.05000000000000000278 ) ) ;
#1930 = VECTOR ( 'NONE', #580, 1000.000000000000000 ) ;
#1931 = CARTESIAN_POINT ( 'NONE',  ( 0.1237150933573553380, -0.1320361418181369428, -6.776263578034402713E-18 ) ) ;
#1932 = CARTESIAN_POINT ( 'NONE',  ( 0.1190171639096412465, -0.1321238189373750704, 0.05000000000000000278 ) ) ;
#1933 = FILL_AREA_STYLE ('',( #1460 ) ) ;
#1934 = ORIENTED_EDGE ( 'NONE', *, *, #6768, .F. ) ;
#1935 = FACE_OUTER_BOUND ( 'NONE', #626, .T. ) ;
#1936 = SURFACE_SIDE_STYLE ('',( #2760 ) ) ;
#1937 = CARTESIAN_POINT ( 'NONE',  ( 0.09473010847288794445, -0.05409060270983855057, -0.000000000000000000 ) ) ;
#1938 = CARTESIAN_POINT ( 'NONE',  ( -0.06717280296758566804, -0.05320922662181846313, 0.000000000000000000 ) ) ;
#1939 = FACE_OUTER_BOUND ( 'NONE', #855, .T. ) ;
#1940 = ORIENTED_EDGE ( 'NONE', *, *, #5506, .T. ) ;
#1941 = CARTESIAN_POINT ( 'NONE',  ( 0.1595709552041477408, -0.1256084219712770012, 0.05000000000000000278 ) ) ;
#1942 = VECTOR ( 'NONE', #1417, 1000.000000000000000 ) ;
#1943 = DIRECTION ( 'NONE',  ( 1.000000000000000000, 0.000000000000000000, 0.000000000000000000 ) ) ;
#1944 = EDGE_CURVE ( 'NONE', #3596, #967, #1485, .T. ) ;
#1945 = VECTOR ( 'NONE', #3977, 1000.000000000000000 ) ;
#1946 = VECTOR ( 'NONE', #75, 1000.000000000000000 ) ;
#1947 =( GEOMETRIC_REPRESENTATION_CONTEXT ( 3 ) GLOBAL_UNCERTAINTY_ASSIGNED_CONTEXT ( ( #6131 ) ) GLOBAL_UNIT_ASSIGNED_CONTEXT ( ( #5648, #2912, #1292 ) ) REPRESENTATION_CONTEXT ( 'NONE', 'WORKASPACE' ) );
#1948 = VERTEX_POINT ( 'NONE', #3719 ) ;
#1949 = CARTESIAN_POINT ( 'NONE',  ( -0.1014756245518972505, -0.09107814586045200056, 0.000000000000000000 ) ) ;
#1950 = STYLED_ITEM ( 'NONE', ( #6373 ), #4629 ) ;
#1951 = ORIENTED_EDGE ( 'NONE', *, *, #4119, .F. ) ;
#1952 = CARTESIAN_POINT ( 'NONE',  ( -0.07848652162219868500, -0.1220017048201231524, 0.000000000000000000 ) ) ;
#1953 = CARTESIAN_POINT ( 'NONE',  ( 0.07544745237117968240, -0.05816548560404174312, 0.05000000000000000278 ) ) ;
#1954 = CARTESIAN_POINT ( 'NONE',  ( 0.1632281790691835766, -0.1211751655866908639, 0.000000000000000000 ) ) ;
#1955 = ORIENTED_EDGE ( 'NONE', *, *, #492, .F. ) ;
#1956 = CARTESIAN_POINT ( 'NONE',  ( 0.08380857835790860022, -0.1303033007771384477, 0.000000000000000000 ) ) ;
#1957 = VECTOR ( 'NONE', #5555, 1000.000000000000000 ) ;
#1958 = CARTESIAN_POINT ( 'NONE',  ( -0.07046285665331823711, -0.04312944247666569003, 0.05000000000000000278 ) ) ;
#1959 = VECTOR ( 'NONE', #4494, 1000.000000000000000 ) ;
#1960 = ORIENTED_EDGE ( 'NONE', *, *, #5759, .T. ) ;
#1961 = DIRECTION ( 'NONE',  ( -0.7970624896273541538, -0.6038968352533765627, 0.000000000000000000 ) ) ;
#1962 = AXIS2_PLACEMENT_3D ( 'NONE', #1056, #1662, #5326 ) ;
#1963 = CARTESIAN_POINT ( 'NONE',  ( -0.5500000000000002665, -0.2450000000000006339, 0.000000000000000000 ) ) ;
#1964 = CARTESIAN_POINT ( 'NONE',  ( 0.09936334172606962889, -0.1280458820354458682, -0.000000000000000000 ) ) ;
#1965 = CARTESIAN_POINT ( 'NONE',  ( -0.08375234366413680798, -0.06427590203876686059, 0.05000000000000000278 ) ) ;
#1966 = EDGE_CURVE ( 'NONE', #6725, #1663, #4793, .T. ) ;
#1967 = ORIENTED_EDGE ( 'NONE', *, *, #2058, .T. ) ;
#1968 = DIRECTION ( 'NONE',  ( 0.000000000000000000, 0.000000000000000000, -1.000000000000000000 ) ) ;
#1969 = CARTESIAN_POINT ( 'NONE',  ( -0.05720335463975755735, -0.1289503022302631863, 0.000000000000000000 ) ) ;
#1970 = VECTOR ( 'NONE', #4990, 1000.000000000000000 ) ;
#1971 = ORIENTED_EDGE ( 'NONE', *, *, #2351, .T. ) ;
#1972 = CARTESIAN_POINT ( 'NONE',  ( 1.060000000000000719, 0.8750000000000000000, -0.02000000000000000042 ) ) ;
#1973 = ADVANCED_FACE ( 'NONE', ( #975 ), #6426, .T. ) ;
#1974 = DIRECTION ( 'NONE',  ( 0.000000000000000000, 1.000000000000000000, 0.000000000000000000 ) ) ;
#1975 = CARTESIAN_POINT ( 'NONE',  ( -0.04526088390441814630, -0.05023357471498005739, 0.000000000000000000 ) ) ;
#1977 = ORIENTED_EDGE ( 'NONE', *, *, #6023, .F. ) ;
#1976 = VECTOR ( 'NONE', #2201, 1000.000000000000000 ) ;
#1978 = CARTESIAN_POINT ( 'NONE',  ( 0.07938192100354897474, -0.1261423962992352099, 0.000000000000000000 ) ) ;
#1979 = DIRECTION ( 'NONE',  ( 0.000000000000000000, 0.000000000000000000, 1.000000000000000000 ) ) ;
#1980 = CARTESIAN_POINT ( 'NONE',  ( 0.1631722031931235328, -0.09854684446647571372, 0.05000000000000000278 ) ) ;
#1981 = B_SPLINE_SURFACE_WITH_KNOTS ( 'NONE', 3, 1, ( 
 ( #6183, #4047 ),
 ( #311, #3531 ),
 ( #5711, #1356 ),
 ( #2959, #821 ),
 ( #351, #3569 ),
 ( #6769, #1400 ),
 ( #1445, #5168 ),
 ( #4574, #6255 ),
 ( #3551, #4060 ),
 ( #6161, #2437 ),
 ( #4553, #374 ),
 ( #1385, #5097 ),
 ( #1991, #2495 ),
 ( #846, #6700 ),
 ( #2937, #3482 ),
 ( #894, #912 ),
 ( #5150, #2411 ),
 ( #1941, #4644 ),
 ( #5644, #6728 ) ),
 .UNSPECIFIED., .F., .F., .F.,
 ( 4, 1, 1, 1, 1, 1, 1, 1, 1, 1, 1, 1, 1, 1, 1, 1, 4 ),
 ( 2, 2 ),
 ( 0.000000000000000000, 0.06966280089907736506, 0.1377495622582731449, 0.2039167435177826893, 0.2687798623293363165, 0.3324137064772236805, 0.3947535404471397835, 0.4561800316591684834, 0.5169956491967200307, 0.5773959379659520108, 0.6371983435092755110, 0.6969991842614545741, 0.7567561942255596197, 0.8165539052726077385, 0.8769479965978699276, 0.9381317879205951504, 0.9999999999999998890 ),
 ( 0.000000000000000000, 1.000000000000000000 ),
 .UNSPECIFIED. ) ;
#1982 = ORIENTED_EDGE ( 'NONE', *, *, #6919, .F. ) ;
#1983 = UNCERTAINTY_MEASURE_WITH_UNIT (LENGTH_MEASURE( 1.000000000000000082E-05 ), #2560, 'distance_accuracy_value', 'NONE');
#1984 = CARTESIAN_POINT ( 'NONE',  ( -1.050000000000000266, 1.050000000000000044, 0.000000000000000000 ) ) ;
#1985 =( LENGTH_UNIT ( ) NAMED_UNIT ( * ) SI_UNIT ( .MILLI., .METRE. ) );
#1986 = CARTESIAN_POINT ( 'NONE',  ( 0.08330001647374379870, -0.1154571522707084213, 0.05000000000000000278 ) ) ;
#1987 = VERTEX_POINT ( 'NONE', #2788 ) ;
#1988 = CARTESIAN_POINT ( 'NONE',  ( -0.2091679322442049627, -0.1398161266296827909, 0.05000000000000000278 ) ) ;
#1989 = PLANE ( 'NONE',  #2851 ) ;
#1990 = EDGE_CURVE ( 'NONE', #3101, #2065, #2783, .T. ) ;
#1991 = CARTESIAN_POINT ( 'NONE',  ( 0.1496971926012319598, -0.1341253308538897515, 0.05000000000000000278 ) ) ;
#1992 = VERTEX_POINT ( 'NONE', #1690 ) ;
#1993 = MECHANICAL_DESIGN_GEOMETRIC_PRESENTATION_REPRESENTATION (  '', ( #2581 ), #2938 ) ;
#1994 = DIRECTION ( 'NONE',  ( 0.000000000000000000, -0.000000000000000000, 1.000000000000000000 ) ) ;
#1995 = CARTESIAN_POINT ( 'NONE',  ( -0.06058304104825274622, -0.1285883417963106234, 0.05000000000000000278 ) ) ;
#1996 = STYLED_ITEM ( 'NONE', ( #4066 ), #3745 ) ;
#1997 = DIRECTION ( 'NONE',  ( -1.000000000000000000, 0.000000000000000000, -0.000000000000000000 ) ) ;
#1998 = EDGE_LOOP ( 'NONE', ( #890, #1798, #1287, #2159, #1156, #1188, #6657, #5917, #5142, #3614, #2154 ) ) ;
#1999 = DIRECTION ( 'NONE',  ( 0.000000000000000000, -1.000000000000000000, 0.000000000000000000 ) ) ;
#2000 = EDGE_CURVE ( 'NONE', #6843, #520, #5001, .T. ) ;
#2001 = CARTESIAN_POINT ( 'NONE',  ( -0.07871815129849273063, -0.1344363725179572866, 0.000000000000000000 ) ) ;
#2002 = CARTESIAN_POINT ( 'NONE',  ( -0.04526088390441814630, -0.05023357471498005739, 0.05000000000000000278 ) ) ;
#2003 = CARTESIAN_POINT ( 'NONE',  ( 0.1122581491557099603, -0.1420636637904562904, 0.000000000000000000 ) ) ;
#2004 = CARTESIAN_POINT ( 'NONE',  ( 1.050000000000000044, 1.050000000000000044, 0.000000000000000000 ) ) ;
#2005 = ORIENTED_EDGE ( 'NONE', *, *, #6732, .F. ) ;
#2006 = DIRECTION ( 'NONE',  ( -0.000000000000000000, -0.000000000000000000, -1.000000000000000000 ) ) ;
#2007 = FACE_OUTER_BOUND ( 'NONE', #5902, .T. ) ;
#2008 = EDGE_CURVE ( 'NONE', #5503, #480, #4049, .T. ) ;
#2009 = CARTESIAN_POINT ( 'NONE',  ( -1.050000000000000044, -0.1249999999999996808, 0.7500000000000000000 ) ) ;
#2010 = CARTESIAN_POINT ( 'NONE',  ( 0.1039757549909560708, -0.04979126330781900173, 0.000000000000000000 ) ) ;
#2011 = ORIENTED_EDGE ( 'NONE', *, *, #5911, .F. ) ;
#2012 = ADVANCED_FACE ( 'NONE', ( #3881 ), #6692, .T. ) ;
#2013 = DIRECTION ( 'NONE',  ( 0.000000000000000000, 0.000000000000000000, -1.000000000000000000 ) ) ;
#2014 = ADVANCED_FACE ( 'NONE', ( #394 ), #139, .T. ) ;
#2015 = B_SPLINE_SURFACE_WITH_KNOTS ( 'NONE', 3, 1, ( 
 ( #2369, #6178 ),
 ( #4549, #867 ),
 ( #5092, #1893 ),
 ( #2904, #772 ),
 ( #4018, #4590 ),
 ( #305, #5539 ),
 ( #2348, #5584 ),
 ( #797, #6086 ),
 ( #6667, #5072 ),
 ( #6625, #3412 ),
 ( #231, #1846 ) ),
 .UNSPECIFIED., .F., .F., .F.,
 ( 4, 1, 1, 1, 1, 1, 1, 1, 4 ),
 ( 2, 2 ),
 ( 0.000000000000000000, 0.1642892164747606909, 0.3174059112304910002, 0.4588436116410199439, 0.5893665423053090491, 0.7078313187781720695, 0.8157700306990054440, 0.9128799029021265055, 1.000000000000000000 ),
 ( 0.000000000000000000, 1.000000000000000000 ),
 .UNSPECIFIED. ) ;
#2016 = LINE ( 'NONE', #5632, #3069 ) ;
#2017 = CARTESIAN_POINT ( 'NONE',  ( -1.060000000000000719, 0.8750000000000002220, 0.1499999999999999944 ) ) ;
#2018 = VERTEX_POINT ( 'NONE', #6537 ) ;
#2019 = VECTOR ( 'NONE', #2401, 1000.000000000000000 ) ;
#2020 = CARTESIAN_POINT ( 'NONE',  ( 0.5500000000000002665, -0.7450000000000006617, 0.000000000000000000 ) ) ;
#2021 = CARTESIAN_POINT ( 'NONE',  ( -0.08792288902851380650, -0.1274569080377580821, 0.000000000000000000 ) ) ;
#2022 = COLOUR_RGB ( '',0.5019607843137254832, 0.5019607843137254832, 0.000000000000000000 ) ;
#2023 = ORIENTED_EDGE ( 'NONE', *, *, #6630, .F. ) ;
#2024 = SURFACE_STYLE_USAGE ( .BOTH. , #2551 ) ;
#2025 = SURFACE_STYLE_FILL_AREA ( #986 ) ;
#2026 = SURFACE_STYLE_USAGE ( .BOTH. , #1393 ) ;
#2027 = LINE ( 'NONE', #2320, #6522 ) ;
#2028 = CARTESIAN_POINT ( 'NONE',  ( 0.05493463185835917306, -0.03981612662968277150, -0.000000000000000000 ) ) ;
#2029 = LINE ( 'NONE', #3622, #5125 ) ;
#2030 = ORIENTED_EDGE ( 'NONE', *, *, #4836, .T. ) ;
#2031 = EDGE_CURVE ( 'NONE', #1215, #1082, #5858, .T. ) ;
#2032 = DIRECTION ( 'NONE',  ( 1.000000000000000000, 0.000000000000000000, 0.000000000000000000 ) ) ;
#2033 = CARTESIAN_POINT ( 'NONE',  ( 0.08688011666841811975, -0.1193872678048526342, 0.000000000000000000 ) ) ;
#2034 = FILL_AREA_STYLE ('',( #2957 ) ) ;
#2035 = DIRECTION ( 'NONE',  ( 1.000000000000000000, -2.780005570475656200E-16, 0.000000000000000000 ) ) ;
#2036 =( GEOMETRIC_REPRESENTATION_CONTEXT ( 3 ) GLOBAL_UNCERTAINTY_ASSIGNED_CONTEXT ( ( #2470 ) ) GLOBAL_UNIT_ASSIGNED_CONTEXT ( ( #1379, #3503, #4135 ) ) REPRESENTATION_CONTEXT ( 'NONE', 'WORKASPACE' ) );
#2037 = CARTESIAN_POINT ( 'NONE',  ( -1.060000000000000719, 0.8750000000000002220, -0.02000000000000000042 ) ) ;
#2038 = VERTEX_POINT ( 'NONE', #6670 ) ;
#2039 = CARTESIAN_POINT ( 'NONE',  ( -0.03987706685958954805, -0.1295597163732725154, 0.05000000000000000278 ) ) ;
#2040 = EDGE_CURVE ( 'NONE', #4632, #5764, #352, .T. ) ;
#2041 = ORIENTED_EDGE ( 'NONE', *, *, #2331, .F. ) ;
#2042 = AXIS2_PLACEMENT_3D ( 'NONE', #6415, #1148, #2163 ) ;
#2043 = ADVANCED_FACE ( 'NONE', ( #2652 ), #297, .T. ) ;
#2044 = DIRECTION ( 'NONE',  ( -1.000000000000000000, 0.000000000000000000, 0.000000000000000000 ) ) ;
#2045 = ORIENTED_EDGE ( 'NONE', *, *, #4409, .F. ) ;
#2046 = AXIS2_PLACEMENT_3D ( 'NONE', #2184, #4855, #5894 ) ;
#2047 = PLANE ( 'NONE',  #424 ) ;
#2048 = ORIENTED_EDGE ( 'NONE', *, *, #5544, .F. ) ;
#2049 =( NAMED_UNIT ( * ) SI_UNIT ( $, .STERADIAN. ) SOLID_ANGLE_UNIT ( ) );
#2050 = LINE ( 'NONE', #3920, #4463 ) ;
#2051 = EDGE_LOOP ( 'NONE', ( #3326, #2832, #913, #4182 ) ) ;
#2053 = ORIENTED_EDGE ( 'NONE', *, *, #5129, .T. ) ;
#2052 = VECTOR ( 'NONE', #981, 1000.000000000000000 ) ;
#2054 = AXIS2_PLACEMENT_3D ( 'NONE', #1129, #1684, #2716 ) ;
#2055 = FILL_AREA_STYLE ('',( #440 ) ) ;
#2056 = FILL_AREA_STYLE ('',( #5254 ) ) ;
#2057 =( LENGTH_UNIT ( ) NAMED_UNIT ( * ) SI_UNIT ( .MILLI., .METRE. ) );
#2058 = EDGE_CURVE ( 'NONE', #4403, #2862, #6140, .T. ) ;
#2059 = EDGE_LOOP ( 'NONE', ( #6452, #19, #6501, #3964 ) ) ;
#2060 =( NAMED_UNIT ( * ) PLANE_ANGLE_UNIT ( ) SI_UNIT ( $, .RADIAN. ) );
#2061 = VERTEX_POINT ( 'NONE', #3461 ) ;
#2062 = DIRECTION ( 'NONE',  ( 0.000000000000000000, 0.000000000000000000, 1.000000000000000000 ) ) ;
#2063 = CARTESIAN_POINT ( 'NONE',  ( -0.09250126557753829415, -0.09105811380916994935, 0.000000000000000000 ) ) ;
#2064 = LINE ( 'NONE', #545, #5981 ) ;
#2065 = VERTEX_POINT ( 'NONE', #4475 ) ;
#2066 = ORIENTED_EDGE ( 'NONE', *, *, #3214, .T. ) ;
#2067 = UNCERTAINTY_MEASURE_WITH_UNIT (LENGTH_MEASURE( 1.000000000000000082E-05 ), #4041, 'distance_accuracy_value', 'NONE');
#2068 = DIRECTION ( 'NONE',  ( -0.000000000000000000, -0.000000000000000000, -1.000000000000000000 ) ) ;
#2069 = CARTESIAN_POINT ( 'NONE',  ( 0.1519887760542393829, -0.1325694734132142338, 0.05000000000000000278 ) ) ;
#2070 = CARTESIAN_POINT ( 'NONE',  ( -0.04047232377391438846, -0.05008767092976928320, 0.05000000000000000278 ) ) ;
#2071 = CARTESIAN_POINT ( 'NONE',  ( 0.1721479815769826338, -0.09926325071344067885, 0.05000000000000000278 ) ) ;
#2072 = FILL_AREA_STYLE_COLOUR ( '', #3240 ) ;
#2073 = SURFACE_STYLE_USAGE ( .BOTH. , #5815 ) ;
#2074 = DIRECTION ( 'NONE',  ( 0.000000000000000000, -1.000000000000000000, 0.000000000000000000 ) ) ;
#2075 = ORIENTED_EDGE ( 'NONE', *, *, #5025, .F. ) ;
#2076 = DIRECTION ( 'NONE',  ( -0.000000000000000000, 0.000000000000000000, -1.000000000000000000 ) ) ;
#2077 =( NAMED_UNIT ( * ) PLANE_ANGLE_UNIT ( ) SI_UNIT ( $, .RADIAN. ) );
#2078 = DIRECTION ( 'NONE',  ( -0.000000000000000000, 0.000000000000000000, 1.000000000000000000 ) ) ;
#2079 = ADVANCED_FACE ( 'NONE', ( #274 ), #1354, .T. ) ;
#2080 = EDGE_CURVE ( 'NONE', #2472, #3604, #3264, .T. ) ;
#2081 = CARTESIAN_POINT ( 'NONE',  ( -1.050000000000000044, -1.050000000000000044, 0.7500000000000000000 ) ) ;
#2082 = ADVANCED_FACE ( 'NONE', ( #6698 ), #798, .T. ) ;
#2083 = CARTESIAN_POINT ( 'NONE',  ( -0.08357054482803677464, -0.1313156964303594521, 0.05000000000000000278 ) ) ;
#2084 = ORIENTED_EDGE ( 'NONE', *, *, #4951, .T. ) ;
#2085 = AXIS2_PLACEMENT_3D ( 'NONE', #3418, #6187, #6093 ) ;
#2086 = CARTESIAN_POINT ( 'NONE',  ( 0.1533123937433988893, -0.06176323116728569401, 0.000000000000000000 ) ) ;
#2087 = CARTESIAN_POINT ( 'NONE',  ( -0.1250000000000000278, -0.6800000000000001599, 0.000000000000000000 ) ) ;
#2088 = LINE ( 'NONE', #4161, #5998 ) ;
#2089 =( GEOMETRIC_REPRESENTATION_CONTEXT ( 3 ) GLOBAL_UNCERTAINTY_ASSIGNED_CONTEXT ( ( #218 ) ) GLOBAL_UNIT_ASSIGNED_CONTEXT ( ( #3096, #458, #1525 ) ) REPRESENTATION_CONTEXT ( 'NONE', 'WORKASPACE' ) );
#2090 = LINE ( 'NONE', #5906, #4673 ) ;
#2091 = CARTESIAN_POINT ( 'NONE',  ( 0.1728389157054465164, -0.08743646989846672046, 0.000000000000000000 ) ) ;
#2092 = ORIENTED_EDGE ( 'NONE', *, *, #1924, .T. ) ;
#2093 = DIRECTION ( 'NONE',  ( 1.000000000000000000, 0.000000000000000000, 0.000000000000000000 ) ) ;
#2094 = APPLICATION_PROTOCOL_DEFINITION ( 'draft international standard', 'automotive_design', 1998, #2124 ) ;
#2095 = VECTOR ( 'NONE', #3863, 1000.000000000000000 ) ;
#2096 = CARTESIAN_POINT ( 'NONE',  ( 0.1421667712530423067, -0.05314600374105853814, 0.05000000000000000278 ) ) ;
#2097 = DIRECTION ( 'NONE',  ( -0.000000000000000000, -0.000000000000000000, -1.000000000000000000 ) ) ;
#2098 =( GEOMETRIC_REPRESENTATION_CONTEXT ( 3 ) GLOBAL_UNCERTAINTY_ASSIGNED_CONTEXT ( ( #3411 ) ) GLOBAL_UNIT_ASSIGNED_CONTEXT ( ( #4967, #5440, #1762 ) ) REPRESENTATION_CONTEXT ( 'NONE', 'WORKASPACE' ) );
#2099 = LINE ( 'NONE', #3269, #6940 ) ;
#2100 = EDGE_LOOP ( 'NONE', ( #379, #5128, #3658, #5710, #2504, #6462 ) ) ;
#2101 = EDGE_CURVE ( 'NONE', #3443, #6376, #2934, .T. ) ;
#2102 = PRESENTATION_STYLE_ASSIGNMENT (( #2572 ) ) ;
#2103 = SURFACE_STYLE_USAGE ( .BOTH. , #4759 ) ;
#2104 = FILL_AREA_STYLE_COLOUR ( '', #2198 ) ;
#2105 = B_SPLINE_CURVE_WITH_KNOTS ( 'NONE', 3,
 ( #6303, #1490, #4227, #1537, #5757, #6369, #4138, #978, #3644, #4692, #3079, #6910, #470, #3618, #4202, #5256, #444, #4153, #4762 ),
 .UNSPECIFIED., .F., .F.,
 ( 4, 1, 1, 1, 1, 1, 1, 1, 1, 1, 1, 1, 1, 1, 1, 1, 4 ),
 ( 0.000000000000000000, 0.06241450026327783479, 0.1233382314733144497, 0.1831245376921930845, 0.2417829946389429274, 0.3005788825509771445, 0.3596800748966264005, 0.4188816408500465882, 0.4795306644577834176, 0.5408505357600387198, 0.6023033958983804448, 0.6644632119464731757, 0.7278057226670122670, 0.7928948147812350244, 0.8596723283028315787, 0.9284644007334890148, 1.000000000000000000 ),
 .UNSPECIFIED. ) ;
#2106 = FILL_AREA_STYLE ('',( #6889 ) ) ;
#2107 = LINE ( 'NONE', #1123, #5283 ) ;
#2108 = VERTEX_POINT ( 'NONE', #5563 ) ;
#2109 = PRESENTATION_STYLE_ASSIGNMENT (( #3154 ) ) ;
#2110 = DIRECTION ( 'NONE',  ( -1.000000000000000000, 0.000000000000000000, 0.000000000000000000 ) ) ;
#2111 = CARTESIAN_POINT ( 'NONE',  ( -0.1014222413064533868, -0.09474991807288055123, 0.05000000000000000278 ) ) ;
#2112 = CARTESIAN_POINT ( 'NONE',  ( 0.1551063169092620209, -0.06385935521268799875, -0.000000000000000000 ) ) ;
#2113 = SURFACE_STYLE_FILL_AREA ( #6937 ) ;
#2114 = LINE ( 'NONE', #4612, #4515 ) ;
#2115 =( NAMED_UNIT ( * ) SI_UNIT ( $, .STERADIAN. ) SOLID_ANGLE_UNIT ( ) );
#2116 = VERTEX_POINT ( 'NONE', #5073 ) ;
#2117 = LINE ( 'NONE', #724, #3672 ) ;
#2118 = VECTOR ( 'NONE', #2006, 1000.000000000000000 ) ;
#2119 = EDGE_CURVE ( 'NONE', #2964, #5896, #3775, .T. ) ;
#2120 =( LENGTH_UNIT ( ) NAMED_UNIT ( * ) SI_UNIT ( .MILLI., .METRE. ) );
#2121 = DIRECTION ( 'NONE',  ( 0.000000000000000000, 0.000000000000000000, -1.000000000000000000 ) ) ;
#2122 = UNCERTAINTY_MEASURE_WITH_UNIT (LENGTH_MEASURE( 1.000000000000000082E-05 ), #1985, 'distance_accuracy_value', 'NONE');
#2123 = DIRECTION ( 'NONE',  ( -1.000000000000000000, 5.560011140951315358E-16, 0.000000000000000000 ) ) ;
#2124 = APPLICATION_CONTEXT ( 'automotive_design' ) ;
#2125 = VECTOR ( 'NONE', #566, 1000.000000000000000 ) ;
#2126 = CARTESIAN_POINT ( 'NONE',  ( -1.060000000000000719, 0.1250000000000002220, 0.1499999999999999944 ) ) ;
#2127 = CIRCLE ( 'NONE', #3809, 0.1199999999999999956 ) ;
#2128 = CARTESIAN_POINT ( 'NONE',  ( -0.5500000000000002665, -0.2549999999999990608, -0.02000000000000000042 ) ) ;
#2129 = ADVANCED_FACE ( 'NONE', ( #199 ), #4378, .T. ) ;
#2130 = ORIENTED_EDGE ( 'NONE', *, *, #1531, .T. ) ;
#2131 = EDGE_LOOP ( 'NONE', ( #2514, #3833, #4936, #1442, #2360, #1327 ) ) ;
#2132 = EDGE_CURVE ( 'NONE', #1416, #1638, #3941, .T. ) ;
#2133 = CARTESIAN_POINT ( 'NONE',  ( 0.1728833498070771468, -0.08923519714250328916, 0.000000000000000000 ) ) ;
#2134 = LINE ( 'NONE', #6576, #2291 ) ;
#2135 = CARTESIAN_POINT ( 'NONE',  ( 0.1697895836274288528, -0.1085987621891879862, 0.05000000000000000278 ) ) ;
#2136 = DIRECTION ( 'NONE',  ( 1.000000000000000000, -2.085004177856742520E-16, 0.000000000000000000 ) ) ;
#2137 = DIRECTION ( 'NONE',  ( 1.000000000000000000, -2.780005570475656200E-16, 0.000000000000000000 ) ) ;
#2138 = ADVANCED_FACE ( 'NONE', ( #6466 ), #5115, .T. ) ;
#2139 = AXIS2_PLACEMENT_3D ( 'NONE', #134, #4414, #1238 ) ;
#2140 = ORIENTED_EDGE ( 'NONE', *, *, #4608, .T. ) ;
#2141 = EDGE_LOOP ( 'NONE', ( #5983, #6039, #5658, #494, #2310, #1062 ) ) ;
#2142 = CARTESIAN_POINT ( 'NONE',  ( -0.1014756245518972505, -0.09107814586045200056, 0.05000000000000000278 ) ) ;
#2143 = B_SPLINE_SURFACE_WITH_KNOTS ( 'NONE', 3, 1, ( 
 ( #6318, #3633 ),
 ( #3557, #966 ),
 ( #5197, #3121 ),
 ( #5795, #6340 ),
 ( #4094, #386 ),
 ( #3013, #5175 ),
 ( #1480, #921 ),
 ( #2002, #1975 ),
 ( #2070, #5271 ),
 ( #6832, #430 ),
 ( #3040, #6241 ) ),
 .UNSPECIFIED., .F., .F., .F.,
 ( 4, 1, 1, 1, 1, 1, 1, 1, 4 ),
 ( 2, 2 ),
 ( 0.000000000000000000, 0.08431861695858089423, 0.1792845142139041781, 0.2865825276465601146, 0.4051114834342786075, 0.5355928734189734364, 0.6781902099934136174, 0.8329758397604892783, 1.000000000000000000 ),
 ( 0.000000000000000000, 1.000000000000000000 ),
 .UNSPECIFIED. ) ;
#2144 = CARTESIAN_POINT ( 'NONE',  ( 4.865009748332402664E-16, 0.8750000000000005551, 0.000000000000000000 ) ) ;
#2145 = CARTESIAN_POINT ( 'NONE',  ( 0.04596027288400020283, -0.09109817791173405177, -0.000000000000000000 ) ) ;
#2146 = EDGE_CURVE ( 'NONE', #5290, #4694, #3105, .T. ) ;
#2147 = ORIENTED_EDGE ( 'NONE', *, *, #3110, .F. ) ;
#2148 = FILL_AREA_STYLE ('',( #5311 ) ) ;
#2149 = AXIS2_PLACEMENT_3D ( 'NONE', #755, #2374, #1246 ) ;
#2150 = CARTESIAN_POINT ( 'NONE',  ( 0.1611740490237879575, -0.05602280401196018528, 0.000000000000000000 ) ) ;
#2151 = STYLED_ITEM ( 'NONE', ( #5676 ), #5139 ) ;
#2152 = FILL_AREA_STYLE_COLOUR ( '', #5580 ) ;
#2154 = ORIENTED_EDGE ( 'NONE', *, *, #6768, .T. ) ;
#2153 = LINE ( 'NONE', #2395, #888 ) ;
#2155 = CARTESIAN_POINT ( 'NONE',  ( 0.1567401857739871007, -0.06608370302746677249, 0.05000000000000000278 ) ) ;
#2156 = CARTESIAN_POINT ( 'NONE',  ( 1.050000000000000044, 0.1249999999999999445, 0.1499999999999999944 ) ) ;
#2157 = B_SPLINE_SURFACE_WITH_KNOTS ( 'NONE', 3, 1, ( 
 ( #763, #1220 ),
 ( #1255, #197 ),
 ( #3911, #5508 ),
 ( #3335, #3869 ),
 ( #4487, #4954 ),
 ( #702, #1298 ),
 ( #6637, #2363 ),
 ( #2339, #3959 ),
 ( #4413, #1747 ),
 ( #2799, #4436 ),
 ( #1234, #6099 ),
 ( #6615, #1774 ),
 ( #245, #3403 ),
 ( #6573, #3360 ),
 ( #4997, #2319 ),
 ( #6060, #221 ),
 ( #2822, #3940 ),
 ( #6592, #5653 ),
 ( #1953, #360 ) ),
 .UNSPECIFIED., .F., .F., .F.,
 ( 4, 1, 1, 1, 1, 1, 1, 1, 1, 1, 1, 1, 1, 1, 1, 1, 4 ),
 ( 2, 2 ),
 ( 0.000000000000000000, 0.06854753670890291473, 0.1356829456230481956, 0.2012149895263285748, 0.2656822347546964336, 0.3292668348172592130, 0.3923954278443285149, 0.4550697616521436339, 0.5171268500645062050, 0.5787900352866527376, 0.6397398633435417148, 0.7001915036663086678, 0.7598062425966702893, 0.8196283192750081215, 0.8793547910462764516, 0.9395116077646616937, 1.000000000000000000 ),
 ( 0.000000000000000000, 1.000000000000000000 ),
 .UNSPECIFIED. ) ;
#2158 =( GEOMETRIC_REPRESENTATION_CONTEXT ( 3 ) GLOBAL_UNCERTAINTY_ASSIGNED_CONTEXT ( ( #5478 ) ) GLOBAL_UNIT_ASSIGNED_CONTEXT ( ( #1789, #3302, #5994 ) ) REPRESENTATION_CONTEXT ( 'NONE', 'WORKASPACE' ) );
#2159 = ORIENTED_EDGE ( 'NONE', *, *, #3793, .T. ) ;
#2160 =( NAMED_UNIT ( * ) SI_UNIT ( $, .STERADIAN. ) SOLID_ANGLE_UNIT ( ) );
#2161 =( LENGTH_UNIT ( ) NAMED_UNIT ( * ) SI_UNIT ( .MILLI., .METRE. ) );
#2162 = ORIENTED_EDGE ( 'NONE', *, *, #740, .F. ) ;
#2163 = DIRECTION ( 'NONE',  ( 1.000000000000000000, 0.000000000000000000, 0.000000000000000000 ) ) ;
#2164 = CARTESIAN_POINT ( 'NONE',  ( -1.060000000000000719, 0.8750000000000002220, -0.02000000000000000042 ) ) ;
#2165 = PRESENTATION_STYLE_ASSIGNMENT (( #3675 ) ) ;
#2166 = ADVANCED_FACE ( 'NONE', ( #31 ), #371, .T. ) ;
#2167 = CARTESIAN_POINT ( 'NONE',  ( -0.08357054482803677464, -0.1313156964303594521, 0.000000000000000000 ) ) ;
#2168 = VECTOR ( 'NONE', #3427, 1000.000000000000000 ) ;
#2169 = ORIENTED_EDGE ( 'NONE', *, *, #6495, .F. ) ;
#2170 = CARTESIAN_POINT ( 'NONE',  ( 0.2318577087814361337, -0.1398161266296827909, -0.000000000000000000 ) ) ;
#2171 = CARTESIAN_POINT ( 'NONE',  ( 0.07938192100354897474, -0.1261423962992352099, 0.05000000000000000278 ) ) ;
#2172 = CARTESIAN_POINT ( 'NONE',  ( 0.1669652991969572953, -0.06443303271205400029, 0.000000000000000000 ) ) ;
#2173 = ADVANCED_FACE ( 'NONE', ( #4979 ), #1989, .T. ) ;
#2174 = CARTESIAN_POINT ( 'NONE',  ( -0.1240918104493331370, -0.1398161266296827909, 0.000000000000000000 ) ) ;
#2175 = CARTESIAN_POINT ( 'NONE',  ( 1.060000000000000497, -0.6250000000000000000, 0.1499999999999999944 ) ) ;
#2176 = FILL_AREA_STYLE_COLOUR ( '', #3204 ) ;
#2177 = PLANE ( 'NONE',  #2332 ) ;
#2178 =( NAMED_UNIT ( * ) PLANE_ANGLE_UNIT ( ) SI_UNIT ( $, .RADIAN. ) );
#2179 = EDGE_CURVE ( 'NONE', #2362, #5205, #4456, .T. ) ;
#2180 = ORIENTED_EDGE ( 'NONE', *, *, #6182, .T. ) ;
#2181 = LINE ( 'NONE', #1169, #3395 ) ;
#2182 = CARTESIAN_POINT ( 'NONE',  ( -0.05342845437138087766, -0.1292238758819390099, 0.000000000000000000 ) ) ;
#2183 = MECHANICAL_DESIGN_GEOMETRIC_PRESENTATION_REPRESENTATION (  '', ( #3307 ), #5032 ) ;
#2184 = CARTESIAN_POINT ( 'NONE',  ( 0.6700000000000002620, -0.2449999999999997735, 0.000000000000000000 ) ) ;
#2185 = CARTESIAN_POINT ( 'NONE',  ( 1.060000000000000497, -0.6250000000000000000, 0.1499999999999999944 ) ) ;
#2186 = PLANE ( 'NONE',  #926 ) ;
#2187 = CARTESIAN_POINT ( 'NONE',  ( -0.09353168527998381721, -0.06108338808348747623, 0.000000000000000000 ) ) ;
#2188 = ORIENTED_EDGE ( 'NONE', *, *, #3027, .T. ) ;
#2189 = EDGE_CURVE ( 'NONE', #3789, #5851, #5052, .T. ) ;
#2190 = LINE ( 'NONE', #6845, #753 ) ;
#2191 =( LENGTH_UNIT ( ) NAMED_UNIT ( * ) SI_UNIT ( .MILLI., .METRE. ) );
#2192 = CARTESIAN_POINT ( 'NONE',  ( -0.08120360052021143027, -0.1329487408545895477, 0.05000000000000000278 ) ) ;
#2193 = MECHANICAL_DESIGN_GEOMETRIC_PRESENTATION_REPRESENTATION (  '', ( #835 ), #3456 ) ;
#2194 = ORIENTED_EDGE ( 'NONE', *, *, #4864, .T. ) ;
#2195 = AXIS2_PLACEMENT_3D ( 'NONE', #244, #6612, #1857 ) ;
#2196 = DIRECTION ( 'NONE',  ( -5.560011140951313386E-16, -1.000000000000000000, 0.000000000000000000 ) ) ;
#2197 = CARTESIAN_POINT ( 'NONE',  ( 0.1209625088339810056, -0.03729811943739336916, 0.000000000000000000 ) ) ;
#2198 = COLOUR_RGB ( '',0.5019607843137254832, 0.5019607843137254832, 0.000000000000000000 ) ;
#2199 = ORIENTED_EDGE ( 'NONE', *, *, #904, .F. ) ;
#2200 = FILL_AREA_STYLE_COLOUR ( '', #5102 ) ;
#2201 = DIRECTION ( 'NONE',  ( -0.000000000000000000, 1.000000000000000000, -0.000000000000000000 ) ) ;
#2202 = EDGE_CURVE ( 'NONE', #1086, #1405, #2441, .T. ) ;
#2203 = ORIENTED_EDGE ( 'NONE', *, *, #2705, .T. ) ;
#2204 = DIRECTION ( 'NONE',  ( 0.000000000000000000, 1.000000000000000000, 0.000000000000000000 ) ) ;
#2205 = CARTESIAN_POINT ( 'NONE',  ( -0.07804950668536714264, -0.04637899589068245759, 0.05000000000000000278 ) ) ;
#2206 = DIRECTION ( 'NONE',  ( 0.000000000000000000, 0.000000000000000000, -1.000000000000000000 ) ) ;
#2207 = CARTESIAN_POINT ( 'NONE',  ( -0.09144859110769400223, -0.05805267414107320029, 0.000000000000000000 ) ) ;
#2208 = ADVANCED_FACE ( 'NONE', ( #5381 ), #2621, .T. ) ;
#2209 = DIRECTION ( 'NONE',  ( 0.000000000000000000, 0.000000000000000000, -1.000000000000000000 ) ) ;
#2210 = ORIENTED_EDGE ( 'NONE', *, *, #2040, .T. ) ;
#2211 = VECTOR ( 'NONE', #6885, 1000.000000000000000 ) ;
#2212 = CIRCLE ( 'NONE', #2721, 0.1312853616792236666 ) ;
#2213 = CARTESIAN_POINT ( 'NONE',  ( -0.1004107851309982286, -0.07872441364849007417, 0.05000000000000000278 ) ) ;
#2214 = CARTESIAN_POINT ( 'NONE',  ( -0.1014756245518972505, -0.09107814586045200056, 0.000000000000000000 ) ) ;
#2215 = ORIENTED_EDGE ( 'NONE', *, *, #453, .F. ) ;
#2216 = LINE ( 'NONE', #5248, #6457 ) ;
#2217 = FILL_AREA_STYLE ('',( #1567 ) ) ;
#2218 = ORIENTED_EDGE ( 'NONE', *, *, #3861, .F. ) ;
#2219 = CARTESIAN_POINT ( 'NONE',  ( 0.6700000000000002620, -0.2449999999999997735, -0.02000000000000000042 ) ) ;
#2220 = VERTEX_POINT ( 'NONE', #4795 ) ;
#2221 = VERTEX_POINT ( 'NONE', #6330 ) ;
#2222 = EDGE_CURVE ( 'NONE', #1720, #6634, #2105, .T. ) ;
#2223 = CARTESIAN_POINT ( 'NONE',  ( 0.07544745237117968240, -0.05816548560404174312, -0.000000000000000000 ) ) ;
#2224 = VERTEX_POINT ( 'NONE', #3152 ) ;
#2225 = DIRECTION ( 'NONE',  ( 0.000000000000000000, -0.000000000000000000, -1.000000000000000000 ) ) ;
#2226 = SURFACE_STYLE_FILL_AREA ( #3548 ) ;
#2227 = CARTESIAN_POINT ( 'NONE',  ( -0.1240918104493331370, -0.1398161266296827909, 0.05000000000000000278 ) ) ;
#2228 = AXIS2_PLACEMENT_3D ( 'NONE', #4336, #4902, #6608 ) ;
#2229 = ORIENTED_EDGE ( 'NONE', *, *, #1467, .T. ) ;
#2230 = STYLED_ITEM ( 'NONE', ( #6616 ), #4193 ) ;
#2231 = ORIENTED_EDGE ( 'NONE', *, *, #5739, .T. ) ;
#2232 = CARTESIAN_POINT ( 'NONE',  ( -0.09540984697864707265, -0.06429230386114875850, 0.05000000000000000278 ) ) ;
#2233 = CARTESIAN_POINT ( 'NONE',  ( 0.08330001647374379870, -0.06417510098865712720, 0.05000000000000000278 ) ) ;
#2234 = PRESENTATION_LAYER_ASSIGNMENT (  '', '', ( #1155 ) ) ;
#2235 = DIRECTION ( 'NONE',  ( -0.000000000000000000, 0.000000000000000000, 1.000000000000000000 ) ) ;
#2236 = ADVANCED_FACE ( 'NONE', ( #3601 ), #996, .T. ) ;
#2237 = EDGE_CURVE ( 'NONE', #5376, #6821, #6554, .T. ) ;
#2238 = SURFACE_STYLE_USAGE ( .BOTH. , #3213 ) ;
#2239 = VECTOR ( 'NONE', #4354, 1000.000000000000000 ) ;
#2241 = ORIENTED_EDGE ( 'NONE', *, *, #3974, .T. ) ;
#2240 = LINE ( 'NONE', #2323, #2859 ) ;
#2242 = VERTEX_POINT ( 'NONE', #4177 ) ;
#2243 = CARTESIAN_POINT ( 'NONE',  ( 0.1058252334740252820, -0.03860551836098963241, -0.000000000000000000 ) ) ;
#2244 = CARTESIAN_POINT ( 'NONE',  ( -0.08400792119507191624, -0.05032668058903102398, 0.000000000000000000 ) ) ;
#2245 = DIRECTION ( 'NONE',  ( 0.000000000000000000, 0.000000000000000000, -1.000000000000000000 ) ) ;
#2246 = B_SPLINE_CURVE_WITH_KNOTS ( 'NONE', 3,
 ( #359, #55, #4754, #5765, #630, #4729, #598, #6849, #6477, #1501, #4904, #4319, #5270, #2069, #3632, #5933, #5244, #6831, #1672 ),
 .UNSPECIFIED., .F., .F.,
 ( 4, 1, 1, 1, 1, 1, 1, 1, 1, 1, 1, 1, 1, 1, 1, 1, 4 ),
 ( 0.000000000000000000, 0.06966280089907736506, 0.1377495622582731449, 0.2039167435177826893, 0.2687798623293363165, 0.3324137064772236805, 0.3947535404471397835, 0.4561800316591684834, 0.5169956491967200307, 0.5773959379659520108, 0.6371983435092755110, 0.6969991842614545741, 0.7567561942255596197, 0.8165539052726077385, 0.8769479965978699276, 0.9381317879205951504, 0.9999999999999998890 ),
 .UNSPECIFIED. ) ;
#2247 = CARTESIAN_POINT ( 'NONE',  ( -0.5500000000000002665, -0.7450000000000006617, -0.02000000000000000042 ) ) ;
#2248 = CARTESIAN_POINT ( 'NONE',  ( 0.1449707443425017894, -0.04304915190718267698, 0.05000000000000000278 ) ) ;
#2249 = ORIENTED_EDGE ( 'NONE', *, *, #4233, .T. ) ;
#2250 = CARTESIAN_POINT ( 'NONE',  ( -1.050000000000000266, -0.8749999999999997780, 0.000000000000000000 ) ) ;
#2251 = FILL_AREA_STYLE ('',( #1071 ) ) ;
#2252 = DIRECTION ( 'NONE',  ( 1.000000000000000000, 0.000000000000000000, 0.000000000000000000 ) ) ;
#2253 = ORIENTED_EDGE ( 'NONE', *, *, #5955, .F. ) ;
#2254 = ORIENTED_EDGE ( 'NONE', *, *, #2935, .T. ) ;
#2255 = LINE ( 'NONE', #3116, #829 ) ;
#2256 = DIRECTION ( 'NONE',  ( -0.000000000000000000, 0.000000000000000000, -1.000000000000000000 ) ) ;
#2257 = CARTESIAN_POINT ( 'NONE',  ( 0.004999999999999896021, -0.5600000000000001643, 0.000000000000000000 ) ) ;
#2258 = EDGE_CURVE ( 'NONE', #2422, #4658, #1871, .T. ) ;
#2259 = VERTEX_POINT ( 'NONE', #3131 ) ;
#2260 = PLANE ( 'NONE',  #721 ) ;
#2261 = PRESENTATION_LAYER_ASSIGNMENT (  '', '', ( #603 ) ) ;
#2262 = PLANE ( 'NONE',  #6830 ) ;
#2263 = DIRECTION ( 'NONE',  ( -0.000000000000000000, -0.000000000000000000, 1.000000000000000000 ) ) ;
#2264 = ADVANCED_FACE ( 'NONE', ( #1214 ), #4247, .F. ) ;
#2265 = EDGE_CURVE ( 'NONE', #4516, #1796, #6717, .T. ) ;
#2266 = CARTESIAN_POINT ( 'NONE',  ( -0.001475624551897254926, -0.1295597163732725154, 0.000000000000000000 ) ) ;
#2267 = FILL_AREA_STYLE_COLOUR ( '', #3847 ) ;
#2268 = AXIS2_PLACEMENT_3D ( 'NONE', #5749, #1979, #5700 ) ;
#2269 = CARTESIAN_POINT ( 'NONE',  ( 0.08851833859476565536, -0.04575480356078427679, 0.05000000000000000278 ) ) ;
#2270 = AXIS2_PLACEMENT_3D ( 'NONE', #1098, #82, #4913 ) ;
#2271 = SURFACE_STYLE_USAGE ( .BOTH. , #2745 ) ;
#2272 = ORIENTED_EDGE ( 'NONE', *, *, #3529, .T. ) ;
#2273 = VECTOR ( 'NONE', #5745, 1000.000000000000000 ) ;
#2274 = LINE ( 'NONE', #6600, #6111 ) ;
#2275 = DIRECTION ( 'NONE',  ( -1.000000000000000000, 6.950013926189140747E-16, 0.000000000000000000 ) ) ;
#2276 = ORIENTED_EDGE ( 'NONE', *, *, #2489, .F. ) ;
#2277 = COLOUR_RGB ( '',0.1490196078431372528, 0.1490196078431372528, 0.1490196078431372528 ) ;
#2278 = LINE ( 'NONE', #5793, #522 ) ;
#2279 = LINE ( 'NONE', #5854, #4790 ) ;
#2280 = EDGE_CURVE ( 'NONE', #2472, #1217, #872, .T. ) ;
#2281 = ORIENTED_EDGE ( 'NONE', *, *, #5281, .F. ) ;
#2282 = LINE ( 'NONE', #4329, #13 ) ;
#2283 = CARTESIAN_POINT ( 'NONE',  ( -0.04137290699881829986, -0.03982877148671037232, -0.000000000000000000 ) ) ;
#2284 = VECTOR ( 'NONE', #5724, 1000.000000000000000 ) ;
#2285 = CARTESIAN_POINT ( 'NONE',  ( -0.06532051395959316553, -0.05264512612639973138, 0.05000000000000000278 ) ) ;
#2286 = CARTESIAN_POINT ( 'NONE',  ( -0.05189009047596550295, -0.1398038267358412967, 0.05000000000000000278 ) ) ;
#2287 = DIRECTION ( 'NONE',  ( -1.000000000000000000, 0.000000000000000000, 0.000000000000000000 ) ) ;
#2288 = CIRCLE ( 'NONE', #4546, 0.1199999999999999956 ) ;
#2289 =( LENGTH_UNIT ( ) NAMED_UNIT ( * ) SI_UNIT ( .MILLI., .METRE. ) );
#2290 = CARTESIAN_POINT ( 'NONE',  ( 0.1691168806628255139, -0.06897961214725575885, 0.05000000000000000278 ) ) ;
#2291 = VECTOR ( 'NONE', #6500, 1000.000000000000000 ) ;
#2292 = ORIENTED_EDGE ( 'NONE', *, *, #4493, .F. ) ;
#2293 = CARTESIAN_POINT ( 'NONE',  ( 0.5500000000000003775, 0.2549999999999993938, 0.000000000000000000 ) ) ;
#2294 = EDGE_LOOP ( 'NONE', ( #1831, #3595, #5306, #154 ) ) ;
#2295 = ORIENTED_EDGE ( 'NONE', *, *, #1853, .T. ) ;
#2296 = VERTEX_POINT ( 'NONE', #5345 ) ;
#2297 =( NAMED_UNIT ( * ) SI_UNIT ( $, .STERADIAN. ) SOLID_ANGLE_UNIT ( ) );
#2298 = EDGE_CURVE ( 'NONE', #1630, #450, #2921, .T. ) ;
#2299 =( LENGTH_UNIT ( ) NAMED_UNIT ( * ) SI_UNIT ( .MILLI., .METRE. ) );
#2300 = VECTOR ( 'NONE', #3598, 1000.000000000000000 ) ;
#2301 = CARTESIAN_POINT ( 'NONE',  ( -0.09144859110769400223, -0.05805267414107320029, 0.05000000000000000278 ) ) ;
#2302 = CARTESIAN_POINT ( 'NONE',  ( -0.03542995147497418618, -0.05007253688609302616, 0.05000000000000000278 ) ) ;
#2303 = DIRECTION ( 'NONE',  ( -1.000000000000000000, 0.000000000000000000, -0.000000000000000000 ) ) ;
#2304 = PLANE ( 'NONE',  #1451 ) ;
#2305 = CARTESIAN_POINT ( 'NONE',  ( 0.05493463185835917306, -0.03981612662968277150, 0.05000000000000000278 ) ) ;
#2306 =( GEOMETRIC_REPRESENTATION_CONTEXT ( 3 ) GLOBAL_UNCERTAINTY_ASSIGNED_CONTEXT ( ( #667 ) ) GLOBAL_UNIT_ASSIGNED_CONTEXT ( ( #4731, #1624, #3142 ) ) REPRESENTATION_CONTEXT ( 'NONE', 'WORKASPACE' ) );
#2307 =( GEOMETRIC_REPRESENTATION_CONTEXT ( 3 ) GLOBAL_UNCERTAINTY_ASSIGNED_CONTEXT ( ( #435 ) ) GLOBAL_UNIT_ASSIGNED_CONTEXT ( ( #3220, #1074, #2160 ) ) REPRESENTATION_CONTEXT ( 'NONE', 'WORKASPACE' ) );
#2308 =( NAMED_UNIT ( * ) PLANE_ANGLE_UNIT ( ) SI_UNIT ( $, .RADIAN. ) );
#2309 = ORIENTED_EDGE ( 'NONE', *, *, #3937, .T. ) ;
#2310 = ORIENTED_EDGE ( 'NONE', *, *, #2392, .F. ) ;
#2311 = CARTESIAN_POINT ( 'NONE',  ( 0.1189570677557950790, -0.1423802291937853459, 0.05000000000000000278 ) ) ;
#2313 = ORIENTED_EDGE ( 'NONE', *, *, #233, .F. ) ;
#2312 = VECTOR ( 'NONE', #1529, 1000.000000000000000 ) ;
#2314 = SURFACE_STYLE_USAGE ( .BOTH. , #5500 ) ;
#2315 = EDGE_CURVE ( 'NONE', #3353, #401, #5869, .T. ) ;
#2316 = PLANE ( 'NONE',  #6867 ) ;
#2317 = ADVANCED_BREP_SHAPE_REPRESENTATION ( 'QFN-10_L2.0-W2.0-P0.50-TL', ( #2667, #6468 ), #2306 ) ;
#2318 = CARTESIAN_POINT ( 'NONE',  ( -0.1010159831795813951, -0.08271623839307491732, 0.000000000000000000 ) ) ;
#2319 = CARTESIAN_POINT ( 'NONE',  ( 0.08140205521704349523, -0.05133644756676952053, 0.000000000000000000 ) ) ;
#2320 = CARTESIAN_POINT ( 'NONE',  ( -0.8902682411128723938, 0.7285559488550196194, 0.7299999999999999822 ) ) ;
#2321 = DIRECTION ( 'NONE',  ( -0.000000000000000000, -0.000000000000000000, -1.000000000000000000 ) ) ;
#2322 = ORIENTED_EDGE ( 'NONE', *, *, #6919, .T. ) ;
#2323 = CARTESIAN_POINT ( 'NONE',  ( -0.1441639258339485752, -0.09750843432199045313, 0.05000000000000000278 ) ) ;
#2324 = FILL_AREA_STYLE_COLOUR ( '', #1760 ) ;
#2325 = CARTESIAN_POINT ( 'NONE',  ( 0.5500000000000003775, 0.000000000000000000, 0.000000000000000000 ) ) ;
#2326 = ORIENTED_EDGE ( 'NONE', *, *, #5424, .F. ) ;
#2327 =( NAMED_UNIT ( * ) PLANE_ANGLE_UNIT ( ) SI_UNIT ( $, .RADIAN. ) );
#2328 = CARTESIAN_POINT ( 'NONE',  ( 0.08330001647374379870, -0.1154571522707084213, 0.05000000000000000278 ) ) ;
#2329 = SURFACE_STYLE_FILL_AREA ( #3605 ) ;
#2330 = CARTESIAN_POINT ( 'NONE',  ( 1.060000000000000719, 0.3749999999999999445, 0.1499999999999999944 ) ) ;
#2331 = EDGE_CURVE ( 'NONE', #1723, #6639, #1122, .T. ) ;
#2332 = AXIS2_PLACEMENT_3D ( 'NONE', #4849, #3259, #4872 ) ;
#2333 = SURFACE_STYLE_FILL_AREA ( #2056 ) ;
#2334 = EDGE_LOOP ( 'NONE', ( #4886, #4919, #2188, #6560 ) ) ;
#2335 = SURFACE_STYLE_USAGE ( .BOTH. , #698 ) ;
#2336 = AXIS2_PLACEMENT_3D ( 'NONE', #3156, #5849, #2625 ) ;
#2337 = PRODUCT_DEFINITION_CONTEXT ( 'detailed design', #2124, 'design' ) ;
#2338 = CARTESIAN_POINT ( 'NONE',  ( 0.1541865784029992636, -0.1170172528112519011, 0.000000000000000000 ) ) ;
#2339 = CARTESIAN_POINT ( 'NONE',  ( 0.09968458041455462160, -0.04032973606916579606, 0.05000000000000000278 ) ) ;
#2340 = CARTESIAN_POINT ( 'NONE',  ( -0.06286156249752182512, -0.1391033776360686425, 0.05000000000000000278 ) ) ;
#2341 = CARTESIAN_POINT ( 'NONE',  ( -0.1799011053211280187, -0.09750843432199045313, 0.05000000000000000278 ) ) ;
#2342 = STYLED_ITEM ( 'NONE', ( #3513 ), #85 ) ;
#2343 = CARTESIAN_POINT ( 'NONE',  ( -0.6700000000000003730, 0.2550000000000002265, -0.02000000000000000042 ) ) ;
#2344 = ORIENTED_EDGE ( 'NONE', *, *, #6813, .T. ) ;
#2345 = AXIS2_PLACEMENT_3D ( 'NONE', #4664, #6913, #1030 ) ;
#2346 = FACE_OUTER_BOUND ( 'NONE', #50, .T. ) ;
#2347 = DIRECTION ( 'NONE',  ( 1.000000000000000000, 0.000000000000000000, 0.000000000000000000 ) ) ;
#2348 = CARTESIAN_POINT ( 'NONE',  ( -0.06214627975033235052, -0.04117132747740025189, 0.05000000000000000278 ) ) ;
#2349 = STYLED_ITEM ( 'NONE', ( #3420 ), #4859 ) ;
#2350 = FILL_AREA_STYLE ('',( #5586 ) ) ;
#2351 = EDGE_CURVE ( 'NONE', #2882, #1901, #4225, .T. ) ;
#2352 = VECTOR ( 'NONE', #5392, 1000.000000000000000 ) ;
#2353 = VERTEX_POINT ( 'NONE', #2711 ) ;
#2354 = VECTOR ( 'NONE', #1511, 1000.000000000000000 ) ;
#2355 = DIRECTION ( 'NONE',  ( 0.000000000000000000, 0.000000000000000000, -1.000000000000000000 ) ) ;
#2356 = LINE ( 'NONE', #4567, #617 ) ;
#2357 = CARTESIAN_POINT ( 'NONE',  ( 0.5500000000000002665, -0.2450000000000006339, 0.1499999999999999944 ) ) ;
#2358 =( GEOMETRIC_REPRESENTATION_CONTEXT ( 3 ) GLOBAL_UNCERTAINTY_ASSIGNED_CONTEXT ( ( #3798 ) ) GLOBAL_UNIT_ASSIGNED_CONTEXT ( ( #2505, #6262, #5173 ) ) REPRESENTATION_CONTEXT ( 'NONE', 'WORKASPACE' ) );
#2359 = ORIENTED_EDGE ( 'NONE', *, *, #2457, .T. ) ;
#2360 = ORIENTED_EDGE ( 'NONE', *, *, #3169, .F. ) ;
#2361 = CARTESIAN_POINT ( 'NONE',  ( 0.1551063169092620209, -0.06385935521268799875, 0.05000000000000000278 ) ) ;
#2362 = VERTEX_POINT ( 'NONE', #3271 ) ;
#2363 = CARTESIAN_POINT ( 'NONE',  ( 0.1027074444396566810, -0.03935429897440620439, 0.000000000000000000 ) ) ;
#2364 = DIRECTION ( 'NONE',  ( 0.000000000000000000, 0.000000000000000000, -1.000000000000000000 ) ) ;
#2365 = CARTESIAN_POINT ( 'NONE',  ( 0.04596027288400020283, -0.08084176765532379016, -0.000000000000000000 ) ) ;
#2366 = CARTESIAN_POINT ( 'NONE',  ( 1.060000000000000719, 0.3749999999999999445, 0.1499999999999999944 ) ) ;
#2367 = CARTESIAN_POINT ( 'NONE',  ( 1.060000000000000497, -0.6250000000000000000, -0.02000000000000000042 ) ) ;
#2368 = FACE_OUTER_BOUND ( 'NONE', #3288, .T. ) ;
#2369 = CARTESIAN_POINT ( 'NONE',  ( -0.03961665019292291701, -0.03981612662968277844, 0.05000000000000000278 ) ) ;
#2370 = SURFACE_SIDE_STYLE ('',( #1520 ) ) ;
#2371 = ORIENTED_EDGE ( 'NONE', *, *, #1896, .T. ) ;
#2372 = EDGE_CURVE ( 'NONE', #1161, #6818, #191, .T. ) ;
#2373 = VERTEX_POINT ( 'NONE', #6460 ) ;
#2374 = DIRECTION ( 'NONE',  ( 0.000000000000000000, -0.000000000000000000, 1.000000000000000000 ) ) ;
#2375 = CARTESIAN_POINT ( 'NONE',  ( -0.1630140860903588063, -0.03981612662968277150, 0.000000000000000000 ) ) ;
#2377 = EDGE_LOOP ( 'NONE', ( #6884, #5236, #4302, #3285 ) ) ;
#2376 = VECTOR ( 'NONE', #3441, 1000.000000000000000 ) ;
#2378 = FILL_AREA_STYLE_COLOUR ( '', #532 ) ;
#2379 = EDGE_CURVE ( 'NONE', #592, #2753, #3767, .T. ) ;
#2380 = CARTESIAN_POINT ( 'NONE',  ( 0.1625163001357214920, -0.07857460398436699744, 0.05000000000000000278 ) ) ;
#2381 = CARTESIAN_POINT ( 'NONE',  ( 0.1479385716758462865, -0.1229131577554386096, 0.000000000000000000 ) ) ;
#2382 = FILL_AREA_STYLE_COLOUR ( '', #4688 ) ;
#2383 = CARTESIAN_POINT ( 'NONE',  ( 0.1406947945507601438, -0.1274578852976586130, -6.776263578034402713E-18 ) ) ;
#2384 = SURFACE_SIDE_STYLE ('',( #5340 ) ) ;
#2385 = STYLED_ITEM ( 'NONE', ( #4435 ), #2667 ) ;
#2386 = SURFACE_SIDE_STYLE ('',( #4368 ) ) ;
#2387 = UNCERTAINTY_MEASURE_WITH_UNIT (LENGTH_MEASURE( 1.000000000000000082E-05 ), #5907, 'distance_accuracy_value', 'NONE');
#2388 = CARTESIAN_POINT ( 'NONE',  ( -1.050000000000000266, 0.6250000000000002220, 0.7500000000000000000 ) ) ;
#2389 = DIRECTION ( 'NONE',  ( 1.000000000000000000, 0.000000000000000000, 0.000000000000000000 ) ) ;
#2390 = DIRECTION ( 'NONE',  ( -0.000000000000000000, -0.000000000000000000, -1.000000000000000000 ) ) ;
#2391 = VERTEX_POINT ( 'NONE', #4344 ) ;
#2392 = EDGE_CURVE ( 'NONE', #6504, #2353, #3008, .T. ) ;
#2393 = UNCERTAINTY_MEASURE_WITH_UNIT (LENGTH_MEASURE( 1.000000000000000082E-05 ), #6474, 'distance_accuracy_value', 'NONE');
#2394 = CARTESIAN_POINT ( 'NONE',  ( -0.09248289257279197761, -0.09216727043604100444, 0.05000000000000000278 ) ) ;
#2395 = CARTESIAN_POINT ( 'NONE',  ( -0.1142961373724100532, -0.1398161266296827909, 0.05000000000000000278 ) ) ;
#2396 = EDGE_LOOP ( 'NONE', ( #1034, #5008, #6274, #2075 ) ) ;
#2397 = EDGE_LOOP ( 'NONE', ( #1666, #2941, #2984, #45 ) ) ;
#2398 = CARTESIAN_POINT ( 'NONE',  ( -0.6700000000000002620, -0.2549999999999998934, 0.1499999999999999944 ) ) ;
#2399 = CARTESIAN_POINT ( 'NONE',  ( 0.1255973793682930717, -0.04784607042431401197, 1.355252715606880543E-17 ) ) ;
#2400 = SURFACE_STYLE_USAGE ( .BOTH. , #6660 ) ;
#2401 = DIRECTION ( 'NONE',  ( 0.000000000000000000, 0.000000000000000000, -1.000000000000000000 ) ) ;
#2402 = CARTESIAN_POINT ( 'NONE',  ( 0.04596027288400020283, -0.05007253688609302616, 0.05000000000000000278 ) ) ;
#2403 =( LENGTH_UNIT ( ) NAMED_UNIT ( * ) SI_UNIT ( .MILLI., .METRE. ) );
#2404 = ORIENTED_EDGE ( 'NONE', *, *, #1467, .F. ) ;
#2405 = CARTESIAN_POINT ( 'NONE',  ( 0.04596027288400020283, -0.09109817791173405177, 0.05000000000000000278 ) ) ;
#2406 = VECTOR ( 'NONE', #1652, 1000.000000000000000 ) ;
#2407 = CARTESIAN_POINT ( 'NONE',  ( -0.5500000000000003775, 0.2549999999999993938, -0.02000000000000000042 ) ) ;
#2408 = PLANE ( 'NONE',  #5868 ) ;
#2409 = SURFACE_STYLE_FILL_AREA ( #6850 ) ;
#2410 =( NAMED_UNIT ( * ) SI_UNIT ( $, .STERADIAN. ) SOLID_ANGLE_UNIT ( ) );
#2411 = CARTESIAN_POINT ( 'NONE',  ( 0.1583137356329546719, -0.1270328463524873774, 0.000000000000000000 ) ) ;
#2412 = CIRCLE ( 'NONE', #5734, 0.1199999999999999956 ) ;
#2413 = DIRECTION ( 'NONE',  ( -1.000000000000000000, 0.000000000000000000, 0.000000000000000000 ) ) ;
#2414 = EDGE_LOOP ( 'NONE', ( #1667, #2713, #1373, #1916 ) ) ;
#2415 = EDGE_CURVE ( 'NONE', #2712, #3746, #5135, .T. ) ;
#2416 = FACE_OUTER_BOUND ( 'NONE', #5209, .T. ) ;
#2417 = AXIS2_PLACEMENT_3D ( 'NONE', #3057, #497, #5262 ) ;
#2418 = SURFACE_STYLE_FILL_AREA ( #2766 ) ;
#2419 = CARTESIAN_POINT ( 'NONE',  ( 0.1638746044585538408, -0.08698509636695171687, 1.355252715606880543E-17 ) ) ;
#2420 = PRESENTATION_LAYER_ASSIGNMENT (  '', '', ( #3033 ) ) ;
#2421 = CARTESIAN_POINT ( 'NONE',  ( 0.04596027288400020283, -0.1295597163732725154, 0.05000000000000000278 ) ) ;
#2422 = VERTEX_POINT ( 'NONE', #6555 ) ;
#2423 = FILL_AREA_STYLE ('',( #2382 ) ) ;
#2424 = VECTOR ( 'NONE', #3676, 1000.000000000000000 ) ;
#2425 = CARTESIAN_POINT ( 'NONE',  ( 0.1367697479739999888, -0.1291771980552675059, 0.05000000000000000278 ) ) ;
#2426 = CARTESIAN_POINT ( 'NONE',  ( 0.1622149148705907817, -0.1026188637173406359, 0.05000000000000000278 ) ) ;
#2427 = LINE ( 'NONE', #2617, #1029 ) ;
#2428 = PRESENTATION_LAYER_ASSIGNMENT (  '', '', ( #710 ) ) ;
#2429 = VECTOR ( 'NONE', #5114, 1000.000000000000000 ) ;
#2430 = SURFACE_STYLE_USAGE ( .BOTH. , #4641 ) ;
#2431 = CARTESIAN_POINT ( 'NONE',  ( 0.000000000000000000, 0.000000000000000000, 0.000000000000000000 ) ) ;
#2432 = LINE ( 'NONE', #1160, #6708 ) ;
#2433 = VERTEX_POINT ( 'NONE', #681 ) ;
#2434 = CARTESIAN_POINT ( 'NONE',  ( -0.06717280296758566804, -0.05320922662181846313, 0.05000000000000000278 ) ) ;
#2435 = EDGE_CURVE ( 'NONE', #1992, #3415, #4361, .T. ) ;
#2436 = SURFACE_STYLE_FILL_AREA ( #2106 ) ;
#2437 = CARTESIAN_POINT ( 'NONE',  ( 0.1423385656422750112, -0.1380393195995977818, 0.000000000000000000 ) ) ;
#2438 = ORIENTED_EDGE ( 'NONE', *, *, #5118, .F. ) ;
#2439 = VERTEX_POINT ( 'NONE', #4980 ) ;
#2440 = FILL_AREA_STYLE ('',( #2940 ) ) ;
#2441 = CIRCLE ( 'NONE', #248, 0.1199999999999999956 ) ;
#2442 = DIRECTION ( 'NONE',  ( -0.000000000000000000, -0.000000000000000000, -1.000000000000000000 ) ) ;
#2443 = FILL_AREA_STYLE_COLOUR ( '', #4013 ) ;
#2444 = EDGE_LOOP ( 'NONE', ( #3639, #4147, #109, #6559 ) ) ;
#2445 = CARTESIAN_POINT ( 'NONE',  ( -0.08259368652901008523, -0.1183669336538118871, 0.000000000000000000 ) ) ;
#2446 = DIRECTION ( 'NONE',  ( 0.4285960263555440575, -0.9034962347415942396, 0.000000000000000000 ) ) ;
#2447 = CARTESIAN_POINT ( 'NONE',  ( 0.1209625088339810056, -0.03729811943739336916, -0.000000000000000000 ) ) ;
#2448 = CARTESIAN_POINT ( 'NONE',  ( 0.1058556854151351673, -0.1410496421127930278, 0.000000000000000000 ) ) ;
#2449 = EDGE_CURVE ( 'NONE', #2220, #3443, #3685, .T. ) ;
#2450 = DIRECTION ( 'NONE',  ( 1.000000000000000000, -4.865009748332398720E-16, 0.000000000000000000 ) ) ;
#2452 = ORIENTED_EDGE ( 'NONE', *, *, #4916, .T. ) ;
#2451 = LINE ( 'NONE', #824, #3702 ) ;
#2453 = ORIENTED_EDGE ( 'NONE', *, *, #2189, .F. ) ;
#2454 = PLANE ( 'NONE',  #1005 ) ;
#2455 = CARTESIAN_POINT ( 'NONE',  ( 0.09498235183450282060, -0.1256725880953677710, 0.000000000000000000 ) ) ;
#2456 = CARTESIAN_POINT ( 'NONE',  ( -0.08174154711172999799, -0.06204861873636684233, 0.000000000000000000 ) ) ;
#2457 = EDGE_CURVE ( 'NONE', #4205, #57, #6438, .T. ) ;
#2458 = SURFACE_STYLE_USAGE ( .BOTH. , #5687 ) ;
#2459 = ORIENTED_EDGE ( 'NONE', *, *, #671, .F. ) ;
#2460 = CARTESIAN_POINT ( 'NONE',  ( -0.08760981262570419204, -0.1116088555888093969, 0.05000000000000000278 ) ) ;
#2461 = CARTESIAN_POINT ( 'NONE',  ( -0.06532051395959316553, -0.05264512612639973138, -0.000000000000000000 ) ) ;
#2462 = EDGE_CURVE ( 'NONE', #6444, #967, #1619, .T. ) ;
#2463 = CARTESIAN_POINT ( 'NONE',  ( -0.5500000000000002665, -0.7450000000000006617, -0.02000000000000000042 ) ) ;
#2464 = CARTESIAN_POINT ( 'NONE',  ( -0.09213785907569288502, -0.09754199632528766373, 0.05000000000000000278 ) ) ;
#2465 = CARTESIAN_POINT ( 'NONE',  ( 0.1658031985992161894, -0.1171669946935922496, 0.05000000000000000278 ) ) ;
#2466 = CARTESIAN_POINT ( 'NONE',  ( 0.09404896736777240696, -0.1369425609392814769, 0.000000000000000000 ) ) ;
#2467 = CARTESIAN_POINT ( 'NONE',  ( -0.6700000000000002620, -0.7449999999999997735, -0.02000000000000000042 ) ) ;
#2468 = CARTESIAN_POINT ( 'NONE',  ( 0.07544745237117968240, -0.05816548560404174312, 0.05000000000000000278 ) ) ;
#2469 = AXIS2_PLACEMENT_3D ( 'NONE', #2398, #5572, #4004 ) ;
#2470 = UNCERTAINTY_MEASURE_WITH_UNIT (LENGTH_MEASURE( 1.000000000000000082E-05 ), #1379, 'distance_accuracy_value', 'NONE');
#2471 = PRESENTATION_LAYER_ASSIGNMENT (  '', '', ( #2151 ) ) ;
#2472 = VERTEX_POINT ( 'NONE', #4468 ) ;
#2473 = DIRECTION ( 'NONE',  ( -1.000000000000000000, 0.000000000000000000, -0.000000000000000000 ) ) ;
#2474 = CARTESIAN_POINT ( 'NONE',  ( -0.09156647955308787334, -0.08097757065308558433, 0.05000000000000000278 ) ) ;
#2475 = CYLINDRICAL_SURFACE ( 'NONE', #914, 0.1199999999999999956 ) ;
#2476 = AXIS2_PLACEMENT_3D ( 'NONE', #751, #181, #2389 ) ;
#2477 = CARTESIAN_POINT ( 'NONE',  ( 0.04596027288400020283, -0.09109817791173405177, 0.05000000000000000278 ) ) ;
#2478 = ORIENTED_EDGE ( 'NONE', *, *, #4669, .T. ) ;
#2479 = DIRECTION ( 'NONE',  ( 1.000000000000000000, 0.000000000000000000, -0.000000000000000000 ) ) ;
#2480 = DIRECTION ( 'NONE',  ( -2.065146995210484202E-16, 1.000000000000000000, 0.000000000000000000 ) ) ;
#2481 =( NAMED_UNIT ( * ) SI_UNIT ( $, .STERADIAN. ) SOLID_ANGLE_UNIT ( ) );
#2482 = CARTESIAN_POINT ( 'NONE',  ( -0.08443316656787075436, -0.1162859400803318843, 0.05000000000000000278 ) ) ;
#2483 = LINE ( 'NONE', #4298, #5101 ) ;
#2484 = CARTESIAN_POINT ( 'NONE',  ( 1.050000000000000044, 1.050000000000000044, 0.000000000000000000 ) ) ;
#2485 = FILL_AREA_STYLE_COLOUR ( '', #2490 ) ;
#2486 = CARTESIAN_POINT ( 'NONE',  ( 0.5500000000000002665, -0.7450000000000006617, -0.02000000000000000042 ) ) ;
#2487 = CARTESIAN_POINT ( 'NONE',  ( 0.1590110683706998096, -0.1101985265850241591, 0.05000000000000000278 ) ) ;
#2488 = VERTEX_POINT ( 'NONE', #1777 ) ;
#2489 = EDGE_CURVE ( 'NONE', #3696, #2259, #1280, .T. ) ;
#2490 = COLOUR_RGB ( '',0.5019607843137254832, 0.5019607843137254832, 0.000000000000000000 ) ;
#2491 = CARTESIAN_POINT ( 'NONE',  ( 0.08497296890749048148, -0.06218130425852972515, 0.000000000000000000 ) ) ;
#2492 =( NAMED_UNIT ( * ) PLANE_ANGLE_UNIT ( ) SI_UNIT ( $, .RADIAN. ) );
#2493 = ORIENTED_EDGE ( 'NONE', *, *, #954, .T. ) ;
#2494 = AXIS2_PLACEMENT_3D ( 'NONE', #6853, #5336, #6904 ) ;
#2495 = CARTESIAN_POINT ( 'NONE',  ( 0.1496971926012319598, -0.1341253308538897515, 0.000000000000000000 ) ) ;
#2496 = VECTOR ( 'NONE', #6428, 1000.000000000000000 ) ;
#2497 = DIRECTION ( 'NONE',  ( 0.000000000000000000, 0.000000000000000000, 1.000000000000000000 ) ) ;
#2498 = CARTESIAN_POINT ( 'NONE',  ( -0.06357457675918450068, -0.1281847731463819640, 0.05000000000000000278 ) ) ;
#2499 = EDGE_CURVE ( 'NONE', #3474, #6639, #1534, .T. ) ;
#2500 = ORIENTED_EDGE ( 'NONE', *, *, #3689, .T. ) ;
#2501 = LINE ( 'NONE', #3502, #2429 ) ;
#2502 = AXIS2_PLACEMENT_3D ( 'NONE', #3582, #3543, #3609 ) ;
#2503 = LINE ( 'NONE', #6636, #3928 ) ;
#2504 = ORIENTED_EDGE ( 'NONE', *, *, #127, .F. ) ;
#2505 =( LENGTH_UNIT ( ) NAMED_UNIT ( * ) SI_UNIT ( .MILLI., .METRE. ) );
#2506 = AXIS2_PLACEMENT_3D ( 'NONE', #5475, #6014, #152 ) ;
#2507 = DIRECTION ( 'NONE',  ( 0.000000000000000000, 0.000000000000000000, -1.000000000000000000 ) ) ;
#2508 = ORIENTED_EDGE ( 'NONE', *, *, #101, .F. ) ;
#2509 = B_SPLINE_SURFACE_WITH_KNOTS ( 'NONE', 3, 1, ( 
 ( #5675, #3065 ),
 ( #3606, #5246 ),
 ( #338, #1954 ),
 ( #2465, #3722 ),
 ( #5272, #4188 ),
 ( #6380, #4238 ),
 ( #459, #1595 ),
 ( #2071, #4780 ),
 ( #501, #1069 ),
 ( #3679, #1526 ),
 ( #1569, #988 ) ),
 .UNSPECIFIED., .F., .F., .F.,
 ( 4, 1, 1, 1, 1, 1, 1, 1, 4 ),
 ( 2, 2 ),
 ( 0.000000000000000000, 0.1243285095938498480, 0.2471560163611868643, 0.3687797492913396646, 0.4907338624016477358, 0.6136137718478436032, 0.7389575757222155428, 0.8673105751912624228, 1.000000000000000000 ),
 ( 0.000000000000000000, 1.000000000000000000 ),
 .UNSPECIFIED. ) ;
#2510 = CARTESIAN_POINT ( 'NONE',  ( 0.1027796423176473573, -0.1402710153492536249, 0.05000000000000000278 ) ) ;
#2511 = FILL_AREA_STYLE ('',( #2971 ) ) ;
#2512 = CARTESIAN_POINT ( 'NONE',  ( 0.1541865784029992636, -0.1170172528112519011, 0.05000000000000000278 ) ) ;
#2513 = ADVANCED_FACE ( 'NONE', ( #115 ), #2304, .T. ) ;
#2514 = ORIENTED_EDGE ( 'NONE', *, *, #1812, .F. ) ;
#2515 = CARTESIAN_POINT ( 'NONE',  ( -0.001475624551897254926, -0.03981612662968277150, 0.05000000000000000278 ) ) ;
#2516 = ORIENTED_EDGE ( 'NONE', *, *, #2772, .F. ) ;
#2517 = SURFACE_STYLE_FILL_AREA ( #1578 ) ;
#2518 = SURFACE_STYLE_USAGE ( .BOTH. , #5324 ) ;
#2519 = DIRECTION ( 'NONE',  ( 0.000000000000000000, -0.000000000000000000, 1.000000000000000000 ) ) ;
#2520 = ORIENTED_EDGE ( 'NONE', *, *, #2961, .T. ) ;
#2521 = EDGE_CURVE ( 'NONE', #4899, #6305, #5454, .T. ) ;
#2522 = ORIENTED_EDGE ( 'NONE', *, *, #4243, .F. ) ;
#2523 = ORIENTED_EDGE ( 'NONE', *, *, #5441, .T. ) ;
#2524 = DIRECTION ( 'NONE',  ( 0.000000000000000000, 0.000000000000000000, -1.000000000000000000 ) ) ;
#2525 = COLOUR_RGB ( '',0.5019607843137254832, 0.5019607843137254832, 0.000000000000000000 ) ;
#2526 = DIRECTION ( 'NONE',  ( 0.000000000000000000, -1.000000000000000000, 0.000000000000000000 ) ) ;
#2527 = DIRECTION ( 'NONE',  ( 0.000000000000000000, 1.000000000000000000, -0.000000000000000000 ) ) ;
#2528 = ORIENTED_EDGE ( 'NONE', *, *, #6053, .F. ) ;
#2529 = DIRECTION ( 'NONE',  ( 0.000000000000000000, 0.000000000000000000, -1.000000000000000000 ) ) ;
#2530 = DIRECTION ( 'NONE',  ( -0.000000000000000000, -0.000000000000000000, -1.000000000000000000 ) ) ;
#2531 = CARTESIAN_POINT ( 'NONE',  ( 1.060000000000000719, 0.8750000000000000000, 0.1499999999999999944 ) ) ;
#2532 = DIRECTION ( 'NONE',  ( 0.000000000000000000, 0.000000000000000000, 1.000000000000000000 ) ) ;
#2533 = CARTESIAN_POINT ( 'NONE',  ( 0.08153270092914041700, -0.1282996544563532459, 0.05000000000000000278 ) ) ;
#2534 = DIRECTION ( 'NONE',  ( 0.4189977888269745265, 0.9079872537420919931, 0.000000000000000000 ) ) ;
#2535 = ORIENTED_EDGE ( 'NONE', *, *, #5559, .F. ) ;
#2536 = DIRECTION ( 'NONE',  ( -1.000000000000000000, 0.000000000000000000, 0.000000000000000000 ) ) ;
#2537 = LINE ( 'NONE', #99, #6325 ) ;
#2538 = ORIENTED_EDGE ( 'NONE', *, *, #1092, .T. ) ;
#2539 = CARTESIAN_POINT ( 'NONE',  ( 0.08688011666841811975, -0.1193872678048526342, 0.000000000000000000 ) ) ;
#2540 = ORIENTED_EDGE ( 'NONE', *, *, #3529, .F. ) ;
#2541 = DIRECTION ( 'NONE',  ( -0.000000000000000000, 1.000000000000000000, 0.000000000000000000 ) ) ;
#2542 = CARTESIAN_POINT ( 'NONE',  ( -0.001475624551897254926, -0.08084176765532379016, 0.000000000000000000 ) ) ;
#2543 = ADVANCED_FACE ( 'NONE', ( #4975 ), #1874, .T. ) ;
#2544 = EDGE_CURVE ( 'NONE', #6174, #2556, #5619, .T. ) ;
#2545 =( LENGTH_UNIT ( ) NAMED_UNIT ( * ) SI_UNIT ( .MILLI., .METRE. ) );
#2546 = CARTESIAN_POINT ( 'NONE',  ( 0.1844218113455386721, -0.1295597163732725154, -0.000000000000000000 ) ) ;
#2547 =( GEOMETRIC_REPRESENTATION_CONTEXT ( 3 ) GLOBAL_UNCERTAINTY_ASSIGNED_CONTEXT ( ( #1459 ) ) GLOBAL_UNIT_ASSIGNED_CONTEXT ( ( #5747, #483, #6780 ) ) REPRESENTATION_CONTEXT ( 'NONE', 'WORKASPACE' ) );
#2548 = ORIENTED_EDGE ( 'NONE', *, *, #3147, .F. ) ;
#2549 = UNCERTAINTY_MEASURE_WITH_UNIT (LENGTH_MEASURE( 1.000000000000000082E-05 ), #661, 'distance_accuracy_value', 'NONE');
#2550 = DIRECTION ( 'NONE',  ( 1.000000000000000000, 0.000000000000000000, 0.000000000000000000 ) ) ;
#2551 = SURFACE_SIDE_STYLE ('',( #2409 ) ) ;
#2552 = CARTESIAN_POINT ( 'NONE',  ( 1.050000000000000044, 0.8750000000000000000, 0.7500000000000000000 ) ) ;
#2553 = CARTESIAN_POINT ( 'NONE',  ( 0.1470477500751176669, -0.05623002650176815026, 0.05000000000000000278 ) ) ;
#2554 = CARTESIAN_POINT ( 'NONE',  ( 0.2318577087814361337, -0.1398161266296827909, 0.05000000000000000278 ) ) ;
#2555 =( GEOMETRIC_REPRESENTATION_CONTEXT ( 3 ) GLOBAL_UNCERTAINTY_ASSIGNED_CONTEXT ( ( #6943 ) ) GLOBAL_UNIT_ASSIGNED_CONTEXT ( ( #808, #4533, #5082 ) ) REPRESENTATION_CONTEXT ( 'NONE', 'WORKASPACE' ) );
#2556 = VERTEX_POINT ( 'NONE', #764 ) ;
#2557 = ORIENTED_EDGE ( 'NONE', *, *, #4357, .F. ) ;
#2558 = EDGE_CURVE ( 'NONE', #1532, #1515, #2134, .T. ) ;
#2559 = DIRECTION ( 'NONE',  ( 0.000000000000000000, 0.000000000000000000, -1.000000000000000000 ) ) ;
#2560 =( LENGTH_UNIT ( ) NAMED_UNIT ( * ) SI_UNIT ( .MILLI., .METRE. ) );
#2561 = ORIENTED_EDGE ( 'NONE', *, *, #4233, .F. ) ;
#2562 = VECTOR ( 'NONE', #4426, 1000.000000000000000 ) ;
#2563 = DIRECTION ( 'NONE',  ( 0.000000000000000000, 0.000000000000000000, -1.000000000000000000 ) ) ;
#2564 = EDGE_LOOP ( 'NONE', ( #5952, #4884, #27, #1955 ) ) ;
#2565 = LINE ( 'NONE', #224, #1346 ) ;
#2566 = EDGE_CURVE ( 'NONE', #6174, #1010, #3854, .T. ) ;
#2567 = LINE ( 'NONE', #4917, #262 ) ;
#2568 = CARTESIAN_POINT ( 'NONE',  ( -1.060000000000000719, -0.3749999999999997780, -0.02000000000000000042 ) ) ;
#2569 = CARTESIAN_POINT ( 'NONE',  ( -1.060000000000000719, 0.6250000000000002220, -0.02000000000000000042 ) ) ;
#2570 = LINE ( 'NONE', #6437, #3497 ) ;
#2571 = VERTEX_POINT ( 'NONE', #4565 ) ;
#2572 = SURFACE_STYLE_USAGE ( .BOTH. , #6877 ) ;
#2573 = CARTESIAN_POINT ( 'NONE',  ( -0.1250000000000001388, 1.060000000000000275, 0.1499999999999999944 ) ) ;
#2574 = FACE_OUTER_BOUND ( 'NONE', #5873, .T. ) ;
#2575 = LINE ( 'NONE', #3143, #5941 ) ;
#2576 = VERTEX_POINT ( 'NONE', #1300 ) ;
#2577 = EDGE_CURVE ( 'NONE', #6312, #5080, #3354, .T. ) ;
#2578 = SURFACE_SIDE_STYLE ('',( #354 ) ) ;
#2579 = VECTOR ( 'NONE', #6828, 1000.000000000000000 ) ;
#2580 =( NAMED_UNIT ( * ) SI_UNIT ( $, .STERADIAN. ) SOLID_ANGLE_UNIT ( ) );
#2581 = STYLED_ITEM ( 'NONE', ( #1669 ), #5535 ) ;
#2582 = VERTEX_POINT ( 'NONE', #2365 ) ;
#2583 = FACE_OUTER_BOUND ( 'NONE', #5212, .T. ) ;
#2584 = AXIS2_PLACEMENT_3D ( 'NONE', #2759, #2245, #3845 ) ;
#2585 = FACE_OUTER_BOUND ( 'NONE', #4229, .T. ) ;
#2586 = CARTESIAN_POINT ( 'NONE',  ( -0.09250126557753829415, -0.09105811380916994935, 0.05000000000000000278 ) ) ;
#2587 = CARTESIAN_POINT ( 'NONE',  ( 0.1397108987652428413, -0.1390651763637328064, 0.000000000000000000 ) ) ;
#2588 = PRESENTATION_STYLE_ASSIGNMENT (( #3684 ) ) ;
#2589 = ORIENTED_EDGE ( 'NONE', *, *, #1944, .F. ) ;
#2590 = PLANE ( 'NONE',  #2336 ) ;
#2591 = EDGE_CURVE ( 'NONE', #4645, #3289, #6043, .T. ) ;
#2592 = EDGE_LOOP ( 'NONE', ( #3663, #3061, #2229, #6546, #4912, #3158, #6082 ) ) ;
#2593 = ORIENTED_EDGE ( 'NONE', *, *, #1259, .T. ) ;
#2594 = VECTOR ( 'NONE', #2823, 1000.000000000000000 ) ;
#2595 = AXIS2_PLACEMENT_3D ( 'NONE', #5094, #3969, #5616 ) ;
#2596 = ORIENTED_EDGE ( 'NONE', *, *, #2331, .T. ) ;
#2597 =( LENGTH_UNIT ( ) NAMED_UNIT ( * ) SI_UNIT ( .MILLI., .METRE. ) );
#2598 = ORIENTED_EDGE ( 'NONE', *, *, #6160, .T. ) ;
#2599 = ORIENTED_EDGE ( 'NONE', *, *, #2566, .F. ) ;
#2600 = CARTESIAN_POINT ( 'NONE',  ( 1.060000000000000719, -0.1250000000000000555, 0.1499999999999999944 ) ) ;
#2601 = DIRECTION ( 'NONE',  ( -0.4190581774617470057, -0.9079593845004517716, 0.000000000000000000 ) ) ;
#2602 = VECTOR ( 'NONE', #345, 1000.000000000000000 ) ;
#2603 = VERTEX_POINT ( 'NONE', #6102 ) ;
#2604 = MECHANICAL_DESIGN_GEOMETRIC_PRESENTATION_REPRESENTATION (  '', ( #4788 ), #2358 ) ;
#2605 = ORIENTED_EDGE ( 'NONE', *, *, #437, .T. ) ;
#2606 = CARTESIAN_POINT ( 'NONE',  ( 0.1632281790691835766, -0.1211751655866908639, 0.05000000000000000278 ) ) ;
#2607 = FILL_AREA_STYLE_COLOUR ( '', #6300 ) ;
#2608 = EDGE_CURVE ( 'NONE', #4738, #3118, #1038, .T. ) ;
#2609 = LINE ( 'NONE', #759, #6145 ) ;
#2610 = FILL_AREA_STYLE ('',( #6308 ) ) ;
#2611 = CARTESIAN_POINT ( 'NONE',  ( -0.09666932717333140412, -0.1146260448888342387, 0.05000000000000000278 ) ) ;
#2612 = CARTESIAN_POINT ( 'NONE',  ( 0.1625163001357214920, -0.07857460398436699744, -0.000000000000000000 ) ) ;
#2613 = CARTESIAN_POINT ( 'NONE',  ( -0.6700000000000002620, -0.7449999999999997735, 0.000000000000000000 ) ) ;
#2614 = CARTESIAN_POINT ( 'NONE',  ( 0.1190772600634873862, -0.03725202406558020263, 0.05000000000000000278 ) ) ;
#2615 = ADVANCED_FACE ( 'NONE', ( #4619 ), #276, .T. ) ;
#2616 = DIRECTION ( 'NONE',  ( 1.000000000000000000, 0.000000000000000000, -0.000000000000000000 ) ) ;
#2617 = CARTESIAN_POINT ( 'NONE',  ( 0.1190171639096412465, -0.1321238189373750704, 0.05000000000000000278 ) ) ;
#2618 = FACE_BOUND ( 'NONE', #4379, .T. ) ;
#2619 = EDGE_LOOP ( 'NONE', ( #4479, #460, #4271, #4371, #2557, #997 ) ) ;
#2620 = CARTESIAN_POINT ( 'NONE',  ( 0.1727751702763484221, -0.09431330950766381171, 0.000000000000000000 ) ) ;
#2621 = PLANE ( 'NONE',  #380 ) ;
#2622 = EDGE_CURVE ( 'NONE', #3459, #1630, #2127, .T. ) ;
#2623 = EDGE_LOOP ( 'NONE', ( #5921, #5789, #3180, #6207 ) ) ;
#2624 = ORIENTED_EDGE ( 'NONE', *, *, #911, .T. ) ;
#2625 = DIRECTION ( 'NONE',  ( -0.000000000000000000, 0.000000000000000000, 1.000000000000000000 ) ) ;
#2626 = DIRECTION ( 'NONE',  ( 1.000000000000000000, -5.560011140951313386E-16, 0.000000000000000000 ) ) ;
#2627 = MECHANICAL_DESIGN_GEOMETRIC_PRESENTATION_REPRESENTATION (  '', ( #251 ), #3457 ) ;
#2628 = DIRECTION ( 'NONE',  ( -0.000000000000000000, -0.000000000000000000, -1.000000000000000000 ) ) ;
#2629 = CARTESIAN_POINT ( 'NONE',  ( 0.1190772600634873862, -0.03725202406558020263, 0.000000000000000000 ) ) ;
#2630 = ORIENTED_EDGE ( 'NONE', *, *, #1853, .F. ) ;
#2631 = SURFACE_SIDE_STYLE ('',( #2025 ) ) ;
#2632 = LINE ( 'NONE', #4973, #1761 ) ;
#2633 = CARTESIAN_POINT ( 'NONE',  ( 0.1582463864900844064, -0.06840694324341951849, 0.05000000000000000278 ) ) ;
#2634 = CARTESIAN_POINT ( 'NONE',  ( 1.060000000000000719, 0.3749999999999999445, 0.1499999999999999944 ) ) ;
#2635 = DIRECTION ( 'NONE',  ( 1.000000000000000000, 0.000000000000000000, 0.000000000000000000 ) ) ;
#2636 = VECTOR ( 'NONE', #982, 1000.000000000000000 ) ;
#2637 = ORIENTED_EDGE ( 'NONE', *, *, #6003, .F. ) ;
#2638 = EDGE_CURVE ( 'NONE', #1927, #2706, #2998, .T. ) ;
#2639 = SURFACE_STYLE_FILL_AREA ( #3816 ) ;
#2640 = CARTESIAN_POINT ( 'NONE',  ( 0.08851833859476565536, -0.04575480356078427679, -0.000000000000000000 ) ) ;
#2641 = CARTESIAN_POINT ( 'NONE',  ( -8.687517407736379095E-17, -0.1249999999999993200, 0.000000000000000000 ) ) ;
#2642 = CARTESIAN_POINT ( 'NONE',  ( 0.1658031985992161894, -0.1171669946935922496, 0.05000000000000000278 ) ) ;
#2643 = FILL_AREA_STYLE_COLOUR ( '', #6021 ) ;
#2644 =( NAMED_UNIT ( * ) PLANE_ANGLE_UNIT ( ) SI_UNIT ( $, .RADIAN. ) );
#2645 = ORIENTED_EDGE ( 'NONE', *, *, #492, .T. ) ;
#2646 = FACE_OUTER_BOUND ( 'NONE', #4309, .T. ) ;
#2647 = SURFACE_STYLE_FILL_AREA ( #2423 ) ;
#2648 = CARTESIAN_POINT ( 'NONE',  ( -0.08792288902851380650, -0.1274569080377580821, 0.05000000000000000278 ) ) ;
#2649 = VECTOR ( 'NONE', #5370, 1000.000000000000000 ) ;
#2650 = DIRECTION ( 'NONE',  ( 1.000000000000000000, 0.000000000000000000, 0.000000000000000000 ) ) ;
#2651 = SURFACE_STYLE_FILL_AREA ( #4343 ) ;
#2652 = FACE_OUTER_BOUND ( 'NONE', #4726, .T. ) ;
#2653 = DIRECTION ( 'NONE',  ( -1.000000000000000000, 4.865009748332398720E-16, 0.000000000000000000 ) ) ;
#2654 = LINE ( 'NONE', #1528, #3588 ) ;
#2655 = SURFACE_STYLE_USAGE ( .BOTH. , #4317 ) ;
#2656 = LINE ( 'NONE', #4876, #1116 ) ;
#2657 = ORIENTED_EDGE ( 'NONE', *, *, #241, .F. ) ;
#2658 = ORIENTED_EDGE ( 'NONE', *, *, #3214, .F. ) ;
#2659 = EDGE_CURVE ( 'NONE', #3945, #4022, #1610, .T. ) ;
#2660 = LINE ( 'NONE', #5783, #3935 ) ;
#2661 = CARTESIAN_POINT ( 'NONE',  ( -0.06058304104825274622, -0.1285883417963106234, 0.000000000000000000 ) ) ;
#2662 = DIRECTION ( 'NONE',  ( 0.000000000000000000, 0.000000000000000000, -1.000000000000000000 ) ) ;
#2663 = VECTOR ( 'NONE', #3246, 1000.000000000000000 ) ;
#2664 = FILL_AREA_STYLE ('',( #653 ) ) ;
#2665 =( NAMED_UNIT ( * ) PLANE_ANGLE_UNIT ( ) SI_UNIT ( $, .RADIAN. ) );
#2667 = MANIFOLD_SOLID_BREP ( 'ÇÐ³ý-À­Éì2', #5722 ) ;
#2666 = CARTESIAN_POINT ( 'NONE',  ( -0.09704239434606246051, -0.06767330696669132672, 0.000000000000000000 ) ) ;
#2668 = EDGE_LOOP ( 'NONE', ( #6494, #1573, #5846, #4462, #5031, #807 ) ) ;
#2669 =( GEOMETRIC_REPRESENTATION_CONTEXT ( 3 ) GLOBAL_UNCERTAINTY_ASSIGNED_CONTEXT ( ( #2122 ) ) GLOBAL_UNIT_ASSIGNED_CONTEXT ( ( #1985, #817, #1440 ) ) REPRESENTATION_CONTEXT ( 'NONE', 'WORKASPACE' ) );
#2670 = SURFACE_STYLE_USAGE ( .BOTH. , #3736 ) ;
#2671 = CARTESIAN_POINT ( 'NONE',  ( 0.1448831284936061559, -0.1368817143842440132, 0.000000000000000000 ) ) ;
#2672 = VECTOR ( 'NONE', #6860, 1000.000000000000000 ) ;
#2673 = CARTESIAN_POINT ( 'NONE',  ( -1.050000000000000044, -0.6249999999999997780, 0.1499999999999999944 ) ) ;
#2674 = CARTESIAN_POINT ( 'NONE',  ( -0.5500000000000002665, 0.000000000000000000, 0.000000000000000000 ) ) ;
#2675 = EDGE_CURVE ( 'NONE', #1992, #761, #2216, .T. ) ;
#2676 = EDGE_LOOP ( 'NONE', ( #4116, #446, #6720, #5943 ) ) ;
#2677 = UNCERTAINTY_MEASURE_WITH_UNIT (LENGTH_MEASURE( 1.000000000000000082E-05 ), #4085, 'distance_accuracy_value', 'NONE');
#2678 = CARTESIAN_POINT ( 'NONE',  ( 0.1090189927530470226, -0.1416573873663204697, 0.05000000000000000278 ) ) ;
#2679 = ORIENTED_EDGE ( 'NONE', *, *, #4296, .T. ) ;
#2680 = VECTOR ( 'NONE', #5562, 1000.000000000000000 ) ;
#2681 = CARTESIAN_POINT ( 'NONE',  ( 0.1301111185605692278, -0.03810647155718533546, 0.05000000000000000278 ) ) ;
#2682 =( GEOMETRIC_REPRESENTATION_CONTEXT ( 3 ) GLOBAL_UNCERTAINTY_ASSIGNED_CONTEXT ( ( #445 ) ) GLOBAL_UNIT_ASSIGNED_CONTEXT ( ( #2920, #1885, #2848 ) ) REPRESENTATION_CONTEXT ( 'NONE', 'WORKASPACE' ) );
#2683 = LINE ( 'NONE', #6142, #1970 ) ;
#2684 = EDGE_CURVE ( 'NONE', #1329, #3331, #623, .T. ) ;
#2685 = ORIENTED_EDGE ( 'NONE', *, *, #2886, .F. ) ;
#2686 =( NAMED_UNIT ( * ) PLANE_ANGLE_UNIT ( ) SI_UNIT ( $, .RADIAN. ) );
#2687 =( NAMED_UNIT ( * ) SI_UNIT ( $, .STERADIAN. ) SOLID_ANGLE_UNIT ( ) );
#2688 = VECTOR ( 'NONE', #3901, 1000.000000000000000 ) ;
#2689 = AXIS2_PLACEMENT_3D ( 'NONE', #5719, #3039, #4121 ) ;
#2690 = CARTESIAN_POINT ( 'NONE',  ( 0.07728141073999196531, -0.05574591671336966148, 0.000000000000000000 ) ) ;
#2691 = CIRCLE ( 'NONE', #419, 0.1199999999999999956 ) ;
#2692 = CARTESIAN_POINT ( 'NONE',  ( 0.07734026337536677176, -0.1238489188785477924, 0.000000000000000000 ) ) ;
#2693 = B_SPLINE_CURVE_WITH_KNOTS ( 'NONE', 3,
 ( #21, #571, #2868, #6638, #1345, #3453, #6685, #299, #857, #4009, #4562, #1368, #318, #1909, #6714, #3492, #1391, #2447, #6195 ),
 .UNSPECIFIED., .F., .F.,
 ( 4, 1, 1, 1, 1, 1, 1, 1, 1, 1, 1, 1, 1, 1, 1, 1, 4 ),
 ( 0.000000000000000000, 0.06455784592971902658, 0.1270135315497587514, 0.1879548102020905109, 0.2480139127896341389, 0.3077476818488373289, 0.3682345146974852490, 0.4294698439426694603, 0.4927434367465848286, 0.5562577687060831222, 0.6182167855431436321, 0.6796554755875549025, 0.7412455456206292759, 0.8034152647056966856, 0.8668154615439922495, 0.9323283119492650206, 0.9999999999999998890 ),
 .UNSPECIFIED. ) ;
#2694 = EDGE_LOOP ( 'NONE', ( #1230, #1261, #1807, #4338, #5991, #3433, #4756, #1065, #3578, #5261, #781, #1867 ) ) ;
#2695 = CARTESIAN_POINT ( 'NONE',  ( -1.060000000000000719, 0.1250000000000002220, 0.1499999999999999944 ) ) ;
#2696 = PLANE ( 'NONE',  #3144 ) ;
#2697 = COLOUR_RGB ( '',0.5019607843137254832, 0.5019607843137254832, 0.000000000000000000 ) ;
#2698 = CARTESIAN_POINT ( 'NONE',  ( -0.06653251900438821032, -0.1385011689890706388, 0.000000000000000000 ) ) ;
#2699 = FACE_OUTER_BOUND ( 'NONE', #6838, .T. ) ;
#2700 = EDGE_LOOP ( 'NONE', ( #1664, #4180, #3407, #641 ) ) ;
#2701 = SURFACE_STYLE_USAGE ( .BOTH. , #4825 ) ;
#2702 = VECTOR ( 'NONE', #3253, 1000.000000000000000 ) ;
#2703 = CARTESIAN_POINT ( 'NONE',  ( 0.1196381574993848201, -0.04750843432199046423, 0.05000000000000000278 ) ) ;
#2704 = FILL_AREA_STYLE_COLOUR ( '', #5923 ) ;
#2705 = EDGE_CURVE ( 'NONE', #1213, #2954, #1864, .T. ) ;
#2706 = VERTEX_POINT ( 'NONE', #3043 ) ;
#2707 = STYLED_ITEM ( 'NONE', ( #6425 ), #5855 ) ;
#2708 = CARTESIAN_POINT ( 'NONE',  ( 1.050000000000000266, -0.6250000000000001110, 0.7500000000000000000 ) ) ;
#2709 = STYLED_ITEM ( 'NONE', ( #932 ), #3145 ) ;
#2710 = CARTESIAN_POINT ( 'NONE',  ( 0.1697895836274288528, -0.1085987621891879862, -0.000000000000000000 ) ) ;
#2711 = CARTESIAN_POINT ( 'NONE',  ( 0.6700000000000012612, 0.8750000000000002220, -0.02000000000000000042 ) ) ;
#2712 = VERTEX_POINT ( 'NONE', #885 ) ;
#2713 = ORIENTED_EDGE ( 'NONE', *, *, #6063, .F. ) ;
#2714 = EDGE_CURVE ( 'NONE', #1737, #5234, #3430, .T. ) ;
#2715 = VECTOR ( 'NONE', #1446, 1000.000000000000000 ) ;
#2716 = DIRECTION ( 'NONE',  ( -1.000000000000000000, 0.000000000000000000, -0.000000000000000000 ) ) ;
#2717 = CARTESIAN_POINT ( 'NONE',  ( 0.1728389157054465164, -0.08743646989846672046, 0.05000000000000000278 ) ) ;
#2718 = MECHANICAL_DESIGN_GEOMETRIC_PRESENTATION_REPRESENTATION (  '', ( #2385 ), #4165 ) ;
#2719 = CARTESIAN_POINT ( 'NONE',  ( -0.1010159831795813951, -0.08271623839307491732, 0.05000000000000000278 ) ) ;
#2720 = ORIENTED_EDGE ( 'NONE', *, *, #1231, .F. ) ;
#2721 = AXIS2_PLACEMENT_3D ( 'NONE', #1554, #3263, #457 ) ;
#2722 = CARTESIAN_POINT ( 'NONE',  ( 0.08497296890749048148, -0.06218130425852972515, 0.05000000000000000278 ) ) ;
#2723 = DIRECTION ( 'NONE',  ( -0.000000000000000000, 0.000000000000000000, 1.000000000000000000 ) ) ;
#2724 = VECTOR ( 'NONE', #2847, 1000.000000000000000 ) ;
#2725 = ORIENTED_EDGE ( 'NONE', *, *, #1644, .T. ) ;
#2726 = DIRECTION ( 'NONE',  ( 0.000000000000000000, 0.000000000000000000, -1.000000000000000000 ) ) ;
#2727 = STYLED_ITEM ( 'NONE', ( #1790 ), #863 ) ;
#2728 = LINE ( 'NONE', #407, #2895 ) ;
#2729 = EDGE_CURVE ( 'NONE', #5708, #449, #701, .T. ) ;
#2730 = FACE_OUTER_BOUND ( 'NONE', #300, .T. ) ;
#2731 = ORIENTED_EDGE ( 'NONE', *, *, #1509, .T. ) ;
#2732 = CARTESIAN_POINT ( 'NONE',  ( -0.7589828794336488382, 0.7285559488550196194, 0.7500000000000000000 ) ) ;
#2733 = CARTESIAN_POINT ( 'NONE',  ( -0.08917388471332068911, -0.05523586442066060614, 0.000000000000000000 ) ) ;
#2734 = CARTESIAN_POINT ( 'NONE',  ( 0.09978448301753300997, -0.1393245899340383454, -0.000000000000000000 ) ) ;
#2735 = CARTESIAN_POINT ( 'NONE',  ( -0.05893473490254278607, -0.1395069888485747645, 0.05000000000000000278 ) ) ;
#2736 = CARTESIAN_POINT ( 'NONE',  ( -1.050000000000000266, 1.050000000000000044, 0.000000000000000000 ) ) ;
#2737 = FACE_OUTER_BOUND ( 'NONE', #3951, .T. ) ;
#2738 = CARTESIAN_POINT ( 'NONE',  ( -1.060000000000000719, 0.3750000000000002220, -0.02000000000000000042 ) ) ;
#2739 = ORIENTED_EDGE ( 'NONE', *, *, #1905, .F. ) ;
#2740 = CARTESIAN_POINT ( 'NONE',  ( 0.1402702342946281211, -0.04090640440929362714, 0.05000000000000000278 ) ) ;
#2741 = FACE_OUTER_BOUND ( 'NONE', #2700, .T. ) ;
#2742 = CIRCLE ( 'NONE', #1063, 0.1199999999999999956 ) ;
#2743 = SURFACE_STYLE_FILL_AREA ( #2034 ) ;
#2744 = CARTESIAN_POINT ( 'NONE',  ( 0.1122896137305274544, -0.03755895618841160327, 0.05000000000000000278 ) ) ;
#2745 = SURFACE_SIDE_STYLE ('',( #1072 ) ) ;
#2746 = LINE ( 'NONE', #1470, #2829 ) ;
#2747 = CARTESIAN_POINT ( 'NONE',  ( 0.08497296890749048148, -0.06218130425852972515, 0.05000000000000000278 ) ) ;
#2748 = VECTOR ( 'NONE', #4395, 1000.000000000000000 ) ;
#2749 = ADVANCED_FACE ( 'NONE', ( #2585 ), #1434, .F. ) ;
#2750 = ORIENTED_EDGE ( 'NONE', *, *, #1263, .T. ) ;
#2751 = ORIENTED_EDGE ( 'NONE', *, *, #307, .T. ) ;
#2752 = DIRECTION ( 'NONE',  ( 0.000000000000000000, 0.000000000000000000, -1.000000000000000000 ) ) ;
#2753 = VERTEX_POINT ( 'NONE', #2486 ) ;
#2754 = VECTOR ( 'NONE', #5015, 1000.000000000000000 ) ;
#2755 = UNCERTAINTY_MEASURE_WITH_UNIT (LENGTH_MEASURE( 1.000000000000000082E-05 ), #5965, 'distance_accuracy_value', 'NONE');
#2756 = VERTEX_POINT ( 'NONE', #969 ) ;
#2757 = EDGE_CURVE ( 'NONE', #1674, #6188, #5298, .T. ) ;
#2758 = DIRECTION ( 'NONE',  ( -2.065146995210484202E-16, 1.000000000000000000, 0.000000000000000000 ) ) ;
#2759 = CARTESIAN_POINT ( 'NONE',  ( -0.6700000000000002620, -0.2449999999999997735, 0.1499999999999999944 ) ) ;
#2760 = SURFACE_STYLE_FILL_AREA ( #866 ) ;
#2761 = CARTESIAN_POINT ( 'NONE',  ( -0.1014756245518972505, -0.09107814586045200056, 0.05000000000000000278 ) ) ;
#2762 = PRESENTATION_LAYER_ASSIGNMENT (  '', '', ( #1149 ) ) ;
#2764 = ORIENTED_EDGE ( 'NONE', *, *, #4903, .F. ) ;
#2763 = CIRCLE ( 'NONE', #2417, 0.1199999999999999956 ) ;
#2765 = PRESENTATION_LAYER_ASSIGNMENT (  '', '', ( #251 ) ) ;
#2766 = FILL_AREA_STYLE ('',( #6418 ) ) ;
#2767 = CARTESIAN_POINT ( 'NONE',  ( 0.1246728638525332472, -0.03738883966318837931, 0.05000000000000000278 ) ) ;
#2768 = DIRECTION ( 'NONE',  ( 0.4283511191562785481, -0.9036123719369736351, 0.000000000000000000 ) ) ;
#2769 = LINE ( 'NONE', #2328, #3372 ) ;
#2770 =( GEOMETRIC_REPRESENTATION_CONTEXT ( 3 ) GLOBAL_UNCERTAINTY_ASSIGNED_CONTEXT ( ( #1849 ) ) GLOBAL_UNIT_ASSIGNED_CONTEXT ( ( #3805, #727, #2784 ) ) REPRESENTATION_CONTEXT ( 'NONE', 'WORKASPACE' ) );
#2771 = SURFACE_STYLE_USAGE ( .BOTH. , #2836 ) ;
#2772 = EDGE_CURVE ( 'NONE', #5702, #947, #2427, .T. ) ;
#2773 = DIRECTION ( 'NONE',  ( 1.000000000000000000, 0.000000000000000000, 0.000000000000000000 ) ) ;
#2774 = CARTESIAN_POINT ( 'NONE',  ( -0.08556421776015563085, -0.06670713372817778375, 0.05000000000000000278 ) ) ;
#2775 = ORIENTED_EDGE ( 'NONE', *, *, #4903, .T. ) ;
#2776 = VERTEX_POINT ( 'NONE', #1596 ) ;
#2777 = SURFACE_SIDE_STYLE ('',( #5020 ) ) ;
#2778 = CARTESIAN_POINT ( 'NONE',  ( 0.5500000000000002665, -0.2549999999999990608, -0.02000000000000000042 ) ) ;
#2779 = CARTESIAN_POINT ( 'NONE',  ( -1.060000000000000719, -0.1249999999999997918, 0.1499999999999999944 ) ) ;
#2780 = LINE ( 'NONE', #3943, #3628 ) ;
#2781 = CARTESIAN_POINT ( 'NONE',  ( 0.1249999999999997363, -8.024522658198616497E-17, 0.000000000000000000 ) ) ;
#2782 = FILL_AREA_STYLE_COLOUR ( '', #3729 ) ;
#2783 = LINE ( 'NONE', #6581, #1239 ) ;
#2784 =( NAMED_UNIT ( * ) SI_UNIT ( $, .STERADIAN. ) SOLID_ANGLE_UNIT ( ) );
#2785 = CARTESIAN_POINT ( 'NONE',  ( -0.07312352285875886593, -0.1368320972414398262, 0.000000000000000000 ) ) ;
#2786 = PLANE ( 'NONE',  #6283 ) ;
#2787 =( LENGTH_UNIT ( ) NAMED_UNIT ( * ) SI_UNIT ( .MILLI., .METRE. ) );
#2788 = CARTESIAN_POINT ( 'NONE',  ( -0.6700000000000011502, -0.8749999999999998890, -0.02000000000000000042 ) ) ;
#2789 = DIRECTION ( 'NONE',  ( 0.000000000000000000, -0.000000000000000000, 1.000000000000000000 ) ) ;
#2790 = ORIENTED_EDGE ( 'NONE', *, *, #5053, .T. ) ;
#2791 = ORIENTED_EDGE ( 'NONE', *, *, #4594, .T. ) ;
#2792 = EDGE_CURVE ( 'NONE', #3607, #3850, #6706, .T. ) ;
#2793 = ORIENTED_EDGE ( 'NONE', *, *, #1755, .F. ) ;
#2794 =( GEOMETRIC_REPRESENTATION_CONTEXT ( 3 ) GLOBAL_UNCERTAINTY_ASSIGNED_CONTEXT ( ( #228 ) ) GLOBAL_UNIT_ASSIGNED_CONTEXT ( ( #6542, #6051, #2813 ) ) REPRESENTATION_CONTEXT ( 'NONE', 'WORKASPACE' ) );
#2795 = UNCERTAINTY_MEASURE_WITH_UNIT (LENGTH_MEASURE( 1.000000000000000082E-05 ), #4461, 'distance_accuracy_value', 'NONE');
#2796 = CIRCLE ( 'NONE', #4588, 0.1199999999999999956 ) ;
#2797 = MECHANICAL_DESIGN_GEOMETRIC_PRESENTATION_REPRESENTATION (  '', ( #6775 ), #2547 ) ;
#2798 = CARTESIAN_POINT ( 'NONE',  ( -0.09144859110769400223, -0.05805267414107320029, 0.000000000000000000 ) ) ;
#2799 = CARTESIAN_POINT ( 'NONE',  ( 0.09388899198481107100, -0.04272959313355140926, 0.05000000000000000278 ) ) ;
#2800 = DIRECTION ( 'NONE',  ( 1.000000000000000000, 0.000000000000000000, -0.000000000000000000 ) ) ;
#2801 = PLANE ( 'NONE',  #6185 ) ;
#2802 = ORIENTED_EDGE ( 'NONE', *, *, #2577, .T. ) ;
#2803 = EDGE_CURVE ( 'NONE', #3447, #4618, #3512, .T. ) ;
#2804 = SURFACE_SIDE_STYLE ('',( #6088 ) ) ;
#2805 = AXIS2_PLACEMENT_3D ( 'NONE', #3011, #454, #4674 ) ;
#2806 = MECHANICAL_DESIGN_GEOMETRIC_PRESENTATION_REPRESENTATION (  '', ( #2151 ), #3192 ) ;
#2807 = LINE ( 'NONE', #5895, #3998 ) ;
#2808 = DIRECTION ( 'NONE',  ( -0.9079872537420919931, 0.4189977888269744710, 0.000000000000000000 ) ) ;
#2809 = ORIENTED_EDGE ( 'NONE', *, *, #6514, .F. ) ;
#2810 = LINE ( 'NONE', #830, #6873 ) ;
#2811 = VECTOR ( 'NONE', #3472, 1000.000000000000000 ) ;
#2812 = CARTESIAN_POINT ( 'NONE',  ( 0.6700000000000002620, -0.2449999999999997735, 0.1499999999999999944 ) ) ;
#2813 =( NAMED_UNIT ( * ) SI_UNIT ( $, .STERADIAN. ) SOLID_ANGLE_UNIT ( ) );
#2814 = VECTOR ( 'NONE', #4044, 1000.000000000000000 ) ;
#2815 = CARTESIAN_POINT ( 'NONE',  ( -0.06916745142016138270, -0.05386290841499782878, 0.05000000000000000278 ) ) ;
#2816 = ORIENTED_EDGE ( 'NONE', *, *, #6514, .T. ) ;
#2817 = AXIS2_PLACEMENT_3D ( 'NONE', #1244, #5416, #1206 ) ;
#2818 = FACE_OUTER_BOUND ( 'NONE', #6621, .T. ) ;
#2819 = LINE ( 'NONE', #5387, #1266 ) ;
#2820 = LINE ( 'NONE', #5826, #4871 ) ;
#2821 = CARTESIAN_POINT ( 'NONE',  ( 0.6700000000000011502, -0.3749999999999998890, -0.02000000000000000042 ) ) ;
#2822 = CARTESIAN_POINT ( 'NONE',  ( 0.07728141073999196531, -0.05574591671336966148, 0.05000000000000000278 ) ) ;
#2823 = DIRECTION ( 'NONE',  ( 0.000000000000000000, 0.000000000000000000, -1.000000000000000000 ) ) ;
#2824 =( NAMED_UNIT ( * ) SI_UNIT ( $, .STERADIAN. ) SOLID_ANGLE_UNIT ( ) );
#2825 = SURFACE_STYLE_FILL_AREA ( #6532 ) ;
#2826 = VERTEX_POINT ( 'NONE', #6342 ) ;
#2827 = CARTESIAN_POINT ( 'NONE',  ( 1.050000000000000266, 0.8750000000000000000, 0.000000000000000000 ) ) ;
#2828 = VERTEX_POINT ( 'NONE', #6382 ) ;
#2829 = VECTOR ( 'NONE', #5259, 1000.000000000000000 ) ;
#2830 = VERTEX_POINT ( 'NONE', #5798 ) ;
#2831 = DIRECTION ( 'NONE',  ( -1.000000000000000000, 0.000000000000000000, -0.000000000000000000 ) ) ;
#2832 = ORIENTED_EDGE ( 'NONE', *, *, #3312, .F. ) ;
#2833 = EDGE_CURVE ( 'NONE', #4632, #4213, #949, .T. ) ;
#2834 = PRESENTATION_STYLE_ASSIGNMENT (( #931 ) ) ;
#2835 = FILL_AREA_STYLE ('',( #4380 ) ) ;
#2836 = SURFACE_SIDE_STYLE ('',( #5120 ) ) ;
#2837 = VERTEX_POINT ( 'NONE', #1090 ) ;
#2838 = CARTESIAN_POINT ( 'NONE',  ( -0.2091679322442049627, -0.1398161266296827909, 0.05000000000000000278 ) ) ;
#2839 = ORIENTED_EDGE ( 'NONE', *, *, #6336, .F. ) ;
#2840 = CIRCLE ( 'NONE', #1269, 0.1199999999999999956 ) ;
#2841 = EDGE_CURVE ( 'NONE', #6453, #1152, #941, .T. ) ;
#2842 = VECTOR ( 'NONE', #2355, 1000.000000000000000 ) ;
#2843 = CARTESIAN_POINT ( 'NONE',  ( 0.1638974666557175275, -0.08893393387022095753, 0.05000000000000000278 ) ) ;
#2845 = ORIENTED_EDGE ( 'NONE', *, *, #5217, .F. ) ;
#2844 = VECTOR ( 'NONE', #2507, 1000.000000000000000 ) ;
#2846 = CARTESIAN_POINT ( 'NONE',  ( 0.5500000000000003775, 0.7450000000000009948, 0.1499999999999999944 ) ) ;
#2847 = DIRECTION ( 'NONE',  ( -1.000000000000000000, 0.000000000000000000, 0.000000000000000000 ) ) ;
#2848 =( NAMED_UNIT ( * ) SI_UNIT ( $, .STERADIAN. ) SOLID_ANGLE_UNIT ( ) );
#2849 = CARTESIAN_POINT ( 'NONE',  ( 0.1444314884874485505, -0.1253917457986191142, -6.776263578034402713E-18 ) ) ;
#2850 = DIRECTION ( 'NONE',  ( -1.000000000000000000, 0.000000000000000000, 0.000000000000000000 ) ) ;
#2851 = AXIS2_PLACEMENT_3D ( 'NONE', #3687, #3108, #2035 ) ;
#2852 = ADVANCED_FACE ( 'NONE', ( #2737 ), #3656, .T. ) ;
#2853 = PRESENTATION_LAYER_ASSIGNMENT (  '', '', ( #1104 ) ) ;
#2854 = CARTESIAN_POINT ( 'NONE',  ( -0.001475624551897254926, -0.05007253688609302616, 0.05000000000000000278 ) ) ;
#2855 = ORIENTED_EDGE ( 'NONE', *, *, #2577, .F. ) ;
#2856 = DIRECTION ( 'NONE',  ( -1.000000000000000000, 0.000000000000000000, 0.000000000000000000 ) ) ;
#2857 = CARTESIAN_POINT ( 'NONE',  ( -0.09245779000799717040, -0.08759103767588428957, 0.05000000000000000278 ) ) ;
#2858 = PRESENTATION_LAYER_ASSIGNMENT (  '', '', ( #5656 ) ) ;
#2860 = ORIENTED_EDGE ( 'NONE', *, *, #4669, .F. ) ;
#2859 = VECTOR ( 'NONE', #4513, 1000.000000000000000 ) ;
#2861 = DIRECTION ( 'NONE',  ( 0.000000000000000000, 0.000000000000000000, -1.000000000000000000 ) ) ;
#2862 = VERTEX_POINT ( 'NONE', #461 ) ;
#2863 = EDGE_CURVE ( 'NONE', #1004, #1710, #2575, .T. ) ;
#2864 =( NAMED_UNIT ( * ) PLANE_ANGLE_UNIT ( ) SI_UNIT ( $, .RADIAN. ) );
#2865 = CARTESIAN_POINT ( 'NONE',  ( 0.1533123937433988893, -0.06176323116728569401, 0.05000000000000000278 ) ) ;
#2866 = CARTESIAN_POINT ( 'NONE',  ( 0.1590110683706998096, -0.1101985265850241591, 0.000000000000000000 ) ) ;
#2867 = CARTESIAN_POINT ( 'NONE',  ( -0.04047232377391438846, -0.05008767092976928320, 0.05000000000000000278 ) ) ;
#2868 = CARTESIAN_POINT ( 'NONE',  ( 0.1727514943844890849, -0.08389758633954863543, 0.000000000000000000 ) ) ;
#2869 = CARTESIAN_POINT ( 'NONE',  ( 0.1590110683706998096, -0.1101985265850241591, 0.05000000000000000278 ) ) ;
#2870 = ORIENTED_EDGE ( 'NONE', *, *, #6424, .F. ) ;
#2871 = CARTESIAN_POINT ( 'NONE',  ( -0.1392961373724100616, -0.1077648445784007286, 0.05000000000000000278 ) ) ;
#2872 = PRESENTATION_STYLE_ASSIGNMENT (( #3985 ) ) ;
#2873 = PLANE ( 'NONE',  #4687 ) ;
#2874 = UNCERTAINTY_MEASURE_WITH_UNIT (LENGTH_MEASURE( 1.000000000000000082E-05 ), #3882, 'distance_accuracy_value', 'NONE');
#2875 = ORIENTED_EDGE ( 'NONE', *, *, #1, .F. ) ;
#2876 = CARTESIAN_POINT ( 'NONE',  ( -1.060000000000000719, 0.6250000000000002220, 0.1499999999999999944 ) ) ;
#2877 = ORIENTED_EDGE ( 'NONE', *, *, #2462, .F. ) ;
#2878 =( LENGTH_UNIT ( ) NAMED_UNIT ( * ) SI_UNIT ( .MILLI., .METRE. ) );
#2879 = SURFACE_STYLE_FILL_AREA ( #959 ) ;
#2880 = PLANE ( 'NONE',  #6785 ) ;
#2881 = ADVANCED_FACE ( 'NONE', ( #5602 ), #4734, .T. ) ;
#2882 = VERTEX_POINT ( 'NONE', #6323 ) ;
#2883 = UNCERTAINTY_MEASURE_WITH_UNIT (LENGTH_MEASURE( 1.000000000000000082E-05 ), #5183, 'distance_accuracy_value', 'NONE');
#2884 = CARTESIAN_POINT ( 'NONE',  ( -0.08061014034880023549, -0.1202689619053537579, 0.05000000000000000278 ) ) ;
#2885 = DIRECTION ( 'NONE',  ( -6.419618126558907003E-16, -1.000000000000000000, 0.000000000000000000 ) ) ;
#2886 = EDGE_CURVE ( 'NONE', #4771, #4899, #2654, .T. ) ;
#2887 = VECTOR ( 'NONE', #4900, 1000.000000000000000 ) ;
#2888 =( GEOMETRIC_REPRESENTATION_CONTEXT ( 3 ) GLOBAL_UNCERTAINTY_ASSIGNED_CONTEXT ( ( #1903 ) ) GLOBAL_UNIT_ASSIGNED_CONTEXT ( ( #5890, #1597, #4267 ) ) REPRESENTATION_CONTEXT ( 'NONE', 'WORKASPACE' ) );
#2889 = LINE ( 'NONE', #5552, #1506 ) ;
#2890 = ORIENTED_EDGE ( 'NONE', *, *, #2544, .F. ) ;
#2891 = CARTESIAN_POINT ( 'NONE',  ( 0.1617248932029776709, -0.07591314224640406672, 0.05000000000000000278 ) ) ;
#2892 = STYLED_ITEM ( 'NONE', ( #3444 ), #4026 ) ;
#2893 = CIRCLE ( 'NONE', #5402, 0.1199999999999999956 ) ;
#2894 = CARTESIAN_POINT ( 'NONE',  ( 0.6700000000000003730, 0.2450000000000001066, 0.000000000000000000 ) ) ;
#2895 = VECTOR ( 'NONE', #884, 1000.000000000000000 ) ;
#2896 = CARTESIAN_POINT ( 'NONE',  ( 1.050000000000000266, -0.1250000000000000555, 0.000000000000000000 ) ) ;
#2897 = CARTESIAN_POINT ( 'NONE',  ( 0.1622149148705907817, -0.1026188637173406359, 0.05000000000000000278 ) ) ;
#2898 =( LENGTH_UNIT ( ) NAMED_UNIT ( * ) SI_UNIT ( .MILLI., .METRE. ) );
#2899 = FACE_BOUND ( 'NONE', #4649, .T. ) ;
#2900 = CARTESIAN_POINT ( 'NONE',  ( -0.1240918104493331370, -0.1398161266296827909, 0.05000000000000000278 ) ) ;
#2901 = LINE ( 'NONE', #1437, #2118 ) ;
#2902 =( GEOMETRIC_REPRESENTATION_CONTEXT ( 3 ) GLOBAL_UNCERTAINTY_ASSIGNED_CONTEXT ( ( #5689 ) ) GLOBAL_UNIT_ASSIGNED_CONTEXT ( ( #481, #4727, #5791 ) ) REPRESENTATION_CONTEXT ( 'NONE', 'WORKASPACE' ) );
#2903 = SURFACE_STYLE_FILL_AREA ( #6499 ) ;
#2904 = CARTESIAN_POINT ( 'NONE',  ( -0.04966919879205956845, -0.04000809817442686073, 0.05000000000000000278 ) ) ;
#2905 = CARTESIAN_POINT ( 'NONE',  ( -0.6700000000000002620, -0.7449999999999997735, 0.1499999999999999944 ) ) ;
#2906 = EDGE_CURVE ( 'NONE', #5378, #5091, #5289, .T. ) ;
#2907 = LINE ( 'NONE', #4782, #3670 ) ;
#2908 = ORIENTED_EDGE ( 'NONE', *, *, #4163, .F. ) ;
#2909 = VECTOR ( 'NONE', #604, 1000.000000000000000 ) ;
#2910 = LINE ( 'NONE', #1522, #2579 ) ;
#2911 = CARTESIAN_POINT ( 'NONE',  ( -0.5500000000000003775, 0.6250000000000001110, 0.000000000000000000 ) ) ;
#2912 =( NAMED_UNIT ( * ) PLANE_ANGLE_UNIT ( ) SI_UNIT ( $, .RADIAN. ) );
#2913 = VECTOR ( 'NONE', #3559, 1000.000000000000000 ) ;
#2914 = PLANE ( 'NONE',  #5561 ) ;
#2915 = CARTESIAN_POINT ( 'NONE',  ( 0.1639089908327181766, -0.08991628688609304421, 0.05000000000000000278 ) ) ;
#2916 = ORIENTED_EDGE ( 'NONE', *, *, #5332, .T. ) ;
#2917 = PLANE ( 'NONE',  #2195 ) ;
#2918 = DIRECTION ( 'NONE',  ( 0.000000000000000000, 0.000000000000000000, -1.000000000000000000 ) ) ;
#2919 = ORIENTED_EDGE ( 'NONE', *, *, #5208, .T. ) ;
#2920 =( LENGTH_UNIT ( ) NAMED_UNIT ( * ) SI_UNIT ( .MILLI., .METRE. ) );
#2921 = LINE ( 'NONE', #2247, #1714 ) ;
#2922 = CARTESIAN_POINT ( 'NONE',  ( 0.1237150933573553380, -0.1320361418181369428, 0.05000000000000000278 ) ) ;
#2923 = FILL_AREA_STYLE ('',( #5000 ) ) ;
#2924 = EDGE_CURVE ( 'NONE', #6753, #1213, #2907, .T. ) ;
#2925 = ORIENTED_EDGE ( 'NONE', *, *, #1016, .F. ) ;
#2926 = VERTEX_POINT ( 'NONE', #4755 ) ;
#2927 = VERTEX_POINT ( 'NONE', #1571 ) ;
#2928 = FILL_AREA_STYLE_COLOUR ( '', #2525 ) ;
#2929 = VECTOR ( 'NONE', #6108, 1000.000000000000000 ) ;
#2930 = CARTESIAN_POINT ( 'NONE',  ( 0.1250000000000001665, 0.6800000000000001599, 0.1499999999999999944 ) ) ;
#2931 = FILL_AREA_STYLE_COLOUR ( '', #3838 ) ;
#2933 = EDGE_LOOP ( 'NONE', ( #2130, #4972, #5716, #5806, #2218, #749, #5047, #456, #4875, #4364, #2092, #1277, #2974, #2452, #320, #5570, #2750, #3351, #826, #6663 ) ) ;
#2932 = VECTOR ( 'NONE', #5222, 999.9999999999998863 ) ;
#2934 = LINE ( 'NONE', #1895, #4964 ) ;
#2935 = EDGE_CURVE ( 'NONE', #273, #3281, #5692, .T. ) ;
#2936 = ORIENTED_EDGE ( 'NONE', *, *, #2119, .T. ) ;
#2937 = CARTESIAN_POINT ( 'NONE',  ( 0.1541772784449542688, -0.1308558362169158218, 0.05000000000000000278 ) ) ;
#2938 =( GEOMETRIC_REPRESENTATION_CONTEXT ( 3 ) GLOBAL_UNCERTAINTY_ASSIGNED_CONTEXT ( ( #2677 ) ) GLOBAL_UNIT_ASSIGNED_CONTEXT ( ( #4085, #375, #915 ) ) REPRESENTATION_CONTEXT ( 'NONE', 'WORKASPACE' ) );
#2939 = CARTESIAN_POINT ( 'NONE',  ( -0.03987706685958954805, -0.1295597163732725154, 0.000000000000000000 ) ) ;
#2940 = FILL_AREA_STYLE_COLOUR ( '', #3122 ) ;
#2941 = ORIENTED_EDGE ( 'NONE', *, *, #3299, .F. ) ;
#2942 = PLANE ( 'NONE',  #2805 ) ;
#2943 = EDGE_CURVE ( 'NONE', #3850, #1133, #4521, .T. ) ;
#2944 = CARTESIAN_POINT ( 'NONE',  ( 0.1635749338530021191, -0.08410984837845897344, 0.05000000000000000278 ) ) ;
#2945 = CARTESIAN_POINT ( 'NONE',  ( -0.07619766375688019622, -0.1235274840767833365, 0.05000000000000000278 ) ) ;
#2946 = FACE_OUTER_BOUND ( 'NONE', #6896, .T. ) ;
#2947 = VECTOR ( 'NONE', #2752, 1000.000000000000000 ) ;
#2948 = CARTESIAN_POINT ( 'NONE',  ( -0.005000000000000042605, 0.6800000000000001599, -0.02000000000000000042 ) ) ;
#2949 = CARTESIAN_POINT ( 'NONE',  ( 0.1282714360787863550, -0.1314292223740907151, -6.776263578034402713E-18 ) ) ;
#2950 = CARTESIAN_POINT ( 'NONE',  ( 0.1367697479739999888, -0.1291771980552675059, 0.05000000000000000278 ) ) ;
#2951 = VERTEX_POINT ( 'NONE', #2156 ) ;
#2952 = AXIS2_PLACEMENT_3D ( 'NONE', #1026, #4761, #469 ) ;
#2953 = DIRECTION ( 'NONE',  ( -0.000000000000000000, 0.000000000000000000, -1.000000000000000000 ) ) ;
#2954 = VERTEX_POINT ( 'NONE', #3194 ) ;
#2955 = CARTESIAN_POINT ( 'NONE',  ( -0.09156647955308787334, -0.08097757065308558433, 0.000000000000000000 ) ) ;
#2956 = DIRECTION ( 'NONE',  ( -0.000000000000000000, 0.000000000000000000, 1.000000000000000000 ) ) ;
#2957 = FILL_AREA_STYLE_COLOUR ( '', #1785 ) ;
#2958 = AXIS2_PLACEMENT_3D ( 'NONE', #526, #4753, #2093 ) ;
#2959 = CARTESIAN_POINT ( 'NONE',  ( 0.1252992994348399447, -0.1421181658279960236, 0.05000000000000000278 ) ) ;
#2960 = ADVANCED_FACE ( 'NONE', ( #182 ), #5023, .T. ) ;
#2961 = EDGE_CURVE ( 'NONE', #3331, #5503, #4174, .T. ) ;
#2962 = CARTESIAN_POINT ( 'NONE',  ( 0.1196381574993848201, -0.04750843432199046423, 0.000000000000000000 ) ) ;
#2963 = ORIENTED_EDGE ( 'NONE', *, *, #4575, .F. ) ;
#2964 = VERTEX_POINT ( 'NONE', #1282 ) ;
#2965 = CARTESIAN_POINT ( 'NONE',  ( -1.060000000000000497, -0.6249999999999997780, -0.02000000000000000042 ) ) ;
#2966 = LINE ( 'NONE', #1850, #1331 ) ;
#2967 = CARTESIAN_POINT ( 'NONE',  ( 0.6700000000000012612, 0.3750000000000002220, -0.02000000000000000042 ) ) ;
#2968 = CARTESIAN_POINT ( 'NONE',  ( -0.08760981262570419204, -0.1116088555888093969, 0.000000000000000000 ) ) ;
#2969 = DIRECTION ( 'NONE',  ( 0.000000000000000000, -0.000000000000000000, 1.000000000000000000 ) ) ;
#2970 = CARTESIAN_POINT ( 'NONE',  ( 0.1155801455905394043, -0.1423420042028803456, 0.05000000000000000278 ) ) ;
#2971 = FILL_AREA_STYLE_COLOUR ( '', #782 ) ;
#2972 = CARTESIAN_POINT ( 'NONE',  ( -0.04966919879205956845, -0.04000809817442686073, 0.05000000000000000278 ) ) ;
#2973 = UNCERTAINTY_MEASURE_WITH_UNIT (LENGTH_MEASURE( 1.000000000000000082E-05 ), #5412, 'distance_accuracy_value', 'NONE');
#2974 = ORIENTED_EDGE ( 'NONE', *, *, #377, .T. ) ;
#2975 = DIRECTION ( 'NONE',  ( -3.566454514754948225E-16, -1.000000000000000000, 0.000000000000000000 ) ) ;
#2976 = CARTESIAN_POINT ( 'NONE',  ( -0.09080123138055243293, -0.07786390792755401580, 0.000000000000000000 ) ) ;
#2977 = CARTESIAN_POINT ( 'NONE',  ( 0.09936334172606962889, -0.1280458820354458682, 0.05000000000000000278 ) ) ;
#2978 = SURFACE_STYLE_USAGE ( .BOTH. , #1397 ) ;
#2979 = CARTESIAN_POINT ( 'NONE',  ( -0.09080123138055243293, -0.07786390792755401580, 0.000000000000000000 ) ) ;
#2980 = EDGE_LOOP ( 'NONE', ( #6796, #4813, #174, #1168 ) ) ;
#2981 = FILL_AREA_STYLE ('',( #1900 ) ) ;
#2982 = CARTESIAN_POINT ( 'NONE',  ( 0.04596027288400020283, -0.05007253688609302616, -0.000000000000000000 ) ) ;
#2983 = LINE ( 'NONE', #6368, #1770 ) ;
#2984 = ORIENTED_EDGE ( 'NONE', *, *, #6897, .T. ) ;
#2985 = EDGE_CURVE ( 'NONE', #1710, #3443, #6695, .T. ) ;
#2986 = PRESENTATION_LAYER_ASSIGNMENT (  '', '', ( #4860 ) ) ;
#2987 = FILL_AREA_STYLE_COLOUR ( '', #3668 ) ;
#2988 = PRESENTATION_LAYER_ASSIGNMENT (  '', '', ( #1950 ) ) ;
#2989 = CARTESIAN_POINT ( 'NONE',  ( -0.09244685120311635362, -0.09434304541510327158, 0.000000000000000000 ) ) ;
#2990 = ORIENTED_EDGE ( 'NONE', *, *, #3819, .F. ) ;
#2991 = SURFACE_SIDE_STYLE ('',( #5275 ) ) ;
#2992 = DIRECTION ( 'NONE',  ( 1.000000000000000000, 0.000000000000000000, 0.000000000000000000 ) ) ;
#2993 = VECTOR ( 'NONE', #6032, 1000.000000000000000 ) ;
#2994 = LINE ( 'NONE', #964, #3171 ) ;
#2995 = SURFACE_SIDE_STYLE ('',( #6120 ) ) ;
#2996 = LINE ( 'NONE', #984, #1784 ) ;
#2997 = CARTESIAN_POINT ( 'NONE',  ( -1.060000000000000497, -0.6249999999999997780, 0.1499999999999999944 ) ) ;
#2998 = LINE ( 'NONE', #3017, #5950 ) ;
#2999 = STYLED_ITEM ( 'NONE', ( #1017 ), #991 ) ;
#3000 = LINE ( 'NONE', #5164, #1792 ) ;
#3001 = CARTESIAN_POINT ( 'NONE',  ( -0.09248660022428120686, -0.08988858580066876047, -0.000000000000000000 ) ) ;
#3002 = CARTESIAN_POINT ( 'NONE',  ( 0.09498235183450282060, -0.1256725880953677710, 0.05000000000000000278 ) ) ;
#3003 = ORIENTED_EDGE ( 'NONE', *, *, #2315, .T. ) ;
#3004 = DIRECTION ( 'NONE',  ( -0.000000000000000000, -0.000000000000000000, -1.000000000000000000 ) ) ;
#3005 = DIRECTION ( 'NONE',  ( 1.000000000000000000, 0.000000000000000000, -0.000000000000000000 ) ) ;
#3006 = EDGE_CURVE ( 'NONE', #3572, #6367, #6284, .T. ) ;
#3007 = ORIENTED_EDGE ( 'NONE', *, *, #110, .T. ) ;
#3008 = LINE ( 'NONE', #5369, #5790 ) ;
#3009 = ORIENTED_EDGE ( 'NONE', *, *, #4693, .T. ) ;
#3010 = DIRECTION ( 'NONE',  ( 0.000000000000000000, -1.000000000000000000, 0.000000000000000000 ) ) ;
#3011 = CARTESIAN_POINT ( 'NONE',  ( 0.1844218113455386721, -0.1295597163732725154, 0.05000000000000000278 ) ) ;
#3012 = CARTESIAN_POINT ( 'NONE',  ( -0.09905788852959471202, -0.1084495862123295712, 0.000000000000000000 ) ) ;
#3013 = CARTESIAN_POINT ( 'NONE',  ( -0.05369871667816336624, -0.05073810717067551296, 0.05000000000000000278 ) ) ;
#3014 = DIRECTION ( 'NONE',  ( 1.000000000000000000, 0.000000000000000000, -0.000000000000000000 ) ) ;
#3015 = EDGE_LOOP ( 'NONE', ( #3439, #3465, #6286, #4458, #3695, #2908, #1308, #6067, #6863, #1321, #2593, #96, #2919, #6123, #784, #544, #3931, #25, #250, #6675 ) ) ;
#3016 = CARTESIAN_POINT ( 'NONE',  ( 0.09978448301753300997, -0.1393245899340383454, 0.000000000000000000 ) ) ;
#3017 = CARTESIAN_POINT ( 'NONE',  ( 0.5500000000000003775, 0.2549999999999993938, -0.02000000000000000042 ) ) ;
#3018 = CARTESIAN_POINT ( 'NONE',  ( 0.1512073092755387982, -0.1200984798897787309, 0.05000000000000000278 ) ) ;
#3019 = EDGE_CURVE ( 'NONE', #1663, #3812, #2274, .T. ) ;
#3020 = DIRECTION ( 'NONE',  ( 0.000000000000000000, 1.000000000000000000, 0.000000000000000000 ) ) ;
#3022 = EDGE_LOOP ( 'NONE', ( #4576, #6934, #6857, #3975 ) ) ;
#3021 = VECTOR ( 'NONE', #2626, 1000.000000000000000 ) ;
#3023 = CARTESIAN_POINT ( 'NONE',  ( -0.08556421776015563085, -0.06670713372817778375, 0.000000000000000000 ) ) ;
#3024 = CARTESIAN_POINT ( 'NONE',  ( 0.09261979993957605850, -0.05546977707963649667, 0.000000000000000000 ) ) ;
#3025 = CARTESIAN_POINT ( 'NONE',  ( -0.08860907364907824602, -0.07202082614551068296, 0.05000000000000000278 ) ) ;
#3026 = ADVANCED_FACE ( 'NONE', ( #1696 ), #1203, .F. ) ;
#3027 = EDGE_CURVE ( 'NONE', #907, #58, #1124, .T. ) ;
#3029 = ORIENTED_EDGE ( 'NONE', *, *, #671, .T. ) ;
#3028 = LINE ( 'NONE', #5931, #1976 ) ;
#3030 = PRESENTATION_LAYER_ASSIGNMENT (  '', '', ( #2581 ) ) ;
#3031 = CARTESIAN_POINT ( 'NONE',  ( 1.050000000000000044, 1.050000000000000044, 0.000000000000000000 ) ) ;
#3032 = CARTESIAN_POINT ( 'NONE',  ( -0.06773756805252273416, -0.1272262471415056828, 0.05000000000000000278 ) ) ;
#3033 = STYLED_ITEM ( 'NONE', ( #5627 ), #4120 ) ;
#3035 = EDGE_LOOP ( 'NONE', ( #5866, #5788, #504, #5456 ) ) ;
#3034 = VECTOR ( 'NONE', #3610, 1000.000000000000000 ) ;
#3036 = ORIENTED_EDGE ( 'NONE', *, *, #1990, .T. ) ;
#3037 = DIRECTION ( 'NONE',  ( 1.000000000000000000, 0.000000000000000000, 0.000000000000000000 ) ) ;
#3038 = AXIS2_PLACEMENT_3D ( 'NONE', #3737, #516, #6893 ) ;
#3039 = DIRECTION ( 'NONE',  ( -1.000000000000000000, 0.000000000000000000, -0.000000000000000000 ) ) ;
#3040 = CARTESIAN_POINT ( 'NONE',  ( -0.03542995147497418618, -0.05007253688609302616, 0.05000000000000000278 ) ) ;
#3041 = CARTESIAN_POINT ( 'NONE',  ( -0.1846286694236921599, -0.1077648445784007286, 0.05000000000000000278 ) ) ;
#3042 = CARTESIAN_POINT ( 'NONE',  ( 0.08618337240332833715, -0.1321934283658483256, 0.000000000000000000 ) ) ;
#3043 = CARTESIAN_POINT ( 'NONE',  ( 0.5500000000000003775, 0.2549999999999993938, -0.02000000000000000042 ) ) ;
#3044 = PRESENTATION_LAYER_ASSIGNMENT (  '', '', ( #5003 ) ) ;
#3045 = VERTEX_POINT ( 'NONE', #180 ) ;
#3046 = PRESENTATION_LAYER_ASSIGNMENT (  '', '', ( #3413 ) ) ;
#3047 = DIRECTION ( 'NONE',  ( 0.000000000000000000, -0.000000000000000000, 1.000000000000000000 ) ) ;
#3048 = EDGE_CURVE ( 'NONE', #6343, #5366, #765, .T. ) ;
#3049 = CARTESIAN_POINT ( 'NONE',  ( -1.060000000000000719, 0.8750000000000002220, 0.1499999999999999944 ) ) ;
#3050 = EDGE_LOOP ( 'NONE', ( #649, #4142, #1223, #3036 ) ) ;
#3051 = CARTESIAN_POINT ( 'NONE',  ( 0.1190171639096412465, -0.1321238189373750704, 0.000000000000000000 ) ) ;
#3052 = ORIENTED_EDGE ( 'NONE', *, *, #6589, .F. ) ;
#3053 =( NAMED_UNIT ( * ) PLANE_ANGLE_UNIT ( ) SI_UNIT ( $, .RADIAN. ) );
#3054 = FACE_OUTER_BOUND ( 'NONE', #3163, .T. ) ;
#3055 = ORIENTED_EDGE ( 'NONE', *, *, #556, .F. ) ;
#3056 = FILL_AREA_STYLE_COLOUR ( '', #1752 ) ;
#3057 = CARTESIAN_POINT ( 'NONE',  ( -0.6700000000000003730, 0.2450000000000001066, -0.02000000000000000042 ) ) ;
#3058 = VECTOR ( 'NONE', #2287, 1000.000000000000000 ) ;
#3059 = COLOUR_RGB ( '',0.5019607843137254832, 0.5019607843137254832, 0.000000000000000000 ) ;
#3060 = UNCERTAINTY_MEASURE_WITH_UNIT (LENGTH_MEASURE( 1.000000000000000082E-05 ), #4938, 'distance_accuracy_value', 'NONE');
#3061 = ORIENTED_EDGE ( 'NONE', *, *, #1683, .T. ) ;
#3062 = ADVANCED_FACE ( 'NONE', ( #6273, #2899, #6024, #5850, #5365, #5195 ), #3950, .F. ) ;
#3063 = FILL_AREA_STYLE ('',( #2987 ) ) ;
#3064 = DIRECTION ( 'NONE',  ( 0.000000000000000000, 0.000000000000000000, -1.000000000000000000 ) ) ;
#3065 = CARTESIAN_POINT ( 'NONE',  ( 0.1602030613455386610, -0.1248922484245545694, 0.000000000000000000 ) ) ;
#3066 = CARTESIAN_POINT ( 'NONE',  ( 0.09404896736777240696, -0.1369425609392814769, 0.05000000000000000278 ) ) ;
#3067 = SURFACE_STYLE_USAGE ( .BOTH. , #1412 ) ;
#3068 =( LENGTH_UNIT ( ) NAMED_UNIT ( * ) SI_UNIT ( .MILLI., .METRE. ) );
#3069 = VECTOR ( 'NONE', #2446, 999.9999999999998863 ) ;
#3070 = CARTESIAN_POINT ( 'NONE',  ( 0.09388899198481107100, -0.04272959313355140926, -0.000000000000000000 ) ) ;
#3071 = ORIENTED_EDGE ( 'NONE', *, *, #5163, .T. ) ;
#3072 = LINE ( 'NONE', #4745, #6181 ) ;
#3073 = EDGE_CURVE ( 'NONE', #1627, #868, #4, .T. ) ;
#3074 = LINE ( 'NONE', #2708, #4416 ) ;
#3075 = VECTOR ( 'NONE', #6242, 1000.000000000000000 ) ;
#3076 =( LENGTH_UNIT ( ) NAMED_UNIT ( * ) SI_UNIT ( .MILLI., .METRE. ) );
#3077 = CARTESIAN_POINT ( 'NONE',  ( -1.060000000000000719, -0.1249999999999997918, 0.1499999999999999944 ) ) ;
#3078 = FILL_AREA_STYLE ('',( #4201 ) ) ;
#3079 = CARTESIAN_POINT ( 'NONE',  ( -0.08760981262570419204, -0.1116088555888093969, 0.000000000000000000 ) ) ;
#3080 = PRESENTATION_LAYER_ASSIGNMENT (  '', '', ( #2707 ) ) ;
#3081 = LINE ( 'NONE', #2930, #1689 ) ;
#3082 = ORIENTED_EDGE ( 'NONE', *, *, #6388, .T. ) ;
#3083 = VECTOR ( 'NONE', #1425, 1000.000000000000000 ) ;
#3084 = AXIS2_PLACEMENT_3D ( 'NONE', #582, #1728, #5938 ) ;
#3085 = LINE ( 'NONE', #4728, #605 ) ;
#3086 = PRESENTATION_STYLE_ASSIGNMENT (( #3824 ) ) ;
#3087 = SURFACE_STYLE_USAGE ( .BOTH. , #6771 ) ;
#3088 = EDGE_CURVE ( 'NONE', #186, #6307, #1851, .T. ) ;
#3089 = SURFACE_STYLE_FILL_AREA ( #3855 ) ;
#3090 = STYLED_ITEM ( 'NONE', ( #4609 ), #2749 ) ;
#3091 = CARTESIAN_POINT ( 'NONE',  ( -1.060000000000000497, -0.6249999999999997780, 0.1499999999999999944 ) ) ;
#3092 = CARTESIAN_POINT ( 'NONE',  ( -0.1846286694236921599, -0.1077648445784007286, 0.05000000000000000278 ) ) ;
#3093 = MECHANICAL_DESIGN_GEOMETRIC_PRESENTATION_REPRESENTATION (  '', ( #6597 ), #4824 ) ;
#3094 = ORIENTED_EDGE ( 'NONE', *, *, #1059, .F. ) ;
#3095 = PLANE ( 'NONE',  #2506 ) ;
#3096 =( LENGTH_UNIT ( ) NAMED_UNIT ( * ) SI_UNIT ( .MILLI., .METRE. ) );
#3097 = FACE_OUTER_BOUND ( 'NONE', #1279, .T. ) ;
#3098 = CARTESIAN_POINT ( 'NONE',  ( 0.1639089908327181766, -0.08991628688609304421, 0.05000000000000000278 ) ) ;
#3099 = VECTOR ( 'NONE', #5678, 1000.000000000000227 ) ;
#3100 = COLOUR_RGB ( '',0.5019607843137254832, 0.5019607843137254832, 0.000000000000000000 ) ;
#3101 = VERTEX_POINT ( 'NONE', #818 ) ;
#3102 = VERTEX_POINT ( 'NONE', #5049 ) ;
#3103 = MECHANICAL_DESIGN_GEOMETRIC_PRESENTATION_REPRESENTATION (  '', ( #2999 ), #30 ) ;
#3104 = CARTESIAN_POINT ( 'NONE',  ( 0.2318577087814361337, -0.1398161266296827909, 0.000000000000000000 ) ) ;
#3105 = LINE ( 'NONE', #325, #1450 ) ;
#3106 = SURFACE_STYLE_USAGE ( .BOTH. , #5777 ) ;
#3107 =( NAMED_UNIT ( * ) SI_UNIT ( $, .STERADIAN. ) SOLID_ANGLE_UNIT ( ) );
#3108 = DIRECTION ( 'NONE',  ( -2.780005570475656200E-16, -1.000000000000000000, 0.000000000000000000 ) ) ;
#3109 = ORIENTED_EDGE ( 'NONE', *, *, #2379, .F. ) ;
#3110 = EDGE_CURVE ( 'NONE', #4083, #2472, #3252, .T. ) ;
#3111 = ADVANCED_FACE ( 'NONE', ( #1939 ), #2015, .T. ) ;
#3112 = VERTEX_POINT ( 'NONE', #6109 ) ;
#3113 = VERTEX_POINT ( 'NONE', #2876 ) ;
#3114 = DIRECTION ( 'NONE',  ( 1.000000000000000000, 0.000000000000000000, 0.000000000000000000 ) ) ;
#3115 = COLOUR_RGB ( '',0.5019607843137254832, 0.5019607843137254832, 0.000000000000000000 ) ;
#3116 = CARTESIAN_POINT ( 'NONE',  ( 0.5500000000000002665, -0.7549999999999990052, 0.1499999999999999944 ) ) ;
#3118 = VERTEX_POINT ( 'NONE', #6647 ) ;
#3117 = VECTOR ( 'NONE', #2527, 1000.000000000000000 ) ;
#3119 = PLANE ( 'NONE',  #5840 ) ;
#3120 = UNCERTAINTY_MEASURE_WITH_UNIT (LENGTH_MEASURE( 1.000000000000000082E-05 ), #3068, 'distance_accuracy_value', 'NONE');
#3121 = CARTESIAN_POINT ( 'NONE',  ( -0.06353741138012347633, -0.05215204748169664783, 0.000000000000000000 ) ) ;
#3123 = ORIENTED_EDGE ( 'NONE', *, *, #6449, .F. ) ;
#3122 = COLOUR_RGB ( '',0.5019607843137254832, 0.5019607843137254832, 0.000000000000000000 ) ;
#3124 = CARTESIAN_POINT ( 'NONE',  ( 0.1631427149023316481, -0.08130439729417389405, 0.05000000000000000278 ) ) ;
#3125 = DIRECTION ( 'NONE',  ( -0.000000000000000000, -0.000000000000000000, -1.000000000000000000 ) ) ;
#3126 = CARTESIAN_POINT ( 'NONE',  ( -1.050000000000000266, 1.050000000000000044, 0.1499999999999999667 ) ) ;
#3127 = LINE ( 'NONE', #1814, #2947 ) ;
#3128 = FILL_AREA_STYLE ('',( #3641 ) ) ;
#3129 = CARTESIAN_POINT ( 'NONE',  ( 0.1727751702763484221, -0.09431330950766381171, 0.05000000000000000278 ) ) ;
#3130 = ORIENTED_EDGE ( 'NONE', *, *, #6405, .F. ) ;
#3131 = CARTESIAN_POINT ( 'NONE',  ( -0.6276975177544251716, 0.7285559488550196194, 0.7500000000000000000 ) ) ;
#3132 = EDGE_CURVE ( 'NONE', #2220, #1215, #3081, .T. ) ;
#3133 =( NAMED_UNIT ( * ) SI_UNIT ( $, .STERADIAN. ) SOLID_ANGLE_UNIT ( ) );
#3134 = CARTESIAN_POINT ( 'NONE',  ( 0.1583137356329546719, -0.1270328463524873774, 0.000000000000000000 ) ) ;
#3135 = CYLINDRICAL_SURFACE ( 'NONE', #5935, 0.1199999999999999956 ) ;
#3136 = AXIS2_PLACEMENT_3D ( 'NONE', #2357, #265, #3510 ) ;
#3137 = CARTESIAN_POINT ( 'NONE',  ( 0.1189570677557950790, -0.1423802291937853459, 0.000000000000000000 ) ) ;
#3138 = AXIS2_PLACEMENT_3D ( 'NONE', #5732, #2541, #3617 ) ;
#3139 = EDGE_LOOP ( 'NONE', ( #1488, #6628, #5076, #4460, #2845, #2990 ) ) ;
#3140 = CARTESIAN_POINT ( 'NONE',  ( 1.060000000000000719, 0.3749999999999999445, 0.1499999999999999944 ) ) ;
#3141 = CARTESIAN_POINT ( 'NONE',  ( -0.5500000000000003775, 0.6250000000000001110, -0.02000000000000000042 ) ) ;
#3142 =( NAMED_UNIT ( * ) SI_UNIT ( $, .STERADIAN. ) SOLID_ANGLE_UNIT ( ) );
#3143 = CARTESIAN_POINT ( 'NONE',  ( 1.050000000000000044, 1.050000000000000044, 0.000000000000000000 ) ) ;
#3144 = AXIS2_PLACEMENT_3D ( 'NONE', #3205, #5920, #6464 ) ;
#3145 = ADVANCED_FACE ( 'NONE', ( #693 ), #2408, .T. ) ;
#3146 = ORIENTED_EDGE ( 'NONE', *, *, #5984, .F. ) ;
#3147 = EDGE_CURVE ( 'NONE', #217, #2753, #2114, .T. ) ;
#3148 = CARTESIAN_POINT ( 'NONE',  ( 0.004999999999999876939, -0.6800000000000001599, -0.02000000000000000042 ) ) ;
#3149 = DIRECTION ( 'NONE',  ( 1.000000000000000000, 0.000000000000000000, -0.000000000000000000 ) ) ;
#3150 = B_SPLINE_CURVE_WITH_KNOTS ( 'NONE', 3,
 ( #315, #2461, #5598, #4578, #5651, #6679, #5628, #270, #3470, #1406, #1314 ),
 .UNSPECIFIED., .F., .F.,
 ( 4, 1, 1, 1, 1, 1, 1, 1, 4 ),
 ( 0.000000000000000000, 0.08431861695858089423, 0.1792845142139041781, 0.2865825276465601146, 0.4051114834342786075, 0.5355928734189734364, 0.6781902099934136174, 0.8329758397604892783, 1.000000000000000000 ),
 .UNSPECIFIED. ) ;
#3151 = LINE ( 'NONE', #2170, #3317 ) ;
#3152 = CARTESIAN_POINT ( 'NONE',  ( -0.005000000000000028727, -0.5600000000000001643, 0.000000000000000000 ) ) ;
#3153 = ORIENTED_EDGE ( 'NONE', *, *, #5579, .T. ) ;
#3154 = SURFACE_STYLE_USAGE ( .BOTH. , #5807 ) ;
#3155 = CARTESIAN_POINT ( 'NONE',  ( -0.09518218778597489771, -0.1175236870576477216, 0.000000000000000000 ) ) ;
#3156 = CARTESIAN_POINT ( 'NONE',  ( 0.5500000000000003775, 0.2549999999999993938, 0.1499999999999999944 ) ) ;
#3157 = LINE ( 'NONE', #107, #160 ) ;
#3158 = ORIENTED_EDGE ( 'NONE', *, *, #91, .T. ) ;
#3159 = CARTESIAN_POINT ( 'NONE',  ( 0.09132455368475453361, -0.1354960773817930619, 0.05000000000000000278 ) ) ;
#3160 = EDGE_CURVE ( 'NONE', #947, #3782, #5844, .T. ) ;
#3161 = CARTESIAN_POINT ( 'NONE',  ( 0.1494502285417198817, -0.04561250950715657615, 0.000000000000000000 ) ) ;
#3162 = DIRECTION ( 'NONE',  ( 0.000000000000000000, 0.000000000000000000, -1.000000000000000000 ) ) ;
#3163 = EDGE_LOOP ( 'NONE', ( #3828, #2860, #5731, #1940 ) ) ;
#3164 = DIRECTION ( 'NONE',  ( 0.000000000000000000, 0.000000000000000000, -1.000000000000000000 ) ) ;
#3165 = DIRECTION ( 'NONE',  ( 0.000000000000000000, -1.000000000000000000, 0.000000000000000000 ) ) ;
#3166 = VECTOR ( 'NONE', #2975, 1000.000000000000000 ) ;
#3167 = SURFACE_STYLE_FILL_AREA ( #5640 ) ;
#3168 = ORIENTED_EDGE ( 'NONE', *, *, #5686, .F. ) ;
#3169 = EDGE_CURVE ( 'NONE', #3596, #2061, #3417, .T. ) ;
#3170 = DIRECTION ( 'NONE',  ( -0.000000000000000000, -0.000000000000000000, -1.000000000000000000 ) ) ;
#3171 = VECTOR ( 'NONE', #3162, 1000.000000000000000 ) ;
#3172 = PRESENTATION_STYLE_ASSIGNMENT (( #2518 ) ) ;
#3173 =( LENGTH_UNIT ( ) NAMED_UNIT ( * ) SI_UNIT ( .MILLI., .METRE. ) );
#3174 = DIRECTION ( 'NONE',  ( 1.000000000000000000, 0.000000000000000000, 0.000000000000000000 ) ) ;
#3175 = AXIS2_PLACEMENT_3D ( 'NONE', #4946, #1745, #5999 ) ;
#3176 =( GEOMETRIC_REPRESENTATION_CONTEXT ( 3 ) GLOBAL_UNCERTAINTY_ASSIGNED_CONTEXT ( ( #5905 ) ) GLOBAL_UNIT_ASSIGNED_CONTEXT ( ( #760, #2864, #2297 ) ) REPRESENTATION_CONTEXT ( 'NONE', 'WORKASPACE' ) );
#3177 = VECTOR ( 'NONE', #5007, 1000.000000000000000 ) ;
#3178 = ADVANCED_FACE ( 'NONE', ( #5029 ), #4501, .T. ) ;
#3179 = CARTESIAN_POINT ( 'NONE',  ( -0.09666932717333140412, -0.1146260448888342387, 0.000000000000000000 ) ) ;
#3180 = ORIENTED_EDGE ( 'NONE', *, *, #5217, .T. ) ;
#3181 = FILL_AREA_STYLE ('',( #4208 ) ) ;
#3182 = EDGE_CURVE ( 'NONE', #449, #6439, #3823, .T. ) ;
#3183 = ORIENTED_EDGE ( 'NONE', *, *, #3088, .T. ) ;
#3184 = CARTESIAN_POINT ( 'NONE',  ( 0.1122581491557099603, -0.1420636637904562904, 0.05000000000000000278 ) ) ;
#3185 = EDGE_LOOP ( 'NONE', ( #2720, #3374, #1960, #6314 ) ) ;
#3186 = CYLINDRICAL_SURFACE ( 'NONE', #3375, 0.1199999999999999817 ) ;
#3187 = SURFACE_STYLE_FILL_AREA ( #4584 ) ;
#3188 = PRESENTATION_LAYER_ASSIGNMENT (  '', '', ( #1377 ) ) ;
#3189 = CARTESIAN_POINT ( 'NONE',  ( 0.1196381574993848201, -0.04750843432199046423, 0.05000000000000000278 ) ) ;
#3190 = SURFACE_STYLE_FILL_AREA ( #4952 ) ;
#3191 = ORIENTED_EDGE ( 'NONE', *, *, #3073, .F. ) ;
#3192 =( GEOMETRIC_REPRESENTATION_CONTEXT ( 3 ) GLOBAL_UNCERTAINTY_ASSIGNED_CONTEXT ( ( #6564 ) ) GLOBAL_UNIT_ASSIGNED_CONTEXT ( ( #4294, #4382, #3747 ) ) REPRESENTATION_CONTEXT ( 'NONE', 'WORKASPACE' ) );
#3193 = CARTESIAN_POINT ( 'NONE',  ( 0.1446747487100511764, -0.05462107359086738195, 0.05000000000000000278 ) ) ;
#3194 = CARTESIAN_POINT ( 'NONE',  ( 0.05493463185835917306, -0.1398161266296827909, 0.05000000000000000278 ) ) ;
#3195 = DIRECTION ( 'NONE',  ( 0.000000000000000000, 1.000000000000000000, 0.000000000000000000 ) ) ;
#3196 = ORIENTED_EDGE ( 'NONE', *, *, #6582, .F. ) ;
#3197 = ORIENTED_EDGE ( 'NONE', *, *, #4459, .T. ) ;
#3198 = STYLED_ITEM ( 'NONE', ( #5691 ), #2043 ) ;
#3199 = DIRECTION ( 'NONE',  ( 1.000000000000000000, 0.000000000000000000, 0.000000000000000000 ) ) ;
#3200 = CARTESIAN_POINT ( 'NONE',  ( 0.1728833498070771468, -0.08923519714250328916, 0.05000000000000000278 ) ) ;
#3201 = FACE_OUTER_BOUND ( 'NONE', #2980, .T. ) ;
#3203 =( NAMED_UNIT ( * ) SI_UNIT ( $, .STERADIAN. ) SOLID_ANGLE_UNIT ( ) );
#3202 = UNCERTAINTY_MEASURE_WITH_UNIT (LENGTH_MEASURE( 1.000000000000000082E-05 ), #3370, 'distance_accuracy_value', 'NONE');
#3204 = COLOUR_RGB ( '',0.7529411764705882248, 0.7529411764705882248, 0.7529411764705882248 ) ;
#3205 = CARTESIAN_POINT ( 'NONE',  ( 0.6700000000000002620, -0.7449999999999997735, 0.1499999999999999944 ) ) ;
#3206 = CARTESIAN_POINT ( 'NONE',  ( 0.1595709552041477408, -0.1256084219712770012, -0.000000000000000000 ) ) ;
#3207 = ORIENTED_EDGE ( 'NONE', *, *, #2258, .T. ) ;
#3208 = CARTESIAN_POINT ( 'NONE',  ( 1.050000000000000044, 1.050000000000000044, 0.000000000000000000 ) ) ;
#3209 = COLOUR_RGB ( '',0.5019607843137254832, 0.5019607843137254832, 0.000000000000000000 ) ;
#3210 = ORIENTED_EDGE ( 'NONE', *, *, #6144, .F. ) ;
#3211 = CARTESIAN_POINT ( 'NONE',  ( 0.1728833498070771468, -0.08923519714250328916, 0.000000000000000000 ) ) ;
#3212 = FILL_AREA_STYLE ('',( #5268 ) ) ;
#3213 = SURFACE_SIDE_STYLE ('',( #1258 ) ) ;
#3214 = EDGE_CURVE ( 'NONE', #2927, #2964, #583, .T. ) ;
#3215 = FACE_OUTER_BOUND ( 'NONE', #6917, .T. ) ;
#3217 = EDGE_LOOP ( 'NONE', ( #6471, #2528, #6690, #5419 ) ) ;
#3216 = LINE ( 'NONE', #5016, #6411 ) ;
#3218 = CARTESIAN_POINT ( 'NONE',  ( 0.1156539752280235922, -0.03729306641370786629, 0.000000000000000000 ) ) ;
#3219 = AXIS2_PLACEMENT_3D ( 'NONE', #3301, #4374, #6016 ) ;
#3220 =( LENGTH_UNIT ( ) NAMED_UNIT ( * ) SI_UNIT ( .MILLI., .METRE. ) );
#3221 = DIRECTION ( 'NONE',  ( -0.000000000000000000, -0.000000000000000000, -1.000000000000000000 ) ) ;
#3222 = PLANE ( 'NONE',  #1553 ) ;
#3223 = CARTESIAN_POINT ( 'NONE',  ( -0.08917388471332068911, -0.05523586442066060614, 0.000000000000000000 ) ) ;
#3224 = ADVANCED_FACE ( 'NONE', ( #3577 ), #4816, .T. ) ;
#3225 = EDGE_CURVE ( 'NONE', #1210, #1494, #2983, .T. ) ;
#3226 = CARTESIAN_POINT ( 'NONE',  ( 0.1190171639096412465, -0.1321238189373750704, 0.000000000000000000 ) ) ;
#3227 = ORIENTED_EDGE ( 'NONE', *, *, #5225, .T. ) ;
#3228 = PRESENTATION_LAYER_ASSIGNMENT (  '', '', ( #1822 ) ) ;
#3229 = MECHANICAL_DESIGN_GEOMETRIC_PRESENTATION_REPRESENTATION (  '', ( #6595 ), #1064 ) ;
#3230 = VECTOR ( 'NONE', #1730, 1000.000000000000000 ) ;
#3231 = AXIS2_PLACEMENT_3D ( 'NONE', #4742, #4137, #6888 ) ;
#3232 = CARTESIAN_POINT ( 'NONE',  ( 0.1155801455905394043, -0.1423420042028803456, 0.05000000000000000278 ) ) ;
#3233 = FILL_AREA_STYLE ('',( #5312 ) ) ;
#3234 = VERTEX_POINT ( 'NONE', #1605 ) ;
#3235 =( NAMED_UNIT ( * ) SI_UNIT ( $, .STERADIAN. ) SOLID_ANGLE_UNIT ( ) );
#3236 = CARTESIAN_POINT ( 'NONE',  ( 0.1250000000000004163, 1.060000000000000275, 0.1499999999999999944 ) ) ;
#3237 =( GEOMETRIC_REPRESENTATION_CONTEXT ( 3 ) GLOBAL_UNCERTAINTY_ASSIGNED_CONTEXT ( ( #2067 ) ) GLOBAL_UNIT_ASSIGNED_CONTEXT ( ( #4041, #5704, #4638 ) ) REPRESENTATION_CONTEXT ( 'NONE', 'WORKASPACE' ) );
#3238 = VERTEX_POINT ( 'NONE', #5304 ) ;
#3239 = EDGE_CURVE ( 'NONE', #2061, #6085, #6517, .T. ) ;
#3240 = COLOUR_RGB ( '',0.5019607843137254832, 0.5019607843137254832, 0.000000000000000000 ) ;
#3241 = DIRECTION ( 'NONE',  ( 0.000000000000000000, 0.000000000000000000, -1.000000000000000000 ) ) ;
#3242 = CARTESIAN_POINT ( 'NONE',  ( 0.5500000000000002665, -0.2450000000000006339, -0.02000000000000000042 ) ) ;
#3243 = CARTESIAN_POINT ( 'NONE',  ( 0.09132455368475453361, -0.1354960773817930619, 0.000000000000000000 ) ) ;
#3244 = B_SPLINE_CURVE_WITH_KNOTS ( 'NONE', 3,
 ( #6230, #5187, #3570, #1471, #5760, #6309, #3623, #4160, #2587, #4863, #2671, #5327, #4207, #6372, #6442, #3713, #3134, #3206, #1103 ),
 .UNSPECIFIED., .F., .F.,
 ( 4, 1, 1, 1, 1, 1, 1, 1, 1, 1, 1, 1, 1, 1, 1, 1, 4 ),
 ( 0.000000000000000000, 0.06966280089907736506, 0.1377495622582731449, 0.2039167435177826893, 0.2687798623293363165, 0.3324137064772236805, 0.3947535404471397835, 0.4561800316591684834, 0.5169956491967200307, 0.5773959379659520108, 0.6371983435092755110, 0.6969991842614545741, 0.7567561942255596197, 0.8165539052726077385, 0.8769479965978699276, 0.9381317879205951504, 0.9999999999999998890 ),
 .UNSPECIFIED. ) ;
#3245 = CARTESIAN_POINT ( 'NONE',  ( -0.001475624551897254926, -0.09109817791173405177, 0.05000000000000000278 ) ) ;
#3246 = DIRECTION ( 'NONE',  ( 0.000000000000000000, 0.000000000000000000, -1.000000000000000000 ) ) ;
#3247 = LINE ( 'NONE', #6713, #4770 ) ;
#3248 = CARTESIAN_POINT ( 'NONE',  ( -0.6700000000000002620, -0.7549999999999998934, 0.1499999999999999944 ) ) ;
#3249 = CIRCLE ( 'NONE', #629, 0.1199999999999999956 ) ;
#3250 = COLOUR_RGB ( '',0.5019607843137254832, 0.5019607843137254832, 0.000000000000000000 ) ;
#3251 = CARTESIAN_POINT ( 'NONE',  ( -0.05475806948284626940, -0.1397799297826695375, 0.000000000000000000 ) ) ;
#3252 = CIRCLE ( 'NONE', #4910, 0.1199999999999999956 ) ;
#3253 = DIRECTION ( 'NONE',  ( -0.000000000000000000, -0.000000000000000000, -1.000000000000000000 ) ) ;
#3254 = EDGE_LOOP ( 'NONE', ( #634, #2963, #4924, #2309 ) ) ;
#3255 = CIRCLE ( 'NONE', #2345, 0.1199999999999999956 ) ;
#3256 = LINE ( 'NONE', #1067, #2424 ) ;
#3257 = CARTESIAN_POINT ( 'NONE',  ( 0.1039757549909560708, -0.04979126330781900173, 0.05000000000000000278 ) ) ;
#3258 = ADVANCED_FACE ( 'NONE', ( #3330 ), #4740, .F. ) ;
#3259 = DIRECTION ( 'NONE',  ( 0.000000000000000000, -1.000000000000000000, 0.000000000000000000 ) ) ;
#3260 = VECTOR ( 'NONE', #5479, 1000.000000000000000 ) ;
#3261 = CARTESIAN_POINT ( 'NONE',  ( -1.050000000000000044, -1.050000000000000044, 0.000000000000000000 ) ) ;
#3262 = ORIENTED_EDGE ( 'NONE', *, *, #998, .F. ) ;
#3263 = DIRECTION ( 'NONE',  ( 0.000000000000000000, 0.000000000000000000, 1.000000000000000000 ) ) ;
#3264 = LINE ( 'NONE', #6159, #4524 ) ;
#3265 = COLOUR_RGB ( '',0.5019607843137254832, 0.5019607843137254832, 0.000000000000000000 ) ;
#3266 = EDGE_CURVE ( 'NONE', #1638, #1737, #2412, .T. ) ;
#3267 = CARTESIAN_POINT ( 'NONE',  ( -0.03987706685958954805, -0.1295597163732725154, 0.000000000000000000 ) ) ;
#3268 = CARTESIAN_POINT ( 'NONE',  ( -0.1014151543187279958, -0.08684992951860663613, 0.000000000000000000 ) ) ;
#3269 = CARTESIAN_POINT ( 'NONE',  ( 0.05493463185835917306, -0.03981612662968277150, 0.05000000000000000278 ) ) ;
#3270 = DIRECTION ( 'NONE',  ( 0.000000000000000000, 0.000000000000000000, 1.000000000000000000 ) ) ;
#3271 = CARTESIAN_POINT ( 'NONE',  ( -0.001475624551897254926, -0.03981612662968277150, 0.000000000000000000 ) ) ;
#3272 = CARTESIAN_POINT ( 'NONE',  ( -1.050000000000000044, -0.3749999999999998890, 0.7500000000000000000 ) ) ;
#3273 = PRESENTATION_LAYER_ASSIGNMENT (  '', '', ( #6374 ) ) ;
#3274 = ORIENTED_EDGE ( 'NONE', *, *, #3299, .T. ) ;
#3275 = AXIS2_PLACEMENT_3D ( 'NONE', #3148, #3564, #467 ) ;
#3276 = VERTEX_POINT ( 'NONE', #6908 ) ;
#3277 = VERTEX_POINT ( 'NONE', #4199 ) ;
#3278 =( NAMED_UNIT ( * ) PLANE_ANGLE_UNIT ( ) SI_UNIT ( $, .RADIAN. ) );
#3279 = CARTESIAN_POINT ( 'NONE',  ( -0.09144859110769400223, -0.05805267414107320029, 0.05000000000000000278 ) ) ;
#3280 = CARTESIAN_POINT ( 'NONE',  ( 0.09261979993957605850, -0.05546977707963649667, 0.05000000000000000278 ) ) ;
#3281 = VERTEX_POINT ( 'NONE', #507 ) ;
#3282 =( GEOMETRIC_REPRESENTATION_CONTEXT ( 3 ) GLOBAL_UNCERTAINTY_ASSIGNED_CONTEXT ( ( #4450 ) ) GLOBAL_UNIT_ASSIGNED_CONTEXT ( ( #3466, #6652, #3437 ) ) REPRESENTATION_CONTEXT ( 'NONE', 'WORKASPACE' ) );
#3283 = LINE ( 'NONE', #4518, #2929 ) ;
#3284 = CARTESIAN_POINT ( 'NONE',  ( 0.08330001647374379870, -0.06417510098865712720, -0.000000000000000000 ) ) ;
#3285 = ORIENTED_EDGE ( 'NONE', *, *, #1173, .F. ) ;
#3286 = EDGE_CURVE ( 'NONE', #2926, #1049, #3907, .T. ) ;
#3288 = EDGE_LOOP ( 'NONE', ( #5146, #3514, #5909, #2916, #6040, #1923 ) ) ;
#3287 = VECTOR ( 'NONE', #6737, 1000.000000000000000 ) ;
#3289 = VERTEX_POINT ( 'NONE', #1051 ) ;
#3291 = VERTEX_POINT ( 'NONE', #4245 ) ;
#3290 = FACE_OUTER_BOUND ( 'NONE', #5513, .T. ) ;
#3292 = CARTESIAN_POINT ( 'NONE',  ( -0.1994123232698460091, -0.1398161266296827909, 0.000000000000000000 ) ) ;
#3293 = CARTESIAN_POINT ( 'NONE',  ( 0.1122581491557099603, -0.1420636637904562904, -0.000000000000000000 ) ) ;
#3294 = B_SPLINE_CURVE_WITH_KNOTS ( 'NONE', 3,
 ( #1686, #2717, #5472, #5413, #67, #2290, #114, #90, #3872, #6465, #3806, #1172, #2248, #2740, #5393, #6506, #2767, #3830, #3853 ),
 .UNSPECIFIED., .F., .F.,
 ( 4, 1, 1, 1, 1, 1, 1, 1, 1, 1, 1, 1, 1, 1, 1, 1, 4 ),
 ( 0.000000000000000000, 0.06455784592971902658, 0.1270135315497587514, 0.1879548102020905109, 0.2480139127896341389, 0.3077476818488373289, 0.3682345146974852490, 0.4294698439426694603, 0.4927434367465848286, 0.5562577687060831222, 0.6182167855431436321, 0.6796554755875549025, 0.7412455456206292759, 0.8034152647056966856, 0.8668154615439922495, 0.9323283119492650206, 0.9999999999999998890 ),
 .UNSPECIFIED. ) ;
#3295 = CARTESIAN_POINT ( 'NONE',  ( 0.1639089908327181766, -0.08991628688609303033, 0.05000000000000000278 ) ) ;
#3296 = CARTESIAN_POINT ( 'NONE',  ( 0.2318577087814361337, -0.03981612662968277150, 0.05000000000000000278 ) ) ;
#3297 = ADVANCED_FACE ( 'NONE', ( #2730 ), #4791, .T. ) ;
#3298 = PRESENTATION_STYLE_ASSIGNMENT (( #2655 ) ) ;
#3299 = EDGE_CURVE ( 'NONE', #1796, #2862, #2807, .T. ) ;
#3300 = ORIENTED_EDGE ( 'NONE', *, *, #2415, .F. ) ;
#3301 = CARTESIAN_POINT ( 'NONE',  ( -1.060000000000000719, 0.3750000000000002220, 0.1499999999999999944 ) ) ;
#3302 =( NAMED_UNIT ( * ) PLANE_ANGLE_UNIT ( ) SI_UNIT ( $, .RADIAN. ) );
#3303 = CARTESIAN_POINT ( 'NONE',  ( -0.5500000000000002665, -0.7549999999999990052, -0.02000000000000000042 ) ) ;
#3304 = DIRECTION ( 'NONE',  ( 1.000000000000000000, 0.000000000000000000, 0.000000000000000000 ) ) ;
#3305 = CARTESIAN_POINT ( 'NONE',  ( -0.08860907364907824602, -0.07202082614551068296, 0.05000000000000000278 ) ) ;
#3306 = EDGE_CURVE ( 'NONE', #6927, #3897, #2107, .T. ) ;
#3307 = STYLED_ITEM ( 'NONE', ( #6362 ), #3258 ) ;
#3308 = SURFACE_STYLE_USAGE ( .BOTH. , #3754 ) ;
#3309 = CARTESIAN_POINT ( 'NONE',  ( -0.08120360052021143027, -0.1329487408545895477, 0.05000000000000000278 ) ) ;
#3310 = VERTEX_POINT ( 'NONE', #5987 ) ;
#3311 = CARTESIAN_POINT ( 'NONE',  ( 1.050000000000000044, 0.1249999999999998890, 0.7500000000000000000 ) ) ;
#3312 = EDGE_CURVE ( 'NONE', #627, #6668, #2570, .T. ) ;
#3313 = VECTOR ( 'NONE', #6334, 1000.000000000000000 ) ;
#3314 = CARTESIAN_POINT ( 'NONE',  ( -0.5500000000000002665, -0.7450000000000006617, 0.1499999999999999944 ) ) ;
#3315 = CARTESIAN_POINT ( 'NONE',  ( 0.07544745237117968240, -0.05816548560404174312, 0.05000000000000000278 ) ) ;
#3316 = PRESENTATION_LAYER_ASSIGNMENT (  '', '', ( #4308 ) ) ;
#3317 = VECTOR ( 'NONE', #116, 1000.000000000000000 ) ;
#3318 = ORIENTED_EDGE ( 'NONE', *, *, #6324, .T. ) ;
#3319 = CARTESIAN_POINT ( 'NONE',  ( 0.1058252334740252820, -0.03860551836098963241, 0.05000000000000000278 ) ) ;
#3320 = PRESENTATION_LAYER_ASSIGNMENT (  '', '', ( #6069 ) ) ;
#3321 = CARTESIAN_POINT ( 'NONE',  ( 0.1341404501079861977, -0.04970347477704301076, 0.000000000000000000 ) ) ;
#3322 = PRESENTATION_STYLE_ASSIGNMENT (( #5486 ) ) ;
#3323 = DIRECTION ( 'NONE',  ( 0.000000000000000000, 0.000000000000000000, -1.000000000000000000 ) ) ;
#3324 = ADVANCED_FACE ( 'NONE', ( #5591 ), #1584, .T. ) ;
#3325 = LINE ( 'NONE', #4052, #5502 ) ;
#3326 = ORIENTED_EDGE ( 'NONE', *, *, #162, .F. ) ;
#3327 =( NAMED_UNIT ( * ) SI_UNIT ( $, .STERADIAN. ) SOLID_ANGLE_UNIT ( ) );
#3328 = VECTOR ( 'NONE', #4907, 1000.000000000000000 ) ;
#3329 = EDGE_CURVE ( 'NONE', #310, #3812, #5939, .T. ) ;
#3330 = FACE_OUTER_BOUND ( 'NONE', #3856, .T. ) ;
#3331 = VERTEX_POINT ( 'NONE', #5914 ) ;
#3332 = CARTESIAN_POINT ( 'NONE',  ( 0.004999999999999876939, 0.6800000000000001599, 0.000000000000000000 ) ) ;
#3333 = FILL_AREA_STYLE_COLOUR ( '', #2277 ) ;
#3334 = LINE ( 'NONE', #2997, #1598 ) ;
#3335 = CARTESIAN_POINT ( 'NONE',  ( 0.1122896137305274544, -0.03755895618841160327, 0.05000000000000000278 ) ) ;
#3336 = FACE_OUTER_BOUND ( 'NONE', #2397, .T. ) ;
#3337 = CARTESIAN_POINT ( 'NONE',  ( -0.08580838284424817386, -0.1294730674204414567, 0.05000000000000000278 ) ) ;
#3338 = DIRECTION ( 'NONE',  ( -0.000000000000000000, -0.000000000000000000, -1.000000000000000000 ) ) ;
#3339 = SURFACE_STYLE_FILL_AREA ( #1328 ) ;
#3340 = ORIENTED_EDGE ( 'NONE', *, *, #4523, .F. ) ;
#3341 = CARTESIAN_POINT ( 'NONE',  ( -0.07604169046424470724, -0.1357340969613363701, 0.000000000000000000 ) ) ;
#3342 = COLOUR_RGB ( '',0.5019607843137254832, 0.5019607843137254832, 0.000000000000000000 ) ;
#3343 = FACE_OUTER_BOUND ( 'NONE', #4522, .T. ) ;
#3344 = PRESENTATION_STYLE_ASSIGNMENT (( #4685 ) ) ;
#3345 = COLOUR_RGB ( '',0.5019607843137254832, 0.5019607843137254832, 0.000000000000000000 ) ;
#3346 = CARTESIAN_POINT ( 'NONE',  ( -0.08111594562727141022, -0.04824222736923541172, 0.05000000000000000278 ) ) ;
#3347 = SURFACE_SIDE_STYLE ('',( #3089 ) ) ;
#3348 = CARTESIAN_POINT ( 'NONE',  ( 0.1178187131962366019, -0.04755442763799973271, 0.000000000000000000 ) ) ;
#3349 = FACE_OUTER_BOUND ( 'NONE', #6363, .T. ) ;
#3350 = CARTESIAN_POINT ( 'NONE',  ( 0.08676323183674479467, -0.06031903155924741439, 0.05000000000000000278 ) ) ;
#3351 = ORIENTED_EDGE ( 'NONE', *, *, #5955, .T. ) ;
#3352 = CARTESIAN_POINT ( 'NONE',  ( 0.2228833498070771357, -0.03981612662968277150, 0.05000000000000000278 ) ) ;
#3353 = VERTEX_POINT ( 'NONE', #4880 ) ;
#3354 = LINE ( 'NONE', #4488, #1957 ) ;
#3355 = LINE ( 'NONE', #2900, #1959 ) ;
#3356 = ORIENTED_EDGE ( 'NONE', *, *, #4796, .F. ) ;
#3357 = EDGE_CURVE ( 'NONE', #933, #6180, #4684, .T. ) ;
#3358 =( NAMED_UNIT ( * ) PLANE_ANGLE_UNIT ( ) SI_UNIT ( $, .RADIAN. ) );
#3359 = CARTESIAN_POINT ( 'NONE',  ( -0.09704239434606246051, -0.06767330696669132672, 0.05000000000000000278 ) ) ;
#3360 = CARTESIAN_POINT ( 'NONE',  ( 0.08363394696207367141, -0.04932506015832933272, 0.000000000000000000 ) ) ;
#3361 = SURFACE_SIDE_STYLE ('',( #6865 ) ) ;
#3362 = DIRECTION ( 'NONE',  ( 0.000000000000000000, 0.000000000000000000, -1.000000000000000000 ) ) ;
#3363 = CARTESIAN_POINT ( 'NONE',  ( -0.2091679322442049627, -0.1398161266296827909, 0.05000000000000000278 ) ) ;
#3364 = PRESENTATION_LAYER_ASSIGNMENT (  '', '', ( #4347 ) ) ;
#3365 = ORIENTED_EDGE ( 'NONE', *, *, #5662, .T. ) ;
#3366 = MECHANICAL_DESIGN_GEOMETRIC_PRESENTATION_REPRESENTATION (  '', ( #1104 ), #6469 ) ;
#3367 = CARTESIAN_POINT ( 'NONE',  ( -0.6700000000000012612, 0.1250000000000001388, 0.1499999999999999944 ) ) ;
#3368 = ORIENTED_EDGE ( 'NONE', *, *, #5564, .T. ) ;
#3369 = DIRECTION ( 'NONE',  ( 0.000000000000000000, 0.000000000000000000, -1.000000000000000000 ) ) ;
#3370 =( LENGTH_UNIT ( ) NAMED_UNIT ( * ) SI_UNIT ( .MILLI., .METRE. ) );
#3371 = SURFACE_STYLE_USAGE ( .BOTH. , #2370 ) ;
#3372 = VECTOR ( 'NONE', #2390, 1000.000000000000000 ) ;
#3374 = ORIENTED_EDGE ( 'NONE', *, *, #512, .F. ) ;
#3373 = LINE ( 'NONE', #3041, #5968 ) ;
#3375 = AXIS2_PLACEMENT_3D ( 'NONE', #493, #2013, #2110 ) ;
#3376 = EDGE_LOOP ( 'NONE', ( #6626, #1043, #1247, #4539 ) ) ;
#3377 = DIRECTION ( 'NONE',  ( 0.000000000000000000, 1.000000000000000000, -0.000000000000000000 ) ) ;
#3378 = EDGE_CURVE ( 'NONE', #2353, #5948, #3992, .T. ) ;
#3379 = PLANE ( 'NONE',  #3175 ) ;
#3380 = SURFACE_STYLE_USAGE ( .BOTH. , #6569 ) ;
#3381 = FACE_OUTER_BOUND ( 'NONE', #6018, .T. ) ;
#3382 = ORIENTED_EDGE ( 'NONE', *, *, #6191, .F. ) ;
#3383 = CARTESIAN_POINT ( 'NONE',  ( -0.05420587771977406627, -0.04028211148437332856, 0.000000000000000000 ) ) ;
#3384 = CARTESIAN_POINT ( 'NONE',  ( 0.1282714360787863550, -0.1314292223740907151, -0.000000000000000000 ) ) ;
#3385 = CARTESIAN_POINT ( 'NONE',  ( -1.060000000000000719, 0.3750000000000002220, 0.1499999999999999944 ) ) ;
#3386 = FACE_OUTER_BOUND ( 'NONE', #1335, .T. ) ;
#3387 = FILL_AREA_STYLE_COLOUR ( '', #3585 ) ;
#3388 = CARTESIAN_POINT ( 'NONE',  ( -0.09992653177065770331, -0.1051830657013136799, 0.05000000000000000278 ) ) ;
#3389 = SURFACE_SIDE_STYLE ('',( #5910 ) ) ;
#3390 = ORIENTED_EDGE ( 'NONE', *, *, #6842, .F. ) ;
#3391 =( NAMED_UNIT ( * ) SI_UNIT ( $, .STERADIAN. ) SOLID_ANGLE_UNIT ( ) );
#3392 = CARTESIAN_POINT ( 'NONE',  ( 0.1421667712530423067, -0.05314600374105853814, -0.000000000000000000 ) ) ;
#3393 = CARTESIAN_POINT ( 'NONE',  ( -0.09250126557753829415, -0.09105811380916994935, 0.05000000000000000278 ) ) ;
#3394 = ORIENTED_EDGE ( 'NONE', *, *, #291, .F. ) ;
#3395 = VECTOR ( 'NONE', #3826, 1000.000000000000227 ) ;
#3396 = DIRECTION ( 'NONE',  ( -0.000000000000000000, 0.000000000000000000, -1.000000000000000000 ) ) ;
#3397 = EDGE_CURVE ( 'NONE', #2837, #1049, #3157, .T. ) ;
#3398 = EDGE_LOOP ( 'NONE', ( #5196, #5202, #147, #2199 ) ) ;
#3399 = LINE ( 'NONE', #3311, #1497 ) ;
#3400 = SURFACE_STYLE_USAGE ( .BOTH. , #4005 ) ;
#3401 = MECHANICAL_DESIGN_GEOMETRIC_PRESENTATION_REPRESENTATION (  '', ( #6635 ), #3980 ) ;
#3402 = DIRECTION ( 'NONE',  ( 0.000000000000000000, -1.000000000000000000, 0.000000000000000000 ) ) ;
#3403 = CARTESIAN_POINT ( 'NONE',  ( 0.08601934263168961592, -0.04747754086091094533, 0.000000000000000000 ) ) ;
#3404 = SURFACE_STYLE_USAGE ( .BOTH. , #5576 ) ;
#3405 = CARTESIAN_POINT ( 'NONE',  ( 0.1326261447191826592, -0.1304988188454261899, 0.05000000000000000278 ) ) ;
#3406 = DIRECTION ( 'NONE',  ( 0.000000000000000000, 0.000000000000000000, -1.000000000000000000 ) ) ;
#3407 = ORIENTED_EDGE ( 'NONE', *, *, #3892, .T. ) ;
#3408 = CARTESIAN_POINT ( 'NONE',  ( -0.1250000000000001388, -1.060000000000000275, -0.02000000000000000042 ) ) ;
#3409 = PRESENTATION_LAYER_ASSIGNMENT (  '', '', ( #5924 ) ) ;
#3410 = CARTESIAN_POINT ( 'NONE',  ( 0.2228833498070771357, -0.1295597163732725154, -0.000000000000000000 ) ) ;
#3411 = UNCERTAINTY_MEASURE_WITH_UNIT (LENGTH_MEASURE( 1.000000000000000082E-05 ), #4967, 'distance_accuracy_value', 'NONE');
#3412 = CARTESIAN_POINT ( 'NONE',  ( -0.07046285665331823711, -0.04312944247666569003, 0.000000000000000000 ) ) ;
#3413 = STYLED_ITEM ( 'NONE', ( #2102 ), #5068 ) ;
#3414 = CARTESIAN_POINT ( 'NONE',  ( -0.1994123232698460091, -0.1398161266296827909, 0.000000000000000000 ) ) ;
#3415 = VERTEX_POINT ( 'NONE', #1632 ) ;
#3416 = EDGE_CURVE ( 'NONE', #5681, #1210, #2099, .T. ) ;
#3417 = LINE ( 'NONE', #3967, #94 ) ;
#3418 = CARTESIAN_POINT ( 'NONE',  ( 0.04596027288400020283, -0.1295597163732725154, 0.05000000000000000278 ) ) ;
#3419 =( GEOMETRIC_REPRESENTATION_CONTEXT ( 3 ) GLOBAL_UNCERTAINTY_ASSIGNED_CONTEXT ( ( #6632 ) ) GLOBAL_UNIT_ASSIGNED_CONTEXT ( ( #2597, #455, #1552 ) ) REPRESENTATION_CONTEXT ( 'NONE', 'WORKASPACE' ) );
#3420 = PRESENTATION_STYLE_ASSIGNMENT (( #6524 ) ) ;
#3421 = CARTESIAN_POINT ( 'NONE',  ( 0.1567401857739871007, -0.06608370302746677249, 1.355252715606880543E-17 ) ) ;
#3422 = CARTESIAN_POINT ( 'NONE',  ( 0.1567756223276907390, -0.1136910652537791860, -0.000000000000000000 ) ) ;
#3423 = VECTOR ( 'NONE', #2768, 1000.000000000000114 ) ;
#3424 = ORIENTED_EDGE ( 'NONE', *, *, #5621, .F. ) ;
#3425 = CARTESIAN_POINT ( 'NONE',  ( -0.04526088390441814630, -0.05023357471498005739, 0.05000000000000000278 ) ) ;
#3426 = PLANE ( 'NONE',  #5319 ) ;
#3427 = DIRECTION ( 'NONE',  ( -0.000000000000000000, -0.000000000000000000, -1.000000000000000000 ) ) ;
#3428 = PRESENTATION_STYLE_ASSIGNMENT (( #1894 ) ) ;
#3429 = CARTESIAN_POINT ( 'NONE',  ( 1.060000000000000719, 0.6249999999999998890, -0.02000000000000000042 ) ) ;
#3430 = LINE ( 'NONE', #4099, #4965 ) ;
#3431 = DIRECTION ( 'NONE',  ( -1.000000000000000000, 0.000000000000000000, 0.000000000000000000 ) ) ;
#3432 = DIRECTION ( 'NONE',  ( 0.000000000000000000, 0.000000000000000000, -1.000000000000000000 ) ) ;
#3433 = ORIENTED_EDGE ( 'NONE', *, *, #3883, .T. ) ;
#3434 = CARTESIAN_POINT ( 'NONE',  ( -0.09248660022428120686, -0.08988858580066876047, 0.000000000000000000 ) ) ;
#3435 = VERTEX_POINT ( 'NONE', #2185 ) ;
#3436 = EDGE_CURVE ( 'NONE', #5960, #2826, #1659, .T. ) ;
#3437 =( NAMED_UNIT ( * ) SI_UNIT ( $, .STERADIAN. ) SOLID_ANGLE_UNIT ( ) );
#3438 = STYLED_ITEM ( 'NONE', ( #3322 ), #5313 ) ;
#3439 = ORIENTED_EDGE ( 'NONE', *, *, #556, .T. ) ;
#3440 = DIRECTION ( 'NONE',  ( 1.000000000000000000, 0.000000000000000000, 0.000000000000000000 ) ) ;
#3441 = DIRECTION ( 'NONE',  ( 1.000000000000000000, -5.560011140951315358E-16, -0.000000000000000000 ) ) ;
#3442 = AXIS2_PLACEMENT_3D ( 'NONE', #6328, #6347, #4760 ) ;
#3443 = VERTEX_POINT ( 'NONE', #1272 ) ;
#3444 = PRESENTATION_STYLE_ASSIGNMENT (( #771 ) ) ;
#3445 = SURFACE_STYLE_USAGE ( .BOTH. , #5155 ) ;
#3446 = EDGE_CURVE ( 'NONE', #806, #5091, #4334, .T. ) ;
#3447 = VERTEX_POINT ( 'NONE', #6006 ) ;
#3448 = CARTESIAN_POINT ( 'NONE',  ( 0.1285034665434749979, -0.04827210499701581337, 1.355252715606880543E-17 ) ) ;
#3450 = ORIENTED_EDGE ( 'NONE', *, *, #3619, .F. ) ;
#3449 = VECTOR ( 'NONE', #5214, 1000.000000000000000 ) ;
#3451 = CARTESIAN_POINT ( 'NONE',  ( 0.1367697479739999888, -0.1291771980552675059, -0.000000000000000000 ) ) ;
#3452 = DIRECTION ( 'NONE',  ( -0.000000000000000000, 0.000000000000000000, -1.000000000000000000 ) ) ;
#3453 = CARTESIAN_POINT ( 'NONE',  ( 0.1691168806628255139, -0.06897961214725575885, -0.000000000000000000 ) ) ;
#3454 = CARTESIAN_POINT ( 'NONE',  ( 0.1567756223276907390, -0.1136910652537791860, -6.776263578034402713E-18 ) ) ;
#3455 = FILL_AREA_STYLE ('',( #277 ) ) ;
#3456 =( GEOMETRIC_REPRESENTATION_CONTEXT ( 3 ) GLOBAL_UNCERTAINTY_ASSIGNED_CONTEXT ( ( #5280 ) ) GLOBAL_UNIT_ASSIGNED_CONTEXT ( ( #4643, #2492, #5185 ) ) REPRESENTATION_CONTEXT ( 'NONE', 'WORKASPACE' ) );
#3457 =( GEOMETRIC_REPRESENTATION_CONTEXT ( 3 ) GLOBAL_UNCERTAINTY_ASSIGNED_CONTEXT ( ( #5111 ) ) GLOBAL_UNIT_ASSIGNED_CONTEXT ( ( #4486, #1839, #5062 ) ) REPRESENTATION_CONTEXT ( 'NONE', 'WORKASPACE' ) );
#3458 = ORIENTED_EDGE ( 'NONE', *, *, #4339, .F. ) ;
#3459 = VERTEX_POINT ( 'NONE', #6033 ) ;
#3460 = SURFACE_SIDE_STYLE ('',( #3339 ) ) ;
#3461 = CARTESIAN_POINT ( 'NONE',  ( -0.03961665019292291007, -0.03981612662968277150, 0.05000000000000000278 ) ) ;
#3462 = FACE_OUTER_BOUND ( 'NONE', #118, .T. ) ;
#3463 = PRESENTATION_LAYER_ASSIGNMENT (  '', '', ( #3726 ) ) ;
#3465 = ORIENTED_EDGE ( 'NONE', *, *, #5544, .T. ) ;
#3464 = LINE ( 'NONE', #4192, #216 ) ;
#3466 =( LENGTH_UNIT ( ) NAMED_UNIT ( * ) SI_UNIT ( .MILLI., .METRE. ) );
#3467 = EDGE_CURVE ( 'NONE', #2862, #3762, #2889, .T. ) ;
#3468 = CARTESIAN_POINT ( 'NONE',  ( -0.07117943261796380594, -0.1260589049606998524, 0.05000000000000000278 ) ) ;
#3469 = CARTESIAN_POINT ( 'NONE',  ( -0.5500000000000002665, -0.2450000000000006339, -0.02000000000000000042 ) ) ;
#3470 = CARTESIAN_POINT ( 'NONE',  ( -0.04047232377391438846, -0.05008767092976928320, 0.000000000000000000 ) ) ;
#3471 = CARTESIAN_POINT ( 'NONE',  ( 1.060000000000000719, 0.6249999999999998890, 0.1499999999999999944 ) ) ;
#3472 = DIRECTION ( 'NONE',  ( 0.000000000000000000, 0.000000000000000000, -1.000000000000000000 ) ) ;
#3473 = DIRECTION ( 'NONE',  ( 0.000000000000000000, -1.000000000000000000, 0.000000000000000000 ) ) ;
#3474 = VERTEX_POINT ( 'NONE', #2779 ) ;
#3475 = CARTESIAN_POINT ( 'NONE',  ( -0.5500000000000002665, -0.2450000000000006339, -0.02000000000000000042 ) ) ;
#3476 = DIRECTION ( 'NONE',  ( 0.000000000000000000, 0.000000000000000000, -1.000000000000000000 ) ) ;
#3477 = FILL_AREA_STYLE_COLOUR ( '', #3115 ) ;
#3478 = ORIENTED_EDGE ( 'NONE', *, *, #4481, .F. ) ;
#3479 = DIRECTION ( 'NONE',  ( 3.566454514754948225E-16, -1.000000000000000000, 0.000000000000000000 ) ) ;
#3480 = VERTEX_POINT ( 'NONE', #5014 ) ;
#3481 = DIRECTION ( 'NONE',  ( 0.9034962347415942396, 0.4285960263555441130, -0.000000000000000000 ) ) ;
#3482 = CARTESIAN_POINT ( 'NONE',  ( 0.1541772784449542688, -0.1308558362169158218, 0.000000000000000000 ) ) ;
#3483 = EDGE_LOOP ( 'NONE', ( #6558, #6566, #5147, #5547 ) ) ;
#3484 = CARTESIAN_POINT ( 'NONE',  ( 1.060000000000000719, -0.3750000000000000555, -0.02000000000000000042 ) ) ;
#3485 =( NAMED_UNIT ( * ) SI_UNIT ( $, .STERADIAN. ) SOLID_ANGLE_UNIT ( ) );
#3486 = EDGE_CURVE ( 'NONE', #2433, #3865, #86, .T. ) ;
#3487 = LINE ( 'NONE', #1249, #2095 ) ;
#3488 = AXIS2_PLACEMENT_3D ( 'NONE', #5763, #2479, #6281 ) ;
#3489 = ORIENTED_EDGE ( 'NONE', *, *, #4751, .F. ) ;
#3490 = CARTESIAN_POINT ( 'NONE',  ( 0.1421667712530423067, -0.05314600374105853814, 1.355252715606880543E-17 ) ) ;
#3491 = PRESENTATION_LAYER_ASSIGNMENT (  '', '', ( #150 ) ) ;
#3492 = CARTESIAN_POINT ( 'NONE',  ( 0.1301111185605692278, -0.03810647155718533546, -0.000000000000000000 ) ) ;
#3493 = CARTESIAN_POINT ( 'NONE',  ( 1.060000000000000719, 0.1249999999999999445, 0.1499999999999999944 ) ) ;
#3494 = CARTESIAN_POINT ( 'NONE',  ( 0.1206016819319262467, -0.1320942471915408367, 0.05000000000000000278 ) ) ;
#3495 = ADVANCED_FACE ( 'NONE', ( #5585 ), #2157, .T. ) ;
#3496 = UNCERTAINTY_MEASURE_WITH_UNIT (LENGTH_MEASURE( 1.000000000000000082E-05 ), #6878, 'distance_accuracy_value', 'NONE');
#3497 = VECTOR ( 'NONE', #3221, 1000.000000000000000 ) ;
#3498 = DIRECTION ( 'NONE',  ( -0.000000000000000000, 1.000000000000000000, -0.000000000000000000 ) ) ;
#3499 = EDGE_LOOP ( 'NONE', ( #5557, #6890, #42, #1794, #825, #3671 ) ) ;
#3500 = MECHANICAL_DESIGN_GEOMETRIC_PRESENTATION_REPRESENTATION (  '', ( #390 ), #6836 ) ;
#3501 = SURFACE_STYLE_FILL_AREA ( #3802 ) ;
#3502 = CARTESIAN_POINT ( 'NONE',  ( 0.05493463185835917306, -0.03981612662968277150, 0.05000000000000000278 ) ) ;
#3503 =( NAMED_UNIT ( * ) PLANE_ANGLE_UNIT ( ) SI_UNIT ( $, .RADIAN. ) );
#3504 = DIRECTION ( 'NONE',  ( 2.065146995210484202E-16, -1.000000000000000000, 0.000000000000000000 ) ) ;
#3505 =( LENGTH_UNIT ( ) NAMED_UNIT ( * ) SI_UNIT ( .MILLI., .METRE. ) );
#3506 = EDGE_CURVE ( 'NONE', #2926, #1010, #3325, .T. ) ;
#3507 = ORIENTED_EDGE ( 'NONE', *, *, #2792, .T. ) ;
#3508 = CARTESIAN_POINT ( 'NONE',  ( -0.005000000000000028727, 0.5600000000000001643, -0.02000000000000000042 ) ) ;
#3509 = LINE ( 'NONE', #4691, #5688 ) ;
#3510 = DIRECTION ( 'NONE',  ( -0.000000000000000000, 0.000000000000000000, 1.000000000000000000 ) ) ;
#3511 = LINE ( 'NONE', #5351, #2125 ) ;
#3512 = LINE ( 'NONE', #6834, #353 ) ;
#3513 = PRESENTATION_STYLE_ASSIGNMENT (( #5670 ) ) ;
#3514 = ORIENTED_EDGE ( 'NONE', *, *, #6424, .T. ) ;
#3515 = CARTESIAN_POINT ( 'NONE',  ( -0.1011042608530447612, -0.09833965794739356336, 0.000000000000000000 ) ) ;
#3516 = CARTESIAN_POINT ( 'NONE',  ( -0.08061014034880023549, -0.1202689619053537579, 0.000000000000000000 ) ) ;
#3517 = CARTESIAN_POINT ( 'NONE',  ( 0.6700000000000011502, -0.1249999999999997918, 0.000000000000000000 ) ) ;
#3518 = EDGE_LOOP ( 'NONE', ( #2326, #3394, #4454, #3741 ) ) ;
#3519 = CARTESIAN_POINT ( 'NONE',  ( 0.1189570677557950790, -0.1423802291937853459, 0.05000000000000000278 ) ) ;
#3520 = DIRECTION ( 'NONE',  ( 0.000000000000000000, 0.000000000000000000, -1.000000000000000000 ) ) ;
#3521 = CARTESIAN_POINT ( 'NONE',  ( -1.050000000000000266, 1.050000000000000044, 0.1499999999999999667 ) ) ;
#3522 = EDGE_CURVE ( 'NONE', #6343, #1037, #6856, .T. ) ;
#3523 = ORIENTED_EDGE ( 'NONE', *, *, #6297, .F. ) ;
#3524 = DIRECTION ( 'NONE',  ( -3.566454514754948225E-16, 1.000000000000000000, -0.000000000000000000 ) ) ;
#3525 = CARTESIAN_POINT ( 'NONE',  ( -0.08174154711172999799, -0.06204861873636684233, 0.000000000000000000 ) ) ;
#3526 = CARTESIAN_POINT ( 'NONE',  ( 0.08688011666841811975, -0.1193872678048526342, 0.05000000000000000278 ) ) ;
#3527 =( NAMED_UNIT ( * ) PLANE_ANGLE_UNIT ( ) SI_UNIT ( $, .RADIAN. ) );
#3528 = CARTESIAN_POINT ( 'NONE',  ( -0.08375234366413680798, -0.06427590203876686059, 0.000000000000000000 ) ) ;
#3529 = EDGE_CURVE ( 'NONE', #6046, #1404, #5762, .T. ) ;
#3530 = ORIENTED_EDGE ( 'NONE', *, *, #631, .T. ) ;
#3531 = CARTESIAN_POINT ( 'NONE',  ( 0.1200326011003008814, -0.1423727436921913836, 0.000000000000000000 ) ) ;
#3532 = ADVANCED_FACE ( 'NONE', ( #1682 ), #6219, .T. ) ;
#3533 =( LENGTH_UNIT ( ) NAMED_UNIT ( * ) SI_UNIT ( .MILLI., .METRE. ) );
#3534 = CARTESIAN_POINT ( 'NONE',  ( -0.08443316656787075436, -0.1162859400803318843, 0.05000000000000000278 ) ) ;
#3535 = CARTESIAN_POINT ( 'NONE',  ( -0.04152644888073284829, -0.1295526279054420304, 0.000000000000000000 ) ) ;
#3536 =( GEOMETRIC_REPRESENTATION_CONTEXT ( 3 ) GLOBAL_UNCERTAINTY_ASSIGNED_CONTEXT ( ( #4665 ) ) GLOBAL_UNIT_ASSIGNED_CONTEXT ( ( #5329, #4803, #4284 ) ) REPRESENTATION_CONTEXT ( 'NONE', 'WORKASPACE' ) );
#3537 =( LENGTH_UNIT ( ) NAMED_UNIT ( * ) SI_UNIT ( .MILLI., .METRE. ) );
#3538 = EDGE_CURVE ( 'NONE', #5536, #6646, #6358, .T. ) ;
#3539 = CARTESIAN_POINT ( 'NONE',  ( -0.1014222413064533868, -0.09474991807288055123, 0.000000000000000000 ) ) ;
#3541 = ORIENTED_EDGE ( 'NONE', *, *, #4472, .F. ) ;
#3540 = PRESENTATION_STYLE_ASSIGNMENT (( #1653 ) ) ;
#3542 = CARTESIAN_POINT ( 'NONE',  ( 0.1178213290512746814, -0.1423673732262722424, 0.000000000000000000 ) ) ;
#3543 = DIRECTION ( 'NONE',  ( -2.780005570475657679E-16, -1.000000000000000000, 0.000000000000000000 ) ) ;
#3544 = DIRECTION ( 'NONE',  ( -0.000000000000000000, -0.000000000000000000, -1.000000000000000000 ) ) ;
#3545 =( GEOMETRIC_REPRESENTATION_CONTEXT ( 3 ) GLOBAL_UNCERTAINTY_ASSIGNED_CONTEXT ( ( #93 ) ) GLOBAL_UNIT_ASSIGNED_CONTEXT ( ( #3537, #5103, #355 ) ) REPRESENTATION_CONTEXT ( 'NONE', 'WORKASPACE' ) );
#3546 = ORIENTED_EDGE ( 'NONE', *, *, #2705, .F. ) ;
#3547 = DIRECTION ( 'NONE',  ( -4.865009748332398720E-16, -1.000000000000000000, 0.000000000000000000 ) ) ;
#3548 = FILL_AREA_STYLE ('',( #3477 ) ) ;
#3549 = CARTESIAN_POINT ( 'NONE',  ( 0.08330001647374379870, -0.06417510098865712720, -0.000000000000000000 ) ) ;
#3550 = PRESENTATION_LAYER_ASSIGNMENT (  '', '', ( #3198 ) ) ;
#3551 = CARTESIAN_POINT ( 'NONE',  ( 0.1397108987652428413, -0.1390651763637328064, 0.05000000000000000278 ) ) ;
#3552 = DIRECTION ( 'NONE',  ( -0.000000000000000000, 1.000000000000000000, 0.000000000000000000 ) ) ;
#3553 = ORIENTED_EDGE ( 'NONE', *, *, #4393, .F. ) ;
#3554 = CIRCLE ( 'NONE', #2139, 0.1199999999999999956 ) ;
#3555 = CARTESIAN_POINT ( 'NONE',  ( -0.1014576540524939202, -0.09231418124578641415, -0.000000000000000000 ) ) ;
#3556 = CARTESIAN_POINT ( 'NONE',  ( -0.07619766375688019622, -0.1235274840767833365, 0.000000000000000000 ) ) ;
#3557 = CARTESIAN_POINT ( 'NONE',  ( -0.06532051395959316553, -0.05264512612639973138, 0.05000000000000000278 ) ) ;
#3558 = CARTESIAN_POINT ( 'NONE',  ( -1.060000000000000719, 0.1250000000000002220, 0.1499999999999999944 ) ) ;
#3559 = DIRECTION ( 'NONE',  ( 1.000000000000000000, 0.000000000000000000, -0.000000000000000000 ) ) ;
#3560 = CARTESIAN_POINT ( 'NONE',  ( 0.1444314884874485505, -0.1253917457986191142, 0.05000000000000000278 ) ) ;
#3561 = ADVANCED_FACE ( 'NONE', ( #6513 ), #1421, .F. ) ;
#3562 = ORIENTED_EDGE ( 'NONE', *, *, #5471, .T. ) ;
#3563 = EDGE_CURVE ( 'NONE', #644, #3112, #5430, .T. ) ;
#3564 = DIRECTION ( 'NONE',  ( 0.000000000000000000, 0.000000000000000000, -1.000000000000000000 ) ) ;
#3565 = CARTESIAN_POINT ( 'NONE',  ( 0.6700000000000011502, -0.3749999999999998890, 0.000000000000000000 ) ) ;
#3566 = VECTOR ( 'NONE', #1083, 1000.000000000000000 ) ;
#3567 = CARTESIAN_POINT ( 'NONE',  ( -0.08982606341354049118, -0.07487281215111733779, 0.05000000000000000278 ) ) ;
#3568 = EDGE_LOOP ( 'NONE', ( #3599, #4408, #1800, #3197 ) ) ;
#3569 = CARTESIAN_POINT ( 'NONE',  ( 0.1283561446006013518, -0.1417910304877106620, 0.000000000000000000 ) ) ;
#3570 = CARTESIAN_POINT ( 'NONE',  ( 0.1221593351030649532, -0.1423579420397377560, 0.000000000000000000 ) ) ;
#3571 = DIRECTION ( 'NONE',  ( 0.000000000000000000, -0.000000000000000000, -1.000000000000000000 ) ) ;
#3572 = VERTEX_POINT ( 'NONE', #6170 ) ;
#3573 = EDGE_CURVE ( 'NONE', #5290, #3779, #421, .T. ) ;
#3574 = UNCERTAINTY_MEASURE_WITH_UNIT (LENGTH_MEASURE( 1.000000000000000082E-05 ), #717, 'distance_accuracy_value', 'NONE');
#3575 = PRESENTATION_LAYER_ASSIGNMENT (  '', '', ( #6597 ) ) ;
#3576 = CARTESIAN_POINT ( 'NONE',  ( -0.08890899060881470028, -0.1090506031981786639, 0.000000000000000000 ) ) ;
#3577 = FACE_OUTER_BOUND ( 'NONE', #4909, .T. ) ;
#3578 = ORIENTED_EDGE ( 'NONE', *, *, #162, .T. ) ;
#3579 = DIRECTION ( 'NONE',  ( 1.000000000000000000, 0.000000000000000000, 0.000000000000000000 ) ) ;
#3580 = DIRECTION ( 'NONE',  ( -1.000000000000000000, 0.000000000000000000, -0.000000000000000000 ) ) ;
#3581 = FACE_OUTER_BOUND ( 'NONE', #5191, .T. ) ;
#3582 = CARTESIAN_POINT ( 'NONE',  ( 1.060000000000000497, -0.8750000000000000000, 0.1499999999999999944 ) ) ;
#3583 = CARTESIAN_POINT ( 'NONE',  ( 0.1638021555954221886, -0.09429625559386876910, 0.05000000000000000278 ) ) ;
#3584 = LINE ( 'NONE', #953, #1942 ) ;
#3585 = COLOUR_RGB ( '',0.5019607843137254832, 0.5019607843137254832, 0.000000000000000000 ) ;
#3586 = CARTESIAN_POINT ( 'NONE',  ( -0.001475624551897254926, -0.1398161266296827909, 0.05000000000000000278 ) ) ;
#3587 = LINE ( 'NONE', #4841, #2352 ) ;
#3588 = VECTOR ( 'NONE', #5274, 1000.000000000000000 ) ;
#3589 = ORIENTED_EDGE ( 'NONE', *, *, #1158, .T. ) ;
#3590 =( GEOMETRIC_REPRESENTATION_CONTEXT ( 3 ) GLOBAL_UNCERTAINTY_ASSIGNED_CONTEXT ( ( #2549 ) ) GLOBAL_UNIT_ASSIGNED_CONTEXT ( ( #661, #2308, #4446 ) ) REPRESENTATION_CONTEXT ( 'NONE', 'WORKASPACE' ) );
#3591 = FILL_AREA_STYLE_COLOUR ( '', #6114 ) ;
#3592 = CARTESIAN_POINT ( 'NONE',  ( 0.1178187131962366019, -0.04755442763799973271, -0.000000000000000000 ) ) ;
#3593 = EDGE_CURVE ( 'NONE', #3353, #1623, #5927, .T. ) ;
#3594 = ADVANCED_FACE ( 'NONE', ( #255 ), #5132, .T. ) ;
#3595 = ORIENTED_EDGE ( 'NONE', *, *, #4305, .F. ) ;
#3596 = VERTEX_POINT ( 'NONE', #1318 ) ;
#3597 = CARTESIAN_POINT ( 'NONE',  ( -0.5500000000000003775, 0.2549999999999993938, 0.1499999999999999944 ) ) ;
#3598 = DIRECTION ( 'NONE',  ( 7.132909029509896943E-17, -1.000000000000000000, -0.000000000000000000 ) ) ;
#3599 = ORIENTED_EDGE ( 'NONE', *, *, #2757, .F. ) ;
#3600 = ORIENTED_EDGE ( 'NONE', *, *, #5389, .T. ) ;
#3601 = FACE_OUTER_BOUND ( 'NONE', #6653, .T. ) ;
#3602 = ORIENTED_EDGE ( 'NONE', *, *, #3954, .F. ) ;
#3603 = CARTESIAN_POINT ( 'NONE',  ( -0.09518218778597489771, -0.1175236870576477216, 0.000000000000000000 ) ) ;
#3604 = VERTEX_POINT ( 'NONE', #1367 ) ;
#3605 = FILL_AREA_STYLE ('',( #4680 ) ) ;
#3606 = CARTESIAN_POINT ( 'NONE',  ( 0.1612155083026757807, -0.1236482144554938850, 0.05000000000000000278 ) ) ;
#3607 = VERTEX_POINT ( 'NONE', #1908 ) ;
#3608 = CARTESIAN_POINT ( 'NONE',  ( 0.1058556854151351673, -0.1410496421127930278, 0.05000000000000000278 ) ) ;
#3609 = DIRECTION ( 'NONE',  ( 1.000000000000000000, -2.780005570475657679E-16, 0.000000000000000000 ) ) ;
#3610 = DIRECTION ( 'NONE',  ( -7.132909029509896943E-17, 1.000000000000000000, -0.000000000000000000 ) ) ;
#3611 = CARTESIAN_POINT ( 'NONE',  ( -0.05720335463975755735, -0.1289503022302631863, 0.000000000000000000 ) ) ;
#3613 = ORIENTED_EDGE ( 'NONE', *, *, #546, .T. ) ;
#3612 = LINE ( 'NONE', #6335, #2052 ) ;
#3614 = ORIENTED_EDGE ( 'NONE', *, *, #4339, .T. ) ;
#3615 =( NAMED_UNIT ( * ) SI_UNIT ( $, .STERADIAN. ) SOLID_ANGLE_UNIT ( ) );
#3616 = CARTESIAN_POINT ( 'NONE',  ( 0.08386018471249248596, -0.06350750185062478681, -0.000000000000000000 ) ) ;
#3617 = DIRECTION ( 'NONE',  ( 0.000000000000000000, -0.000000000000000000, 1.000000000000000000 ) ) ;
#3618 = CARTESIAN_POINT ( 'NONE',  ( -0.09094127987188872775, -0.1035615755160761847, 0.000000000000000000 ) ) ;
#3619 = EDGE_CURVE ( 'NONE', #2954, #5681, #3247, .T. ) ;
#3621 = ORIENTED_EDGE ( 'NONE', *, *, #5341, .T. ) ;
#3620 = VECTOR ( 'NONE', #5526, 1000.000000000000000 ) ;
#3622 = CARTESIAN_POINT ( 'NONE',  ( 0.05493463185835917306, -0.1398161266296827909, -0.000000000000000000 ) ) ;
#3623 = CARTESIAN_POINT ( 'NONE',  ( 0.1342104474838345385, -0.1407171884557718855, 0.000000000000000000 ) ) ;
#3624 = ORIENTED_EDGE ( 'NONE', *, *, #2675, .T. ) ;
#3625 = MECHANICAL_DESIGN_GEOMETRIC_PRESENTATION_REPRESENTATION (  '', ( #4860 ), #6503 ) ;
#3626 = DIRECTION ( 'NONE',  ( 1.000000000000000000, 0.000000000000000000, 0.000000000000000000 ) ) ;
#3627 = STYLED_ITEM ( 'NONE', ( #16 ), #4236 ) ;
#3629 = ORIENTED_EDGE ( 'NONE', *, *, #2772, .T. ) ;
#3628 = VECTOR ( 'NONE', #1841, 1000.000000000000000 ) ;
#3630 = ORIENTED_EDGE ( 'NONE', *, *, #2298, .T. ) ;
#3631 = CARTESIAN_POINT ( 'NONE',  ( 0.07544745237117968240, -0.05816548560404174312, 0.05000000000000000278 ) ) ;
#3632 = CARTESIAN_POINT ( 'NONE',  ( 0.1541772784449542688, -0.1308558362169158218, 0.05000000000000000278 ) ) ;
#3633 = CARTESIAN_POINT ( 'NONE',  ( -0.06615911814164082694, -0.05287702406558020263, 0.000000000000000000 ) ) ;
#3634 =( LENGTH_UNIT ( ) NAMED_UNIT ( * ) SI_UNIT ( .MILLI., .METRE. ) );
#3635 =( LENGTH_UNIT ( ) NAMED_UNIT ( * ) SI_UNIT ( .MILLI., .METRE. ) );
#3636 = CARTESIAN_POINT ( 'NONE',  ( 1.060000000000000719, 0.3749999999999999445, 0.1499999999999999944 ) ) ;
#3637 = CARTESIAN_POINT ( 'NONE',  ( -0.02839870147497414524, -0.05007253688609302616, 0.000000000000000000 ) ) ;
#3638 = AXIS2_PLACEMENT_3D ( 'NONE', #5400, #2789, #3811 ) ;
#3639 = ORIENTED_EDGE ( 'NONE', *, *, #3329, .F. ) ;
#3640 = EDGE_CURVE ( 'NONE', #3113, #3238, #4944, .T. ) ;
#3641 = FILL_AREA_STYLE_COLOUR ( '', #4437 ) ;
#3642 = ORIENTED_EDGE ( 'NONE', *, *, #4255, .F. ) ;
#3643 = SURFACE_SIDE_STYLE ('',( #264 ) ) ;
#3644 = CARTESIAN_POINT ( 'NONE',  ( -0.08443316656787075436, -0.1162859400803318843, 0.000000000000000000 ) ) ;
#3645 = ORIENTED_EDGE ( 'NONE', *, *, #3563, .F. ) ;
#3646 = ORIENTED_EDGE ( 'NONE', *, *, #2462, .T. ) ;
#3647 = CARTESIAN_POINT ( 'NONE',  ( -0.1441639258339485752, -0.09750843432199045313, 0.05000000000000000278 ) ) ;
#3648 = CARTESIAN_POINT ( 'NONE',  ( -0.1441639258339485752, -0.09750843432199045313, 0.000000000000000000 ) ) ;
#3649 = LINE ( 'NONE', #2982, #1919 ) ;
#3650 = VECTOR ( 'NONE', #451, 1000.000000000000000 ) ;
#3651 =( NAMED_UNIT ( * ) SI_UNIT ( $, .STERADIAN. ) SOLID_ANGLE_UNIT ( ) );
#3652 = ORIENTED_EDGE ( 'NONE', *, *, #3728, .T. ) ;
#3653 = FILL_AREA_STYLE_COLOUR ( '', #4695 ) ;
#3654 = FILL_AREA_STYLE_COLOUR ( '', #3827 ) ;
#3655 = CARTESIAN_POINT ( 'NONE',  ( -0.5500000000000003775, 0.8750000000000002220, -0.02000000000000000042 ) ) ;
#3656 = PLANE ( 'NONE',  #1096 ) ;
#3657 = DIRECTION ( 'NONE',  ( -1.000000000000000000, 0.000000000000000000, 0.000000000000000000 ) ) ;
#3658 = ORIENTED_EDGE ( 'NONE', *, *, #4991, .T. ) ;
#3659 = EDGE_CURVE ( 'NONE', #2571, #3945, #2016, .T. ) ;
#3660 = DIRECTION ( 'NONE',  ( -1.000000000000000000, 0.000000000000000000, 0.000000000000000000 ) ) ;
#3661 = CARTESIAN_POINT ( 'NONE',  ( 0.6700000000000003730, 0.7450000000000001066, -0.02000000000000000042 ) ) ;
#3662 = ADVANCED_FACE ( 'NONE', ( #6678 ), #2047, .T. ) ;
#3663 = ORIENTED_EDGE ( 'NONE', *, *, #6144, .T. ) ;
#3664 = MECHANICAL_DESIGN_GEOMETRIC_PRESENTATION_REPRESENTATION (  '', ( #6587 ), #373 ) ;
#3665 = SURFACE_STYLE_FILL_AREA ( #6611 ) ;
#3666 = ADVANCED_FACE ( 'NONE', ( #6091 ), #2143, .T. ) ;
#3667 = CARTESIAN_POINT ( 'NONE',  ( -0.09354957678577884017, -0.1202689262672577419, 0.000000000000000000 ) ) ;
#3668 = COLOUR_RGB ( '',0.5019607843137254832, 0.5019607843137254832, 0.000000000000000000 ) ;
#3669 = EDGE_CURVE ( 'NONE', #2224, #6774, #5098, .T. ) ;
#3670 = VECTOR ( 'NONE', #4811, 1000.000000000000000 ) ;
#3671 = ORIENTED_EDGE ( 'NONE', *, *, #3506, .T. ) ;
#3672 = VECTOR ( 'NONE', #1254, 1000.000000000000000 ) ;
#3673 = PRESENTATION_STYLE_ASSIGNMENT (( #4778 ) ) ;
#3674 = PRESENTATION_LAYER_ASSIGNMENT (  '', '', ( #6104 ) ) ;
#3675 = SURFACE_STYLE_USAGE ( .BOTH. , #1549 ) ;
#3676 = DIRECTION ( 'NONE',  ( -1.032573497605242101E-16, 1.000000000000000000, 0.000000000000000000 ) ) ;
#3677 = MECHANICAL_DESIGN_GEOMETRIC_PRESENTATION_REPRESENTATION (  '', ( #2349 ), #2682 ) ;
#3678 = FILL_AREA_STYLE ('',( #2152 ) ) ;
#3679 = CARTESIAN_POINT ( 'NONE',  ( 0.1728468928129534288, -0.09094654411738116451, 0.05000000000000000278 ) ) ;
#3680 = DIRECTION ( 'NONE',  ( 0.000000000000000000, 0.000000000000000000, -1.000000000000000000 ) ) ;
#3681 = LINE ( 'NONE', #1868, #1274 ) ;
#3682 = AXIS2_PLACEMENT_3D ( 'NONE', #668, #2808, #4892 ) ;
#3683 = ORIENTED_EDGE ( 'NONE', *, *, #3397, .T. ) ;
#3684 = SURFACE_STYLE_USAGE ( .BOTH. , #6456 ) ;
#3685 = LINE ( 'NONE', #2781, #6886 ) ;
#3686 = DIRECTION ( 'NONE',  ( -0.000000000000000000, -0.000000000000000000, -1.000000000000000000 ) ) ;
#3687 = CARTESIAN_POINT ( 'NONE',  ( -1.060000000000000719, -0.3749999999999997780, 0.1499999999999999944 ) ) ;
#3688 = ORIENTED_EDGE ( 'NONE', *, *, #6672, .F. ) ;
#3689 = EDGE_CURVE ( 'NONE', #5702, #6631, #6348, .T. ) ;
#3690 = ORIENTED_EDGE ( 'NONE', *, *, #5818, .F. ) ;
#3691 = DIRECTION ( 'NONE',  ( 0.000000000000000000, 0.000000000000000000, -1.000000000000000000 ) ) ;
#3692 = CARTESIAN_POINT ( 'NONE',  ( -0.09179752698008362966, -0.1228567984992313261, 0.000000000000000000 ) ) ;
#3693 = VECTOR ( 'NONE', #6349, 1000.000000000000000 ) ;
#3694 = SURFACE_STYLE_USAGE ( .BOTH. , #6918 ) ;
#3695 = ORIENTED_EDGE ( 'NONE', *, *, #1183, .T. ) ;
#3696 = VERTEX_POINT ( 'NONE', #4705 ) ;
#3697 = ORIENTED_EDGE ( 'NONE', *, *, #1896, .F. ) ;
#3698 = CARTESIAN_POINT ( 'NONE',  ( 0.1708139346226825450, -0.07372829056405234838, 0.05000000000000000278 ) ) ;
#3699 = CARTESIAN_POINT ( 'NONE',  ( -0.05041392583394853355, -0.1398161266296827909, 0.05000000000000000278 ) ) ;
#3700 = PRESENTATION_STYLE_ASSIGNMENT (( #2458 ) ) ;
#3701 = CARTESIAN_POINT ( 'NONE',  ( 0.000000000000000000, 0.000000000000000000, 0.000000000000000000 ) ) ;
#3702 = VECTOR ( 'NONE', #2885, 1000.000000000000000 ) ;
#3703 = PLANE ( 'NONE',  #5463 ) ;
#3704 = DIRECTION ( 'NONE',  ( -2.065146995210484448E-16, 1.000000000000000000, -0.000000000000000000 ) ) ;
#3705 = ORIENTED_EDGE ( 'NONE', *, *, #1724, .F. ) ;
#3706 = SURFACE_SIDE_STYLE ('',( #4421 ) ) ;
#3707 = ORIENTED_EDGE ( 'NONE', *, *, #998, .T. ) ;
#3708 = DIRECTION ( 'NONE',  ( -1.000000000000000000, 0.000000000000000000, 0.000000000000000000 ) ) ;
#3709 = CARTESIAN_POINT ( 'NONE',  ( -0.1010159831795813951, -0.08271623839307491732, 0.000000000000000000 ) ) ;
#3710 = ADVANCED_FACE ( 'NONE', ( #6847 ), #4123, .T. ) ;
#3711 = EDGE_CURVE ( 'NONE', #4286, #670, #1175, .T. ) ;
#3712 = CARTESIAN_POINT ( 'NONE',  ( -1.060000000000000719, 0.6250000000000002220, 0.1499999999999999944 ) ) ;
#3713 = CARTESIAN_POINT ( 'NONE',  ( 0.1562816648834516875, -0.1290082180882404228, -0.000000000000000000 ) ) ;
#3715 = EDGE_LOOP ( 'NONE', ( #5643, #2802, #3168, #1198 ) ) ;
#3714 = LINE ( 'NONE', #6366, #2312 ) ;
#3716 = AXIS2_PLACEMENT_3D ( 'NONE', #5578, #6199, #886 ) ;
#3717 = CARTESIAN_POINT ( 'NONE',  ( -0.1250000000000001388, 1.060000000000000275, -0.02000000000000000042 ) ) ;
#3718 = MECHANICAL_DESIGN_GEOMETRIC_PRESENTATION_REPRESENTATION (  '', ( #22 ), #6240 ) ;
#3719 = CARTESIAN_POINT ( 'NONE',  ( -1.050000000000000266, 0.8750000000000002220, 0.1499999999999999944 ) ) ;
#3720 = CARTESIAN_POINT ( 'NONE',  ( 0.1720087573710106510, -0.07870404481700253585, 0.05000000000000000278 ) ) ;
#3721 = CARTESIAN_POINT ( 'NONE',  ( -0.02839870147497414524, -0.1295597163732725154, 0.000000000000000000 ) ) ;
#3722 = CARTESIAN_POINT ( 'NONE',  ( 0.1658031985992161894, -0.1171669946935922496, 0.000000000000000000 ) ) ;
#3723 = FILL_AREA_STYLE ('',( #2072 ) ) ;
#3724 = CARTESIAN_POINT ( 'NONE',  ( -0.03542995147497418618, -0.05007253688609302616, 0.000000000000000000 ) ) ;
#3725 = SURFACE_SIDE_STYLE ('',( #5157 ) ) ;
#3726 = STYLED_ITEM ( 'NONE', ( #5282 ), #1028 ) ;
#3727 = EDGE_LOOP ( 'NONE', ( #6112, #3766, #137, #5087 ) ) ;
#3728 = EDGE_CURVE ( 'NONE', #4970, #6312, #590, .T. ) ;
#3729 = COLOUR_RGB ( '',0.5019607843137254832, 0.5019607843137254832, 0.000000000000000000 ) ;
#3730 = CARTESIAN_POINT ( 'NONE',  ( 0.08363394696207367141, -0.04932506015832933272, -0.000000000000000000 ) ) ;
#3731 = DIRECTION ( 'NONE',  ( 0.000000000000000000, 0.000000000000000000, -1.000000000000000000 ) ) ;
#3732 = CARTESIAN_POINT ( 'NONE',  ( 0.1711828045747041116, -0.1040265511251747127, 0.05000000000000000278 ) ) ;
#3733 = B_SPLINE_CURVE_WITH_KNOTS ( 'NONE', 3,
 ( #1949, #3555, #3539, #3515, #6735, #6829, #3012, #5672, #357, #3603, #4650, #880, #4677, #2021, #4068, #4704, #383, #2001, #4630, #336, #4091, #4602, #405, #920, #1408, #1479, #6289 ),
 .UNSPECIFIED., .F., .F.,
 ( 4, 1, 1, 1, 1, 1, 1, 1, 1, 1, 1, 1, 1, 1, 1, 1, 1, 1, 1, 1, 1, 1, 1, 1, 4 ),
 ( 0.000000000000000000, 0.04608068338724808505, 0.09080679960761632585, 0.1342952705290698101, 0.1770243856662442605, 0.2188227336826557845, 0.2602441163273736535, 0.3010798671134452542, 0.3416138942851569826, 0.3815834185517461008, 0.4201195913296167928, 0.4580746185423136829, 0.4947384876076563742, 0.5311946228937135528, 0.5669336984503785537, 0.6027126507379957365, 0.6383266061284351700, 0.6748532488548241171, 0.7134673707840598622, 0.7544418038483806654, 0.7978153607124988111, 0.8439894562081102780, 0.8930715698796480861, 0.9449633461781439259, 1.000000000000000000 ),
 .UNSPECIFIED. ) ;
#3734 = DIRECTION ( 'NONE',  ( -0.000000000000000000, 0.000000000000000000, 1.000000000000000000 ) ) ;
#3735 = ORIENTED_EDGE ( 'NONE', *, *, #3416, .T. ) ;
#3736 = SURFACE_SIDE_STYLE ('',( #2113 ) ) ;
#3737 = CARTESIAN_POINT ( 'NONE',  ( 1.060000000000000719, 0.8750000000000000000, 0.1499999999999999944 ) ) ;
#3738 = DIRECTION ( 'NONE',  ( -2.065146995210484448E-16, 1.000000000000000000, -0.000000000000000000 ) ) ;
#3739 = FACE_OUTER_BOUND ( 'NONE', #6223, .T. ) ;
#3740 = CARTESIAN_POINT ( 'NONE',  ( -0.01942434250061519929, -0.1398161266296827909, 0.05000000000000000278 ) ) ;
#3741 = ORIENTED_EDGE ( 'NONE', *, *, #4575, .T. ) ;
#3742 = CARTESIAN_POINT ( 'NONE',  ( 0.07734026337536677176, -0.1238489188785477924, 0.05000000000000000278 ) ) ;
#3743 = EDGE_CURVE ( 'NONE', #1987, #2038, #2090, .T. ) ;
#3744 = CARTESIAN_POINT ( 'NONE',  ( 0.1536593375099773728, -0.04869268675710874961, 0.000000000000000000 ) ) ;
#3745 = ADVANCED_FACE ( 'NONE', ( #3739 ), #1594, .F. ) ;
#3746 = VERTEX_POINT ( 'NONE', #527 ) ;
#3747 =( NAMED_UNIT ( * ) SI_UNIT ( $, .STERADIAN. ) SOLID_ANGLE_UNIT ( ) );
#3748 = SURFACE_STYLE_FILL_AREA ( #858 ) ;
#3749 = VECTOR ( 'NONE', #3479, 1000.000000000000000 ) ;
#3750 = EDGE_LOOP ( 'NONE', ( #5996, #5354, #2005, #111 ) ) ;
#3751 = EDGE_CURVE ( 'NONE', #4175, #5889, #6674, .T. ) ;
#3752 = DIRECTION ( 'NONE',  ( -0.000000000000000000, 0.000000000000000000, 1.000000000000000000 ) ) ;
#3753 = CARTESIAN_POINT ( 'NONE',  ( -0.07250441197533213922, -0.04386277316456260733, 0.05000000000000000278 ) ) ;
#3754 = SURFACE_SIDE_STYLE ('',( #687 ) ) ;
#3755 = SURFACE_STYLE_USAGE ( .BOTH. , #5915 ) ;
#3756 = SURFACE_STYLE_USAGE ( .BOTH. , #63 ) ;
#3757 = STYLED_ITEM ( 'NONE', ( #2872 ), #5823 ) ;
#3758 = PRESENTATION_LAYER_ASSIGNMENT (  '', '', ( #65 ) ) ;
#3759 = FILL_AREA_STYLE_COLOUR ( '', #6705 ) ;
#3760 = ORIENTED_EDGE ( 'NONE', *, *, #611, .F. ) ;
#3761 = CARTESIAN_POINT ( 'NONE',  ( -0.08992790711163245465, -0.1252503762652678321, 0.000000000000000000 ) ) ;
#3762 = VERTEX_POINT ( 'NONE', #6285 ) ;
#3763 = DIRECTION ( 'NONE',  ( 0.000000000000000000, 1.000000000000000000, -0.000000000000000000 ) ) ;
#3764 = PRESENTATION_LAYER_ASSIGNMENT (  '', '', ( #2342 ) ) ;
#3765 = DIRECTION ( 'NONE',  ( 1.000000000000000000, -5.560011140951313386E-16, 0.000000000000000000 ) ) ;
#3766 = ORIENTED_EDGE ( 'NONE', *, *, #878, .F. ) ;
#3767 = LINE ( 'NONE', #4914, #6797 ) ;
#3768 = STYLED_ITEM ( 'NONE', ( #3700 ), #586 ) ;
#3769 = CARTESIAN_POINT ( 'NONE',  ( 0.1643073959443998033, -0.06012328400214676100, 0.05000000000000000278 ) ) ;
#3770 = ORIENTED_EDGE ( 'NONE', *, *, #478, .T. ) ;
#3771 = STYLED_ITEM ( 'NONE', ( #515 ), #4797 ) ;
#3772 = EDGE_CURVE ( 'NONE', #3331, #1515, #1498, .T. ) ;
#3773 = EDGE_LOOP ( 'NONE', ( #1862, #1283, #1139, #5 ) ) ;
#3774 = CARTESIAN_POINT ( 'NONE',  ( -0.1630140860903588063, -0.03981612662968277150, 0.000000000000000000 ) ) ;
#3775 = LINE ( 'NONE', #1828, #1804 ) ;
#3776 = ORIENTED_EDGE ( 'NONE', *, *, #5911, .T. ) ;
#3777 =( GEOMETRIC_REPRESENTATION_CONTEXT ( 3 ) GLOBAL_UNCERTAINTY_ASSIGNED_CONTEXT ( ( #5558 ) ) GLOBAL_UNIT_ASSIGNED_CONTEXT ( ( #3533, #4061, #3651 ) ) REPRESENTATION_CONTEXT ( 'NONE', 'WORKASPACE' ) );
#3778 = CARTESIAN_POINT ( 'NONE',  ( -0.06846280403907673007, -0.1270156458604519978, 0.000000000000000000 ) ) ;
#3779 = VERTEX_POINT ( 'NONE', #5717 ) ;
#3780 = CARTESIAN_POINT ( 'NONE',  ( -0.06846280403907673007, -0.1270156458604519978, 0.05000000000000000278 ) ) ;
#3781 = CARTESIAN_POINT ( 'NONE',  ( 0.1027796423176473573, -0.1402710153492536249, 0.000000000000000000 ) ) ;
#3782 = VERTEX_POINT ( 'NONE', #6869 ) ;
#3783 = CARTESIAN_POINT ( 'NONE',  ( -0.5500000000000002665, -0.7549999999999990052, 0.1499999999999999944 ) ) ;
#3784 = CARTESIAN_POINT ( 'NONE',  ( -0.06653251900438821032, -0.1385011689890706388, 0.05000000000000000278 ) ) ;
#3785 = ORIENTED_EDGE ( 'NONE', *, *, #6160, .F. ) ;
#3786 = CARTESIAN_POINT ( 'NONE',  ( -0.08400792119507191624, -0.05032668058903102398, 0.05000000000000000278 ) ) ;
#3787 = CARTESIAN_POINT ( 'NONE',  ( 0.08862899306234907348, -0.05857430980431264922, 0.000000000000000000 ) ) ;
#3789 = VERTEX_POINT ( 'NONE', #1006 ) ;
#3788 = FACE_OUTER_BOUND ( 'NONE', #6448, .T. ) ;
#3790 = EDGE_LOOP ( 'NONE', ( #438, #6567, #1296, #2725 ) ) ;
#3791 = CARTESIAN_POINT ( 'NONE',  ( -0.1250000000000001110, 1.050000000000000044, 0.7500000000000000000 ) ) ;
#3792 = CARTESIAN_POINT ( 'NONE',  ( 1.060000000000000719, -0.1250000000000000555, 0.1499999999999999944 ) ) ;
#3793 = EDGE_CURVE ( 'NONE', #6439, #2065, #538, .T. ) ;
#3794 = PRESENTATION_STYLE_ASSIGNMENT (( #6472 ) ) ;
#3795 = DIRECTION ( 'NONE',  ( 0.000000000000000000, -1.000000000000000000, 0.000000000000000000 ) ) ;
#3796 = LINE ( 'NONE', #2004, #6744 ) ;
#3797 = ORIENTED_EDGE ( 'NONE', *, *, #2638, .T. ) ;
#3798 = UNCERTAINTY_MEASURE_WITH_UNIT (LENGTH_MEASURE( 1.000000000000000082E-05 ), #2505, 'distance_accuracy_value', 'NONE');
#3799 = PRESENTATION_LAYER_ASSIGNMENT (  '', '', ( #6587 ) ) ;
#3800 = VECTOR ( 'NONE', #5904, 1000.000000000000000 ) ;
#3801 = CARTESIAN_POINT ( 'NONE',  ( 0.08153270092914041700, -0.1282996544563532459, 0.000000000000000000 ) ) ;
#3802 = FILL_AREA_STYLE ('',( #2643 ) ) ;
#3803 = DIRECTION ( 'NONE',  ( 0.000000000000000000, 0.000000000000000000, -1.000000000000000000 ) ) ;
#3804 = EDGE_CURVE ( 'NONE', #520, #4928, #4939, .T. ) ;
#3805 =( LENGTH_UNIT ( ) NAMED_UNIT ( * ) SI_UNIT ( .MILLI., .METRE. ) );
#3806 = CARTESIAN_POINT ( 'NONE',  ( 0.1536593375099773728, -0.04869268675710874961, 0.05000000000000000278 ) ) ;
#3807 = ORIENTED_EDGE ( 'NONE', *, *, #2833, .F. ) ;
#3808 =( NAMED_UNIT ( * ) SI_UNIT ( $, .STERADIAN. ) SOLID_ANGLE_UNIT ( ) );
#3809 = AXIS2_PLACEMENT_3D ( 'NONE', #2467, #3520, #408 ) ;
#3810 = CARTESIAN_POINT ( 'NONE',  ( 0.09998581646865987993, -0.05135543916531087882, 0.05000000000000000278 ) ) ;
#3811 = DIRECTION ( 'NONE',  ( 1.000000000000000000, 0.000000000000000000, -0.000000000000000000 ) ) ;
#3812 = VERTEX_POINT ( 'NONE', #3137 ) ;
#3813 = ADVANCED_FACE ( 'NONE', ( #414 ), #2590, .T. ) ;
#3814 = ORIENTED_EDGE ( 'NONE', *, *, #2499, .F. ) ;
#3815 = LINE ( 'NONE', #682, #3058 ) ;
#3816 = FILL_AREA_STYLE ('',( #4781 ) ) ;
#3817 = DIRECTION ( 'NONE',  ( 0.000000000000000000, -0.000000000000000000, 1.000000000000000000 ) ) ;
#3818 = ORIENTED_EDGE ( 'NONE', *, *, #5874, .F. ) ;
#3819 = EDGE_CURVE ( 'NONE', #5764, #5802, #5017, .T. ) ;
#3820 = CARTESIAN_POINT ( 'NONE',  ( 0.1206405374805394337, -0.04751997610798588262, 0.05000000000000000278 ) ) ;
#3821 = CARTESIAN_POINT ( 'NONE',  ( -0.001475624551897254926, -0.1398161266296827909, 0.000000000000000000 ) ) ;
#3822 = DIRECTION ( 'NONE',  ( -1.000000000000000000, -0.000000000000000000, 0.000000000000000000 ) ) ;
#3823 = B_SPLINE_CURVE_WITH_KNOTS ( 'NONE', 3,
 ( #3549, #3616, #2491, #1465, #370, #4715, #3024, #1937, #4108, #5204, #2010, #6269, #5730, #3592, #6839 ),
 .UNSPECIFIED., .F., .F.,
 ( 4, 1, 1, 1, 1, 1, 1, 1, 1, 1, 1, 1, 4 ),
 ( 0.000000000000000000, 0.06316325936347014225, 0.1254749410306405799, 0.1871212198160327467, 0.2482943461142985420, 0.3092948562551207092, 0.3698500660670926976, 0.4309733755473816874, 0.4924559896728166741, 0.6161479662918547540, 0.7408436984673625325, 0.8681826486700426893, 1.000000000000000000 ),
 .UNSPECIFIED. ) ;
#3824 = SURFACE_STYLE_USAGE ( .BOTH. , #3361 ) ;
#3825 = CARTESIAN_POINT ( 'NONE',  ( -0.08992790711163245465, -0.1252503762652678321, 0.05000000000000000278 ) ) ;
#3826 = DIRECTION ( 'NONE',  ( -0.7970624896273541538, -0.6038968352533765627, 0.000000000000000000 ) ) ;
#3827 = COLOUR_RGB ( '',0.5019607843137254832, 0.5019607843137254832, 0.000000000000000000 ) ;
#3828 = ORIENTED_EDGE ( 'NONE', *, *, #5095, .F. ) ;
#3829 = VECTOR ( 'NONE', #2364, 1000.000000000000000 ) ;
#3830 = CARTESIAN_POINT ( 'NONE',  ( 0.1209625088339810056, -0.03729811943739336916, 0.05000000000000000278 ) ) ;
#3831 = FILL_AREA_STYLE_COLOUR ( '', #612 ) ;
#3832 = CARTESIAN_POINT ( 'NONE',  ( 0.6700000000000011502, -0.1249999999999997918, 0.1499999999999999944 ) ) ;
#3833 = ORIENTED_EDGE ( 'NONE', *, *, #2457, .F. ) ;
#3834 = COLOUR_RGB ( '',0.5019607843137254832, 0.5019607843137254832, 0.000000000000000000 ) ;
#3835 = VECTOR ( 'NONE', #4240, 1000.000000000000000 ) ;
#3836 = DIRECTION ( 'NONE',  ( 1.000000000000000000, 0.000000000000000000, -0.000000000000000000 ) ) ;
#3837 = VERTEX_POINT ( 'NONE', #5353 ) ;
#3838 = COLOUR_RGB ( '',0.5019607843137254832, 0.5019607843137254832, 0.000000000000000000 ) ;
#3839 = LINE ( 'NONE', #2846, #1521 ) ;
#3840 = FACE_OUTER_BOUND ( 'NONE', #600, .T. ) ;
#3841 = EDGE_CURVE ( 'NONE', #1004, #6504, #1756, .T. ) ;
#3842 = CARTESIAN_POINT ( 'NONE',  ( 1.060000000000000497, -0.8750000000000000000, 0.1499999999999999944 ) ) ;
#3843 = CARTESIAN_POINT ( 'NONE',  ( -1.060000000000000719, -0.1249999999999997918, 0.1499999999999999944 ) ) ;
#3844 = VECTOR ( 'NONE', #6265, 1000.000000000000000 ) ;
#3845 = DIRECTION ( 'NONE',  ( -1.000000000000000000, 0.000000000000000000, 0.000000000000000000 ) ) ;
#3846 = CARTESIAN_POINT ( 'NONE',  ( -0.1006420802802878434, -0.1018229028429499805, 0.05000000000000000278 ) ) ;
#3847 = COLOUR_RGB ( '',0.1490196078431372528, 0.1490196078431372528, 0.1490196078431372528 ) ;
#3848 = AXIS2_PLACEMENT_3D ( 'NONE', #46, #5373, #4844 ) ;
#3849 = AXIS2_PLACEMENT_3D ( 'NONE', #6497, #130, #678 ) ;
#3850 = VERTEX_POINT ( 'NONE', #3717 ) ;
#3851 = PLANE ( 'NONE',  #889 ) ;
#3852 = ORIENTED_EDGE ( 'NONE', *, *, #3522, .T. ) ;
#3853 = CARTESIAN_POINT ( 'NONE',  ( 0.1190772600634873862, -0.03725202406558020263, 0.05000000000000000278 ) ) ;
#3854 = LINE ( 'NONE', #1840, #1444 ) ;
#3855 = FILL_AREA_STYLE ('',( #3831 ) ) ;
#3856 = EDGE_LOOP ( 'NONE', ( #1135, #6942, #87, #777, #5438, #6490 ) ) ;
#3857 = FILL_AREA_STYLE_COLOUR ( '', #1609 ) ;
#3858 = AXIS2_PLACEMENT_3D ( 'NONE', #6620, #1325, #6642 ) ;
#3859 = LINE ( 'NONE', #1865, #1294 ) ;
#3860 = CARTESIAN_POINT ( 'NONE',  ( 0.2228833498070771357, -0.1295597163732725154, 0.05000000000000000278 ) ) ;
#3861 = EDGE_CURVE ( 'NONE', #32, #746, #1922, .T. ) ;
#3862 = VERTEX_POINT ( 'NONE', #2673 ) ;
#3863 = DIRECTION ( 'NONE',  ( 1.000000000000000000, 0.000000000000000000, 0.000000000000000000 ) ) ;
#3864 = DIRECTION ( 'NONE',  ( 1.000000000000000000, 0.000000000000000000, -0.000000000000000000 ) ) ;
#3865 = VERTEX_POINT ( 'NONE', #1616 ) ;
#3866 = CARTESIAN_POINT ( 'NONE',  ( -0.03961665019292291007, -0.03981612662968277150, 0.000000000000000000 ) ) ;
#3867 = ORIENTED_EDGE ( 'NONE', *, *, #5208, .F. ) ;
#3868 = DIRECTION ( 'NONE',  ( 0.9036123719369736351, 0.4283511191562786036, -0.000000000000000000 ) ) ;
#3869 = CARTESIAN_POINT ( 'NONE',  ( 0.1122896137305274544, -0.03755895618841160327, 0.000000000000000000 ) ) ;
#3870 = CARTESIAN_POINT ( 'NONE',  ( -0.06653251900438821032, -0.1385011689890706388, 0.05000000000000000278 ) ) ;
#3871 = FILL_AREA_STYLE ('',( #6578 ) ) ;
#3872 = CARTESIAN_POINT ( 'NONE',  ( 0.1611740490237879575, -0.05602280401196018528, 0.05000000000000000278 ) ) ;
#3873 = LINE ( 'NONE', #5980, #4563 ) ;
#3874 = EDGE_CURVE ( 'NONE', #4213, #1674, #3151, .T. ) ;
#3875 = ORIENTED_EDGE ( 'NONE', *, *, #2132, .F. ) ;
#3876 = CARTESIAN_POINT ( 'NONE',  ( 1.050000000000000266, -0.6250000000000000000, 0.1499999999999999944 ) ) ;
#3877 = CARTESIAN_POINT ( 'NONE',  ( -1.060000000000000719, 0.3750000000000002220, 0.1499999999999999944 ) ) ;
#3878 = CARTESIAN_POINT ( 'NONE',  ( 0.1142416389211797223, -0.04764485167969017415, 0.05000000000000000278 ) ) ;
#3879 = FACE_OUTER_BOUND ( 'NONE', #5875, .T. ) ;
#3880 = DIRECTION ( 'NONE',  ( 1.000000000000000000, 0.000000000000000000, 0.000000000000000000 ) ) ;
#3881 = FACE_OUTER_BOUND ( 'NONE', #663, .T. ) ;
#3882 =( LENGTH_UNIT ( ) NAMED_UNIT ( * ) SI_UNIT ( .MILLI., .METRE. ) );
#3883 = EDGE_CURVE ( 'NONE', #2582, #5376, #4894, .T. ) ;
#3884 = AXIS2_PLACEMENT_3D ( 'NONE', #1358, #1925, #3972 ) ;
#3885 = DIRECTION ( 'NONE',  ( -1.000000000000000000, 0.000000000000000000, -0.000000000000000000 ) ) ;
#3886 = AXIS2_PLACEMENT_3D ( 'NONE', #5048, #5495, #2347 ) ;
#3887 = FILL_AREA_STYLE ('',( #3333 ) ) ;
#3888 =( LENGTH_UNIT ( ) NAMED_UNIT ( * ) SI_UNIT ( .MILLI., .METRE. ) );
#3889 = DIRECTION ( 'NONE',  ( -0.000000000000000000, -0.000000000000000000, 1.000000000000000000 ) ) ;
#3890 = ORIENTED_EDGE ( 'NONE', *, *, #5829, .T. ) ;
#3891 = CARTESIAN_POINT ( 'NONE',  ( -0.000000000000000000, -0.5600000000000001643, 0.000000000000000000 ) ) ;
#3892 = EDGE_CURVE ( 'NONE', #3902, #4205, #1076, .T. ) ;
#3893 = VECTOR ( 'NONE', #3338, 1000.000000000000000 ) ;
#3894 = SURFACE_STYLE_USAGE ( .BOTH. , #642 ) ;
#3895 = MECHANICAL_DESIGN_GEOMETRIC_PRESENTATION_REPRESENTATION (  '', ( #710 ), #2555 ) ;
#3896 = DIRECTION ( 'NONE',  ( 0.000000000000000000, -0.000000000000000000, 1.000000000000000000 ) ) ;
#3897 = VERTEX_POINT ( 'NONE', #2250 ) ;
#3898 =( NAMED_UNIT ( * ) SI_UNIT ( $, .STERADIAN. ) SOLID_ANGLE_UNIT ( ) );
#3899 = LINE ( 'NONE', #3429, #752 ) ;
#3900 = LINE ( 'NONE', #1721, #78 ) ;
#3901 = DIRECTION ( 'NONE',  ( -0.000000000000000000, 1.000000000000000000, -0.000000000000000000 ) ) ;
#3902 = VERTEX_POINT ( 'NONE', #6507 ) ;
#3903 = FILL_AREA_STYLE ('',( #1228 ) ) ;
#3904 =( NAMED_UNIT ( * ) PLANE_ANGLE_UNIT ( ) SI_UNIT ( $, .RADIAN. ) );
#3905 = AXIS2_PLACEMENT_3D ( 'NONE', #6454, #3241, #4977 ) ;
#3906 = CIRCLE ( 'NONE', #1267, 0.1199999999999999956 ) ;
#3907 = LINE ( 'NONE', #1576, #6772 ) ;
#3908 = ORIENTED_EDGE ( 'NONE', *, *, #5263, .T. ) ;
#3909 = DIRECTION ( 'NONE',  ( -0.000000000000000000, 0.000000000000000000, 1.000000000000000000 ) ) ;
#3910 = CARTESIAN_POINT ( 'NONE',  ( -0.07117943261796380594, -0.1260589049606998524, 0.000000000000000000 ) ) ;
#3911 = CARTESIAN_POINT ( 'NONE',  ( 0.1156539752280235922, -0.03729306641370786629, 0.05000000000000000278 ) ) ;
#3912 = CARTESIAN_POINT ( 'NONE',  ( -0.09666932717333140412, -0.1146260448888342387, 0.05000000000000000278 ) ) ;
#3913 = SURFACE_STYLE_USAGE ( .BOTH. , #2384 ) ;
#3914 = ADVANCED_FACE ( 'NONE', ( #1542, #5712 ), #2786, .T. ) ;
#3915 = FACE_OUTER_BOUND ( 'NONE', #775, .T. ) ;
#3916 = DIRECTION ( 'NONE',  ( 0.000000000000000000, 1.000000000000000000, 0.000000000000000000 ) ) ;
#3917 = ORIENTED_EDGE ( 'NONE', *, *, #6044, .T. ) ;
#3918 = LINE ( 'NONE', #3189, #2496 ) ;
#3919 = PRESENTATION_STYLE_ASSIGNMENT (( #4246 ) ) ;
#3920 = CARTESIAN_POINT ( 'NONE',  ( -0.02839870147497414524, -0.1295597163732725154, 0.05000000000000000278 ) ) ;
#3921 = UNCERTAINTY_MEASURE_WITH_UNIT (LENGTH_MEASURE( 1.000000000000000082E-05 ), #5063, 'distance_accuracy_value', 'NONE');
#3922 = CARTESIAN_POINT ( 'NONE',  ( 0.1156539752280235922, -0.03729306641370786629, 0.05000000000000000278 ) ) ;
#3923 = CARTESIAN_POINT ( 'NONE',  ( -0.09250126557753829415, -0.09105811380916994935, 0.000000000000000000 ) ) ;
#3924 = SURFACE_STYLE_FILL_AREA ( #1556 ) ;
#3925 = ORIENTED_EDGE ( 'NONE', *, *, #1671, .F. ) ;
#3926 = EDGE_CURVE ( 'NONE', #3746, #3837, #2050, .T. ) ;
#3927 = CARTESIAN_POINT ( 'NONE',  ( -0.1441639258339485752, -0.09750843432199045313, 0.000000000000000000 ) ) ;
#3928 = VECTOR ( 'NONE', #3402, 1000.000000000000000 ) ;
#3929 = ORIENTED_EDGE ( 'NONE', *, *, #2906, .T. ) ;
#3930 = UNCERTAINTY_MEASURE_WITH_UNIT (LENGTH_MEASURE( 1.000000000000000082E-05 ), #4097, 'distance_accuracy_value', 'NONE');
#3931 = ORIENTED_EDGE ( 'NONE', *, *, #5727, .T. ) ;
#3932 = DIRECTION ( 'NONE',  ( -1.000000000000000000, -0.000000000000000000, -0.000000000000000000 ) ) ;
#3933 = CARTESIAN_POINT ( 'NONE',  ( 0.04596027288400020283, -0.08084176765532379016, 0.05000000000000000278 ) ) ;
#3934 = ORIENTED_EDGE ( 'NONE', *, *, #1492, .F. ) ;
#3935 = VECTOR ( 'NONE', #5735, 1000.000000000000000 ) ;
#3936 = PRESENTATION_LAYER_ASSIGNMENT (  '', '', ( #5465 ) ) ;
#3937 = EDGE_CURVE ( 'NONE', #1870, #5376, #6722, .T. ) ;
#3938 = CARTESIAN_POINT ( 'NONE',  ( 0.1595953217287913450, -0.07082230871870208444, 0.05000000000000000278 ) ) ;
#3939 = DIRECTION ( 'NONE',  ( -0.000000000000000000, -0.000000000000000000, -1.000000000000000000 ) ) ;
#3940 = CARTESIAN_POINT ( 'NONE',  ( 0.07728141073999196531, -0.05574591671336966148, 0.000000000000000000 ) ) ;
#3941 = LINE ( 'NONE', #1422, #452 ) ;
#3942 = CARTESIAN_POINT ( 'NONE',  ( 0.1206016819319262467, -0.1320942471915408367, -6.776263578034402713E-18 ) ) ;
#3943 = CARTESIAN_POINT ( 'NONE',  ( 1.060000000000000497, -0.8750000000000000000, 0.1499999999999999944 ) ) ;
#3944 = AXIS2_PLACEMENT_3D ( 'NONE', #2905, #4498, #1330 ) ;
#3945 = VERTEX_POINT ( 'NONE', #665 ) ;
#3946 = EDGE_LOOP ( 'NONE', ( #3553, #2459, #2203, #4281 ) ) ;
#3947 =( GEOMETRIC_REPRESENTATION_CONTEXT ( 3 ) GLOBAL_UNCERTAINTY_ASSIGNED_CONTEXT ( ( #5597 ) ) GLOBAL_UNIT_ASSIGNED_CONTEXT ( ( #6270, #2077, #3107 ) ) REPRESENTATION_CONTEXT ( 'NONE', 'WORKASPACE' ) );
#3948 = ORIENTED_EDGE ( 'NONE', *, *, #4012, .F. ) ;
#3949 = LINE ( 'NONE', #4419, #6894 ) ;
#3950 = PLANE ( 'NONE',  #5825 ) ;
#3951 = EDGE_LOOP ( 'NONE', ( #4686, #6478, #5483, #6715 ) ) ;
#3952 = MECHANICAL_DESIGN_GEOMETRIC_PRESENTATION_REPRESENTATION (  '', ( #754 ), #6020 ) ;
#3953 = CARTESIAN_POINT ( 'NONE',  ( -1.060000000000000719, 0.1250000000000002220, 0.1499999999999999944 ) ) ;
#3954 = EDGE_CURVE ( 'NONE', #5851, #2828, #6808, .T. ) ;
#3955 = FILL_AREA_STYLE ('',( #141 ) ) ;
#3956 = ORIENTED_EDGE ( 'NONE', *, *, #4433, .F. ) ;
#3957 = CARTESIAN_POINT ( 'NONE',  ( 0.1582463864900844064, -0.06840694324341951849, 1.355252715606880543E-17 ) ) ;
#3958 = CARTESIAN_POINT ( 'NONE',  ( 0.1444314884874485505, -0.1253917457986191142, -0.000000000000000000 ) ) ;
#3959 = CARTESIAN_POINT ( 'NONE',  ( 0.09968458041455462160, -0.04032973606916579606, 0.000000000000000000 ) ) ;
#3961 = ORIENTED_EDGE ( 'NONE', *, *, #2258, .F. ) ;
#3960 = SURFACE_STYLE_FILL_AREA ( #5655 ) ;
#3962 = DIRECTION ( 'NONE',  ( 1.000000000000000000, 0.000000000000000000, -0.000000000000000000 ) ) ;
#3963 = DIRECTION ( 'NONE',  ( -1.000000000000000000, 0.000000000000000000, 0.000000000000000000 ) ) ;
#3964 = ORIENTED_EDGE ( 'NONE', *, *, #291, .T. ) ;
#3965 = CARTESIAN_POINT ( 'NONE',  ( 1.060000000000000719, 0.6249999999999998890, 0.1499999999999999944 ) ) ;
#3966 = DIRECTION ( 'NONE',  ( 0.000000000000000000, -1.000000000000000000, 0.000000000000000000 ) ) ;
#3967 = CARTESIAN_POINT ( 'NONE',  ( -0.01942434250061519929, -0.03981612662968277150, 0.05000000000000000278 ) ) ;
#3968 = B_SPLINE_SURFACE_WITH_KNOTS ( 'NONE', 3, 1, ( 
 ( #6148, #1270 ),
 ( #6682, #296 ),
 ( #5106, #3910 ),
 ( #742, #5013 ),
 ( #2945, #3556 ),
 ( #385, #1952 ),
 ( #5698, #3516 ),
 ( #4651, #2445 ),
 ( #2482, #4093 ),
 ( #5720, #6263 ),
 ( #6712, #2968 ),
 ( #4679, #3576 ),
 ( #5220, #4051 ),
 ( #316, #4036 ),
 ( #5156, #853 ),
 ( #2464, #4581 ),
 ( #6758, #2989 ),
 ( #5673, #5131 ),
 ( #1929, #6218 ) ),
 .UNSPECIFIED., .F., .F., .F.,
 ( 4, 1, 1, 1, 1, 1, 1, 1, 1, 1, 1, 1, 1, 1, 1, 1, 4 ),
 ( 2, 2 ),
 ( 0.000000000000000000, 0.06241450026327783479, 0.1233382314733144497, 0.1831245376921930845, 0.2417829946389429274, 0.3005788825509771445, 0.3596800748966264005, 0.4188816408500465882, 0.4795306644577834176, 0.5408505357600387198, 0.6023033958983804448, 0.6644632119464731757, 0.7278057226670122670, 0.7928948147812350244, 0.8596723283028315787, 0.9284644007334890148, 1.000000000000000000 ),
 ( 0.000000000000000000, 1.000000000000000000 ),
 .UNSPECIFIED. ) ;
#3969 = DIRECTION ( 'NONE',  ( -1.000000000000000000, 0.000000000000000000, 0.000000000000000000 ) ) ;
#3970 = CARTESIAN_POINT ( 'NONE',  ( -1.060000000000000719, 0.6250000000000002220, 0.1499999999999999944 ) ) ;
#3971 = ORIENTED_EDGE ( 'NONE', *, *, #707, .T. ) ;
#3972 = DIRECTION ( 'NONE',  ( 1.000000000000000000, 0.000000000000000000, -0.000000000000000000 ) ) ;
#3973 = CARTESIAN_POINT ( 'NONE',  ( -0.01942434250061519929, -0.1398161266296827909, 0.000000000000000000 ) ) ;
#3974 = EDGE_CURVE ( 'NONE', #5851, #933, #208, .T. ) ;
#3975 = ORIENTED_EDGE ( 'NONE', *, *, #2372, .F. ) ;
#3976 = ORIENTED_EDGE ( 'NONE', *, *, #4693, .F. ) ;
#3977 = DIRECTION ( 'NONE',  ( 1.000000000000000000, -4.170008355713484547E-16, 0.000000000000000000 ) ) ;
#3978 = LINE ( 'NONE', #4646, #3313 ) ;
#3979 = CARTESIAN_POINT ( 'NONE',  ( 0.1635749338530021191, -0.08410984837845897344, 1.355252715606880543E-17 ) ) ;
#3980 =( GEOMETRIC_REPRESENTATION_CONTEXT ( 3 ) GLOBAL_UNCERTAINTY_ASSIGNED_CONTEXT ( ( #2883 ) ) GLOBAL_UNIT_ASSIGNED_CONTEXT ( ( #5183, #304, #4548 ) ) REPRESENTATION_CONTEXT ( 'NONE', 'WORKASPACE' ) );
#3981 = DIRECTION ( 'NONE',  ( -0.000000000000000000, 0.000000000000000000, -1.000000000000000000 ) ) ;
#3982 = CARTESIAN_POINT ( 'NONE',  ( 0.1844218113455386721, -0.1295597163732725154, 0.05000000000000000278 ) ) ;
#3983 = SURFACE_STYLE_USAGE ( .BOTH. , #4564 ) ;
#3984 = CARTESIAN_POINT ( 'NONE',  ( 0.1406947945507601438, -0.1274578852976586130, 0.05000000000000000278 ) ) ;
#3985 = SURFACE_STYLE_USAGE ( .BOTH. , #3389 ) ;
#3986 = VERTEX_POINT ( 'NONE', #179 ) ;
#3987 = COLOUR_RGB ( '',0.5019607843137254832, 0.5019607843137254832, 0.000000000000000000 ) ;
#3988 = CIRCLE ( 'NONE', #1186, 0.1312853616792236666 ) ;
#3989 = STYLED_ITEM ( 'NONE', ( #441 ), #260 ) ;
#3990 = CARTESIAN_POINT ( 'NONE',  ( -0.07203447059684306431, -0.05509193388181993223, 0.000000000000000000 ) ) ;
#3991 =( NAMED_UNIT ( * ) SI_UNIT ( $, .STERADIAN. ) SOLID_ANGLE_UNIT ( ) );
#3992 = LINE ( 'NONE', #4392, #1926 ) ;
#3993 = SURFACE_STYLE_USAGE ( .BOTH. , #6601 ) ;
#3994 = VERTEX_POINT ( 'NONE', #3410 ) ;
#3995 = EDGE_CURVE ( 'NONE', #5234, #2353, #2840, .T. ) ;
#3996 = FACE_OUTER_BOUND ( 'NONE', #6379, .T. ) ;
#3997 = CARTESIAN_POINT ( 'NONE',  ( 0.5500000000000002665, -0.7549999999999990052, -0.02000000000000000042 ) ) ;
#3998 = VECTOR ( 'NONE', #131, 1000.000000000000000 ) ;
#3999 = DIRECTION ( 'NONE',  ( -0.000000000000000000, -0.000000000000000000, -1.000000000000000000 ) ) ;
#4000 = ORIENTED_EDGE ( 'NONE', *, *, #6351, .T. ) ;
#4001 = FACE_OUTER_BOUND ( 'NONE', #4168, .T. ) ;
#4002 = FACE_BOUND ( 'NONE', #5240, .T. ) ;
#4003 = CYLINDRICAL_SURFACE ( 'NONE', #5709, 0.1199999999999999956 ) ;
#4004 = DIRECTION ( 'NONE',  ( -1.000000000000000000, 0.000000000000000000, 0.000000000000000000 ) ) ;
#4005 = SURFACE_SIDE_STYLE ('',( #3665 ) ) ;
#4006 = CARTESIAN_POINT ( 'NONE',  ( 0.1638021555954221886, -0.09429625559386876910, 0.000000000000000000 ) ) ;
#4007 = EDGE_LOOP ( 'NONE', ( #2793, #4741, #3929, #5241, #3196, #5524 ) ) ;
#4008 = CARTESIAN_POINT ( 'NONE',  ( 0.6700000000000003730, 0.7450000000000001066, 0.1499999999999999944 ) ) ;
#4009 = CARTESIAN_POINT ( 'NONE',  ( 0.1575898328042561192, -0.05219381111774485521, -0.000000000000000000 ) ) ;
#4010 = LINE ( 'NONE', #4815, #5514 ) ;
#4011 = DIRECTION ( 'NONE',  ( 1.000000000000000000, -2.125886612716674341E-16, 0.000000000000000000 ) ) ;
#4012 = EDGE_CURVE ( 'NONE', #3986, #2296, #5800, .T. ) ;
#4013 = COLOUR_RGB ( '',0.5019607843137254832, 0.5019607843137254832, 0.000000000000000000 ) ;
#4014 = UNCERTAINTY_MEASURE_WITH_UNIT (LENGTH_MEASURE( 1.000000000000000082E-05 ), #2057, 'distance_accuracy_value', 'NONE');
#4015 = DIRECTION ( 'NONE',  ( 0.000000000000000000, -0.000000000000000000, 1.000000000000000000 ) ) ;
#4016 = COLOUR_RGB ( '',0.7529411764705882248, 0.7529411764705882248, 0.7529411764705882248 ) ;
#4017 = LINE ( 'NONE', #293, #1945 ) ;
#4018 = CARTESIAN_POINT ( 'NONE',  ( -0.05420587771977406627, -0.04028211148437332856, 0.05000000000000000278 ) ) ;
#4019 = FACE_OUTER_BOUND ( 'NONE', #3499, .T. ) ;
#4020 = ORIENTED_EDGE ( 'NONE', *, *, #2080, .T. ) ;
#4021 = CARTESIAN_POINT ( 'NONE',  ( -0.07724277888363841049, -0.05815908693813007929, 0.05000000000000000278 ) ) ;
#4022 = VERTEX_POINT ( 'NONE', #1845 ) ;
#4023 = EDGE_CURVE ( 'NONE', #3415, #1703, #3859, .T. ) ;
#4024 = EDGE_LOOP ( 'NONE', ( #2438, #235, #2520, #6596 ) ) ;
#4025 = VECTOR ( 'NONE', #745, 1000.000000000000000 ) ;
#4026 = ADVANCED_FACE ( 'NONE', ( #3201 ), #5515, .T. ) ;
#4027 = ORIENTED_EDGE ( 'NONE', *, *, #3669, .F. ) ;
#4028 = PRESENTATION_LAYER_ASSIGNMENT (  '', '', ( #3757 ) ) ;
#4029 = VERTEX_POINT ( 'NONE', #5583 ) ;
#4030 = DIRECTION ( 'NONE',  ( 0.000000000000000000, -1.000000000000000000, 0.000000000000000000 ) ) ;
#4031 = EDGE_LOOP ( 'NONE', ( #5969, #3807, #2210, #5070 ) ) ;
#4032 = FILL_AREA_STYLE ('',( #4557 ) ) ;
#4033 = EDGE_CURVE ( 'NONE', #2018, #511, #1458, .T. ) ;
#4034 = CARTESIAN_POINT ( 'NONE',  ( -0.1250000000000001388, -1.060000000000000275, -0.02000000000000000042 ) ) ;
#4035 = ORIENTED_EDGE ( 'NONE', *, *, #1816, .T. ) ;
#4036 = CARTESIAN_POINT ( 'NONE',  ( -0.09094127987188872775, -0.1035615755160761847, 0.000000000000000000 ) ) ;
#4037 = DIRECTION ( 'NONE',  ( 0.000000000000000000, 1.000000000000000000, 0.000000000000000000 ) ) ;
#4038 = CARTESIAN_POINT ( 'NONE',  ( 0.07607939836778307430, -0.1222220558421437120, 0.000000000000000000 ) ) ;
#4039 = CARTESIAN_POINT ( 'NONE',  ( 0.1249999999999998612, -1.060000000000000275, 0.1499999999999999944 ) ) ;
#4040 = PRESENTATION_LAYER_ASSIGNMENT (  '', '', ( #2385 ) ) ;
#4041 =( LENGTH_UNIT ( ) NAMED_UNIT ( * ) SI_UNIT ( .MILLI., .METRE. ) );
#4042 = ORIENTED_EDGE ( 'NONE', *, *, #4554, .T. ) ;
#4043 = CARTESIAN_POINT ( 'NONE',  ( -0.08721859881284221849, -0.06927782989200101382, 0.000000000000000000 ) ) ;
#4044 = DIRECTION ( 'NONE',  ( 1.000000000000000000, 0.000000000000000000, 0.000000000000000000 ) ) ;
#4045 = CARTESIAN_POINT ( 'NONE',  ( -0.09156647955308787334, -0.08097757065308558433, 0.000000000000000000 ) ) ;
#4046 = AXIS2_PLACEMENT_3D ( 'NONE', #5985, #4389, #5530 ) ;
#4047 = CARTESIAN_POINT ( 'NONE',  ( 0.1189570677557950928, -0.1423802291937853737, 0.000000000000000000 ) ) ;
#4048 = EDGE_CURVE ( 'NONE', #6588, #5948, #6135, .T. ) ;
#4049 = LINE ( 'NONE', #714, #6072 ) ;
#4050 = DIRECTION ( 'NONE',  ( 0.000000000000000000, -0.000000000000000000, 1.000000000000000000 ) ) ;
#4051 = CARTESIAN_POINT ( 'NONE',  ( -0.09004760579714086999, -0.1063818371918954092, 0.000000000000000000 ) ) ;
#4052 = CARTESIAN_POINT ( 'NONE',  ( -0.1250000000000001388, -1.060000000000000275, 0.1499999999999999944 ) ) ;
#4053 = CARTESIAN_POINT ( 'NONE',  ( 0.08869972418460418673, -0.1339163378308681762, 0.05000000000000000278 ) ) ;
#4054 = CARTESIAN_POINT ( 'NONE',  ( -0.001475624551897254926, -0.1398161266296827909, 0.05000000000000000278 ) ) ;
#4055 = CARTESIAN_POINT ( 'NONE',  ( -0.6700000000000003730, 0.2550000000000002265, 0.1499999999999999944 ) ) ;
#4056 = ORIENTED_EDGE ( 'NONE', *, *, #5781, .F. ) ;
#4057 = CARTESIAN_POINT ( 'NONE',  ( 0.1172713727955387863, -0.1320755680873491877, 0.000000000000000000 ) ) ;
#4058 = DIRECTION ( 'NONE',  ( -0.000000000000000000, -0.000000000000000000, -1.000000000000000000 ) ) ;
#4059 = CARTESIAN_POINT ( 'NONE',  ( -0.08721859881284221849, -0.06927782989200101382, 0.000000000000000000 ) ) ;
#4060 = CARTESIAN_POINT ( 'NONE',  ( 0.1397108987652428413, -0.1390651763637328064, 0.000000000000000000 ) ) ;
#4061 =( NAMED_UNIT ( * ) PLANE_ANGLE_UNIT ( ) SI_UNIT ( $, .RADIAN. ) );
#4062 = ORIENTED_EDGE ( 'NONE', *, *, #4594, .F. ) ;
#4063 = CARTESIAN_POINT ( 'NONE',  ( -0.09213785907569288502, -0.09754199632528766373, 0.05000000000000000278 ) ) ;
#4064 = CARTESIAN_POINT ( 'NONE',  ( -0.06616815556846633584, -0.1276819888390659519, 0.000000000000000000 ) ) ;
#4065 = EDGE_CURVE ( 'NONE', #2830, #1133, #4194, .T. ) ;
#4066 = PRESENTATION_STYLE_ASSIGNMENT (( #1768 ) ) ;
#4067 = ORIENTED_EDGE ( 'NONE', *, *, #5759, .F. ) ;
#4068 = CARTESIAN_POINT ( 'NONE',  ( -0.08580838284424817386, -0.1294730674204414567, 0.000000000000000000 ) ) ;
#4069 = MECHANICAL_DESIGN_GEOMETRIC_PRESENTATION_REPRESENTATION (  '', ( #965 ), #4444 ) ;
#4070 = CARTESIAN_POINT ( 'NONE',  ( -0.005000000000000042605, -0.6800000000000001599, -0.02000000000000000042 ) ) ;
#4071 = CARTESIAN_POINT ( 'NONE',  ( -0.001475624551897254926, -0.05007253688609302616, 0.05000000000000000278 ) ) ;
#4072 = FACE_OUTER_BOUND ( 'NONE', #287, .T. ) ;
#4073 = DIRECTION ( 'NONE',  ( 0.000000000000000000, 0.000000000000000000, -1.000000000000000000 ) ) ;
#4074 = DIRECTION ( 'NONE',  ( -2.065146995210484448E-16, 1.000000000000000000, -0.000000000000000000 ) ) ;
#4075 = ORIENTED_EDGE ( 'NONE', *, *, #2489, .T. ) ;
#4076 = FACE_OUTER_BOUND ( 'NONE', #4495, .T. ) ;
#4077 = STYLED_ITEM ( 'NONE', ( #4670 ), #1041 ) ;
#4078 = LINE ( 'NONE', #5223, #3075 ) ;
#4079 = DIRECTION ( 'NONE',  ( 0.000000000000000000, 0.000000000000000000, -1.000000000000000000 ) ) ;
#4080 = CARTESIAN_POINT ( 'NONE',  ( 0.1190171639096412465, -0.1321238189373750704, 0.05000000000000000278 ) ) ;
#4081 = CARTESIAN_POINT ( 'NONE',  ( -0.1392961373724100616, -0.1077648445784007286, 0.05000000000000000278 ) ) ;
#4082 = EDGE_CURVE ( 'NONE', #161, #3862, #3283, .T. ) ;
#4083 = VERTEX_POINT ( 'NONE', #1242 ) ;
#4084 = FACE_OUTER_BOUND ( 'NONE', #3139, .T. ) ;
#4085 =( LENGTH_UNIT ( ) NAMED_UNIT ( * ) SI_UNIT ( .MILLI., .METRE. ) );
#4086 = SURFACE_STYLE_FILL_AREA ( #4251 ) ;
#4087 = VECTOR ( 'NONE', #2032, 1000.000000000000000 ) ;
#4088 = FACE_OUTER_BOUND ( 'NONE', #6126, .T. ) ;
#4089 = VECTOR ( 'NONE', #5660, 1000.000000000000000 ) ;
#4090 = ORIENTED_EDGE ( 'NONE', *, *, #5002, .F. ) ;
#4091 = CARTESIAN_POINT ( 'NONE',  ( -0.06995120348784045206, -0.1377420005377557877, 0.000000000000000000 ) ) ;
#4092 = ORIENTED_EDGE ( 'NONE', *, *, #4796, .T. ) ;
#4093 = CARTESIAN_POINT ( 'NONE',  ( -0.08443316656787075436, -0.1162859400803318843, 0.000000000000000000 ) ) ;
#4094 = CARTESIAN_POINT ( 'NONE',  ( -0.05735299385284037266, -0.05113976543773979949, 0.05000000000000000278 ) ) ;
#4095 = CARTESIAN_POINT ( 'NONE',  ( -0.1142961373724100532, -0.1398161266296827909, 0.000000000000000000 ) ) ;
#4096 = ORIENTED_EDGE ( 'NONE', *, *, #892, .T. ) ;
#4097 =( LENGTH_UNIT ( ) NAMED_UNIT ( * ) SI_UNIT ( .MILLI., .METRE. ) );
#4098 = COLOUR_RGB ( '',0.1490196078431372528, 0.1490196078431372528, 0.1490196078431372528 ) ;
#4099 = CARTESIAN_POINT ( 'NONE',  ( 0.5500000000000003775, 0.7549999999999993383, -0.02000000000000000042 ) ) ;
#4100 = CARTESIAN_POINT ( 'NONE',  ( -0.07134741942369210443, -0.04342189586045200334, 0.05000000000000000278 ) ) ;
#4101 = EDGE_CURVE ( 'NONE', #3994, #3779, #3949, .T. ) ;
#4102 = LINE ( 'NONE', #6528, #943 ) ;
#4103 = ORIENTED_EDGE ( 'NONE', *, *, #5929, .T. ) ;
#4104 = CARTESIAN_POINT ( 'NONE',  ( -0.1142961373724100532, -0.1398161266296827909, 0.05000000000000000278 ) ) ;
#4105 = VERTEX_POINT ( 'NONE', #3876 ) ;
#4106 = DIRECTION ( 'NONE',  ( 0.000000000000000000, -0.000000000000000000, 1.000000000000000000 ) ) ;
#4107 = PRESENTATION_STYLE_ASSIGNMENT (( #5325 ) ) ;
#4108 = CARTESIAN_POINT ( 'NONE',  ( 0.09693576690736183110, -0.05285438162576646531, 0.000000000000000000 ) ) ;
#4109 = ORIENTED_EDGE ( 'NONE', *, *, #6370, .F. ) ;
#4110 = ORIENTED_EDGE ( 'NONE', *, *, #6672, .T. ) ;
#4111 = EDGE_CURVE ( 'NONE', #6634, #4764, #5322, .T. ) ;
#4112 = ORIENTED_EDGE ( 'NONE', *, *, #1048, .T. ) ;
#4113 =( NAMED_UNIT ( * ) SI_UNIT ( $, .STERADIAN. ) SOLID_ANGLE_UNIT ( ) );
#4114 =( GEOMETRIC_REPRESENTATION_CONTEXT ( 3 ) GLOBAL_UNCERTAINTY_ASSIGNED_CONTEXT ( ( #6861 ) ) GLOBAL_UNIT_ASSIGNED_CONTEXT ( ( #2403, #226, #201 ) ) REPRESENTATION_CONTEXT ( 'NONE', 'WORKASPACE' ) );
#4116 = ORIENTED_EDGE ( 'NONE', *, *, #2237, .F. ) ;
#4115 = LINE ( 'NONE', #376, #3021 ) ;
#4117 = PRESENTATION_LAYER_ASSIGNMENT (  '', '', ( #1639 ) ) ;
#4118 = CARTESIAN_POINT ( 'NONE',  ( 0.1206405374805394337, -0.04751997610798588262, -0.000000000000000000 ) ) ;
#4119 = EDGE_CURVE ( 'NONE', #2488, #395, #1136, .T. ) ;
#4120 = ADVANCED_FACE ( 'NONE', ( #5057 ), #2454, .F. ) ;
#4121 = DIRECTION ( 'NONE',  ( -0.000000000000000000, 0.000000000000000000, 1.000000000000000000 ) ) ;
#4122 = PRESENTATION_STYLE_ASSIGNMENT (( #6071 ) ) ;
#4123 = PLANE ( 'NONE',  #565 ) ;
#4124 = FACE_OUTER_BOUND ( 'NONE', #6295, .T. ) ;
#4125 = CARTESIAN_POINT ( 'NONE',  ( -1.060000000000000497, -0.8749999999999997780, 0.1499999999999999944 ) ) ;
#4126 = DIRECTION ( 'NONE',  ( 1.032573497605242224E-16, -1.000000000000000000, 0.000000000000000000 ) ) ;
#4127 = CARTESIAN_POINT ( 'NONE',  ( -0.05420587771977406627, -0.04028211148437332856, 0.05000000000000000278 ) ) ;
#4128 = AXIS2_PLACEMENT_3D ( 'NONE', #4184, #3037, #2529 ) ;
#4129 = ADVANCED_FACE ( 'NONE', ( #2368 ), #906, .F. ) ;
#4130 = ORIENTED_EDGE ( 'NONE', *, *, #5380, .F. ) ;
#4131 = PRESENTATION_LAYER_ASSIGNMENT (  '', '', ( #6390 ) ) ;
#4132 = CARTESIAN_POINT ( 'NONE',  ( 1.060000000000000719, 0.1249999999999999445, 0.1499999999999999944 ) ) ;
#4133 = EDGE_CURVE ( 'NONE', #5681, #1547, #2501, .T. ) ;
#4134 = DIRECTION ( 'NONE',  ( 0.000000000000000000, 0.000000000000000000, 1.000000000000000000 ) ) ;
#4135 =( NAMED_UNIT ( * ) SI_UNIT ( $, .STERADIAN. ) SOLID_ANGLE_UNIT ( ) );
#4136 = ORIENTED_EDGE ( 'NONE', *, *, #651, .F. ) ;
#4137 = DIRECTION ( 'NONE',  ( -0.000000000000000000, 0.000000000000000000, 1.000000000000000000 ) ) ;
#4138 = CARTESIAN_POINT ( 'NONE',  ( -0.08061014034880023549, -0.1202689619053537579, 0.000000000000000000 ) ) ;
#4139 = AXIS2_PLACEMENT_3D ( 'NONE', #3332, #6549, #5489 ) ;
#4140 = ORIENTED_EDGE ( 'NONE', *, *, #478, .F. ) ;
#4141 = CARTESIAN_POINT ( 'NONE',  ( -0.06846280403907673007, -0.1270156458604519978, 0.05000000000000000278 ) ) ;
#4142 = ORIENTED_EDGE ( 'NONE', *, *, #326, .F. ) ;
#4143 = CARTESIAN_POINT ( 'NONE',  ( 0.5500000000000002665, -0.2549999999999990608, 0.1499999999999999944 ) ) ;
#4144 = CARTESIAN_POINT ( 'NONE',  ( 0.09132455368475453361, -0.1354960773817930619, 0.05000000000000000278 ) ) ;
#4145 = CARTESIAN_POINT ( 'NONE',  ( 0.2228833498070771357, -0.03981612662968277150, -0.000000000000000000 ) ) ;
#4146 = ORIENTED_EDGE ( 'NONE', *, *, #4119, .T. ) ;
#4147 = ORIENTED_EDGE ( 'NONE', *, *, #6253, .F. ) ;
#4148 = DIRECTION ( 'NONE',  ( 0.000000000000000000, 0.000000000000000000, -1.000000000000000000 ) ) ;
#4149 = LINE ( 'NONE', #6822, #672 ) ;
#4150 = EDGE_CURVE ( 'NONE', #3902, #2882, #3000, .T. ) ;
#4151 = CARTESIAN_POINT ( 'NONE',  ( 0.6700000000000002620, -0.7549999999999998934, 0.1499999999999999944 ) ) ;
#4152 = DIRECTION ( 'NONE',  ( -0.000000000000000000, 0.000000000000000000, 1.000000000000000000 ) ) ;
#4153 = CARTESIAN_POINT ( 'NONE',  ( -0.09248289257279197761, -0.09216727043604100444, -0.000000000000000000 ) ) ;
#4154 = VERTEX_POINT ( 'NONE', #5682 ) ;
#4155 = MECHANICAL_DESIGN_GEOMETRIC_PRESENTATION_REPRESENTATION (  '', ( #3438 ), #2794 ) ;
#4156 = LINE ( 'NONE', #163, #676 ) ;
#4157 = PRESENTATION_LAYER_ASSIGNMENT (  '', '', ( #238 ) ) ;
#4158 = DIRECTION ( 'NONE',  ( 0.000000000000000000, 0.000000000000000000, -1.000000000000000000 ) ) ;
#4159 = ADVANCED_FACE ( 'NONE', ( #3349 ), #5090, .T. ) ;
#4160 = CARTESIAN_POINT ( 'NONE',  ( 0.1369978927550010994, -0.1399380096950512686, -0.000000000000000000 ) ) ;
#4161 = CARTESIAN_POINT ( 'NONE',  ( 1.060000000000000719, 0.3749999999999999445, -0.02000000000000000042 ) ) ;
#4162 = VECTOR ( 'NONE', #6080, 1000.000000000000000 ) ;
#4163 = EDGE_CURVE ( 'NONE', #761, #2116, #1613, .T. ) ;
#4164 = CARTESIAN_POINT ( 'NONE',  ( 0.1255973793682930717, -0.04784607042431401197, -0.000000000000000000 ) ) ;
#4165 =( GEOMETRIC_REPRESENTATION_CONTEXT ( 3 ) GLOBAL_UNCERTAINTY_ASSIGNED_CONTEXT ( ( #313 ) ) GLOBAL_UNIT_ASSIGNED_CONTEXT ( ( #5199, #4654, #6221 ) ) REPRESENTATION_CONTEXT ( 'NONE', 'WORKASPACE' ) );
#4166 = CARTESIAN_POINT ( 'NONE',  ( 0.6700000000000003730, 0.7550000000000002265, 0.000000000000000000 ) ) ;
#4167 = AXIS2_PLACEMENT_3D ( 'NONE', #994, #5229, #4106 ) ;
#4168 = EDGE_LOOP ( 'NONE', ( #211, #466, #1951, #5071 ) ) ;
#4169 = CARTESIAN_POINT ( 'NONE',  ( 0.09082244725424534759, -0.1227955058837274932, 0.05000000000000000278 ) ) ;
#4170 =( NAMED_UNIT ( * ) SI_UNIT ( $, .STERADIAN. ) SOLID_ANGLE_UNIT ( ) );
#4171 = CARTESIAN_POINT ( 'NONE',  ( 0.1492771205871513684, -0.05795485782861892893, 0.05000000000000000278 ) ) ;
#4172 = DIRECTION ( 'NONE',  ( 0.000000000000000000, 0.000000000000000000, -1.000000000000000000 ) ) ;
#4173 =( NAMED_UNIT ( * ) PLANE_ANGLE_UNIT ( ) SI_UNIT ( $, .RADIAN. ) );
#4174 = LINE ( 'NONE', #1758, #3423 ) ;
#4175 = VERTEX_POINT ( 'NONE', #1963 ) ;
#4176 = PRESENTATION_LAYER_ASSIGNMENT (  '', '', ( #4077 ) ) ;
#4177 = CARTESIAN_POINT ( 'NONE',  ( 0.6700000000000012612, 0.1250000000000001388, -0.02000000000000000042 ) ) ;
#4178 = EDGE_CURVE ( 'NONE', #4618, #1082, #865, .T. ) ;
#4179 = DIRECTION ( 'NONE',  ( 0.000000000000000000, 0.000000000000000000, -1.000000000000000000 ) ) ;
#4180 = ORIENTED_EDGE ( 'NONE', *, *, #4150, .F. ) ;
#4181 = ORIENTED_EDGE ( 'NONE', *, *, #2202, .T. ) ;
#4182 = ORIENTED_EDGE ( 'NONE', *, *, #6702, .T. ) ;
#4183 = VECTOR ( 'NONE', #5871, 1000.000000000000227 ) ;
#4184 = CARTESIAN_POINT ( 'NONE',  ( -0.5500000000000002665, -0.2450000000000006339, 0.1499999999999999944 ) ) ;
#4185 = ORIENTED_EDGE ( 'NONE', *, *, #6315, .F. ) ;
#4186 = CARTESIAN_POINT ( 'NONE',  ( -0.06846280403907673007, -0.1270156458604519978, 0.000000000000000000 ) ) ;
#4187 = ORIENTED_EDGE ( 'NONE', *, *, #6405, .T. ) ;
#4188 = CARTESIAN_POINT ( 'NONE',  ( 0.1680074144623386889, -0.1129821887257117380, 0.000000000000000000 ) ) ;
#4189 = ORIENTED_EDGE ( 'NONE', *, *, #5118, .T. ) ;
#4190 = CARTESIAN_POINT ( 'NONE',  ( -0.001475624551897254926, -0.1295597163732725154, 0.000000000000000000 ) ) ;
#4191 = CARTESIAN_POINT ( 'NONE',  ( -0.5500000000000003775, 0.8750000000000002220, 0.1499999999999999944 ) ) ;
#4192 = CARTESIAN_POINT ( 'NONE',  ( 1.060000000000000719, 0.8750000000000000000, 0.1499999999999999944 ) ) ;
#4193 = ADVANCED_FACE ( 'NONE', ( #4268 ), #5039, .T. ) ;
#4194 = LINE ( 'NONE', #253, #4720 ) ;
#4196 = ORIENTED_EDGE ( 'NONE', *, *, #3841, .T. ) ;
#4195 = CIRCLE ( 'NONE', #3848, 0.1199999999999999956 ) ;
#4197 = ORIENTED_EDGE ( 'NONE', *, *, #3147, .T. ) ;
#4198 = CARTESIAN_POINT ( 'NONE',  ( 1.060000000000000719, 0.1249999999999999445, -0.02000000000000000042 ) ) ;
#4199 = CARTESIAN_POINT ( 'NONE',  ( 1.050000000000000044, 0.8750000000000000000, 0.1499999999999999944 ) ) ;
#4200 = B_SPLINE_SURFACE_WITH_KNOTS ( 'NONE', 3, 1, ( 
 ( #1253, #104 ),
 ( #3820, #5507 ),
 ( #5130, #5035 ),
 ( #5083, #2399 ),
 ( #1906, #3448 ),
 ( #762, #809 ),
 ( #4509, #1389 ),
 ( #271, #1838 ),
 ( #5629, #4484 ),
 ( #4535, #3490 ),
 ( #1928, #4580 ),
 ( #5549, #6097 ),
 ( #1295, #1342 ),
 ( #6124, #4558 ),
 ( #2865, #785 ),
 ( #2361, #243 ),
 ( #6633, #3421 ),
 ( #1880, #3957 ),
 ( #3938, #1316 ),
 ( #5059, #1855 ),
 ( #2891, #5574 ),
 ( #2380, #6659 ),
 ( #5600, #5652 ),
 ( #2944, #3979 ),
 ( #6147, #2419 ),
 ( #2843, #1364 ),
 ( #2915, #6168 ) ),
 .UNSPECIFIED., .F., .F., .F.,
 ( 4, 1, 1, 1, 1, 1, 1, 1, 1, 1, 1, 1, 1, 1, 1, 1, 1, 1, 1, 1, 1, 1, 1, 1, 4 ),
 ( 2, 2 ),
 ( 0.000000000000000000, 0.04395490890619449531, 0.08750187479760482279, 0.1304626267314900612, 0.1727520205665170339, 0.2154030673796032969, 0.2576498297432396334, 0.3001527489572936025, 0.3431214895020865407, 0.3859251632064336079, 0.4276857274028016964, 0.4688179504865897518, 0.5094918001549955111, 0.5498830310733489046, 0.5899800229668863416, 0.6304052300068397896, 0.6708686260826384196, 0.7113839438381758251, 0.7516272580635842138, 0.7917755768651915105, 0.8324589188037424536, 0.8733190450172880759, 0.9145429556263490189, 0.9569235582098847281, 1.000000000000000000 ),
 ( 0.000000000000000000, 1.000000000000000000 ),
 .UNSPECIFIED. ) ;
#4201 = FILL_AREA_STYLE_COLOUR ( '', #6028 ) ;
#4202 = CARTESIAN_POINT ( 'NONE',  ( -0.09164172513398438635, -0.1006150309899053602, 0.000000000000000000 ) ) ;
#4203 = EDGE_CURVE ( 'NONE', #3238, #1948, #531, .T. ) ;
#4205 = VERTEX_POINT ( 'NONE', #5729 ) ;
#4204 = SURFACE_STYLE_FILL_AREA ( #2440 ) ;
#4206 = CARTESIAN_POINT ( 'NONE',  ( -0.5500000000000003775, 0.6250000000000001110, 0.1499999999999999944 ) ) ;
#4207 = CARTESIAN_POINT ( 'NONE',  ( 0.1496971926012319598, -0.1341253308538897515, 0.000000000000000000 ) ) ;
#4208 = FILL_AREA_STYLE_COLOUR ( '', #3059 ) ;
#4209 = PRESENTATION_LAYER_ASSIGNMENT (  '', '', ( #518 ) ) ;
#4210 = CARTESIAN_POINT ( 'NONE',  ( 0.1313523655782929678, -0.04890425708911438907, -0.000000000000000000 ) ) ;
#4211 = LINE ( 'NONE', #1008, #4560 ) ;
#4213 = VERTEX_POINT ( 'NONE', #3104 ) ;
#4212 = LINE ( 'NONE', #1557, #1646 ) ;
#4214 = ORIENTED_EDGE ( 'NONE', *, *, #4929, .F. ) ;
#4215 = CARTESIAN_POINT ( 'NONE',  ( 0.1353135005355815546, -0.03925941974826951258, 0.05000000000000000278 ) ) ;
#4216 = CARTESIAN_POINT ( 'NONE',  ( 1.050000000000000044, 1.050000000000000044, 0.000000000000000000 ) ) ;
#4217 = DIRECTION ( 'NONE',  ( -0.000000000000000000, 0.000000000000000000, 1.000000000000000000 ) ) ;
#4218 = CARTESIAN_POINT ( 'NONE',  ( 0.1395491073040642793, -0.05184005345657553138, 0.05000000000000000278 ) ) ;
#4219 = DIRECTION ( 'NONE',  ( 1.000000000000000000, 0.000000000000000000, 0.000000000000000000 ) ) ;
#4220 = CARTESIAN_POINT ( 'NONE',  ( -0.001475624551897254926, -0.03981612662968277150, 0.05000000000000000278 ) ) ;
#4222 = ORIENTED_EDGE ( 'NONE', *, *, #5281, .T. ) ;
#4221 = LINE ( 'NONE', #5816, #5482 ) ;
#4223 = EDGE_CURVE ( 'NONE', #3289, #2242, #4699, .T. ) ;
#4224 = PLANE ( 'NONE',  #882 ) ;
#4225 = B_SPLINE_CURVE_WITH_KNOTS ( 'NONE', 3,
 ( #4858, #584, #1167, #1634, #6486, #1078, #1661, #3223, #2207, #2187, #5898, #2666, #4882, #39, #5916, #3709, #4304, #1680, #1126 ),
 .UNSPECIFIED., .F., .F.,
 ( 4, 1, 1, 1, 1, 1, 1, 1, 1, 1, 1, 1, 1, 1, 1, 1, 4 ),
 ( 0.000000000000000000, 0.06154496601632405972, 0.1216942964020306384, 0.1811548554526336008, 0.2398753889119566163, 0.2987019424504290255, 0.3576474237092014952, 0.4176048428493669418, 0.4784940407282911035, 0.5404070506371330129, 0.6023449938728033803, 0.6650043279232340510, 0.7285593088233763837, 0.7936505420268857858, 0.8605342675902678540, 0.9292359605619640028, 1.000000000000000000 ),
 .UNSPECIFIED. ) ;
#4226 = DIRECTION ( 'NONE',  ( 1.000000000000000000, 0.000000000000000000, -0.000000000000000000 ) ) ;
#4227 = CARTESIAN_POINT ( 'NONE',  ( -0.07117943261796380594, -0.1260589049606998524, 0.000000000000000000 ) ) ;
#4228 = CARTESIAN_POINT ( 'NONE',  ( -0.1006420802802878434, -0.1018229028429499805, 0.05000000000000000278 ) ) ;
#4229 = EDGE_LOOP ( 'NONE', ( #1427, #1472, #756, #2751 ) ) ;
#4230 = CARTESIAN_POINT ( 'NONE',  ( 0.1617248932029776709, -0.07591314224640406672, 0.000000000000000000 ) ) ;
#4231 = FACE_OUTER_BOUND ( 'NONE', #5301, .T. ) ;
#4232 = CARTESIAN_POINT ( 'NONE',  ( 0.07607939836778307430, -0.1222220558421437120, 0.05000000000000000278 ) ) ;
#4233 = EDGE_CURVE ( 'NONE', #5080, #1302, #5863, .T. ) ;
#4234 = CARTESIAN_POINT ( 'NONE',  ( 0.1246728638525332472, -0.03738883966318837931, 0.05000000000000000278 ) ) ;
#4235 = ORIENTED_EDGE ( 'NONE', *, *, #4534, .T. ) ;
#4236 = ADVANCED_FACE ( 'NONE', ( #1439 ), #392, .T. ) ;
#4237 = CARTESIAN_POINT ( 'NONE',  ( -0.5500000000000002665, -0.2450000000000006339, 0.1499999999999999944 ) ) ;
#4238 = CARTESIAN_POINT ( 'NONE',  ( 0.1697895836274288528, -0.1085987621891879862, 0.000000000000000000 ) ) ;
#4239 = FACE_OUTER_BOUND ( 'NONE', #5462, .T. ) ;
#4240 = DIRECTION ( 'NONE',  ( 1.000000000000000000, 0.000000000000000000, 0.000000000000000000 ) ) ;
#4241 = VECTOR ( 'NONE', #6521, 1000.000000000000000 ) ;
#4242 = ORIENTED_EDGE ( 'NONE', *, *, #6324, .F. ) ;
#4243 = EDGE_CURVE ( 'NONE', #4675, #6509, #615, .T. ) ;
#4244 = CARTESIAN_POINT ( 'NONE',  ( 0.1612155083026757807, -0.1236482144554938850, -0.000000000000000000 ) ) ;
#4245 = CARTESIAN_POINT ( 'NONE',  ( -0.2091679322442049627, -0.1398161266296827909, 0.05000000000000000278 ) ) ;
#4246 = SURFACE_STYLE_USAGE ( .BOTH. , #6459 ) ;
#4247 = PLANE ( 'NONE',  #1548 ) ;
#4248 = AXIS2_PLACEMENT_3D ( 'NONE', #6231, #2526, #6665 ) ;
#4249 = ORIENTED_EDGE ( 'NONE', *, *, #2803, .F. ) ;
#4250 = PRESENTATION_LAYER_ASSIGNMENT (  '', '', ( #2892 ) ) ;
#4251 = FILL_AREA_STYLE ('',( #3759 ) ) ;
#4252 = SURFACE_STYLE_FILL_AREA ( #5158 ) ;
#4253 = CARTESIAN_POINT ( 'NONE',  ( -0.1014576540524939202, -0.09231418124578641415, 0.000000000000000000 ) ) ;
#4254 = CARTESIAN_POINT ( 'NONE',  ( 0.1639089908327181766, -0.08991628688609304421, 0.000000000000000000 ) ) ;
#4255 = EDGE_CURVE ( 'NONE', #6307, #3112, #6287, .T. ) ;
#4256 =( LENGTH_UNIT ( ) NAMED_UNIT ( * ) SI_UNIT ( .MILLI., .METRE. ) );
#4257 = ORIENTED_EDGE ( 'NONE', *, *, #3169, .T. ) ;
#4258 = LINE ( 'NONE', #3843, #6699 ) ;
#4259 = COLOUR_RGB ( '',0.5019607843137254832, 0.5019607843137254832, 0.000000000000000000 ) ;
#4260 = AXIS2_PLACEMENT_3D ( 'NONE', #1180, #70, #2723 ) ;
#4261 = CARTESIAN_POINT ( 'NONE',  ( 0.1720087573710106510, -0.07870404481700253585, 0.000000000000000000 ) ) ;
#4262 = DIRECTION ( 'NONE',  ( 1.000000000000000000, -6.950013926189141733E-16, -0.000000000000000000 ) ) ;
#4263 = MECHANICAL_DESIGN_GEOMETRIC_PRESENTATION_REPRESENTATION (  '', ( #5974 ), #6787 ) ;
#4264 = DIRECTION ( 'NONE',  ( -1.000000000000000000, 0.000000000000000000, 0.000000000000000000 ) ) ;
#4265 = PRESENTATION_STYLE_ASSIGNMENT (( #730 ) ) ;
#4266 = DIRECTION ( 'NONE',  ( 0.000000000000000000, 0.000000000000000000, 1.000000000000000000 ) ) ;
#4267 =( NAMED_UNIT ( * ) SI_UNIT ( $, .STERADIAN. ) SOLID_ANGLE_UNIT ( ) );
#4268 = FACE_OUTER_BOUND ( 'NONE', #1712, .T. ) ;
#4269 = VECTOR ( 'NONE', #2068, 1000.000000000000000 ) ;
#4270 = PRESENTATION_STYLE_ASSIGNMENT (( #2978 ) ) ;
#4271 = ORIENTED_EDGE ( 'NONE', *, *, #189, .T. ) ;
#4272 =( GEOMETRIC_REPRESENTATION_CONTEXT ( 3 ) GLOBAL_UNCERTAINTY_ASSIGNED_CONTEXT ( ( #5779 ) ) GLOBAL_UNIT_ASSIGNED_CONTEXT ( ( #1285, #819, #2410 ) ) REPRESENTATION_CONTEXT ( 'NONE', 'WORKASPACE' ) );
#4273 = ORIENTED_EDGE ( 'NONE', *, *, #4499, .F. ) ;
#4274 = DIRECTION ( 'NONE',  ( 0.000000000000000000, 0.000000000000000000, 1.000000000000000000 ) ) ;
#4275 = DIRECTION ( 'NONE',  ( -1.000000000000000000, 6.950013926189140747E-16, -0.000000000000000000 ) ) ;
#4276 = VECTOR ( 'NONE', #2321, 1000.000000000000000 ) ;
#4277 = FILL_AREA_STYLE ('',( #5804 ) ) ;
#4278 = B_SPLINE_CURVE_WITH_KNOTS ( 'NONE', 3,
 ( #1507, #1095, #3218, #5250, #5867, #2243, #602, #1162, #1705, #3070, #6, #2640, #5958, #3730, #557, #5383, #2690, #4340, #2223 ),
 .UNSPECIFIED., .F., .F.,
 ( 4, 1, 1, 1, 1, 1, 1, 1, 1, 1, 1, 1, 1, 1, 1, 1, 4 ),
 ( 0.000000000000000000, 0.06854753670890291473, 0.1356829456230481956, 0.2012149895263285748, 0.2656822347546964336, 0.3292668348172592130, 0.3923954278443285149, 0.4550697616521436339, 0.5171268500645062050, 0.5787900352866527376, 0.6397398633435417148, 0.7001915036663086678, 0.7598062425966702893, 0.8196283192750081215, 0.8793547910462764516, 0.9395116077646616937, 1.000000000000000000 ),
 .UNSPECIFIED. ) ;
#4279 =( NAMED_UNIT ( * ) SI_UNIT ( $, .STERADIAN. ) SOLID_ANGLE_UNIT ( ) );
#4280 = ADVANCED_FACE ( 'NONE', ( #1033 ), #5119, .T. ) ;
#4281 = ORIENTED_EDGE ( 'NONE', *, *, #5818, .T. ) ;
#4282 = SURFACE_STYLE_USAGE ( .BOTH. , #541 ) ;
#4283 = CARTESIAN_POINT ( 'NONE',  ( -0.09518218778597489771, -0.1175236870576477216, 0.05000000000000000278 ) ) ;
#4284 =( NAMED_UNIT ( * ) SI_UNIT ( $, .STERADIAN. ) SOLID_ANGLE_UNIT ( ) );
#4285 = CARTESIAN_POINT ( 'NONE',  ( 0.2228833498070771357, -0.1295597163732725154, 0.05000000000000000278 ) ) ;
#4286 = VERTEX_POINT ( 'NONE', #6483 ) ;
#4287 = VERTEX_POINT ( 'NONE', #6392 ) ;
#4288 = DIRECTION ( 'NONE',  ( -0.000000000000000000, 0.000000000000000000, -1.000000000000000000 ) ) ;
#4289 = VERTEX_POINT ( 'NONE', #1677 ) ;
#4290 = VECTOR ( 'NONE', #3966, 1000.000000000000000 ) ;
#4291 = CARTESIAN_POINT ( 'NONE',  ( 0.1691168806628255139, -0.06897961214725575885, 0.05000000000000000278 ) ) ;
#4292 = FACE_OUTER_BOUND ( 'NONE', #3946, .T. ) ;
#4293 = ORIENTED_EDGE ( 'NONE', *, *, #5251, .F. ) ;
#4294 =( LENGTH_UNIT ( ) NAMED_UNIT ( * ) SI_UNIT ( .MILLI., .METRE. ) );
#4295 = FILL_AREA_STYLE_COLOUR ( '', #6326 ) ;
#4296 = EDGE_CURVE ( 'NONE', #3746, #5260, #5945, .T. ) ;
#4297 = LINE ( 'NONE', #6673, #2688 ) ;
#4298 = CARTESIAN_POINT ( 'NONE',  ( -0.01942434250061519929, -0.1398161266296827909, 0.05000000000000000278 ) ) ;
#4299 = EDGE_LOOP ( 'NONE', ( #6217, #5011, #5529, #5865, #5361, #500 ) ) ;
#4300 = DIRECTION ( 'NONE',  ( -1.000000000000000000, 0.000000000000000000, -0.000000000000000000 ) ) ;
#4301 = CARTESIAN_POINT ( 'NONE',  ( 0.07544745237117968240, -0.1214066715014776449, -0.000000000000000000 ) ) ;
#4302 = ORIENTED_EDGE ( 'NONE', *, *, #6681, .F. ) ;
#4303 = CARTESIAN_POINT ( 'NONE',  ( 0.000000000000000000, 0.000000000000000000, 0.05000000000000000278 ) ) ;
#4304 = CARTESIAN_POINT ( 'NONE',  ( -0.1014151543187279958, -0.08684992951860663613, 0.000000000000000000 ) ) ;
#4305 = EDGE_CURVE ( 'NONE', #4934, #1720, #6881, .T. ) ;
#4306 = FACE_OUTER_BOUND ( 'NONE', #5752, .T. ) ;
#4307 = FILL_AREA_STYLE ('',( #1000 ) ) ;
#4308 = STYLED_ITEM ( 'NONE', ( #2834 ), #2138 ) ;
#4309 = EDGE_LOOP ( 'NONE', ( #4062, #4827, #881, #2276 ) ) ;
#4310 = CARTESIAN_POINT ( 'NONE',  ( -0.07250441197533213922, -0.04386277316456260733, 0.05000000000000000278 ) ) ;
#4311 = AXIS2_PLACEMENT_3D ( 'NONE', #37, #2662, #4300 ) ;
#4312 =( NAMED_UNIT ( * ) PLANE_ANGLE_UNIT ( ) SI_UNIT ( $, .RADIAN. ) );
#4313 = ORIENTED_EDGE ( 'NONE', *, *, #4929, .T. ) ;
#4314 = CARTESIAN_POINT ( 'NONE',  ( 0.09261979993957605850, -0.05546977707963649667, 0.05000000000000000278 ) ) ;
#4315 = ADVANCED_FACE ( 'NONE', ( #6871 ), #506, .T. ) ;
#4316 = DIRECTION ( 'NONE',  ( -1.000000000000000000, 0.000000000000000000, 0.000000000000000000 ) ) ;
#4317 = SURFACE_SIDE_STYLE ('',( #1061 ) ) ;
#4318 = AXIS2_PLACEMENT_3D ( 'NONE', #1241, #1257, #816 ) ;
#4319 = CARTESIAN_POINT ( 'NONE',  ( 0.1473363802469753181, -0.1355733841299265052, 0.05000000000000000278 ) ) ;
#4320 = ORIENTED_EDGE ( 'NONE', *, *, #4203, .F. ) ;
#4321 = EDGE_CURVE ( 'NONE', #3045, #5366, #4429, .T. ) ;
#4322 = LINE ( 'NONE', #4440, #1833 ) ;
#4323 = CARTESIAN_POINT ( 'NONE',  ( -0.07479216032630010835, -0.04473453013830328701, 0.05000000000000000278 ) ) ;
#4324 = CARTESIAN_POINT ( 'NONE',  ( 0.1178213290512746814, -0.1423673732262722424, -0.000000000000000000 ) ) ;
#4325 = B_SPLINE_CURVE_WITH_KNOTS ( 'NONE', 3,
 ( #6773, #877, #916, #6823, #1447, #5190, #1995, #6258, #5714, #3032, #6801 ),
 .UNSPECIFIED., .F., .F.,
 ( 4, 1, 1, 1, 1, 1, 1, 1, 4 ),
 ( 0.000000000000000000, 0.1719006646132689720, 0.3306279320958804835, 0.4755488358809184524, 0.6067461903123634315, 0.7250238034674904020, 0.8297423869584564793, 0.9213228203439753905, 1.000000000000000000 ),
 .UNSPECIFIED. ) ;
#4326 = ORIENTED_EDGE ( 'NONE', *, *, #2449, .F. ) ;
#4327 = ORIENTED_EDGE ( 'NONE', *, *, #4985, .T. ) ;
#4328 = LINE ( 'NONE', #1419, #5096 ) ;
#4329 = CARTESIAN_POINT ( 'NONE',  ( -0.1142961373724100532, -0.1398161266296827909, 0.05000000000000000278 ) ) ;
#4330 = CARTESIAN_POINT ( 'NONE',  ( -0.05041392583394853355, -0.1398161266296827909, 0.05000000000000000278 ) ) ;
#4331 = CARTESIAN_POINT ( 'NONE',  ( -0.07479216032630010835, -0.04473453013830328701, 0.05000000000000000278 ) ) ;
#4332 = ORIENTED_EDGE ( 'NONE', *, *, #1628, .T. ) ;
#4333 = CARTESIAN_POINT ( 'NONE',  ( 0.000000000000000000, 0.000000000000000000, 0.7500000000000000000 ) ) ;
#4334 = LINE ( 'NONE', #743, #4162 ) ;
#4335 = SURFACE_STYLE_USAGE ( .BOTH. , #628 ) ;
#4336 = CARTESIAN_POINT ( 'NONE',  ( -0.1994123232698460091, -0.1398161266296827909, 0.05000000000000000278 ) ) ;
#4337 = FACE_OUTER_BOUND ( 'NONE', #2444, .T. ) ;
#4338 = ORIENTED_EDGE ( 'NONE', *, *, #4736, .T. ) ;
#4339 = EDGE_CURVE ( 'NONE', #3480, #5896, #6394, .T. ) ;
#4340 = CARTESIAN_POINT ( 'NONE',  ( 0.07605989088301719214, -0.05735748625362505765, -0.000000000000000000 ) ) ;
#4341 = CARTESIAN_POINT ( 'NONE',  ( -0.09353168527998381721, -0.06108338808348747623, 0.05000000000000000278 ) ) ;
#4342 = CARTESIAN_POINT ( 'NONE',  ( 0.08380857835790860022, -0.1303033007771384477, -0.000000000000000000 ) ) ;
#4343 = FILL_AREA_STYLE ('',( #1536 ) ) ;
#4344 = CARTESIAN_POINT ( 'NONE',  ( -0.6700000000000011502, -0.8749999999999998890, 0.000000000000000000 ) ) ;
#4345 = PLANE ( 'NONE',  #6770 ) ;
#4346 = ADVANCED_FACE ( 'NONE', ( #8 ), #4224, .T. ) ;
#4347 = STYLED_ITEM ( 'NONE', ( #6643 ), #6385 ) ;
#4348 = PRESENTATION_LAYER_ASSIGNMENT (  '', '', ( #3627 ) ) ;
#4349 = ORIENTED_EDGE ( 'NONE', *, *, #12, .F. ) ;
#4350 = VECTOR ( 'NONE', #3170, 1000.000000000000000 ) ;
#4351 = DIRECTION ( 'NONE',  ( -1.000000000000000000, 0.000000000000000000, 0.000000000000000000 ) ) ;
#4352 = CARTESIAN_POINT ( 'NONE',  ( 0.08386018471249248596, -0.06350750185062478681, 0.05000000000000000278 ) ) ;
#4353 = STYLED_ITEM ( 'NONE', ( #5401 ), #475 ) ;
#4354 = DIRECTION ( 'NONE',  ( -2.065146995210484202E-16, 1.000000000000000000, 0.000000000000000000 ) ) ;
#4355 = UNCERTAINTY_MEASURE_WITH_UNIT (LENGTH_MEASURE( 1.000000000000000082E-05 ), #3888, 'distance_accuracy_value', 'NONE');
#4356 = ORIENTED_EDGE ( 'NONE', *, *, #2792, .F. ) ;
#4357 = EDGE_CURVE ( 'NONE', #4970, #1302, #4010, .T. ) ;
#4358 = VERTEX_POINT ( 'NONE', #3242 ) ;
#4359 = CARTESIAN_POINT ( 'NONE',  ( 0.6700000000000003730, 0.2450000000000001066, 0.1499999999999999944 ) ) ;
#4360 = VERTEX_POINT ( 'NONE', #6413 ) ;
#4361 = LINE ( 'NONE', #6007, #4276 ) ;
#4362 = ORIENTED_EDGE ( 'NONE', *, *, #1286, .F. ) ;
#4363 = UNCERTAINTY_MEASURE_WITH_UNIT (LENGTH_MEASURE( 1.000000000000000082E-05 ), #6171, 'distance_accuracy_value', 'NONE');
#4364 = ORIENTED_EDGE ( 'NONE', *, *, #1399, .T. ) ;
#4365 = CARTESIAN_POINT ( 'NONE',  ( -0.09704239434606246051, -0.06767330696669132672, 0.000000000000000000 ) ) ;
#4366 = CARTESIAN_POINT ( 'NONE',  ( 0.08869972418460418673, -0.1339163378308681762, -0.000000000000000000 ) ) ;
#4367 = B_SPLINE_CURVE_WITH_KNOTS ( 'NONE', 3,
 ( #5623, #5568, #3468, #1312, #804, #848, #2884, #1875, #3534, #4598, #2460, #6215, #4504, #4529, #1337, #4063, #6654, #2394, #6703 ),
 .UNSPECIFIED., .F., .F.,
 ( 4, 1, 1, 1, 1, 1, 1, 1, 1, 1, 1, 1, 1, 1, 1, 1, 4 ),
 ( 0.000000000000000000, 0.06241450026327783479, 0.1233382314733144497, 0.1831245376921930845, 0.2417829946389429274, 0.3005788825509771445, 0.3596800748966264005, 0.4188816408500465882, 0.4795306644577834176, 0.5408505357600387198, 0.6023033958983804448, 0.6644632119464731757, 0.7278057226670122670, 0.7928948147812350244, 0.8596723283028315787, 0.9284644007334890148, 1.000000000000000000 ),
 .UNSPECIFIED. ) ;
#4368 = SURFACE_STYLE_FILL_AREA ( #6579 ) ;
#4369 = DIRECTION ( 'NONE',  ( 0.4285842068721733567, -0.9035018415143104553, 0.000000000000000000 ) ) ;
#4371 = ORIENTED_EDGE ( 'NONE', *, *, #6479, .F. ) ;
#4370 = LINE ( 'NONE', #5310, #4722 ) ;
#4372 = CARTESIAN_POINT ( 'NONE',  ( -0.05041392583394853355, -0.1398161266296827909, 0.05000000000000000278 ) ) ;
#4373 = EDGE_CURVE ( 'NONE', #6843, #4360, #175, .T. ) ;
#4374 = DIRECTION ( 'NONE',  ( -0.000000000000000000, 1.000000000000000000, 0.000000000000000000 ) ) ;
#4375 = CARTESIAN_POINT ( 'NONE',  ( 0.1039757549909560708, -0.04979126330781900173, 0.05000000000000000278 ) ) ;
#4376 = LINE ( 'NONE', #212, #5887 ) ;
#4377 = EDGE_LOOP ( 'NONE', ( #6754, #569, #3735, #4313 ) ) ;
#4378 = B_SPLINE_SURFACE_WITH_KNOTS ( 'NONE', 3, 1, ( 
 ( #3393, #3923 ),
 ( #6087, #3434 ),
 ( #2857, #6627 ),
 ( #773, #256 ),
 ( #2474, #4045 ),
 ( #5661, #2979 ),
 ( #3567, #1918 ),
 ( #3025, #347 ),
 ( #5166, #4059 ),
 ( #5642, #6794 ),
 ( #1965, #3528 ),
 ( #4592, #2456 ),
 ( #1398, #5145 ),
 ( #4021, #5707 ),
 ( #6271, #843 ),
 ( #891, #870 ),
 ( #6694, #396 ),
 ( #2434, #1938 ),
 ( #5684, #4573 ) ),
 .UNSPECIFIED., .F., .F., .F.,
 ( 4, 1, 1, 1, 1, 1, 1, 1, 1, 1, 1, 1, 1, 1, 1, 1, 4 ),
 ( 2, 2 ),
 ( 0.000000000000000000, 0.07015117599727851982, 0.1378126061901916999, 0.2032262471813942317, 0.2671740552944735780, 0.3300240034081790008, 0.3917942717866856328, 0.4530843989971408137, 0.5143339076458770531, 0.5749999928182688569, 0.6348654826222127623, 0.6941163151896418970, 0.7534416217804383864, 0.8131258003036114790, 0.8740796856370746104, 0.9360070132744072735, 1.000000000000000000 ),
 ( 0.000000000000000000, 1.000000000000000000 ),
 .UNSPECIFIED. ) ;
#4379 = EDGE_LOOP ( 'NONE', ( #1290, #4293 ) ) ;
#4380 = FILL_AREA_STYLE_COLOUR ( '', #2697 ) ;
#4381 = ADVANCED_FACE ( 'NONE', ( #2741 ), #6790, .T. ) ;
#4382 =( NAMED_UNIT ( * ) PLANE_ANGLE_UNIT ( ) SI_UNIT ( $, .RADIAN. ) );
#4383 = CARTESIAN_POINT ( 'NONE',  ( -0.07724277888363841049, -0.05815908693813007929, 0.05000000000000000278 ) ) ;
#4384 = EDGE_CURVE ( 'NONE', #3281, #3289, #2117, .T. ) ;
#4385 = LINE ( 'NONE', #3208, #5473 ) ;
#4386 = LINE ( 'NONE', #2838, #4826 ) ;
#4387 = ORIENTED_EDGE ( 'NONE', *, *, #2943, .T. ) ;
#4388 = STYLED_ITEM ( 'NONE', ( #1094 ), #5167 ) ;
#4389 = DIRECTION ( 'NONE',  ( -0.000000000000000000, -0.000000000000000000, 1.000000000000000000 ) ) ;
#4390 = STYLED_ITEM ( 'NONE', ( #1763 ), #3594 ) ;
#4391 = DIRECTION ( 'NONE',  ( 1.000000000000000000, 0.000000000000000000, 0.000000000000000000 ) ) ;
#4392 = CARTESIAN_POINT ( 'NONE',  ( 1.060000000000000719, 0.8750000000000000000, -0.02000000000000000042 ) ) ;
#4393 = EDGE_CURVE ( 'NONE', #6220, #6073, #5450, .T. ) ;
#4394 = SURFACE_SIDE_STYLE ('',( #2418 ) ) ;
#4395 = DIRECTION ( 'NONE',  ( 0.000000000000000000, -1.000000000000000000, 0.000000000000000000 ) ) ;
#4396 = SURFACE_STYLE_USAGE ( .BOTH. , #4418 ) ;
#4397 = PRESENTATION_LAYER_ASSIGNMENT (  '', '', ( #5265 ) ) ;
#4398 = CARTESIAN_POINT ( 'NONE',  ( -0.07134741942369210443, -0.04342189586045200334, 0.05000000000000000278 ) ) ;
#4399 = CARTESIAN_POINT ( 'NONE',  ( 0.09673890364699476441, -0.04144506553532586318, 0.05000000000000000278 ) ) ;
#4400 = MECHANICAL_DESIGN_GEOMETRIC_PRESENTATION_REPRESENTATION (  '', ( #3413 ), #1068 ) ;
#4401 = CARTESIAN_POINT ( 'NONE',  ( 0.08497296890749048148, -0.06218130425852972515, 0.000000000000000000 ) ) ;
#4402 = SURFACE_SIDE_STYLE ('',( #4476 ) ) ;
#4403 = VERTEX_POINT ( 'NONE', #3292 ) ;
#4404 = LINE ( 'NONE', #3031, #5264 ) ;
#4405 = CARTESIAN_POINT ( 'NONE',  ( 0.5500000000000003775, 0.7549999999999993383, -0.02000000000000000042 ) ) ;
#4406 = CARTESIAN_POINT ( 'NONE',  ( -1.060000000000000719, -0.1249999999999997918, 0.1499999999999999944 ) ) ;
#4407 = PRESENTATION_LAYER_ASSIGNMENT (  '', '', ( #125 ) ) ;
#4408 = ORIENTED_EDGE ( 'NONE', *, *, #1382, .F. ) ;
#4409 = EDGE_CURVE ( 'NONE', #4940, #6843, #1361, .T. ) ;
#4410 = LINE ( 'NONE', #1834, #1088 ) ;
#4411 = CARTESIAN_POINT ( 'NONE',  ( -0.06214627975033235052, -0.04117132747740025189, 0.000000000000000000 ) ) ;
#4412 = CARTESIAN_POINT ( 'NONE',  ( -0.07804950668536714264, -0.04637899589068245759, 0.000000000000000000 ) ) ;
#4413 = CARTESIAN_POINT ( 'NONE',  ( 0.09673890364699476441, -0.04144506553532586318, 0.05000000000000000278 ) ) ;
#4414 = DIRECTION ( 'NONE',  ( 0.000000000000000000, 0.000000000000000000, -1.000000000000000000 ) ) ;
#4415 = ADVANCED_FACE ( 'NONE', ( #697 ), #1163, .F. ) ;
#4416 = VECTOR ( 'NONE', #4148, 1000.000000000000000 ) ;
#4417 = VECTOR ( 'NONE', #1482, 1000.000000000000000 ) ;
#4418 = SURFACE_SIDE_STYLE ('',( #5693 ) ) ;
#4419 = CARTESIAN_POINT ( 'NONE',  ( 0.2228833498070771357, -0.1295597163732725154, -0.000000000000000000 ) ) ;
#4420 = CARTESIAN_POINT ( 'NONE',  ( 0.07926029868746627127, -0.05345637888030294743, 0.05000000000000000278 ) ) ;
#4421 = SURFACE_STYLE_FILL_AREA ( #5321 ) ;
#4422 = CARTESIAN_POINT ( 'NONE',  ( 0.1196381574993848201, -0.04750843432199046423, 0.05000000000000000278 ) ) ;
#4423 = ORIENTED_EDGE ( 'NONE', *, *, #5461, .T. ) ;
#4424 = VECTOR ( 'NONE', #4633, 1000.000000000000000 ) ;
#4425 =( NAMED_UNIT ( * ) PLANE_ANGLE_UNIT ( ) SI_UNIT ( $, .RADIAN. ) );
#4426 = DIRECTION ( 'NONE',  ( 0.000000000000000000, 0.000000000000000000, -1.000000000000000000 ) ) ;
#4427 = FILL_AREA_STYLE_COLOUR ( '', #3209 ) ;
#4428 = ORIENTED_EDGE ( 'NONE', *, *, #4296, .F. ) ;
#4429 = LINE ( 'NONE', #5385, #2909 ) ;
#4430 = CARTESIAN_POINT ( 'NONE',  ( -0.005000000000000042605, -0.6800000000000001599, 0.1499999999999999944 ) ) ;
#4431 = VECTOR ( 'NONE', #5695, 1000.000000000000000 ) ;
#4432 = VECTOR ( 'NONE', #1890, 1000.000000000000000 ) ;
#4433 = EDGE_CURVE ( 'NONE', #3474, #6509, #4258, .T. ) ;
#4434 = SURFACE_SIDE_STYLE ('',( #1020 ) ) ;
#4435 = PRESENTATION_STYLE_ASSIGNMENT (( #3067 ) ) ;
#4436 = CARTESIAN_POINT ( 'NONE',  ( 0.09388899198481107100, -0.04272959313355140926, 0.000000000000000000 ) ) ;
#4437 = COLOUR_RGB ( '',0.5019607843137254832, 0.5019607843137254832, 0.000000000000000000 ) ;
#4438 = DIRECTION ( 'NONE',  ( 0.000000000000000000, 0.000000000000000000, -1.000000000000000000 ) ) ;
#4439 = DIRECTION ( 'NONE',  ( -0.000000000000000000, 0.000000000000000000, -1.000000000000000000 ) ) ;
#4440 = CARTESIAN_POINT ( 'NONE',  ( -0.005000000000000028727, -0.5600000000000001643, -0.02000000000000000042 ) ) ;
#4441 = SURFACE_STYLE_FILL_AREA ( #5641 ) ;
#4442 = AXIS2_PLACEMENT_3D ( 'NONE', #5810, #1585, #4721 ) ;
#4443 = VERTEX_POINT ( 'NONE', #2778 ) ;
#4444 =( GEOMETRIC_REPRESENTATION_CONTEXT ( 3 ) GLOBAL_UNCERTAINTY_ASSIGNED_CONTEXT ( ( #4896 ) ) GLOBAL_UNIT_ASSIGNED_CONTEXT ( ( #1489, #5822, #508 ) ) REPRESENTATION_CONTEXT ( 'NONE', 'WORKASPACE' ) );
#4445 = ORIENTED_EDGE ( 'NONE', *, *, #5332, .F. ) ;
#4446 =( NAMED_UNIT ( * ) SI_UNIT ( $, .STERADIAN. ) SOLID_ANGLE_UNIT ( ) );
#4447 = ORIENTED_EDGE ( 'NONE', *, *, #1888, .T. ) ;
#4448 = PRESENTATION_STYLE_ASSIGNMENT (( #3756 ) ) ;
#4449 = DIRECTION ( 'NONE',  ( 1.000000000000000000, 0.000000000000000000, -0.000000000000000000 ) ) ;
#4450 = UNCERTAINTY_MEASURE_WITH_UNIT (LENGTH_MEASURE( 1.000000000000000082E-05 ), #3466, 'distance_accuracy_value', 'NONE');
#4451 = SURFACE_SIDE_STYLE ('',( #1018 ) ) ;
#4452 = ORIENTED_EDGE ( 'NONE', *, *, #780, .F. ) ;
#4453 = DIRECTION ( 'NONE',  ( 0.000000000000000000, 0.000000000000000000, -1.000000000000000000 ) ) ;
#4454 = ORIENTED_EDGE ( 'NONE', *, *, #2608, .T. ) ;
#4455 = MECHANICAL_DESIGN_GEOMETRIC_PRESENTATION_REPRESENTATION (  '', ( #4077 ), #6603 ) ;
#4456 = LINE ( 'NONE', #491, #2672 ) ;
#4457 = ADVANCED_FACE ( 'NONE', ( #1200 ), #2262, .T. ) ;
#4458 = ORIENTED_EDGE ( 'NONE', *, *, #3306, .T. ) ;
#4459 = EDGE_CURVE ( 'NONE', #5802, #6188, #1858, .T. ) ;
#4460 = ORIENTED_EDGE ( 'NONE', *, *, #5225, .F. ) ;
#4461 =( LENGTH_UNIT ( ) NAMED_UNIT ( * ) SI_UNIT ( .MILLI., .METRE. ) );
#4462 = ORIENTED_EDGE ( 'NONE', *, *, #6813, .F. ) ;
#4463 = VECTOR ( 'NONE', #2856, 1000.000000000000000 ) ;
#4464 = CARTESIAN_POINT ( 'NONE',  ( -0.05836110226497562281, -0.04068124080250513919, 0.000000000000000000 ) ) ;
#4466 = ORIENTED_EDGE ( 'NONE', *, *, #6090, .F. ) ;
#4465 = LINE ( 'NONE', #897, #3117 ) ;
#4467 = CARTESIAN_POINT ( 'NONE',  ( -0.04966904641828718409, -0.05044989798947618204, 0.05000000000000000278 ) ) ;
#4468 = CARTESIAN_POINT ( 'NONE',  ( -0.6700000000000012612, 0.3750000000000002220, 0.000000000000000000 ) ) ;
#4469 = DIRECTION ( 'NONE',  ( 0.000000000000000000, 1.000000000000000000, -0.000000000000000000 ) ) ;
#4471 = ORIENTED_EDGE ( 'NONE', *, *, #6053, .T. ) ;
#4470 = LINE ( 'NONE', #3126, #728 ) ;
#4472 = EDGE_CURVE ( 'NONE', #2439, #6753, #439, .T. ) ;
#4473 = DIRECTION ( 'NONE',  ( 1.032573497605242224E-16, -1.000000000000000000, 0.000000000000000000 ) ) ;
#4474 = DIRECTION ( 'NONE',  ( 1.000000000000000000, 0.000000000000000000, 0.000000000000000000 ) ) ;
#4475 = CARTESIAN_POINT ( 'NONE',  ( 0.1639089908327181766, -0.08991628688609304421, 0.000000000000000000 ) ) ;
#4476 = SURFACE_STYLE_FILL_AREA ( #2217 ) ;
#4477 = ORIENTED_EDGE ( 'NONE', *, *, #1905, .T. ) ;
#4478 = DIRECTION ( 'NONE',  ( -0.000000000000000000, 1.000000000000000000, 0.000000000000000000 ) ) ;
#4479 = ORIENTED_EDGE ( 'NONE', *, *, #397, .F. ) ;
#4480 = CARTESIAN_POINT ( 'NONE',  ( 1.060000000000000497, -0.6250000000000000000, -0.02000000000000000042 ) ) ;
#4481 = EDGE_CURVE ( 'NONE', #511, #1737, #3839, .T. ) ;
#4482 = ORIENTED_EDGE ( 'NONE', *, *, #820, .F. ) ;
#4483 = STYLED_ITEM ( 'NONE', ( #3540 ), #6238 ) ;
#4484 = CARTESIAN_POINT ( 'NONE',  ( 0.1395491073040642793, -0.05184005345657553138, 1.355252715606880543E-17 ) ) ;
#4485 = AXIS2_PLACEMENT_3D ( 'NONE', #1915, #6721, #5143 ) ;
#4486 =( LENGTH_UNIT ( ) NAMED_UNIT ( * ) SI_UNIT ( .MILLI., .METRE. ) );
#4487 = CARTESIAN_POINT ( 'NONE',  ( 0.1090141186750068630, -0.03800220208061512450, 0.05000000000000000278 ) ) ;
#4488 = CARTESIAN_POINT ( 'NONE',  ( 0.004999999999999896021, -0.5600000000000001643, 0.1499999999999999944 ) ) ;
#4489 = ORIENTED_EDGE ( 'NONE', *, *, #6351, .F. ) ;
#4490 = DIRECTION ( 'NONE',  ( 0.000000000000000000, 0.000000000000000000, -1.000000000000000000 ) ) ;
#4491 = ADVANCED_FACE ( 'NONE', ( #4019 ), #2917, .T. ) ;
#4492 = ORIENTED_EDGE ( 'NONE', *, *, #6605, .T. ) ;
#4493 = EDGE_CURVE ( 'NONE', #401, #5536, #2503, .T. ) ;
#4494 = DIRECTION ( 'NONE',  ( 1.000000000000000000, 0.000000000000000000, 0.000000000000000000 ) ) ;
#4495 = EDGE_LOOP ( 'NONE', ( #3961, #4503, #2630, #4452 ) ) ;
#4496 = DIRECTION ( 'NONE',  ( 1.000000000000000000, 0.000000000000000000, 0.000000000000000000 ) ) ;
#4497 = ORIENTED_EDGE ( 'NONE', *, *, #3239, .F. ) ;
#4498 = DIRECTION ( 'NONE',  ( 0.000000000000000000, 0.000000000000000000, -1.000000000000000000 ) ) ;
#4499 = EDGE_CURVE ( 'NONE', #2065, #947, #4932, .T. ) ;
#4500 = LINE ( 'NONE', #938, #6345 ) ;
#4501 = B_SPLINE_SURFACE_WITH_KNOTS ( 'NONE', 3, 1, ( 
 ( #4080, #3051 ),
 ( #6815, #4057 ),
 ( #908, #6746 ),
 ( #4642, #6250 ),
 ( #4690, #5230 ),
 ( #2977, #6226 ),
 ( #3002, #2455 ),
 ( #5755, #6765 ),
 ( #3526, #2539 ),
 ( #1441, #5184 ),
 ( #1986, #6301 ) ),
 .UNSPECIFIED., .F., .F., .F.,
 ( 4, 1, 1, 1, 1, 1, 1, 1, 4 ),
 ( 2, 2 ),
 ( 0.000000000000000000, 0.1285151895116619924, 0.2529486363526579629, 0.3747547340060051746, 0.4959397538670501371, 0.6171806414298927068, 0.7409094692781376112, 0.8678111481862029741, 1.000000000000000000 ),
 ( 0.000000000000000000, 1.000000000000000000 ),
 .UNSPECIFIED. ) ;
#4502 = PLANE ( 'NONE',  #1647 ) ;
#4503 = ORIENTED_EDGE ( 'NONE', *, *, #4617, .T. ) ;
#4504 = CARTESIAN_POINT ( 'NONE',  ( -0.09004760579714086999, -0.1063818371918954092, 0.05000000000000000278 ) ) ;
#4505 = FACE_OUTER_BOUND ( 'NONE', #1143, .T. ) ;
#4506 = STYLED_ITEM ( 'NONE', ( #6029 ), #1591 ) ;
#4507 = VECTOR ( 'NONE', #2918, 1000.000000000000000 ) ;
#4508 = ORIENTED_EDGE ( 'NONE', *, *, #6023, .T. ) ;
#4509 = CARTESIAN_POINT ( 'NONE',  ( 0.1341404501079861977, -0.04970347477704301076, 0.05000000000000000278 ) ) ;
#4510 = CARTESIAN_POINT ( 'NONE',  ( 0.1622149148705907817, -0.1026188637173406359, 0.000000000000000000 ) ) ;
#4511 = DIRECTION ( 'NONE',  ( 1.000000000000000000, 0.000000000000000000, 0.000000000000000000 ) ) ;
#4512 = CARTESIAN_POINT ( 'NONE',  ( 0.1190171639096412465, -0.1321238189373750704, 0.05000000000000000278 ) ) ;
#4513 = DIRECTION ( 'NONE',  ( -1.000000000000000000, 0.000000000000000000, 0.000000000000000000 ) ) ;
#4514 = CYLINDRICAL_SURFACE ( 'NONE', #4834, 0.1199999999999999956 ) ;
#4515 = VECTOR ( 'NONE', #930, 1000.000000000000000 ) ;
#4516 = VERTEX_POINT ( 'NONE', #220 ) ;
#4517 = LINE ( 'NONE', #6395, #1775 ) ;
#4518 = CARTESIAN_POINT ( 'NONE',  ( -1.060000000000000497, -0.6249999999999997780, 0.1499999999999999944 ) ) ;
#4519 =( NAMED_UNIT ( * ) PLANE_ANGLE_UNIT ( ) SI_UNIT ( $, .RADIAN. ) );
#4520 = COLOUR_RGB ( '',0.5019607843137254832, 0.5019607843137254832, 0.000000000000000000 ) ;
#4521 = LINE ( 'NONE', #5837, #3835 ) ;
#4522 = EDGE_LOOP ( 'NONE', ( #1934, #6651, #6141, #6727 ) ) ;
#4523 = EDGE_CURVE ( 'NONE', #2706, #1623, #1208, .T. ) ;
#4524 = VECTOR ( 'NONE', #1811, 1000.000000000000000 ) ;
#4525 = DIRECTION ( 'NONE',  ( 0.000000000000000000, 0.000000000000000000, -1.000000000000000000 ) ) ;
#4526 = ADVANCED_FACE ( 'NONE', ( #6451 ), #3968, .T. ) ;
#4527 =( GEOMETRIC_REPRESENTATION_CONTEXT ( 3 ) GLOBAL_UNCERTAINTY_ASSIGNED_CONTEXT ( ( #1679 ) ) GLOBAL_UNIT_ASSIGNED_CONTEXT ( ( #1887, #5607, #2824 ) ) REPRESENTATION_CONTEXT ( 'NONE', 'WORKASPACE' ) );
#4528 = ORIENTED_EDGE ( 'NONE', *, *, #1248, .F. ) ;
#4529 = CARTESIAN_POINT ( 'NONE',  ( -0.09094127987188872775, -0.1035615755160761847, 0.05000000000000000278 ) ) ;
#4530 = LINE ( 'NONE', #2586, #1360 ) ;
#4531 =( GEOMETRIC_REPRESENTATION_CONTEXT ( 3 ) GLOBAL_UNCERTAINTY_ASSIGNED_CONTEXT ( ( #3202 ) ) GLOBAL_UNIT_ASSIGNED_CONTEXT ( ( #3370, #2327, #4987 ) ) REPRESENTATION_CONTEXT ( 'NONE', 'WORKASPACE' ) );
#4532 = EDGE_LOOP ( 'NONE', ( #3458, #6047, #2066, #2936 ) ) ;
#4533 =( NAMED_UNIT ( * ) PLANE_ANGLE_UNIT ( ) SI_UNIT ( $, .RADIAN. ) );
#4534 = EDGE_CURVE ( 'NONE', #1663, #2927, #2246, .T. ) ;
#4535 = CARTESIAN_POINT ( 'NONE',  ( 0.1421667712530423067, -0.05314600374105853814, 0.05000000000000000278 ) ) ;
#4536 = ORIENTED_EDGE ( 'NONE', *, *, #6224, .T. ) ;
#4537 = DIRECTION ( 'NONE',  ( 1.000000000000000000, 0.000000000000000000, 0.000000000000000000 ) ) ;
#4538 = DIRECTION ( 'NONE',  ( 3.566454514754948225E-16, 1.000000000000000000, 0.000000000000000000 ) ) ;
#4539 = ORIENTED_EDGE ( 'NONE', *, *, #2906, .F. ) ;
#4540 = CARTESIAN_POINT ( 'NONE',  ( 0.07607939836778307430, -0.1222220558421437120, 0.05000000000000000278 ) ) ;
#4541 = CARTESIAN_POINT ( 'NONE',  ( 0.004999999999999876939, 0.6800000000000001599, 0.1499999999999999944 ) ) ;
#4542 = PRESENTATION_LAYER_ASSIGNMENT (  '', '', ( #3090 ) ) ;
#4543 = PRODUCT_DEFINITION_FORMATION_WITH_SPECIFIED_SOURCE ( 'ÈÎºÎ', '', #132, .NOT_KNOWN. ) ;
#4544 = UNCERTAINTY_MEASURE_WITH_UNIT (LENGTH_MEASURE( 1.000000000000000082E-05 ), #1032, 'distance_accuracy_value', 'NONE');
#4545 = ORIENTED_EDGE ( 'NONE', *, *, #465, .T. ) ;
#4546 = AXIS2_PLACEMENT_3D ( 'NONE', #6339, #5794, #428 ) ;
#4547 = ORIENTED_EDGE ( 'NONE', *, *, #4818, .F. ) ;
#4548 =( NAMED_UNIT ( * ) SI_UNIT ( $, .STERADIAN. ) SOLID_ANGLE_UNIT ( ) );
#4549 = CARTESIAN_POINT ( 'NONE',  ( -0.04137290699881829986, -0.03982877148671037232, 0.05000000000000000278 ) ) ;
#4551 = VERTEX_POINT ( 'NONE', #901 ) ;
#4550 = VECTOR ( 'NONE', #3626, 1000.000000000000000 ) ;
#4552 = MECHANICAL_DESIGN_GEOMETRIC_PRESENTATION_REPRESENTATION (  '', ( #1155 ), #6384 ) ;
#4553 = CARTESIAN_POINT ( 'NONE',  ( 0.1448831284936061559, -0.1368817143842440132, 0.05000000000000000278 ) ) ;
#4554 = EDGE_CURVE ( 'NONE', #5928, #217, #2288, .T. ) ;
#4555 = DIRECTION ( 'NONE',  ( 0.000000000000000000, -0.000000000000000000, -1.000000000000000000 ) ) ;
#4556 = SURFACE_STYLE_FILL_AREA ( #6704 ) ;
#4557 = FILL_AREA_STYLE_COLOUR ( '', #6707 ) ;
#4558 = CARTESIAN_POINT ( 'NONE',  ( 0.1513646237909567760, -0.05980203229655610409, 1.355252715606880543E-17 ) ) ;
#4559 = CARTESIAN_POINT ( 'NONE',  ( 0.1638729388606065818, -0.09139432459817062315, -0.000000000000000000 ) ) ;
#4560 = VECTOR ( 'NONE', #3323, 1000.000000000000000 ) ;
#4561 = CARTESIAN_POINT ( 'NONE',  ( -0.005000000000000042605, 0.6800000000000001599, -0.02000000000000000042 ) ) ;
#4562 = CARTESIAN_POINT ( 'NONE',  ( 0.1536593375099773728, -0.04869268675710874961, 0.000000000000000000 ) ) ;
#4563 = VECTOR ( 'NONE', #3864, 1000.000000000000000 ) ;
#4564 = SURFACE_SIDE_STYLE ('',( #2647 ) ) ;
#4565 = CARTESIAN_POINT ( 'NONE',  ( -0.1392961373724100616, -0.1077648445784007286, 0.05000000000000000278 ) ) ;
#4566 = ORIENTED_EDGE ( 'NONE', *, *, #3593, .T. ) ;
#4567 = CARTESIAN_POINT ( 'NONE',  ( 0.5500000000000002665, 0.000000000000000000, 0.000000000000000000 ) ) ;
#4568 = VECTOR ( 'NONE', #1105, 1000.000000000000000 ) ;
#4569 = ORIENTED_EDGE ( 'NONE', *, *, #437, .F. ) ;
#4570 = CARTESIAN_POINT ( 'NONE',  ( -0.09245779000799717040, -0.08759103767588428957, 0.000000000000000000 ) ) ;
#4571 = SURFACE_STYLE_USAGE ( .BOTH. , #3460 ) ;
#4572 = FILL_AREA_STYLE_COLOUR ( '', #6792 ) ;
#4573 = CARTESIAN_POINT ( 'NONE',  ( -0.06615911814164082694, -0.05287702406558020263, 0.000000000000000000 ) ) ;
#4574 = CARTESIAN_POINT ( 'NONE',  ( 0.1369978927550010994, -0.1399380096950512686, 0.05000000000000000278 ) ) ;
#4575 = EDGE_CURVE ( 'NONE', #3118, #2582, #2432, .T. ) ;
#4576 = ORIENTED_EDGE ( 'NONE', *, *, #1315, .F. ) ;
#4577 = AXIS2_PLACEMENT_3D ( 'NONE', #4220, #6905, #4783 ) ;
#4578 = CARTESIAN_POINT ( 'NONE',  ( -0.06062771240796620970, -0.05161417969536417905, 0.000000000000000000 ) ) ;
#4579 = LINE ( 'NONE', #290, #993 ) ;
#4580 = CARTESIAN_POINT ( 'NONE',  ( 0.1446747487100511764, -0.05462107359086738195, 1.355252715606880543E-17 ) ) ;
#4581 = CARTESIAN_POINT ( 'NONE',  ( -0.09213785907569288502, -0.09754199632528766373, 0.000000000000000000 ) ) ;
#4582 = DIRECTION ( 'NONE',  ( -0.000000000000000000, 1.000000000000000000, -0.000000000000000000 ) ) ;
#4583 = CARTESIAN_POINT ( 'NONE',  ( -0.6700000000000002620, -0.7449999999999997735, 0.1499999999999999944 ) ) ;
#4584 = FILL_AREA_STYLE ('',( #6152 ) ) ;
#4585 = VECTOR ( 'NONE', #5880, 1000.000000000000000 ) ;
#4586 = EDGE_LOOP ( 'NONE', ( #348, #2162, #5399, #5117 ) ) ;
#4587 = LINE ( 'NONE', #5442, #1339 ) ;
#4588 = AXIS2_PLACEMENT_3D ( 'NONE', #2343, #3476, #1278 ) ;
#4589 = CARTESIAN_POINT ( 'NONE',  ( 0.005000000000000174444, 0.5600000000000000533, 0.1499999999999999944 ) ) ;
#4590 = CARTESIAN_POINT ( 'NONE',  ( -0.05420587771977406627, -0.04028211148437332856, 0.000000000000000000 ) ) ;
#4591 = VECTOR ( 'NONE', #6736, 1000.000000000000000 ) ;
#4592 = CARTESIAN_POINT ( 'NONE',  ( -0.08174154711172999799, -0.06204861873636684233, 0.05000000000000000278 ) ) ;
#4593 = VERTEX_POINT ( 'NONE', #5403 ) ;
#4594 = EDGE_CURVE ( 'NONE', #5725, #3696, #2212, .T. ) ;
#4595 =( GEOMETRIC_REPRESENTATION_CONTEXT ( 3 ) GLOBAL_UNCERTAINTY_ASSIGNED_CONTEXT ( ( #4355 ) ) GLOBAL_UNIT_ASSIGNED_CONTEXT ( ( #3888, #5468, #198 ) ) REPRESENTATION_CONTEXT ( 'NONE', 'WORKASPACE' ) );
#4596 = LINE ( 'NONE', #528, #1767 ) ;
#4597 = CARTESIAN_POINT ( 'NONE',  ( 1.060000000000000719, -0.3750000000000000555, -0.02000000000000000042 ) ) ;
#4598 = CARTESIAN_POINT ( 'NONE',  ( -0.08610957536761036646, -0.1140285640356789032, 0.05000000000000000278 ) ) ;
#4599 = CARTESIAN_POINT ( 'NONE',  ( -0.03987706685958954805, -0.1295597163732725154, 0.000000000000000000 ) ) ;
#4600 = ORIENTED_EDGE ( 'NONE', *, *, #5621, .T. ) ;
#4601 = SURFACE_SIDE_STYLE ('',( #6450 ) ) ;
#4602 = CARTESIAN_POINT ( 'NONE',  ( -0.06653251900438821032, -0.1385011689890706388, 0.000000000000000000 ) ) ;
#4603 = ORIENTED_EDGE ( 'NONE', *, *, #4534, .F. ) ;
#4604 = CARTESIAN_POINT ( 'NONE',  ( 0.08330001647374379870, -0.1154571522707084213, 0.05000000000000000278 ) ) ;
#4605 = CARTESIAN_POINT ( 'NONE',  ( 0.2228833498070771357, -0.1295597163732725154, 0.05000000000000000278 ) ) ;
#4606 = CARTESIAN_POINT ( 'NONE',  ( -0.04137290699881829986, -0.03982877148671037232, 0.05000000000000000278 ) ) ;
#4607 = FACE_OUTER_BOUND ( 'NONE', #49, .T. ) ;
#4608 = EDGE_CURVE ( 'NONE', #2556, #2926, #4613, .T. ) ;
#4609 = PRESENTATION_STYLE_ASSIGNMENT (( #4634 ) ) ;
#4610 = CARTESIAN_POINT ( 'NONE',  ( -0.07724277888363841049, -0.05815908693813007929, 0.000000000000000000 ) ) ;
#4611 = SURFACE_STYLE_FILL_AREA ( #6658 ) ;
#4612 = CARTESIAN_POINT ( 'NONE',  ( 0.5500000000000002665, -0.7450000000000006617, 0.1499999999999999944 ) ) ;
#4613 = LINE ( 'NONE', #482, #4702 ) ;
#4614 = ORIENTED_EDGE ( 'NONE', *, *, #1816, .F. ) ;
#4615 =( NAMED_UNIT ( * ) SI_UNIT ( $, .STERADIAN. ) SOLID_ANGLE_UNIT ( ) );
#4616 = ORIENTED_EDGE ( 'NONE', *, *, #3874, .T. ) ;
#4617 = EDGE_CURVE ( 'NONE', #2422, #4443, #4877, .T. ) ;
#4618 = VERTEX_POINT ( 'NONE', #5295 ) ;
#4619 = FACE_OUTER_BOUND ( 'NONE', #5828, .T. ) ;
#4620 = DIRECTION ( 'NONE',  ( 1.000000000000000000, -4.865009748332398720E-16, 0.000000000000000000 ) ) ;
#4621 = AXIS2_PLACEMENT_3D ( 'NONE', #4682, #2616, #2256 ) ;
#4622 = ORIENTED_EDGE ( 'NONE', *, *, #3926, .T. ) ;
#4623 = PLANE ( 'NONE',  #4248 ) ;
#4624 = MECHANICAL_DESIGN_GEOMETRIC_PRESENTATION_REPRESENTATION (  '', ( #3033 ), #2669 ) ;
#4625 = EDGE_LOOP ( 'NONE', ( #103, #2041, #5477, #6891 ) ) ;
#4626 = DIRECTION ( 'NONE',  ( 0.000000000000000000, 0.000000000000000000, -1.000000000000000000 ) ) ;
#4627 = EDGE_CURVE ( 'NONE', #1229, #5774, #2656, .T. ) ;
#4628 = ORIENTED_EDGE ( 'NONE', *, *, #1702, .F. ) ;
#4629 = ADVANCED_FACE ( 'NONE', ( #4968 ), #3095, .T. ) ;
#4630 = CARTESIAN_POINT ( 'NONE',  ( -0.07604169046424470724, -0.1357340969613363701, 0.000000000000000000 ) ) ;
#4631 = CARTESIAN_POINT ( 'NONE',  ( 0.08450950860452127733, -0.1167848927117901836, 0.05000000000000000278 ) ) ;
#4632 = VERTEX_POINT ( 'NONE', #5908 ) ;
#4633 = DIRECTION ( 'NONE',  ( 0.000000000000000000, 0.000000000000000000, -1.000000000000000000 ) ) ;
#4634 = SURFACE_STYLE_USAGE ( .BOTH. , #2995 ) ;
#4635 = PLANE ( 'NONE',  #5511 ) ;
#4636 = ADVANCED_FACE ( 'NONE', ( #5521 ), #6137, .F. ) ;
#4637 = MECHANICAL_DESIGN_GEOMETRIC_PRESENTATION_REPRESENTATION (  '', ( #5141 ), #5360 ) ;
#4638 =( NAMED_UNIT ( * ) SI_UNIT ( $, .STERADIAN. ) SOLID_ANGLE_UNIT ( ) );
#4639 = LINE ( 'NONE', #5543, #2842 ) ;
#4640 = LINE ( 'NONE', #2484, #3287 ) ;
#4641 = SURFACE_SIDE_STYLE ('',( #2226 ) ) ;
#4642 = CARTESIAN_POINT ( 'NONE',  ( 0.1087961517880754320, -0.1311760488969945515, 0.05000000000000000278 ) ) ;
#4643 =( LENGTH_UNIT ( ) NAMED_UNIT ( * ) SI_UNIT ( .MILLI., .METRE. ) );
#4644 = CARTESIAN_POINT ( 'NONE',  ( 0.1595709552041477408, -0.1256084219712770012, 0.000000000000000000 ) ) ;
#4645 = VERTEX_POINT ( 'NONE', #6793 ) ;
#4646 = CARTESIAN_POINT ( 'NONE',  ( -0.1994123232698460091, -0.1398161266296827909, 0.05000000000000000278 ) ) ;
#4647 = CARTESIAN_POINT ( 'NONE',  ( 0.6700000000000012612, 0.8750000000000002220, 0.000000000000000000 ) ) ;
#4648 = COLOUR_RGB ( '',0.5019607843137254832, 0.5019607843137254832, 0.000000000000000000 ) ;
#4649 = EDGE_LOOP ( 'NONE', ( #1847, #3646, #4447, #2731, #1971, #4332 ) ) ;
#4650 = CARTESIAN_POINT ( 'NONE',  ( -0.09354957678577884017, -0.1202689262672577419, 0.000000000000000000 ) ) ;
#4651 = CARTESIAN_POINT ( 'NONE',  ( -0.08259368652901008523, -0.1183669336538118871, 0.05000000000000000278 ) ) ;
#4652 = CARTESIAN_POINT ( 'NONE',  ( 0.1190171639096412465, -0.1321238189373750704, 0.05000000000000000278 ) ) ;
#4653 =( NAMED_UNIT ( * ) PLANE_ANGLE_UNIT ( ) SI_UNIT ( $, .RADIAN. ) );
#4654 =( NAMED_UNIT ( * ) PLANE_ANGLE_UNIT ( ) SI_UNIT ( $, .RADIAN. ) );
#4655 = FILL_AREA_STYLE_COLOUR ( '', #733 ) ;
#4656 = CARTESIAN_POINT ( 'NONE',  ( 1.060000000000000719, -0.1250000000000000555, 0.1499999999999999944 ) ) ;
#4657 = EDGE_CURVE ( 'NONE', #57, #303, #3681, .T. ) ;
#4658 = VERTEX_POINT ( 'NONE', #3565 ) ;
#4659 = CARTESIAN_POINT ( 'NONE',  ( 0.09082244725424534759, -0.1227955058837274932, -0.000000000000000000 ) ) ;
#4660 = CARTESIAN_POINT ( 'NONE',  ( -1.050000000000000266, -0.1249999999999997918, 0.000000000000000000 ) ) ;
#4661 = FILL_AREA_STYLE_COLOUR ( '', #6048 ) ;
#4662 = LINE ( 'NONE', #3891, #5009 ) ;
#4663 = STYLED_ITEM ( 'NONE', ( #1780 ), #3062 ) ;
#4664 = CARTESIAN_POINT ( 'NONE',  ( -0.6700000000000002620, -0.7549999999999998934, 0.000000000000000000 ) ) ;
#4665 = UNCERTAINTY_MEASURE_WITH_UNIT (LENGTH_MEASURE( 1.000000000000000082E-05 ), #5329, 'distance_accuracy_value', 'NONE');
#4666 = ORIENTED_EDGE ( 'NONE', *, *, #101, .T. ) ;
#4667 = DIRECTION ( 'NONE',  ( 1.000000000000000000, -2.780005570475657679E-16, 0.000000000000000000 ) ) ;
#4668 = CARTESIAN_POINT ( 'NONE',  ( -0.05720335463975755735, -0.1289503022302631863, 0.05000000000000000278 ) ) ;
#4669 = EDGE_CURVE ( 'NONE', #3291, #3234, #1614, .T. ) ;
#4670 = PRESENTATION_STYLE_ASSIGNMENT (( #88 ) ) ;
#4671 = LINE ( 'NONE', #2375, #5663 ) ;
#4672 =( GEOMETRIC_REPRESENTATION_CONTEXT ( 3 ) GLOBAL_UNCERTAINTY_ASSIGNED_CONTEXT ( ( #822 ) ) GLOBAL_UNIT_ASSIGNED_CONTEXT ( ( #2878, #6110, #3898 ) ) REPRESENTATION_CONTEXT ( 'NONE', 'WORKASPACE' ) );
#4673 = VECTOR ( 'NONE', #6900, 1000.000000000000000 ) ;
#4674 = DIRECTION ( 'NONE',  ( -0.000000000000000000, 0.000000000000000000, -1.000000000000000000 ) ) ;
#4675 = VERTEX_POINT ( 'NONE', #4660 ) ;
#4676 = LINE ( 'NONE', #4696, #5782 ) ;
#4677 = CARTESIAN_POINT ( 'NONE',  ( -0.08992790711163245465, -0.1252503762652678321, 0.000000000000000000 ) ) ;
#4678 = STYLED_ITEM ( 'NONE', ( #5852 ), #4415 ) ;
#4679 = CARTESIAN_POINT ( 'NONE',  ( -0.08890899060881470028, -0.1090506031981786639, 0.05000000000000000278 ) ) ;
#4680 = FILL_AREA_STYLE_COLOUR ( '', #6259 ) ;
#4681 = SURFACE_STYLE_FILL_AREA ( #3723 ) ;
#4682 = CARTESIAN_POINT ( 'NONE',  ( -0.001475624551897254926, -0.1295597163732725154, 0.05000000000000000278 ) ) ;
#4683 = FILL_AREA_STYLE_COLOUR ( '', #4016 ) ;
#4684 = LINE ( 'NONE', #1164, #4241 ) ;
#4685 = SURFACE_STYLE_USAGE ( .BOTH. , #322 ) ;
#4686 = ORIENTED_EDGE ( 'NONE', *, *, #2591, .T. ) ;
#4687 = AXIS2_PLACEMENT_3D ( 'NONE', #1825, #3916, #4015 ) ;
#4688 = COLOUR_RGB ( '',0.5019607843137254832, 0.5019607843137254832, 0.000000000000000000 ) ;
#4689 = FILL_AREA_STYLE ('',( #3591 ) ) ;
#4690 = CARTESIAN_POINT ( 'NONE',  ( 0.1039722727701101884, -0.1298715369588510637, 0.05000000000000000278 ) ) ;
#4691 = CARTESIAN_POINT ( 'NONE',  ( 0.1250000000000004163, 1.060000000000000275, 0.1499999999999999944 ) ) ;
#4692 = CARTESIAN_POINT ( 'NONE',  ( -0.08610957536761036646, -0.1140285640356789032, 0.000000000000000000 ) ) ;
#4693 = EDGE_CURVE ( 'NONE', #761, #32, #17, .T. ) ;
#4694 = VERTEX_POINT ( 'NONE', #6158 ) ;
#4695 = COLOUR_RGB ( '',0.5019607843137254832, 0.5019607843137254832, 0.000000000000000000 ) ;
#4696 = CARTESIAN_POINT ( 'NONE',  ( -0.1250000000000000278, -0.6800000000000001599, 0.1499999999999999944 ) ) ;
#4697 = PRESENTATION_STYLE_ASSIGNMENT (( #5435 ) ) ;
#4698 = EDGE_LOOP ( 'NONE', ( #4056, #286, #1100, #1982, #3602, #2453 ) ) ;
#4699 = LINE ( 'NONE', #4198, #703 ) ;
#4700 = FACE_OUTER_BOUND ( 'NONE', #992, .T. ) ;
#4701 = SURFACE_STYLE_FILL_AREA ( #403 ) ;
#4702 = VECTOR ( 'NONE', #6317, 1000.000000000000000 ) ;
#4703 = ADVANCED_FACE ( 'NONE', ( #5864 ), #869, .T. ) ;
#4704 = CARTESIAN_POINT ( 'NONE',  ( -0.08357054482803677464, -0.1313156964303594521, 0.000000000000000000 ) ) ;
#4705 = CARTESIAN_POINT ( 'NONE',  ( -0.6276975177544251716, 0.7285559488550196194, 0.7299999999999999822 ) ) ;
#4706 = CARTESIAN_POINT ( 'NONE',  ( -1.060000000000000719, 0.3750000000000002220, -0.02000000000000000042 ) ) ;
#4707 = DIRECTION ( 'NONE',  ( 0.000000000000000000, 0.000000000000000000, -1.000000000000000000 ) ) ;
#4708 =( NAMED_UNIT ( * ) PLANE_ANGLE_UNIT ( ) SI_UNIT ( $, .RADIAN. ) );
#4709 = ADVANCED_FACE ( 'NONE', ( #1606 ), #5305, .T. ) ;
#4710 = ORIENTED_EDGE ( 'NONE', *, *, #4433, .T. ) ;
#4711 = DIRECTION ( 'NONE',  ( 0.000000000000000000, -1.000000000000000000, 0.000000000000000000 ) ) ;
#4712 = ORIENTED_EDGE ( 'NONE', *, *, #3743, .T. ) ;
#4713 = ORIENTED_EDGE ( 'NONE', *, *, #2622, .F. ) ;
#4714 = PRESENTATION_STYLE_ASSIGNMENT (( #6179 ) ) ;
#4715 = CARTESIAN_POINT ( 'NONE',  ( 0.09056953938280604133, -0.05693882752920078477, -0.000000000000000000 ) ) ;
#4716 = CARTESIAN_POINT ( 'NONE',  ( -0.001475624551897254926, -0.09109817791173405177, 0.05000000000000000278 ) ) ;
#4717 = EDGE_CURVE ( 'NONE', #511, #1416, #6786, .T. ) ;
#4718 = ORIENTED_EDGE ( 'NONE', *, *, #6534, .T. ) ;
#4719 = CARTESIAN_POINT ( 'NONE',  ( -0.6700000000000012612, 0.1250000000000001388, -0.02000000000000000042 ) ) ;
#4720 = VECTOR ( 'NONE', #5004, 1000.000000000000000 ) ;
#4721 = DIRECTION ( 'NONE',  ( 1.000000000000000000, 0.000000000000000000, 0.000000000000000000 ) ) ;
#4723 = EDGE_LOOP ( 'NONE', ( #4327, #4423, #5099, #1967, #6092, #4000, #6473, #5464 ) ) ;
#4722 = VECTOR ( 'NONE', #5330, 1000.000000000000000 ) ;
#4724 = MECHANICAL_DESIGN_GEOMETRIC_PRESENTATION_REPRESENTATION (  '', ( #1996 ), #3176 ) ;
#4725 = CARTESIAN_POINT ( 'NONE',  ( 0.1285034665434749979, -0.04827210499701581337, 0.000000000000000000 ) ) ;
#4726 = EDGE_LOOP ( 'NONE', ( #2739, #3890, #4713, #3705 ) ) ;
#4727 =( NAMED_UNIT ( * ) PLANE_ANGLE_UNIT ( ) SI_UNIT ( $, .RADIAN. ) );
#4728 = CARTESIAN_POINT ( 'NONE',  ( -1.060000000000000719, 0.3750000000000002220, -0.02000000000000000042 ) ) ;
#4729 = CARTESIAN_POINT ( 'NONE',  ( 0.1313211339110784970, -0.1412984553144542854, 0.05000000000000000278 ) ) ;
#4730 = CARTESIAN_POINT ( 'NONE',  ( 0.1172713727955387863, -0.1320755680873491877, 0.05000000000000000278 ) ) ;
#4731 =( LENGTH_UNIT ( ) NAMED_UNIT ( * ) SI_UNIT ( .MILLI., .METRE. ) );
#4732 = ORIENTED_EDGE ( 'NONE', *, *, #3640, .T. ) ;
#4733 = CARTESIAN_POINT ( 'NONE',  ( 0.1368859473098613666, -0.05065848660343436755, 0.05000000000000000278 ) ) ;
#4734 = PLANE ( 'NONE',  #2494 ) ;
#4735 = MECHANICAL_DESIGN_GEOMETRIC_PRESENTATION_REPRESENTATION (  '', ( #3989 ), #2902 ) ;
#4736 = EDGE_CURVE ( 'NONE', #5205, #4289, #5122, .T. ) ;
#4738 = VERTEX_POINT ( 'NONE', #4794 ) ;
#4737 = LINE ( 'NONE', #1670, #6907 ) ;
#4739 = SURFACE_STYLE_USAGE ( .BOTH. , #6299 ) ;
#4740 = PLANE ( 'NONE',  #474 ) ;
#4741 = ORIENTED_EDGE ( 'NONE', *, *, #5679, .F. ) ;
#4742 = CARTESIAN_POINT ( 'NONE',  ( 0.6700000000000003730, 0.7450000000000001066, 0.000000000000000000 ) ) ;
#4743 = DIRECTION ( 'NONE',  ( -1.000000000000000000, 0.000000000000000000, -0.000000000000000000 ) ) ;
#4744 = ADVANCED_FACE ( 'NONE', ( #1025 ), #1577, .T. ) ;
#4745 = CARTESIAN_POINT ( 'NONE',  ( -0.001475624551897254926, -0.1398161266296827909, 0.05000000000000000278 ) ) ;
#4746 = ADVANCED_FACE ( 'NONE', ( #4084 ), #4857, .F. ) ;
#4747 = CARTESIAN_POINT ( 'NONE',  ( 0.1638746044585538408, -0.08698509636695171687, 0.000000000000000000 ) ) ;
#4748 = DIRECTION ( 'NONE',  ( -0.000000000000000000, -0.000000000000000000, -1.000000000000000000 ) ) ;
#4749 = CARTESIAN_POINT ( 'NONE',  ( 0.1196381574993848201, -0.04750843432199046423, 0.000000000000000000 ) ) ;
#4750 = ORIENTED_EDGE ( 'NONE', *, *, #2000, .F. ) ;
#4751 = EDGE_CURVE ( 'NONE', #5960, #4764, #6202, .T. ) ;
#4752 = CARTESIAN_POINT ( 'NONE',  ( 0.1246728638525332472, -0.03738883966318837931, 0.000000000000000000 ) ) ;
#4753 = DIRECTION ( 'NONE',  ( 0.000000000000000000, 0.000000000000000000, 1.000000000000000000 ) ) ;
#4754 = CARTESIAN_POINT ( 'NONE',  ( 0.1221593351030649532, -0.1423579420397377560, 0.05000000000000000278 ) ) ;
#4755 = CARTESIAN_POINT ( 'NONE',  ( -0.1250000000000001388, -1.060000000000000275, 0.1499999999999999944 ) ) ;
#4756 = ORIENTED_EDGE ( 'NONE', *, *, #2237, .T. ) ;
#4757 = LINE ( 'NONE', #6730, #4937 ) ;
#4758 = EDGE_CURVE ( 'NONE', #2830, #6376, #3509, .T. ) ;
#4759 = SURFACE_SIDE_STYLE ('',( #6206 ) ) ;
#4760 = DIRECTION ( 'NONE',  ( 3.566454514754948225E-16, -1.000000000000000000, 0.000000000000000000 ) ) ;
#4761 = DIRECTION ( 'NONE',  ( -2.780005570475657679E-16, -1.000000000000000000, 0.000000000000000000 ) ) ;
#4763 = UNCERTAINTY_MEASURE_WITH_UNIT (LENGTH_MEASURE( 1.000000000000000082E-05 ), #2191, 'distance_accuracy_value', 'NONE');
#4762 = CARTESIAN_POINT ( 'NONE',  ( -0.09250126557753829415, -0.09105811380916994935, 0.000000000000000000 ) ) ;
#4764 = VERTEX_POINT ( 'NONE', #5344 ) ;
#4765 = MECHANICAL_DESIGN_GEOMETRIC_PRESENTATION_REPRESENTATION (  '', ( #3757 ), #4114 ) ;
#4766 = SURFACE_STYLE_FILL_AREA ( #3955 ) ;
#4767 = MECHANICAL_DESIGN_GEOMETRIC_PRESENTATION_REPRESENTATION (  '', ( #1443 ), #4531 ) ;
#4768 = CARTESIAN_POINT ( 'NONE',  ( 0.07544745237117968240, -0.05816548560404174312, 0.05000000000000000278 ) ) ;
#4769 = PLANE ( 'NONE',  #3038 ) ;
#4770 = VECTOR ( 'NONE', #4037, 1000.000000000000000 ) ;
#4771 = VERTEX_POINT ( 'NONE', #539 ) ;
#4772 = EDGE_CURVE ( 'NONE', #3604, #5366, #2819, .T. ) ;
#4773 = CARTESIAN_POINT ( 'NONE',  ( -0.01942434250061519929, -0.03981612662968277150, 0.05000000000000000278 ) ) ;
#4774 = LINE ( 'NONE', #948, #4417 ) ;
#4775 =( GEOMETRIC_REPRESENTATION_CONTEXT ( 3 ) GLOBAL_UNCERTAINTY_ASSIGNED_CONTEXT ( ( #2755 ) ) GLOBAL_UNIT_ASSIGNED_CONTEXT ( ( #5965, #2644, #3203 ) ) REPRESENTATION_CONTEXT ( 'NONE', 'WORKASPACE' ) );
#4776 = CARTESIAN_POINT ( 'NONE',  ( 0.1209625088339810056, -0.03729811943739336916, 0.05000000000000000278 ) ) ;
#4777 = ADVANCED_FACE ( 'NONE', ( #278 ), #5773, .T. ) ;
#4778 = SURFACE_STYLE_USAGE ( .BOTH. , #2631 ) ;
#4779 = ORIENTED_EDGE ( 'NONE', *, *, #1144, .T. ) ;
#4780 = CARTESIAN_POINT ( 'NONE',  ( 0.1721479815769826338, -0.09926325071344067885, 0.000000000000000000 ) ) ;
#4781 = FILL_AREA_STYLE_COLOUR ( '', #1589 ) ;
#4782 = CARTESIAN_POINT ( 'NONE',  ( -0.001475624551897254926, -0.1295597163732725154, 0.05000000000000000278 ) ) ;
#4783 = DIRECTION ( 'NONE',  ( -0.000000000000000000, 0.000000000000000000, -1.000000000000000000 ) ) ;
#4784 = LINE ( 'NONE', #6204, #3166 ) ;
#4785 = LINE ( 'NONE', #1776, #4869 ) ;
#4786 = ADVANCED_FACE ( 'NONE', ( #1014 ), #2186, .T. ) ;
#4787 = ORIENTED_EDGE ( 'NONE', *, *, #3225, .F. ) ;
#4788 = STYLED_ITEM ( 'NONE', ( #5286 ), #1635 ) ;
#4789 = VECTOR ( 'NONE', #4830, 1000.000000000000000 ) ;
#4790 = VECTOR ( 'NONE', #5812, 1000.000000000000000 ) ;
#4791 = PLANE ( 'NONE',  #3084 ) ;
#4792 = VECTOR ( 'NONE', #1660, 1000.000000000000000 ) ;
#4793 = B_SPLINE_CURVE_WITH_KNOTS ( 'NONE', 3,
 ( #24, #4232, #3742, #2171, #5397, #1036, #6377, #6401, #3159, #1645, #5375, #1060, #1588, #5331, #2678, #3184, #3232, #688, #2311 ),
 .UNSPECIFIED., .F., .F.,
 ( 4, 1, 1, 1, 1, 1, 1, 1, 1, 1, 1, 1, 1, 1, 1, 1, 4 ),
 ( 0.000000000000000000, 0.06167423887742606164, 0.1230530616348059353, 0.1834750007317021148, 0.2437265005106117044, 0.3042789165122536388, 0.3648629209606825685, 0.4259462039686194301, 0.4873912299654080127, 0.5492203840754761313, 0.6111435886926029903, 0.6735285303101520293, 0.7369614566573040593, 0.8007852828728401207, 0.8660125956416147019, 0.9321007477905783878, 0.9999999999999998890 ),
 .UNSPECIFIED. ) ;
#4794 = CARTESIAN_POINT ( 'NONE',  ( 0.04596027288400020283, -0.05007253688609302616, 0.05000000000000000278 ) ) ;
#4795 = CARTESIAN_POINT ( 'NONE',  ( 0.1250000000000001665, 0.6800000000000001599, 0.000000000000000000 ) ) ;
#4796 = EDGE_CURVE ( 'NONE', #6307, #3447, #770, .T. ) ;
#4797 = ADVANCED_FACE ( 'NONE', ( #2346 ), #3222, .T. ) ;
#4798 = DIRECTION ( 'NONE',  ( -0.4285842068721733567, 0.9035018415143104553, 0.000000000000000000 ) ) ;
#4799 = CARTESIAN_POINT ( 'NONE',  ( -0.09794462706407400243, -0.1115876503364740119, 0.000000000000000000 ) ) ;
#4800 = VECTOR ( 'NONE', #5754, 1000.000000000000000 ) ;
#4801 = FACE_OUTER_BOUND ( 'NONE', #5603, .T. ) ;
#4802 = ORIENTED_EDGE ( 'NONE', *, *, #534, .F. ) ;
#4803 =( NAMED_UNIT ( * ) PLANE_ANGLE_UNIT ( ) SI_UNIT ( $, .RADIAN. ) );
#4804 = ORIENTED_EDGE ( 'NONE', *, *, #1336, .F. ) ;
#4805 = VECTOR ( 'NONE', #6371, 1000.000000000000000 ) ;
#4806 = VECTOR ( 'NONE', #5606, 1000.000000000000000 ) ;
#4807 = PLANE ( 'NONE',  #1413 ) ;
#4808 = ORIENTED_EDGE ( 'NONE', *, *, #6224, .F. ) ;
#4809 = SURFACE_STYLE_USAGE ( .BOTH. , #5334 ) ;
#4810 = ORIENTED_EDGE ( 'NONE', *, *, #4758, .F. ) ;
#4811 = DIRECTION ( 'NONE',  ( 0.000000000000000000, -1.000000000000000000, 0.000000000000000000 ) ) ;
#4812 = EDGE_CURVE ( 'NONE', #2108, #5093, #4517, .T. ) ;
#4813 = ORIENTED_EDGE ( 'NONE', *, *, #5170, .F. ) ;
#4814 = ORIENTED_EDGE ( 'NONE', *, *, #6824, .F. ) ;
#4815 = CARTESIAN_POINT ( 'NONE',  ( 0.1249999999999998335, -0.6800000000000001599, 0.1499999999999999944 ) ) ;
#4816 = PLANE ( 'NONE',  #3442 ) ;
#4817 = DIRECTION ( 'NONE',  ( 0.000000000000000000, 0.000000000000000000, -1.000000000000000000 ) ) ;
#4818 = EDGE_CURVE ( 'NONE', #6762, #627, #690, .T. ) ;
#4820 = ORIENTED_EDGE ( 'NONE', *, *, #5579, .F. ) ;
#4819 = VECTOR ( 'NONE', #4831, 1000.000000000000000 ) ;
#4821 = ADVANCED_FACE ( 'NONE', ( #4002, #2416 ), #5870, .T. ) ;
#4822 = CARTESIAN_POINT ( 'NONE',  ( -0.08992790711163245465, -0.1252503762652678321, 0.05000000000000000278 ) ) ;
#4823 = AXIS2_PLACEMENT_3D ( 'NONE', #834, #5556, #1821 ) ;
#4824 =( GEOMETRIC_REPRESENTATION_CONTEXT ( 3 ) GLOBAL_UNCERTAINTY_ASSIGNED_CONTEXT ( ( #5407 ) ) GLOBAL_UNIT_ASSIGNED_CONTEXT ( ( #5946, #3278, #3808 ) ) REPRESENTATION_CONTEXT ( 'NONE', 'WORKASPACE' ) );
#4825 = SURFACE_SIDE_STYLE ('',( #5033 ) ) ;
#4827 = ORIENTED_EDGE ( 'NONE', *, *, #4845, .T. ) ;
#4826 = VECTOR ( 'NONE', #6515, 1000.000000000000000 ) ;
#4828 = CARTESIAN_POINT ( 'NONE',  ( 0.1449707443425017894, -0.04304915190718267698, 0.000000000000000000 ) ) ;
#4829 = ADVANCED_FACE ( 'NONE', ( #1351 ), #1236, .T. ) ;
#4830 = DIRECTION ( 'NONE',  ( 1.000000000000000000, 0.000000000000000000, 0.000000000000000000 ) ) ;
#4831 = DIRECTION ( 'NONE',  ( -1.000000000000000000, 2.780005570475656200E-16, -0.000000000000000000 ) ) ;
#4832 = CARTESIAN_POINT ( 'NONE',  ( 1.060000000000000719, 0.1249999999999999445, 0.1499999999999999944 ) ) ;
#4833 = PLANE ( 'NONE',  #64 ) ;
#4834 = AXIS2_PLACEMENT_3D ( 'NONE', #3248, #2209, #6598 ) ;
#4835 = ORIENTED_EDGE ( 'NONE', *, *, #3486, .T. ) ;
#4836 = EDGE_CURVE ( 'NONE', #3447, #644, #4785, .T. ) ;
#4837 = CARTESIAN_POINT ( 'NONE',  ( -1.050000000000000266, 0.1250000000000002220, 0.000000000000000000 ) ) ;
#4838 = DIRECTION ( 'NONE',  ( 1.000000000000000000, -5.560011140951313386E-16, -0.000000000000000000 ) ) ;
#4839 = CARTESIAN_POINT ( 'NONE',  ( -0.06615911814164082694, -0.05287702406558020263, 0.05000000000000000278 ) ) ;
#4840 = DIRECTION ( 'NONE',  ( -0.000000000000000000, 1.000000000000000000, -0.000000000000000000 ) ) ;
#4841 = CARTESIAN_POINT ( 'NONE',  ( 0.6700000000000012612, 0.1250000000000001388, 0.1499999999999999944 ) ) ;
#4842 = CARTESIAN_POINT ( 'NONE',  ( -0.08580838284424817386, -0.1294730674204414567, 0.000000000000000000 ) ) ;
#4843 = ORIENTED_EDGE ( 'NONE', *, *, #696, .F. ) ;
#4844 = DIRECTION ( 'NONE',  ( -1.000000000000000000, 0.000000000000000000, 0.000000000000000000 ) ) ;
#4845 = EDGE_CURVE ( 'NONE', #5725, #1219, #2027, .T. ) ;
#4846 = CARTESIAN_POINT ( 'NONE',  ( 0.1727514943844890849, -0.08389758633954863543, 0.05000000000000000278 ) ) ;
#4847 = VERTEX_POINT ( 'NONE', #5963 ) ;
#4848 = FACE_OUTER_BOUND ( 'NONE', #1757, .T. ) ;
#4849 = CARTESIAN_POINT ( 'NONE',  ( -0.1250000000000001388, -1.060000000000000275, 0.1499999999999999944 ) ) ;
#4850 = FILL_AREA_STYLE ('',( #4295 ) ) ;
#4851 = UNCERTAINTY_MEASURE_WITH_UNIT (LENGTH_MEASURE( 1.000000000000000082E-05 ), #5105, 'distance_accuracy_value', 'NONE');
#4852 = ORIENTED_EDGE ( 'NONE', *, *, #6883, .F. ) ;
#4853 = EDGE_CURVE ( 'NONE', #3435, #3986, #268, .T. ) ;
#4854 = CARTESIAN_POINT ( 'NONE',  ( -0.04152644888073284829, -0.1295526279054420304, -0.000000000000000000 ) ) ;
#4855 = DIRECTION ( 'NONE',  ( -0.000000000000000000, 0.000000000000000000, 1.000000000000000000 ) ) ;
#4856 =( LENGTH_UNIT ( ) NAMED_UNIT ( * ) SI_UNIT ( .MILLI., .METRE. ) );
#4857 = PLANE ( 'NONE',  #1204 ) ;
#4858 = CARTESIAN_POINT ( 'NONE',  ( -0.07134741942369210443, -0.04342189586045200334, 0.000000000000000000 ) ) ;
#4859 = ADVANCED_FACE ( 'NONE', ( #2574 ), #6575, .F. ) ;
#4860 = STYLED_ITEM ( 'NONE', ( #1560 ), #6355 ) ;
#4861 = ORIENTED_EDGE ( 'NONE', *, *, #2591, .F. ) ;
#4862 = PRESENTATION_LAYER_ASSIGNMENT (  '', '', ( #2230 ) ) ;
#4863 = CARTESIAN_POINT ( 'NONE',  ( 0.1423385656422750112, -0.1380393195995977818, -0.000000000000000000 ) ) ;
#4864 = EDGE_CURVE ( 'NONE', #868, #5384, #5932, .T. ) ;
#4865 = EDGE_LOOP ( 'NONE', ( #2522, #5617, #5820, #2215, #3814, #4710 ) ) ;
#4866 = VECTOR ( 'NONE', #5856, 1000.000000000000000 ) ;
#4867 = VECTOR ( 'NONE', #5560, 1000.000000000000000 ) ;
#4868 = MECHANICAL_DESIGN_GEOMETRIC_PRESENTATION_REPRESENTATION (  '', ( #2342 ), #3545 ) ;
#4869 = VECTOR ( 'NONE', #4438, 1000.000000000000000 ) ;
#4870 = EDGE_CURVE ( 'NONE', #2018, #5234, #1685, .T. ) ;
#4871 = VECTOR ( 'NONE', #4158, 1000.000000000000000 ) ;
#4872 = DIRECTION ( 'NONE',  ( 0.000000000000000000, -0.000000000000000000, -1.000000000000000000 ) ) ;
#4873 = VECTOR ( 'NONE', #4474, 1000.000000000000000 ) ;
#4874 = DIRECTION ( 'NONE',  ( 6.419618126558907003E-16, 1.000000000000000000, 0.000000000000000000 ) ) ;
#4875 = ORIENTED_EDGE ( 'NONE', *, *, #233, .T. ) ;
#4876 = CARTESIAN_POINT ( 'NONE',  ( 1.060000000000000719, -0.1250000000000000555, 0.1499999999999999944 ) ) ;
#4877 = LINE ( 'NONE', #4143, #1946 ) ;
#4878 = AXIS2_PLACEMENT_3D ( 'NONE', #1134, #4288, #5922 ) ;
#4879 = FILL_AREA_STYLE ('',( #60 ) ) ;
#4880 = CARTESIAN_POINT ( 'NONE',  ( 0.6700000000000012612, 0.3750000000000002220, 0.000000000000000000 ) ) ;
#4881 = CARTESIAN_POINT ( 'NONE',  ( -0.1441639258339485752, -0.09750843432199045313, 0.05000000000000000278 ) ) ;
#4882 = CARTESIAN_POINT ( 'NONE',  ( -0.09839822272709516926, -0.07120922719698231929, 0.000000000000000000 ) ) ;
#4883 = DIRECTION ( 'NONE',  ( 1.000000000000000000, 0.000000000000000000, -0.000000000000000000 ) ) ;
#4884 = ORIENTED_EDGE ( 'NONE', *, *, #4321, .T. ) ;
#4885 = CARTESIAN_POINT ( 'NONE',  ( 1.060000000000000719, -0.1250000000000000555, 0.1499999999999999944 ) ) ;
#4886 = ORIENTED_EDGE ( 'NONE', *, *, #1438, .F. ) ;
#4887 = CARTESIAN_POINT ( 'NONE',  ( -0.06995120348784045206, -0.1377420005377557877, 0.05000000000000000278 ) ) ;
#4888 = VECTOR ( 'NONE', #2137, 1000.000000000000000 ) ;
#4889 = CARTESIAN_POINT ( 'NONE',  ( -0.08665937337801853102, -0.05269137625991825863, 0.05000000000000000278 ) ) ;
#4890 = EDGE_LOOP ( 'NONE', ( #6208, #5431, #3227, #958 ) ) ;
#4891 = EDGE_LOOP ( 'NONE', ( #4249, #2030, #3424, #6125 ) ) ;
#4892 = DIRECTION ( 'NONE',  ( -0.4189977888269744710, -0.9079872537420919931, 0.000000000000000000 ) ) ;
#4893 = ORIENTED_EDGE ( 'NONE', *, *, #4023, .F. ) ;
#4894 = LINE ( 'NONE', #20, #5886 ) ;
#4895 = DIRECTION ( 'NONE',  ( -0.000000000000000000, -0.000000000000000000, -1.000000000000000000 ) ) ;
#4896 = UNCERTAINTY_MEASURE_WITH_UNIT (LENGTH_MEASURE( 1.000000000000000082E-05 ), #1489, 'distance_accuracy_value', 'NONE');
#4897 = ADVANCED_FACE ( 'NONE', ( #1102 ), #1392, .T. ) ;
#4899 = VERTEX_POINT ( 'NONE', #6617 ) ;
#4898 = VECTOR ( 'NONE', #4748, 1000.000000000000000 ) ;
#4900 = DIRECTION ( 'NONE',  ( 1.032573497605242224E-16, -1.000000000000000000, 0.000000000000000000 ) ) ;
#4901 = VECTOR ( 'NONE', #232, 1000.000000000000227 ) ;
#4902 = DIRECTION ( 'NONE',  ( -0.9080590238365493505, 0.4188422247446085822, 0.000000000000000000 ) ) ;
#4903 = EDGE_CURVE ( 'NONE', #2826, #3572, #2565, .T. ) ;
#4904 = CARTESIAN_POINT ( 'NONE',  ( 0.1448831284936061559, -0.1368817143842440132, 0.05000000000000000278 ) ) ;
#4905 = PRESENTATION_LAYER_ASSIGNMENT (  '', '', ( #6548 ) ) ;
#4906 = UNCERTAINTY_MEASURE_WITH_UNIT (LENGTH_MEASURE( 1.000000000000000082E-05 ), #5861, 'distance_accuracy_value', 'NONE');
#4907 = DIRECTION ( 'NONE',  ( -1.000000000000000000, -0.000000000000000000, -0.000000000000000000 ) ) ;
#4909 = EDGE_LOOP ( 'NONE', ( #4569, #6130, #3507, #2011, #3642, #1843 ) ) ;
#4908 = COLOUR_RGB ( '',0.5019607843137254832, 0.5019607843137254832, 0.000000000000000000 ) ;
#4910 = AXIS2_PLACEMENT_3D ( 'NONE', #6136, #2956, #6723 ) ;
#4911 = CARTESIAN_POINT ( 'NONE',  ( -0.08665937337801853102, -0.05269137625991825863, 0.000000000000000000 ) ) ;
#4912 = ORIENTED_EDGE ( 'NONE', *, *, #4111, .T. ) ;
#4913 = DIRECTION ( 'NONE',  ( 1.000000000000000000, 0.000000000000000000, 0.000000000000000000 ) ) ;
#4914 = CARTESIAN_POINT ( 'NONE',  ( 0.5500000000000002665, -0.7450000000000006617, -0.02000000000000000042 ) ) ;
#4915 = CARTESIAN_POINT ( 'NONE',  ( 1.060000000000000719, -0.3750000000000000555, 0.1499999999999999944 ) ) ;
#4916 = EDGE_CURVE ( 'NONE', #844, #4940, #6100, .T. ) ;
#4917 = CARTESIAN_POINT ( 'NONE',  ( 1.060000000000000497, -0.6250000000000000000, 0.1499999999999999944 ) ) ;
#4919 = ORIENTED_EDGE ( 'NONE', *, *, #5186, .F. ) ;
#4918 = FACE_OUTER_BOUND ( 'NONE', #6614, .T. ) ;
#4920 = MECHANICAL_DESIGN_GEOMETRIC_PRESENTATION_REPRESENTATION (  '', ( #3090 ), #5138 ) ;
#4921 = ORIENTED_EDGE ( 'NONE', *, *, #572, .T. ) ;
#4922 = PRESENTATION_LAYER_ASSIGNMENT (  '', '', ( #5974 ) ) ;
#4923 = DIRECTION ( 'NONE',  ( -0.000000000000000000, -0.000000000000000000, -1.000000000000000000 ) ) ;
#4924 = ORIENTED_EDGE ( 'NONE', *, *, #732, .T. ) ;
#4925 = CARTESIAN_POINT ( 'NONE',  ( -1.050000000000000266, 1.050000000000000044, 0.000000000000000000 ) ) ;
#4926 = PLANE ( 'NONE',  #292 ) ;
#4927 = MECHANICAL_DESIGN_GEOMETRIC_PRESENTATION_REPRESENTATION (  '', ( #1073 ), #5618 ) ;
#4928 = VERTEX_POINT ( 'NONE', #275 ) ;
#4929 = EDGE_CURVE ( 'NONE', #1210, #2362, #5847, .T. ) ;
#4930 =( NAMED_UNIT ( * ) SI_UNIT ( $, .STERADIAN. ) SOLID_ANGLE_UNIT ( ) );
#4931 =( NAMED_UNIT ( * ) SI_UNIT ( $, .STERADIAN. ) SOLID_ANGLE_UNIT ( ) );
#4932 = B_SPLINE_CURVE_WITH_KNOTS ( 'NONE', 3,
 ( #6098, #4559, #4006, #6591, #4510, #787, #2866, #3422, #2338, #810, #2381, #3958, #5631, #3451, #1343, #3384, #1317, #5575, #196 ),
 .UNSPECIFIED., .F., .F.,
 ( 4, 1, 1, 1, 1, 1, 1, 1, 1, 1, 1, 1, 1, 1, 1, 1, 4 ),
 ( 0.000000000000000000, 0.06432321657984212127, 0.1262901037035559781, 0.1867264692161328121, 0.2461464323353447503, 0.3055756426461386233, 0.3654293856180518829, 0.4263263089482600132, 0.4888399064006413997, 0.5517249718140473380, 0.6139185964661594275, 0.6754837657683966379, 0.7373338970992860952, 0.8002290443945266896, 0.8645022981233231318, 0.9310407391556975165, 1.000000000000000000 ),
 .UNSPECIFIED. ) ;
#4933 = CARTESIAN_POINT ( 'NONE',  ( 0.1639089908327181766, -0.08991628688609303033, -6.776263578034402713E-18 ) ) ;
#4934 = VERTEX_POINT ( 'NONE', #832 ) ;
#4935 = ADVANCED_FACE ( 'NONE', ( #6441 ), #3426, .F. ) ;
#4936 = ORIENTED_EDGE ( 'NONE', *, *, #3892, .F. ) ;
#4937 = VECTOR ( 'NONE', #3440, 1000.000000000000000 ) ;
#4938 =( LENGTH_UNIT ( ) NAMED_UNIT ( * ) SI_UNIT ( .MILLI., .METRE. ) );
#4939 = LINE ( 'NONE', #496, #5756 ) ;
#4940 = VERTEX_POINT ( 'NONE', #2896 ) ;
#4941 = DIRECTION ( 'NONE',  ( -0.000000000000000000, -0.000000000000000000, -1.000000000000000000 ) ) ;
#4942 = CARTESIAN_POINT ( 'NONE',  ( 0.08862899306234907348, -0.05857430980431264922, 0.05000000000000000278 ) ) ;
#4943 = LINE ( 'NONE', #4925, #2887 ) ;
#4944 = LINE ( 'NONE', #856, #6010 ) ;
#4945 = ORIENTED_EDGE ( 'NONE', *, *, #1448, .T. ) ;
#4946 = CARTESIAN_POINT ( 'NONE',  ( -1.060000000000000719, 0.6250000000000002220, 0.1499999999999999944 ) ) ;
#4947 = CARTESIAN_POINT ( 'NONE',  ( -0.06615911814164082694, -0.05287702406558020263, 0.05000000000000000278 ) ) ;
#4948 = LINE ( 'NONE', #1486, #1930 ) ;
#4949 = FACE_OUTER_BOUND ( 'NONE', #695, .T. ) ;
#4950 = EDGE_LOOP ( 'NONE', ( #6050, #4810, #3697, #6387 ) ) ;
#4951 = EDGE_CURVE ( 'NONE', #1524, #2296, #6267, .T. ) ;
#4952 = FILL_AREA_STYLE ('',( #436 ) ) ;
#4953 = LINE ( 'NONE', #4034, #6691 ) ;
#4954 = CARTESIAN_POINT ( 'NONE',  ( 0.1090141186750068630, -0.03800220208061512450, 0.000000000000000000 ) ) ;
#4955 = DIRECTION ( 'NONE',  ( 0.000000000000000000, 0.000000000000000000, -1.000000000000000000 ) ) ;
#4956 = CARTESIAN_POINT ( 'NONE',  ( -0.1014576540524939202, -0.09231418124578641415, 0.05000000000000000278 ) ) ;
#4957 = DIRECTION ( 'NONE',  ( -0.000000000000000000, 0.000000000000000000, -1.000000000000000000 ) ) ;
#4958 = MECHANICAL_DESIGN_GEOMETRIC_PRESENTATION_REPRESENTATION (  '', ( #1950 ), #5396 ) ;
#4959 = FILL_AREA_STYLE ('',( #6064 ) ) ;
#4960 = VECTOR ( 'NONE', #3939, 1000.000000000000000 ) ;
#4961 = VECTOR ( 'NONE', #549, 1000.000000000000000 ) ;
#4962 = CARTESIAN_POINT ( 'NONE',  ( 0.1027074444396566810, -0.03935429897440620439, 0.05000000000000000278 ) ) ;
#4963 = CARTESIAN_POINT ( 'NONE',  ( 0.08330001647374379870, -0.06417510098865712720, 0.000000000000000000 ) ) ;
#4964 = VECTOR ( 'NONE', #731, 1000.000000000000000 ) ;
#4965 = VECTOR ( 'NONE', #6198, 1000.000000000000000 ) ;
#4966 = AXIS2_PLACEMENT_3D ( 'NONE', #2405, #6155, #839 ) ;
#4967 =( LENGTH_UNIT ( ) NAMED_UNIT ( * ) SI_UNIT ( .MILLI., .METRE. ) );
#4968 = FACE_OUTER_BOUND ( 'NONE', #4299, .T. ) ;
#4969 = ADVANCED_FACE ( 'NONE', ( #4337 ), #6386, .T. ) ;
#4970 = VERTEX_POINT ( 'NONE', #6640 ) ;
#4971 = EDGE_CURVE ( 'NONE', #2224, #1404, #5589, .T. ) ;
#4972 = ORIENTED_EDGE ( 'NONE', *, *, #6906, .T. ) ;
#4973 = CARTESIAN_POINT ( 'NONE',  ( 1.050000000000000044, 1.050000000000000044, 0.7500000000000000000 ) ) ;
#4974 = ORIENTED_EDGE ( 'NONE', *, *, #4853, .T. ) ;
#4975 = FACE_OUTER_BOUND ( 'NONE', #1366, .T. ) ;
#4976 = ORIENTED_EDGE ( 'NONE', *, *, #5380, .T. ) ;
#4977 = DIRECTION ( 'NONE',  ( -1.000000000000000000, 0.000000000000000000, 0.000000000000000000 ) ) ;
#4978 = CARTESIAN_POINT ( 'NONE',  ( -0.08400792119507191624, -0.05032668058903102398, 0.05000000000000000278 ) ) ;
#4979 = FACE_OUTER_BOUND ( 'NONE', #4698, .T. ) ;
#4980 = CARTESIAN_POINT ( 'NONE',  ( 0.04596027288400020283, -0.1295597163732725154, 0.05000000000000000278 ) ) ;
#4981 = FILL_AREA_STYLE ('',( #2782 ) ) ;
#4982 = DIRECTION ( 'NONE',  ( 0.000000000000000000, -1.000000000000000000, 0.000000000000000000 ) ) ;
#4983 = ORIENTED_EDGE ( 'NONE', *, *, #6191, .T. ) ;
#4984 = FILL_AREA_STYLE ('',( #1009 ) ) ;
#4985 = EDGE_CURVE ( 'NONE', #2756, #6305, #2728, .T. ) ;
#4986 = UNCERTAINTY_MEASURE_WITH_UNIT (LENGTH_MEASURE( 1.000000000000000082E-05 ), #5665, 'distance_accuracy_value', 'NONE');
#4987 =( NAMED_UNIT ( * ) SI_UNIT ( $, .STERADIAN. ) SOLID_ANGLE_UNIT ( ) );
#4988 = FILL_AREA_STYLE ('',( #5975 ) ) ;
#4989 = FACE_OUTER_BOUND ( 'NONE', #3254, .T. ) ;
#4990 = DIRECTION ( 'NONE',  ( -1.000000000000000000, 5.560011140951315358E-16, -0.000000000000000000 ) ) ;
#4991 = EDGE_CURVE ( 'NONE', #4551, #2038, #6858, .T. ) ;
#4993 = ORIENTED_EDGE ( 'NONE', *, *, #6449, .T. ) ;
#4992 = FACE_OUTER_BOUND ( 'NONE', #850, .T. ) ;
#4994 = AXIS2_PLACEMENT_3D ( 'NONE', #6606, #1291, #778 ) ;
#4995 = AXIS2_PLACEMENT_3D ( 'NONE', #4430, #5626, #1997 ) ;
#4996 = SURFACE_STYLE_USAGE ( .BOTH. , #4434 ) ;
#4997 = CARTESIAN_POINT ( 'NONE',  ( 0.08140205521704349523, -0.05133644756676952053, 0.05000000000000000278 ) ) ;
#4998 = PRESENTATION_STYLE_ASSIGNMENT (( #5317 ) ) ;
#4999 = CARTESIAN_POINT ( 'NONE',  ( 0.04596027288400020283, -0.05007253688609302616, 0.05000000000000000278 ) ) ;
#5000 = FILL_AREA_STYLE_COLOUR ( '', #391 ) ;
#5001 = LINE ( 'NONE', #3832, #5485 ) ;
#5002 = EDGE_CURVE ( 'NONE', #1106, #4593, #4078, .T. ) ;
#5003 = STYLED_ITEM ( 'NONE', ( #3794 ), #398 ) ;
#5004 = DIRECTION ( 'NONE',  ( 0.000000000000000000, 0.000000000000000000, -1.000000000000000000 ) ) ;
#5005 = CARTESIAN_POINT ( 'NONE',  ( -1.050000000000000266, 1.050000000000000044, 0.7500000000000000000 ) ) ;
#5006 = MECHANICAL_DESIGN_GEOMETRIC_PRESENTATION_REPRESENTATION (  '', ( #3771 ), #6563 ) ;
#5007 = DIRECTION ( 'NONE',  ( 0.000000000000000000, 1.000000000000000000, 0.000000000000000000 ) ) ;
#5008 = ORIENTED_EDGE ( 'NONE', *, *, #1016, .T. ) ;
#5009 = VECTOR ( 'NONE', #5940, 1000.000000000000000 ) ;
#5010 = FILL_AREA_STYLE ('',( #4427 ) ) ;
#5011 = ORIENTED_EDGE ( 'NONE', *, *, #110, .F. ) ;
#5012 = CARTESIAN_POINT ( 'NONE',  ( 0.04596027288400020283, -0.09109817791173405177, 0.05000000000000000278 ) ) ;
#5013 = CARTESIAN_POINT ( 'NONE',  ( -0.07377603505237249892, -0.1249001146410561452, 0.000000000000000000 ) ) ;
#5014 = CARTESIAN_POINT ( 'NONE',  ( 0.1602030613455386610, -0.1248922484245545694, 0.000000000000000000 ) ) ;
#5015 = DIRECTION ( 'NONE',  ( -0.000000000000000000, -0.000000000000000000, -1.000000000000000000 ) ) ;
#5016 = CARTESIAN_POINT ( 'NONE',  ( -0.05041392583394853355, -0.1398161266296827909, 0.000000000000000000 ) ) ;
#5017 = LINE ( 'NONE', #6939, #3566 ) ;
#5018 = ORIENTED_EDGE ( 'NONE', *, *, #1628, .F. ) ;
#5019 = DIRECTION ( 'NONE',  ( 1.000000000000000000, 0.000000000000000000, 0.000000000000000000 ) ) ;
#5020 = SURFACE_STYLE_FILL_AREA ( #4879 ) ;
#5021 = VECTOR ( 'NONE', #4264, 1000.000000000000000 ) ;
#5022 = CARTESIAN_POINT ( 'NONE',  ( 0.6700000000000003730, 0.2550000000000002265, 0.1499999999999999944 ) ) ;
#5023 = PLANE ( 'NONE',  #3219 ) ;
#5024 = ORIENTED_EDGE ( 'NONE', *, *, #2659, .T. ) ;
#5025 = EDGE_CURVE ( 'NONE', #1405, #395, #1600, .T. ) ;
#5026 = FILL_AREA_STYLE ('',( #1872 ) ) ;
#5027 = ADVANCED_FACE ( 'NONE', ( #3996 ), #6781, .T. ) ;
#5028 = CARTESIAN_POINT ( 'NONE',  ( -0.02839870147497414524, -0.1295597163732725154, 0.000000000000000000 ) ) ;
#5029 = FACE_OUTER_BOUND ( 'NONE', #6629, .T. ) ;
#5030 = CARTESIAN_POINT ( 'NONE',  ( 0.6700000000000003730, 0.2550000000000002265, 0.1499999999999999944 ) ) ;
#5031 = ORIENTED_EDGE ( 'NONE', *, *, #3522, .F. ) ;
#5032 =( GEOMETRIC_REPRESENTATION_CONTEXT ( 3 ) GLOBAL_UNCERTAINTY_ASSIGNED_CONTEXT ( ( #739 ) ) GLOBAL_UNIT_ASSIGNED_CONTEXT ( ( #537, #9, #6859 ) ) REPRESENTATION_CONTEXT ( 'NONE', 'WORKASPACE' ) );
#5033 = SURFACE_STYLE_FILL_AREA ( #2148 ) ;
#5034 = EDGE_CURVE ( 'NONE', #4105, #3435, #4774, .T. ) ;
#5035 = CARTESIAN_POINT ( 'NONE',  ( 0.1226359944111362066, -0.04754295256131601394, 1.355252715606880543E-17 ) ) ;
#5036 = DIRECTION ( 'NONE',  ( 0.000000000000000000, 0.000000000000000000, -1.000000000000000000 ) ) ;
#5037 = ORIENTED_EDGE ( 'NONE', *, *, #4373, .T. ) ;
#5038 = CARTESIAN_POINT ( 'NONE',  ( -0.03715282280668399939, -0.05007770786682132214, 0.05000000000000000278 ) ) ;
#5039 = CYLINDRICAL_SURFACE ( 'NONE', #1856, 0.1199999999999999956 ) ;
#5040 = CARTESIAN_POINT ( 'NONE',  ( 0.5500000000000003775, 0.7549999999999993383, 0.1499999999999999944 ) ) ;
#5041 = CARTESIAN_POINT ( 'NONE',  ( 0.1631722031931235328, -0.09854684446647571372, 0.05000000000000000278 ) ) ;
#5042 = CARTESIAN_POINT ( 'NONE',  ( 0.1728833498070771468, -0.08923519714250328916, 0.000000000000000000 ) ) ;
#5043 = LINE ( 'NONE', #5058, #5520 ) ;
#5044 =( GEOMETRIC_REPRESENTATION_CONTEXT ( 3 ) GLOBAL_UNCERTAINTY_ASSIGNED_CONTEXT ( ( #6508 ) ) GLOBAL_UNIT_ASSIGNED_CONTEXT ( ( #3505, #6252, #5733 ) ) REPRESENTATION_CONTEXT ( 'NONE', 'WORKASPACE' ) );
#5045 = AXIS2_PLACEMENT_3D ( 'NONE', #272, #3981, #4537 ) ;
#5046 = CARTESIAN_POINT ( 'NONE',  ( -0.6700000000000012612, 0.1250000000000001388, 0.000000000000000000 ) ) ;
#5047 = ORIENTED_EDGE ( 'NONE', *, *, #6003, .T. ) ;
#5048 = CARTESIAN_POINT ( 'NONE',  ( -0.6700000000000002620, -0.2549999999999998934, 0.000000000000000000 ) ) ;
#5049 = CARTESIAN_POINT ( 'NONE',  ( 0.5500000000000002665, -0.7549999999999990052, 0.000000000000000000 ) ) ;
#5050 = ORIENTED_EDGE ( 'NONE', *, *, #3669, .T. ) ;
#5051 = ORIENTED_EDGE ( 'NONE', *, *, #4373, .F. ) ;
#5052 = LINE ( 'NONE', #1027, #4888 ) ;
#5053 = EDGE_CURVE ( 'NONE', #1161, #4675, #339, .T. ) ;
#5054 = DIRECTION ( 'NONE',  ( 0.000000000000000000, -1.000000000000000000, 0.000000000000000000 ) ) ;
#5055 = PLANE ( 'NONE',  #2085 ) ;
#5056 = ORIENTED_EDGE ( 'NONE', *, *, #1101, .F. ) ;
#5057 = FACE_OUTER_BOUND ( 'NONE', #2564, .T. ) ;
#5058 = CARTESIAN_POINT ( 'NONE',  ( 0.08330001647374379870, -0.06417510098865712720, 0.05000000000000000278 ) ) ;
#5059 = CARTESIAN_POINT ( 'NONE',  ( 0.1607247468542455093, -0.07333873930265920327, 0.05000000000000000278 ) ) ;
#5061 = ORIENTED_EDGE ( 'NONE', *, *, #307, .F. ) ;
#5060 = LINE ( 'NONE', #5296, #4819 ) ;
#5062 =( NAMED_UNIT ( * ) SI_UNIT ( $, .STERADIAN. ) SOLID_ANGLE_UNIT ( ) );
#5063 =( LENGTH_UNIT ( ) NAMED_UNIT ( * ) SI_UNIT ( .MILLI., .METRE. ) );
#5064 = ORIENTED_EDGE ( 'NONE', *, *, #6275, .F. ) ;
#5065 =( NAMED_UNIT ( * ) PLANE_ANGLE_UNIT ( ) SI_UNIT ( $, .RADIAN. ) );
#5066 = CARTESIAN_POINT ( 'NONE',  ( 0.1444314884874485505, -0.1253917457986191142, 0.05000000000000000278 ) ) ;
#5067 = DIRECTION ( 'NONE',  ( -1.000000000000000000, 0.000000000000000000, 0.000000000000000000 ) ) ;
#5068 = ADVANCED_FACE ( 'NONE', ( #4949 ), #1070, .T. ) ;
#5069 =( LENGTH_UNIT ( ) NAMED_UNIT ( * ) SI_UNIT ( .MILLI., .METRE. ) );
#5070 = ORIENTED_EDGE ( 'NONE', *, *, #1382, .T. ) ;
#5071 = ORIENTED_EDGE ( 'NONE', *, *, #6116, .F. ) ;
#5072 = CARTESIAN_POINT ( 'NONE',  ( -0.06859230120791158514, -0.04251100104108746641, 0.000000000000000000 ) ) ;
#5073 = CARTESIAN_POINT ( 'NONE',  ( -1.050000000000000044, -1.050000000000000044, 0.000000000000000000 ) ) ;
#5074 = VECTOR ( 'NONE', #792, 1000.000000000000000 ) ;
#5075 =( NAMED_UNIT ( * ) SI_UNIT ( $, .STERADIAN. ) SOLID_ANGLE_UNIT ( ) );
#5076 = ORIENTED_EDGE ( 'NONE', *, *, #2146, .F. ) ;
#5077 = SURFACE_STYLE_USAGE ( .BOTH. , #5624 ) ;
#5078 = EDGE_CURVE ( 'NONE', #2776, #3101, #81, .T. ) ;
#5079 = SURFACE_STYLE_FILL_AREA ( #3233 ) ;
#5080 = VERTEX_POINT ( 'NONE', #554 ) ;
#5081 = PRESENTATION_LAYER_ASSIGNMENT (  '', '', ( #4483 ) ) ;
#5082 =( NAMED_UNIT ( * ) SI_UNIT ( $, .STERADIAN. ) SOLID_ANGLE_UNIT ( ) );
#5083 = CARTESIAN_POINT ( 'NONE',  ( 0.1255973793682930717, -0.04784607042431401197, 0.05000000000000000278 ) ) ;
#5084 = DIRECTION ( 'NONE',  ( 0.000000000000000000, 0.000000000000000000, -1.000000000000000000 ) ) ;
#5085 = DIRECTION ( 'NONE',  ( -1.000000000000000000, 0.000000000000000000, -0.000000000000000000 ) ) ;
#5086 = CARTESIAN_POINT ( 'NONE',  ( 0.1607801841009994515, -0.1064868592119384422, -6.776263578034402713E-18 ) ) ;
#5087 = ORIENTED_EDGE ( 'NONE', *, *, #5599, .F. ) ;
#5088 = SURFACE_SIDE_STYLE ('',( #1837 ) ) ;
#5089 = MECHANICAL_DESIGN_GEOMETRIC_PRESENTATION_REPRESENTATION (  '', ( #4353 ), #3282 ) ;
#5090 = PLANE ( 'NONE',  #4485 ) ;
#5091 = VERTEX_POINT ( 'NONE', #3655 ) ;
#5092 = CARTESIAN_POINT ( 'NONE',  ( -0.04476598600784512105, -0.03985320128468094331, 0.05000000000000000278 ) ) ;
#5093 = VERTEX_POINT ( 'NONE', #4190 ) ;
#5094 = CARTESIAN_POINT ( 'NONE',  ( 0.05493463185835917306, -0.1398161266296827909, 0.05000000000000000278 ) ) ;
#5095 = EDGE_CURVE ( 'NONE', #3234, #4403, #4596, .T. ) ;
#5096 = VECTOR ( 'NONE', #5601, 1000.000000000000000 ) ;
#5097 = CARTESIAN_POINT ( 'NONE',  ( 0.1473363802469753181, -0.1355733841299265052, 0.000000000000000000 ) ) ;
#5098 = CIRCLE ( 'NONE', #786, 0.1199999999999999817 ) ;
#5099 = ORIENTED_EDGE ( 'NONE', *, *, #5095, .T. ) ;
#5100 = CARTESIAN_POINT ( 'NONE',  ( -2.432504874166200839E-16, -0.8750000000000001110, 0.000000000000000000 ) ) ;
#5101 = VECTOR ( 'NONE', #2204, 1000.000000000000000 ) ;
#5102 = COLOUR_RGB ( '',0.5019607843137254832, 0.5019607843137254832, 0.000000000000000000 ) ;
#5103 =( NAMED_UNIT ( * ) PLANE_ANGLE_UNIT ( ) SI_UNIT ( $, .RADIAN. ) );
#5104 = ORIENTED_EDGE ( 'NONE', *, *, #5129, .F. ) ;
#5105 =( LENGTH_UNIT ( ) NAMED_UNIT ( * ) SI_UNIT ( .MILLI., .METRE. ) );
#5106 = CARTESIAN_POINT ( 'NONE',  ( -0.07117943261796380594, -0.1260589049606998524, 0.05000000000000000278 ) ) ;
#5107 = DIRECTION ( 'NONE',  ( -0.000000000000000000, -0.000000000000000000, -1.000000000000000000 ) ) ;
#5108 = DIRECTION ( 'NONE',  ( -0.000000000000000000, -0.000000000000000000, -1.000000000000000000 ) ) ;
#5109 = CARTESIAN_POINT ( 'NONE',  ( 0.1638021555954221886, -0.09429625559386876910, -6.776263578034402713E-18 ) ) ;
#5110 = CARTESIAN_POINT ( 'NONE',  ( -0.06214627975033235052, -0.04117132747740025189, 0.05000000000000000278 ) ) ;
#5111 = UNCERTAINTY_MEASURE_WITH_UNIT (LENGTH_MEASURE( 1.000000000000000082E-05 ), #4486, 'distance_accuracy_value', 'NONE');
#5112 = ORIENTED_EDGE ( 'NONE', *, *, #368, .T. ) ;
#5113 = LINE ( 'NONE', #1232, #851 ) ;
#5114 = DIRECTION ( 'NONE',  ( -0.000000000000000000, -0.000000000000000000, -1.000000000000000000 ) ) ;
#5115 = PLANE ( 'NONE',  #6201 ) ;
#5116 = VECTOR ( 'NONE', #4266, 1000.000000000000000 ) ;
#5117 = ORIENTED_EDGE ( 'NONE', *, *, #4751, .T. ) ;
#5118 = EDGE_CURVE ( 'NONE', #1515, #480, #6012, .T. ) ;
#5119 = CYLINDRICAL_SURFACE ( 'NONE', #1587, 0.1199999999999999956 ) ;
#5120 = SURFACE_STYLE_FILL_AREA ( #3212 ) ;
#5121 =( NAMED_UNIT ( * ) SI_UNIT ( $, .STERADIAN. ) SOLID_ANGLE_UNIT ( ) );
#5122 = LINE ( 'NONE', #5255, #10 ) ;
#5123 = AXIS2_PLACEMENT_3D ( 'NONE', #4541, #3406, #5067 ) ;
#5124 = SURFACE_STYLE_USAGE ( .BOTH. , #6143 ) ;
#5125 = VECTOR ( 'NONE', #448, 1000.000000000000000 ) ;
#5126 = AXIS2_PLACEMENT_3D ( 'NONE', #4604, #6684, #1390 ) ;
#5127 = VECTOR ( 'NONE', #4134, 1000.000000000000000 ) ;
#5128 = ORIENTED_EDGE ( 'NONE', *, *, #241, .T. ) ;
#5129 = EDGE_CURVE ( 'NONE', #578, #596, #5357, .T. ) ;
#5130 = CARTESIAN_POINT ( 'NONE',  ( 0.1226359944111362066, -0.04754295256131601394, 0.05000000000000000278 ) ) ;
#5131 = CARTESIAN_POINT ( 'NONE',  ( -0.09248289257279197761, -0.09216727043604100444, 0.000000000000000000 ) ) ;
#5132 = PLANE ( 'NONE',  #6868 ) ;
#5133 = VERTEX_POINT ( 'NONE', #6924 ) ;
#5134 = CARTESIAN_POINT ( 'NONE',  ( -0.6700000000000002620, -0.7449999999999997735, -0.02000000000000000042 ) ) ;
#5135 = LINE ( 'NONE', #5989, #1371 ) ;
#5136 = CARTESIAN_POINT ( 'NONE',  ( 0.1631722031931235328, -0.09854684446647571372, -6.776263578034402713E-18 ) ) ;
#5137 = CARTESIAN_POINT ( 'NONE',  ( 0.1406947945507601438, -0.1274578852976586130, 0.05000000000000000278 ) ) ;
#5138 =( GEOMETRIC_REPRESENTATION_CONTEXT ( 3 ) GLOBAL_UNCERTAINTY_ASSIGNED_CONTEXT ( ( #5992 ) ) GLOBAL_UNIT_ASSIGNED_CONTEXT ( ( #6807, #4708, #5177 ) ) REPRESENTATION_CONTEXT ( 'NONE', 'WORKASPACE' ) );
#5139 = ADVANCED_FACE ( 'NONE', ( #165 ), #3703, .T. ) ;
#5140 = ORIENTED_EDGE ( 'NONE', *, *, #5801, .F. ) ;
#5141 = STYLED_ITEM ( 'NONE', ( #6776 ), #4935 ) ;
#5142 = ORIENTED_EDGE ( 'NONE', *, *, #1, .T. ) ;
#5143 = DIRECTION ( 'NONE',  ( 0.000000000000000000, -0.000000000000000000, -1.000000000000000000 ) ) ;
#5144 = CARTESIAN_POINT ( 'NONE',  ( 0.1190171639096412465, -0.1321238189373750704, 0.000000000000000000 ) ) ;
#5145 = CARTESIAN_POINT ( 'NONE',  ( -0.07956377458234004107, -0.06002021015700825107, 0.000000000000000000 ) ) ;
#5146 = ORIENTED_EDGE ( 'NONE', *, *, #6495, .T. ) ;
#5147 = ORIENTED_EDGE ( 'NONE', *, *, #2684, .T. ) ;
#5148 = STYLED_ITEM ( 'NONE', ( #1433 ), #1842 ) ;
#5149 = ORIENTED_EDGE ( 'NONE', *, *, #4717, .T. ) ;
#5150 = CARTESIAN_POINT ( 'NONE',  ( 0.1583137356329546719, -0.1270328463524873774, 0.05000000000000000278 ) ) ;
#5151 = CARTESIAN_POINT ( 'NONE',  ( -0.001475624551897254926, -0.08084176765532379016, 0.000000000000000000 ) ) ;
#5152 = CARTESIAN_POINT ( 'NONE',  ( -0.06058304104825274622, -0.1285883417963106234, 0.000000000000000000 ) ) ;
#5154 = ORIENTED_EDGE ( 'NONE', *, *, #4853, .F. ) ;
#5153 = LINE ( 'NONE', #4480, #2376 ) ;
#5155 = SURFACE_SIDE_STYLE ('',( #4611 ) ) ;
#5156 = CARTESIAN_POINT ( 'NONE',  ( -0.09164172513398438635, -0.1006150309899053602, 0.05000000000000000278 ) ) ;
#5157 = SURFACE_STYLE_FILL_AREA ( #4850 ) ;
#5158 = FILL_AREA_STYLE ('',( #2485 ) ) ;
#5159 =( NAMED_UNIT ( * ) PLANE_ANGLE_UNIT ( ) SI_UNIT ( $, .RADIAN. ) );
#5160 = CARTESIAN_POINT ( 'NONE',  ( -0.05836110226497562281, -0.04068124080250513919, 0.05000000000000000278 ) ) ;
#5161 = ORIENTED_EDGE ( 'NONE', *, *, #4481, .T. ) ;
#5162 = CARTESIAN_POINT ( 'NONE',  ( 0.1250000000000001665, 0.6800000000000001599, -0.02000000000000000042 ) ) ;
#5163 = EDGE_CURVE ( 'NONE', #4358, #520, #3906, .T. ) ;
#5164 = CARTESIAN_POINT ( 'NONE',  ( -0.07134741942369210443, -0.04342189586045200334, 0.05000000000000000278 ) ) ;
#5165 = CARTESIAN_POINT ( 'NONE',  ( 0.1138352382549696618, -0.1319805988719335854, 0.000000000000000000 ) ) ;
#5166 = CARTESIAN_POINT ( 'NONE',  ( -0.08721859881284221849, -0.06927782989200101382, 0.05000000000000000278 ) ) ;
#5167 = ADVANCED_FACE ( 'NONE', ( #4072 ), #2177, .T. ) ;
#5168 = CARTESIAN_POINT ( 'NONE',  ( 0.1342104474838345385, -0.1407171884557718855, 0.000000000000000000 ) ) ;
#5169 = PLANE ( 'NONE',  #3488 ) ;
#5170 = EDGE_CURVE ( 'NONE', #4645, #2951, #6094, .T. ) ;
#5171 = ORIENTED_EDGE ( 'NONE', *, *, #3416, .F. ) ;
#5172 = FACE_OUTER_BOUND ( 'NONE', #3035, .T. ) ;
#5173 =( NAMED_UNIT ( * ) SI_UNIT ( $, .STERADIAN. ) SOLID_ANGLE_UNIT ( ) );
#5174 =( GEOMETRIC_REPRESENTATION_CONTEXT ( 3 ) GLOBAL_UNCERTAINTY_ASSIGNED_CONTEXT ( ( #655 ) ) GLOBAL_UNIT_ASSIGNED_CONTEXT ( ( #1801, #106, #4931 ) ) REPRESENTATION_CONTEXT ( 'NONE', 'WORKASPACE' ) );
#5175 = CARTESIAN_POINT ( 'NONE',  ( -0.05369871667816336624, -0.05073810717067551296, 0.000000000000000000 ) ) ;
#5176 = CARTESIAN_POINT ( 'NONE',  ( 0.09687007059061895908, -0.1382259108542665815, 0.05000000000000000278 ) ) ;
#5177 =( NAMED_UNIT ( * ) SI_UNIT ( $, .STERADIAN. ) SOLID_ANGLE_UNIT ( ) );
#5178 = CARTESIAN_POINT ( 'NONE',  ( 0.1639089908327181766, -0.08991628688609304421, 0.05000000000000000278 ) ) ;
#5179 = VERTEX_POINT ( 'NONE', #5954 ) ;
#5180 = CARTESIAN_POINT ( 'NONE',  ( -1.050000000000000266, 1.050000000000000044, 0.1499999999999999667 ) ) ;
#5181 = COLOUR_RGB ( '',0.5019607843137254832, 0.5019607843137254832, 0.000000000000000000 ) ;
#5182 = PRESENTATION_LAYER_ASSIGNMENT (  '', '', ( #2727 ) ) ;
#5183 =( LENGTH_UNIT ( ) NAMED_UNIT ( * ) SI_UNIT ( .MILLI., .METRE. ) );
#5184 = CARTESIAN_POINT ( 'NONE',  ( 0.08450950860452127733, -0.1167848927117901836, 0.000000000000000000 ) ) ;
#5185 =( NAMED_UNIT ( * ) SI_UNIT ( $, .STERADIAN. ) SOLID_ANGLE_UNIT ( ) );
#5186 = EDGE_CURVE ( 'NONE', #907, #5179, #1179, .T. ) ;
#5187 = CARTESIAN_POINT ( 'NONE',  ( 0.1200326011003008814, -0.1423727436921913836, -0.000000000000000000 ) ) ;
#5188 = UNCERTAINTY_MEASURE_WITH_UNIT (LENGTH_MEASURE( 1.000000000000000082E-05 ), #4856, 'distance_accuracy_value', 'NONE');
#5189 = DIRECTION ( 'NONE',  ( 1.000000000000000000, -2.085004177856742520E-16, 0.000000000000000000 ) ) ;
#5190 = CARTESIAN_POINT ( 'NONE',  ( -0.05720335463975755735, -0.1289503022302631863, 0.05000000000000000278 ) ) ;
#5191 = EDGE_LOOP ( 'NONE', ( #5592, #3052, #5218, #3094, #4090, #4471 ) ) ;
#5192 = ADVANCED_FACE ( 'NONE', ( #6511 ), #6353, .T. ) ;
#5193 = PLANE ( 'NONE',  #2689 ) ;
#5194 = UNCERTAINTY_MEASURE_WITH_UNIT (LENGTH_MEASURE( 1.000000000000000082E-05 ), #5776, 'distance_accuracy_value', 'NONE');
#5195 = FACE_BOUND ( 'NONE', #5405, .T. ) ;
#5196 = ORIENTED_EDGE ( 'NONE', *, *, #3538, .F. ) ;
#5197 = CARTESIAN_POINT ( 'NONE',  ( -0.06353741138012347633, -0.05215204748169664783, 0.05000000000000000278 ) ) ;
#5198 = CARTESIAN_POINT ( 'NONE',  ( 0.08618337240332833715, -0.1321934283658483256, 0.05000000000000000278 ) ) ;
#5199 =( LENGTH_UNIT ( ) NAMED_UNIT ( * ) SI_UNIT ( .MILLI., .METRE. ) );
#5200 = LINE ( 'NONE', #2366, #937 ) ;
#5201 = PRESENTATION_STYLE_ASSIGNMENT (( #2073 ) ) ;
#5202 = ORIENTED_EDGE ( 'NONE', *, *, #73, .T. ) ;
#5203 =( NAMED_UNIT ( * ) SI_UNIT ( $, .STERADIAN. ) SOLID_ANGLE_UNIT ( ) );
#5204 = CARTESIAN_POINT ( 'NONE',  ( 0.09998581646865987993, -0.05135543916531087882, -0.000000000000000000 ) ) ;
#5205 = VERTEX_POINT ( 'NONE', #646 ) ;
#5206 = SURFACE_SIDE_STYLE ('',( #716 ) ) ;
#5207 = ORIENTED_EDGE ( 'NONE', *, *, #5727, .F. ) ;
#5208 = EDGE_CURVE ( 'NONE', #868, #3604, #4943, .T. ) ;
#5209 = EDGE_LOOP ( 'NONE', ( #2685, #533, #5056, #5284, #683, #1176, #4185, #3382 ) ) ;
#5210 = PRESENTATION_STYLE_ASSIGNMENT (( #5235 ) ) ;
#5211 = CARTESIAN_POINT ( 'NONE',  ( 0.6700000000000011502, -0.3749999999999998890, 0.1499999999999999944 ) ) ;
#5212 = EDGE_LOOP ( 'NONE', ( #2023, #6435, #3956, #4109 ) ) ;
#5213 = CARTESIAN_POINT ( 'NONE',  ( -1.050000000000000044, -1.050000000000000044, 0.000000000000000000 ) ) ;
#5214 = DIRECTION ( 'NONE',  ( 0.000000000000000000, -1.000000000000000000, 0.000000000000000000 ) ) ;
#5215 =( GEOMETRIC_REPRESENTATION_CONTEXT ( 3 ) GLOBAL_UNCERTAINTY_ASSIGNED_CONTEXT ( ( #1892 ) ) GLOBAL_UNIT_ASSIGNED_CONTEXT ( ( #1021, #413, #5203 ) ) REPRESENTATION_CONTEXT ( 'NONE', 'WORKASPACE' ) );
#5216 = DIRECTION ( 'NONE',  ( 1.000000000000000000, 0.000000000000000000, 0.000000000000000000 ) ) ;
#5217 = EDGE_CURVE ( 'NONE', #5802, #6812, #3900, .T. ) ;
#5218 = ORIENTED_EDGE ( 'NONE', *, *, #2132, .T. ) ;
#5219 = ORIENTED_EDGE ( 'NONE', *, *, #5892, .T. ) ;
#5220 = CARTESIAN_POINT ( 'NONE',  ( -0.09004760579714086999, -0.1063818371918954092, 0.05000000000000000278 ) ) ;
#5221 = CARTESIAN_POINT ( 'NONE',  ( 0.08688011666841811975, -0.1193872678048526342, 0.05000000000000000278 ) ) ;
#5222 = DIRECTION ( 'NONE',  ( -0.4285842068721733567, 0.9035018415143104553, 0.000000000000000000 ) ) ;
#5223 = CARTESIAN_POINT ( 'NONE',  ( 1.060000000000000719, 0.6249999999999998890, 0.1499999999999999944 ) ) ;
#5224 = CARTESIAN_POINT ( 'NONE',  ( -0.1799011053211280187, -0.09750843432199045313, 0.05000000000000000278 ) ) ;
#5225 = EDGE_CURVE ( 'NONE', #6812, #5290, #4587, .T. ) ;
#5227 = ORIENTED_EDGE ( 'NONE', *, *, #3266, .F. ) ;
#5226 = LINE ( 'NONE', #4706, #6138 ) ;
#5228 = ORIENTED_EDGE ( 'NONE', *, *, #3804, .T. ) ;
#5229 = DIRECTION ( 'NONE',  ( 0.000000000000000000, 1.000000000000000000, 0.000000000000000000 ) ) ;
#5230 = CARTESIAN_POINT ( 'NONE',  ( 0.1039722727701101884, -0.1298715369588510637, 0.000000000000000000 ) ) ;
#5231 = FACE_OUTER_BOUND ( 'NONE', #1311, .T. ) ;
#5232 = PRESENTATION_LAYER_ASSIGNMENT (  '', '', ( #1073 ) ) ;
#5234 = VERTEX_POINT ( 'NONE', #4405 ) ;
#5233 = LINE ( 'NONE', #6752, #2300 ) ;
#5235 = SURFACE_STYLE_USAGE ( .BOTH. , #1493 ) ;
#5236 = ORIENTED_EDGE ( 'NONE', *, *, #5499, .T. ) ;
#5237 = CARTESIAN_POINT ( 'NONE',  ( -0.06058304104825274622, -0.1285883417963106234, 0.05000000000000000278 ) ) ;
#5238 = CARTESIAN_POINT ( 'NONE',  ( -0.1622729001929228976, -0.05930731252711866908, 0.05000000000000000278 ) ) ;
#5239 = LINE ( 'NONE', #3791, #5551 ) ;
#5240 = EDGE_LOOP ( 'NONE', ( #6042, #1648, #1530 ) ) ;
#5241 = ORIENTED_EDGE ( 'NONE', *, *, #3446, .F. ) ;
#5242 = CARTESIAN_POINT ( 'NONE',  ( 0.04596027288400020283, -0.09109817791173405177, -0.000000000000000000 ) ) ;
#5243 = CARTESIAN_POINT ( 'NONE',  ( 1.050000000000000044, 0.6249999999999998890, 0.7500000000000000000 ) ) ;
#5244 = CARTESIAN_POINT ( 'NONE',  ( 0.1583137356329546719, -0.1270328463524873774, 0.05000000000000000278 ) ) ;
#5245 = SURFACE_SIDE_STYLE ('',( #2329 ) ) ;
#5246 = CARTESIAN_POINT ( 'NONE',  ( 0.1612155083026757807, -0.1236482144554938850, 0.000000000000000000 ) ) ;
#5247 =( NAMED_UNIT ( * ) SI_UNIT ( $, .STERADIAN. ) SOLID_ANGLE_UNIT ( ) );
#5248 = CARTESIAN_POINT ( 'NONE',  ( -1.050000000000000266, 1.050000000000000044, 0.7500000000000000000 ) ) ;
#5249 = DIRECTION ( 'NONE',  ( 0.000000000000000000, 0.000000000000000000, -1.000000000000000000 ) ) ;
#5250 = CARTESIAN_POINT ( 'NONE',  ( 0.1122896137305274544, -0.03755895618841160327, -0.000000000000000000 ) ) ;
#5251 = EDGE_CURVE ( 'NONE', #1219, #2259, #3988, .T. ) ;
#5252 = DIRECTION ( 'NONE',  ( -1.000000000000000000, 0.000000000000000000, 0.000000000000000000 ) ) ;
#5253 = ORIENTED_EDGE ( 'NONE', *, *, #6096, .T. ) ;
#5254 = FILL_AREA_STYLE_COLOUR ( '', #6862 ) ;
#5255 = CARTESIAN_POINT ( 'NONE',  ( -0.001475624551897254926, -0.05007253688609302616, 0.000000000000000000 ) ) ;
#5256 = CARTESIAN_POINT ( 'NONE',  ( -0.09213785907569288502, -0.09754199632528766373, 0.000000000000000000 ) ) ;
#5257 = MECHANICAL_DESIGN_GEOMETRIC_PRESENTATION_REPRESENTATION (  '', ( #1538 ), #5956 ) ;
#5258 =( GEOMETRIC_REPRESENTATION_CONTEXT ( 3 ) GLOBAL_UNCERTAINTY_ASSIGNED_CONTEXT ( ( #6213 ) ) GLOBAL_UNIT_ASSIGNED_CONTEXT ( ( #324, #4519, #3991 ) ) REPRESENTATION_CONTEXT ( 'NONE', 'WORKASPACE' ) );
#5259 = DIRECTION ( 'NONE',  ( 0.000000000000000000, -1.000000000000000000, 0.000000000000000000 ) ) ;
#5260 = VERTEX_POINT ( 'NONE', #5028 ) ;
#5261 = ORIENTED_EDGE ( 'NONE', *, *, #4812, .T. ) ;
#5262 = DIRECTION ( 'NONE',  ( -1.000000000000000000, 0.000000000000000000, 0.000000000000000000 ) ) ;
#5263 = EDGE_CURVE ( 'NONE', #746, #1992, #4156, .T. ) ;
#5264 = VECTOR ( 'NONE', #1473, 1000.000000000000000 ) ;
#5265 = STYLED_ITEM ( 'NONE', ( #5201 ), #2852 ) ;
#5266 = CARTESIAN_POINT ( 'NONE',  ( 1.050000000000000266, -0.6250000000000000000, 0.000000000000000000 ) ) ;
#5267 = ORIENTED_EDGE ( 'NONE', *, *, #6479, .T. ) ;
#5268 = FILL_AREA_STYLE_COLOUR ( '', #859 ) ;
#5269 = AXIS2_PLACEMENT_3D ( 'NONE', #2600, #6381, #1527 ) ;
#5270 = CARTESIAN_POINT ( 'NONE',  ( 0.1496971926012319598, -0.1341253308538897515, 0.05000000000000000278 ) ) ;
#5271 = CARTESIAN_POINT ( 'NONE',  ( -0.04047232377391438846, -0.05008767092976928320, 0.000000000000000000 ) ) ;
#5272 = CARTESIAN_POINT ( 'NONE',  ( 0.1680074144623386889, -0.1129821887257117380, 0.05000000000000000278 ) ) ;
#5273 = COLOUR_RGB ( '',0.5019607843137254832, 0.5019607843137254832, 0.000000000000000000 ) ;
#5274 = DIRECTION ( 'NONE',  ( -1.000000000000000000, 0.000000000000000000, 0.000000000000000000 ) ) ;
#5275 = SURFACE_STYLE_FILL_AREA ( #317 ) ;
#5276 = ORIENTED_EDGE ( 'NONE', *, *, #732, .F. ) ;
#5277 = FILL_AREA_STYLE_COLOUR ( '', #102 ) ;
#5278 = CARTESIAN_POINT ( 'NONE',  ( 0.6700000000000003730, 0.7450000000000001066, -0.02000000000000000042 ) ) ;
#5280 = UNCERTAINTY_MEASURE_WITH_UNIT (LENGTH_MEASURE( 1.000000000000000082E-05 ), #4643, 'distance_accuracy_value', 'NONE');
#5279 = CARTESIAN_POINT ( 'NONE',  ( 0.1368859473098613666, -0.05065848660343436755, -0.000000000000000000 ) ) ;
#5281 = EDGE_CURVE ( 'NONE', #161, #100, #6176, .T. ) ;
#5282 = PRESENTATION_STYLE_ASSIGNMENT (( #112 ) ) ;
#5283 = VECTOR ( 'NONE', #2206, 1000.000000000000000 ) ;
#5284 = ORIENTED_EDGE ( 'NONE', *, *, #3659, .F. ) ;
#5285 = CARTESIAN_POINT ( 'NONE',  ( -0.09905788852959471202, -0.1084495862123295712, 0.000000000000000000 ) ) ;
#5286 = PRESENTATION_STYLE_ASSIGNMENT (( #1452 ) ) ;
#5287 = CARTESIAN_POINT ( 'NONE',  ( 0.07544745237117968240, -0.1214066715014776449, 0.05000000000000000278 ) ) ;
#5288 = FACE_OUTER_BOUND ( 'NONE', #3750, .T. ) ;
#5289 = LINE ( 'NONE', #4191, #1271 ) ;
#5290 = VERTEX_POINT ( 'NONE', #187 ) ;
#5291 = LINE ( 'NONE', #1972, #4431 ) ;
#5292 = SURFACE_STYLE_FILL_AREA ( #3078 ) ;
#5293 = CARTESIAN_POINT ( 'NONE',  ( 0.1301111185605692278, -0.03810647155718533546, 0.000000000000000000 ) ) ;
#5294 = DIRECTION ( 'NONE',  ( -1.000000000000000000, 0.000000000000000000, 0.000000000000000000 ) ) ;
#5295 = CARTESIAN_POINT ( 'NONE',  ( 0.005000000000000174444, 0.5600000000000000533, 0.000000000000000000 ) ) ;
#5296 = CARTESIAN_POINT ( 'NONE',  ( -1.060000000000000719, -0.3749999999999997780, -0.02000000000000000042 ) ) ;
#5297 = CARTESIAN_POINT ( 'NONE',  ( 0.1285034665434749979, -0.04827210499701581337, 0.05000000000000000278 ) ) ;
#5298 = LINE ( 'NONE', #364, #3844 ) ;
#5299 = DIRECTION ( 'NONE',  ( 0.000000000000000000, -1.000000000000000000, 0.000000000000000000 ) ) ;
#5300 = ORIENTED_EDGE ( 'NONE', *, *, #3506, .F. ) ;
#5301 = EDGE_LOOP ( 'NONE', ( #6391, #123, #5323, #3029 ) ) ;
#5302 = DIRECTION ( 'NONE',  ( 0.000000000000000000, 0.000000000000000000, -1.000000000000000000 ) ) ;
#5303 = VECTOR ( 'NONE', #5577, 1000.000000000000000 ) ;
#5304 = CARTESIAN_POINT ( 'NONE',  ( -1.060000000000000719, 0.8750000000000002220, 0.1499999999999999944 ) ) ;
#5305 = PLANE ( 'NONE',  #384 ) ;
#5306 = ORIENTED_EDGE ( 'NONE', *, *, #5406, .T. ) ;
#5307 = EDGE_CURVE ( 'NONE', #4694, #4632, #3487, .T. ) ;
#5308 = AXIS2_PLACEMENT_3D ( 'NONE', #4285, #1131, #1643 ) ;
#5309 = DIRECTION ( 'NONE',  ( 1.000000000000000000, -6.950013926189140747E-16, -0.000000000000000000 ) ) ;
#5310 = CARTESIAN_POINT ( 'NONE',  ( -0.001475624551897254926, -0.08084176765532379016, 0.05000000000000000278 ) ) ;
#5311 = FILL_AREA_STYLE_COLOUR ( '', #6288 ) ;
#5312 = FILL_AREA_STYLE_COLOUR ( '', #6410 ) ;
#5313 = ADVANCED_FACE ( 'NONE', ( #4239 ), #213, .T. ) ;
#5315 = ORIENTED_EDGE ( 'NONE', *, *, #4916, .F. ) ;
#5314 = LINE ( 'NONE', #3469, #472 ) ;
#5316 = CARTESIAN_POINT ( 'NONE',  ( 0.1635749338530021191, -0.08410984837845897344, 0.05000000000000000278 ) ) ;
#5317 = SURFACE_STYLE_USAGE ( .BOTH. , #5838 ) ;
#5318 = EDGE_CURVE ( 'NONE', #746, #1710, #2632, .T. ) ;
#5319 = AXIS2_PLACEMENT_3D ( 'NONE', #2948, #1859, #3962 ) ;
#5320 = CARTESIAN_POINT ( 'NONE',  ( 0.1602030613455386610, -0.1248922484245545694, 0.000000000000000000 ) ) ;
#5321 = FILL_AREA_STYLE ('',( #2104 ) ) ;
#5322 = B_SPLINE_CURVE_WITH_KNOTS ( 'NONE', 3,
 ( #1326, #3001, #4570, #5705, #2955, #2976, #5639, #6248, #4043, #3023, #282, #3525, #6745, #4610, #6177, #3990, #5657, #841, #6764 ),
 .UNSPECIFIED., .F., .F.,
 ( 4, 1, 1, 1, 1, 1, 1, 1, 1, 1, 1, 1, 1, 1, 1, 1, 4 ),
 ( 0.000000000000000000, 0.07015117599727851982, 0.1378126061901916999, 0.2032262471813942317, 0.2671740552944735780, 0.3300240034081790008, 0.3917942717866856328, 0.4530843989971408137, 0.5143339076458770531, 0.5749999928182688569, 0.6348654826222127623, 0.6941163151896418970, 0.7534416217804383864, 0.8131258003036114790, 0.8740796856370746104, 0.9360070132744072735, 1.000000000000000000 ),
 .UNSPECIFIED. ) ;
#5323 = ORIENTED_EDGE ( 'NONE', *, *, #2924, .T. ) ;
#5324 = SURFACE_SIDE_STYLE ('',( #5292 ) ) ;
#5325 = SURFACE_STYLE_USAGE ( .BOTH. , #1512 ) ;
#5326 = DIRECTION ( 'NONE',  ( -1.000000000000000000, 0.000000000000000000, 0.000000000000000000 ) ) ;
#5327 = CARTESIAN_POINT ( 'NONE',  ( 0.1473363802469753181, -0.1355733841299265052, -0.000000000000000000 ) ) ;
#5328 = SURFACE_STYLE_FILL_AREA ( #2923 ) ;
#5329 =( LENGTH_UNIT ( ) NAMED_UNIT ( * ) SI_UNIT ( .MILLI., .METRE. ) );
#5330 = DIRECTION ( 'NONE',  ( 0.000000000000000000, -1.000000000000000000, 0.000000000000000000 ) ) ;
#5331 = CARTESIAN_POINT ( 'NONE',  ( 0.1058556854151351673, -0.1410496421127930278, 0.05000000000000000278 ) ) ;
#5332 = EDGE_CURVE ( 'NONE', #2296, #577, #4410, .T. ) ;
#5333 = CARTESIAN_POINT ( 'NONE',  ( 0.1575898328042561192, -0.05219381111774485521, 0.000000000000000000 ) ) ;
#5334 = SURFACE_SIDE_STYLE ('',( #1462 ) ) ;
#5335 = CARTESIAN_POINT ( 'NONE',  ( 0.1226359944111362066, -0.04754295256131601394, 0.05000000000000000278 ) ) ;
#5336 = DIRECTION ( 'NONE',  ( 0.9079593845004516606, -0.4190581774617468946, 0.000000000000000000 ) ) ;
#5337 = DIRECTION ( 'NONE',  ( 6.950013926189140747E-16, 1.000000000000000000, 0.000000000000000000 ) ) ;
#5338 = ADVANCED_FACE ( 'NONE', ( #6590 ), #3379, .T. ) ;
#5339 = EDGE_LOOP ( 'NONE', ( #6430, #473, #4075, #4945 ) ) ;
#5340 = SURFACE_STYLE_FILL_AREA ( #3455 ) ;
#5341 = EDGE_CURVE ( 'NONE', #1809, #3353, #587, .T. ) ;
#5342 = DIRECTION ( 'NONE',  ( -0.000000000000000000, -0.000000000000000000, -1.000000000000000000 ) ) ;
#5343 = CARTESIAN_POINT ( 'NONE',  ( -0.03961665019292291007, -0.03981612662968277150, 0.05000000000000000278 ) ) ;
#5344 = CARTESIAN_POINT ( 'NONE',  ( -0.06615911814164082694, -0.05287702406558020263, 0.000000000000000000 ) ) ;
#5345 = CARTESIAN_POINT ( 'NONE',  ( 1.060000000000000497, -0.8750000000000000000, -0.02000000000000000042 ) ) ;
#5346 = ORIENTED_EDGE ( 'NONE', *, *, #3563, .T. ) ;
#5347 = ADVANCED_FACE ( 'NONE', ( #5420 ), #6117, .T. ) ;
#5348 =( GEOMETRIC_REPRESENTATION_CONTEXT ( 3 ) GLOBAL_UNCERTAINTY_ASSIGNED_CONTEXT ( ( #5824 ) ) GLOBAL_UNIT_ASSIGNED_CONTEXT ( ( #2898, #6688, #747 ) ) REPRESENTATION_CONTEXT ( 'NONE', 'WORKASPACE' ) );
#5349 = CYLINDRICAL_SURFACE ( 'NONE', #4318, 0.1199999999999999956 ) ;
#5350 = MECHANICAL_DESIGN_GEOMETRIC_PRESENTATION_REPRESENTATION (  '', ( #2892 ), #5787 ) ;
#5351 = CARTESIAN_POINT ( 'NONE',  ( 1.060000000000000719, -0.3750000000000000555, 0.1499999999999999944 ) ) ;
#5352 = CARTESIAN_POINT ( 'NONE',  ( -0.09992653177065770331, -0.1051830657013136799, 0.05000000000000000278 ) ) ;
#5353 = CARTESIAN_POINT ( 'NONE',  ( -0.03987706685958954805, -0.1295597163732725154, 0.05000000000000000278 ) ) ;
#5354 = ORIENTED_EDGE ( 'NONE', *, *, #127, .T. ) ;
#5355 = STYLED_ITEM ( 'NONE', ( #5784 ), #3 ) ;
#5356 = DIRECTION ( 'NONE',  ( 1.000000000000000000, 0.000000000000000000, 0.000000000000000000 ) ) ;
#5357 = LINE ( 'NONE', #2126, #505 ) ;
#5358 = DIRECTION ( 'NONE',  ( 0.000000000000000000, -1.000000000000000000, 0.000000000000000000 ) ) ;
#5359 = DIRECTION ( 'NONE',  ( 0.000000000000000000, 0.000000000000000000, 1.000000000000000000 ) ) ;
#5360 =( GEOMETRIC_REPRESENTATION_CONTEXT ( 3 ) GLOBAL_UNCERTAINTY_ASSIGNED_CONTEXT ( ( #4363 ) ) GLOBAL_UNIT_ASSIGNED_CONTEXT ( ( #6171, #5065, #6101 ) ) REPRESENTATION_CONTEXT ( 'NONE', 'WORKASPACE' ) );
#5361 = ORIENTED_EDGE ( 'NONE', *, *, #5662, .F. ) ;
#5362 = DIRECTION ( 'NONE',  ( 0.000000000000000000, 0.000000000000000000, 1.000000000000000000 ) ) ;
#5363 =( NAMED_UNIT ( * ) SI_UNIT ( $, .STERADIAN. ) SOLID_ANGLE_UNIT ( ) );
#5364 = DIRECTION ( 'NONE',  ( -0.000000000000000000, -0.000000000000000000, -1.000000000000000000 ) ) ;
#5365 = FACE_BOUND ( 'NONE', #2694, .T. ) ;
#5366 = VERTEX_POINT ( 'NONE', #1402 ) ;
#5367 = PRESENTATION_LAYER_ASSIGNMENT (  '', '', ( #4788 ) ) ;
#5368 = PLANE ( 'NONE',  #974 ) ;
#5369 = CARTESIAN_POINT ( 'NONE',  ( 0.6700000000000012612, 0.8750000000000002220, 0.1499999999999999944 ) ) ;
#5370 = DIRECTION ( 'NONE',  ( -0.000000000000000000, 1.000000000000000000, -0.000000000000000000 ) ) ;
#5371 = SURFACE_STYLE_USAGE ( .BOTH. , #1641 ) ;
#5372 = PRESENTATION_STYLE_ASSIGNMENT (( #4739 ) ) ;
#5373 = DIRECTION ( 'NONE',  ( 0.000000000000000000, 0.000000000000000000, -1.000000000000000000 ) ) ;
#5374 = ORIENTED_EDGE ( 'NONE', *, *, #5599, .T. ) ;
#5375 = CARTESIAN_POINT ( 'NONE',  ( 0.09687007059061895908, -0.1382259108542665815, 0.05000000000000000278 ) ) ;
#5376 = VERTEX_POINT ( 'NONE', #5151 ) ;
#5377 = CARTESIAN_POINT ( 'NONE',  ( 0.1611740490237879575, -0.05602280401196018528, 0.05000000000000000278 ) ) ;
#5378 = VERTEX_POINT ( 'NONE', #876 ) ;
#5379 = FILL_AREA_STYLE_COLOUR ( '', #558 ) ;
#5380 = EDGE_CURVE ( 'NONE', #3837, #5444, #4579, .T. ) ;
#5381 = FACE_OUTER_BOUND ( 'NONE', #1718, .T. ) ;
#5382 = ORIENTED_EDGE ( 'NONE', *, *, #2146, .T. ) ;
#5383 = CARTESIAN_POINT ( 'NONE',  ( 0.07926029868746627127, -0.05345637888030294743, -0.000000000000000000 ) ) ;
#5384 = VERTEX_POINT ( 'NONE', #2911 ) ;
#5385 = CARTESIAN_POINT ( 'NONE',  ( -1.050000000000000266, 1.050000000000000044, 0.1499999999999999667 ) ) ;
#5386 =( NAMED_UNIT ( * ) SI_UNIT ( $, .STERADIAN. ) SOLID_ANGLE_UNIT ( ) );
#5387 = CARTESIAN_POINT ( 'NONE',  ( -1.050000000000000266, 0.3750000000000002220, 0.7500000000000000000 ) ) ;
#5388 = CARTESIAN_POINT ( 'NONE',  ( 0.6700000000000003730, 0.2550000000000002265, 0.000000000000000000 ) ) ;
#5389 = EDGE_CURVE ( 'NONE', #2826, #2712, #4757, .T. ) ;
#5391 = ORIENTED_EDGE ( 'NONE', *, *, #6649, .F. ) ;
#5390 = LINE ( 'NONE', #3648, #210 ) ;
#5392 = DIRECTION ( 'NONE',  ( 0.000000000000000000, 0.000000000000000000, -1.000000000000000000 ) ) ;
#5393 = CARTESIAN_POINT ( 'NONE',  ( 0.1353135005355815546, -0.03925941974826951258, 0.05000000000000000278 ) ) ;
#5394 = PRESENTATION_LAYER_ASSIGNMENT (  '', '', ( #579 ) ) ;
#5395 = DIRECTION ( 'NONE',  ( 0.000000000000000000, 0.000000000000000000, -1.000000000000000000 ) ) ;
#5396 =( GEOMETRIC_REPRESENTATION_CONTEXT ( 3 ) GLOBAL_UNCERTAINTY_ASSIGNED_CONTEXT ( ( #875 ) ) GLOBAL_UNIT_ASSIGNED_CONTEXT ( ( #664, #5615, #1736 ) ) REPRESENTATION_CONTEXT ( 'NONE', 'WORKASPACE' ) );
#5397 = CARTESIAN_POINT ( 'NONE',  ( 0.08153270092914041700, -0.1282996544563532459, 0.05000000000000000278 ) ) ;
#5399 = ORIENTED_EDGE ( 'NONE', *, *, #6336, .T. ) ;
#5398 = PRESENTATION_STYLE_ASSIGNMENT (( #5124 ) ) ;
#5400 = CARTESIAN_POINT ( 'NONE',  ( 0.000000000000000000, 0.000000000000000000, 0.05000000000000000278 ) ) ;
#5401 = PRESENTATION_STYLE_ASSIGNMENT (( #2314 ) ) ;
#5402 = AXIS2_PLACEMENT_3D ( 'NONE', #6480, #3752, #3199 ) ;
#5403 = CARTESIAN_POINT ( 'NONE',  ( 1.060000000000000719, 0.6249999999999998890, -0.02000000000000000042 ) ) ;
#5404 = ORIENTED_EDGE ( 'NONE', *, *, #4985, .F. ) ;
#5405 = EDGE_LOOP ( 'NONE', ( #4616, #312, #68, #358, #2816, #4492 ) ) ;
#5406 = EDGE_CURVE ( 'NONE', #4934, #1617, #4367, .T. ) ;
#5407 = UNCERTAINTY_MEASURE_WITH_UNIT (LENGTH_MEASURE( 1.000000000000000082E-05 ), #5946, 'distance_accuracy_value', 'NONE');
#5408 = CARTESIAN_POINT ( 'NONE',  ( -0.04926047161507101507, -0.1294193598106049559, 0.000000000000000000 ) ) ;
#5409 = CARTESIAN_POINT ( 'NONE',  ( 0.1680074144623386889, -0.1129821887257117380, 0.000000000000000000 ) ) ;
#5410 = CARTESIAN_POINT ( 'NONE',  ( -0.6700000000000012612, 0.3750000000000002220, 0.1499999999999999944 ) ) ;
#5411 = CARTESIAN_POINT ( 'NONE',  ( 0.6700000000000003730, 0.7450000000000001066, 0.1499999999999999944 ) ) ;
#5412 =( LENGTH_UNIT ( ) NAMED_UNIT ( * ) SI_UNIT ( .MILLI., .METRE. ) );
#5413 = CARTESIAN_POINT ( 'NONE',  ( 0.1720087573710106510, -0.07870404481700253585, 0.05000000000000000278 ) ) ;
#5414 = ORIENTED_EDGE ( 'NONE', *, *, #3132, .F. ) ;
#5415 = CARTESIAN_POINT ( 'NONE',  ( -0.07804950668536714264, -0.04637899589068245759, 0.05000000000000000278 ) ) ;
#5416 = DIRECTION ( 'NONE',  ( 0.000000000000000000, -1.000000000000000000, 0.000000000000000000 ) ) ;
#5417 = CARTESIAN_POINT ( 'NONE',  ( 1.050000000000000044, 1.050000000000000044, 0.1499999999999999667 ) ) ;
#5418 = ORIENTED_EDGE ( 'NONE', *, *, #2179, .F. ) ;
#5419 = ORIENTED_EDGE ( 'NONE', *, *, #5523, .F. ) ;
#5420 = FACE_OUTER_BOUND ( 'NONE', #1691, .T. ) ;
#5421 = DIRECTION ( 'NONE',  ( -0.000000000000000000, 0.000000000000000000, 1.000000000000000000 ) ) ;
#5422 = CARTESIAN_POINT ( 'NONE',  ( -0.05041392583394853355, -0.1398161266296827909, 0.05000000000000000278 ) ) ;
#5423 = ORIENTED_EDGE ( 'NONE', *, *, #3573, .F. ) ;
#5424 = EDGE_CURVE ( 'NONE', #4289, #2582, #3649, .T. ) ;
#5425 = CARTESIAN_POINT ( 'NONE',  ( 0.6700000000000012612, 0.6250000000000001110, 0.000000000000000000 ) ) ;
#5426 = CARTESIAN_POINT ( 'NONE',  ( -0.1004107851309982286, -0.07872441364849007417, 0.05000000000000000278 ) ) ;
#5427 =( NAMED_UNIT ( * ) SI_UNIT ( $, .STERADIAN. ) SOLID_ANGLE_UNIT ( ) );
#5428 = CARTESIAN_POINT ( 'NONE',  ( -0.1994123232698460091, -0.1398161266296827909, 0.05000000000000000278 ) ) ;
#5429 = AXIS2_PLACEMENT_3D ( 'NONE', #3792, #5337, #1112 ) ;
#5430 = CIRCLE ( 'NONE', #1190, 0.1199999999999999817 ) ;
#5431 = ORIENTED_EDGE ( 'NONE', *, *, #416, .F. ) ;
#5432 = PLANE ( 'NONE',  #1332 ) ;
#5433 = VECTOR ( 'NONE', #1319, 1000.000000000000000 ) ;
#5434 = CARTESIAN_POINT ( 'NONE',  ( -0.05189009047596550295, -0.1398038267358412967, 0.05000000000000000278 ) ) ;
#5435 = SURFACE_STYLE_USAGE ( .BOTH. , #3347 ) ;
#5436 = PRESENTATION_STYLE_ASSIGNMENT (( #1075 ) ) ;
#5437 = CARTESIAN_POINT ( 'NONE',  ( 0.1196381574993848201, -0.04750843432199046423, 0.000000000000000000 ) ) ;
#5438 = ORIENTED_EDGE ( 'NONE', *, *, #3995, .T. ) ;
#5439 = PRESENTATION_LAYER_ASSIGNMENT (  '', '', ( #6427 ) ) ;
#5440 =( NAMED_UNIT ( * ) PLANE_ANGLE_UNIT ( ) SI_UNIT ( $, .RADIAN. ) );
#5441 = EDGE_CURVE ( 'NONE', #734, #596, #2966, .T. ) ;
#5442 = CARTESIAN_POINT ( 'NONE',  ( 0.2228833498070771357, -0.1295597163732725154, 0.05000000000000000278 ) ) ;
#5443 = CARTESIAN_POINT ( 'NONE',  ( -0.1250000000000000000, 0.6800000000000001599, 0.000000000000000000 ) ) ;
#5444 = VERTEX_POINT ( 'NONE', #2939 ) ;
#5445 = CARTESIAN_POINT ( 'NONE',  ( -0.08111594562727141022, -0.04824222736923541172, 0.05000000000000000278 ) ) ;
#5446 = CARTESIAN_POINT ( 'NONE',  ( 0.08618337240332833715, -0.1321934283658483256, 0.000000000000000000 ) ) ;
#5447 = CARTESIAN_POINT ( 'NONE',  ( 1.060000000000000497, -0.6250000000000000000, 0.1499999999999999944 ) ) ;
#5448 = CARTESIAN_POINT ( 'NONE',  ( -0.09354957678577884017, -0.1202689262672577419, 0.05000000000000000278 ) ) ;
#5449 = DIRECTION ( 'NONE',  ( 1.032573497605242224E-16, -1.000000000000000000, 0.000000000000000000 ) ) ;
#5450 = LINE ( 'NONE', #3821, #2993 ) ;
#5451 = VERTEX_POINT ( 'NONE', #3484 ) ;
#5452 = DIRECTION ( 'NONE',  ( 1.000000000000000000, 0.000000000000000000, -0.000000000000000000 ) ) ;
#5453 = CARTESIAN_POINT ( 'NONE',  ( -0.05041392583394853355, -0.1398161266296827909, 0.000000000000000000 ) ) ;
#5454 = LINE ( 'NONE', #1805, #2754 ) ;
#5455 = FILL_AREA_STYLE_COLOUR ( '', #6607 ) ;
#5456 = ORIENTED_EDGE ( 'NONE', *, *, #6463, .T. ) ;
#5457 = DIRECTION ( 'NONE',  ( -0.000000000000000000, -0.000000000000000000, -1.000000000000000000 ) ) ;
#5458 = ORIENTED_EDGE ( 'NONE', *, *, #4223, .F. ) ;
#5459 = DIRECTION ( 'NONE',  ( -1.000000000000000000, 2.780005570475657679E-16, 0.000000000000000000 ) ) ;
#5460 = CARTESIAN_POINT ( 'NONE',  ( -1.060000000000000719, 0.3750000000000002220, 0.1499999999999999944 ) ) ;
#5461 = EDGE_CURVE ( 'NONE', #6305, #3234, #4671, .T. ) ;
#5462 = EDGE_LOOP ( 'NONE', ( #2084, #3948, #5154, #3707 ) ) ;
#5463 = AXIS2_PLACEMENT_3D ( 'NONE', #6447, #1140, #5421 ) ;
#5464 = ORIENTED_EDGE ( 'NONE', *, *, #6883, .T. ) ;
#5465 = STYLED_ITEM ( 'NONE', ( #5436 ), #3297 ) ;
#5466 = CARTESIAN_POINT ( 'NONE',  ( -0.1014756245518972505, -0.09107814586045200056, 0.000000000000000000 ) ) ;
#5467 = CARTESIAN_POINT ( 'NONE',  ( -0.05369871667816336624, -0.05073810717067551296, 0.05000000000000000278 ) ) ;
#5468 =( NAMED_UNIT ( * ) PLANE_ANGLE_UNIT ( ) SI_UNIT ( $, .RADIAN. ) );
#5469 = CARTESIAN_POINT ( 'NONE',  ( -0.07312352285875886593, -0.1368320972414398262, 0.05000000000000000278 ) ) ;
#5470 = CARTESIAN_POINT ( 'NONE',  ( 0.05493463185835917306, -0.1398161266296827909, 0.05000000000000000278 ) ) ;
#5471 = EDGE_CURVE ( 'NONE', #3897, #2391, #498, .T. ) ;
#5472 = CARTESIAN_POINT ( 'NONE',  ( 0.1727514943844890849, -0.08389758633954863543, 0.05000000000000000278 ) ) ;
#5473 = VECTOR ( 'NONE', #6920, 1000.000000000000000 ) ;
#5474 = FACE_OUTER_BOUND ( 'NONE', #6551, .T. ) ;
#5475 = CARTESIAN_POINT ( 'NONE',  ( 1.060000000000000719, -0.3750000000000000555, 0.1499999999999999944 ) ) ;
#5476 = MECHANICAL_DESIGN_GEOMETRIC_PRESENTATION_REPRESENTATION (  '', ( #579 ), #4672 ) ;
#5477 = ORIENTED_EDGE ( 'NONE', *, *, #828, .F. ) ;
#5478 = UNCERTAINTY_MEASURE_WITH_UNIT (LENGTH_MEASURE( 1.000000000000000082E-05 ), #1789, 'distance_accuracy_value', 'NONE');
#5479 = DIRECTION ( 'NONE',  ( -1.000000000000000000, -0.000000000000000000, -0.000000000000000000 ) ) ;
#5480 = PRESENTATION_LAYER_ASSIGNMENT (  '', '', ( #5141 ) ) ;
#5481 = CARTESIAN_POINT ( 'NONE',  ( 0.1089984646787595796, -0.04847974241352749625, 0.05000000000000000278 ) ) ;
#5483 = ORIENTED_EDGE ( 'NONE', *, *, #2935, .F. ) ;
#5482 = VECTOR ( 'NONE', #6926, 1000.000000000000000 ) ;
#5484 = PLANE ( 'NONE',  #4260 ) ;
#5485 = VECTOR ( 'NONE', #1154, 1000.000000000000000 ) ;
#5486 = SURFACE_STYLE_USAGE ( .BOTH. , #692 ) ;
#5487 = CARTESIAN_POINT ( 'NONE',  ( -0.08721859881284221849, -0.06927782989200101382, 0.05000000000000000278 ) ) ;
#5488 = MECHANICAL_DESIGN_GEOMETRIC_PRESENTATION_REPRESENTATION (  '', ( #1698 ), #6076 ) ;
#5489 = DIRECTION ( 'NONE',  ( 1.000000000000000000, 0.000000000000000000, 0.000000000000000000 ) ) ;
#5490 = CARTESIAN_POINT ( 'NONE',  ( -0.05735299385284037266, -0.05113976543773979949, 0.05000000000000000278 ) ) ;
#5491 = CARTESIAN_POINT ( 'NONE',  ( -0.6276975177544251716, 0.7285559488550196194, 0.7299999999999999822 ) ) ;
#5492 = ORIENTED_EDGE ( 'NONE', *, *, #5389, .F. ) ;
#5493 = CARTESIAN_POINT ( 'NONE',  ( 0.2228833498070771357, -0.03981612662968277150, 0.05000000000000000278 ) ) ;
#5494 = LINE ( 'NONE', #2736, #5567 ) ;
#5495 = DIRECTION ( 'NONE',  ( -0.000000000000000000, 0.000000000000000000, 1.000000000000000000 ) ) ;
#5496 = ORIENTED_EDGE ( 'NONE', *, *, #368, .F. ) ;
#5497 = CARTESIAN_POINT ( 'NONE',  ( 0.07544745237117968240, -0.05816548560404174312, 0.05000000000000000278 ) ) ;
#5498 = CARTESIAN_POINT ( 'NONE',  ( 0.08386018471249248596, -0.06350750185062478681, 0.000000000000000000 ) ) ;
#5499 = EDGE_CURVE ( 'NONE', #3102, #592, #2255, .T. ) ;
#5500 = SURFACE_SIDE_STYLE ('',( #1306 ) ) ;
#5501 = ADVANCED_FACE ( 'NONE', ( #5573 ), #420, .T. ) ;
#5502 = VECTOR ( 'NONE', #4538, 1000.000000000000000 ) ;
#5503 = VERTEX_POINT ( 'NONE', #3647 ) ;
#5504 = CARTESIAN_POINT ( 'NONE',  ( -0.09250126557753829415, -0.09105811380916994935, 0.05000000000000000278 ) ) ;
#5505 = ORIENTED_EDGE ( 'NONE', *, *, #4163, .T. ) ;
#5506 = EDGE_CURVE ( 'NONE', #4516, #4403, #3978, .T. ) ;
#5507 = CARTESIAN_POINT ( 'NONE',  ( 0.1206405374805394337, -0.04751997610798588262, 1.355252715606880543E-17 ) ) ;
#5508 = CARTESIAN_POINT ( 'NONE',  ( 0.1156539752280235922, -0.03729306641370786629, 0.000000000000000000 ) ) ;
#5509 = SURFACE_SIDE_STYLE ('',( #5328 ) ) ;
#5510 = PRESENTATION_LAYER_ASSIGNMENT (  '', '', ( #835 ) ) ;
#5511 = AXIS2_PLACEMENT_3D ( 'NONE', #2468, #6222, #924 ) ;
#5512 = VECTOR ( 'NONE', #6157, 1000.000000000000000 ) ;
#5513 = EDGE_LOOP ( 'NONE', ( #3785, #3318, #4808, #723 ) ) ;
#5514 = VECTOR ( 'NONE', #3731, 1000.000000000000000 ) ;
#5515 = PLANE ( 'NONE',  #660 ) ;
#5516 = CARTESIAN_POINT ( 'NONE',  ( 0.08601934263168961592, -0.04747754086091094533, 0.05000000000000000278 ) ) ;
#5517 = FILL_AREA_STYLE ('',( #2931 ) ) ;
#5518 = PRESENTATION_LAYER_ASSIGNMENT (  '', '', ( #2999 ) ) ;
#5519 = DIRECTION ( 'NONE',  ( 0.000000000000000000, -0.000000000000000000, -1.000000000000000000 ) ) ;
#5520 = VECTOR ( 'NONE', #2442, 1000.000000000000000 ) ;
#5521 = FACE_OUTER_BOUND ( 'NONE', #2933, .T. ) ;
#5522 = ORIENTED_EDGE ( 'NONE', *, *, #1259, .F. ) ;
#5523 = EDGE_CURVE ( 'NONE', #3277, #6588, #6089, .T. ) ;
#5524 = ORIENTED_EDGE ( 'NONE', *, *, #4203, .T. ) ;
#5525 =( NAMED_UNIT ( * ) SI_UNIT ( $, .STERADIAN. ) SOLID_ANGLE_UNIT ( ) );
#5526 = DIRECTION ( 'NONE',  ( -0.000000000000000000, 1.000000000000000000, -0.000000000000000000 ) ) ;
#5527 = ORIENTED_EDGE ( 'NONE', *, *, #2729, .F. ) ;
#5528 = VECTOR ( 'NONE', #6396, 1000.000000000000000 ) ;
#5529 = ORIENTED_EDGE ( 'NONE', *, *, #780, .T. ) ;
#5530 = DIRECTION ( 'NONE',  ( 1.000000000000000000, 0.000000000000000000, 0.000000000000000000 ) ) ;
#5531 = CARTESIAN_POINT ( 'NONE',  ( -0.000000000000000000, -0.6249999999999997780, 0.000000000000000000 ) ) ;
#5532 =( LENGTH_UNIT ( ) NAMED_UNIT ( * ) SI_UNIT ( .MILLI., .METRE. ) );
#5533 = CARTESIAN_POINT ( 'NONE',  ( -0.1014222413064533868, -0.09474991807288055123, 0.05000000000000000278 ) ) ;
#5534 = CARTESIAN_POINT ( 'NONE',  ( 1.060000000000000719, 0.8750000000000000000, -0.02000000000000000042 ) ) ;
#5535 = ADVANCED_FACE ( 'NONE', ( #149 ), #5713, .T. ) ;
#5536 = VERTEX_POINT ( 'NONE', #6280 ) ;
#5537 = EDGE_CURVE ( 'NONE', #1423, #1086, #4500, .T. ) ;
#5538 = COLOUR_RGB ( '',0.5019607843137254832, 0.5019607843137254832, 0.000000000000000000 ) ;
#5539 = CARTESIAN_POINT ( 'NONE',  ( -0.05836110226497562281, -0.04068124080250513919, 0.000000000000000000 ) ) ;
#5540 = CARTESIAN_POINT ( 'NONE',  ( -0.6700000000000003730, 0.2550000000000002265, -0.02000000000000000042 ) ) ;
#5542 = ORIENTED_EDGE ( 'NONE', *, *, #4305, .T. ) ;
#5541 = FACE_OUTER_BOUND ( 'NONE', #4890, .T. ) ;
#5543 = CARTESIAN_POINT ( 'NONE',  ( 0.5500000000000003775, 0.2549999999999993938, 0.1499999999999999944 ) ) ;
#5544 = EDGE_CURVE ( 'NONE', #3865, #3862, #4149, .T. ) ;
#5546 = ORIENTED_EDGE ( 'NONE', *, *, #5649, .F. ) ;
#5545 = VECTOR ( 'NONE', #3999, 1000.000000000000000 ) ;
#5547 = ORIENTED_EDGE ( 'NONE', *, *, #3772, .T. ) ;
#5548 = AXIS2_PLACEMENT_3D ( 'NONE', #3933, #1876, #4555 ) ;
#5549 = CARTESIAN_POINT ( 'NONE',  ( 0.1470477500751176669, -0.05623002650176815026, 0.05000000000000000278 ) ) ;
#5550 = MECHANICAL_DESIGN_GEOMETRIC_PRESENTATION_REPRESENTATION (  '', ( #65 ), #2089 ) ;
#5551 = VECTOR ( 'NONE', #5978, 1000.000000000000000 ) ;
#5552 = CARTESIAN_POINT ( 'NONE',  ( -0.1846286694236921599, -0.1077648445784007286, 0.000000000000000000 ) ) ;
#5553 = FACE_OUTER_BOUND ( 'NONE', #2592, .T. ) ;
#5554 = CARTESIAN_POINT ( 'NONE',  ( 0.1249999999999998612, -1.060000000000000275, 0.1499999999999999944 ) ) ;
#5555 = DIRECTION ( 'NONE',  ( 0.000000000000000000, 0.000000000000000000, -1.000000000000000000 ) ) ;
#5556 = DIRECTION ( 'NONE',  ( -0.000000000000000000, 0.000000000000000000, 1.000000000000000000 ) ) ;
#5557 = ORIENTED_EDGE ( 'NONE', *, *, #33, .F. ) ;
#5558 = UNCERTAINTY_MEASURE_WITH_UNIT (LENGTH_MEASURE( 1.000000000000000082E-05 ), #3533, 'distance_accuracy_value', 'NONE');
#5559 = EDGE_CURVE ( 'NONE', #4940, #2373, #4404, .T. ) ;
#5560 = DIRECTION ( 'NONE',  ( -0.000000000000000000, -0.000000000000000000, -1.000000000000000000 ) ) ;
#5561 = AXIS2_PLACEMENT_3D ( 'NONE', #6755, #899, #6709 ) ;
#5562 = DIRECTION ( 'NONE',  ( 0.000000000000000000, 0.000000000000000000, -1.000000000000000000 ) ) ;
#5563 = CARTESIAN_POINT ( 'NONE',  ( 0.04596027288400020283, -0.1295597163732725154, -0.000000000000000000 ) ) ;
#5564 = EDGE_CURVE ( 'NONE', #1623, #3281, #2088, .T. ) ;
#5565 = PLANE ( 'NONE',  #573 ) ;
#5566 = ORIENTED_EDGE ( 'NONE', *, *, #1724, .T. ) ;
#5567 = VECTOR ( 'NONE', #5449, 1000.000000000000000 ) ;
#5568 = CARTESIAN_POINT ( 'NONE',  ( -0.06937561438413597514, -0.1266941727678024265, 0.05000000000000000278 ) ) ;
#5569 =( GEOMETRIC_REPRESENTATION_CONTEXT ( 3 ) GLOBAL_UNCERTAINTY_ASSIGNED_CONTEXT ( ( #6817 ) ) GLOBAL_UNIT_ASSIGNED_CONTEXT ( ( #143, #194, #4930 ) ) REPRESENTATION_CONTEXT ( 'NONE', 'WORKASPACE' ) );
#5570 = ORIENTED_EDGE ( 'NONE', *, *, #5649, .T. ) ;
#5571 = ORIENTED_EDGE ( 'NONE', *, *, #1702, .T. ) ;
#5572 = DIRECTION ( 'NONE',  ( 0.000000000000000000, 0.000000000000000000, -1.000000000000000000 ) ) ;
#5573 = FACE_OUTER_BOUND ( 'NONE', #4377, .T. ) ;
#5574 = CARTESIAN_POINT ( 'NONE',  ( 0.1617248932029776709, -0.07591314224640406672, 1.355252715606880543E-17 ) ) ;
#5575 = CARTESIAN_POINT ( 'NONE',  ( 0.1206016819319262467, -0.1320942471915408367, -0.000000000000000000 ) ) ;
#5576 = SURFACE_SIDE_STYLE ('',( #3748 ) ) ;
#5577 = DIRECTION ( 'NONE',  ( 7.132909029509896943E-17, -1.000000000000000000, -0.000000000000000000 ) ) ;
#5578 = CARTESIAN_POINT ( 'NONE',  ( -0.01942434250061519929, -0.1398161266296827909, 0.05000000000000000278 ) ) ;
#5579 = EDGE_CURVE ( 'NONE', #2116, #2576, #6671, .T. ) ;
#5580 = COLOUR_RGB ( '',0.5019607843137254832, 0.5019607843137254832, 0.000000000000000000 ) ;
#5581 = ORIENTED_EDGE ( 'NONE', *, *, #1812, .T. ) ;
#5582 = SURFACE_STYLE_USAGE ( .BOTH. , #5088 ) ;
#5583 = CARTESIAN_POINT ( 'NONE',  ( 1.050000000000000044, 0.3749999999999999445, 0.1499999999999999944 ) ) ;
#5584 = CARTESIAN_POINT ( 'NONE',  ( -0.06214627975033235052, -0.04117132747740025189, 0.000000000000000000 ) ) ;
#5585 = FACE_OUTER_BOUND ( 'NONE', #2334, .T. ) ;
#5586 = FILL_AREA_STYLE_COLOUR ( '', #790 ) ;
#5587 = ORIENTED_EDGE ( 'NONE', *, *, #2298, .F. ) ;
#5588 = EDGE_CURVE ( 'NONE', #670, #4287, #1574, .T. ) ;
#5589 = LINE ( 'NONE', #319, #1429 ) ;
#5590 = AXIS2_PLACEMENT_3D ( 'NONE', #477, #3552, #1994 ) ;
#5591 = FACE_OUTER_BOUND ( 'NONE', #3022, .T. ) ;
#5592 = ORIENTED_EDGE ( 'NONE', *, *, #1620, .F. ) ;
#5593 = SURFACE_STYLE_FILL_AREA ( #2610 ) ;
#5594 = PRESENTATION_LAYER_ASSIGNMENT (  '', '', ( #4390 ) ) ;
#5595 = LINE ( 'NONE', #280, #4432 ) ;
#5596 = LINE ( 'NONE', #5243, #2273 ) ;
#5597 = UNCERTAINTY_MEASURE_WITH_UNIT (LENGTH_MEASURE( 1.000000000000000082E-05 ), #6270, 'distance_accuracy_value', 'NONE');
#5598 = CARTESIAN_POINT ( 'NONE',  ( -0.06353741138012347633, -0.05215204748169664783, 0.000000000000000000 ) ) ;
#5599 = EDGE_CURVE ( 'NONE', #844, #1229, #2190, .T. ) ;
#5600 = CARTESIAN_POINT ( 'NONE',  ( 0.1631427149023316481, -0.08130439729417389405, 0.05000000000000000278 ) ) ;
#5601 = DIRECTION ( 'NONE',  ( -1.000000000000000000, -0.000000000000000000, -0.000000000000000000 ) ) ;
#5602 = FACE_OUTER_BOUND ( 'NONE', #415, .T. ) ;
#5603 = EDGE_LOOP ( 'NONE', ( #5522, #4320, #1782, #4140 ) ) ;
#5604 = DIRECTION ( 'NONE',  ( -0.000000000000000000, 0.000000000000000000, 1.000000000000000000 ) ) ;
#5605 = CARTESIAN_POINT ( 'NONE',  ( 1.050000000000000044, -0.1250000000000001110, 0.7500000000000000000 ) ) ;
#5606 = DIRECTION ( 'NONE',  ( 0.000000000000000000, 0.000000000000000000, -1.000000000000000000 ) ) ;
#5607 =( NAMED_UNIT ( * ) PLANE_ANGLE_UNIT ( ) SI_UNIT ( $, .RADIAN. ) );
#5608 = MECHANICAL_DESIGN_GEOMETRIC_PRESENTATION_REPRESENTATION (  '', ( #5265 ), #5972 ) ;
#5609 = ADVANCED_FACE ( 'NONE', ( #4848 ), #4623, .T. ) ;
#5610 =( GEOMETRIC_REPRESENTATION_CONTEXT ( 3 ) GLOBAL_UNCERTAINTY_ASSIGNED_CONTEXT ( ( #3930 ) ) GLOBAL_UNIT_ASSIGNED_CONTEXT ( ( #4097, #4653, #1456 ) ) REPRESENTATION_CONTEXT ( 'NONE', 'WORKASPACE' ) );
#5611 = UNCERTAINTY_MEASURE_WITH_UNIT (LENGTH_MEASURE( 1.000000000000000082E-05 ), #3173, 'distance_accuracy_value', 'NONE');
#5612 = EDGE_LOOP ( 'NONE', ( #1815, #1469, #6404, #952 ) ) ;
#5613 = PLANE ( 'NONE',  #4966 ) ;
#5614 = DIRECTION ( 'NONE',  ( -1.000000000000000000, 0.000000000000000000, 0.000000000000000000 ) ) ;
#5615 =( NAMED_UNIT ( * ) PLANE_ANGLE_UNIT ( ) SI_UNIT ( $, .RADIAN. ) );
#5616 = DIRECTION ( 'NONE',  ( 0.000000000000000000, 0.000000000000000000, 1.000000000000000000 ) ) ;
#5617 = ORIENTED_EDGE ( 'NONE', *, *, #5053, .F. ) ;
#5618 =( GEOMETRIC_REPRESENTATION_CONTEXT ( 3 ) GLOBAL_UNCERTAINTY_ASSIGNED_CONTEXT ( ( #1334 ) ) GLOBAL_UNIT_ASSIGNED_CONTEXT ( ( #4256, #4312, #2115 ) ) REPRESENTATION_CONTEXT ( 'NONE', 'WORKASPACE' ) );
#5619 = LINE ( 'NONE', #4039, #5303 ) ;
#5620 = DIRECTION ( 'NONE',  ( 0.000000000000000000, -0.000000000000000000, 1.000000000000000000 ) ) ;
#5621 = EDGE_CURVE ( 'NONE', #1082, #644, #4328, .T. ) ;
#5622 = ORIENTED_EDGE ( 'NONE', *, *, #4523, .T. ) ;
#5623 = CARTESIAN_POINT ( 'NONE',  ( -0.06846280403907673007, -0.1270156458604519978, 0.05000000000000000278 ) ) ;
#5624 = SURFACE_SIDE_STYLE ('',( #4556 ) ) ;
#5625 = ORIENTED_EDGE ( 'NONE', *, *, #4065, .T. ) ;
#5626 = DIRECTION ( 'NONE',  ( 0.000000000000000000, 0.000000000000000000, -1.000000000000000000 ) ) ;
#5627 = PRESENTATION_STYLE_ASSIGNMENT (( #1396 ) ) ;
#5628 = CARTESIAN_POINT ( 'NONE',  ( -0.04966904641828718409, -0.05044989798947618204, 0.000000000000000000 ) ) ;
#5629 = CARTESIAN_POINT ( 'NONE',  ( 0.1395491073040642793, -0.05184005345657553138, 0.05000000000000000278 ) ) ;
#5630 = ORIENTED_EDGE ( 'NONE', *, *, #2886, .T. ) ;
#5631 = CARTESIAN_POINT ( 'NONE',  ( 0.1406947945507601438, -0.1274578852976586130, 0.000000000000000000 ) ) ;
#5632 = CARTESIAN_POINT ( 'NONE',  ( -0.1392961373724100616, -0.1077648445784007286, 0.05000000000000000278 ) ) ;
#5633 = EDGE_LOOP ( 'NONE', ( #3688, #895, #5219, #4103 ) ) ;
#5634 = CARTESIAN_POINT ( 'NONE',  ( 0.1512073092755387982, -0.1200984798897787309, 0.05000000000000000278 ) ) ;
#5635 = DIRECTION ( 'NONE',  ( -1.032573497605242101E-16, 1.000000000000000000, 0.000000000000000000 ) ) ;
#5636 = CARTESIAN_POINT ( 'NONE',  ( 1.050000000000000044, -0.3750000000000000555, 0.1499999999999999944 ) ) ;
#5638 = VERTEX_POINT ( 'NONE', #2569 ) ;
#5637 = LINE ( 'NONE', #314, #5545 ) ;
#5639 = CARTESIAN_POINT ( 'NONE',  ( -0.08982606341354049118, -0.07487281215111733779, 0.000000000000000000 ) ) ;
#5640 = FILL_AREA_STYLE ('',( #5455 ) ) ;
#5641 = FILL_AREA_STYLE ('',( #4572 ) ) ;
#5642 = CARTESIAN_POINT ( 'NONE',  ( -0.08556421776015563085, -0.06670713372817778375, 0.05000000000000000278 ) ) ;
#5643 = ORIENTED_EDGE ( 'NONE', *, *, #5739, .F. ) ;
#5644 = CARTESIAN_POINT ( 'NONE',  ( 0.1602030613455386610, -0.1248922484245545694, 0.05000000000000000278 ) ) ;
#5645 = ADVANCED_FACE ( 'NONE', ( #4231 ), #609, .T. ) ;
#5646 = ORIENTED_EDGE ( 'NONE', *, *, #3926, .F. ) ;
#5647 = CARTESIAN_POINT ( 'NONE',  ( 2.606255222320932464E-16, 0.3750000000000007216, 0.000000000000000000 ) ) ;
#5648 =( LENGTH_UNIT ( ) NAMED_UNIT ( * ) SI_UNIT ( .MILLI., .METRE. ) );
#5649 = EDGE_CURVE ( 'NONE', #2373, #2951, #3399, .T. ) ;
#5650 = MECHANICAL_DESIGN_GEOMETRIC_PRESENTATION_REPRESENTATION (  '', ( #6374 ), #783 ) ;
#5651 = CARTESIAN_POINT ( 'NONE',  ( -0.05735299385284037266, -0.05113976543773979949, 0.000000000000000000 ) ) ;
#5652 = CARTESIAN_POINT ( 'NONE',  ( 0.1631427149023316481, -0.08130439729417389405, 1.355252715606880543E-17 ) ) ;
#5653 = CARTESIAN_POINT ( 'NONE',  ( 0.07605989088301719214, -0.05735748625362505765, 0.000000000000000000 ) ) ;
#5654 = CARTESIAN_POINT ( 'NONE',  ( 0.1512073092755387982, -0.1200984798897787309, -6.776263578034402713E-18 ) ) ;
#5655 = FILL_AREA_STYLE ('',( #4655 ) ) ;
#5656 = STYLED_ITEM ( 'NONE', ( #3344 ), #1275 ) ;
#5657 = CARTESIAN_POINT ( 'NONE',  ( -0.06916745142016138270, -0.05386290841499782878, 0.000000000000000000 ) ) ;
#5658 = ORIENTED_EDGE ( 'NONE', *, *, #4048, .T. ) ;
#5659 = CARTESIAN_POINT ( 'NONE',  ( 0.1612155083026757807, -0.1236482144554938850, 0.05000000000000000278 ) ) ;
#5660 = DIRECTION ( 'NONE',  ( 1.000000000000000000, 0.000000000000000000, 0.000000000000000000 ) ) ;
#5661 = CARTESIAN_POINT ( 'NONE',  ( -0.09080123138055243293, -0.07786390792755401580, 0.05000000000000000278 ) ) ;
#5662 = EDGE_CURVE ( 'NONE', #5774, #5451, #412, .T. ) ;
#5663 = VECTOR ( 'NONE', #1518, 999.9999999999998863 ) ;
#5664 = AXIS2_PLACEMENT_3D ( 'NONE', #5134, #902, #3580 ) ;
#5665 =( LENGTH_UNIT ( ) NAMED_UNIT ( * ) SI_UNIT ( .MILLI., .METRE. ) );
#5666 = EDGE_LOOP ( 'NONE', ( #2292, #4921, #1882, #1884 ) ) ;
#5667 = CARTESIAN_POINT ( 'NONE',  ( -0.04152644888073284829, -0.1295526279054420304, 0.05000000000000000278 ) ) ;
#5668 = FACE_OUTER_BOUND ( 'NONE', #5988, .T. ) ;
#5669 = SURFACE_STYLE_FILL_AREA ( #6433 ) ;
#5670 = SURFACE_STYLE_USAGE ( .BOTH. , #4601 ) ;
#5671 = ORIENTED_EDGE ( 'NONE', *, *, #651, .T. ) ;
#5672 = CARTESIAN_POINT ( 'NONE',  ( -0.09794462706407400243, -0.1115876503364740119, 0.000000000000000000 ) ) ;
#5673 = CARTESIAN_POINT ( 'NONE',  ( -0.09248289257279197761, -0.09216727043604100444, 0.05000000000000000278 ) ) ;
#5674 = SURFACE_STYLE_USAGE ( .BOTH. , #2991 ) ;
#5675 = CARTESIAN_POINT ( 'NONE',  ( 0.1602030613455386610, -0.1248922484245545694, 0.05000000000000000278 ) ) ;
#5676 = PRESENTATION_STYLE_ASSIGNMENT (( #5930 ) ) ;
#5677 = CARTESIAN_POINT ( 'NONE',  ( 0.09132455368475453361, -0.1354960773817930619, 0.000000000000000000 ) ) ;
#5678 = DIRECTION ( 'NONE',  ( 0.7941277684358859501, -0.6077508431907271413, 0.000000000000000000 ) ) ;
#5679 = EDGE_CURVE ( 'NONE', #5378, #1703, #3815, .T. ) ;
#5680 = DIRECTION ( 'NONE',  ( 1.032573497605242101E-16, -1.000000000000000000, 0.000000000000000000 ) ) ;
#5681 = VERTEX_POINT ( 'NONE', #2305 ) ;
#5682 = CARTESIAN_POINT ( 'NONE',  ( 0.1249999999999998612, -1.050000000000000044, 0.000000000000000000 ) ) ;
#5683 = CARTESIAN_POINT ( 'NONE',  ( 0.08330001647374379870, -0.1154571522707084213, 0.000000000000000000 ) ) ;
#5684 = CARTESIAN_POINT ( 'NONE',  ( -0.06615911814164082694, -0.05287702406558020263, 0.05000000000000000278 ) ) ;
#5685 = ORIENTED_EDGE ( 'NONE', *, *, #1778, .T. ) ;
#5686 = EDGE_CURVE ( 'NONE', #1404, #5080, #4322, .T. ) ;
#5687 = SURFACE_SIDE_STYLE ('',( #40 ) ) ;
#5688 = VECTOR ( 'NONE', #1147, 1000.000000000000000 ) ;
#5689 = UNCERTAINTY_MEASURE_WITH_UNIT (LENGTH_MEASURE( 1.000000000000000082E-05 ), #481, 'distance_accuracy_value', 'NONE');
#5690 = MECHANICAL_DESIGN_GEOMETRIC_PRESENTATION_REPRESENTATION (  '', ( #6676 ), #1401 ) ;
#5691 = PRESENTATION_STYLE_ASSIGNMENT (( #3993 ) ) ;
#5692 = LINE ( 'NONE', #3636, #6613 ) ;
#5693 = SURFACE_STYLE_FILL_AREA ( #4984 ) ;
#5694 = ORIENTED_EDGE ( 'NONE', *, *, #3804, .F. ) ;
#5695 = DIRECTION ( 'NONE',  ( 0.000000000000000000, -1.000000000000000000, 0.000000000000000000 ) ) ;
#5696 = PRESENTATION_LAYER_ASSIGNMENT (  '', '', ( #5355 ) ) ;
#5697 = CARTESIAN_POINT ( 'NONE',  ( -0.09250126557753829415, -0.09105811380916994935, 0.05000000000000000278 ) ) ;
#5698 = CARTESIAN_POINT ( 'NONE',  ( -0.08061014034880023549, -0.1202689619053537579, 0.05000000000000000278 ) ) ;
#5699 = ORIENTED_EDGE ( 'NONE', *, *, #3160, .F. ) ;
#5700 = DIRECTION ( 'NONE',  ( 1.000000000000000000, 0.000000000000000000, -0.000000000000000000 ) ) ;
#5701 = AXIS2_PLACEMENT_3D ( 'NONE', #2812, #4525, #6049 ) ;
#5702 = VERTEX_POINT ( 'NONE', #1222 ) ;
#5703 = STYLED_ITEM ( 'NONE', ( #3086 ), #4829 ) ;
#5704 =( NAMED_UNIT ( * ) PLANE_ANGLE_UNIT ( ) SI_UNIT ( $, .RADIAN. ) );
#5705 = CARTESIAN_POINT ( 'NONE',  ( -0.09209566685306988520, -0.08421987495380617306, 0.000000000000000000 ) ) ;
#5706 = CARTESIAN_POINT ( 'NONE',  ( 0.1602030613455386610, -0.1248922484245545694, 0.05000000000000000278 ) ) ;
#5707 = CARTESIAN_POINT ( 'NONE',  ( -0.07724277888363841049, -0.05815908693813007929, 0.000000000000000000 ) ) ;
#5708 = VERTEX_POINT ( 'NONE', #6036 ) ;
#5709 = AXIS2_PLACEMENT_3D ( 'NONE', #6571, #852, #2044 ) ;
#5710 = ORIENTED_EDGE ( 'NONE', *, *, #3743, .F. ) ;
#5711 = CARTESIAN_POINT ( 'NONE',  ( 0.1221593351030649532, -0.1423579420397377560, 0.05000000000000000278 ) ) ;
#5712 = FACE_OUTER_BOUND ( 'NONE', #2131, .T. ) ;
#5713 = PLANE ( 'NONE',  #5590 ) ;
#5714 = CARTESIAN_POINT ( 'NONE',  ( -0.06616815556846633584, -0.1276819888390659519, 0.05000000000000000278 ) ) ;
#5716 = ORIENTED_EDGE ( 'NONE', *, *, #2863, .T. ) ;
#5715 = VECTOR ( 'NONE', #3014, 1000.000000000000000 ) ;
#5717 = CARTESIAN_POINT ( 'NONE',  ( 0.1844218113455386721, -0.1295597163732725154, -0.000000000000000000 ) ) ;
#5718 = DIRECTION ( 'NONE',  ( -0.000000000000000000, 0.000000000000000000, 1.000000000000000000 ) ) ;
#5719 = CARTESIAN_POINT ( 'NONE',  ( -1.060000000000000719, 0.8750000000000002220, 0.1499999999999999944 ) ) ;
#5720 = CARTESIAN_POINT ( 'NONE',  ( -0.08610957536761036646, -0.1140285640356789032, 0.05000000000000000278 ) ) ;
#5721 = CARTESIAN_POINT ( 'NONE',  ( 0.09498235183450282060, -0.1256725880953677710, 0.05000000000000000278 ) ) ;
#5722 = CLOSED_SHELL ( 'NONE', ( #1551, #3062, #4636, #3026, #4415, #586, #356, #3561, #5347, #85, #5338, #4829, #5535, #1635, #2749, #4120, #2960, #4797, #4777, #658, #1041, #398, #2082, #863, #4709, #2173, #122, #260, #3324, #3145, #4315, #4859, #1079, #4744, #991, #1031, #2043, #5139, #5027, #4026, #6385, #3813, #5192, #1275, #6355, #2852, #510, #2138, #475, #6431, #1591, #4629, #6238, #5068, #6038, #985, #4193, #1484, #4280, #2615, #3710, #5313, #4129, #3594, #3, #1873, #2236, #5823, #1842, #3662, #3258, #3745, #4491, #4897, #793, #4236, #1709, #5167, #3297, #1028, #1478, #2014, #5855, #6272, #3224, #4703, #4935, #5609, #2881, #5817, #6278, #1626, #2166, #5813, #5780, #4821, #1973, #4786, #4457, #6212, #5966, #542, #3111, #4381, #11, #3914, #6526, #1110, #3666, #2129, #4526, #6492, #4159, #2079, #5501, #6105, #4346, #2513, #6461, #5743, #2208, #1181, #6419, #5645, #548, #426, #3495, #5997, #2012, #1558, #2543, #3178, #3532, #4969, #625, #6914, #328, #1513, #6803, #1414, #6316, #6767, #184, #1310, #4746, #2264, #5926 ) ) ;
#5723 = CARTESIAN_POINT ( 'NONE',  ( 0.08153270092914041700, -0.1282996544563532459, 0.000000000000000000 ) ) ;
#5724 = DIRECTION ( 'NONE',  ( -0.000000000000000000, -0.000000000000000000, -1.000000000000000000 ) ) ;
#5725 = VERTEX_POINT ( 'NONE', #6008 ) ;
#5726 = CARTESIAN_POINT ( 'NONE',  ( -0.1250000000000001388, 1.060000000000000275, 0.1499999999999999944 ) ) ;
#5727 = EDGE_CURVE ( 'NONE', #1423, #4675, #5494, .T. ) ;
#5728 = VECTOR ( 'NONE', #6664, 1000.000000000000000 ) ;
#5729 = CARTESIAN_POINT ( 'NONE',  ( -0.1014756245518972505, -0.09107814586045200056, 0.05000000000000000278 ) ) ;
#5730 = CARTESIAN_POINT ( 'NONE',  ( 0.1142416389211797223, -0.04764485167969017415, 0.000000000000000000 ) ) ;
#5731 = ORIENTED_EDGE ( 'NONE', *, *, #6315, .T. ) ;
#5732 = CARTESIAN_POINT ( 'NONE',  ( -0.1250000000000001388, 1.060000000000000275, 0.1499999999999999944 ) ) ;
#5733 =( NAMED_UNIT ( * ) SI_UNIT ( $, .STERADIAN. ) SOLID_ANGLE_UNIT ( ) );
#5734 = AXIS2_PLACEMENT_3D ( 'NONE', #5278, #2076, #5821 ) ;
#5735 = DIRECTION ( 'NONE',  ( -0.000000000000000000, -0.000000000000000000, -1.000000000000000000 ) ) ;
#5736 = ORIENTED_EDGE ( 'NONE', *, *, #4082, .F. ) ;
#5737 = CARTESIAN_POINT ( 'NONE',  ( 1.050000000000000266, -0.8749999999999998890, 0.7500000000000000000 ) ) ;
#5738 = CARTESIAN_POINT ( 'NONE',  ( -0.06357457675918450068, -0.1281847731463819640, 0.000000000000000000 ) ) ;
#5739 = EDGE_CURVE ( 'NONE', #6312, #2224, #4662, .T. ) ;
#5740 = ORIENTED_EDGE ( 'NONE', *, *, #2415, .T. ) ;
#5741 = ORIENTED_EDGE ( 'NONE', *, *, #3486, .F. ) ;
#5742 = PLANE ( 'NONE',  #4128 ) ;
#5743 = ADVANCED_FACE ( 'NONE', ( #6585 ), #2801, .T. ) ;
#5744 = FACE_OUTER_BOUND ( 'NONE', #5758, .T. ) ;
#5745 = DIRECTION ( 'NONE',  ( 0.000000000000000000, 0.000000000000000000, 1.000000000000000000 ) ) ;
#5746 = PRESENTATION_LAYER_ASSIGNMENT (  '', '', ( #965 ) ) ;
#5747 =( LENGTH_UNIT ( ) NAMED_UNIT ( * ) SI_UNIT ( .MILLI., .METRE. ) );
#5748 = CARTESIAN_POINT ( 'NONE',  ( 0.07938192100354897474, -0.1261423962992352099, 0.05000000000000000278 ) ) ;
#5749 = CARTESIAN_POINT ( 'NONE',  ( 0.000000000000000000, 0.000000000000000000, -0.02000000000000000042 ) ) ;
#5750 = DIRECTION ( 'NONE',  ( 1.000000000000000000, 0.000000000000000000, -0.000000000000000000 ) ) ;
#5751 = ORIENTED_EDGE ( 'NONE', *, *, #6544, .T. ) ;
#5752 = EDGE_LOOP ( 'NONE', ( #3450, #3546, #136, #3541, #6165, #4547, #5391, #5276, #6779, #3390, #4787, #5171 ) ) ;
#5753 = AXIS2_PLACEMENT_3D ( 'NONE', #2732, #4274, #1629 ) ;
#5754 = DIRECTION ( 'NONE',  ( -0.000000000000000000, -0.000000000000000000, -1.000000000000000000 ) ) ;
#5755 = CARTESIAN_POINT ( 'NONE',  ( 0.09082244725424534759, -0.1227955058837274932, 0.05000000000000000278 ) ) ;
#5756 = VECTOR ( 'NONE', #5309, 1000.000000000000000 ) ;
#5757 = CARTESIAN_POINT ( 'NONE',  ( -0.07619766375688019622, -0.1235274840767833365, 0.000000000000000000 ) ) ;
#5758 = EDGE_LOOP ( 'NONE', ( #3934, #1519, #5833, #5414 ) ) ;
#5759 = EDGE_CURVE ( 'NONE', #6631, #6725, #2181, .T. ) ;
#5760 = CARTESIAN_POINT ( 'NONE',  ( 0.1283561446006013518, -0.1417910304877106620, 0.000000000000000000 ) ) ;
#5761 = CARTESIAN_POINT ( 'NONE',  ( 1.060000000000000719, 0.8750000000000000000, 0.1499999999999999944 ) ) ;
#5762 = CIRCLE ( 'NONE', #6189, 0.1199999999999999956 ) ;
#5763 = CARTESIAN_POINT ( 'NONE',  ( -0.02839870147497414524, -0.05007253688609302616, 0.05000000000000000278 ) ) ;
#5764 = VERTEX_POINT ( 'NONE', #3296 ) ;
#5765 = CARTESIAN_POINT ( 'NONE',  ( 0.1252992994348399447, -0.1421181658279960236, 0.05000000000000000278 ) ) ;
#5766 = ORIENTED_EDGE ( 'NONE', *, *, #4758, .T. ) ;
#5767 = FACE_OUTER_BOUND ( 'NONE', #1716, .T. ) ;
#5768 = SURFACE_STYLE_USAGE ( .BOTH. , #5245 ) ;
#5769 = CARTESIAN_POINT ( 'NONE',  ( 0.1196381574993848201, -0.04750843432199046423, 0.05000000000000000278 ) ) ;
#5770 = FILL_AREA_STYLE_COLOUR ( '', #854 ) ;
#5771 = CARTESIAN_POINT ( 'NONE',  ( 0.05493463185835917306, -0.1398161266296827909, 0.000000000000000000 ) ) ;
#5772 = SURFACE_STYLE_FILL_AREA ( #1933 ) ;
#5773 = CYLINDRICAL_SURFACE ( 'NONE', #1284, 0.1199999999999999956 ) ;
#5774 = VERTEX_POINT ( 'NONE', #657 ) ;
#5775 = VECTOR ( 'NONE', #1297, 1000.000000000000000 ) ;
#5776 =( LENGTH_UNIT ( ) NAMED_UNIT ( * ) SI_UNIT ( .MILLI., .METRE. ) );
#5777 = SURFACE_SIDE_STYLE ('',( #2333 ) ) ;
#5779 = UNCERTAINTY_MEASURE_WITH_UNIT (LENGTH_MEASURE( 1.000000000000000082E-05 ), #1285, 'distance_accuracy_value', 'NONE');
#5778 = DIRECTION ( 'NONE',  ( -0.000000000000000000, 1.000000000000000000, 0.000000000000000000 ) ) ;
#5780 = ADVANCED_FACE ( 'NONE', ( #1491 ), #6556, .T. ) ;
#5781 = EDGE_CURVE ( 'NONE', #464, #3789, #6928, .T. ) ;
#5782 = VECTOR ( 'NONE', #2524, 1000.000000000000000 ) ;
#5783 = CARTESIAN_POINT ( 'NONE',  ( 0.1602030613455386610, -0.1248922484245545694, 0.05000000000000000278 ) ) ;
#5784 = PRESENTATION_STYLE_ASSIGNMENT (( #5371 ) ) ;
#5785 = DIRECTION ( 'NONE',  ( 1.000000000000000000, -6.950013926189140747E-16, -0.000000000000000000 ) ) ;
#5786 = CARTESIAN_POINT ( 'NONE',  ( 1.060000000000000719, 0.8750000000000000000, 0.1499999999999999944 ) ) ;
#5787 =( GEOMETRIC_REPRESENTATION_CONTEXT ( 3 ) GLOBAL_UNCERTAINTY_ASSIGNED_CONTEXT ( ( #950 ) ) GLOBAL_UNIT_ASSIGNED_CONTEXT ( ( #207, #1281, #6599 ) ) REPRESENTATION_CONTEXT ( 'NONE', 'WORKASPACE' ) );
#5788 = ORIENTED_EDGE ( 'NONE', *, *, #2659, .F. ) ;
#5789 = ORIENTED_EDGE ( 'NONE', *, *, #4459, .F. ) ;
#5790 = VECTOR ( 'NONE', #3362, 1000.000000000000000 ) ;
#5791 =( NAMED_UNIT ( * ) SI_UNIT ( $, .STERADIAN. ) SOLID_ANGLE_UNIT ( ) );
#5792 = ORIENTED_EDGE ( 'NONE', *, *, #4493, .T. ) ;
#5793 = CARTESIAN_POINT ( 'NONE',  ( 1.060000000000000719, 0.3749999999999999445, 0.1499999999999999944 ) ) ;
#5794 = DIRECTION ( 'NONE',  ( -0.000000000000000000, 0.000000000000000000, 1.000000000000000000 ) ) ;
#5795 = CARTESIAN_POINT ( 'NONE',  ( -0.06062771240796620970, -0.05161417969536417905, 0.05000000000000000278 ) ) ;
#5796 = ORIENTED_EDGE ( 'NONE', *, *, #5679, .T. ) ;
#5797 = CARTESIAN_POINT ( 'NONE',  ( 0.1533123937433988893, -0.06176323116728569401, 0.05000000000000000278 ) ) ;
#5798 = CARTESIAN_POINT ( 'NONE',  ( 0.1250000000000004163, 1.060000000000000275, 0.1499999999999999944 ) ) ;
#5799 = PLANE ( 'NONE',  #4577 ) ;
#5800 = LINE ( 'NONE', #2367, #4290 ) ;
#5801 = EDGE_CURVE ( 'NONE', #6180, #2828, #3554, .T. ) ;
#5802 = VERTEX_POINT ( 'NONE', #5493 ) ;
#5803 = SURFACE_STYLE_USAGE ( .BOTH. , #2578 ) ;
#5804 = FILL_AREA_STYLE_COLOUR ( '', #2022 ) ;
#5805 = CARTESIAN_POINT ( 'NONE',  ( 0.5500000000000003775, 0.7549999999999993383, 0.1499999999999999944 ) ) ;
#5806 = ORIENTED_EDGE ( 'NONE', *, *, #5318, .F. ) ;
#5807 = SURFACE_SIDE_STYLE ('',( #5593 ) ) ;
#5808 = CARTESIAN_POINT ( 'NONE',  ( -0.07871815129849273063, -0.1344363725179572866, 0.05000000000000000278 ) ) ;
#5809 = CARTESIAN_POINT ( 'NONE',  ( 0.1582463864900844064, -0.06840694324341951849, -0.000000000000000000 ) ) ;
#5810 = CARTESIAN_POINT ( 'NONE',  ( 0.6700000000000002620, -0.7549999999999998934, -0.02000000000000000042 ) ) ;
#5811 = ORIENTED_EDGE ( 'NONE', *, *, #4818, .T. ) ;
#5812 = DIRECTION ( 'NONE',  ( -0.000000000000000000, -0.000000000000000000, -1.000000000000000000 ) ) ;
#5813 = ADVANCED_FACE ( 'NONE', ( #5172 ), #172, .T. ) ;
#5814 = CARTESIAN_POINT ( 'NONE',  ( 0.1617248932029776709, -0.07591314224640406672, 0.05000000000000000278 ) ) ;
#5815 = SURFACE_SIDE_STYLE ('',( #3924 ) ) ;
#5816 = CARTESIAN_POINT ( 'NONE',  ( 1.060000000000000719, 0.6249999999999998890, 0.1499999999999999944 ) ) ;
#5817 = ADVANCED_FACE ( 'NONE', ( #3054 ), #4345, .T. ) ;
#5818 = EDGE_CURVE ( 'NONE', #2954, #6073, #236, .T. ) ;
#5819 =( NAMED_UNIT ( * ) SI_UNIT ( $, .STERADIAN. ) SOLID_ANGLE_UNIT ( ) );
#5820 = ORIENTED_EDGE ( 'NONE', *, *, #2372, .T. ) ;
#5821 = DIRECTION ( 'NONE',  ( 1.000000000000000000, 0.000000000000000000, 0.000000000000000000 ) ) ;
#5822 =( NAMED_UNIT ( * ) PLANE_ANGLE_UNIT ( ) SI_UNIT ( $, .RADIAN. ) );
#5823 = ADVANCED_FACE ( 'NONE', ( #404 ), #2475, .T. ) ;
#5824 = UNCERTAINTY_MEASURE_WITH_UNIT (LENGTH_MEASURE( 1.000000000000000082E-05 ), #2898, 'distance_accuracy_value', 'NONE');
#5825 = AXIS2_PLACEMENT_3D ( 'NONE', #2431, #1866, #4496 ) ;
#5826 = CARTESIAN_POINT ( 'NONE',  ( -1.060000000000000719, -0.3749999999999997780, 0.1499999999999999944 ) ) ;
#5827 = CARTESIAN_POINT ( 'NONE',  ( -0.1014756245518972505, -0.09107814586045200056, 0.000000000000000000 ) ) ;
#5828 = EDGE_LOOP ( 'NONE', ( #6696, #1579, #239, #4445, #6844, #362 ) ) ;
#5829 = EDGE_CURVE ( 'NONE', #23, #1630, #6254, .T. ) ;
#5830 = VECTOR ( 'NONE', #4667, 1000.000000000000000 ) ;
#5831 = CARTESIAN_POINT ( 'NONE',  ( 0.6700000000000003730, 0.7550000000000002265, 0.1499999999999999944 ) ) ;
#5832 = CARTESIAN_POINT ( 'NONE',  ( -0.05041392583394853355, -0.1398161266296827909, 0.000000000000000000 ) ) ;
#5833 = ORIENTED_EDGE ( 'NONE', *, *, #2031, .F. ) ;
#5834 = CARTESIAN_POINT ( 'NONE',  ( 0.5500000000000003775, 0.7450000000000009948, -0.02000000000000000042 ) ) ;
#5835 = SURFACE_STYLE_FILL_AREA ( #3903 ) ;
#5836 =( NAMED_UNIT ( * ) PLANE_ANGLE_UNIT ( ) SI_UNIT ( $, .RADIAN. ) );
#5837 = CARTESIAN_POINT ( 'NONE',  ( -0.1250000000000001388, 1.060000000000000275, -0.02000000000000000042 ) ) ;
#5838 = SURFACE_SIDE_STYLE ('',( #3960 ) ) ;
#5839 = EDGE_LOOP ( 'NONE', ( #2344, #4112, #4146, #5751, #2523, #4035 ) ) ;
#5840 = AXIS2_PLACEMENT_3D ( 'NONE', #3471, #2196, #3765 ) ;
#5841 = VECTOR ( 'NONE', #1570, 1000.000000000000114 ) ;
#5842 = CARTESIAN_POINT ( 'NONE',  ( -0.001475624551897254926, -0.05007253688609302616, 0.05000000000000000278 ) ) ;
#5843 = CARTESIAN_POINT ( 'NONE',  ( 0.1721479815769826338, -0.09926325071344067885, 0.05000000000000000278 ) ) ;
#5844 = B_SPLINE_CURVE_WITH_KNOTS ( 'NONE', 3,
 ( #5144, #1420, #5165, #976, #346, #1964, #393, #4659, #2033, #955, #5683 ),
 .UNSPECIFIED., .F., .F.,
 ( 4, 1, 1, 1, 1, 1, 1, 1, 4 ),
 ( 0.000000000000000000, 0.1285151895116619924, 0.2529486363526579629, 0.3747547340060051746, 0.4959397538670501371, 0.6171806414298927068, 0.7409094692781376112, 0.8678111481862029741, 1.000000000000000000 ),
 .UNSPECIFIED. ) ;
#5845 = DIRECTION ( 'NONE',  ( 0.000000000000000000, 0.000000000000000000, -1.000000000000000000 ) ) ;
#5846 = ORIENTED_EDGE ( 'NONE', *, *, #2280, .T. ) ;
#5847 = LINE ( 'NONE', #1299, #5433 ) ;
#5848 = CARTESIAN_POINT ( 'NONE',  ( -0.09179752698008362966, -0.1228567984992313261, 0.05000000000000000278 ) ) ;
#5849 = DIRECTION ( 'NONE',  ( -1.000000000000000000, 0.000000000000000000, -0.000000000000000000 ) ) ;
#5850 = FACE_BOUND ( 'NONE', #4723, .T. ) ;
#5851 = VERTEX_POINT ( 'NONE', #148 ) ;
#5852 = PRESENTATION_STYLE_ASSIGNMENT (( #4996 ) ) ;
#5853 = VECTOR ( 'NONE', #4626, 1000.000000000000000 ) ;
#5854 = CARTESIAN_POINT ( 'NONE',  ( 0.04596027288400020283, -0.05007253688609302616, 0.05000000000000000278 ) ) ;
#5855 = ADVANCED_FACE ( 'NONE', ( #5744 ), #6234, .T. ) ;
#5856 = DIRECTION ( 'NONE',  ( -0.000000000000000000, -0.000000000000000000, -1.000000000000000000 ) ) ;
#5857 = DIRECTION ( 'NONE',  ( 1.000000000000000000, 0.000000000000000000, 0.000000000000000000 ) ) ;
#5858 = CIRCLE ( 'NONE', #2476, 0.1200000000000001205 ) ;
#5859 = CARTESIAN_POINT ( 'NONE',  ( 0.1607247468542455093, -0.07333873930265920327, 0.05000000000000000278 ) ) ;
#5860 = VECTOR ( 'NONE', #6365, 1000.000000000000000 ) ;
#5861 =( LENGTH_UNIT ( ) NAMED_UNIT ( * ) SI_UNIT ( .MILLI., .METRE. ) );
#5862 = EDGE_CURVE ( 'NONE', #303, #6444, #3216, .T. ) ;
#5863 = CIRCLE ( 'NONE', #3275, 0.1199999999999999817 ) ;
#5864 = FACE_OUTER_BOUND ( 'NONE', #614, .T. ) ;
#5865 = ORIENTED_EDGE ( 'NONE', *, *, #597, .F. ) ;
#5866 = ORIENTED_EDGE ( 'NONE', *, *, #1766, .F. ) ;
#5867 = CARTESIAN_POINT ( 'NONE',  ( 0.1090141186750068630, -0.03800220208061512450, 0.000000000000000000 ) ) ;
#5868 = AXIS2_PLACEMENT_3D ( 'NONE', #3077, #2473, #4152 ) ;
#5869 = CIRCLE ( 'NONE', #1912, 0.1199999999999999956 ) ;
#5870 = PLANE ( 'NONE',  #6203 ) ;
#5871 = DIRECTION ( 'NONE',  ( 0.4188422247446085267, 0.9080590238365492395, 0.000000000000000000 ) ) ;
#5872 = FACE_OUTER_BOUND ( 'NONE', #1046, .T. ) ;
#5873 = EDGE_LOOP ( 'NONE', ( #2657, #3917, #5736, #4362 ) ) ;
#5874 = EDGE_CURVE ( 'NONE', #1524, #4287, #2780, .T. ) ;
#5875 = EDGE_LOOP ( 'NONE', ( #2877, #1852, #6154, #120 ) ) ;
#5876 = DIRECTION ( 'NONE',  ( 0.000000000000000000, 0.000000000000000000, -1.000000000000000000 ) ) ;
#5877 = CARTESIAN_POINT ( 'NONE',  ( -0.1014576540524939202, -0.09231418124578641415, 0.05000000000000000278 ) ) ;
#5878 = AXIS2_PLACEMENT_3D ( 'NONE', #5805, #4743, #2078 ) ;
#5879 =( GEOMETRIC_REPRESENTATION_CONTEXT ( 3 ) GLOBAL_UNCERTAINTY_ASSIGNED_CONTEXT ( ( #3120 ) ) GLOBAL_UNIT_ASSIGNED_CONTEXT ( ( #3068, #4173, #433 ) ) REPRESENTATION_CONTEXT ( 'NONE', 'WORKASPACE' ) );
#5880 = DIRECTION ( 'NONE',  ( -1.000000000000000000, 5.560011140951313386E-16, -0.000000000000000000 ) ) ;
#5881 = CARTESIAN_POINT ( 'NONE',  ( 0.04596027288400020283, -0.1295597163732725154, 0.05000000000000000278 ) ) ;
#5882 = ORIENTED_EDGE ( 'NONE', *, *, #4657, .F. ) ;
#5883 = MECHANICAL_DESIGN_GEOMETRIC_PRESENTATION_REPRESENTATION (  '', ( #518 ), #2307 ) ;
#5884 = CARTESIAN_POINT ( 'NONE',  ( -0.01942434250061519929, -0.03981612662968277150, 0.000000000000000000 ) ) ;
#5885 = ORIENTED_EDGE ( 'NONE', *, *, #4870, .T. ) ;
#5886 = VECTOR ( 'NONE', #4351, 1000.000000000000000 ) ;
#5887 = VECTOR ( 'NONE', #3377, 1000.000000000000000 ) ;
#5889 = VERTEX_POINT ( 'NONE', #3475 ) ;
#5888 = LINE ( 'NONE', #2552, #2844 ) ;
#5890 =( LENGTH_UNIT ( ) NAMED_UNIT ( * ) SI_UNIT ( .MILLI., .METRE. ) );
#5891 = MECHANICAL_DESIGN_GEOMETRIC_PRESENTATION_REPRESENTATION (  '', ( #3726 ), #2770 ) ;
#5892 = EDGE_CURVE ( 'NONE', #5503, #1329, #2240, .T. ) ;
#5893 = LINE ( 'NONE', #3637, #6403 ) ;
#5894 = DIRECTION ( 'NONE',  ( 1.000000000000000000, 0.000000000000000000, 0.000000000000000000 ) ) ;
#5895 = CARTESIAN_POINT ( 'NONE',  ( -0.1846286694236921599, -0.1077648445784007286, 0.05000000000000000278 ) ) ;
#5896 = VERTEX_POINT ( 'NONE', #5042 ) ;
#5897 = DIRECTION ( 'NONE',  ( 1.000000000000000000, 0.000000000000000000, -0.000000000000000000 ) ) ;
#5898 = CARTESIAN_POINT ( 'NONE',  ( -0.09540984697864707265, -0.06429230386114875850, 0.000000000000000000 ) ) ;
#5899 = DIRECTION ( 'NONE',  ( 0.000000000000000000, 0.000000000000000000, -1.000000000000000000 ) ) ;
#5900 = COLOUR_RGB ( '',0.5019607843137254832, 0.5019607843137254832, 0.000000000000000000 ) ;
#5901 = LINE ( 'NONE', #970, #223 ) ;
#5902 = EDGE_LOOP ( 'NONE', ( #2147, #113, #6848, #1113 ) ) ;
#5903 = CARTESIAN_POINT ( 'NONE',  ( -0.001475624551897254926, -0.09109817791173405177, 0.05000000000000000278 ) ) ;
#5904 = DIRECTION ( 'NONE',  ( -0.000000000000000000, -0.000000000000000000, -1.000000000000000000 ) ) ;
#5905 = UNCERTAINTY_MEASURE_WITH_UNIT (LENGTH_MEASURE( 1.000000000000000082E-05 ), #760, 'distance_accuracy_value', 'NONE');
#5906 = CARTESIAN_POINT ( 'NONE',  ( -1.060000000000000497, -0.8749999999999997780, -0.02000000000000000042 ) ) ;
#5907 =( LENGTH_UNIT ( ) NAMED_UNIT ( * ) SI_UNIT ( .MILLI., .METRE. ) );
#5908 = CARTESIAN_POINT ( 'NONE',  ( 0.2318577087814361337, -0.1398161266296827909, 0.05000000000000000278 ) ) ;
#5909 = ORIENTED_EDGE ( 'NONE', *, *, #4012, .T. ) ;
#5910 = SURFACE_STYLE_FILL_AREA ( #4981 ) ;
#5911 = EDGE_CURVE ( 'NONE', #3112, #3850, #6826, .T. ) ;
#5912 = DIRECTION ( 'NONE',  ( 0.000000000000000000, -0.000000000000000000, -1.000000000000000000 ) ) ;
#5913 = FILL_AREA_STYLE ('',( #5277 ) ) ;
#5914 = CARTESIAN_POINT ( 'NONE',  ( -0.1622729001929228976, -0.05930731252711866908, 0.05000000000000000278 ) ) ;
#5915 = SURFACE_SIDE_STYLE ('',( #3501 ) ) ;
#5916 = CARTESIAN_POINT ( 'NONE',  ( -0.1004107851309982286, -0.07872441364849007417, 0.000000000000000000 ) ) ;
#5917 = ORIENTED_EDGE ( 'NONE', *, *, #3329, .T. ) ;
#5918 = VECTOR ( 'NONE', #6800, 1000.000000000000000 ) ;
#5919 = PRESENTATION_LAYER_ASSIGNMENT (  '', '', ( #1996 ) ) ;
#5920 = DIRECTION ( 'NONE',  ( 0.000000000000000000, -0.000000000000000000, 1.000000000000000000 ) ) ;
#5921 = ORIENTED_EDGE ( 'NONE', *, *, #757, .F. ) ;
#5922 = DIRECTION ( 'NONE',  ( 1.000000000000000000, 0.000000000000000000, 0.000000000000000000 ) ) ;
#5923 = COLOUR_RGB ( '',0.5019607843137254832, 0.5019607843137254832, 0.000000000000000000 ) ;
#5924 = STYLED_ITEM ( 'NONE', ( #2109 ), #658 ) ;
#5925 = CARTESIAN_POINT ( 'NONE',  ( 0.08386018471249248596, -0.06350750185062478681, 0.05000000000000000278 ) ) ;
#5926 = ADVANCED_FACE ( 'NONE', ( #5553 ), #1273, .F. ) ;
#5927 = LINE ( 'NONE', #298, #4591 ) ;
#5928 = VERTEX_POINT ( 'NONE', #1256 ) ;
#5929 = EDGE_CURVE ( 'NONE', #1329, #1532, #1475, .T. ) ;
#5930 = SURFACE_STYLE_USAGE ( .BOTH. , #6493 ) ;
#5931 = CARTESIAN_POINT ( 'NONE',  ( 0.5500000000000002665, -0.2450000000000006339, -0.02000000000000000042 ) ) ;
#5932 = LINE ( 'NONE', #1370, #89 ) ;
#5933 = CARTESIAN_POINT ( 'NONE',  ( 0.1562816648834516875, -0.1290082180882404228, 0.05000000000000000278 ) ) ;
#5934 = SURFACE_STYLE_FILL_AREA ( #3871 ) ;
#5935 = AXIS2_PLACEMENT_3D ( 'NONE', #5831, #6470, #47 ) ;
#5936 = CARTESIAN_POINT ( 'NONE',  ( 0.1632281790691835766, -0.1211751655866908639, 0.000000000000000000 ) ) ;
#5937 = LINE ( 'NONE', #2854, #4867 ) ;
#5938 = DIRECTION ( 'NONE',  ( -1.000000000000000000, 0.000000000000000000, -0.000000000000000000 ) ) ;
#5939 = B_SPLINE_CURVE_WITH_KNOTS ( 'NONE', 3,
 ( #4301, #679, #2692, #6458, #3801, #4342, #5446, #4366, #3243, #61, #5962, #2734, #3781, #6498, #1192, #3293, #607, #4324, #1146 ),
 .UNSPECIFIED., .F., .F.,
 ( 4, 1, 1, 1, 1, 1, 1, 1, 1, 1, 1, 1, 1, 1, 1, 1, 4 ),
 ( 0.000000000000000000, 0.06167423887742606164, 0.1230530616348059353, 0.1834750007317021148, 0.2437265005106117044, 0.3042789165122536388, 0.3648629209606825685, 0.4259462039686194301, 0.4873912299654080127, 0.5492203840754761313, 0.6111435886926029903, 0.6735285303101520293, 0.7369614566573040593, 0.8007852828728401207, 0.8660125956416147019, 0.9321007477905783878, 0.9999999999999998890 ),
 .UNSPECIFIED. ) ;
#5940 = DIRECTION ( 'NONE',  ( -1.000000000000000000, 0.000000000000000000, -0.000000000000000000 ) ) ;
#5941 = VECTOR ( 'NONE', #3704, 1000.000000000000000 ) ;
#5942 = PLANE ( 'NONE',  #2054 ) ;
#5943 = ORIENTED_EDGE ( 'NONE', *, *, #1248, .T. ) ;
#5944 = CARTESIAN_POINT ( 'NONE',  ( -0.07604169046424470724, -0.1357340969613363701, 0.05000000000000000278 ) ) ;
#5945 = LINE ( 'NONE', #1145, #1700 ) ;
#5946 =( LENGTH_UNIT ( ) NAMED_UNIT ( * ) SI_UNIT ( .MILLI., .METRE. ) );
#5947 = CARTESIAN_POINT ( 'NONE',  ( -0.09839822272709516926, -0.07120922719698231929, 0.05000000000000000278 ) ) ;
#5948 = VERTEX_POINT ( 'NONE', #5534 ) ;
#5949 = CARTESIAN_POINT ( 'NONE',  ( 0.08676323183674479467, -0.06031903155924741439, 0.05000000000000000278 ) ) ;
#5950 = VECTOR ( 'NONE', #6761, 1000.000000000000000 ) ;
#5951 = CARTESIAN_POINT ( 'NONE',  ( 0.09693576690736183110, -0.05285438162576646531, 0.05000000000000000278 ) ) ;
#5952 = ORIENTED_EDGE ( 'NONE', *, *, #6864, .F. ) ;
#5953 = ORIENTED_EDGE ( 'NONE', *, *, #2521, .T. ) ;
#5954 = CARTESIAN_POINT ( 'NONE',  ( 0.1190772600634873862, -0.03725202406558020263, 0.000000000000000000 ) ) ;
#5955 = EDGE_CURVE ( 'NONE', #4029, #1809, #1307, .T. ) ;
#5956 =( GEOMETRIC_REPRESENTATION_CONTEXT ( 3 ) GLOBAL_UNCERTAINTY_ASSIGNED_CONTEXT ( ( #2795 ) ) GLOBAL_UNIT_ASSIGNED_CONTEXT ( ( #4461, #1813, #5525 ) ) REPRESENTATION_CONTEXT ( 'NONE', 'WORKASPACE' ) );
#5957 = ORIENTED_EDGE ( 'NONE', *, *, #2803, .T. ) ;
#5958 = CARTESIAN_POINT ( 'NONE',  ( 0.08601934263168961592, -0.04747754086091094533, 0.000000000000000000 ) ) ;
#5959 = AXIS2_PLACEMENT_3D ( 'NONE', #831, #6194, #4511 ) ;
#5960 = VERTEX_POINT ( 'NONE', #6594 ) ;
#5961 = CARTESIAN_POINT ( 'NONE',  ( -0.09353168527998381721, -0.06108338808348747623, 0.000000000000000000 ) ) ;
#5962 = CARTESIAN_POINT ( 'NONE',  ( 0.09687007059061895908, -0.1382259108542665815, 0.000000000000000000 ) ) ;
#5963 = CARTESIAN_POINT ( 'NONE',  ( 1.050000000000000044, 0.6249999999999998890, 0.1499999999999999944 ) ) ;
#5964 = VECTOR ( 'NONE', #3369, 1000.000000000000000 ) ;
#5965 =( LENGTH_UNIT ( ) NAMED_UNIT ( * ) SI_UNIT ( .MILLI., .METRE. ) );
#5966 = ADVANCED_FACE ( 'NONE', ( #3879 ), #1322, .T. ) ;
#5967 = EDGE_CURVE ( 'NONE', #2061, #3902, #6887, .T. ) ;
#5969 = ORIENTED_EDGE ( 'NONE', *, *, #3874, .F. ) ;
#5968 = VECTOR ( 'NONE', #6806, 1000.000000000000000 ) ;
#5970 = SURFACE_STYLE_USAGE ( .BOTH. , #4394 ) ;
#5971 = CARTESIAN_POINT ( 'NONE',  ( -0.05893473490254278607, -0.1395069888485747645, 0.05000000000000000278 ) ) ;
#5972 =( GEOMETRIC_REPRESENTATION_CONTEXT ( 3 ) GLOBAL_UNCERTAINTY_ASSIGNED_CONTEXT ( ( #3496 ) ) GLOBAL_UNIT_ASSIGNED_CONTEXT ( ( #6878, #485, #555 ) ) REPRESENTATION_CONTEXT ( 'NONE', 'WORKASPACE' ) );
#5973 = DIRECTION ( 'NONE',  ( 0.000000000000000000, -0.000000000000000000, -1.000000000000000000 ) ) ;
#5974 = STYLED_ITEM ( 'NONE', ( #1007 ), #4897 ) ;
#5975 = FILL_AREA_STYLE_COLOUR ( '', #4648 ) ;
#5977 = ORIENTED_EDGE ( 'NONE', *, *, #2315, .F. ) ;
#5976 = FACE_OUTER_BOUND ( 'NONE', #3790, .T. ) ;
#5978 = DIRECTION ( 'NONE',  ( 0.000000000000000000, 0.000000000000000000, -1.000000000000000000 ) ) ;
#5979 = DIRECTION ( 'NONE',  ( 0.000000000000000000, -1.000000000000000000, 0.000000000000000000 ) ) ;
#5980 = CARTESIAN_POINT ( 'NONE',  ( -0.001475624551897254926, -0.09109817791173405177, 0.000000000000000000 ) ) ;
#5981 = VECTOR ( 'NONE', #5356, 1000.000000000000000 ) ;
#5982 = LINE ( 'NONE', #6000, #309 ) ;
#5983 = ORIENTED_EDGE ( 'NONE', *, *, #6906, .F. ) ;
#5984 = EDGE_CURVE ( 'NONE', #2571, #3762, #6650, .T. ) ;
#5985 = CARTESIAN_POINT ( 'NONE',  ( -0.7589828794336488382, 0.7285559488550196194, 0.7299999999999999822 ) ) ;
#5986 = CARTESIAN_POINT ( 'NONE',  ( -0.08665937337801853102, -0.05269137625991825863, 0.05000000000000000278 ) ) ;
#5987 = CARTESIAN_POINT ( 'NONE',  ( 0.1844218113455386721, -0.1398161266296827909, -0.000000000000000000 ) ) ;
#5988 = EDGE_LOOP ( 'NONE', ( #6742, #2624, #5587, #766 ) ) ;
#5989 = CARTESIAN_POINT ( 'NONE',  ( -0.02839870147497414524, -0.05007253688609302616, 0.05000000000000000278 ) ) ;
#5990 = DIRECTION ( 'NONE',  ( 0.000000000000000000, 1.000000000000000000, 0.000000000000000000 ) ) ;
#5991 = ORIENTED_EDGE ( 'NONE', *, *, #5424, .T. ) ;
#5992 = UNCERTAINTY_MEASURE_WITH_UNIT (LENGTH_MEASURE( 1.000000000000000082E-05 ), #6807, 'distance_accuracy_value', 'NONE');
#5993 = CARTESIAN_POINT ( 'NONE',  ( 0.08363394696207367141, -0.04932506015832933272, 0.05000000000000000278 ) ) ;
#5994 =( NAMED_UNIT ( * ) SI_UNIT ( $, .STERADIAN. ) SOLID_ANGLE_UNIT ( ) );
#5995 = CARTESIAN_POINT ( 'NONE',  ( 0.09056953938280604133, -0.05693882752920078477, 0.05000000000000000278 ) ) ;
#5996 = ORIENTED_EDGE ( 'NONE', *, *, #631, .F. ) ;
#5997 = ADVANCED_FACE ( 'NONE', ( #3386 ), #4635, .T. ) ;
#5998 = VECTOR ( 'NONE', #896, 1000.000000000000000 ) ;
#5999 = DIRECTION ( 'NONE',  ( 1.000000000000000000, -2.125886612716674341E-16, 0.000000000000000000 ) ) ;
#6000 = CARTESIAN_POINT ( 'NONE',  ( -0.1392961373724100616, -0.1077648445784007286, 0.000000000000000000 ) ) ;
#6001 = VECTOR ( 'NONE', #3738, 1000.000000000000000 ) ;
#6002 = ORIENTED_EDGE ( 'NONE', *, *, #4082, .T. ) ;
#6003 = EDGE_CURVE ( 'NONE', #6726, #670, #3796, .T. ) ;
#6004 = CARTESIAN_POINT ( 'NONE',  ( 0.05493463185835917306, -0.03981612662968277150, -0.000000000000000000 ) ) ;
#6005 = CARTESIAN_POINT ( 'NONE',  ( -0.1014552700705732696, -0.08965491419665341799, 0.05000000000000000278 ) ) ;
#6006 = CARTESIAN_POINT ( 'NONE',  ( -0.005000000000000028727, 0.5600000000000001643, 0.000000000000000000 ) ) ;
#6007 = CARTESIAN_POINT ( 'NONE',  ( -1.050000000000000266, 1.050000000000000044, 0.7500000000000000000 ) ) ;
#6008 = CARTESIAN_POINT ( 'NONE',  ( -0.8902682411128723938, 0.7285559488550196194, 0.7299999999999999822 ) ) ;
#6009 = MECHANICAL_DESIGN_GEOMETRIC_PRESENTATION_REPRESENTATION (  '', ( #1149 ), #5879 ) ;
#6010 = VECTOR ( 'NONE', #4582, 1000.000000000000000 ) ;
#6011 =( NAMED_UNIT ( * ) PLANE_ANGLE_UNIT ( ) SI_UNIT ( $, .RADIAN. ) );
#6012 = LINE ( 'NONE', #1045, #5841 ) ;
#6013 = CARTESIAN_POINT ( 'NONE',  ( -0.07312352285875886593, -0.1368320972414398262, 0.05000000000000000278 ) ) ;
#6014 = DIRECTION ( 'NONE',  ( -4.170008355713484547E-16, -1.000000000000000000, 0.000000000000000000 ) ) ;
#6015 = CARTESIAN_POINT ( 'NONE',  ( -0.08917388471332068911, -0.05523586442066060614, 0.05000000000000000278 ) ) ;
#6016 = DIRECTION ( 'NONE',  ( 0.000000000000000000, -0.000000000000000000, 1.000000000000000000 ) ) ;
#6017 = CARTESIAN_POINT ( 'NONE',  ( 0.09693576690736183110, -0.05285438162576646531, 0.000000000000000000 ) ) ;
#6018 = EDGE_LOOP ( 'NONE', ( #6814, #6344, #708, #3274 ) ) ;
#6019 = FACE_OUTER_BOUND ( 'NONE', #3050, .T. ) ;
#6020 =( GEOMETRIC_REPRESENTATION_CONTEXT ( 3 ) GLOBAL_UNCERTAINTY_ASSIGNED_CONTEXT ( ( #4763 ) ) GLOBAL_UNIT_ASSIGNED_CONTEXT ( ( #2191, #6440, #43 ) ) REPRESENTATION_CONTEXT ( 'NONE', 'WORKASPACE' ) );
#6021 = COLOUR_RGB ( '',0.5019607843137254832, 0.5019607843137254832, 0.000000000000000000 ) ;
#6022 = PLANE ( 'NONE',  #3638 ) ;
#6023 = EDGE_CURVE ( 'NONE', #3101, #5702, #6932, .T. ) ;
#6024 = FACE_OUTER_BOUND ( 'NONE', #893, .T. ) ;
#6025 = CARTESIAN_POINT ( 'NONE',  ( 0.1250000000000004163, 1.050000000000000044, 0.1499999999999999944 ) ) ;
#6026 = EDGE_LOOP ( 'NONE', ( #3191, #3770, #240, #5061, #1341, #1170 ) ) ;
#6027 =( GEOMETRIC_REPRESENTATION_CONTEXT ( 3 ) GLOBAL_UNCERTAINTY_ASSIGNED_CONTEXT ( ( #6352 ) ) GLOBAL_UNIT_ASSIGNED_CONTEXT ( ( #1077, #1678, #4279 ) ) REPRESENTATION_CONTEXT ( 'NONE', 'WORKASPACE' ) );
#6028 = COLOUR_RGB ( '',0.5019607843137254832, 0.5019607843137254832, 0.000000000000000000 ) ;
#6029 = PRESENTATION_STYLE_ASSIGNMENT (( #3400 ) ) ;
#6030 = DIRECTION ( 'NONE',  ( -1.000000000000000000, 0.000000000000000000, -0.000000000000000000 ) ) ;
#6031 = PRODUCT_DEFINITION_SHAPE ( 'NONE', 'NONE',  #18 ) ;
#6032 = DIRECTION ( 'NONE',  ( 1.000000000000000000, 0.000000000000000000, -0.000000000000000000 ) ) ;
#6033 = CARTESIAN_POINT ( 'NONE',  ( -0.6700000000000011502, -0.6249999999999997780, -0.02000000000000000042 ) ) ;
#6034 = FILL_AREA_STYLE ('',( #744 ) ) ;
#6035 = CARTESIAN_POINT ( 'NONE',  ( -0.05475806948284626940, -0.1397799297826695375, 0.05000000000000000278 ) ) ;
#6036 = CARTESIAN_POINT ( 'NONE',  ( 0.07544745237117968240, -0.05816548560404174312, -0.000000000000000000 ) ) ;
#6037 = COLOUR_RGB ( '',0.5019607843137254832, 0.5019607843137254832, 0.000000000000000000 ) ;
#6038 = ADVANCED_FACE ( 'NONE', ( #2699 ), #1435, .F. ) ;
#6039 = ORIENTED_EDGE ( 'NONE', *, *, #5523, .T. ) ;
#6040 = ORIENTED_EDGE ( 'NONE', *, *, #6681, .T. ) ;
#6041 = DIRECTION ( 'NONE',  ( 0.000000000000000000, 0.000000000000000000, -1.000000000000000000 ) ) ;
#6042 = ORIENTED_EDGE ( 'NONE', *, *, #5892, .F. ) ;
#6043 = LINE ( 'NONE', #3493, #4806 ) ;
#6044 = EDGE_CURVE ( 'NONE', #6927, #3862, #1395, .T. ) ;
#6045 = DIRECTION ( 'NONE',  ( -1.000000000000000000, 0.000000000000000000, -0.000000000000000000 ) ) ;
#6046 = VERTEX_POINT ( 'NONE', #486 ) ;
#6047 = ORIENTED_EDGE ( 'NONE', *, *, #707, .F. ) ;
#6048 = COLOUR_RGB ( '',0.5019607843137254832, 0.5019607843137254832, 0.000000000000000000 ) ;
#6049 = DIRECTION ( 'NONE',  ( -1.000000000000000000, 0.000000000000000000, 0.000000000000000000 ) ) ;
#6050 = ORIENTED_EDGE ( 'NONE', *, *, #6182, .F. ) ;
#6051 =( NAMED_UNIT ( * ) PLANE_ANGLE_UNIT ( ) SI_UNIT ( $, .RADIAN. ) );
#6052 = CARTESIAN_POINT ( 'NONE',  ( -0.08174154711172999799, -0.06204861873636684233, 0.05000000000000000278 ) ) ;
#6053 = EDGE_CURVE ( 'NONE', #1106, #4847, #4221, .T. ) ;
#6054 = ORIENTED_EDGE ( 'NONE', *, *, #453, .T. ) ;
#6055 =( GEOMETRIC_REPRESENTATION_CONTEXT ( 3 ) GLOBAL_UNCERTAINTY_ASSIGNED_CONTEXT ( ( #2393 ) ) GLOBAL_UNIT_ASSIGNED_CONTEXT ( ( #6474, #673, #5363 ) ) REPRESENTATION_CONTEXT ( 'NONE', 'WORKASPACE' ) );
#6056 = CARTESIAN_POINT ( 'NONE',  ( 0.5500000000000002665, -0.7450000000000006617, 0.1499999999999999944 ) ) ;
#6058 = ORIENTED_EDGE ( 'NONE', *, *, #4223, .T. ) ;
#6057 = FACE_OUTER_BOUND ( 'NONE', #4532, .T. ) ;
#6059 = CARTESIAN_POINT ( 'NONE',  ( -0.1014151543187279958, -0.08684992951860663613, 0.05000000000000000278 ) ) ;
#6060 = CARTESIAN_POINT ( 'NONE',  ( 0.07926029868746627127, -0.05345637888030294743, 0.05000000000000000278 ) ) ;
#6061 = CARTESIAN_POINT ( 'NONE',  ( -0.09179752698008362966, -0.1228567984992313261, 0.05000000000000000278 ) ) ;
#6062 = CARTESIAN_POINT ( 'NONE',  ( -0.5500000000000002665, -0.7450000000000006617, 0.1499999999999999944 ) ) ;
#6063 = EDGE_CURVE ( 'NONE', #4694, #3310, #3714, .T. ) ;
#6064 = FILL_AREA_STYLE_COLOUR ( '', #6935 ) ;
#6065 = SURFACE_STYLE_FILL_AREA ( #5026 ) ;
#6066 = PRESENTATION_LAYER_ASSIGNMENT (  '', '', ( #3768 ) ) ;
#6067 = ORIENTED_EDGE ( 'NONE', *, *, #2435, .T. ) ;
#6068 = DIRECTION ( 'NONE',  ( 0.000000000000000000, 0.000000000000000000, -1.000000000000000000 ) ) ;
#6069 = STYLED_ITEM ( 'NONE', ( #1510 ), #5027 ) ;
#6070 = LINE ( 'NONE', #1572, #3034 ) ;
#6071 = SURFACE_STYLE_USAGE ( .BOTH. , #259 ) ;
#6072 = VECTOR ( 'NONE', #5457, 1000.000000000000000 ) ;
#6073 = VERTEX_POINT ( 'NONE', #5771 ) ;
#6074 = CARTESIAN_POINT ( 'NONE',  ( -1.060000000000000497, -0.6249999999999997780, 0.1499999999999999944 ) ) ;
#6075 = DIRECTION ( 'NONE',  ( 6.950013926189140747E-16, 1.000000000000000000, 0.000000000000000000 ) ) ;
#6076 =( GEOMETRIC_REPRESENTATION_CONTEXT ( 3 ) GLOBAL_UNCERTAINTY_ASSIGNED_CONTEXT ( ( #1132 ) ) GLOBAL_UNIT_ASSIGNED_CONTEXT ( ( #2299, #3358, #1817 ) ) REPRESENTATION_CONTEXT ( 'NONE', 'WORKASPACE' ) );
#6077 = SURFACE_SIDE_STYLE ('',( #249 ) ) ;
#6078 = CARTESIAN_POINT ( 'NONE',  ( -0.04966919879205956845, -0.04000809817442686073, 0.000000000000000000 ) ) ;
#6079 = FILL_AREA_STYLE_COLOUR ( '', #3342 ) ;
#6080 = DIRECTION ( 'NONE',  ( 1.000000000000000000, 0.000000000000000000, 0.000000000000000000 ) ) ;
#6081 = CARTESIAN_POINT ( 'NONE',  ( 0.1638729388606065818, -0.09139432459817062315, 0.05000000000000000278 ) ) ;
#6082 = ORIENTED_EDGE ( 'NONE', *, *, #3006, .T. ) ;
#6083 = ORIENTED_EDGE ( 'NONE', *, *, #4608, .F. ) ;
#6084 = UNCERTAINTY_MEASURE_WITH_UNIT (LENGTH_MEASURE( 1.000000000000000082E-05 ), #2545, 'distance_accuracy_value', 'NONE');
#6085 = VERTEX_POINT ( 'NONE', #6854 ) ;
#6086 = CARTESIAN_POINT ( 'NONE',  ( -0.06555081141073595963, -0.04178562474438155677, 0.000000000000000000 ) ) ;
#6087 = CARTESIAN_POINT ( 'NONE',  ( -0.09248660022428120686, -0.08988858580066876047, 0.05000000000000000278 ) ) ;
#6088 = SURFACE_STYLE_FILL_AREA ( #4959 ) ;
#6089 = LINE ( 'NONE', #5761, #2715 ) ;
#6090 = EDGE_CURVE ( 'NONE', #100, #3459, #568, .T. ) ;
#6091 = FACE_OUTER_BOUND ( 'NONE', #185, .T. ) ;
#6092 = ORIENTED_EDGE ( 'NONE', *, *, #3467, .T. ) ;
#6093 = DIRECTION ( 'NONE',  ( 0.000000000000000000, -0.000000000000000000, -1.000000000000000000 ) ) ;
#6094 = LINE ( 'NONE', #4832, #417 ) ;
#6095 = AXIS2_PLACEMENT_3D ( 'NONE', #2894, #5604, #6759 ) ;
#6096 = EDGE_CURVE ( 'NONE', #4154, #4970, #6070, .T. ) ;
#6097 = CARTESIAN_POINT ( 'NONE',  ( 0.1470477500751176669, -0.05623002650176815026, 1.355252715606880543E-17 ) ) ;
#6098 = CARTESIAN_POINT ( 'NONE',  ( 0.1639089908327181766, -0.08991628688609304421, 0.000000000000000000 ) ) ;
#6099 = CARTESIAN_POINT ( 'NONE',  ( 0.09114851912365873332, -0.04417150003088989030, 0.000000000000000000 ) ) ;
#6100 = LINE ( 'NONE', #5605, #2811 ) ;
#6101 =( NAMED_UNIT ( * ) SI_UNIT ( $, .STERADIAN. ) SOLID_ANGLE_UNIT ( ) );
#6102 = CARTESIAN_POINT ( 'NONE',  ( -0.1250000000000001388, 1.050000000000000044, 0.1499999999999999944 ) ) ;
#6103 = SURFACE_STYLE_USAGE ( .BOTH. , #5509 ) ;
#6104 = STYLED_ITEM ( 'NONE', ( #4107 ), #2236 ) ;
#6105 = ADVANCED_FACE ( 'NONE', ( #1655 ), #5799, .T. ) ;
#6106 = ORIENTED_EDGE ( 'NONE', *, *, #2449, .T. ) ;
#6107 = LINE ( 'NONE', #3631, #4866 ) ;
#6108 = DIRECTION ( 'NONE',  ( 1.000000000000000000, 0.000000000000000000, 0.000000000000000000 ) ) ;
#6109 = CARTESIAN_POINT ( 'NONE',  ( -0.1250000000000000000, 0.6800000000000001599, -0.02000000000000000042 ) ) ;
#6110 =( NAMED_UNIT ( * ) PLANE_ANGLE_UNIT ( ) SI_UNIT ( $, .RADIAN. ) );
#6111 = VECTOR ( 'NONE', #4941, 1000.000000000000000 ) ;
#6112 = ORIENTED_EDGE ( 'NONE', *, *, #377, .F. ) ;
#6113 =( GEOMETRIC_REPRESENTATION_CONTEXT ( 3 ) GLOBAL_UNCERTAINTY_ASSIGNED_CONTEXT ( ( #2973 ) ) GLOBAL_UNIT_ASSIGNED_CONTEXT ( ( #5412, #514, #1581 ) ) REPRESENTATION_CONTEXT ( 'NONE', 'WORKASPACE' ) );
#6114 = COLOUR_RGB ( '',0.5019607843137254832, 0.5019607843137254832, 0.000000000000000000 ) ;
#6115 = LINE ( 'NONE', #827, #1861 ) ;
#6116 = EDGE_CURVE ( 'NONE', #4083, #2488, #5901, .T. ) ;
#6117 = PLANE ( 'NONE',  #3884 ) ;
#6118 =( LENGTH_UNIT ( ) NAMED_UNIT ( * ) SI_UNIT ( .MILLI., .METRE. ) );
#6119 = VECTOR ( 'NONE', #2563, 1000.000000000000000 ) ;
#6120 = SURFACE_STYLE_FILL_AREA ( #2511 ) ;
#6121 = UNCERTAINTY_MEASURE_WITH_UNIT (LENGTH_MEASURE( 1.000000000000000082E-05 ), #6118, 'distance_accuracy_value', 'NONE');
#6122 = SURFACE_STYLE_FILL_AREA ( #4307 ) ;
#6123 = ORIENTED_EDGE ( 'NONE', *, *, #4772, .T. ) ;
#6124 = CARTESIAN_POINT ( 'NONE',  ( 0.1513646237909567760, -0.05980203229655610409, 0.05000000000000000278 ) ) ;
#6125 = ORIENTED_EDGE ( 'NONE', *, *, #4178, .F. ) ;
#6126 = EDGE_LOOP ( 'NONE', ( #6249, #476, #5140, #977 ) ) ;
#6127 =( NAMED_UNIT ( * ) SI_UNIT ( $, .STERADIAN. ) SOLID_ANGLE_UNIT ( ) );
#6128 = CARTESIAN_POINT ( 'NONE',  ( 0.1479385716758462865, -0.1229131577554386096, 0.05000000000000000278 ) ) ;
#6129 = ORIENTED_EDGE ( 'NONE', *, *, #6557, .T. ) ;
#6130 = ORIENTED_EDGE ( 'NONE', *, *, #1305, .T. ) ;
#6131 = UNCERTAINTY_MEASURE_WITH_UNIT (LENGTH_MEASURE( 1.000000000000000082E-05 ), #5648, 'distance_accuracy_value', 'NONE');
#6132 = CARTESIAN_POINT ( 'NONE',  ( 0.6700000000000003730, 0.2450000000000001066, -0.02000000000000000042 ) ) ;
#6133 = ORIENTED_EDGE ( 'NONE', *, *, #5967, .T. ) ;
#6134 = CARTESIAN_POINT ( 'NONE',  ( -0.6700000000000011502, -0.3749999999999998890, 0.1499999999999999944 ) ) ;
#6135 = LINE ( 'NONE', #1827, #2680 ) ;
#6136 = CARTESIAN_POINT ( 'NONE',  ( -0.6700000000000003730, 0.2550000000000002265, 0.000000000000000000 ) ) ;
#6137 = PLANE ( 'NONE',  #620 ) ;
#6139 = ORIENTED_EDGE ( 'NONE', *, *, #1869, .F. ) ;
#6138 = VECTOR ( 'NONE', #2992, 1000.000000000000000 ) ;
#6140 = LINE ( 'NONE', #3414, #4901 ) ;
#6141 = ORIENTED_EDGE ( 'NONE', *, *, #12, .T. ) ;
#6142 = CARTESIAN_POINT ( 'NONE',  ( -3.475006963094568894E-16, -0.6249999999999994449, 0.000000000000000000 ) ) ;
#6143 = SURFACE_SIDE_STYLE ('',( #4204 ) ) ;
#6144 = EDGE_CURVE ( 'NONE', #6367, #5260, #5893, .T. ) ;
#6146 = ORIENTED_EDGE ( 'NONE', *, *, #1399, .F. ) ;
#6145 = VECTOR ( 'NONE', #779, 1000.000000000000000 ) ;
#6147 = CARTESIAN_POINT ( 'NONE',  ( 0.1638746044585538408, -0.08698509636695171687, 0.05000000000000000278 ) ) ;
#6148 = CARTESIAN_POINT ( 'NONE',  ( -0.06846280403907673007, -0.1270156458604519978, 0.05000000000000000278 ) ) ;
#6149 = CIRCLE ( 'NONE', #1920, 0.1199999999999999956 ) ;
#6150 = EDGE_LOOP ( 'NONE', ( #1047, #2589, #4257, #6488 ) ) ;
#6151 = FILL_AREA_STYLE_COLOUR ( '', #3250 ) ;
#6152 = FILL_AREA_STYLE_COLOUR ( '', #709 ) ;
#6153 = CARTESIAN_POINT ( 'NONE',  ( -0.1250000000000001388, 1.060000000000000275, -0.02000000000000000042 ) ) ;
#6154 = ORIENTED_EDGE ( 'NONE', *, *, #1407, .T. ) ;
#6155 = DIRECTION ( 'NONE',  ( 1.000000000000000000, 0.000000000000000000, -0.000000000000000000 ) ) ;
#6156 = MECHANICAL_DESIGN_GEOMETRIC_PRESENTATION_REPRESENTATION (  '', ( #5003 ), #2098 ) ;
#6157 = DIRECTION ( 'NONE',  ( 0.000000000000000000, 0.000000000000000000, -1.000000000000000000 ) ) ;
#6158 = CARTESIAN_POINT ( 'NONE',  ( 0.1844218113455386721, -0.1398161266296827909, 0.05000000000000000278 ) ) ;
#6159 = CARTESIAN_POINT ( 'NONE',  ( 0.000000000000000000, 0.3750000000000002220, 0.000000000000000000 ) ) ;
#6160 = EDGE_CURVE ( 'NONE', #4360, #2422, #1468, .T. ) ;
#6161 = CARTESIAN_POINT ( 'NONE',  ( 0.1423385656422750112, -0.1380393195995977818, 0.05000000000000000278 ) ) ;
#6162 = ORIENTED_EDGE ( 'NONE', *, *, #847, .T. ) ;
#6163 = ORIENTED_EDGE ( 'NONE', *, *, #4971, .T. ) ;
#6164 = DIRECTION ( 'NONE',  ( -0.000000000000000000, -0.000000000000000000, -1.000000000000000000 ) ) ;
#6165 = ORIENTED_EDGE ( 'NONE', *, *, #1544, .F. ) ;
#6166 = CARTESIAN_POINT ( 'NONE',  ( 0.1249999999999998612, -1.060000000000000275, 0.1499999999999999944 ) ) ;
#6167 = VECTOR ( 'NONE', #2062, 1000.000000000000000 ) ;
#6168 = CARTESIAN_POINT ( 'NONE',  ( 0.1639089908327181766, -0.08991628688609304421, 1.355252715606880543E-17 ) ) ;
#6169 = CARTESIAN_POINT ( 'NONE',  ( 0.2228833498070771357, -0.03981612662968277150, 0.05000000000000000278 ) ) ;
#6170 = CARTESIAN_POINT ( 'NONE',  ( -0.03542995147497418618, -0.05007253688609302616, 0.000000000000000000 ) ) ;
#6171 =( LENGTH_UNIT ( ) NAMED_UNIT ( * ) SI_UNIT ( .MILLI., .METRE. ) );
#6172 = CARTESIAN_POINT ( 'NONE',  ( 0.1326261447191826592, -0.1304988188454261899, -6.776263578034402713E-18 ) ) ;
#6173 = CARTESIAN_POINT ( 'NONE',  ( 0.1607801841009994515, -0.1064868592119384422, 0.05000000000000000278 ) ) ;
#6174 = VERTEX_POINT ( 'NONE', #6879 ) ;
#6175 =( NAMED_UNIT ( * ) PLANE_ANGLE_UNIT ( ) SI_UNIT ( $, .RADIAN. ) );
#6176 = LINE ( 'NONE', #6074, #2562 ) ;
#6177 = CARTESIAN_POINT ( 'NONE',  ( -0.07471314747656133959, -0.05654012476988172498, 0.000000000000000000 ) ) ;
#6178 = CARTESIAN_POINT ( 'NONE',  ( -0.03961665019292291701, -0.03981612662968277844, 0.000000000000000000 ) ) ;
#6179 = SURFACE_STYLE_USAGE ( .BOTH. , #5206 ) ;
#6180 = VERTEX_POINT ( 'NONE', #2128 ) ;
#6181 = VECTOR ( 'NONE', #936, 1000.000000000000000 ) ;
#6182 = EDGE_CURVE ( 'NONE', #6376, #2603, #4470, .T. ) ;
#6183 = CARTESIAN_POINT ( 'NONE',  ( 0.1189570677557950928, -0.1423802291937853737, 0.05000000000000000278 ) ) ;
#6184 = LINE ( 'NONE', #3367, #6516 ) ;
#6185 = AXIS2_PLACEMENT_3D ( 'NONE', #1708, #705, #4957 ) ;
#6186 = VECTOR ( 'NONE', #3686, 1000.000000000000000 ) ;
#6187 = DIRECTION ( 'NONE',  ( 0.000000000000000000, -1.000000000000000000, 0.000000000000000000 ) ) ;
#6188 = VERTEX_POINT ( 'NONE', #4145 ) ;
#6189 = AXIS2_PLACEMENT_3D ( 'NONE', #4070, #5084, #1883 ) ;
#6190 = CYLINDRICAL_SURFACE ( 'NONE', #4046, 0.1312853616792236666 ) ;
#6191 = EDGE_CURVE ( 'NONE', #4899, #3291, #4212, .T. ) ;
#6192 = PLANE ( 'NONE',  #6697 ) ;
#6193 = ORIENTED_EDGE ( 'NONE', *, *, #4384, .T. ) ;
#6194 = DIRECTION ( 'NONE',  ( -0.000000000000000000, -0.000000000000000000, 1.000000000000000000 ) ) ;
#6195 = CARTESIAN_POINT ( 'NONE',  ( 0.1190772600634873862, -0.03725202406558020263, 0.000000000000000000 ) ) ;
#6196 = VECTOR ( 'NONE', #4275, 1000.000000000000000 ) ;
#6197 = CARTESIAN_POINT ( 'NONE',  ( 0.09687007059061895908, -0.1382259108542665815, 0.000000000000000000 ) ) ;
#6198 = DIRECTION ( 'NONE',  ( -0.000000000000000000, 1.000000000000000000, -0.000000000000000000 ) ) ;
#6199 = DIRECTION ( 'NONE',  ( -1.000000000000000000, 0.000000000000000000, 0.000000000000000000 ) ) ;
#6200 = LINE ( 'NONE', #1984, #6446 ) ;
#6201 = AXIS2_PLACEMENT_3D ( 'NONE', #306, #2519, #3005 ) ;
#6202 = LINE ( 'NONE', #4839, #4792 ) ;
#6203 = AXIS2_PLACEMENT_3D ( 'NONE', #4303, #5845, #2303 ) ;
#6204 = CARTESIAN_POINT ( 'NONE',  ( -0.1249999999999997641, 4.458068143443676653E-17, 0.000000000000000000 ) ) ;
#6205 = LINE ( 'NONE', #4885, #6610 ) ;
#6206 = SURFACE_STYLE_FILL_AREA ( #2055 ) ;
#6207 = ORIENTED_EDGE ( 'NONE', *, *, #416, .T. ) ;
#6208 = ORIENTED_EDGE ( 'NONE', *, *, #4101, .F. ) ;
#6209 = STYLED_ITEM ( 'NONE', ( #6577 ), #2014 ) ;
#6210 = ORIENTED_EDGE ( 'NONE', *, *, #2985, .T. ) ;
#6211 = VECTOR ( 'NONE', #4840, 1000.000000000000000 ) ;
#6212 = ADVANCED_FACE ( 'NONE', ( #4992 ), #1013, .T. ) ;
#6213 = UNCERTAINTY_MEASURE_WITH_UNIT (LENGTH_MEASURE( 1.000000000000000082E-05 ), #324, 'distance_accuracy_value', 'NONE');
#6214 = ORIENTED_EDGE ( 'NONE', *, *, #534, .T. ) ;
#6215 = CARTESIAN_POINT ( 'NONE',  ( -0.08890899060881470028, -0.1090506031981786639, 0.05000000000000000278 ) ) ;
#6216 = CARTESIAN_POINT ( 'NONE',  ( -0.06773756805252273416, -0.1272262471415056828, 0.000000000000000000 ) ) ;
#6217 = ORIENTED_EDGE ( 'NONE', *, *, #2841, .F. ) ;
#6218 = CARTESIAN_POINT ( 'NONE',  ( -0.09250126557753829415, -0.09105811380916994935, 0.000000000000000000 ) ) ;
#6219 = PLANE ( 'NONE',  #5126 ) ;
#6220 = VERTEX_POINT ( 'NONE', #1159 ) ;
#6221 =( NAMED_UNIT ( * ) SI_UNIT ( $, .STERADIAN. ) SOLID_ANGLE_UNIT ( ) );
#6222 = DIRECTION ( 'NONE',  ( 0.6077508431907272524, 0.7941277684358859501, -0.000000000000000000 ) ) ;
#6223 = EDGE_LOOP ( 'NONE', ( #2890, #1464, #5300, #6083 ) ) ;
#6224 = EDGE_CURVE ( 'NONE', #4443, #4358, #3028, .T. ) ;
#6225 = DIRECTION ( 'NONE',  ( -1.000000000000000000, 0.000000000000000000, -0.000000000000000000 ) ) ;
#6226 = CARTESIAN_POINT ( 'NONE',  ( 0.09936334172606962889, -0.1280458820354458682, 0.000000000000000000 ) ) ;
#6227 = ORIENTED_EDGE ( 'NONE', *, *, #611, .T. ) ;
#6228 =( GEOMETRIC_REPRESENTATION_CONTEXT ( 3 ) GLOBAL_UNCERTAINTY_ASSIGNED_CONTEXT ( ( #6429 ) ) GLOBAL_UNIT_ASSIGNED_CONTEXT ( ( #2161, #636, #5427 ) ) REPRESENTATION_CONTEXT ( 'NONE', 'WORKASPACE' ) );
#6229 = CARTESIAN_POINT ( 'NONE',  ( 1.050000000000000266, -0.8750000000000000000, 0.000000000000000000 ) ) ;
#6230 = CARTESIAN_POINT ( 'NONE',  ( 0.1189570677557950790, -0.1423802291937853459, 0.000000000000000000 ) ) ;
#6231 = CARTESIAN_POINT ( 'NONE',  ( -0.1617320348083075288, -0.03981612662968277150, 0.05000000000000000278 ) ) ;
#6232 = CARTESIAN_POINT ( 'NONE',  ( 0.6700000000000002620, -0.7449999999999997735, -0.02000000000000000042 ) ) ;
#6233 = EDGE_CURVE ( 'NONE', #6588, #1106, #3464, .T. ) ;
#6234 = CYLINDRICAL_SURFACE ( 'NONE', #5123, 0.1200000000000001343 ) ;
#6235 = MECHANICAL_DESIGN_GEOMETRIC_PRESENTATION_REPRESENTATION (  '', ( #1822 ), #4775 ) ;
#6236 = AXIS2_PLACEMENT_3D ( 'NONE', #5422, #3195, #3817 ) ;
#6237 = ORIENTED_EDGE ( 'NONE', *, *, #397, .T. ) ;
#6238 = ADVANCED_FACE ( 'NONE', ( #5474 ), #1091, .T. ) ;
#6239 = SURFACE_SIDE_STYLE ('',( #1194 ) ) ;
#6240 =( GEOMETRIC_REPRESENTATION_CONTEXT ( 3 ) GLOBAL_UNCERTAINTY_ASSIGNED_CONTEXT ( ( #6855 ) ) GLOBAL_UNIT_ASSIGNED_CONTEXT ( ( #3076, #6837, #3615 ) ) REPRESENTATION_CONTEXT ( 'NONE', 'WORKASPACE' ) );
#6241 = CARTESIAN_POINT ( 'NONE',  ( -0.03542995147497418618, -0.05007253688609302616, 0.000000000000000000 ) ) ;
#6242 = DIRECTION ( 'NONE',  ( 0.000000000000000000, 0.000000000000000000, -1.000000000000000000 ) ) ;
#6243 = CARTESIAN_POINT ( 'NONE',  ( -0.1799011053211280187, -0.09750843432199045313, 0.05000000000000000278 ) ) ;
#6244 = CARTESIAN_POINT ( 'NONE',  ( 0.1567756223276907390, -0.1136910652537791860, 0.05000000000000000278 ) ) ;
#6245 = B_SPLINE_SURFACE_WITH_KNOTS ( 'NONE', 3, 1, ( 
 ( #2142, #5827 ),
 ( #5877, #4253 ),
 ( #2111, #1081 ),
 ( #6915, #6399 ),
 ( #4228, #567 ),
 ( #5352, #6938 ),
 ( #44, #5285 ),
 ( #6356, #4799 ),
 ( #2611, #3179 ),
 ( #4283, #3155 ),
 ( #1582, #3667 ),
 ( #5848, #3692 ),
 ( #4822, #3761 ),
 ( #2648, #589 ),
 ( #1612, #4842 ),
 ( #2083, #2167 ),
 ( #2192, #6420 ),
 ( #5808, #135 ),
 ( #5944, #3341 ),
 ( #6013, #2785 ),
 ( #4887, #1151 ),
 ( #3784, #2698 ),
 ( #1734, #1713 ),
 ( #5971, #151 ),
 ( #1754, #3251 ),
 ( #5434, #662 ),
 ( #4372, #5453 ) ),
 .UNSPECIFIED., .F., .F., .F.,
 ( 4, 1, 1, 1, 1, 1, 1, 1, 1, 1, 1, 1, 1, 1, 1, 1, 1, 1, 1, 1, 1, 1, 1, 1, 4 ),
 ( 2, 2 ),
 ( 0.000000000000000000, 0.04608068338724808505, 0.09080679960761632585, 0.1342952705290698101, 0.1770243856662442605, 0.2188227336826557845, 0.2602441163273736535, 0.3010798671134452542, 0.3416138942851569826, 0.3815834185517461008, 0.4201195913296167928, 0.4580746185423136829, 0.4947384876076563742, 0.5311946228937135528, 0.5669336984503785537, 0.6027126507379957365, 0.6383266061284351700, 0.6748532488548241171, 0.7134673707840598622, 0.7544418038483806654, 0.7978153607124988111, 0.8439894562081102780, 0.8930715698796480861, 0.9449633461781439259, 1.000000000000000000 ),
 ( 0.000000000000000000, 1.000000000000000000 ),
 .UNSPECIFIED. ) ;
#6246 = CARTESIAN_POINT ( 'NONE',  ( 0.1844218113455386721, -0.1398161266296827909, 0.05000000000000000278 ) ) ;
#6247 = MECHANICAL_DESIGN_GEOMETRIC_PRESENTATION_REPRESENTATION (  '', ( #530 ), #3590 ) ;
#6248 = CARTESIAN_POINT ( 'NONE',  ( -0.08860907364907824602, -0.07202082614551068296, 0.000000000000000000 ) ) ;
#6249 = ORIENTED_EDGE ( 'NONE', *, *, #3974, .F. ) ;
#6250 = CARTESIAN_POINT ( 'NONE',  ( 0.1087961517880754320, -0.1311760488969945515, 0.000000000000000000 ) ) ;
#6251 = DIRECTION ( 'NONE',  ( -1.000000000000000000, -2.065146995210484202E-16, 0.000000000000000000 ) ) ;
#6252 =( NAMED_UNIT ( * ) PLANE_ANGLE_UNIT ( ) SI_UNIT ( $, .RADIAN. ) );
#6253 = EDGE_CURVE ( 'NONE', #6725, #310, #4737, .T. ) ;
#6254 = LINE ( 'NONE', #6062, #910 ) ;
#6255 = CARTESIAN_POINT ( 'NONE',  ( 0.1369978927550010994, -0.1399380096950512686, 0.000000000000000000 ) ) ;
#6256 = EDGE_LOOP ( 'NONE', ( #5492, #6795, #2839, #266, #535, #5646, #3300 ) ) ;
#6257 = CARTESIAN_POINT ( 'NONE',  ( 0.05493463185835917306, -0.03981612662968277150, 0.05000000000000000278 ) ) ;
#6258 = CARTESIAN_POINT ( 'NONE',  ( -0.06357457675918450068, -0.1281847731463819640, 0.05000000000000000278 ) ) ;
#6259 = COLOUR_RGB ( '',0.5019607843137254832, 0.5019607843137254832, 0.000000000000000000 ) ;
#6260 = SURFACE_STYLE_USAGE ( .BOTH. , #918 ) ;
#6261 = ORIENTED_EDGE ( 'NONE', *, *, #1651, .F. ) ;
#6262 =( NAMED_UNIT ( * ) PLANE_ANGLE_UNIT ( ) SI_UNIT ( $, .RADIAN. ) );
#6263 = CARTESIAN_POINT ( 'NONE',  ( -0.08610957536761036646, -0.1140285640356789032, 0.000000000000000000 ) ) ;
#6264 = SURFACE_SIDE_STYLE ('',( #4252 ) ) ;
#6265 = DIRECTION ( 'NONE',  ( -1.000000000000000000, 0.000000000000000000, 0.000000000000000000 ) ) ;
#6266 = ORIENTED_EDGE ( 'NONE', *, *, #2435, .F. ) ;
#6267 = LINE ( 'NONE', #6662, #2019 ) ;
#6268 = CARTESIAN_POINT ( 'NONE',  ( -1.050000000000000044, -1.050000000000000044, 0.7500000000000000000 ) ) ;
#6269 = CARTESIAN_POINT ( 'NONE',  ( 0.1089984646787595796, -0.04847974241352749625, -0.000000000000000000 ) ) ;
#6270 =( LENGTH_UNIT ( ) NAMED_UNIT ( * ) SI_UNIT ( .MILLI., .METRE. ) );
#6271 = CARTESIAN_POINT ( 'NONE',  ( -0.07471314747656133959, -0.05654012476988172498, 0.05000000000000000278 ) ) ;
#6272 = ADVANCED_FACE ( 'NONE', ( #4918 ), #4833, .T. ) ;
#6273 = FACE_BOUND ( 'NONE', #1998, .T. ) ;
#6274 = ORIENTED_EDGE ( 'NONE', *, *, #6544, .F. ) ;
#6275 = EDGE_CURVE ( 'NONE', #4154, #6726, #648, .T. ) ;
#6276 = VECTOR ( 'NONE', #2121, 1000.000000000000000 ) ;
#6277 = LINE ( 'NONE', #6763, #1604 ) ;
#6278 = ADVANCED_FACE ( 'NONE', ( #3381 ), #6475, .T. ) ;
#6279 = MECHANICAL_DESIGN_GEOMETRIC_PRESENTATION_REPRESENTATION (  '', ( #4483 ), #2888 ) ;
#6280 = CARTESIAN_POINT ( 'NONE',  ( 0.5500000000000003775, 0.2450000000000009670, 0.000000000000000000 ) ) ;
#6281 = DIRECTION ( 'NONE',  ( -0.000000000000000000, 0.000000000000000000, -1.000000000000000000 ) ) ;
#6282 = VECTOR ( 'NONE', #5899, 1000.000000000000000 ) ;
#6283 = AXIS2_PLACEMENT_3D ( 'NONE', #1738, #5395, #6045 ) ;
#6284 = LINE ( 'NONE', #3724, #4873 ) ;
#6285 = CARTESIAN_POINT ( 'NONE',  ( -0.1392961373724100616, -0.1077648445784007286, 0.000000000000000000 ) ) ;
#6286 = ORIENTED_EDGE ( 'NONE', *, *, #6044, .F. ) ;
#6287 = LINE ( 'NONE', #1533, #2354 ) ;
#6288 = COLOUR_RGB ( '',0.5019607843137254832, 0.5019607843137254832, 0.000000000000000000 ) ;
#6289 = CARTESIAN_POINT ( 'NONE',  ( -0.05041392583394853355, -0.1398161266296827909, 0.000000000000000000 ) ) ;
#6290 = DIRECTION ( 'NONE',  ( 1.000000000000000000, 0.000000000000000000, 0.000000000000000000 ) ) ;
#6291 = CARTESIAN_POINT ( 'NONE',  ( -0.001475624551897254926, -0.09109817791173405177, 0.000000000000000000 ) ) ;
#6292 = CARTESIAN_POINT ( 'NONE',  ( 0.08380857835790860022, -0.1303033007771384477, 0.05000000000000000278 ) ) ;
#6293 = CARTESIAN_POINT ( 'NONE',  ( -1.060000000000000497, -0.6249999999999997780, -0.02000000000000000042 ) ) ;
#6294 = MECHANICAL_DESIGN_GEOMETRIC_PRESENTATION_REPRESENTATION (  '', ( #5924 ), #434 ) ;
#6295 = EDGE_LOOP ( 'NONE', ( #3210, #6139, #5740, #2679 ) ) ;
#6296 = PLANE ( 'NONE',  #1245 ) ;
#6297 = EDGE_CURVE ( 'NONE', #6821, #6668, #3873, .T. ) ;
#6298 = EDGE_LOOP ( 'NONE', ( #6054, #2493, #801, #6359, #2322, #2596 ) ) ;
#6299 = SURFACE_SIDE_STYLE ('',( #6538 ) ) ;
#6300 = COLOUR_RGB ( '',0.5019607843137254832, 0.5019607843137254832, 0.000000000000000000 ) ;
#6301 = CARTESIAN_POINT ( 'NONE',  ( 0.08330001647374379870, -0.1154571522707084213, 0.000000000000000000 ) ) ;
#6302 = SURFACE_STYLE_USAGE ( .BOTH. , #1052 ) ;
#6304 = UNCERTAINTY_MEASURE_WITH_UNIT (LENGTH_MEASURE( 1.000000000000000082E-05 ), #2120, 'distance_accuracy_value', 'NONE');
#6303 = CARTESIAN_POINT ( 'NONE',  ( -0.06846280403907673007, -0.1270156458604519978, 0.000000000000000000 ) ) ;
#6305 = VERTEX_POINT ( 'NONE', #3774 ) ;
#6306 = MECHANICAL_DESIGN_GEOMETRIC_PRESENTATION_REPRESENTATION (  '', ( #6929 ), #5569 ) ;
#6307 = VERTEX_POINT ( 'NONE', #5443 ) ;
#6308 = FILL_AREA_STYLE_COLOUR ( '', #1516 ) ;
#6309 = CARTESIAN_POINT ( 'NONE',  ( 0.1313211339110784970, -0.1412984553144542854, -0.000000000000000000 ) ) ;
#6310 = CARTESIAN_POINT ( 'NONE',  ( -0.04926047161507101507, -0.1294193598106049559, 0.05000000000000000278 ) ) ;
#6312 = VERTEX_POINT ( 'NONE', #2257 ) ;
#6311 = LINE ( 'NONE', #6400, #4550 ) ;
#6313 = CARTESIAN_POINT ( 'NONE',  ( 0.1226359944111362066, -0.04754295256131601394, 0.000000000000000000 ) ) ;
#6314 = ORIENTED_EDGE ( 'NONE', *, *, #6253, .T. ) ;
#6315 = EDGE_CURVE ( 'NONE', #3291, #4516, #4386, .T. ) ;
#6316 = ADVANCED_FACE ( 'NONE', ( #387 ), #2316, .T. ) ;
#6317 = DIRECTION ( 'NONE',  ( -1.000000000000000000, -0.000000000000000000, 0.000000000000000000 ) ) ;
#6318 = CARTESIAN_POINT ( 'NONE',  ( -0.06615911814164082694, -0.05287702406558020263, 0.05000000000000000278 ) ) ;
#6319 = APPLICATION_PROTOCOL_DEFINITION ( 'draft international standard', 'automotive_design', 1998, #552 ) ;
#6321 = ORIENTED_EDGE ( 'NONE', *, *, #6589, .T. ) ;
#6320 = LINE ( 'NONE', #4406, #3620 ) ;
#6322 = CARTESIAN_POINT ( 'NONE',  ( 0.1638974666557175275, -0.08893393387022095753, 0.05000000000000000278 ) ) ;
#6323 = CARTESIAN_POINT ( 'NONE',  ( -0.07134741942369210443, -0.04342189586045200334, 0.000000000000000000 ) ) ;
#6324 = EDGE_CURVE ( 'NONE', #4360, #4358, #3127, .T. ) ;
#6325 = VECTOR ( 'NONE', #2252, 1000.000000000000000 ) ;
#6326 = COLOUR_RGB ( '',0.5019607843137254832, 0.5019607843137254832, 0.000000000000000000 ) ;
#6327 = CARTESIAN_POINT ( 'NONE',  ( 0.6700000000000002620, -0.7449999999999997735, 0.1499999999999999944 ) ) ;
#6328 = CARTESIAN_POINT ( 'NONE',  ( -0.1250000000000001388, 1.060000000000000275, 0.1499999999999999944 ) ) ;
#6329 = ORIENTED_EDGE ( 'NONE', *, *, #142, .F. ) ;
#6330 = CARTESIAN_POINT ( 'NONE',  ( -1.060000000000000719, -0.3749999999999997780, 0.1499999999999999944 ) ) ;
#6331 = PRESENTATION_LAYER_ASSIGNMENT (  '', '', ( #6676 ) ) ;
#6332 = MECHANICAL_DESIGN_GEOMETRIC_PRESENTATION_REPRESENTATION (  '', ( #4663 ), #5258 ) ;
#6333 = PLANE ( 'NONE',  #1505 ) ;
#6334 = DIRECTION ( 'NONE',  ( -0.000000000000000000, -0.000000000000000000, -1.000000000000000000 ) ) ;
#6335 = CARTESIAN_POINT ( 'NONE',  ( -1.060000000000000719, -0.3749999999999997780, 0.1499999999999999944 ) ) ;
#6336 = EDGE_CURVE ( 'NONE', #1617, #5960, #1607, .T. ) ;
#6337 = AXIS2_PLACEMENT_3D ( 'NONE', #4081, #3481, #1380 ) ;
#6338 = AXIS2_PLACEMENT_3D ( 'NONE', #4583, #1819, #5085 ) ;
#6339 = CARTESIAN_POINT ( 'NONE',  ( 0.6700000000000002620, -0.7449999999999997735, 0.000000000000000000 ) ) ;
#6340 = CARTESIAN_POINT ( 'NONE',  ( -0.06062771240796620970, -0.05161417969536417905, 0.000000000000000000 ) ) ;
#6341 = CARTESIAN_POINT ( 'NONE',  ( 0.1551063169092620209, -0.06385935521268799875, 0.05000000000000000278 ) ) ;
#6342 = CARTESIAN_POINT ( 'NONE',  ( -0.03542995147497418618, -0.05007253688609302616, 0.05000000000000000278 ) ) ;
#6343 = VERTEX_POINT ( 'NONE', #5460 ) ;
#6344 = ORIENTED_EDGE ( 'NONE', *, *, #5506, .F. ) ;
#6345 = VECTOR ( 'NONE', #5189, 1000.000000000000000 ) ;
#6346 =( NAMED_UNIT ( * ) PLANE_ANGLE_UNIT ( ) SI_UNIT ( $, .RADIAN. ) );
#6347 = DIRECTION ( 'NONE',  ( -1.000000000000000000, -3.566454514754948225E-16, 0.000000000000000000 ) ) ;
#6348 = B_SPLINE_CURVE_WITH_KNOTS ( 'NONE', 3,
 ( #4652, #4730, #1502, #946, #1455, #6875, #5721, #4169, #5221, #4631, #1431 ),
 .UNSPECIFIED., .F., .F.,
 ( 4, 1, 1, 1, 1, 1, 1, 1, 4 ),
 ( 0.000000000000000000, 0.1285151895116619924, 0.2529486363526579629, 0.3747547340060051746, 0.4959397538670501371, 0.6171806414298927068, 0.7409094692781376112, 0.8678111481862029741, 1.000000000000000000 ),
 .UNSPECIFIED. ) ;
#6349 = DIRECTION ( 'NONE',  ( 0.000000000000000000, -1.000000000000000000, 0.000000000000000000 ) ) ;
#6350 = EDGE_LOOP ( 'NONE', ( #675, #4197, #3109, #6902 ) ) ;
#6351 = EDGE_CURVE ( 'NONE', #3762, #4022, #5982, .T. ) ;
#6352 = UNCERTAINTY_MEASURE_WITH_UNIT (LENGTH_MEASURE( 1.000000000000000082E-05 ), #1077, 'distance_accuracy_value', 'NONE');
#6353 = CYLINDRICAL_SURFACE ( 'NONE', #1769, 0.1199999999999999956 ) ;
#6354 =( NAMED_UNIT ( * ) PLANE_ANGLE_UNIT ( ) SI_UNIT ( $, .RADIAN. ) );
#6355 = ADVANCED_FACE ( 'NONE', ( #6738 ), #4926, .T. ) ;
#6356 = CARTESIAN_POINT ( 'NONE',  ( -0.09794462706407400243, -0.1115876503364740119, 0.05000000000000000278 ) ) ;
#6357 = CARTESIAN_POINT ( 'NONE',  ( 0.1595953217287913450, -0.07082230871870208444, 0.000000000000000000 ) ) ;
#6358 = CIRCLE ( 'NONE', #6095, 0.1199999999999999956 ) ;
#6359 = ORIENTED_EDGE ( 'NONE', *, *, #5801, .T. ) ;
#6360 = CARTESIAN_POINT ( 'NONE',  ( 0.1708139346226825450, -0.07372829056405234838, 0.000000000000000000 ) ) ;
#6361 = CARTESIAN_POINT ( 'NONE',  ( 0.2318577087814361337, -0.03981612662968277150, -0.000000000000000000 ) ) ;
#6362 = PRESENTATION_STYLE_ASSIGNMENT (( #3106 ) ) ;
#6363 = EDGE_LOOP ( 'NONE', ( #6680, #4428, #4622, #4976 ) ) ;
#6364 = LINE ( 'NONE', #5012, #513 ) ;
#6365 = DIRECTION ( 'NONE',  ( 0.000000000000000000, 0.000000000000000000, -1.000000000000000000 ) ) ;
#6366 = CARTESIAN_POINT ( 'NONE',  ( 0.1844218113455386721, -0.1398161266296827909, 0.05000000000000000278 ) ) ;
#6367 = VERTEX_POINT ( 'NONE', #694 ) ;
#6368 = CARTESIAN_POINT ( 'NONE',  ( -0.001475624551897254926, -0.03981612662968277150, 0.05000000000000000278 ) ) ;
#6369 = CARTESIAN_POINT ( 'NONE',  ( -0.07848652162219868500, -0.1220017048201231524, 0.000000000000000000 ) ) ;
#6370 = EDGE_CURVE ( 'NONE', #2221, #3474, #6320, .T. ) ;
#6371 = DIRECTION ( 'NONE',  ( -1.000000000000000000, 0.000000000000000000, 0.000000000000000000 ) ) ;
#6372 = CARTESIAN_POINT ( 'NONE',  ( 0.1519887760542393829, -0.1325694734132142338, -0.000000000000000000 ) ) ;
#6373 = PRESENTATION_STYLE_ASSIGNMENT (( #4396 ) ) ;
#6374 = STYLED_ITEM ( 'NONE', ( #3298 ), #6272 ) ;
#6375 = PRESENTATION_LAYER_ASSIGNMENT (  '', '', ( #4678 ) ) ;
#6376 = VERTEX_POINT ( 'NONE', #6025 ) ;
#6377 = CARTESIAN_POINT ( 'NONE',  ( 0.08618337240332833715, -0.1321934283658483256, 0.05000000000000000278 ) ) ;
#6378 =( NAMED_UNIT ( * ) PLANE_ANGLE_UNIT ( ) SI_UNIT ( $, .RADIAN. ) );
#6379 = EDGE_LOOP ( 'NONE', ( #323, #802, #3630, #1449, #4712, #4187 ) ) ;
#6380 = CARTESIAN_POINT ( 'NONE',  ( 0.1697895836274288528, -0.1085987621891879862, 0.05000000000000000278 ) ) ;
#6381 = DIRECTION ( 'NONE',  ( 1.000000000000000000, 0.000000000000000000, 0.000000000000000000 ) ) ;
#6382 = CARTESIAN_POINT ( 'NONE',  ( -0.6700000000000011502, -0.3749999999999998890, -0.02000000000000000042 ) ) ;
#6383 = CARTESIAN_POINT ( 'NONE',  ( 0.5500000000000002665, 0.000000000000000000, 0.000000000000000000 ) ) ;
#6384 =( GEOMETRIC_REPRESENTATION_CONTEXT ( 3 ) GLOBAL_UNCERTAINTY_ASSIGNED_CONTEXT ( ( #6084 ) ) GLOBAL_UNIT_ASSIGNED_CONTEXT ( ( #2545, #2060, #3133 ) ) REPRESENTATION_CONTEXT ( 'NONE', 'WORKASPACE' ) );
#6385 = ADVANCED_FACE ( 'NONE', ( #3788 ), #1891, .T. ) ;
#6386 = B_SPLINE_SURFACE_WITH_KNOTS ( 'NONE', 3, 1, ( 
 ( #246, #814 ),
 ( #4540, #4038 ),
 ( #789, #1347 ),
 ( #5748, #1978 ),
 ( #2533, #5723 ),
 ( #6292, #1956 ),
 ( #5198, #3042 ),
 ( #4053, #363 ),
 ( #4144, #5677 ),
 ( #3066, #2466 ),
 ( #5176, #6197 ),
 ( #1411, #3016 ),
 ( #2510, #1432 ),
 ( #3608, #2448 ),
 ( #922, #6833 ),
 ( #6760, #2003 ),
 ( #2970, #6739 ),
 ( #968, #3542 ),
 ( #3519, #340 ) ),
 .UNSPECIFIED., .F., .F., .F.,
 ( 4, 1, 1, 1, 1, 1, 1, 1, 1, 1, 1, 1, 1, 1, 1, 1, 4 ),
 ( 2, 2 ),
 ( 0.000000000000000000, 0.06167423887742606164, 0.1230530616348059353, 0.1834750007317021148, 0.2437265005106117044, 0.3042789165122536388, 0.3648629209606825685, 0.4259462039686194301, 0.4873912299654080127, 0.5492203840754761313, 0.6111435886926029903, 0.6735285303101520293, 0.7369614566573040593, 0.8007852828728401207, 0.8660125956416147019, 0.9321007477905783878, 0.9999999999999998890 ),
 ( 0.000000000000000000, 1.000000000000000000 ),
 .UNSPECIFIED. ) ;
#6387 = ORIENTED_EDGE ( 'NONE', *, *, #1305, .F. ) ;
#6388 = EDGE_CURVE ( 'NONE', #6799, #6444, #5637, .T. ) ;
#6389 = EDGE_LOOP ( 'NONE', ( #4489, #3146, #706, #5024 ) ) ;
#6390 = STYLED_ITEM ( 'NONE', ( #3919 ), #4777 ) ;
#6391 = ORIENTED_EDGE ( 'NONE', *, *, #59, .F. ) ;
#6392 = CARTESIAN_POINT ( 'NONE',  ( 1.050000000000000266, -0.8750000000000000000, 0.1499999999999999944 ) ) ;
#6393 =( NAMED_UNIT ( * ) PLANE_ANGLE_UNIT ( ) SI_UNIT ( $, .RADIAN. ) );
#6394 = B_SPLINE_CURVE_WITH_KNOTS ( 'NONE', 3,
 ( #5320, #4244, #5936, #1121, #5409, #2710, #1050, #6930, #2620, #1575, #2133 ),
 .UNSPECIFIED., .F., .F.,
 ( 4, 1, 1, 1, 1, 1, 1, 1, 4 ),
 ( 0.000000000000000000, 0.1243285095938498480, 0.2471560163611868643, 0.3687797492913396646, 0.4907338624016477358, 0.6136137718478436032, 0.7389575757222155428, 0.8673105751912624228, 1.000000000000000000 ),
 .UNSPECIFIED. ) ;
#6395 = CARTESIAN_POINT ( 'NONE',  ( 0.04596027288400020283, -0.1295597163732725154, -0.000000000000000000 ) ) ;
#6396 = DIRECTION ( 'NONE',  ( 0.000000000000000000, 0.000000000000000000, -1.000000000000000000 ) ) ;
#6397 = FACE_OUTER_BOUND ( 'NONE', #6150, .T. ) ;
#6398 = FILL_AREA_STYLE_COLOUR ( '', #4520 ) ;
#6399 = CARTESIAN_POINT ( 'NONE',  ( -0.1011042608530447612, -0.09833965794739356336, 0.000000000000000000 ) ) ;
#6400 = CARTESIAN_POINT ( 'NONE',  ( 0.1844218113455386721, -0.1398161266296827909, -0.000000000000000000 ) ) ;
#6401 = CARTESIAN_POINT ( 'NONE',  ( 0.08869972418460418673, -0.1339163378308681762, 0.05000000000000000278 ) ) ;
#6402 = COLOUR_RGB ( '',0.5019607843137254832, 0.5019607843137254832, 0.000000000000000000 ) ;
#6404 = ORIENTED_EDGE ( 'NONE', *, *, #6412, .F. ) ;
#6403 = VECTOR ( 'NONE', #3165, 1000.000000000000000 ) ;
#6405 = EDGE_CURVE ( 'NONE', #2038, #100, #2609, .T. ) ;
#6406 = ORIENTED_EDGE ( 'NONE', *, *, #4150, .T. ) ;
#6407 = DIRECTION ( 'NONE',  ( -1.000000000000000000, 2.125886612716674341E-16, -0.000000000000000000 ) ) ;
#6408 = CARTESIAN_POINT ( 'NONE',  ( -0.6700000000000011502, -0.6249999999999997780, 0.1499999999999999944 ) ) ;
#6409 = CARTESIAN_POINT ( 'NONE',  ( 0.1625163001357214920, -0.07857460398436699744, 0.05000000000000000278 ) ) ;
#6410 = COLOUR_RGB ( '',0.1490196078431372528, 0.1490196078431372528, 0.1490196078431372528 ) ;
#6411 = VECTOR ( 'NONE', #1806, 1000.000000000000000 ) ;
#6412 = EDGE_CURVE ( 'NONE', #5889, #6180, #5314, .T. ) ;
#6413 = CARTESIAN_POINT ( 'NONE',  ( 0.5500000000000002665, -0.2450000000000006339, 0.000000000000000000 ) ) ;
#6414 = CARTESIAN_POINT ( 'NONE',  ( 0.1680074144623386889, -0.1129821887257117380, 0.05000000000000000278 ) ) ;
#6415 = CARTESIAN_POINT ( 'NONE',  ( 0.6700000000000002620, -0.2549999999999998934, 0.000000000000000000 ) ) ;
#6416 = AXIS2_PLACEMENT_3D ( 'NONE', #6257, #3010, #3571 ) ;
#6417 =( GEOMETRIC_REPRESENTATION_CONTEXT ( 3 ) GLOBAL_UNCERTAINTY_ASSIGNED_CONTEXT ( ( #3921 ) ) GLOBAL_UNIT_ASSIGNED_CONTEXT ( ( #5063, #6661, #1344 ) ) REPRESENTATION_CONTEXT ( 'NONE', 'WORKASPACE' ) );
#6418 = FILL_AREA_STYLE_COLOUR ( '', #3834 ) ;
#6419 = ADVANCED_FACE ( 'NONE', ( #5976 ), #5055, .T. ) ;
#6420 = CARTESIAN_POINT ( 'NONE',  ( -0.08120360052021143027, -0.1329487408545895477, 0.000000000000000000 ) ) ;
#6421 = ORIENTED_EDGE ( 'NONE', *, *, #5263, .F. ) ;
#6422 = CARTESIAN_POINT ( 'NONE',  ( 1.050000000000000044, 1.050000000000000044, 0.7500000000000000000 ) ) ;
#6423 = DIRECTION ( 'NONE',  ( 0.000000000000000000, 0.000000000000000000, -1.000000000000000000 ) ) ;
#6424 = EDGE_CURVE ( 'NONE', #3276, #3986, #5153, .T. ) ;
#6425 = PRESENTATION_STYLE_ASSIGNMENT (( #3913 ) ) ;
#6426 = PLANE ( 'NONE',  #3682 ) ;
#6427 = STYLED_ITEM ( 'NONE', ( #4122 ), #510 ) ;
#6428 = DIRECTION ( 'NONE',  ( -0.000000000000000000, -0.000000000000000000, -1.000000000000000000 ) ) ;
#6429 = UNCERTAINTY_MEASURE_WITH_UNIT (LENGTH_MEASURE( 1.000000000000000082E-05 ), #2161, 'distance_accuracy_value', 'NONE');
#6430 = ORIENTED_EDGE ( 'NONE', *, *, #4845, .F. ) ;
#6431 = ADVANCED_FACE ( 'NONE', ( #3290 ), #6655, .T. ) ;
#6432 = MECHANICAL_DESIGN_GEOMETRIC_PRESENTATION_REPRESENTATION (  '', ( #6069 ), #5610 ) ;
#6433 = FILL_AREA_STYLE ('',( #2200 ) ) ;
#6434 = B_SPLINE_SURFACE_WITH_KNOTS ( 'NONE', 3, 1, ( 
 ( #2039, #4599 ),
 ( #5667, #3535 ),
 ( #960, #1426 ),
 ( #6310, #422 ),
 ( #1496, #939 ),
 ( #4668, #1969 ),
 ( #5237, #5152 ),
 ( #2498, #5738 ),
 ( #331, #4064 ),
 ( #6846, #6216 ),
 ( #4141, #1474 ) ),
 .UNSPECIFIED., .F., .F., .F.,
 ( 4, 1, 1, 1, 1, 1, 1, 1, 4 ),
 ( 2, 2 ),
 ( 0.000000000000000000, 0.1719006646132689720, 0.3306279320958804835, 0.4755488358809184524, 0.6067461903123634315, 0.7250238034674904020, 0.8297423869584564793, 0.9213228203439753905, 1.000000000000000000 ),
 ( 0.000000000000000000, 1.000000000000000000 ),
 .UNSPECIFIED. ) ;
#6435 = ORIENTED_EDGE ( 'NONE', *, *, #1744, .T. ) ;
#6436 = PRESENTATION_LAYER_ASSIGNMENT (  '', '', ( #4506 ) ) ;
#6437 = CARTESIAN_POINT ( 'NONE',  ( 0.04596027288400020283, -0.09109817791173405177, 0.05000000000000000278 ) ) ;
#6438 = B_SPLINE_CURVE_WITH_KNOTS ( 'NONE', 3,
 ( #2761, #4956, #5533, #1729, #3846, #3388, #6525, #1195, #3912, #1237, #5448, #6061, #3825, #1749, #3337, #656, #3309, #200, #146, #5469, #171, #3870, #2340, #2735, #6035, #2286, #704 ),
 .UNSPECIFIED., .F., .F.,
 ( 4, 1, 1, 1, 1, 1, 1, 1, 1, 1, 1, 1, 1, 1, 1, 1, 1, 1, 1, 1, 1, 1, 1, 1, 4 ),
 ( 0.000000000000000000, 0.04608068338724808505, 0.09080679960761632585, 0.1342952705290698101, 0.1770243856662442605, 0.2188227336826557845, 0.2602441163273736535, 0.3010798671134452542, 0.3416138942851569826, 0.3815834185517461008, 0.4201195913296167928, 0.4580746185423136829, 0.4947384876076563742, 0.5311946228937135528, 0.5669336984503785537, 0.6027126507379957365, 0.6383266061284351700, 0.6748532488548241171, 0.7134673707840598622, 0.7544418038483806654, 0.7978153607124988111, 0.8439894562081102780, 0.8930715698796480861, 0.9449633461781439259, 1.000000000000000000 ),
 .UNSPECIFIED. ) ;
#6439 = VERTEX_POINT ( 'NONE', #2962 ) ;
#6440 =( NAMED_UNIT ( * ) PLANE_ANGLE_UNIT ( ) SI_UNIT ( $, .RADIAN. ) );
#6441 = FACE_OUTER_BOUND ( 'NONE', #6802, .T. ) ;
#6442 = CARTESIAN_POINT ( 'NONE',  ( 0.1541772784449542688, -0.1308558362169158218, 0.000000000000000000 ) ) ;
#6443 = CARTESIAN_POINT ( 'NONE',  ( 1.050000000000000266, -1.050000000000000044, 0.000000000000000000 ) ) ;
#6444 = VERTEX_POINT ( 'NONE', #3973 ) ;
#6445 = VECTOR ( 'NONE', #2550, 1000.000000000000000 ) ;
#6446 = VECTOR ( 'NONE', #367, 1000.000000000000000 ) ;
#6447 = CARTESIAN_POINT ( 'NONE',  ( -1.060000000000000497, -0.6249999999999997780, 0.1499999999999999944 ) ) ;
#6448 = EDGE_LOOP ( 'NONE', ( #5977, #4566, #3340, #715 ) ) ;
#6449 = EDGE_CURVE ( 'NONE', #1133, #1215, #2451, .T. ) ;
#6450 = SURFACE_STYLE_FILL_AREA ( #4032 ) ;
#6451 = FACE_OUTER_BOUND ( 'NONE', #2294, .T. ) ;
#6452 = ORIENTED_EDGE ( 'NONE', *, *, #4736, .F. ) ;
#6453 = VERTEX_POINT ( 'NONE', #1387 ) ;
#6454 = CARTESIAN_POINT ( 'NONE',  ( -0.005000000000000042605, 0.6800000000000001599, 0.1499999999999999944 ) ) ;
#6455 = PRESENTATION_LAYER_ASSIGNMENT (  '', '', ( #2709 ) ) ;
#6456 = SURFACE_SIDE_STYLE ('',( #350 ) ) ;
#6457 = VECTOR ( 'NONE', #4126, 1000.000000000000000 ) ;
#6458 = CARTESIAN_POINT ( 'NONE',  ( 0.07938192100354897474, -0.1261423962992352099, -0.000000000000000000 ) ) ;
#6459 = SURFACE_SIDE_STYLE ('',( #2651 ) ) ;
#6460 = CARTESIAN_POINT ( 'NONE',  ( 1.050000000000000266, 0.1249999999999999445, 0.000000000000000000 ) ) ;
#6461 = ADVANCED_FACE ( 'NONE', ( #4989 ), #1338, .T. ) ;
#6462 = ORIENTED_EDGE ( 'NONE', *, *, #5471, .F. ) ;
#6463 = EDGE_CURVE ( 'NONE', #1251, #945, #2153, .T. ) ;
#6464 = DIRECTION ( 'NONE',  ( 1.000000000000000000, 0.000000000000000000, -0.000000000000000000 ) ) ;
#6465 = CARTESIAN_POINT ( 'NONE',  ( 0.1575898328042561192, -0.05219381111774485521, 0.05000000000000000278 ) ) ;
#6466 = FACE_OUTER_BOUND ( 'NONE', #3727, .T. ) ;
#6467 =( GEOMETRIC_REPRESENTATION_CONTEXT ( 3 ) GLOBAL_UNCERTAINTY_ASSIGNED_CONTEXT ( ( #4014 ) ) GLOBAL_UNIT_ASSIGNED_CONTEXT ( ( #2057, #3053, #6816 ) ) REPRESENTATION_CONTEXT ( 'NONE', 'WORKASPACE' ) );
#6468 = AXIS2_PLACEMENT_3D ( 'NONE', #3701, #5362, #5857 ) ;
#6469 =( GEOMETRIC_REPRESENTATION_CONTEXT ( 3 ) GLOBAL_UNCERTAINTY_ASSIGNED_CONTEXT ( ( #1688 ) ) GLOBAL_UNIT_ASSIGNED_CONTEXT ( ( #6747, #3527, #4615 ) ) REPRESENTATION_CONTEXT ( 'NONE', 'WORKASPACE' ) );
#6470 = DIRECTION ( 'NONE',  ( 0.000000000000000000, 0.000000000000000000, -1.000000000000000000 ) ) ;
#6471 = ORIENTED_EDGE ( 'NONE', *, *, #1531, .F. ) ;
#6472 = SURFACE_STYLE_USAGE ( .BOTH. , #4402 ) ;
#6473 = ORIENTED_EDGE ( 'NONE', *, *, #1766, .T. ) ;
#6474 =( LENGTH_UNIT ( ) NAMED_UNIT ( * ) SI_UNIT ( .MILLI., .METRE. ) );
#6475 = PLANE ( 'NONE',  #2228 ) ;
#6476 = PRESENTATION_LAYER_ASSIGNMENT (  '', '', ( #390 ) ) ;
#6477 = CARTESIAN_POINT ( 'NONE',  ( 0.1397108987652428413, -0.1390651763637328064, 0.05000000000000000278 ) ) ;
#6478 = ORIENTED_EDGE ( 'NONE', *, *, #4384, .F. ) ;
#6479 = EDGE_CURVE ( 'NONE', #1302, #2837, #5233, .T. ) ;
#6480 = CARTESIAN_POINT ( 'NONE',  ( 0.6700000000000002620, -0.7549999999999998934, 0.000000000000000000 ) ) ;
#6482 = ORIENTED_EDGE ( 'NONE', *, *, #2031, .T. ) ;
#6481 = LINE ( 'NONE', #2546, #3449 ) ;
#6483 = CARTESIAN_POINT ( 'NONE',  ( 0.6700000000000011502, -0.8749999999999998890, 0.000000000000000000 ) ) ;
#6484 =( NAMED_UNIT ( * ) PLANE_ANGLE_UNIT ( ) SI_UNIT ( $, .RADIAN. ) );
#6485 = DIRECTION ( 'NONE',  ( -1.000000000000000000, 0.000000000000000000, 0.000000000000000000 ) ) ;
#6486 = CARTESIAN_POINT ( 'NONE',  ( -0.08111594562727141022, -0.04824222736923541172, 0.000000000000000000 ) ) ;
#6487 = DIRECTION ( 'NONE',  ( 0.000000000000000000, 0.000000000000000000, -1.000000000000000000 ) ) ;
#6488 = ORIENTED_EDGE ( 'NONE', *, *, #3239, .T. ) ;
#6489 = CARTESIAN_POINT ( 'NONE',  ( 0.08676323183674479467, -0.06031903155924741439, 0.000000000000000000 ) ) ;
#6490 = ORIENTED_EDGE ( 'NONE', *, *, #3378, .T. ) ;
#6491 = CARTESIAN_POINT ( 'NONE',  ( -0.5500000000000002665, -0.7549999999999990052, 0.000000000000000000 ) ) ;
#6492 = ADVANCED_FACE ( 'NONE', ( #48 ), #6434, .T. ) ;
#6493 = SURFACE_SIDE_STYLE ('',( #2639 ) ) ;
#6494 = ORIENTED_EDGE ( 'NONE', *, *, #4772, .F. ) ;
#6495 = EDGE_CURVE ( 'NONE', #2753, #3276, #2691, .T. ) ;
#6496 = CARTESIAN_POINT ( 'NONE',  ( -0.07134741942369210443, -0.04342189586045200334, 0.000000000000000000 ) ) ;
#6497 = CARTESIAN_POINT ( 'NONE',  ( -1.050000000000000266, 1.050000000000000044, 0.7500000000000000000 ) ) ;
#6498 = CARTESIAN_POINT ( 'NONE',  ( 0.1058556854151351673, -0.1410496421127930278, -0.000000000000000000 ) ) ;
#6499 = FILL_AREA_STYLE ('',( #3387 ) ) ;
#6500 = DIRECTION ( 'NONE',  ( 0.4189977888269745265, 0.9079872537420919931, 0.000000000000000000 ) ) ;
#6501 = ORIENTED_EDGE ( 'NONE', *, *, #6842, .T. ) ;
#6502 = DIRECTION ( 'NONE',  ( -0.9035018415143104553, -0.4285842068721733567, 0.000000000000000000 ) ) ;
#6503 =( GEOMETRIC_REPRESENTATION_CONTEXT ( 3 ) GLOBAL_UNCERTAINTY_ASSIGNED_CONTEXT ( ( #2874 ) ) GLOBAL_UNIT_ASSIGNED_CONTEXT ( ( #3882, #3904, #3327 ) ) REPRESENTATION_CONTEXT ( 'NONE', 'WORKASPACE' ) );
#6504 = VERTEX_POINT ( 'NONE', #4647 ) ;
#6505 = AXIS2_PLACEMENT_3D ( 'NONE', #52, #4217, #1044 ) ;
#6506 = CARTESIAN_POINT ( 'NONE',  ( 0.1301111185605692278, -0.03810647155718533546, 0.05000000000000000278 ) ) ;
#6507 = CARTESIAN_POINT ( 'NONE',  ( -0.07134741942369210443, -0.04342189586045200334, 0.05000000000000000278 ) ) ;
#6508 = UNCERTAINTY_MEASURE_WITH_UNIT (LENGTH_MEASURE( 1.000000000000000082E-05 ), #3505, 'distance_accuracy_value', 'NONE');
#6509 = VERTEX_POINT ( 'NONE', #400 ) ;
#6510 = CARTESIAN_POINT ( 'NONE',  ( 0.1142416389211797223, -0.04764485167969017415, 0.000000000000000000 ) ) ;
#6511 = FACE_OUTER_BOUND ( 'NONE', #3398, .T. ) ;
#6512 = MECHANICAL_DESIGN_GEOMETRIC_PRESENTATION_REPRESENTATION (  '', ( #6427 ), #6880 ) ;
#6513 = FACE_OUTER_BOUND ( 'NONE', #5339, .T. ) ;
#6514 = EDGE_CURVE ( 'NONE', #3779, #3310, #6481, .T. ) ;
#6515 = DIRECTION ( 'NONE',  ( 1.000000000000000000, 0.000000000000000000, 0.000000000000000000 ) ) ;
#6516 = VECTOR ( 'NONE', #6041, 1000.000000000000000 ) ;
#6517 = LINE ( 'NONE', #5343, #6186 ) ;
#6518 = ORIENTED_EDGE ( 'NONE', *, *, #4554, .F. ) ;
#6519 = CARTESIAN_POINT ( 'NONE',  ( -0.1622729001929228976, -0.05930731252711866908, 0.000000000000000000 ) ) ;
#6520 = CARTESIAN_POINT ( 'NONE',  ( -0.09952374348699374873, -0.07489023142529731281, 0.000000000000000000 ) ) ;
#6521 = DIRECTION ( 'NONE',  ( 0.000000000000000000, 0.000000000000000000, -1.000000000000000000 ) ) ;
#6522 = VECTOR ( 'NONE', #2263, 1000.000000000000000 ) ;
#6523 = FACE_OUTER_BOUND ( 'NONE', #1262, .T. ) ;
#6524 = SURFACE_STYLE_USAGE ( .BOTH. , #654 ) ;
#6525 = CARTESIAN_POINT ( 'NONE',  ( -0.09905788852959471202, -0.1084495862123295712, 0.05000000000000000278 ) ) ;
#6526 = ADVANCED_FACE ( 'NONE', ( #4124 ), #5169, .T. ) ;
#6527 = FILL_AREA_STYLE ('',( #2324 ) ) ;
#6528 = CARTESIAN_POINT ( 'NONE',  ( -0.1250000000000001110, -1.050000000000000044, 0.7500000000000000000 ) ) ;
#6529 = SURFACE_STYLE_FILL_AREA ( #1907 ) ;
#6530 = LINE ( 'NONE', #2174, #6445 ) ;
#6531 = FACE_OUTER_BOUND ( 'NONE', #5612, .T. ) ;
#6532 = FILL_AREA_STYLE ('',( #2267 ) ) ;
#6533 = CYLINDRICAL_SURFACE ( 'NONE', #3905, 0.1199999999999999956 ) ;
#6534 = EDGE_CURVE ( 'NONE', #3837, #4934, #4325, .T. ) ;
#6535 = CARTESIAN_POINT ( 'NONE',  ( 0.08140205521704349523, -0.05133644756676952053, 0.05000000000000000278 ) ) ;
#6536 = ORIENTED_EDGE ( 'NONE', *, *, #1869, .T. ) ;
#6537 = CARTESIAN_POINT ( 'NONE',  ( 0.5500000000000003775, 0.7549999999999993383, 0.000000000000000000 ) ) ;
#6538 = SURFACE_STYLE_FILL_AREA ( #4689 ) ;
#6539 = CARTESIAN_POINT ( 'NONE',  ( -0.5500000000000003775, 0.2450000000000009670, -0.02000000000000000042 ) ) ;
#6540 = LINE ( 'NONE', #1878, #1115 ) ;
#6541 = ORIENTED_EDGE ( 'NONE', *, *, #4657, .T. ) ;
#6542 =( LENGTH_UNIT ( ) NAMED_UNIT ( * ) SI_UNIT ( .MILLI., .METRE. ) );
#6543 = DIRECTION ( 'NONE',  ( 0.4285960263555440575, -0.9034962347415942396, 0.000000000000000000 ) ) ;
#6544 = EDGE_CURVE ( 'NONE', #395, #734, #2763, .T. ) ;
#6545 = VECTOR ( 'NONE', #3473, 1000.000000000000000 ) ;
#6546 = ORIENTED_EDGE ( 'NONE', *, *, #2222, .T. ) ;
#6547 = PRESENTATION_STYLE_ASSIGNMENT (( #2335 ) ) ;
#6548 = STYLED_ITEM ( 'NONE', ( #1235 ), #5926 ) ;
#6549 = DIRECTION ( 'NONE',  ( -0.000000000000000000, 0.000000000000000000, 1.000000000000000000 ) ) ;
#6550 =( GEOMETRIC_REPRESENTATION_CONTEXT ( 3 ) GLOBAL_UNCERTAINTY_ASSIGNED_CONTEXT ( ( #525 ) ) GLOBAL_UNIT_ASSIGNED_CONTEXT ( ( #2787, #750, #666 ) ) REPRESENTATION_CONTEXT ( 'NONE', 'WORKASPACE' ) );
#6551 = EDGE_LOOP ( 'NONE', ( #5315, #5374, #4096, #5694, #4750, #2045 ) ) ;
#6552 = CARTESIAN_POINT ( 'NONE',  ( -0.1622729001929228976, -0.05930731252711866908, 0.05000000000000000278 ) ) ;
#6553 = DIRECTION ( 'NONE',  ( 1.000000000000000000, 0.000000000000000000, 0.000000000000000000 ) ) ;
#6554 = LINE ( 'NONE', #2542, #3693 ) ;
#6555 = CARTESIAN_POINT ( 'NONE',  ( 0.5500000000000002665, -0.2549999999999990608, 0.000000000000000000 ) ) ;
#6556 = PLANE ( 'NONE',  #192 ) ;
#6557 = EDGE_CURVE ( 'NONE', #5384, #5378, #4465, .T. ) ;
#6558 = ORIENTED_EDGE ( 'NONE', *, *, #2558, .F. ) ;
#6559 = ORIENTED_EDGE ( 'NONE', *, *, #3019, .T. ) ;
#6560 = ORIENTED_EDGE ( 'NONE', *, *, #1671, .T. ) ;
#6561 = AXIS2_PLACEMENT_3D ( 'NONE', #5540, #4453, #2831 ) ;
#6562 = CARTESIAN_POINT ( 'NONE',  ( -0.09353168527998381721, -0.06108338808348747623, 0.05000000000000000278 ) ) ;
#6563 =( GEOMETRIC_REPRESENTATION_CONTEXT ( 3 ) GLOBAL_UNCERTAINTY_ASSIGNED_CONTEXT ( ( #5611 ) ) GLOBAL_UNIT_ASSIGNED_CONTEXT ( ( #3173, #2665, #637 ) ) REPRESENTATION_CONTEXT ( 'NONE', 'WORKASPACE' ) );
#6564 = UNCERTAINTY_MEASURE_WITH_UNIT (LENGTH_MEASURE( 1.000000000000000082E-05 ), #4294, 'distance_accuracy_value', 'NONE');
#6565 = CARTESIAN_POINT ( 'NONE',  ( 0.09261979993957605850, -0.05546977707963649667, 0.000000000000000000 ) ) ;
#6566 = ORIENTED_EDGE ( 'NONE', *, *, #5929, .F. ) ;
#6567 = ORIENTED_EDGE ( 'NONE', *, *, #6702, .F. ) ;
#6568 = CARTESIAN_POINT ( 'NONE',  ( -0.7589828794336488382, 0.7285559488550196194, 0.7500000000000000000 ) ) ;
#6569 = SURFACE_SIDE_STYLE ('',( #1735 ) ) ;
#6570 = MECHANICAL_DESIGN_GEOMETRIC_PRESENTATION_REPRESENTATION (  '', ( #4506 ), #349 ) ;
#6571 = CARTESIAN_POINT ( 'NONE',  ( 0.6700000000000002620, -0.2549999999999998934, 0.1499999999999999944 ) ) ;
#6572 = CARTESIAN_POINT ( 'NONE',  ( -0.09839822272709516926, -0.07120922719698231929, 0.000000000000000000 ) ) ;
#6573 = CARTESIAN_POINT ( 'NONE',  ( 0.08363394696207367141, -0.04932506015832933272, 0.05000000000000000278 ) ) ;
#6574 = ORIENTED_EDGE ( 'NONE', *, *, #4836, .F. ) ;
#6575 = PLANE ( 'NONE',  #6338 ) ;
#6576 = CARTESIAN_POINT ( 'NONE',  ( -0.1799011053211280187, -0.09750843432199045313, 0.000000000000000000 ) ) ;
#6577 = PRESENTATION_STYLE_ASSIGNMENT (( #2271 ) ) ;
#6578 = FILL_AREA_STYLE_COLOUR ( '', #509 ) ;
#6579 = FILL_AREA_STYLE ('',( #1260 ) ) ;
#6580 = DIRECTION ( 'NONE',  ( 0.000000000000000000, -1.000000000000000000, 0.000000000000000000 ) ) ;
#6581 = CARTESIAN_POINT ( 'NONE',  ( 0.1639089908327181766, -0.08991628688609304421, 0.05000000000000000278 ) ) ;
#6582 = EDGE_CURVE ( 'NONE', #3238, #806, #1637, .T. ) ;
#6583 = CARTESIAN_POINT ( 'NONE',  ( 0.6700000000000011502, -0.1249999999999997918, -0.02000000000000000042 ) ) ;
#6584 = ORIENTED_EDGE ( 'NONE', *, *, #512, .T. ) ;
#6585 = FACE_OUTER_BOUND ( 'NONE', #2676, .T. ) ;
#6586 = CARTESIAN_POINT ( 'NONE',  ( -0.09209566685306988520, -0.08421987495380617306, 0.05000000000000000278 ) ) ;
#6587 = STYLED_ITEM ( 'NONE', ( #599 ), #3224 ) ;
#6588 = VERTEX_POINT ( 'NONE', #5786 ) ;
#6589 = EDGE_CURVE ( 'NONE', #1416, #919, #4115, .T. ) ;
#6590 = FACE_OUTER_BOUND ( 'NONE', #6026, .T. ) ;
#6591 = CARTESIAN_POINT ( 'NONE',  ( 0.1631722031931235328, -0.09854684446647571372, -0.000000000000000000 ) ) ;
#6592 = CARTESIAN_POINT ( 'NONE',  ( 0.07605989088301719214, -0.05735748625362505765, 0.05000000000000000278 ) ) ;
#6593 = DIRECTION ( 'NONE',  ( 0.000000000000000000, 0.000000000000000000, -1.000000000000000000 ) ) ;
#6594 = CARTESIAN_POINT ( 'NONE',  ( -0.06615911814164082694, -0.05287702406558020263, 0.05000000000000000278 ) ) ;
#6595 = STYLED_ITEM ( 'NONE', ( #41 ), #2317 ) ;
#6596 = ORIENTED_EDGE ( 'NONE', *, *, #2008, .T. ) ;
#6597 = STYLED_ITEM ( 'NONE', ( #3428 ), #4636 ) ;
#6598 = DIRECTION ( 'NONE',  ( -1.000000000000000000, 0.000000000000000000, 0.000000000000000000 ) ) ;
#6599 =( NAMED_UNIT ( * ) SI_UNIT ( $, .STERADIAN. ) SOLID_ANGLE_UNIT ( ) );
#6600 = CARTESIAN_POINT ( 'NONE',  ( 0.1189570677557950790, -0.1423802291937853459, 0.05000000000000000278 ) ) ;
#6601 = SURFACE_SIDE_STYLE ('',( #1791 ) ) ;
#6602 = EDGE_LOOP ( 'NONE', ( #4482, #3690, #1602, #1899 ) ) ;
#6603 =( GEOMETRIC_REPRESENTATION_CONTEXT ( 3 ) GLOBAL_UNCERTAINTY_ASSIGNED_CONTEXT ( ( #619 ) ) GLOBAL_UNIT_ASSIGNED_CONTEXT ( ( #2289, #6011, #3391 ) ) REPRESENTATION_CONTEXT ( 'NONE', 'WORKASPACE' ) );
#6604 = CARTESIAN_POINT ( 'NONE',  ( -0.001475624551897254926, -0.1398161266296827909, 0.05000000000000000278 ) ) ;
#6605 = EDGE_CURVE ( 'NONE', #3310, #4213, #6311, .T. ) ;
#6606 = CARTESIAN_POINT ( 'NONE',  ( 1.060000000000000497, -0.6250000000000000000, 0.1499999999999999944 ) ) ;
#6607 = COLOUR_RGB ( '',0.1490196078431372528, 0.1490196078431372528, 0.1490196078431372528 ) ;
#6608 = DIRECTION ( 'NONE',  ( -0.4188422247446085267, -0.9080590238365492395, 0.000000000000000000 ) ) ;
#6609 = ORIENTED_EDGE ( 'NONE', *, *, #2392, .T. ) ;
#6610 = VECTOR ( 'NONE', #3691, 1000.000000000000000 ) ;
#6611 = FILL_AREA_STYLE ('',( #2443 ) ) ;
#6612 = DIRECTION ( 'NONE',  ( -1.000000000000000000, 3.566454514754948225E-16, 0.000000000000000000 ) ) ;
#6613 = VECTOR ( 'NONE', #6925, 1000.000000000000000 ) ;
#6614 = EDGE_LOOP ( 'NONE', ( #718, #4326, #366, #3123, #6711, #5766 ) ) ;
#6615 = CARTESIAN_POINT ( 'NONE',  ( 0.08851833859476565536, -0.04575480356078427679, 0.05000000000000000278 ) ) ;
#6616 = PRESENTATION_STYLE_ASSIGNMENT (( #5803 ) ) ;
#6617 = CARTESIAN_POINT ( 'NONE',  ( -0.1630140860903588063, -0.03981612662968277150, 0.05000000000000000278 ) ) ;
#6618 = CARTESIAN_POINT ( 'NONE',  ( 0.1367697479739999888, -0.1291771980552675059, -6.776263578034402713E-18 ) ) ;
#6619 = ORIENTED_EDGE ( 'NONE', *, *, #2863, .F. ) ;
#6620 = CARTESIAN_POINT ( 'NONE',  ( -1.060000000000000497, -0.6249999999999997780, 0.1499999999999999944 ) ) ;
#6621 = EDGE_LOOP ( 'NONE', ( #4027, #6163, #2540, #4843 ) ) ;
#6622 = SURFACE_STYLE_FILL_AREA ( #6820 ) ;
#6623 = VECTOR ( 'NONE', #3889, 1000.000000000000000 ) ;
#6624 = DIRECTION ( 'NONE',  ( -0.000000000000000000, -0.000000000000000000, -1.000000000000000000 ) ) ;
#6625 = CARTESIAN_POINT ( 'NONE',  ( -0.07046285665331823711, -0.04312944247666569003, 0.05000000000000000278 ) ) ;
#6626 = ORIENTED_EDGE ( 'NONE', *, *, #6557, .F. ) ;
#6627 = CARTESIAN_POINT ( 'NONE',  ( -0.09245779000799717040, -0.08759103767588428957, 0.000000000000000000 ) ) ;
#6628 = ORIENTED_EDGE ( 'NONE', *, *, #5307, .F. ) ;
#6629 = EDGE_LOOP ( 'NONE', ( #5699, #2516, #2500, #6584 ) ) ;
#6630 = EDGE_CURVE ( 'NONE', #464, #2221, #3612, .T. ) ;
#6631 = VERTEX_POINT ( 'NONE', #1565 ) ;
#6632 = UNCERTAINTY_MEASURE_WITH_UNIT (LENGTH_MEASURE( 1.000000000000000082E-05 ), #2597, 'distance_accuracy_value', 'NONE');
#6633 = CARTESIAN_POINT ( 'NONE',  ( 0.1567401857739871007, -0.06608370302746677249, 0.05000000000000000278 ) ) ;
#6634 = VERTEX_POINT ( 'NONE', #2063 ) ;
#6635 = STYLED_ITEM ( 'NONE', ( #796 ), #4129 ) ;
#6636 = CARTESIAN_POINT ( 'NONE',  ( 0.5500000000000003775, 0.000000000000000000, 0.000000000000000000 ) ) ;
#6637 = CARTESIAN_POINT ( 'NONE',  ( 0.1027074444396566810, -0.03935429897440620439, 0.05000000000000000278 ) ) ;
#6638 = CARTESIAN_POINT ( 'NONE',  ( 0.1720087573710106510, -0.07870404481700253585, -0.000000000000000000 ) ) ;
#6639 = VERTEX_POINT ( 'NONE', #1058 ) ;
#6640 = CARTESIAN_POINT ( 'NONE',  ( 0.1249999999999998335, -0.6800000000000001599, 0.000000000000000000 ) ) ;
#6641 = CARTESIAN_POINT ( 'NONE',  ( 0.1622149148705907817, -0.1026188637173406359, -6.776263578034402713E-18 ) ) ;
#6642 = DIRECTION ( 'NONE',  ( 0.000000000000000000, -0.000000000000000000, 1.000000000000000000 ) ) ;
#6644 = ORIENTED_EDGE ( 'NONE', *, *, #1276, .T. ) ;
#6643 = PRESENTATION_STYLE_ASSIGNMENT (( #5077 ) ) ;
#6645 = PRESENTATION_LAYER_ASSIGNMENT (  '', '', ( #3989 ) ) ;
#6646 = VERTEX_POINT ( 'NONE', #1084 ) ;
#6647 = CARTESIAN_POINT ( 'NONE',  ( 0.04596027288400020283, -0.08084176765532379016, 0.05000000000000000278 ) ) ;
#6648 = DIRECTION ( 'NONE',  ( -0.000000000000000000, -0.000000000000000000, -1.000000000000000000 ) ) ;
#6649 = EDGE_CURVE ( 'NONE', #1870, #6762, #4370, .T. ) ;
#6651 = ORIENTED_EDGE ( 'NONE', *, *, #2119, .F. ) ;
#6650 = LINE ( 'NONE', #2871, #56 ) ;
#6652 =( NAMED_UNIT ( * ) PLANE_ANGLE_UNIT ( ) SI_UNIT ( $, .RADIAN. ) );
#6653 = EDGE_LOOP ( 'NONE', ( #1877, #5885, #1750, #3478 ) ) ;
#6654 = CARTESIAN_POINT ( 'NONE',  ( -0.09244685120311635362, -0.09434304541510327158, 0.05000000000000000278 ) ) ;
#6655 = PLANE ( 'NONE',  #3136 ) ;
#6656 = LINE ( 'NONE', #594, #3800 ) ;
#6657 = ORIENTED_EDGE ( 'NONE', *, *, #1231, .T. ) ;
#6658 = FILL_AREA_STYLE ('',( #2378 ) ) ;
#6659 = CARTESIAN_POINT ( 'NONE',  ( 0.1625163001357214920, -0.07857460398436699744, 1.355252715606880543E-17 ) ) ;
#6660 = SURFACE_SIDE_STYLE ('',( #6529 ) ) ;
#6661 =( NAMED_UNIT ( * ) PLANE_ANGLE_UNIT ( ) SI_UNIT ( $, .RADIAN. ) );
#6662 = CARTESIAN_POINT ( 'NONE',  ( 1.060000000000000497, -0.8750000000000000000, 0.1499999999999999944 ) ) ;
#6663 = ORIENTED_EDGE ( 'NONE', *, *, #1620, .T. ) ;
#6664 = DIRECTION ( 'NONE',  ( -3.566454514754948225E-16, 1.000000000000000000, -0.000000000000000000 ) ) ;
#6665 = DIRECTION ( 'NONE',  ( 0.000000000000000000, -0.000000000000000000, -1.000000000000000000 ) ) ;
#6666 = ORIENTED_EDGE ( 'NONE', *, *, #4409, .T. ) ;
#6667 = CARTESIAN_POINT ( 'NONE',  ( -0.06859230120791158514, -0.04251100104108746641, 0.05000000000000000278 ) ) ;
#6668 = VERTEX_POINT ( 'NONE', #2145 ) ;
#6669 = SURFACE_SIDE_STYLE ('',( #2825 ) ) ;
#6670 = CARTESIAN_POINT ( 'NONE',  ( -1.060000000000000497, -0.8749999999999997780, -0.02000000000000000042 ) ) ;
#6671 = LINE ( 'NONE', #5213, #5918 ) ;
#6672 = EDGE_CURVE ( 'NONE', #480, #1532, #5390, .T. ) ;
#6673 = CARTESIAN_POINT ( 'NONE',  ( -1.060000000000000719, 0.3750000000000002220, 0.1499999999999999944 ) ) ;
#6674 = LINE ( 'NONE', #4237, #2636 ) ;
#6675 = ORIENTED_EDGE ( 'NONE', *, *, #5781, .T. ) ;
#6676 = STYLED_ITEM ( 'NONE', ( #158 ), #5192 ) ;
#6677 = MECHANICAL_DESIGN_GEOMETRIC_PRESENTATION_REPRESENTATION (  '', ( #238 ), #738 ) ;
#6678 = FACE_OUTER_BOUND ( 'NONE', #3773, .T. ) ;
#6679 = CARTESIAN_POINT ( 'NONE',  ( -0.05369871667816336624, -0.05073810717067551296, 0.000000000000000000 ) ) ;
#6680 = ORIENTED_EDGE ( 'NONE', *, *, #1683, .F. ) ;
#6681 = EDGE_CURVE ( 'NONE', #577, #592, #1545, .T. ) ;
#6682 = CARTESIAN_POINT ( 'NONE',  ( -0.06937561438413597514, -0.1266941727678024265, 0.05000000000000000278 ) ) ;
#6683 = FACE_OUTER_BOUND ( 'NONE', #3568, .T. ) ;
#6684 = DIRECTION ( 'NONE',  ( 0.6038968352533766737, -0.7970624896273542648, 0.000000000000000000 ) ) ;
#6685 = CARTESIAN_POINT ( 'NONE',  ( 0.1669652991969572953, -0.06443303271205400029, 0.000000000000000000 ) ) ;
#6686 =( NAMED_UNIT ( * ) PLANE_ANGLE_UNIT ( ) SI_UNIT ( $, .RADIAN. ) );
#6687 = CARTESIAN_POINT ( 'NONE',  ( 0.1607801841009994515, -0.1064868592119384422, 0.05000000000000000278 ) ) ;
#6688 =( NAMED_UNIT ( * ) PLANE_ANGLE_UNIT ( ) SI_UNIT ( $, .RADIAN. ) );
#6689 =( NAMED_UNIT ( * ) SI_UNIT ( $, .STERADIAN. ) SOLID_ANGLE_UNIT ( ) );
#6690 = ORIENTED_EDGE ( 'NONE', *, *, #6233, .F. ) ;
#6691 = VECTOR ( 'NONE', #6710, 1000.000000000000000 ) ;
#6692 = B_SPLINE_SURFACE_WITH_KNOTS ( 'NONE', 3, 1, ( 
 ( #2233, #4963 ),
 ( #4352, #5498 ),
 ( #2722, #4401 ),
 ( #5949, #6489 ),
 ( #4942, #3787 ),
 ( #156, #95 ),
 ( #3280, #6565 ),
 ( #621, #1759 ),
 ( #1740, #6017 ),
 ( #3810, #643 ),
 ( #4375, #1178 ),
 ( #5481, #1717 ),
 ( #3878, #6510 ),
 ( #1226, #3348 ),
 ( #4422, #5437 ) ),
 .UNSPECIFIED., .F., .F., .F.,
 ( 4, 1, 1, 1, 1, 1, 1, 1, 1, 1, 1, 1, 4 ),
 ( 2, 2 ),
 ( 0.000000000000000000, 0.06316325936347014225, 0.1254749410306405799, 0.1871212198160327467, 0.2482943461142985420, 0.3092948562551207092, 0.3698500660670926976, 0.4309733755473816874, 0.4924559896728166741, 0.6161479662918547540, 0.7408436984673625325, 0.8681826486700426893, 1.000000000000000000 ),
 ( 0.000000000000000000, 1.000000000000000000 ),
 .UNSPECIFIED. ) ;
#6693 = CARTESIAN_POINT ( 'NONE',  ( -1.050000000000000044, -1.050000000000000044, 0.7500000000000000000 ) ) ;
#6694 = CARTESIAN_POINT ( 'NONE',  ( -0.06916745142016138270, -0.05386290841499782878, 0.05000000000000000278 ) ) ;
#6695 = LINE ( 'NONE', #1810, #3260 ) ;
#6696 = ORIENTED_EDGE ( 'NONE', *, *, #5588, .F. ) ;
#6697 = AXIS2_PLACEMENT_3D ( 'NONE', #900, #1974, #4050 ) ;
#6698 = FACE_OUTER_BOUND ( 'NONE', #5839, .T. ) ;
#6699 = VECTOR ( 'NONE', #4391, 1000.000000000000000 ) ;
#6700 = CARTESIAN_POINT ( 'NONE',  ( 0.1519887760542393829, -0.1325694734132142338, 0.000000000000000000 ) ) ;
#6701 = LINE ( 'NONE', #6166, #5853 ) ;
#6702 = EDGE_CURVE ( 'NONE', #2439, #2108, #1719, .T. ) ;
#6703 = CARTESIAN_POINT ( 'NONE',  ( -0.09250126557753829415, -0.09105811380916994935, 0.05000000000000000278 ) ) ;
#6704 = FILL_AREA_STYLE ('',( #6731 ) ) ;
#6705 = COLOUR_RGB ( '',0.5019607843137254832, 0.5019607843137254832, 0.000000000000000000 ) ;
#6706 = LINE ( 'NONE', #2573, #5860 ) ;
#6707 = COLOUR_RGB ( '',0.5019607843137254832, 0.5019607843137254832, 0.000000000000000000 ) ;
#6708 = VECTOR ( 'NONE', #1142, 1000.000000000000000 ) ;
#6709 = DIRECTION ( 'NONE',  ( 1.000000000000000000, 0.000000000000000000, -0.000000000000000000 ) ) ;
#6710 = DIRECTION ( 'NONE',  ( 3.566454514754948225E-16, 1.000000000000000000, 0.000000000000000000 ) ) ;
#6711 = ORIENTED_EDGE ( 'NONE', *, *, #4065, .F. ) ;
#6712 = CARTESIAN_POINT ( 'NONE',  ( -0.08760981262570419204, -0.1116088555888093969, 0.05000000000000000278 ) ) ;
#6713 = CARTESIAN_POINT ( 'NONE',  ( 0.05493463185835917306, -0.1398161266296827909, 0.05000000000000000278 ) ) ;
#6714 = CARTESIAN_POINT ( 'NONE',  ( 0.1353135005355815546, -0.03925941974826951258, 0.000000000000000000 ) ) ;
#6715 = ORIENTED_EDGE ( 'NONE', *, *, #1196, .T. ) ;
#6716 = DIRECTION ( 'NONE',  ( -7.132909029509896943E-17, 1.000000000000000000, 0.000000000000000000 ) ) ;
#6717 = LINE ( 'NONE', #5428, #4183 ) ;
#6718 = CARTESIAN_POINT ( 'NONE',  ( 0.1237150933573553380, -0.1320361418181369428, 0.05000000000000000278 ) ) ;
#6719 = ORIENTED_EDGE ( 'NONE', *, *, #189, .F. ) ;
#6720 = ORIENTED_EDGE ( 'NONE', *, *, #6649, .T. ) ;
#6721 = DIRECTION ( 'NONE',  ( 0.000000000000000000, -1.000000000000000000, 0.000000000000000000 ) ) ;
#6722 = LINE ( 'NONE', #1786, #121 ) ;
#6723 = DIRECTION ( 'NONE',  ( 1.000000000000000000, 0.000000000000000000, 0.000000000000000000 ) ) ;
#6724 = SURFACE_SIDE_STYLE ('',( #1288 ) ) ;
#6725 = VERTEX_POINT ( 'NONE', #5287 ) ;
#6726 = VERTEX_POINT ( 'NONE', #6443 ) ;
#6727 = ORIENTED_EDGE ( 'NONE', *, *, #5186, .T. ) ;
#6728 = CARTESIAN_POINT ( 'NONE',  ( 0.1602030613455386610, -0.1248922484245545694, 0.000000000000000000 ) ) ;
#6729 = UNCERTAINTY_MEASURE_WITH_UNIT (LENGTH_MEASURE( 1.000000000000000082E-05 ), #399, 'distance_accuracy_value', 'NONE');
#6730 = CARTESIAN_POINT ( 'NONE',  ( -0.03542995147497418618, -0.05007253688609302616, 0.05000000000000000278 ) ) ;
#6731 = FILL_AREA_STYLE_COLOUR ( '', #4908 ) ;
#6732 = EDGE_CURVE ( 'NONE', #450, #1987, #4195, .T. ) ;
#6733 = PRESENTATION_STYLE_ASSIGNMENT (( #2701 ) ) ;
#6734 = AXIS2_PLACEMENT_3D ( 'NONE', #503, #529, #5750 ) ;
#6735 = CARTESIAN_POINT ( 'NONE',  ( -0.1006420802802878434, -0.1018229028429499805, 0.000000000000000000 ) ) ;
#6736 = DIRECTION ( 'NONE',  ( 0.000000000000000000, 0.000000000000000000, -1.000000000000000000 ) ) ;
#6737 = DIRECTION ( 'NONE',  ( -2.065146995210484448E-16, 1.000000000000000000, -0.000000000000000000 ) ) ;
#6738 = FACE_OUTER_BOUND ( 'NONE', #1019, .T. ) ;
#6739 = CARTESIAN_POINT ( 'NONE',  ( 0.1155801455905394043, -0.1423420042028803456, 0.000000000000000000 ) ) ;
#6740 = CARTESIAN_POINT ( 'NONE',  ( 1.050000000000000044, -0.3750000000000001110, 0.7500000000000000000 ) ) ;
#6741 = CARTESIAN_POINT ( 'NONE',  ( 0.1638729388606065818, -0.09139432459817062315, 0.05000000000000000278 ) ) ;
#6742 = ORIENTED_EDGE ( 'NONE', *, *, #1144, .F. ) ;
#6743 = PRESENTATION_LAYER_ASSIGNMENT (  '', '', ( #754 ) ) ;
#6744 = VECTOR ( 'NONE', #4074, 1000.000000000000000 ) ;
#6745 = CARTESIAN_POINT ( 'NONE',  ( -0.07956377458234004107, -0.06002021015700825107, 0.000000000000000000 ) ) ;
#6746 = CARTESIAN_POINT ( 'NONE',  ( 0.1138352382549696618, -0.1319805988719335854, 0.000000000000000000 ) ) ;
#6747 =( LENGTH_UNIT ( ) NAMED_UNIT ( * ) SI_UNIT ( .MILLI., .METRE. ) );
#6748 = DIRECTION ( 'NONE',  ( 0.000000000000000000, 0.000000000000000000, -1.000000000000000000 ) ) ;
#6749 = EDGE_CURVE ( 'NONE', #933, #4175, #463, .T. ) ;
#6750 = CARTESIAN_POINT ( 'NONE',  ( 6.081262185415520587E-17, 0.1250000000000004718, 0.000000000000000000 ) ) ;
#6751 = DIRECTION ( 'NONE',  ( -1.000000000000000000, 6.950013926189140747E-16, -0.000000000000000000 ) ) ;
#6752 = CARTESIAN_POINT ( 'NONE',  ( 0.1249999999999998612, -1.060000000000000275, -0.02000000000000000042 ) ) ;
#6753 = VERTEX_POINT ( 'NONE', #6941 ) ;
#6754 = ORIENTED_EDGE ( 'NONE', *, *, #1216, .F. ) ;
#6755 = CARTESIAN_POINT ( 'NONE',  ( 0.000000000000000000, 0.000000000000000000, 0.1499999999999999944 ) ) ;
#6756 = COLOUR_RGB ( '',0.5019607843137254832, 0.5019607843137254832, 0.000000000000000000 ) ;
#6757 = CARTESIAN_POINT ( 'NONE',  ( -0.001475624551897254926, -0.1295597163732725154, 0.05000000000000000278 ) ) ;
#6758 = CARTESIAN_POINT ( 'NONE',  ( -0.09244685120311635362, -0.09434304541510327158, 0.05000000000000000278 ) ) ;
#6759 = DIRECTION ( 'NONE',  ( 1.000000000000000000, 0.000000000000000000, 0.000000000000000000 ) ) ;
#6760 = CARTESIAN_POINT ( 'NONE',  ( 0.1122581491557099603, -0.1420636637904562904, 0.05000000000000000278 ) ) ;
#6761 = DIRECTION ( 'NONE',  ( -0.000000000000000000, 1.000000000000000000, -0.000000000000000000 ) ) ;
#6762 = VERTEX_POINT ( 'NONE', #5903 ) ;
#6763 = CARTESIAN_POINT ( 'NONE',  ( 0.08330001647374379870, -0.1154571522707084213, -0.000000000000000000 ) ) ;
#6764 = CARTESIAN_POINT ( 'NONE',  ( -0.06615911814164082694, -0.05287702406558020263, 0.000000000000000000 ) ) ;
#6765 = CARTESIAN_POINT ( 'NONE',  ( 0.09082244725424534759, -0.1227955058837274932, 0.000000000000000000 ) ) ;
#6766 = DIRECTION ( 'NONE',  ( 0.000000000000000000, -1.000000000000000000, 0.000000000000000000 ) ) ;
#6767 = ADVANCED_FACE ( 'NONE', ( #5541 ), #591, .T. ) ;
#6768 = EDGE_CURVE ( 'NONE', #5896, #5179, #2693, .T. ) ;
#6769 = CARTESIAN_POINT ( 'NONE',  ( 0.1313211339110784970, -0.1412984553144542854, 0.05000000000000000278 ) ) ;
#6770 = AXIS2_PLACEMENT_3D ( 'NONE', #3363, #5990, #1751 ) ;
#6771 = SURFACE_SIDE_STYLE ('',( #2879 ) ) ;
#6772 = VECTOR ( 'NONE', #6931, 1000.000000000000000 ) ;
#6773 = CARTESIAN_POINT ( 'NONE',  ( -0.03987706685958954805, -0.1295597163732725154, 0.05000000000000000278 ) ) ;
#6774 = VERTEX_POINT ( 'NONE', #2087 ) ;
#6775 = STYLED_ITEM ( 'NONE', ( #1003 ), #3662 ) ;
#6776 = PRESENTATION_STYLE_ASSIGNMENT (( #3983 ) ) ;
#6777 = MECHANICAL_DESIGN_GEOMETRIC_PRESENTATION_REPRESENTATION (  '', ( #5355 ), #202 ) ;
#6778 = LINE ( 'NONE', #3712, #1197 ) ;
#6779 = ORIENTED_EDGE ( 'NONE', *, *, #2608, .F. ) ;
#6780 =( NAMED_UNIT ( * ) SI_UNIT ( $, .STERADIAN. ) SOLID_ANGLE_UNIT ( ) );
#6781 = PLANE ( 'NONE',  #5664 ) ;
#6782 = VECTOR ( 'NONE', #1042, 1000.000000000000000 ) ;
#6783 = CARTESIAN_POINT ( 'NONE',  ( 0.1479385716758462865, -0.1229131577554386096, 0.05000000000000000278 ) ) ;
#6784 = VECTOR ( 'NONE', #6407, 1000.000000000000000 ) ;
#6785 = AXIS2_PLACEMENT_3D ( 'NONE', #6604, #4478, #1289 ) ;
#6786 = CIRCLE ( 'NONE', #3231, 0.1199999999999999956 ) ;
#6787 =( GEOMETRIC_REPRESENTATION_CONTEXT ( 3 ) GLOBAL_UNCERTAINTY_ASSIGNED_CONTEXT ( ( #138 ) ) GLOBAL_UNIT_ASSIGNED_CONTEXT ( ( #5532, #6686, #6127 ) ) REPRESENTATION_CONTEXT ( 'NONE', 'WORKASPACE' ) );
#6788 = CARTESIAN_POINT ( 'NONE',  ( -1.050000000000000266, 1.050000000000000044, 0.000000000000000000 ) ) ;
#6789 = COLOUR_RGB ( '',0.5019607843137254832, 0.5019607843137254832, 0.000000000000000000 ) ;
#6790 = B_SPLINE_SURFACE_WITH_KNOTS ( 'NONE', 3, 1, ( 
 ( #1097, #1631 ),
 ( #3753, #581 ),
 ( #4323, #1658 ),
 ( #2205, #4412 ),
 ( #5445, #1233 ),
 ( #4978, #2244 ),
 ( #5986, #4911 ),
 ( #700, #2733 ),
 ( #2301, #2798 ),
 ( #4341, #5961 ),
 ( #652, #635 ),
 ( #3359, #4365 ),
 ( #1706, #6572 ),
 ( #1191, #6520 ),
 ( #5426, #168 ),
 ( #1727, #2318 ),
 ( #6059, #3268 ),
 ( #6005, #1773 ),
 ( #80, #5466 ) ),
 .UNSPECIFIED., .F., .F., .F.,
 ( 4, 1, 1, 1, 1, 1, 1, 1, 1, 1, 1, 1, 1, 1, 1, 1, 4 ),
 ( 2, 2 ),
 ( 0.000000000000000000, 0.06154496601632405972, 0.1216942964020306384, 0.1811548554526336008, 0.2398753889119566163, 0.2987019424504290255, 0.3576474237092014952, 0.4176048428493669418, 0.4784940407282911035, 0.5404070506371330129, 0.6023449938728033803, 0.6650043279232340510, 0.7285593088233763837, 0.7936505420268857858, 0.8605342675902678540, 0.9292359605619640028, 1.000000000000000000 ),
 ( 0.000000000000000000, 1.000000000000000000 ),
 .UNSPECIFIED. ) ;
#6791 = CARTESIAN_POINT ( 'NONE',  ( 0.6700000000000002620, -0.7449999999999997735, -0.02000000000000000042 ) ) ;
#6792 = COLOUR_RGB ( '',0.5019607843137254832, 0.5019607843137254832, 0.000000000000000000 ) ;
#6793 = CARTESIAN_POINT ( 'NONE',  ( 1.060000000000000719, 0.1249999999999999445, 0.1499999999999999944 ) ) ;
#6794 = CARTESIAN_POINT ( 'NONE',  ( -0.08556421776015563085, -0.06670713372817778375, 0.000000000000000000 ) ) ;
#6795 = ORIENTED_EDGE ( 'NONE', *, *, #3436, .F. ) ;
#6796 = ORIENTED_EDGE ( 'NONE', *, *, #1263, .F. ) ;
#6797 = VECTOR ( 'NONE', #1707, 1000.000000000000000 ) ;
#6798 =( NAMED_UNIT ( * ) PLANE_ANGLE_UNIT ( ) SI_UNIT ( $, .RADIAN. ) );
#6799 = VERTEX_POINT ( 'NONE', #3740 ) ;
#6800 = DIRECTION ( 'NONE',  ( 1.000000000000000000, 0.000000000000000000, 0.000000000000000000 ) ) ;
#6801 = CARTESIAN_POINT ( 'NONE',  ( -0.06846280403907673007, -0.1270156458604519978, 0.05000000000000000278 ) ) ;
#6802 = EDGE_LOOP ( 'NONE', ( #5346, #3776, #4387, #4993, #6482, #4600 ) ) ;
#6803 = ADVANCED_FACE ( 'NONE', ( #1138 ), #222, .T. ) ;
#6804 = ORIENTED_EDGE ( 'NONE', *, *, #6864, .T. ) ;
#6805 = CARTESIAN_POINT ( 'NONE',  ( -0.005000000000000042605, -0.6800000000000001599, 0.000000000000000000 ) ) ;
#6806 = DIRECTION ( 'NONE',  ( 1.000000000000000000, 0.000000000000000000, 0.000000000000000000 ) ) ;
#6807 =( LENGTH_UNIT ( ) NAMED_UNIT ( * ) SI_UNIT ( .MILLI., .METRE. ) );
#6808 = LINE ( 'NONE', #6134, #5964 ) ;
#6809 = CARTESIAN_POINT ( 'NONE',  ( 0.1249999999999998335, -0.6800000000000001599, -0.02000000000000000042 ) ) ;
#6810 = COLOUR_RGB ( '',0.1490196078431372528, 0.1490196078431372528, 0.1490196078431372528 ) ;
#6812 = VERTEX_POINT ( 'NONE', #4605 ) ;
#6811 = VECTOR ( 'NONE', #3763, 1000.000000000000000 ) ;
#6813 = EDGE_CURVE ( 'NONE', #1037, #1217, #5226, .T. ) ;
#6814 = ORIENTED_EDGE ( 'NONE', *, *, #2058, .F. ) ;
#6815 = CARTESIAN_POINT ( 'NONE',  ( 0.1172713727955387863, -0.1320755680873491877, 0.05000000000000000278 ) ) ;
#6817 = UNCERTAINTY_MEASURE_WITH_UNIT (LENGTH_MEASURE( 1.000000000000000082E-05 ), #143, 'distance_accuracy_value', 'NONE');
#6816 =( NAMED_UNIT ( * ) SI_UNIT ( $, .STERADIAN. ) SOLID_ANGLE_UNIT ( ) );
#6818 = VERTEX_POINT ( 'NONE', #361 ) ;
#6819 = PRESENTATION_LAYER_ASSIGNMENT (  '', '', ( #3307 ) ) ;
#6820 = FILL_AREA_STYLE ('',( #418 ) ) ;
#6821 = VERTEX_POINT ( 'NONE', #6291 ) ;
#6822 = CARTESIAN_POINT ( 'NONE',  ( -1.050000000000000044, -0.6249999999999996669, 0.7500000000000000000 ) ) ;
#6823 = CARTESIAN_POINT ( 'NONE',  ( -0.04926047161507101507, -0.1294193598106049559, 0.05000000000000000278 ) ) ;
#6824 = EDGE_CURVE ( 'NONE', #1809, #919, #4640, .T. ) ;
#6825 = LINE ( 'NONE', #803, #973 ) ;
#6826 = LINE ( 'NONE', #6153, #5728 ) ;
#6827 = EDGE_LOOP ( 'NONE', ( #2048, #5741, #5566, #4466, #2281, #6002 ) ) ;
#6828 = DIRECTION ( 'NONE',  ( -1.000000000000000000, 2.780005570475657679E-16, -0.000000000000000000 ) ) ;
#6829 = CARTESIAN_POINT ( 'NONE',  ( -0.09992653177065770331, -0.1051830657013136799, 0.000000000000000000 ) ) ;
#6830 = AXIS2_PLACEMENT_3D ( 'NONE', #6552, #3868, #144 ) ;
#6831 = CARTESIAN_POINT ( 'NONE',  ( 0.1595709552041477408, -0.1256084219712770012, 0.05000000000000000278 ) ) ;
#6832 = CARTESIAN_POINT ( 'NONE',  ( -0.03715282280668399939, -0.05007770786682132214, 0.05000000000000000278 ) ) ;
#6833 = CARTESIAN_POINT ( 'NONE',  ( 0.1090189927530470226, -0.1416573873663204697, 0.000000000000000000 ) ) ;
#6834 = CARTESIAN_POINT ( 'NONE',  ( -0.000000000000000000, 0.5600000000000001643, 0.000000000000000000 ) ) ;
#6835 = EDGE_LOOP ( 'NONE', ( #3153, #1615, #2599, #6237, #561, #1879, #3976, #5505 ) ) ;
#6836 =( GEOMETRIC_REPRESENTATION_CONTEXT ( 3 ) GLOBAL_UNCERTAINTY_ASSIGNED_CONTEXT ( ( #1250 ) ) GLOBAL_UNIT_ASSIGNED_CONTEXT ( ( #5069, #6175, #6689 ) ) REPRESENTATION_CONTEXT ( 'NONE', 'WORKASPACE' ) );
#6837 =( NAMED_UNIT ( * ) PLANE_ANGLE_UNIT ( ) SI_UNIT ( $, .RADIAN. ) );
#6838 = EDGE_LOOP ( 'NONE', ( #3071, #5228, #5571, #71, #2295, #4536 ) ) ;
#6839 = CARTESIAN_POINT ( 'NONE',  ( 0.1196381574993848201, -0.04750843432199046423, 0.000000000000000000 ) ) ;
#6840 = DIRECTION ( 'NONE',  ( -0.000000000000000000, 1.000000000000000000, 0.000000000000000000 ) ) ;
#6841 = CARTESIAN_POINT ( 'NONE',  ( -0.6700000000000003730, 0.2450000000000001066, 0.000000000000000000 ) ) ;
#6842 = EDGE_CURVE ( 'NONE', #1494, #4738, #640, .T. ) ;
#6843 = VERTEX_POINT ( 'NONE', #3517 ) ;
#6844 = ORIENTED_EDGE ( 'NONE', *, *, #4951, .F. ) ;
#6845 = CARTESIAN_POINT ( 'NONE',  ( 1.060000000000000719, -0.1250000000000000555, 0.1499999999999999944 ) ) ;
#6846 = CARTESIAN_POINT ( 'NONE',  ( -0.06773756805252273416, -0.1272262471415056828, 0.05000000000000000278 ) ) ;
#6847 = FACE_OUTER_BOUND ( 'NONE', #1546, .T. ) ;
#6848 = ORIENTED_EDGE ( 'NONE', *, *, #1048, .F. ) ;
#6849 = CARTESIAN_POINT ( 'NONE',  ( 0.1369978927550010994, -0.1399380096950512686, 0.05000000000000000278 ) ) ;
#6850 = FILL_AREA_STYLE ('',( #3654 ) ) ;
#6851 = PRODUCT_CONTEXT ( 'NONE', #552, 'mechanical' ) ;
#6852 = CARTESIAN_POINT ( 'NONE',  ( 0.1513646237909567760, -0.05980203229655610409, 0.05000000000000000278 ) ) ;
#6853 = CARTESIAN_POINT ( 'NONE',  ( -0.1630140860903588063, -0.03981612662968277150, 0.05000000000000000278 ) ) ;
#6854 = CARTESIAN_POINT ( 'NONE',  ( -0.03961665019292291007, -0.03981612662968277150, 0.000000000000000000 ) ) ;
#6855 = UNCERTAINTY_MEASURE_WITH_UNIT (LENGTH_MEASURE( 1.000000000000000082E-05 ), #3076, 'distance_accuracy_value', 'NONE');
#6856 = LINE ( 'NONE', #3385, #4507 ) ;
#6857 = ORIENTED_EDGE ( 'NONE', *, *, #954, .F. ) ;
#6858 = LINE ( 'NONE', #4125, #4424 ) ;
#6859 =( NAMED_UNIT ( * ) SI_UNIT ( $, .STERADIAN. ) SOLID_ANGLE_UNIT ( ) );
#6860 = DIRECTION ( 'NONE',  ( 0.000000000000000000, -1.000000000000000000, 0.000000000000000000 ) ) ;
#6861 = UNCERTAINTY_MEASURE_WITH_UNIT (LENGTH_MEASURE( 1.000000000000000082E-05 ), #2403, 'distance_accuracy_value', 'NONE');
#6862 = COLOUR_RGB ( '',0.5019607843137254832, 0.5019607843137254832, 0.000000000000000000 ) ;
#6863 = ORIENTED_EDGE ( 'NONE', *, *, #4023, .T. ) ;
#6864 = EDGE_CURVE ( 'NONE', #3045, #578, #1881, .T. ) ;
#6865 = SURFACE_STYLE_FILL_AREA ( #6034 ) ;
#6866 = VECTOR ( 'NONE', #2530, 1000.000000000000000 ) ;
#6867 = AXIS2_PLACEMENT_3D ( 'NONE', #3352, #3836, #3396 ) ;
#6868 = AXIS2_PLACEMENT_3D ( 'NONE', #4008, #2969, #337 ) ;
#6869 = CARTESIAN_POINT ( 'NONE',  ( 0.08330001647374379870, -0.1154571522707084213, 0.000000000000000000 ) ) ;
#6870 = EDGE_LOOP ( 'NONE', ( #1508, #5161, #5227, #3875 ) ) ;
#6871 = FACE_OUTER_BOUND ( 'NONE', #6298, .T. ) ;
#6872 = LINE ( 'NONE', #1590, #177 ) ;
#6873 = VECTOR ( 'NONE', #294, 1000.000000000000000 ) ;
#6874 = CARTESIAN_POINT ( 'NONE',  ( -0.005000000000000042605, -0.6800000000000001599, 0.1499999999999999944 ) ) ;
#6875 = CARTESIAN_POINT ( 'NONE',  ( 0.09936334172606962889, -0.1280458820354458682, 0.05000000000000000278 ) ) ;
#6876 = FILL_AREA_STYLE ('',( #2176 ) ) ;
#6877 = SURFACE_SIDE_STYLE ('',( #4681 ) ) ;
#6878 =( LENGTH_UNIT ( ) NAMED_UNIT ( * ) SI_UNIT ( .MILLI., .METRE. ) );
#6879 = CARTESIAN_POINT ( 'NONE',  ( 0.1249999999999998612, -1.050000000000000044, 0.1499999999999999944 ) ) ;
#6880 =( GEOMETRIC_REPRESENTATION_CONTEXT ( 3 ) GLOBAL_UNCERTAINTY_ASSIGNED_CONTEXT ( ( #3574 ) ) GLOBAL_UNIT_ASSIGNED_CONTEXT ( ( #717, #4425, #5075 ) ) REPRESENTATION_CONTEXT ( 'NONE', 'WORKASPACE' ) );
#6881 = LINE ( 'NONE', #3780, #4350 ) ;
#6882 = ORIENTED_EDGE ( 'NONE', *, *, #3182, .F. ) ;
#6883 = EDGE_CURVE ( 'NONE', #945, #2756, #800, .T. ) ;
#6884 = ORIENTED_EDGE ( 'NONE', *, *, #1359, .F. ) ;
#6885 = DIRECTION ( 'NONE',  ( 0.000000000000000000, 0.000000000000000000, -1.000000000000000000 ) ) ;
#6886 = VECTOR ( 'NONE', #1221, 1000.000000000000000 ) ;
#6887 = B_SPLINE_CURVE_WITH_KNOTS ( 'NONE', 3,
 ( #409, #4606, #365, #2972, #4127, #5160, #5110, #1911, #903, #1958, #4100 ),
 .UNSPECIFIED., .F., .F.,
 ( 4, 1, 1, 1, 1, 1, 1, 1, 4 ),
 ( 0.000000000000000000, 0.1642892164747606909, 0.3174059112304910002, 0.4588436116410199439, 0.5893665423053090491, 0.7078313187781720695, 0.8157700306990054440, 0.9128799029021265055, 1.000000000000000000 ),
 .UNSPECIFIED. ) ;
#6888 = DIRECTION ( 'NONE',  ( 1.000000000000000000, 0.000000000000000000, 0.000000000000000000 ) ) ;
#6889 = FILL_AREA_STYLE_COLOUR ( '', #4098 ) ;
#6890 = ORIENTED_EDGE ( 'NONE', *, *, #1276, .F. ) ;
#6891 = ORIENTED_EDGE ( 'NONE', *, *, #6370, .T. ) ;
#6892 = DIRECTION ( 'NONE',  ( -0.000000000000000000, -0.000000000000000000, -1.000000000000000000 ) ) ;
#6893 = DIRECTION ( 'NONE',  ( -1.000000000000000000, 5.560011140951313386E-16, 0.000000000000000000 ) ) ;
#6894 = VECTOR ( 'NONE', #3431, 1000.000000000000000 ) ;
#6895 = ORIENTED_EDGE ( 'NONE', *, *, #3019, .F. ) ;
#6896 = EDGE_LOOP ( 'NONE', ( #3852, #4614, #5104, #2645 ) ) ;
#6897 = EDGE_CURVE ( 'NONE', #1796, #2571, #3373, .T. ) ;
#6898 = CARTESIAN_POINT ( 'NONE',  ( 0.1494502285417198817, -0.04561250950715657615, 0.05000000000000000278 ) ) ;
#6899 = CARTESIAN_POINT ( 'NONE',  ( 1.060000000000000719, -0.1250000000000000555, -0.02000000000000000042 ) ) ;
#6900 = DIRECTION ( 'NONE',  ( -1.000000000000000000, 2.780005570475657679E-16, -0.000000000000000000 ) ) ;
#6901 =( NAMED_UNIT ( * ) PLANE_ANGLE_UNIT ( ) SI_UNIT ( $, .RADIAN. ) );
#6902 = ORIENTED_EDGE ( 'NONE', *, *, #5499, .F. ) ;
#6903 = DIRECTION ( 'NONE',  ( 1.000000000000000000, 0.000000000000000000, 0.000000000000000000 ) ) ;
#6904 = DIRECTION ( 'NONE',  ( 0.4190581774617468946, 0.9079593845004516606, 0.000000000000000000 ) ) ;
#6905 = DIRECTION ( 'NONE',  ( 1.000000000000000000, 0.000000000000000000, -0.000000000000000000 ) ) ;
#6906 = EDGE_CURVE ( 'NONE', #3277, #1004, #5888, .T. ) ;
#6907 = VECTOR ( 'NONE', #5364, 1000.000000000000000 ) ;
#6908 = CARTESIAN_POINT ( 'NONE',  ( 0.6700000000000011502, -0.6249999999999997780, -0.02000000000000000042 ) ) ;
#6909 = ORIENTED_EDGE ( 'NONE', *, *, #1580, .T. ) ;
#6910 = CARTESIAN_POINT ( 'NONE',  ( -0.08890899060881470028, -0.1090506031981786639, 0.000000000000000000 ) ) ;
#6911 = MECHANICAL_DESIGN_GEOMETRIC_PRESENTATION_REPRESENTATION (  '', ( #6548 ), #4527 ) ;
#6912 = MECHANICAL_DESIGN_GEOMETRIC_PRESENTATION_REPRESENTATION (  '', ( #2709 ), #2036 ) ;
#6913 = DIRECTION ( 'NONE',  ( -0.000000000000000000, 0.000000000000000000, 1.000000000000000000 ) ) ;
#6914 = ADVANCED_FACE ( 'NONE', ( #6057 ), #2509, .T. ) ;
#6915 = CARTESIAN_POINT ( 'NONE',  ( -0.1011042608530447612, -0.09833965794739356336, 0.05000000000000000278 ) ) ;
#6917 = EDGE_LOOP ( 'NONE', ( #205, #3908, #3624, #3009 ) ) ;
#6916 = VECTOR ( 'NONE', #5635, 1000.000000000000000 ) ;
#6918 = SURFACE_SIDE_STYLE ('',( #1673 ) ) ;
#6919 = EDGE_CURVE ( 'NONE', #2828, #1723, #5060, .T. ) ;
#6920 = DIRECTION ( 'NONE',  ( -2.065146995210484448E-16, 1.000000000000000000, -0.000000000000000000 ) ) ;
#6921 = CARTESIAN_POINT ( 'NONE',  ( 0.1402702342946281211, -0.04090640440929362714, 0.05000000000000000278 ) ) ;
#6922 = CARTESIAN_POINT ( 'NONE',  ( -1.050000000000000266, 0.8750000000000002220, 0.7500000000000000000 ) ) ;
#6923 = AXIS2_PLACEMENT_3D ( 'NONE', #5554, #301, #6716 ) ;
#6924 = CARTESIAN_POINT ( 'NONE',  ( 0.08330001647374379870, -0.06417510098865712720, 0.05000000000000000278 ) ) ;
#6925 = DIRECTION ( 'NONE',  ( 0.000000000000000000, 0.000000000000000000, -1.000000000000000000 ) ) ;
#6926 = DIRECTION ( 'NONE',  ( -1.000000000000000000, 5.560011140951313386E-16, 0.000000000000000000 ) ) ;
#6927 = VERTEX_POINT ( 'NONE', #1410 ) ;
#6928 = LINE ( 'NONE', #3272, #3230 ) ;
#6929 = STYLED_ITEM ( 'NONE', ( #6547 ), #1484 ) ;
#6930 = CARTESIAN_POINT ( 'NONE',  ( 0.1721479815769826338, -0.09926325071344067885, -0.000000000000000000 ) ) ;
#6931 = DIRECTION ( 'NONE',  ( 0.000000000000000000, 0.000000000000000000, -1.000000000000000000 ) ) ;
#6932 = B_SPLINE_CURVE_WITH_KNOTS ( 'NONE', 3,
 ( #5178, #6741, #3583, #1980, #2426, #6173, #2487, #6244, #2512, #3018, #6783, #3560, #5137, #2950, #861, #389, #6718, #3494, #1932 ),
 .UNSPECIFIED., .F., .F.,
 ( 4, 1, 1, 1, 1, 1, 1, 1, 1, 1, 1, 1, 1, 1, 1, 1, 4 ),
 ( 0.000000000000000000, 0.06432321657984212127, 0.1262901037035559781, 0.1867264692161328121, 0.2461464323353447503, 0.3055756426461386233, 0.3654293856180518829, 0.4263263089482600132, 0.4888399064006413997, 0.5517249718140473380, 0.6139185964661594275, 0.6754837657683966379, 0.7373338970992860952, 0.8002290443945266896, 0.8645022981233231318, 0.9310407391556975165, 1.000000000000000000 ),
 .UNSPECIFIED. ) ;
#6933 = CARTESIAN_POINT ( 'NONE',  ( -0.6700000000000003730, 0.2450000000000001066, 0.1499999999999999944 ) ) ;
#6934 = ORIENTED_EDGE ( 'NONE', *, *, #3751, .T. ) ;
#6935 = COLOUR_RGB ( '',0.5019607843137254832, 0.5019607843137254832, 0.000000000000000000 ) ;
#6936 = PRESENTATION_STYLE_ASSIGNMENT (( #1765 ) ) ;
#6937 = FILL_AREA_STYLE ('',( #6398 ) ) ;
#6938 = CARTESIAN_POINT ( 'NONE',  ( -0.09992653177065770331, -0.1051830657013136799, 0.000000000000000000 ) ) ;
#6939 = CARTESIAN_POINT ( 'NONE',  ( 0.2318577087814361337, -0.03981612662968277150, 0.05000000000000000278 ) ) ;
#6940 = VECTOR ( 'NONE', #1818, 1000.000000000000000 ) ;
#6941 = CARTESIAN_POINT ( 'NONE',  ( -0.001475624551897254926, -0.1295597163732725154, 0.05000000000000000278 ) ) ;
#6942 = ORIENTED_EDGE ( 'NONE', *, *, #1059, .T. ) ;
#6943 = UNCERTAINTY_MEASURE_WITH_UNIT (LENGTH_MEASURE( 1.000000000000000082E-05 ), #808, 'distance_accuracy_value', 'NONE');
#6944 = DIRECTION ( 'NONE',  ( -0.000000000000000000, 1.000000000000000000, -0.000000000000000000 ) ) ;
#6945 = ORIENTED_EDGE ( 'NONE', *, *, #5034, .T. ) ;
ENDSEC;
END-ISO-10303-21;
